participant_id,filename,condition,delta_ACtL_ACrL,delta_ACtL_ACaL,delta_ACtL_ACtR,delta_ACtL_ACrR,delta_ACtL_ACaR,delta_ACrL_ACaL,delta_ACrL_ACtR,delta_ACrL_ACrR,delta_ACrL_ACaR,delta_ACaL_ACtR,delta_ACaL_ACrR,delta_ACaL_ACaR,delta_ACtR_ACrR,delta_ACtR_ACaR,delta_ACrR_ACaR,theta_ACtL_ACrL,theta_ACtL_ACaL,theta_ACtL_ACtR,theta_ACtL_ACrR,theta_ACtL_ACaR,theta_ACrL_ACaL,theta_ACrL_ACtR,theta_ACrL_ACrR,theta_ACrL_ACaR,theta_ACaL_ACtR,theta_ACaL_ACrR,theta_ACaL_ACaR,theta_ACtR_ACrR,theta_ACtR_ACaR,theta_ACrR_ACaR,alpha_ACtL_ACrL,alpha_ACtL_ACaL,alpha_ACtL_ACtR,alpha_ACtL_ACrR,alpha_ACtL_ACaR,alpha_ACrL_ACaL,alpha_ACrL_ACtR,alpha_ACrL_ACrR,alpha_ACrL_ACaR,alpha_ACaL_ACtR,alpha_ACaL_ACrR,alpha_ACaL_ACaR,alpha_ACtR_ACrR,alpha_ACtR_ACaR,alpha_ACrR_ACaR,beta_ACtL_ACrL,beta_ACtL_ACaL,beta_ACtL_ACtR,beta_ACtL_ACrR,beta_ACtL_ACaR,beta_ACrL_ACaL,beta_ACrL_ACtR,beta_ACrL_ACrR,beta_ACrL_ACaR,beta_ACaL_ACtR,beta_ACaL_ACrR,beta_ACaL_ACaR,beta_ACtR_ACrR,beta_ACtR_ACaR,beta_ACrR_ACaR,highbeta_ACtL_ACrL,highbeta_ACtL_ACaL,highbeta_ACtL_ACtR,highbeta_ACtL_ACrR,highbeta_ACtL_ACaR,highbeta_ACrL_ACaL,highbeta_ACrL_ACtR,highbeta_ACrL_ACrR,highbeta_ACrL_ACaR,highbeta_ACaL_ACtR,highbeta_ACaL_ACrR,highbeta_ACaL_ACaR,highbeta_ACtR_ACrR,highbeta_ACtR_ACaR,highbeta_ACrR_ACaR,gamma_ACtL_ACrL,gamma_ACtL_ACaL,gamma_ACtL_ACtR,gamma_ACtL_ACrR,gamma_ACtL_ACaR,gamma_ACrL_ACaL,gamma_ACrL_ACtR,gamma_ACrL_ACrR,gamma_ACrL_ACaR,gamma_ACaL_ACtR,gamma_ACaL_ACrR,gamma_ACaL_ACaR,gamma_ACtR_ACrR,gamma_ACtR_ACaR,gamma_ACrR_ACaR,gender,age,age_group,age_group_edu,lang,lang_group,file_name
R16C28M6,R16C28m6_info1_250Hz_gu3_AEP.conn,gu3,0.3975380952380952,0.39633333333333326,0.4013571428571428,0.4012619047619048,0.3979095238095238,0.3872666666666667,0.39355714285714294,0.39768095238095236,0.41608571428571434,0.41055238095238095,0.4181333333333333,0.4225238095238095,0.4134380952380952,0.4140619047619048,0.420152380952381,0.38142,0.3836742857142857,0.38411428571428574,0.3804457142857142,0.38044,0.38126,0.3810742857142857,0.38079999999999997,0.37986000000000003,0.37389999999999995,0.3734057142857143,0.3682542857142857,0.3731171428571428,0.3716314285714286,0.3694542857142857,0.2778514285714285,0.2807028571428572,0.27934571428571425,0.2729428571428571,0.2717571428571429,0.2687114285714286,0.2668714285714286,0.26364857142857145,0.26398857142857135,0.2658371428571428,0.2615428571428572,0.25514857142857145,0.2602942857142857,0.2567457142857143,0.25345142857142855,0.29558775510204083,0.29821632653061225,0.2989102040816327,0.29887244897959186,0.2988214285714286,0.2947551020408163,0.295504081632653,0.2960224489795918,0.2976642857142857,0.3127132653061225,0.3119255102040816,0.3126489795918367,0.31100612244897957,0.3133377551020408,0.3105724489795918,0.24761190476190476,0.24789761904761906,0.24824285714285713,0.24870952380952382,0.24864285714285714,0.2491,0.24861428571428576,0.24673095238095236,0.24434047619047616,0.26099999999999995,0.2588666666666667,0.2569238095238095,0.26475476190476194,0.2645785714285714,0.25632142857142853,0.22561836734693877,0.22761020408163266,0.22948707482993194,0.23110476190476195,0.2310163265306122,0.22867755102040813,0.2291551020408163,0.2283020408163265,0.22759455782312926,0.23959183673469386,0.24196054421768706,0.24183061224489796,0.24069727891156464,0.2402095238095238,0.24236122448979594,Male,6,5-7,Elementary,C,C,R16C28m6_info1_250Hz_gu2_AEP.conn
R16C06B16,R16C06b16_info1_250Hz_gu3_AEP(1).conn,gu3,0.30610476190476194,0.29724761904761904,0.2932571428571428,0.2901809523809524,0.2889,0.3011523809523809,0.3017476190476191,0.29984761904761903,0.3337666666666667,0.3346761904761905,0.32861904761904764,0.3238428571428571,0.34588095238095234,0.3445666666666667,0.3326047619047619,0.3381314285714286,0.33604857142857136,0.3307485714285714,0.3233771428571429,0.32234,0.34030571428571427,0.3398657142857143,0.33781714285714287,0.33548285714285714,0.33855142857142867,0.3312971428571429,0.32700571428571423,0.3457800000000001,0.3433514285714286,0.33198000000000005,0.23625142857142856,0.23316285714285714,0.2296885714285714,0.22812571428571432,0.22852,0.24180285714285715,0.24087142857142857,0.23689428571428572,0.23358571428571429,0.24118857142857145,0.2387657142857143,0.24124571428571429,0.24767999999999998,0.2436657142857143,0.24223428571428576,0.3320571428571429,0.33402346938775507,0.3342510204081633,0.3333785714285714,0.3316632653061224,0.33417448979591835,0.3341989795918367,0.33506836734693873,0.335488775510204,0.35324183673469384,0.3508367346938775,0.3495377551020408,0.35213979591836736,0.3527724489795917,0.35088163265306127,0.237302380952381,0.23821904761904764,0.2380142857142857,0.23644047619047617,0.23490238095238092,0.24917380952380955,0.24374285714285715,0.24102619047619048,0.24178095238095235,0.2491190476190476,0.24658333333333335,0.24407857142857145,0.25680714285714284,0.2524380952380953,0.25056190476190476,0.2183210884353742,0.21846258503401358,0.21888095238095237,0.2153013605442177,0.21501496598639458,0.21963197278911567,0.21962108843537417,0.2174496598639456,0.2158482993197279,0.21293945578231294,0.21493877551020407,0.21481836734693877,0.21736870748299314,0.21559115646258506,0.21754829931972788,Male,16,Teen,Secondary,C,C,R16C06b16_info1_250Hz_gu2_AEP(1).conn
R16MME07GU_F10,R16mme07gu_f10_info1_250Hz_gu3_AEP.conn,gu3,0.3817238095238096,0.3964666666666667,0.38643809523809525,0.40145238095238095,0.37247142857142856,0.38095238095238093,0.3969095238095239,0.3747,0.42943333333333333,0.4350095238095238,0.42753809523809533,0.4408666666666667,0.43425714285714284,0.40709999999999996,0.4096857142857144,0.4097342857142857,0.4035,0.3980714285714286,0.41188,0.4112314285714286,0.4002314285714286,0.40438,0.4204257142857143,0.41484000000000004,0.40700000000000003,0.4059857142857143,0.4186114285714285,0.40336285714285713,0.4212885714285714,0.3966571428571429,0.3661857142857142,0.3538742857142857,0.3554914285714285,0.3719514285714286,0.37066571428571427,0.3802257142857143,0.3745742857142857,0.36806857142857147,0.3672028571428572,0.3773485714285715,0.3796885714285715,0.3881342857142857,0.37617428571428574,0.3718942857142856,0.38054,0.38258775510204085,0.3715285714285715,0.37413469387755105,0.37379489795918364,0.36988877551020405,0.3729020408163266,0.37005918367346935,0.37578163265306125,0.37525714285714284,0.39406734693877554,0.3973448979591838,0.393369387755102,0.38741734693877555,0.3933704081632653,0.3999010204081633,0.3369666666666667,0.3422642857142857,0.3327714285714286,0.33705,0.3344428571428571,0.3439261904761905,0.35558333333333336,0.3717119047619047,0.3645380952380952,0.35289047619047625,0.3436714285714286,0.34965952380952386,0.35223571428571426,0.36327380952380955,0.33818333333333334,0.23984081632653062,0.2457986394557823,0.24993877551020408,0.24599863945578232,0.2384455782312925,0.23592040816326526,0.2368122448979591,0.24349727891156453,0.24047142857142853,0.2512190476190476,0.2534625850340136,0.2480680272108844,0.24125102040816326,0.2477591836734693,0.2569367346938775,Female,10,8-12,Elementary,C,C,R16mme07gu_f10_info1_250Hz_gu2_AEP.conn
R16C18B7,R16C18b7_info1_250Hz_gu3_AEP.conn,gu3,0.32417142857142855,0.32348095238095237,0.3243857142857142,0.32284761904761905,0.3238809523809523,0.329147619047619,0.32603333333333334,0.32266190476190476,0.36455714285714286,0.3712380952380952,0.3745857142857143,0.3734,0.3764095238095238,0.3687238095238095,0.37850476190476195,0.3549285714285715,0.3485857142857142,0.3483342857142857,0.3492685714285715,0.35271714285714284,0.35609714285714283,0.35276857142857143,0.3496457142857142,0.3516914285714286,0.3527571428571429,0.35037714285714283,0.35096571428571427,0.35389714285714285,0.35372857142857145,0.35466571428571425,0.3287,0.3214142857142857,0.3223257142857143,0.3264314285714286,0.32746285714285717,0.33795142857142857,0.33471142857142855,0.3323,0.32766285714285714,0.33599428571428575,0.33616857142857137,0.33756571428571425,0.35129142857142853,0.34805428571428576,0.3484685714285714,0.3945561224489796,0.3962734693877551,0.3952183673469388,0.3943408163265306,0.394415306122449,0.40416122448979586,0.4010928571428571,0.3974438775510204,0.39623163265306116,0.4135581632653061,0.4112530612244898,0.40945000000000004,0.41889795918367356,0.41327142857142857,0.41266938775510204,0.3111690476190476,0.31844285714285714,0.32044761904761904,0.31849047619047616,0.3121904761904762,0.31034761904761904,0.3219571428571429,0.3368761904761905,0.3359047619047619,0.31945714285714283,0.32179047619047624,0.3225071428571428,0.3227571428571429,0.32936190476190474,0.324647619047619,0.2834986394557823,0.27794217687074835,0.27787551020408163,0.2787687074829932,0.2792034013605442,0.2835156462585034,0.27904557823129256,0.2773748299319727,0.2781360544217687,0.28165510204081634,0.2827598639455783,0.283543537414966,0.281730612244898,0.2818911564625851,0.2847714285714286,Male,7,5-7,Elementary,C,C,R16C18b7_info1_250Hz_gu2_AEP.conn
R16C19G8,R16C19g8_info1_250Hz_gu3_AEP.conn,gu3,0.2855714285714286,0.30066190476190474,0.2790619047619048,0.30391428571428575,0.28355714285714284,0.30145238095238097,0.3056857142857143,0.2911761904761904,0.35206190476190474,0.33470952380952373,0.3116428571428571,0.3355047619047619,0.34476666666666667,0.3325714285714286,0.28506666666666663,0.38596285714285716,0.39698,0.3859714285714286,0.39071428571428574,0.37533142857142854,0.3863,0.38647714285714285,0.3981228571428571,0.38077428571428573,0.38063142857142857,0.37416285714285713,0.37806285714285714,0.3611085714285714,0.3794285714285714,0.36240285714285714,0.28650857142857145,0.3102057142857143,0.3103742857142857,0.31050000000000005,0.29537142857142856,0.32703142857142853,0.34234285714285717,0.3095771428571429,0.2768771428571428,0.3100685714285714,0.3066371428571429,0.3083971428571429,0.33056857142857143,0.30553428571428565,0.3101714285714286,0.37426836734693875,0.36231020408163267,0.35179795918367346,0.3519867346938775,0.35801428571428573,0.35855000000000004,0.34036122448979594,0.34273571428571437,0.36755612244897967,0.3814642857142857,0.3704867346938775,0.3708183673469388,0.3673285714285714,0.3681387755102041,0.37155306122448983,0.30045238095238097,0.303,0.30572380952380956,0.3105238095238095,0.3120833333333333,0.30808809523809527,0.31625714285714285,0.3152761904761905,0.30129761904761904,0.2862142857142857,0.2860428571428571,0.28518333333333334,0.29924761904761904,0.2980238095238095,0.2772619047619047,0.2853578231292517,0.29766462585034015,0.29988775510204085,0.2905326530612245,0.2931040816326531,0.29168163265306124,0.29261904761904767,0.28607891156462584,0.2791292517006803,0.3117734693877551,0.3152204081632653,0.3051687074829933,0.30687278911564625,0.3002312925170068,0.3055748299319728,Female,8,8-12,Elementary,C,C,R16C19g8_info1_250Hz_gu2_AEP.conn
R16C36B6,R16C36b6_info1_250Hz_gu3_AEP.conn,gu3,0.26985238095238095,0.2749904761904762,0.2774666666666667,0.276347619047619,0.2745904761904762,0.27981428571428574,0.28054285714285715,0.2769714285714286,0.29625714285714283,0.2914380952380953,0.29480952380952385,0.29486666666666667,0.2957571428571429,0.2919095238095238,0.291347619047619,0.3074057142857143,0.31081714285714285,0.3095857142857143,0.30668285714285715,0.30396285714285715,0.3021257142857143,0.30034,0.3004171428571428,0.3003485714285714,0.30169428571428575,0.29907142857142854,0.2980542857142857,0.29837714285714284,0.30008,0.2938485714285714,0.2685257142857143,0.2666171428571429,0.26420000000000005,0.25946285714285716,0.2580514285714286,0.2534971428571428,0.2559,0.2555657142857143,0.25472857142857147,0.2559457142857143,0.25693428571428567,0.25473142857142855,0.2506114285714286,0.25319714285714284,0.25254857142857146,0.2936908163265306,0.29493775510204084,0.2949204081632653,0.2955428571428572,0.29377653061224496,0.29681632653061224,0.29737857142857144,0.2978877551020408,0.2975397959183673,0.30924387755102034,0.3105969387755102,0.31049591836734697,0.31167346938775514,0.31001326530612244,0.3072622448979591,0.2166357142857143,0.2155,0.20954523809523815,0.21257857142857142,0.2111880952380952,0.2168809523809524,0.21562619047619047,0.21497857142857144,0.2136357142857143,0.23275714285714286,0.2301952380952381,0.22988333333333333,0.23108571428571426,0.22826904761904765,0.2306142857142857,0.22650884353741496,0.22689115646258504,0.2270598639455782,0.2278482993197279,0.2267809523809523,0.22450748299319723,0.2253421768707483,0.22521836734693879,0.2261210884353741,0.23246666666666668,0.23276462585034013,0.23280272108843533,0.23296462585034014,0.23415306122448987,0.23677959183673472,Male,6,5-7,Elementary,C,C,R16C36b6_info1_250Hz_gu2_AEP.conn
M01Y09CB,M01y09cb_info1_250Hz_gu3_AEP.conn,gu3,0.3141809523809524,0.32769999999999994,0.33071904761904763,0.329247619047619,0.32652857142857145,0.32788571428571434,0.3220904761904762,0.3191190476190476,0.3588047619047619,0.3537380952380953,0.3563857142857143,0.35708571428571423,0.35031428571428574,0.3433523809523809,0.3410809523809524,0.3769085714285715,0.3697828571428571,0.36608857142857143,0.36403428571428575,0.3639285714285714,0.3733542857142857,0.3809571428571429,0.3787028571428571,0.37588285714285713,0.3774771428571429,0.37201142857142855,0.37127999999999994,0.3850057142857143,0.3822828571428571,0.3732114285714286,0.3774342857142857,0.38123714285714283,0.3832485714285715,0.38023714285714283,0.3740914285714286,0.3566114285714285,0.3599857142857143,0.3625971428571429,0.3757571428571429,0.3842,0.3828,0.37607142857142856,0.35764571428571423,0.3643828571428571,0.37554571428571426,0.40285306122448983,0.4008397959183673,0.399819387755102,0.3971969387755102,0.39902040816326523,0.39732551020408163,0.39724795918367345,0.39239591836734694,0.3952551020408164,0.4256367346938776,0.42281836734693884,0.4199948979591836,0.4176734693877551,0.4165826530612244,0.42471734693877555,0.29096666666666665,0.2952047619047619,0.2930261904761905,0.2897952380952381,0.2885261904761905,0.29137857142857143,0.2959666666666667,0.2875761904761905,0.28245476190476193,0.29329761904761903,0.29049285714285716,0.285952380952381,0.3011714285714286,0.29691904761904764,0.2871809523809524,0.29511768707482994,0.29650272108843534,0.2960265306122449,0.29651088435374146,0.29262448979591843,0.28584081632653063,0.28627210884353743,0.2880095238095238,0.29203537414965985,0.30325238095238094,0.29951972789115644,0.29853129251700683,0.29599727891156463,0.2969142857142857,0.29843401360544214,Female,9,8-12,Elementary,C,C,M01y09cb_info1_250Hz_gu2_AEP.conn
R16C26F10,R16C26f10_info1_250Hz_gu3_AEP.conn,gu3,0.2797285714285714,0.282847619047619,0.281747619047619,0.2815714285714286,0.2787095238095238,0.28460476190476186,0.28321428571428564,0.2801857142857143,0.3098714285714286,0.3137714285714286,0.3095904761904762,0.30693333333333334,0.30639523809523805,0.30070476190476186,0.2942666666666667,0.3227685714285714,0.3193257142857143,0.31800571428571434,0.32021714285714287,0.32192571428571426,0.32631714285714286,0.3288228571428572,0.33049142857142855,0.33233999999999997,0.3247542857142857,0.32358285714285717,0.32284285714285715,0.3268942857142857,0.32582285714285714,0.3284857142857143,0.2321857142857143,0.22977428571428576,0.23054000000000002,0.23591142857142855,0.24191142857142856,0.23348,0.23703142857142862,0.24079714285714288,0.24542857142857147,0.2294142857142857,0.22986571428571428,0.22758857142857147,0.23297428571428572,0.23297999999999996,0.23613142857142858,0.30362755102040817,0.30270714285714284,0.3002020408163265,0.3029142857142858,0.3087408163265306,0.3042489795918368,0.30380102040816326,0.301280612244898,0.3017357142857143,0.31292551020408166,0.3139346938775511,0.31476224489795923,0.31887040816326534,0.31608265306122446,0.3218520408163265,0.3041357142857143,0.303102380952381,0.3032047619047619,0.29824047619047617,0.29697857142857137,0.2918142857142857,0.29441904761904764,0.2895,0.2897952380952381,0.3116238095238095,0.31140952380952386,0.3100714285714286,0.30855000000000005,0.30688095238095237,0.31297619047619046,0.21198231292517003,0.21351836734693877,0.21551632653061223,0.21694965986394557,0.21645986394557826,0.2146108843537415,0.215243537414966,0.21298163265306125,0.213556462585034,0.2208238095238095,0.220030612244898,0.2205795918367347,0.22558979591836742,0.22325510204081628,0.22482653061224486,Female,10,8-12,Elementary,C,C,R16C26f10_info1_250Hz_gu2_AEP.conn
R16C23B5,R16C23b5_info1_250Hz_gu3_AEP.conn,gu3,0.25844761904761904,0.25860476190476195,0.26273333333333326,0.2652095238095238,0.26884761904761906,0.2437904761904762,0.2543952380952381,0.2643095238095238,0.3087619047619048,0.28586190476190476,0.2914428571428571,0.29669523809523807,0.28287142857142855,0.29127142857142857,0.2877809523809524,0.3186457142857143,0.31552857142857144,0.31183714285714287,0.30908285714285716,0.31314000000000003,0.30775714285714284,0.3097085714285714,0.3132857142857143,0.31542285714285717,0.3150542857142858,0.3114828571428572,0.30602,0.30969714285714284,0.31076000000000004,0.30549428571428566,0.3030771428571429,0.3007942857142857,0.2995771428571429,0.2980885714285714,0.29892571428571424,0.29466,0.2921142857142857,0.2913428571428571,0.29089142857142863,0.3010342857142857,0.3004057142857143,0.2924714285714286,0.2940057142857143,0.2920457142857143,0.2924142857142857,0.3557826530612244,0.3561163265306123,0.357130612244898,0.3567959183673469,0.3558663265306122,0.3537632653061225,0.3539163265306122,0.3551520408163266,0.35588367346938776,0.3719102040816326,0.3719255102040817,0.37206938775510207,0.3714204081632654,0.3709020408163265,0.3711061224489796,0.2909738095238095,0.2885357142857143,0.28675476190476196,0.28998095238095245,0.29524047619047616,0.2891095238095238,0.2882619047619048,0.2945095238095238,0.2986095238095238,0.30666666666666664,0.29979285714285714,0.30009761904761906,0.3099119047619048,0.30763095238095245,0.29433809523809523,0.2647027210884354,0.2645918367346939,0.2633965986394558,0.2622142857142858,0.2618224489795919,0.25949183673469395,0.2605421768707483,0.2611448979591837,0.26231496598639453,0.2646925170068027,0.2628326530612245,0.262787074829932,0.2643496598639456,0.26711768707482997,0.25834761904761905,Male,5,5-7,Elementary,C,C,R16C23b5_info1_250Hz_gu2_AEP.conn
R16C09B08,R16C09b08_info1_250Hz_gu3_AEP.conn,gu3,0.24600952380952382,0.24694761904761905,0.2472,0.2510095238095238,0.2509238095238095,0.2604714285714285,0.26270476190476194,0.2617809523809524,0.29605714285714285,0.28914285714285715,0.2889238095238095,0.2938380952380953,0.29397619047619045,0.2929666666666667,0.2870142857142857,0.3176685714285714,0.3214885714285714,0.3252342857142857,0.3250485714285714,0.32451714285714284,0.3121857142857143,0.3129885714285714,0.31208285714285716,0.31526571428571426,0.31516571428571427,0.3175828571428571,0.31442000000000003,0.30689714285714287,0.30353714285714284,0.3083885714285714,0.28488285714285716,0.28352285714285713,0.2838171428571429,0.28450857142857144,0.28644000000000003,0.26772285714285715,0.2704485714285715,0.2761,0.2819628571428571,0.2759028571428571,0.27871428571428575,0.27835714285714286,0.2713571428571429,0.27332,0.2790942857142857,0.3512908163265306,0.3530469387755102,0.3540489795918367,0.35246224489795913,0.3501714285714286,0.3546275510204082,0.35609081632653067,0.35825,0.35642959183673467,0.36936122448979586,0.36973367346938774,0.36822653061224486,0.37494999999999995,0.374634693877551,0.37180102040816326,0.28546190476190475,0.2871047619047619,0.2879309523809524,0.28775,0.28476666666666667,0.28759523809523807,0.28894523809523803,0.29240952380952384,0.2890119047619048,0.30609761904761906,0.3046642857142857,0.3026690476190476,0.3090547619047619,0.3073238095238095,0.30826666666666663,0.22259115646258507,0.22436530612244895,0.22466802721088436,0.22455034013605446,0.22352653061224495,0.22155850340136052,0.22034081632653063,0.21975306122448976,0.21916938775510206,0.23213605442176874,0.23159115646258505,0.23046394557823136,0.2275401360544217,0.2283170068027211,0.23043673469387754,Male,8,8-12,Elementary,C,C,R16C09b08_info1_250Hz_gu2_AEP.conn
R16C39B10,R16C39b10_info1_250Hz_gu3_AEP.conn,gu3,0.34219523809523816,0.34017619047619047,0.345947619047619,0.3476761904761904,0.3501476190476191,0.3420666666666667,0.3406666666666667,0.34047142857142854,0.37335238095238094,0.37349999999999994,0.3768666666666667,0.3751571428571429,0.37489047619047616,0.3760761904761905,0.375547619047619,0.4088914285714286,0.4086657142857143,0.4093685714285714,0.4052257142857143,0.40732285714285715,0.4086314285714286,0.40637428571428574,0.40650285714285717,0.4087142857142857,0.40262285714285717,0.40284000000000003,0.39478285714285716,0.40111428571428565,0.39946857142857145,0.40574000000000005,0.3368142857142857,0.3383742857142857,0.34308,0.3434285714285714,0.3479971428571429,0.3396828571428571,0.33594857142857143,0.3365742857142857,0.33812857142857144,0.32596857142857144,0.3297771428571429,0.3286857142857143,0.32584857142857143,0.32676571428571427,0.3245171428571429,0.3362744897959184,0.33882040816326525,0.342030612244898,0.34172142857142856,0.3395173469387756,0.3386969387755102,0.34087755102040823,0.33993367346938774,0.337819387755102,0.3537244897959183,0.35712448979591843,0.357019387755102,0.35692142857142856,0.354619387755102,0.35392857142857137,0.26544047619047617,0.2638357142857143,0.2644595238095238,0.2617619047619048,0.2610142857142857,0.2731523809523809,0.2701880952380952,0.2641880952380952,0.2589142857142857,0.26278333333333337,0.2658738095238095,0.2649309523809524,0.2663833333333333,0.2595619047619047,0.2696404761904762,0.2201748299319728,0.22240748299319724,0.22447142857142857,0.22243333333333334,0.22186598639455785,0.22295034013605447,0.22444353741496598,0.22469455782312925,0.2228904761904762,0.22828843537414964,0.2299074829931973,0.2278095238095238,0.2313517006802721,0.2314904761904762,0.23238503401360544,Male,10,8-12,Elementary,C,C,R16C39b10_info1_250Hz_gu2_AEP.conn
R16C35B06,R16C35b06_info1_250Hz_gu3_AEP.conn,gu3,0.3045333333333333,0.3059809523809524,0.306195238095238,0.3037571428571429,0.3011238095238095,0.307847619047619,0.30893333333333334,0.31093333333333334,0.3476523809523809,0.34089523809523814,0.3416857142857143,0.3407380952380952,0.3427952380952381,0.34343809523809526,0.35106666666666664,0.37588857142857146,0.37349714285714286,0.37025142857142856,0.36966571428571426,0.36926000000000003,0.38035142857142856,0.37759428571428566,0.3755342857142857,0.3735057142857143,0.3857285714285714,0.3815,0.37973142857142855,0.38814000000000004,0.38473999999999997,0.38752,0.3609171428571428,0.3596571428571429,0.3602485714285714,0.3616857142857143,0.3635,0.3586057142857143,0.35876,0.35903428571428575,0.3604171428571429,0.36414571428571424,0.36420571428571424,0.3662571428571429,0.35979428571428573,0.36271714285714285,0.3616142857142857,0.3942775510204082,0.39412448979591846,0.39615816326530606,0.39835204081632664,0.39883265306122456,0.39414081632653064,0.39406428571428564,0.3922948979591837,0.39363571428571426,0.4100867346938776,0.4108081632653061,0.41238163265306127,0.4093377551020408,0.41082040816326526,0.4103816326530612,0.282297619047619,0.2802428571428571,0.27796666666666664,0.27798809523809526,0.28049761904761905,0.28106904761904766,0.28162142857142863,0.27587142857142855,0.2741809523809524,0.27860714285714283,0.2755214285714286,0.2751142857142857,0.2779690476190476,0.27650714285714284,0.28096666666666664,0.26740680272108847,0.2668544217687075,0.26505782312925175,0.2639503401360544,0.26582040816326524,0.2686013605442177,0.268678231292517,0.26742108843537404,0.26773945578231295,0.2736299319727892,0.2716013605442177,0.2705448979591837,0.2727544217687075,0.27223877551020415,0.2759197278911565,Male,6,5-7,Elementary,C,C,R16C35b06_info1_250Hz_gu2_AEP.conn
R16C05B13,R16C05b13_info1_250Hz_gu3_AEP.conn,gu3,0.2855904761904762,0.28313809523809524,0.2855190476190476,0.2930952380952381,0.295,0.28983809523809523,0.2846761904761905,0.2823809523809524,0.3134333333333333,0.3061904761904762,0.3045571428571429,0.31316666666666665,0.31742380952380955,0.3193523809523809,0.3070523809523809,0.32781142857142853,0.3288885714285715,0.3314971428571428,0.33673142857142857,0.33822,0.32775714285714286,0.32219428571428577,0.31936,0.3239828571428571,0.31476857142857145,0.31422571428571433,0.3179428571428572,0.31503714285714285,0.31278285714285714,0.3096742857142857,0.20440857142857144,0.2069142857142857,0.20867142857142856,0.2081714285714286,0.2076228571428571,0.20727714285714285,0.2034628571428571,0.1964,0.1979857142857143,0.19962000000000002,0.20264571428571432,0.20501714285714287,0.19944571428571428,0.19236857142857144,0.19665714285714284,0.2738816326530612,0.2714051020408163,0.27097551020408167,0.27005816326530613,0.26985714285714285,0.2672581632653061,0.26796326530612247,0.2697357142857143,0.2726969387755102,0.28754285714285716,0.2863897959183674,0.2874408163265306,0.28843877551020414,0.2881387755102041,0.2849734693877551,0.24797142857142854,0.2427547619047619,0.24360238095238096,0.24536904761904763,0.2422809523809524,0.24320714285714284,0.24779761904761902,0.24914761904761903,0.25328095238095233,0.2520142857142857,0.2514404761904762,0.254052380952381,0.2591785714285714,0.26270476190476194,0.24650000000000002,0.23170000000000002,0.2334659863945579,0.2320319727891157,0.23245374149659867,0.23371496598639452,0.23049727891156463,0.23209387755102043,0.23150136054421772,0.23285306122448976,0.23815714285714293,0.23712176870748294,0.2355170068027211,0.2374156462585034,0.23794761904761905,0.23373605442176867,Male,13,Teen,Secondary,C,C,R16C05b13_info1_250Hz_gu2_AEP.conn
R16C17B6,R16C17b6_info1_250Hz_gu3_AEP.conn,gu3,0.2820619047619048,0.2750904761904762,0.27375238095238097,0.28250476190476187,0.2825380952380952,0.2693952380952381,0.257052380952381,0.2509238095238095,0.27711904761904765,0.30421428571428577,0.304852380952381,0.30556190476190476,0.2759285714285714,0.2697714285714286,0.30025238095238094,0.3357,0.33422285714285715,0.32652571428571425,0.31873142857142855,0.3169314285714286,0.32219428571428577,0.3298285714285714,0.32268285714285716,0.3135171428571429,0.3284142857142857,0.32374285714285717,0.31182000000000004,0.3283314285714286,0.32434285714285715,0.31836000000000003,0.2996857142857143,0.3032685714285715,0.30478571428571427,0.29695142857142864,0.2931171428571428,0.2750314285714286,0.27235714285714285,0.26724285714285717,0.28037428571428574,0.29316285714285717,0.2898942857142857,0.2828742857142857,0.27412285714285717,0.2667285714285714,0.2862314285714286,0.31312448979591834,0.3172448979591836,0.32077857142857136,0.31983163265306125,0.3166622448979592,0.3117938775510204,0.3178683673469388,0.3199867346938777,0.3148734693877552,0.32873163265306127,0.3349734693877551,0.3325234693877551,0.3329255102040816,0.3312367346938775,0.33487551020408163,0.29069761904761904,0.2918428571428571,0.2945928571428571,0.29737380952380954,0.2955714285714286,0.29803571428571424,0.29070238095238093,0.2861714285714286,0.2883952380952381,0.30335952380952386,0.30338095238095236,0.3030738095238095,0.309547619047619,0.30523809523809525,0.3030714285714286,0.2462047619047619,0.23774353741496596,0.23505170068027206,0.2364061224489796,0.23807551020408166,0.2429469387755102,0.24184217687074824,0.2398700680272109,0.23728095238095237,0.2446659863945578,0.24273809523809525,0.24251156462585036,0.2457591836734694,0.2446047619047619,0.24570952380952382,Male,6,5-7,Elementary,C,C,R16C17b6_info1_250Hz_gu2_AEP.conn
R16M09G18,R16M09g18_info1_250Hz_gu3_AEP.conn,gu3,0.3228904761904762,0.32744285714285715,0.3257571428571429,0.3219714285714286,0.3221714285714286,0.3236142857142857,0.32427142857142854,0.32446190476190473,0.36233809523809524,0.36768571428571434,0.3659857142857143,0.36207619047619044,0.3572952380952381,0.3604904761904762,0.36330476190476196,0.35770857142857143,0.36296,0.3630742857142858,0.3556228571428572,0.35135428571428573,0.3559685714285714,0.35268000000000005,0.34713428571428573,0.3429142857142857,0.36120857142857143,0.3592314285714286,0.3514771428571429,0.35373142857142853,0.3506742857142857,0.35576857142857143,0.2648028571428571,0.26470285714285713,0.2678142857142857,0.2726142857142857,0.2789771428571429,0.26593428571428573,0.2674314285714286,0.26786,0.26939714285714284,0.25750285714285714,0.2594371428571428,0.2626171428571429,0.26148571428571427,0.26318571428571425,0.25777428571428573,0.2912520408163265,0.29025408163265304,0.2933132653061224,0.29517755102040816,0.2936755102040816,0.2956948979591837,0.294234693877551,0.29181122448979585,0.2885418367346939,0.3104295918367347,0.31247244897959187,0.31376428571428566,0.310815306122449,0.30652755102040813,0.31257448979591845,0.29484285714285713,0.2893428571428571,0.28427142857142856,0.2826595238095238,0.2847547619047619,0.2950714285714286,0.2928547619047619,0.2895809523809524,0.2889,0.3153214285714286,0.31274761904761905,0.3094904761904762,0.310802380952381,0.3052714285714286,0.3168642857142857,0.2605748299319728,0.26218979591836733,0.2636489795918367,0.26481360544217686,0.2640530612244898,0.2600272108843538,0.25929183673469386,0.25951768707482986,0.26234557823129245,0.26599659863945574,0.26756530612244905,0.2670054421768708,0.2626809523809524,0.26363605442176874,0.27034285714285716,Female,18,Teen,Secondary,C,C,R16M09g18_info1_250Hz_gu2_AEP.conn
R16C11B09,R16C11b09_info1_250Hz_gu3_AEP.conn,gu3,0.4805,0.48110476190476187,0.4806047619047619,0.4817952380952381,0.48653809523809527,0.5011428571428571,0.5004142857142857,0.4992190476190477,0.5029142857142858,0.5009619047619047,0.49932380952380956,0.499252380952381,0.5144666666666667,0.5131,0.5112428571428572,0.49633142857142853,0.4974571428571428,0.4998314285714286,0.50302,0.50888,0.5009085714285713,0.5045971428571427,0.5067228571428573,0.5075457142857143,0.4885657142857142,0.4882028571428571,0.49072571428571427,0.49657428571428575,0.5004342857142857,0.48702000000000006,0.42136571428571434,0.41706571428571426,0.4144771428571429,0.41551428571428567,0.41779714285714287,0.4222257142857143,0.42286857142857137,0.4201771428571428,0.42218285714285714,0.4092885714285714,0.40671428571428575,0.4035285714285714,0.4143714285714286,0.41094857142857144,0.4054285714285714,0.484161224489796,0.4846316326530612,0.48466530612244896,0.48206020408163264,0.4810387755102041,0.4872489795918367,0.48915408163265306,0.48821122448979587,0.48946428571428574,0.5013918367346939,0.5019591836734694,0.49968673469387753,0.5068020408163265,0.5059520408163266,0.5046418367346939,0.36290952380952385,0.36225714285714283,0.3595690476190476,0.3636190476190477,0.367047619047619,0.37023333333333336,0.37136428571428576,0.3677047619047619,0.37137142857142863,0.3545500000000001,0.35620476190476186,0.3622714285714286,0.3588119047619047,0.3575238095238095,0.36383809523809524,0.37769863945578236,0.37751156462585034,0.3786557823129252,0.3793714285714285,0.3782401360544218,0.38169523809523803,0.3813448979591836,0.379125850340136,0.3784986394557824,0.38337278911564626,0.38391360544217695,0.384525850340136,0.3849,0.38203537414965993,0.38717959183673467,Male,9,8-12,Elementary,C,C,R16C11b09_info1_250Hz_gu2_AEP.conn
R16C14B07,R16C14b07_info1_250Hz_gu3_AEP.conn,gu3,0.3615190476190476,0.36442380952380954,0.3668952380952381,0.36396190476190476,0.35854761904761906,0.3487047619047619,0.3499714285714286,0.34948571428571423,0.3821095238095238,0.38352857142857144,0.3817619047619048,0.37951428571428575,0.37823809523809526,0.37664761904761906,0.37229523809523807,0.36852571428571435,0.37181142857142857,0.3742599999999999,0.3731228571428571,0.37258571428571435,0.36920285714285705,0.36426,0.36506,0.3702485714285714,0.3677714285714286,0.36719999999999997,0.3615457142857143,0.36215714285714284,0.3621371428571429,0.3671514285714285,0.35226571428571424,0.35131714285714283,0.3475685714285714,0.34495714285714285,0.3465885714285714,0.34817714285714285,0.3443942857142857,0.3424542857142857,0.34563428571428567,0.3531685714285714,0.3500885714285714,0.3427085714285714,0.34156285714285717,0.34069714285714287,0.35135142857142865,0.3993397959183674,0.39927959183673467,0.3991204081632652,0.39993367346938774,0.4007979591836735,0.40011122448979586,0.3996704081632654,0.3960367346938776,0.3962714285714286,0.4160714285714286,0.4165755102040817,0.41847142857142866,0.41644693877551026,0.41625612244897964,0.4189275510204081,0.28058809523809525,0.2871166666666667,0.2921547619047619,0.29491428571428574,0.2944642857142857,0.28463333333333335,0.2869809523809524,0.2826309523809524,0.2852404761904762,0.2979714285714285,0.30693809523809523,0.309802380952381,0.29413809523809525,0.2945857142857143,0.30313809523809526,0.2857598639455782,0.28427142857142856,0.2865687074829932,0.2891231292517007,0.28972448979591836,0.28246258503401356,0.2839034013605442,0.28719727891156455,0.2889285714285714,0.286130612244898,0.28867959183673464,0.291943537414966,0.28694421768707484,0.29095374149659864,0.2922326530612244,Male,7,5-7,Elementary,C,C,R16C14b07_info1_250Hz_gu2_AEP.conn
R16C34B06,R16C34b06_info1_250Hz_gu3_AEP.conn,gu3,0.37859523809523815,0.37209523809523803,0.3685809523809524,0.3679428571428571,0.36867142857142854,0.3670333333333334,0.3646857142857143,0.368452380952381,0.39051428571428565,0.3981142857142857,0.3974904761904761,0.39207619047619047,0.38219047619047625,0.3898761904761905,0.40040476190476193,0.3520428571428571,0.35134857142857145,0.3486514285714286,0.34515428571428575,0.34415999999999997,0.3509942857142857,0.34561714285714285,0.34325142857142865,0.3466542857142857,0.3441657142857143,0.34346,0.3414771428571428,0.33669142857142864,0.33512,0.34305142857142856,0.24634571428571425,0.24948,0.25183999999999995,0.24788571428571426,0.2467257142857143,0.25219714285714284,0.2524857142857143,0.2507942857142857,0.24943428571428566,0.24053714285714287,0.24523999999999999,0.24366857142857143,0.24409714285714287,0.24381142857142857,0.24389142857142856,0.3379571428571429,0.3369897959183673,0.336669387755102,0.33517346938775505,0.335265306122449,0.34091938775510205,0.34029489795918366,0.3379040816326531,0.3374132653061225,0.35347857142857136,0.35257551020408157,0.35216122448979587,0.3557459183673469,0.35560918367346944,0.3558204081632654,0.2612952380952381,0.2638333333333333,0.26415952380952384,0.26365238095238097,0.2661,0.26494761904761904,0.2633809523809524,0.25955,0.2624,0.2711976190476191,0.27154047619047617,0.2727404761904762,0.27153809523809525,0.2713452380952381,0.2697404761904762,0.2497421768707483,0.24944761904761903,0.25013673469387754,0.2503755102040816,0.2517054421768708,0.24987687074829928,0.24991156462585032,0.24854761904761905,0.24814285714285716,0.25865578231292513,0.2583197278911564,0.2591482993197278,0.25901972789115646,0.2575721088435373,0.2606462585034014,Male,6,5-7,Elementary,C,C,R16C34b06_info1_250Hz_gu2_AEP.conn
R16C31B07,R16C31b07_info1_250Hz_gu3_AEP.conn,gu3,0.34704761904761905,0.34232380952380953,0.3352666666666666,0.3285333333333334,0.32730476190476193,0.33943809523809526,0.33694285714285716,0.3358952380952381,0.3583809523809524,0.35623333333333335,0.3488476190476191,0.3412523809523809,0.35076666666666667,0.35070952380952375,0.34385238095238096,0.3640542857142857,0.36337142857142857,0.3608371428571429,0.3574171428571429,0.35315714285714284,0.36511714285714286,0.36453428571428576,0.3614828571428571,0.36269428571428575,0.35737428571428576,0.35248571428571424,0.3496485714285714,0.3614457142857143,0.35852,0.3545771428571428,0.2495485714285714,0.24836,0.24362571428571428,0.23973428571428573,0.24029142857142854,0.2456028571428571,0.24353714285714284,0.24000571428571432,0.24207428571428574,0.23595428571428573,0.23177142857142857,0.23199428571428574,0.23686000000000001,0.23516571428571428,0.2347142857142857,0.275084693877551,0.27494387755102045,0.27599591836734694,0.2749316326530612,0.2724979591836735,0.27819897959183676,0.2778724489795919,0.2732663265306123,0.2710051020408163,0.2836244897959183,0.28289387755102047,0.28245714285714285,0.2871255102040816,0.28390510204081637,0.28165204081632655,0.24475714285714287,0.2411095238095238,0.23647857142857143,0.23662857142857144,0.2393880952380952,0.2491,0.24881428571428574,0.24182619047619044,0.23871666666666666,0.2440404761904762,0.24207142857142858,0.24417380952380954,0.2546404761904762,0.25375,0.24157142857142858,0.19836190476190474,0.1972312925170068,0.19873401360544216,0.20171496598639457,0.20142380952380956,0.1924197278911565,0.192843537414966,0.19366190476190479,0.19689183673469385,0.20484149659863943,0.20626870748299317,0.20819455782312926,0.20262925170068027,0.2047244897959184,0.20961564625850343,Male,7,5-7,Elementary,C,C,R16C31b07_info1_250Hz_gu2_AEP.conn
R16C21G7,R16C21g7_info1_250Hz_gu3_AEP.conn,gu3,0.3042285714285714,0.30116666666666675,0.28547619047619044,0.2791666666666667,0.2809857142857143,0.2877285714285715,0.27576190476190476,0.2782238095238095,0.3083238095238095,0.32066190476190476,0.30575714285714284,0.2962238095238095,0.31018095238095245,0.314147619047619,0.3069523809523809,0.31724,0.3209771428571429,0.32143714285714287,0.31817142857142855,0.3124685714285714,0.33526,0.33174000000000003,0.32188,0.31486,0.3146514285714285,0.31561142857142854,0.31473999999999996,0.32192,0.3168685714285714,0.3127885714285714,0.2282285714285714,0.23024,0.2157142857142857,0.21068571428571428,0.2124942857142857,0.23178285714285712,0.23354,0.23639714285714283,0.23529999999999998,0.2258314285714286,0.21736000000000005,0.21329714285714285,0.21152857142857143,0.21645714285714285,0.20966857142857145,0.2826081632653061,0.2851316326530612,0.27984489795918366,0.2805612244897959,0.28133775510204084,0.2787295918367346,0.2792306122448979,0.28255816326530614,0.2860469387755102,0.29960306122448976,0.2982928571428572,0.2961244897959183,0.2947714285714286,0.2978040816326531,0.2989785714285714,0.2521357142857143,0.25238333333333335,0.25404047619047615,0.25416666666666665,0.2501785714285714,0.25081666666666663,0.24680476190476194,0.25006904761904764,0.25610714285714287,0.2884809523809524,0.28772619047619047,0.28646666666666665,0.27743333333333337,0.2779214285714286,0.28449285714285716,0.25020068027210884,0.24616326530612243,0.2455734693877551,0.24533741496598638,0.24747210884353746,0.23946530612244898,0.23904965986394555,0.2415231292517007,0.2455693877551021,0.24920408163265306,0.2507469387755102,0.25181020408163274,0.2447421768707483,0.24895374149659869,0.24895034013605447,Female,7,5-7,Elementary,C,C,R16C21g7_info1_250Hz_gu2_AEP.conn
R16C29F9,R16C29f9_info1_250Hz_gu3_AEP.conn,gu3,0.2875190476190476,0.29186666666666666,0.2965380952380952,0.29322380952380955,0.29495714285714286,0.2967380952380953,0.30106666666666665,0.30536666666666673,0.32124761904761906,0.31219523809523814,0.3145809523809524,0.3128142857142857,0.3160571428571428,0.3213,0.3162857142857143,0.30488,0.29966857142857145,0.2965142857142857,0.29683714285714285,0.30071142857142863,0.30495714285714287,0.30809428571428565,0.3065914285714286,0.3108314285714286,0.29549714285714285,0.2928314285714286,0.2960857142857143,0.3016657142857143,0.30187714285714284,0.29798571428571424,0.2491457142857143,0.24849714285714283,0.24575142857142857,0.24301714285714288,0.24172857142857146,0.23927714285714288,0.23301714285714287,0.2285742857142857,0.2367857142857143,0.23155714285714285,0.22986571428571426,0.22936285714285715,0.2170485714285714,0.21470857142857142,0.22880571428571428,0.31331224489795917,0.31322959183673466,0.3178142857142857,0.3183204081632653,0.3196938775510204,0.31669795918367344,0.31786224489795917,0.3161673469387755,0.31635816326530614,0.32887244897959184,0.3336122448979592,0.3340642857142857,0.3323561224489796,0.33088163265306125,0.3340887755102041,0.2554214285714285,0.2539095238095238,0.24912857142857145,0.24305714285714283,0.24199523809523812,0.2513095238095238,0.2521952380952381,0.25157142857142856,0.2426785714285714,0.25806904761904764,0.25792857142857145,0.25450476190476196,0.2634619047619048,0.2641547619047619,0.25694047619047616,0.18920952380952383,0.19002448979591838,0.1869965986394558,0.186491156462585,0.18625238095238095,0.1923727891156463,0.19180408163265308,0.18888231292517002,0.18894081632653062,0.19706802721088434,0.19328911564625853,0.1933224489795918,0.19714081632653058,0.1940877551020408,0.19468231292517005,Female,9,8-12,Elementary,C,C,R16C29f9_info1_250Hz_gu2_AEP.conn
R16C25B5,R16C25b5_info1_250Hz_gu3_AEP.conn,gu3,0.3289666666666667,0.3260809523809524,0.3270714285714286,0.3258761904761905,0.325147619047619,0.31824761904761906,0.320552380952381,0.32280000000000003,0.34443809523809527,0.33951904761904766,0.3454190476190477,0.3471809523809523,0.35706190476190475,0.35738571428571425,0.35080952380952374,0.3746057142857143,0.3764142857142857,0.3776085714285715,0.37434571428571434,0.3734171428571428,0.3732657142857143,0.37530857142857144,0.3768514285714285,0.37742571428571436,0.35818571428571433,0.3632485714285715,0.36481142857142856,0.36301142857142854,0.3665171428571428,0.3610942857142857,0.2655457142857143,0.26144285714285714,0.2609714285714286,0.26199428571428574,0.26145714285714283,0.25749714285714287,0.2508057142857143,0.2527857142857143,0.2569057142857143,0.2465485714285714,0.24781428571428568,0.24799714285714286,0.24603999999999998,0.24593714285714285,0.2463457142857143,0.29948673469387754,0.2974663265306123,0.2965448979591837,0.29663367346938774,0.29723061224489805,0.2948520408163265,0.29465816326530614,0.2977438775510204,0.3010602040816327,0.31091938775510203,0.3116418367346938,0.31251734693877553,0.31332653061224486,0.3129591836734694,0.3107795918367347,0.2847666666666666,0.28074523809523805,0.2771642857142857,0.27259761904761903,0.26501428571428576,0.2628833333333333,0.2668642857142857,0.26765,0.26739285714285715,0.2624190476190476,0.26562380952380954,0.2649809523809524,0.265147619047619,0.26462380952380954,0.26780714285714285,0.2197850340136054,0.21798775510204085,0.21642448979591836,0.21884217687074828,0.2202360544217687,0.214187074829932,0.2168251700680272,0.21901496598639456,0.21964761904761906,0.2224775510204082,0.22064149659863944,0.22207346938775507,0.2238156462585034,0.2259965986394557,0.22178843537414966,Male,5,5-7,Elementary,C,C,R16C25b5_info1_250Hz_gu2_AEP.conn
R16C32B08,R16C32b08_info1_250Hz_gu3_AEP.conn,gu3,0.40867619047619047,0.41266190476190484,0.4097142857142857,0.4151714285714285,0.4149619047619047,0.4179142857142857,0.42580952380952386,0.4301714285714286,0.47255714285714284,0.46770952380952385,0.46612380952380955,0.46958571428571433,0.4745095238095238,0.4800142857142857,0.47297142857142854,0.44238857142857146,0.43907428571428575,0.4366742857142857,0.4397057142857143,0.43726285714285706,0.44629714285714284,0.4463857142857143,0.44700000000000006,0.44354571428571427,0.4454028571428571,0.4436457142857143,0.4477257142857143,0.44582285714285713,0.4454000000000001,0.4451171428571429,0.31381714285714285,0.3193714285714286,0.3220371428571429,0.3236228571428571,0.32104571428571427,0.32099999999999995,0.32895428571428575,0.3290142857142857,0.33019714285714286,0.3198942857142857,0.32224571428571436,0.32837714285714287,0.33287428571428573,0.33010571428571434,0.3263314285714286,0.3273642857142857,0.32763571428571436,0.32921020408163265,0.32888367346938774,0.32510408163265314,0.3242397959183673,0.32638367346938774,0.32782653061224487,0.32839489795918364,0.34674897959183676,0.3483765306122449,0.3486102040816326,0.3476744897959184,0.34665612244897964,0.3490571428571428,0.26335238095238095,0.26588809523809526,0.2680571428571428,0.27025,0.27116904761904764,0.26975,0.2717833333333333,0.27606428571428576,0.2752880952380952,0.2837071428571429,0.28464761904761904,0.28559285714285715,0.2921238095238095,0.2923952380952381,0.28711190476190473,0.24823061224489798,0.24589047619047616,0.24640544217687077,0.24941428571428573,0.24891632653061221,0.24965714285714286,0.24811496598639454,0.24595714285714282,0.2462598639455782,0.24894829931972792,0.2510632653061225,0.2551074829931973,0.25334013605442174,0.2500598639455782,0.24916326530612243,Male,8,8-12,Elementary,C,C,R16C32b08_info1_250Hz_gu2_AEP.conn
R16M04G10,R16M04g10_info1_250Hz_gu3_AEP.conn,gu3,0.3033047619047619,0.3057333333333333,0.3068380952380952,0.30537619047619047,0.30702857142857143,0.2978238095238095,0.30028095238095237,0.3005809523809524,0.3274809523809524,0.3326428571428572,0.3336047619047619,0.3317666666666666,0.33468571428571425,0.3331523809523809,0.3367380952380952,0.39872857142857143,0.40190000000000003,0.40152857142857146,0.3952028571428571,0.39239428571428575,0.38931428571428567,0.3899714285714285,0.3895628571428572,0.38909714285714286,0.3962914285714286,0.39608857142857146,0.3900685714285715,0.3904485714285714,0.38863142857142857,0.3922457142857143,0.3679342857142857,0.36650285714285713,0.3675028571428572,0.36747142857142856,0.3701457142857143,0.3557571428571428,0.3613857142857143,0.36582,0.36791999999999997,0.3659742857142857,0.3682971428571428,0.3667342857142857,0.3636857142857143,0.36708,0.36822285714285713,0.3559540816326531,0.3562683673469388,0.3540204081632653,0.3531744897959184,0.3532112244897959,0.35409081632653067,0.35413673469387763,0.3514336734693878,0.3516438775510204,0.36584897959183676,0.366134693877551,0.3667418367346939,0.3677663265306123,0.3675061224489796,0.36875816326530614,0.33384047619047624,0.3325357142857143,0.32762142857142856,0.32394761904761904,0.3241142857142857,0.3318785714285714,0.3275619047619048,0.31858095238095235,0.3196238095238095,0.3324380952380952,0.3249214285714286,0.32282619047619043,0.33395,0.329452380952381,0.3313190476190476,0.2985578231292517,0.2961496598639456,0.2945068027210884,0.2956170068027211,0.2960802721088435,0.3013068027210884,0.30036530612244894,0.29857891156462585,0.29759863945578235,0.29932380952380944,0.2979020408163266,0.29929115646258503,0.3073176870748299,0.30470816326530614,0.3008979591836735,Female,10,8-12,Elementary,C,C,R16M04g10_info1_250Hz_gu2_AEP.conn
R16C20B9,R16C20b9_info1_250Hz_gu3_AEP.conn,gu3,0.2858047619047619,0.27522857142857143,0.28632857142857143,0.29605714285714285,0.3125571428571429,0.28855238095238095,0.28936190476190476,0.29337142857142856,0.32726190476190475,0.30624761904761905,0.3145809523809524,0.3194952380952381,0.306052380952381,0.3091285714285714,0.3168571428571429,0.3207028571428571,0.31706,0.32462,0.3286942857142857,0.33213428571428566,0.31873714285714283,0.3150685714285714,0.325,0.33236857142857146,0.3190571428571429,0.3234828571428572,0.3256685714285714,0.3152628571428571,0.32219428571428577,0.31829999999999997,0.2611257142857143,0.25824857142857144,0.25627428571428573,0.2551171428571429,0.2561257142857143,0.2525857142857143,0.24559142857142854,0.25438285714285713,0.2568342857142857,0.25553714285714285,0.25998,0.2586171428571428,0.25606,0.26428,0.2642714285714286,0.2948020408163265,0.29169081632653066,0.29118061224489794,0.287315306122449,0.2847040816326531,0.29853775510204084,0.2937336734693878,0.28919183673469384,0.2856836734693878,0.3087346938775511,0.3084377551020408,0.3075683673469388,0.31025408163265306,0.3067142857142858,0.3064540816326531,0.21734999999999996,0.21118095238095239,0.21328333333333335,0.2206,0.2227785714285714,0.21401904761904764,0.21409761904761904,0.2167095238095238,0.2197428571428571,0.21610952380952378,0.21573333333333333,0.2199595238095238,0.21730714285714284,0.22141666666666668,0.21097380952380954,0.20610612244897963,0.20586666666666667,0.2060945578231292,0.2037034013605442,0.20031700680272108,0.20118639455782314,0.20333197278911566,0.20580952380952378,0.20300272108843537,0.2083605442176871,0.20589795918367348,0.20542448979591832,0.20650952380952378,0.20737551020408165,0.2037367346938775,Male,9,8-12,Elementary,C,C,R16C20b9_info1_250Hz_gu2_AEP.conn
R16C06B16,R16C06b16_info1_250Hz_gu3_AEP.conn,gu3,0.31433809523809525,0.3128190476190476,0.3133380952380952,0.31941904761904766,0.3323904761904762,0.32738571428571434,0.3211809523809524,0.31672857142857147,0.3409333333333333,0.34469047619047616,0.34473809523809523,0.34360000000000007,0.34764285714285714,0.3450380952380953,0.3517238095238095,0.38367428571428575,0.38826,0.38888285714285714,0.3889857142857142,0.3943085714285714,0.3982514285714286,0.4038057142857143,0.39996,0.3944942857142857,0.3852485714285715,0.38808000000000004,0.38852000000000003,0.3945914285714286,0.39202000000000004,0.3896742857142857,0.33464857142857146,0.33388285714285715,0.3372085714285714,0.34263142857142853,0.3448371428571429,0.34581999999999996,0.34485714285714286,0.3444885714285714,0.3498657142857143,0.3355485714285714,0.3372228571428571,0.3408171428571428,0.3382542857142857,0.34184285714285717,0.3412371428571429,0.38566122448979584,0.3830908163265306,0.38128163265306114,0.37954693877551016,0.37713061224489797,0.3764244897959184,0.37560918367346946,0.37399387755102037,0.3737744897959184,0.39918163265306117,0.39928265306122446,0.39897959183673465,0.3935448979591837,0.3955591836734694,0.3973387755102041,0.34089047619047613,0.3402428571428571,0.3400285714285714,0.3376857142857143,0.3358952380952381,0.33548571428571433,0.3361190476190476,0.3303380952380952,0.32653095238095237,0.35246904761904757,0.3504833333333333,0.34734761904761907,0.34790476190476194,0.3504904761904762,0.3474547619047619,0.2508959183673469,0.24737891156462588,0.2453421768707483,0.2442578231292517,0.246078231292517,0.24941292517006802,0.24532925170068032,0.2428455782312925,0.24263129251700674,0.2581238095238095,0.25629387755102034,0.25416802721088444,0.2541537414965987,0.2544857142857143,0.2563319727891156,Male,16,Teen,Secondary,C,C,R16C06b16_info1_250Hz_gu2_AEP(1).conn
R16C15B07,R16C15b07_info1_250Hz_gu3_AEP.conn,gu3,0.40923333333333334,0.4040142857142857,0.3974190476190476,0.3946571428571429,0.39822380952380954,0.4026476190476191,0.40368571428571426,0.40728571428571425,0.4231428571428571,0.41559047619047623,0.4077,0.40601904761904767,0.41509523809523813,0.41955238095238095,0.4011,0.37913428571428576,0.3787857142857143,0.3796742857142857,0.38244285714285714,0.38693714285714287,0.37322285714285713,0.3748542857142857,0.37633428571428573,0.38118285714285716,0.3604171428571428,0.3603485714285715,0.36235142857142855,0.3593514285714286,0.36227142857142863,0.35699714285714285,0.3513800000000001,0.34556,0.3406942857142857,0.3380485714285714,0.33534857142857144,0.33090857142857144,0.3309,0.33229428571428576,0.32998000000000005,0.33118857142857144,0.3270771428571428,0.32438,0.3171514285714286,0.3201428571428571,0.3250628571428571,0.40709999999999996,0.4104326530612245,0.41186530612244887,0.41145306122448977,0.41068673469387756,0.4104816326530612,0.41189387755102036,0.41262040816326523,0.41261836734693874,0.42391122448979596,0.42415816326530614,0.42353673469387754,0.42483775510204075,0.42639795918367346,0.42651326530612244,0.24882619047619045,0.2502285714285714,0.25435238095238094,0.2599690476190476,0.26444047619047617,0.2552166666666667,0.25594761904761903,0.2635119047619047,0.26906904761904765,0.272202380952381,0.2810047619047619,0.2881285714285714,0.27763333333333334,0.28455,0.28377619047619046,0.29598163265306116,0.2963700680272109,0.29566190476190485,0.2931326530612245,0.2935122448979592,0.2930761904761904,0.2914714285714285,0.2896789115646259,0.28942517006802715,0.30134761904761903,0.30193741496598636,0.3003863945578231,0.30015918367346944,0.29813537414965985,0.30549523809523804,Male,7,5-7,Elementary,C,C,R16C15b07_info1_250Hz_gu2_AEP.conn
R16C08G09,R16C08g09_info1_250Hz_gu3_AEP.conn,gu3,0.4096904761904761,0.4159571428571429,0.41624761904761903,0.4154047619047619,0.4147571428571429,0.4238714285714285,0.4252,0.4234571428571429,0.4432142857142857,0.44200476190476196,0.43907619047619045,0.43683333333333335,0.4424619047619048,0.4391380952380952,0.4427714285714286,0.4459000000000001,0.4482285714285714,0.4526657142857142,0.4544742857142857,0.45534285714285716,0.4516171428571429,0.4528742857142857,0.45045714285714283,0.4455542857142857,0.44589428571428574,0.4484457142857142,0.44381714285714285,0.45834285714285716,0.4510085714285714,0.44161142857142854,0.3690571428571429,0.3700457142857142,0.37283999999999995,0.3743,0.37549714285714286,0.3631714285714286,0.36223142857142854,0.3618171428571429,0.36734285714285714,0.36389999999999995,0.3687371428571429,0.36737142857142857,0.3731857142857143,0.3729971428571429,0.3689,0.3911622448979592,0.39142244897959183,0.3896275510204082,0.38887857142857146,0.38851938775510203,0.3901357142857143,0.39043061224489806,0.3887438775510205,0.3860020408163266,0.4010469387755102,0.39996428571428566,0.39781122448979594,0.4072908163265307,0.4042438775510204,0.4024244897959184,0.30401904761904763,0.2995404761904762,0.29535,0.2925690476190476,0.29127619047619047,0.29056428571428566,0.2932738095238095,0.29191428571428574,0.28909523809523807,0.2952952380952381,0.2931666666666667,0.29304761904761906,0.2982166666666667,0.2939309523809524,0.2946619047619048,0.2719904761904762,0.26888095238095244,0.2678557823129251,0.26951224489795916,0.2692993197278911,0.2607428571428571,0.26199183673469384,0.26348571428571427,0.26458843537414967,0.27342176870748297,0.2705346938775511,0.2708312925170068,0.270634693877551,0.271870068027211,0.2703632653061224,Female,9,8-12,Elementary,C,C,R16C08g09_info1_250Hz_gu2_AEP.conn
R16M06B06,R16M06b06_info1_250Hz_gu3_AEP.conn,gu3,0.3304142857142857,0.32859047619047616,0.32870952380952373,0.3231714285714286,0.315352380952381,0.31155238095238097,0.3091619047619048,0.31482380952380956,0.3370190476190476,0.3424095238095239,0.3424857142857143,0.346695238095238,0.3400380952380953,0.3465952380952381,0.3496380952380953,0.3603514285714286,0.36097999999999997,0.36705714285714286,0.37052,0.3740742857142857,0.36442285714285716,0.3668571428571429,0.3679514285714286,0.36419428571428564,0.3633885714285715,0.36669714285714283,0.3679942857142858,0.36731142857142857,0.37011714285714287,0.36501428571428574,0.2962228571428572,0.28932285714285716,0.28684,0.28632857142857143,0.29114285714285715,0.29435142857142854,0.29314571428571423,0.29068,0.29298571428571424,0.2951485714285714,0.2920057142857143,0.28913714285714287,0.2915142857142857,0.2907342857142857,0.29286571428571434,0.32830510204081637,0.32983571428571423,0.32657857142857133,0.3220377551020408,0.32087959183673476,0.3253959183673469,0.32597551020408166,0.32446836734693874,0.3233744897959184,0.33578061224489797,0.33368775510204074,0.3310673469387755,0.33718877551020415,0.33460306122448985,0.3314122448979592,0.3360595238095238,0.3327809523809524,0.3279976190476191,0.32689523809523807,0.3254595238095238,0.31611666666666666,0.31406904761904764,0.3117976190476191,0.31134047619047617,0.34528333333333333,0.3382404761904762,0.3354976190476191,0.3295166666666667,0.3278285714285714,0.33172857142857143,0.2653959183673469,0.2633857142857143,0.26156122448979585,0.26182585034013606,0.26042517006802723,0.26145238095238094,0.2577789115646259,0.255852380952381,0.2562823129251701,0.2669625850340136,0.26392585034013605,0.2629775510204081,0.2678387755102041,0.266578231292517,0.2621571428571428,Male,6,5-7,Elementary,C,C,R16M06b06_info1_250Hz_gu2_AEP.conn
R16C03G5,R16C03g5_info1_250Hz_gu3_AEP.conn,gu3,0.2622571428571429,0.26321904761904763,0.26158571428571425,0.2587333333333333,0.2466047619047619,0.26092857142857145,0.26127619047619044,0.26053333333333334,0.2805619047619048,0.3026809523809524,0.2965380952380952,0.2919857142857143,0.30165714285714285,0.29510000000000003,0.2981190476190476,0.32580285714285717,0.33277999999999996,0.3342085714285714,0.33428571428571424,0.32559714285714286,0.3329,0.32774285714285717,0.3172228571428572,0.3113971428571429,0.33300857142857143,0.3301914285714286,0.32183428571428574,0.3257028571428571,0.31994,0.3281228571428571,0.2326457142857143,0.22896,0.23059714285714286,0.22678000000000004,0.2213114285714286,0.21310285714285718,0.21258285714285713,0.20870000000000002,0.21609714285714285,0.2221942857142857,0.22272857142857144,0.21644571428571427,0.20603428571428575,0.21341999999999994,0.21778857142857144,0.23777551020408166,0.23605612244897958,0.23723877551020406,0.23556836734693873,0.23429795918367344,0.23638775510204077,0.24362551020408155,0.2437122448979592,0.24449387755102042,0.2551448979591836,0.25755612244897963,0.25293673469387756,0.2580234693877551,0.2602612244897959,0.25927448979591844,0.2354214285714286,0.24746904761904764,0.2485642857142857,0.2500357142857143,0.2467595238095238,0.2339119047619048,0.24018809523809523,0.23265238095238094,0.2360547619047619,0.25785714285714284,0.2557595238095238,0.25309047619047614,0.24926904761904764,0.24717380952380955,0.25025000000000003,0.235769387755102,0.23476394557823135,0.23675782312925162,0.23700204081632653,0.23504761904761903,0.23722585034013607,0.2402523809523809,0.24322517006802719,0.24041428571428572,0.2401707482993197,0.2422680272108843,0.24231360544217687,0.2436884353741496,0.24527142857142864,0.24146530612244904,Female,5,5-7,Elementary,C,C,R16C03g5_info1_250Hz_gu2_AEP.conn
R16C33B05,R16C33b05_info1_250Hz_gu3_AEP.conn,gu3,0.25712380952380953,0.25565238095238096,0.2583904761904762,0.2534904761904762,0.2554,0.25253809523809523,0.24746190476190477,0.2417095238095238,0.2761142857142857,0.28361428571428576,0.2819333333333333,0.2707714285714286,0.2825809523809524,0.27705238095238094,0.2857,0.2810485714285714,0.28285142857142864,0.2879342857142857,0.28424857142857146,0.2851742857142857,0.28772285714285717,0.28658285714285714,0.2830285714285714,0.28896857142857146,0.28019714285714287,0.2797085714285715,0.26788857142857136,0.27311428571428575,0.27013714285714285,0.28212571428571426,0.2039542857142857,0.20598285714285716,0.20687142857142854,0.20668857142857142,0.21425428571428567,0.20557714285714285,0.20146571428571428,0.19847714285714285,0.20595999999999998,0.20167142857142856,0.20024000000000003,0.19687142857142859,0.19313428571428576,0.18399142857142856,0.20121714285714284,0.2795244897959183,0.2775397959183674,0.28262244897959177,0.2855755102040817,0.28672959183673463,0.29109285714285715,0.28742448979591834,0.28648469387755104,0.2879051020408164,0.29636326530612245,0.2993265306122449,0.3011163265306122,0.30737755102040826,0.30579285714285714,0.3042928571428571,0.24485476190476188,0.24830238095238097,0.24586190476190475,0.23797619047619048,0.23199761904761906,0.24849047619047615,0.25133333333333335,0.24962380952380955,0.24560476190476188,0.2545023809523809,0.25146666666666667,0.24691190476190475,0.2627928571428572,0.2613190476190476,0.2553166666666667,0.18030952380952386,0.18039319727891157,0.17947482993197278,0.18030952380952384,0.17980340136054423,0.1839394557823129,0.1841244897959184,0.18064897959183673,0.1789795918367347,0.18760612244897953,0.1856925170068027,0.18552448979591837,0.18937414965986396,0.18662244897959182,0.182630612244898,Male,5,5-7,Elementary,C,C,R16C33b05_info1_250Hz_gu2_AEP.conn
R16C22G10,R16C22g10_info1_250Hz_gu3_AEP.conn,gu3,0.30548571428571425,0.3032428571428572,0.30223809523809525,0.3030619047619048,0.309,0.3020428571428571,0.3033571428571429,0.3035285714285714,0.33527142857142866,0.32417142857142855,0.3241238095238095,0.32583333333333336,0.3233047619047619,0.3254619047619048,0.31201428571428574,0.27902,0.2783171428571429,0.27455714285714283,0.2704228571428571,0.26996857142857145,0.27618857142857145,0.27690571428571426,0.27653714285714287,0.27648571428571433,0.2604542857142857,0.2583542857142857,0.25764857142857145,0.2631285714285714,0.2633114285714286,0.24651142857142855,0.17773714285714287,0.17373714285714287,0.17190571428571433,0.17359999999999998,0.17450285714285715,0.17302285714285714,0.17458857142857143,0.17903714285714284,0.18170571428571428,0.16911142857142858,0.16622857142857142,0.16836285714285715,0.1734342857142857,0.1746257142857143,0.17136285714285715,0.2316581632653061,0.23112040816326526,0.23179081632653062,0.23033163265306125,0.2295612244897959,0.22917346938775512,0.22827653061224495,0.22826734693877548,0.22762142857142859,0.2485632653061224,0.249080612244898,0.24947653061224487,0.24214999999999995,0.24213469387755102,0.2456765306122449,0.2199047619047619,0.2231523809523809,0.21960238095238097,0.21805238095238097,0.21894999999999998,0.2218619047619048,0.21956190476190474,0.2210738095238095,0.22274047619047618,0.24868333333333334,0.24708095238095237,0.24598095238095238,0.23254047619047621,0.23063333333333333,0.24267380952380954,0.22898231292517005,0.22656938775510202,0.22487891156462578,0.22456122448979587,0.22319795918367347,0.2242761904761904,0.22484625850340131,0.22687142857142858,0.2268061224489796,0.23423129251700678,0.23352721088435377,0.23172312925170066,0.2292619047619048,0.22892585034013604,0.23205918367346937,Female,10,8-12,Elementary,C,C,R16C22g10_info1_250Hz_gu2_AEP.conn
R16C30M7,R16C30m7_info1_250Hz_gu3_AEP.conn,gu3,0.24354285714285714,0.24720952380952385,0.25040476190476185,0.2469619047619048,0.2416095238095238,0.24864285714285717,0.25366666666666665,0.25803809523809523,0.29185714285714287,0.2770285714285714,0.28186190476190476,0.27921904761904753,0.27857619047619053,0.28550476190476193,0.27435714285714285,0.3326457142857143,0.33317714285714284,0.3327342857142857,0.3306514285714285,0.3304114285714285,0.32685714285714285,0.32802285714285717,0.32727142857142855,0.3250171428571428,0.33114571428571427,0.33124,0.3273028571428571,0.33364857142857146,0.33480000000000004,0.32685714285714285,0.3203971428571429,0.32510571428571433,0.3261257142857143,0.3262628571428571,0.3267742857142858,0.31319714285714284,0.3157142857142857,0.3158342857142857,0.3152400000000001,0.3240571428571429,0.32201142857142856,0.31951428571428575,0.32818571428571425,0.3295542857142858,0.3145,0.3278081632653061,0.3253867346938776,0.32262551020408164,0.3223489795918367,0.3239224489795919,0.31795510204081634,0.3183602040816327,0.3178244897959184,0.31932142857142853,0.3345122448979592,0.33405306122448986,0.33643469387755104,0.3345326530612245,0.33562653061224484,0.33354285714285714,0.25475714285714285,0.2532261904761905,0.24980952380952381,0.24990714285714288,0.2540928571428572,0.25730952380952377,0.25762619047619045,0.25434761904761904,0.2534476190476191,0.2577642857142857,0.25721428571428573,0.257752380952381,0.26989523809523813,0.26885,0.2651928571428572,0.233121768707483,0.23071632653061225,0.22876258503401364,0.22979047619047613,0.22841564625850339,0.22672653061224485,0.22502721088435373,0.2236312925170068,0.2243251700680272,0.2335884353741497,0.23091020408163263,0.23155986394557826,0.23502721088435374,0.23522517006802718,0.2273482993197279,Male,7,5-7,Elementary,C,C,R16C30m7_info1_250Hz_gu2_AEP.conn
R16ME08_F10,R16me08_f10_info1_250Hz_gu3_AEP.conn,gu3,0.37676666666666664,0.3777714285714286,0.37701904761904764,0.3758857142857142,0.37348571428571425,0.3801666666666667,0.38219047619047625,0.38132857142857146,0.3994380952380953,0.3937333333333333,0.39435714285714285,0.3944666666666667,0.39704761904761904,0.3987285714285714,0.39230000000000004,0.4555257142857143,0.45648,0.45414857142857146,0.4554,0.45528571428571435,0.45958000000000004,0.4605800000000001,0.4616571428571429,0.46230857142857146,0.44946857142857144,0.4491828571428571,0.4528657142857143,0.4528542857142857,0.4570971428571429,0.4548057142857143,0.43852285714285716,0.43835999999999997,0.4373942857142857,0.4412771428571428,0.44120857142857134,0.4424657142857143,0.44724571428571425,0.44630285714285717,0.44522571428571434,0.43880857142857144,0.43891428571428576,0.44352285714285716,0.44645999999999997,0.4460314285714285,0.44671714285714287,0.4089877551020408,0.40904183673469385,0.41081734693877553,0.41234081632653063,0.4113602040816326,0.4132673469387756,0.41267857142857134,0.40943673469387765,0.40944897959183674,0.41961122448979593,0.42032959183673474,0.42081326530612245,0.4187173469387755,0.41866938775510193,0.4279285714285714,0.36812142857142854,0.36214047619047623,0.35825476190476185,0.35828571428571426,0.3601809523809523,0.35716666666666663,0.35696666666666665,0.3510095238095238,0.3514380952380953,0.3560357142857143,0.3534619047619048,0.3549785714285714,0.34961904761904766,0.3494571428571429,0.36284999999999995,0.3687496598639456,0.3681571428571428,0.3675877551020408,0.3664823129251701,0.3673496598639456,0.3694544217687075,0.36896802721088434,0.36737346938775506,0.3657571428571429,0.36942244897959187,0.36869999999999997,0.3670428571428571,0.3715333333333333,0.3701462585034013,0.3760578231292517,Female,10,8-12,Elementary,C,C,R16me08_f10_info1_250Hz_gu2_AEP.conn
R16C12G7,R16C12g7_info1_250Hz_gu3_AEP.conn,gu3,0.23965714285714287,0.23671428571428574,0.23737142857142857,0.23751904761904763,0.23739999999999997,0.24349523809523813,0.23936666666666664,0.2376666666666667,0.26899999999999996,0.26735238095238095,0.2693571428571428,0.2709714285714286,0.2715904761904762,0.2727142857142857,0.2750095238095238,0.2679114285714286,0.26874857142857145,0.26996000000000003,0.2679228571428572,0.26679714285714284,0.27674857142857145,0.2741971428571429,0.2724228571428572,0.27377714285714283,0.26552857142857145,0.26823428571428576,0.2688028571428572,0.27716857142857143,0.27692571428571433,0.2662942857142857,0.21862285714285715,0.21919142857142856,0.2164485714285714,0.21508,0.21554285714285717,0.22241999999999998,0.22206,0.22352571428571427,0.22417714285714285,0.2193628571428572,0.22041428571428573,0.22274857142857143,0.22184857142857145,0.2249942857142857,0.22489142857142858,0.24900918367346936,0.25099285714285713,0.2523357142857144,0.25198673469387756,0.24744489795918367,0.24993265306122445,0.25161428571428573,0.2523326530612245,0.2509193877551021,0.26880408163265307,0.2696081632653062,0.2672173469387755,0.268665306122449,0.2686081632653062,0.27201938775510204,0.27539285714285716,0.27882619047619045,0.2810952380952381,0.282252380952381,0.28205952380952387,0.27995238095238095,0.2800238095238095,0.2814738095238095,0.2841547619047619,0.2838880952380952,0.28505714285714284,0.284747619047619,0.2873880952380952,0.28924285714285713,0.28256190476190474,0.22537074829931966,0.22357823129251703,0.2219884353741497,0.2228095238095238,0.2240829931972789,0.22934489795918367,0.22922857142857145,0.22672585034013606,0.22555714285714282,0.23209251700680275,0.23021768707482992,0.23001632653061224,0.2358006802721088,0.23337687074829927,0.23238231292517003,Female,7,5-7,Elementary,C,C,R16C12g7_info1_250Hz_gu2_AEP.conn
R16C38G6,R16C38g6_info1_250Hz_gu3_AEP.conn,gu3,0.29373333333333335,0.2978571428571429,0.29895714285714287,0.29825714285714283,0.2935666666666667,0.28585238095238097,0.29014761904761904,0.2960857142857143,0.3369571428571428,0.32689523809523807,0.32361904761904764,0.3227666666666667,0.32393809523809525,0.32793333333333335,0.31793809523809524,0.3085857142857143,0.30779999999999996,0.31186857142857144,0.3130914285714286,0.30672571428571427,0.31371714285714286,0.31994285714285714,0.3253828571428572,0.31699714285714287,0.3038,0.3074571428571429,0.3063571428571429,0.32348,0.32973714285714284,0.3051457142857143,0.22595142857142853,0.23347428571428575,0.2378742857142857,0.2354342857142857,0.22853714285714283,0.20704285714285714,0.2175885714285714,0.22052,0.22506571428571429,0.23590285714285714,0.2351571428571429,0.2289914285714286,0.22847999999999996,0.22956,0.21986,0.2883377551020408,0.2863551020408163,0.285830612244898,0.2854469387755102,0.2876826530612245,0.2887316326530613,0.28932857142857143,0.29365510204081635,0.2955214285714286,0.3101887755102041,0.3107928571428572,0.31081734693877555,0.31133775510204087,0.3121714285714286,0.31785204081632656,0.24916666666666665,0.24236904761904762,0.23343571428571427,0.2252642857142857,0.2278690476190476,0.2486357142857143,0.24725,0.2501047619047619,0.2544690476190477,0.2595523809523809,0.25060476190476194,0.24305952380952378,0.26665476190476195,0.2616785714285714,0.24530476190476194,0.1996809523809524,0.203634693877551,0.20131904761904765,0.20032448979591835,0.20006938775510208,0.19974285714285717,0.20005714285714282,0.19891768707482993,0.1979190476190476,0.20517755102040816,0.2044700680272109,0.20599523809523804,0.2049469387755102,0.2031,0.2048040816326531,Female,6,5-7,Elementary,C,C,R16C38g6_info1_250Hz_gu2_AEP.conn
R16C27M9,R16C27m9_info1_250Hz_gu3_AEP.conn,gu3,0.2640047619047619,0.27005714285714283,0.2722047619047619,0.27281904761904757,0.2734761904761905,0.27801904761904767,0.27864285714285714,0.27797619047619043,0.30689047619047616,0.30206666666666665,0.29932857142857144,0.2997285714285714,0.3086619047619048,0.3073095238095238,0.2994952380952381,0.27506857142857144,0.27633714285714284,0.2788542857142857,0.2821142857142857,0.28355428571428576,0.28304571428571423,0.28178857142857144,0.2814514285714286,0.2840628571428571,0.28,0.2793914285714286,0.28113714285714286,0.28624,0.2859342857142857,0.2784142857142857,0.25610285714285713,0.2541971428571429,0.2536542857142857,0.25313142857142856,0.2525457142857143,0.25764000000000004,0.2579,0.2568171428571428,0.25454857142857146,0.2584057142857143,0.2565,0.2553371428571429,0.26737714285714287,0.26580857142857145,0.2606142857142857,0.27137040816326535,0.2726857142857143,0.2749642857142857,0.2767591836734694,0.27650102040816327,0.2775979591836734,0.2772540816326531,0.27522448979591835,0.27462448979591836,0.2917693877551021,0.29408265306122455,0.2947387755102041,0.29409285714285716,0.29334999999999994,0.295765306122449,0.2337214285714286,0.2315761904761905,0.23252142857142855,0.2343928571428571,0.23837142857142857,0.24369523809523808,0.2370214285714286,0.23154761904761903,0.23576666666666668,0.23717380952380954,0.23843333333333336,0.23981190476190475,0.2363261904761905,0.23786666666666667,0.24156666666666668,0.20828231292517008,0.20747482993197283,0.20473265306122448,0.2041503401360544,0.20407551020408163,0.2073605442176871,0.20750204081632656,0.20441836734693875,0.20159591836734694,0.21361700680272114,0.21115442176870744,0.21032176870748298,0.21366530612244894,0.2114789115646259,0.21002448979591834,Male,9,8-12,Elementary,C,C,R16C27m9_info1_250Hz_gu2_AEP.conn
R16C24B7,R16C24b7_info1_250Hz_gu3_AEP.conn,gu3,0.2597,0.2533857142857143,0.2474666666666667,0.2466761904761905,0.24627142857142859,0.2491714285714286,0.25223333333333336,0.2483666666666667,0.27959999999999996,0.28374285714285713,0.2806142857142857,0.28185238095238097,0.2905285714285714,0.2836666666666667,0.27548095238095244,0.2885114285714286,0.28332857142857143,0.28045714285714285,0.2802028571428571,0.28365999999999997,0.29645714285714286,0.29712285714285713,0.29954000000000003,0.3008571428571429,0.28662,0.2828142857142857,0.28815142857142856,0.3013485714285714,0.30114,0.2898571428571429,0.2868257142857143,0.2847657142857143,0.2791028571428572,0.2786085714285714,0.28308285714285714,0.28416857142857144,0.27882,0.27988857142857143,0.2838571428571428,0.28243714285714283,0.2762142857142857,0.2793171428571429,0.27607714285714285,0.27447999999999995,0.27702,0.32908979591836734,0.3291571428571428,0.32922755102040824,0.3287010204081633,0.326658163265306,0.32822346938775515,0.32850816326530613,0.3284387755102041,0.32726836734693876,0.3418214285714286,0.34105918367346943,0.33951836734693874,0.3456622448979592,0.3452224489795918,0.34116530612244894,0.23863095238095236,0.2417404761904762,0.24625952380952376,0.24791904761904762,0.24928571428571425,0.24062857142857144,0.23832619047619044,0.23932380952380952,0.24385000000000004,0.2449190476190476,0.25074285714285716,0.2533214285714286,0.24822857142857144,0.2504,0.25203095238095236,0.18594081632653062,0.18774897959183676,0.18784285714285714,0.18461292517006803,0.18286462585034013,0.1835979591836735,0.18472517006802722,0.18367482993197276,0.18361020408163267,0.19110680272108843,0.19157891156462586,0.18956326530612244,0.1901108843537415,0.1876360544217687,0.19205850340136055,Male,7,5-7,Elementary,C,C,R16C24b7_info1_250Hz_gu2_AEP.conn
R16C37B6,R16C37b6_info1_250Hz_gu3_AEP.conn,gu3,0.29914285714285715,0.2964,0.30793333333333334,0.31624761904761906,0.31229999999999997,0.2960333333333333,0.29648095238095235,0.2978190476190476,0.3286047619047619,0.3203952380952381,0.3317095238095238,0.33990000000000004,0.3271095238095238,0.323647619047619,0.32633333333333336,0.3001942857142857,0.2975485714285714,0.2986085714285714,0.2992457142857143,0.3014,0.3006542857142857,0.29568571428571433,0.2979942857142857,0.3039257142857143,0.28949142857142857,0.2894,0.2899942857142857,0.28948285714285715,0.2884028571428571,0.29124571428571433,0.2049057142857143,0.21182285714285715,0.2147142857142857,0.2170057142857143,0.22082285714285713,0.2052285714285714,0.20296285714285714,0.21155428571428572,0.21594571428571432,0.2048428571428571,0.20790857142857141,0.21598285714285712,0.20823999999999998,0.21464857142857144,0.21292857142857144,0.3007581632653062,0.3030397959183674,0.30267244897959183,0.30356122448979583,0.3032428571428572,0.3018204081632653,0.3055591836734694,0.30931632653061225,0.3090316326530613,0.32473265306122456,0.32133979591836737,0.320734693877551,0.321634693877551,0.32476428571428567,0.323215306122449,0.24330952380952378,0.2500142857142857,0.25090476190476185,0.26169285714285717,0.27644523809523813,0.2666428571428571,0.27258333333333334,0.27516904761904765,0.2735190476190476,0.26542142857142853,0.2617809523809524,0.2670809523809524,0.28334047619047614,0.2896309523809524,0.27054523809523806,0.2011850340136054,0.19912721088435376,0.19818231292517005,0.19893333333333332,0.19939047619047617,0.19848571428571427,0.19830816326530615,0.20070068027210886,0.2020319727891156,0.20624557823129258,0.20339251700680272,0.20183945578231297,0.20255578231292523,0.2026292517006803,0.20199183673469387,Male,6,5-7,Elementary,C,C,R16C37b6_info1_250Hz_gu2_AEP.conn
R16C16B07,R16C16b07_info1_250Hz_gu3_AEP.conn,gu3,0.32557619047619046,0.31879047619047624,0.32371904761904763,0.3306523809523809,0.33988095238095234,0.3390095238095238,0.33771428571428563,0.33630000000000004,0.37548095238095236,0.3557619047619049,0.3460476190476191,0.3530619047619048,0.36829523809523806,0.36651428571428574,0.3459428571428571,0.3912542857142857,0.38135714285714284,0.3854714285714286,0.3824571428571428,0.37743714285714286,0.38795714285714283,0.38892571428571426,0.3848685714285714,0.38122000000000006,0.3918571428571428,0.3899457142857143,0.38268285714285716,0.3943542857142857,0.3871828571428571,0.37447428571428576,0.29133428571428566,0.2871714285714286,0.29266,0.2888571428571428,0.2906857142857143,0.2830342857142857,0.28602000000000005,0.2905371428571429,0.2906485714285714,0.29504857142857144,0.2948828571428571,0.2886599999999999,0.2966142857142857,0.29555714285714285,0.28994571428571425,0.2850163265306122,0.28412959183673464,0.2808683673469388,0.2766551020408164,0.27471020408163266,0.2780887755102041,0.27277346938775515,0.27167040816326526,0.268254081632653,0.2951336734693878,0.2911408163265306,0.2861836734693877,0.2845448979591837,0.28068571428571426,0.2863336734693878,0.2475452380952381,0.2478714285714286,0.24816666666666667,0.24866428571428575,0.24779047619047614,0.23812857142857144,0.23684761904761906,0.24528095238095238,0.24645714285714282,0.2653642857142857,0.26056428571428575,0.2622261904761905,0.2680238095238095,0.26746428571428577,0.2504785714285715,0.22139115646258503,0.22023537414965982,0.22097210884353738,0.2208204081632653,0.2226836734693877,0.219487074829932,0.22049251700680275,0.21950340136054422,0.21813469387755102,0.22804285714285713,0.22643809523809522,0.22436666666666666,0.23349863945578228,0.23368503401360546,0.22658095238095236,Male,7,5-7,Elementary,C,C,R16C16b07_info1_250Hz_gu2_AEP.conn
R16M08B09,R16M08b09_info1_250Hz_gu3_AEP.conn,gu3,0.3467142857142857,0.3429238095238096,0.33546666666666675,0.3242190476190477,0.31936666666666663,0.3356952380952381,0.3320714285714286,0.3297904761904762,0.3531571428571429,0.35738571428571425,0.3518380952380952,0.3478666666666667,0.3542047619047619,0.3497571428571429,0.35223333333333334,0.39117142857142856,0.3928142857142857,0.39337428571428573,0.39274285714285717,0.3938628571428572,0.3887828571428571,0.38984285714285716,0.3887057142857143,0.38872,0.38590857142857143,0.38596571428571436,0.38458571428571425,0.37954857142857146,0.3774257142857143,0.3801857142857143,0.2532,0.2562514285714286,0.25577714285714287,0.2578028571428571,0.25659428571428566,0.2509428571428572,0.2491742857142857,0.24775714285714287,0.2490971428571429,0.25213142857142856,0.2508057142857143,0.24861714285714281,0.2502914285714286,0.24463714285714286,0.25071999999999994,0.28608571428571433,0.28501938775510205,0.28653061224489795,0.28896326530612243,0.28849489795918365,0.28527551020408165,0.2866377551020408,0.2877704081632653,0.28956428571428566,0.29016428571428576,0.29100918367346934,0.2950234693877551,0.29764387755102045,0.29694081632653063,0.29349795918367344,0.2436761904761905,0.24186190476190475,0.2404952380952381,0.24155238095238094,0.24121190476190477,0.23464761904761902,0.23300952380952386,0.23307857142857147,0.23348571428571427,0.23202619047619052,0.2334166666666667,0.23479523809523808,0.23275238095238093,0.2330833333333333,0.2309785714285714,0.229021768707483,0.23136530612244893,0.23229999999999992,0.22970816326530616,0.2323374149659864,0.23201088435374148,0.2302857142857143,0.2275897959183673,0.22672040816326536,0.2331129251700681,0.23488231292517003,0.23391156462585036,0.23554489795918365,0.23270340136054427,0.23263129251700682,Male,9,8-12,Elementary,C,C,R16M08b09_info1_250Hz_gu2_AEP.conn
R16C07G9,R16C07g9_info1_250Hz_gu3_AEP.conn,gu3,0.3401571428571428,0.34060000000000007,0.3463333333333333,0.3463666666666667,0.34122857142857144,0.33938571428571435,0.34372380952380954,0.3448571428571429,0.3747666666666667,0.3750809523809524,0.381304761904762,0.3792,0.37610000000000005,0.3731761904761905,0.37643333333333334,0.33948285714285714,0.34593142857142856,0.34798,0.3447257142857143,0.3417085714285714,0.34724,0.34866571428571425,0.3485371428571429,0.3487571428571428,0.3545114285714286,0.35536285714285715,0.35256000000000004,0.36476571428571425,0.3613828571428572,0.35193714285714284,0.2992342857142858,0.2987857142857143,0.29808857142857137,0.2983314285714286,0.3009142857142857,0.29334571428571427,0.29494,0.29352,0.2900285714285714,0.30091428571428575,0.29772857142857145,0.2985371428571429,0.3055171428571428,0.30660857142857145,0.29165428571428575,0.33754591836734693,0.3392367346938775,0.3413163265306122,0.34092653061224487,0.3388938775510204,0.3291918367346939,0.3318724489795919,0.33272653061224483,0.3320785714285714,0.3506142857142857,0.3538173469387754,0.3530367346938776,0.3507734693877551,0.34927244897959187,0.3475765306122449,0.2910190476190477,0.29482142857142857,0.29582857142857144,0.29385952380952385,0.29077380952380955,0.2787452380952381,0.2801642857142857,0.28355,0.284347619047619,0.2816190476190476,0.2803952380952381,0.2791309523809524,0.28055238095238094,0.2796261904761905,0.27402857142857145,0.22802040816326533,0.22708299319727898,0.22728843537414964,0.22783605442176869,0.22819523809523806,0.22827482993197284,0.22774829931972787,0.22841972789115642,0.2293530612244898,0.23343265306122452,0.23445510204081627,0.2353170068027211,0.23876190476190473,0.23907959183673472,0.23254557823129257,Female,9,8-12,Elementary,C,C,R16C07g9_info1_250Hz_gu2_AEP.conn
R16C04B13,R16C04b13_info1_250Hz_gu3_AEP.conn,gu3,0.2829428571428571,0.28146190476190475,0.27566666666666667,0.27114285714285713,0.27144285714285715,0.27181428571428573,0.26868095238095235,0.26458095238095236,0.3074857142857142,0.3180809523809524,0.31242857142857144,0.30880476190476186,0.30926666666666663,0.30587142857142857,0.31688095238095243,0.34781428571428574,0.3491914285714286,0.3535371428571429,0.3582599999999999,0.35798857142857143,0.35766857142857145,0.3574542857142857,0.35753428571428575,0.3558085714285714,0.3510228571428572,0.3532742857142857,0.35477428571428565,0.3593542857142857,0.35692857142857143,0.3568,0.28646,0.28971142857142856,0.29759714285714284,0.3038542857142857,0.30209142857142857,0.28920285714285715,0.29765142857142857,0.30237714285714284,0.30139714285714286,0.29236285714285715,0.29828857142857135,0.2989428571428571,0.29850571428571426,0.3027228571428572,0.2955285714285715,0.32353571428571426,0.3204928571428572,0.32284183673469385,0.32367653061224494,0.32287040816326545,0.3266877551020409,0.3253928571428571,0.3242642857142857,0.32442755102040827,0.3424744897959183,0.3411755102040817,0.33957448979591837,0.34166224489795916,0.34246836734693875,0.3419091836734694,0.25184285714285715,0.2483523809523809,0.24577380952380953,0.24510714285714286,0.24628809523809522,0.24963095238095237,0.24990238095238093,0.24829999999999997,0.24749523809523807,0.25720238095238096,0.2559833333333333,0.2532166666666667,0.25634761904761905,0.25421904761904757,0.2627523809523809,0.2352462585034014,0.23581020408163267,0.2364993197278911,0.2357238095238095,0.23328571428571432,0.23214149659863942,0.23200952380952383,0.23056666666666667,0.23083401360544217,0.23603401360544224,0.23724897959183672,0.23684693877551016,0.23549523809523806,0.23477006802721084,0.23924761904761901,Male,13,Teen,Secondary,C,C,R16C04b13_info1_250Hz_gu2_AEP.conn
R16TEEN5CB16,R16Teen5Cb16_info1_250Hz_gu3_AEP.conn,gu3,0.25716190476190476,0.2512809523809524,0.23994285714285715,0.24112857142857144,0.24883809523809522,0.26667619047619046,0.263147619047619,0.25703809523809523,0.3056190476190476,0.3004857142857143,0.2944333333333333,0.2933714285714286,0.3082952380952381,0.3052714285714286,0.30501428571428574,0.31125714285714284,0.3001142857142858,0.29072285714285717,0.2934342857142857,0.29693142857142857,0.3043114285714285,0.30357999999999996,0.3093,0.3082971428571429,0.29576,0.2874257142857143,0.2887,0.2955914285714286,0.30029428571428574,0.28412857142857145,0.24394,0.23978000000000002,0.23817714285714287,0.24809142857142857,0.2495028571428571,0.2505171428571428,0.24828,0.24747714285714287,0.25075142857142857,0.2531742857142857,0.25148857142857145,0.2573571428571429,0.2533142857142857,0.2530828571428571,0.26926285714285714,0.33518775510204085,0.33519081632653064,0.3344989795918368,0.3396571428571429,0.3406051020408164,0.3341448979591837,0.3357846938775509,0.3381724489795918,0.339665306122449,0.3528591836734694,0.3518214285714286,0.35614693877551024,0.34891530612244903,0.349554081632653,0.34806122448979593,0.24033333333333332,0.2394452380952381,0.23776904761904763,0.24131904761904763,0.24540952380952377,0.23657380952380955,0.2396190476190476,0.2510547619047619,0.2561833333333334,0.24974761904761908,0.2501761904761905,0.25349999999999995,0.2616595238095238,0.26630238095238096,0.24840952380952383,0.26188435374149666,0.26405782312925163,0.26718707482993204,0.26708299319727885,0.26976394557823125,0.2656190476190476,0.2656741496598639,0.26655170068027206,0.2682496598639456,0.27455170068027207,0.27764693877551017,0.276021768707483,0.2726789115646259,0.27391360544217686,0.2746884353741496,Male,16,Teen,Secondary,C,C,R16Teen5Cb16_info1_250Hz_gu2_AEP.conn
CSD499K07F21,CSD499K07f21_info1_250Hz_gu3_AEP.conn,gu3,0.2743809523809524,0.27378095238095235,0.2795714285714285,0.28239047619047614,0.2865142857142857,0.2746,0.2750904761904762,0.27699999999999997,0.2976095238095238,0.29306666666666664,0.2984476190476191,0.30149999999999993,0.29645238095238097,0.2974380952380952,0.3012095238095238,0.3056142857142857,0.30987142857142863,0.3109571428571428,0.30446285714285715,0.30366,0.3081257142857143,0.30774571428571423,0.30392571428571424,0.30023714285714287,0.3005457142857143,0.30187428571428565,0.2968828571428571,0.30189714285714286,0.29912571428571433,0.30572571428571427,0.2452085714285714,0.24506571428571428,0.2459171428571429,0.24528571428571427,0.24995714285714285,0.2390714285714286,0.23740571428571428,0.2386428571428571,0.24323999999999998,0.23025142857142855,0.22929428571428573,0.22887714285714286,0.2273714285714286,0.22526285714285715,0.22950571428571426,0.28716224489795916,0.2864234693877551,0.28608469387755103,0.28621224489795916,0.28705816326530614,0.28763061224489794,0.2856204081632653,0.2818163265306122,0.28354489795918375,0.3030234693877551,0.30167142857142853,0.3006857142857143,0.3010877551020408,0.29932959183673474,0.30105612244897956,0.27922142857142856,0.2811547619047619,0.2773571428571428,0.27522380952380954,0.2730452380952381,0.28205714285714284,0.28498809523809526,0.27851428571428566,0.27397857142857146,0.2868523809523809,0.2861714285714286,0.2836904761904762,0.29192619047619045,0.29119285714285714,0.29056666666666664,0.299704081632653,0.29883401360544215,0.29756938775510205,0.29503877551020413,0.2950537414965987,0.3013517006802721,0.30180952380952386,0.299712925170068,0.2969775510204081,0.3094612244897959,0.30769387755102046,0.30365238095238095,0.3098476190476191,0.30691632653061224,0.3066789115646258,Female,21,Teen,Tertiary,S,NC,CSD499K07f21_info1_250Hz_gu2_AEP.conn
CSD499B8F21,CSD499B8f21_info1_250Hz_gu3_AEP.conn,gu3,0.26670476190476194,0.25939523809523807,0.2588095238095238,0.2587238095238095,0.25743809523809524,0.26404761904761903,0.2681809523809524,0.27163333333333334,0.2980904761904762,0.2870190476190477,0.29033809523809523,0.28909999999999997,0.2935333333333333,0.2936095238095238,0.2898904761904762,0.30055714285714286,0.30574571428571434,0.30414571428571424,0.2991685714285714,0.2953057142857143,0.31016285714285713,0.31062,0.3113657142857143,0.3141514285714286,0.3017,0.30395714285714287,0.2959657142857143,0.3064228571428571,0.30775142857142856,0.3013228571428571,0.22002285714285716,0.22738285714285716,0.2256942857142857,0.22441428571428573,0.22381714285714285,0.2213514285714286,0.22731142857142855,0.23064857142857145,0.22729428571428573,0.2293485714285714,0.2253085714285714,0.21949428571428573,0.23128857142857145,0.23313428571428568,0.22892857142857143,0.2797030612244898,0.2836775510204081,0.2789632653061225,0.28061530612244895,0.2810377551020408,0.2799438775510204,0.2796102040816327,0.2784826530612245,0.2787795918367347,0.300165306122449,0.29577857142857145,0.2978030612244898,0.2982234693877551,0.2965765306122448,0.2957877551020408,0.22605714285714285,0.2244690476190476,0.2268285714285714,0.22708571428571434,0.22522142857142857,0.2245857142857143,0.22114999999999999,0.22312142857142858,0.22833809523809523,0.22119761904761903,0.22447380952380955,0.2256404761904762,0.22019761904761906,0.2167214285714286,0.22060714285714286,0.1693190476190477,0.16516530612244898,0.16607551020408162,0.16660272108843538,0.16844217687074828,0.16107755102040816,0.16114897959183674,0.1623360544217687,0.16683401360544217,0.16772108843537417,0.166634693877551,0.16510612244897957,0.15859591836734696,0.157065306122449,0.1648204081632653,Female,21,Teen,Tertiary,S,NC,CSD499B8f21_info1_250Hz_gu2_AEP.conn
CSD499AH10F21,CSD499AH10f21_info1_250Hz_gu3_AEP.conn,gu3,0.18294761904761905,0.1866,0.19449523809523814,0.2034857142857143,0.2050857142857143,0.20384285714285713,0.2102952380952381,0.2152666666666667,0.25510476190476195,0.24939047619047625,0.2544285714285714,0.2557238095238095,0.2581952380952381,0.25302380952380954,0.2679333333333333,0.3247514285714285,0.3196428571428571,0.32098857142857146,0.3267942857142857,0.33030857142857145,0.3283742857142857,0.3247628571428572,0.3207514285714286,0.3164571428571429,0.3204485714285714,0.32036,0.32238285714285714,0.3214857142857143,0.3169771428571429,0.3236428571428572,0.24014285714285713,0.23551999999999995,0.23170285714285713,0.23568285714285714,0.23870285714285716,0.2354,0.24642571428571425,0.25252,0.25229714285714283,0.23313428571428574,0.2279257142857143,0.2293028571428571,0.24141142857142855,0.24488857142857143,0.2241142857142857,0.327204081632653,0.32730816326530615,0.32744591836734693,0.32703877551020405,0.3256163265306123,0.32144591836734693,0.3226306122448979,0.32583979591836737,0.32472448979591834,0.34751122448979593,0.34703877551020407,0.34699693877551024,0.34481836734693877,0.34831020408163266,0.3458214285714286,0.2774285714285714,0.2734261904761905,0.2742761904761905,0.2779142857142857,0.2814190476190476,0.27824047619047615,0.27949047619047623,0.27992857142857136,0.28249285714285716,0.27751666666666663,0.2756690476190476,0.2782047619047619,0.286497619047619,0.28485238095238097,0.2747095238095238,0.24361224489795918,0.2444299319727891,0.24385374149659866,0.24108979591836732,0.24055102040816334,0.2430374149659864,0.2435891156462585,0.24372789115646262,0.24186326530612248,0.24797687074829933,0.24789727891156466,0.24534149659863944,0.24645034013605446,0.24732789115646256,0.24942993197278918,Female,21,Teen,Tertiary,E,NC,CSD499AH10f21_info1_250Hz_gu2_AEP.conn
CSD499AB04G21,CSD499AB04g21_info1_250Hz_gu3_AEP.conn,gu3,0.2446761904761905,0.2468904761904762,0.2542,0.2577904761904762,0.2575571428571428,0.25312380952380953,0.25753333333333334,0.2610571428571429,0.27935714285714286,0.2608285714285714,0.2640761904761904,0.2645142857142857,0.27403333333333335,0.27540952380952377,0.25892380952380956,0.30399714285714285,0.3017228571428571,0.3042028571428571,0.3100657142857143,0.30855142857142853,0.31044,0.3082914285714286,0.31086857142857144,0.31657142857142856,0.30344857142857146,0.30497142857142856,0.31083428571428573,0.3079942857142857,0.31022,0.3066628571428572,0.30108,0.30089714285714286,0.3002285714285714,0.30448285714285717,0.30467714285714287,0.29560857142857144,0.2945285714285714,0.29796857142857147,0.3032142857142857,0.29882285714285717,0.2988085714285714,0.3044085714285715,0.29543428571428565,0.3002142857142857,0.29594571428571437,0.3256418367346939,0.324530612244898,0.3250734693877551,0.32864693877551027,0.32923979591836733,0.3274908163265306,0.3280520408163266,0.3285663265306123,0.32898061224489794,0.3440489795918367,0.3448795918367346,0.34772551020408166,0.34944795918367344,0.3484551020408163,0.3463091836734694,0.3093738095238095,0.31197619047619046,0.3140404761904762,0.3134547619047619,0.31811904761904763,0.31448333333333334,0.3154642857142857,0.3163119047619048,0.3167714285714286,0.31130952380952387,0.31303571428571425,0.3143333333333333,0.31668809523809527,0.31675238095238095,0.31465238095238096,0.1995748299319728,0.19765034013605437,0.19927278911564622,0.20404557823129255,0.2073061224489796,0.1989149659863945,0.19912448979591837,0.2014108843537415,0.20343877551020415,0.20174489795918366,0.2046925170068027,0.2093421768707483,0.20340544217687076,0.20649591836734693,0.2036891156462585,Female,21,Teen,Tertiary,A,NC,CSD499AB04g21_info1_250Hz_gu2_AEP.conn
CSD499LS06F20,CSD499LS06f20_info1_250Hz_gu3_AEP.conn,gu3,0.16667142857142858,0.1662142857142857,0.1698428571428571,0.17299999999999996,0.17183809523809526,0.15876190476190477,0.16313333333333332,0.16967142857142858,0.22008571428571425,0.2136428571428571,0.22072380952380952,0.22417142857142858,0.2099904761904762,0.2163238095238095,0.21543809523809523,0.23970857142857144,0.23828857142857146,0.23520857142857138,0.23816857142857142,0.23978000000000002,0.23702285714285715,0.23148857142857143,0.2286,0.2308828571428571,0.22614857142857142,0.2235714285714286,0.2273,0.22277428571428573,0.21916857142857143,0.22067142857142857,0.2006342857142857,0.1981,0.19434285714285712,0.19455999999999998,0.19668000000000002,0.19136857142857142,0.18889428571428574,0.19003142857142855,0.19352285714285714,0.19044571428571427,0.18919714285714284,0.1896857142857143,0.1821714285714286,0.18694285714285713,0.18918285714285715,0.2546908163265306,0.2503265306122449,0.2507561224489796,0.25396326530612245,0.2546857142857143,0.25321530612244897,0.25069387755102046,0.2522326530612245,0.25256530612244893,0.2657122448979592,0.26544081632653066,0.26802040816326533,0.2684479591836735,0.26915204081632654,0.2630204081632653,0.23785,0.23488571428571428,0.2413952380952381,0.24375238095238097,0.24500476190476186,0.24783095238095243,0.24796666666666667,0.2508619047619048,0.24973809523809523,0.25696904761904765,0.2595809523809524,0.2604595238095238,0.2719547619047619,0.27035238095238096,0.25982857142857146,0.19198639455782315,0.19007891156462586,0.19066190476190475,0.19234761904761907,0.1919612244897959,0.19081360544217688,0.19011700680272106,0.18990884353741494,0.19120816326530615,0.19630612244897963,0.19679387755102043,0.19909387755102037,0.19653265306122453,0.1961707482993197,0.1957530612244898,Female,20,Teen,Tertiary,S,NC,CSD499LS06f20_info1_250Hz_gu2_AEP.conn
R16P02C_G16,R16P02C_g16_info1_250Hz_gu3_AEP.conn,gu3,0.1981238095238095,0.19753333333333334,0.1970047619047619,0.19697142857142858,0.1984809523809524,0.19581904761904764,0.19686666666666666,0.1953047619047619,0.23911904761904765,0.23972380952380953,0.24471428571428575,0.24244285714285718,0.24139047619047618,0.2424666666666667,0.2507142857142857,0.33527142857142855,0.33663999999999994,0.3397057142857143,0.3405628571428571,0.3414371428571429,0.3318457142857143,0.33058000000000004,0.33204,0.33326857142857147,0.3311114285714286,0.33409428571428573,0.3384542857142857,0.32985714285714285,0.3298371428571429,0.32798285714285713,0.2956742857142857,0.2959885714285715,0.29743142857142857,0.2956142857142857,0.2963085714285714,0.29137142857142856,0.2949,0.2965885714285714,0.29723142857142854,0.29506,0.29725428571428575,0.3000628571428571,0.2984399999999999,0.3000971428571429,0.29884,0.2963857142857143,0.29468877551020417,0.29493265306122446,0.29648367346938775,0.29803775510204084,0.2940408163265306,0.295554081632653,0.29385918367346947,0.29390612244897957,0.3094826530612246,0.3099734693877551,0.3113734693877551,0.3087367346938776,0.3081816326530612,0.31123469387755104,0.21462380952380952,0.2137738095238095,0.21350714285714287,0.21530476190476192,0.21940476190476188,0.2224642857142857,0.22085714285714284,0.21303333333333332,0.2115166666666667,0.22599761904761906,0.22512619047619045,0.2258190476190476,0.22910714285714284,0.22680476190476193,0.22402857142857144,0.24129115646258506,0.24076666666666666,0.24140680272108844,0.24220408163265306,0.24261768707482992,0.24575238095238094,0.244608843537415,0.24371768707482985,0.24267823129251706,0.24943061224489801,0.250308843537415,0.25081156462585036,0.25237074829931977,0.25270748299319723,0.2543244897959183,Female,16,Teen,Secondary,C,C,R16P02C_g16_info1_250Hz_gu2_AEP.conn
CSD499DV04F21,CSD499DV04f21_info1_250Hz_gu3_AEP.conn,gu3,0.27034761904761906,0.2703476190476191,0.269952380952381,0.2747904761904762,0.27985238095238096,0.2629619047619048,0.2603761904761905,0.26824761904761907,0.31784285714285715,0.2944952380952381,0.3011142857142857,0.31038095238095237,0.2963428571428572,0.30529999999999996,0.2928428571428571,0.3218714285714286,0.3226742857142858,0.32532571428571433,0.32879142857142857,0.3306657142857143,0.32017428571428563,0.3207942857142857,0.3192657142857143,0.32146285714285716,0.30532000000000004,0.3093171428571429,0.3165228571428571,0.3150114285714286,0.3146542857142857,0.3116028571428571,0.28623714285714286,0.2844371428571429,0.2783,0.27744571428571424,0.27837999999999996,0.2923457142857143,0.2916371428571428,0.2908828571428571,0.28733714285714285,0.28068571428571426,0.2741342857142858,0.2740742857142857,0.28968,0.2893657142857143,0.2766571428571428,0.3486724489795919,0.3481979591836735,0.35033673469387755,0.3524163265306122,0.35501632653061227,0.3494163265306122,0.35023979591836746,0.3497948979591837,0.35136224489795925,0.37037040816326533,0.3708816326530612,0.37036224489795927,0.36760408163265307,0.3705438775510204,0.3675642857142858,0.3312619047619047,0.33254761904761904,0.3378452380952381,0.3386785714285714,0.338302380952381,0.34194047619047613,0.34510238095238094,0.3413785714285715,0.3338904761904762,0.340802380952381,0.3443452380952381,0.3435642857142857,0.34300714285714284,0.3442285714285714,0.3433904761904762,0.2780034013605442,0.2794884353741497,0.2784775510204081,0.27548299319727887,0.2726578231292517,0.27810816326530613,0.27754693877551023,0.27457278911564625,0.27201428571428565,0.283878231292517,0.2832163265306123,0.2815537414965987,0.2838530612244897,0.2818156462585034,0.28066938775510203,Female,21,Teen,Tertiary,S,NC,CSD499DV04f21_info1_250Hz_gu2_AEP.conn
CSD499E9F21,CSD499E9f21_info1_250Hz_gu3_AEP.conn,gu3,0.22466666666666668,0.2238809523809524,0.24589523809523808,0.2724380952380952,0.26809999999999995,0.2435761904761905,0.26226190476190475,0.2837523809523809,0.305352380952381,0.2591952380952381,0.2716571428571429,0.28459523809523807,0.28893809523809527,0.29742857142857143,0.28114285714285714,0.32275714285714285,0.32923714285714284,0.33302571428571426,0.3319142857142857,0.3242685714285714,0.3309742857142857,0.34275142857142854,0.3443828571428571,0.34288285714285716,0.3336,0.33248,0.32700571428571423,0.3476342857142857,0.34849428571428576,0.3318857142857143,0.2723,0.2819342857142857,0.29403714285714283,0.30198,0.30350857142857146,0.2713857142857143,0.2893771428571429,0.2984514285714286,0.29989142857142853,0.2947685714285714,0.30706285714285714,0.31280571428571424,0.3047,0.3131142857142857,0.3161942857142857,0.3584173469387755,0.3603428571428572,0.36084999999999995,0.36141326530612233,0.3632602040816327,0.35833265306122447,0.3629275510204081,0.369330612244898,0.3719275510204082,0.3756214285714286,0.3781428571428572,0.37626122448979593,0.37896836734693873,0.37956224489795914,0.38519591836734696,0.3419833333333333,0.3487642857142857,0.35728809523809524,0.3569785714285714,0.34724285714285713,0.3543857142857143,0.35971904761904755,0.3622357142857144,0.3524452380952381,0.34465238095238093,0.35660952380952377,0.3576571428571429,0.37409523809523804,0.3667285714285715,0.35322619047619047,0.2598442176870749,0.26441088435374144,0.2640027210884354,0.26658027210884355,0.2663489795918367,0.2608095238095238,0.2615278911564626,0.2601292517006803,0.26025986394557826,0.2614469387755102,0.26041360544217684,0.2613102040816327,0.2582925170068027,0.2548659863945578,0.2562646258503401,Female,21,Teen,Tertiary,E,NC,CSD499E9f21_info1_250Hz_gu2_AEP.conn
CSD499SL03F20,CSD499SL03F20_info1_250Hz_gu3_AEP.conn,gu3,0.2282,0.2263761904761905,0.23134761904761902,0.23412380952380954,0.23631428571428573,0.22925714285714285,0.2330095238095238,0.23680476190476193,0.27860476190476197,0.2700714285714286,0.27536190476190475,0.27660476190476196,0.2727333333333333,0.27649047619047623,0.27681904761904763,0.2602114285714286,0.26112857142857143,0.26355428571428574,0.2622457142857143,0.26342571428571426,0.26422285714285715,0.26878285714285716,0.2692314285714286,0.2680828571428572,0.26098857142857146,0.26412,0.26455142857142855,0.26824571428571425,0.2681314285714286,0.26186571428571426,0.23729142857142857,0.23281142857142859,0.22978571428571432,0.22936285714285715,0.23409428571428567,0.2314342857142857,0.22913714285714287,0.22702285714285714,0.2277914285714286,0.22811714285714282,0.22609142857142855,0.22723142857142853,0.2278742857142857,0.225,0.22112285714285712,0.2882591836734694,0.28936632653061223,0.28925102040816325,0.2908112244897959,0.290623469387755,0.29261326530612247,0.29520918367346943,0.2963632653061224,0.29586530612244905,0.30611326530612243,0.30620714285714296,0.3081397959183673,0.3118591836734694,0.31368571428571423,0.3076816326530612,0.2686023809523809,0.2697738095238095,0.26715952380952385,0.26766428571428574,0.26890476190476187,0.2612166666666667,0.26124285714285717,0.25878571428571423,0.26067380952380953,0.27886666666666665,0.27754999999999996,0.27781428571428574,0.27522619047619046,0.2749928571428572,0.2767023809523809,0.2364401360544218,0.23622653061224486,0.23627006802721096,0.23864897959183676,0.2383408163265306,0.23297891156462583,0.23304625850340135,0.2344387755102041,0.23501836734693882,0.23548571428571427,0.23599183673469387,0.2392319727891157,0.2374061224489796,0.23886802721088438,0.23854625850340136,Female,20,Teen,Tertiary,S,NC,CSD499SL03F20_info1_250Hz_gu2_AEP.conn
NIH01C01B17,NIH01C01b17_info1_250Hz_gu3_AEP.conn,gu3,0.31610000000000005,0.3132238095238095,0.3224666666666666,0.3268,0.32376666666666665,0.3148047619047619,0.3245952380952381,0.32965714285714287,0.34753809523809526,0.33810952380952375,0.33987619047619044,0.34783333333333327,0.33852857142857146,0.3441666666666667,0.3328761904761905,0.4220314285714286,0.4183199999999999,0.42504,0.4281114285714286,0.42600571428571427,0.4124,0.4215771428571428,0.4191028571428571,0.40877714285714284,0.4210914285714285,0.41348285714285715,0.4132542857142858,0.42365142857142857,0.42502571428571423,0.40887142857142855,0.38669428571428577,0.38582285714285713,0.3828971428571428,0.38798571428571427,0.39374571428571425,0.3840085714285714,0.37615999999999994,0.37291714285714284,0.37886571428571425,0.38783142857142855,0.3753542857142857,0.37508,0.38479714285714284,0.3789771428571429,0.3826828571428572,0.3743765306122448,0.3744489795918367,0.37092755102040825,0.37135,0.37219897959183673,0.37151632653061223,0.3702142857142857,0.37451938775510196,0.3781744897959184,0.39720714285714276,0.39285714285714285,0.39065204081632654,0.3880744897959184,0.38986734693877556,0.3936530612244897,0.3251880952380953,0.3128166666666667,0.3000666666666667,0.2945571428571429,0.2993452380952381,0.3144214285714286,0.3053214285714286,0.3080833333333333,0.3121642857142857,0.33881190476190487,0.32520952380952384,0.3167142857142857,0.3186809523809524,0.31061904761904763,0.32714523809523804,0.2870612244897959,0.2829544217687075,0.2837394557823129,0.28957891156462584,0.2965013605442177,0.2957891156462584,0.2925210884353742,0.2869265306122449,0.2817809523809524,0.28379863945578226,0.28372857142857144,0.2889693877551021,0.2882108843537415,0.28042721088435374,0.28735034013605437,Male,17,Teen,Secondary,C,C,NIH01C01b17_info1_250Hz_gu2_AEP.conn
R16JY24B17,R16jy24b17_info1_250Hz_gu3_AEP.conn,gu3,0.259052380952381,0.25525238095238095,0.25414761904761907,0.25499523809523805,0.2548238095238095,0.25999047619047616,0.2587809523809524,0.2505428571428572,0.29050952380952383,0.29001428571428567,0.28812857142857146,0.2881714285714286,0.296947619047619,0.2903809523809524,0.28068095238095236,0.28765999999999997,0.28326285714285715,0.28130857142857146,0.28280571428571427,0.28206571428571425,0.2868057142857142,0.28478000000000003,0.2828657142857143,0.28390857142857145,0.2894342857142857,0.29077142857142857,0.29509142857142856,0.29053714285714277,0.2900314285714286,0.29122285714285717,0.2769514285714285,0.26885428571428577,0.2648028571428572,0.2630028571428572,0.2685942857142857,0.2666857142857143,0.2619742857142857,0.26096,0.26284857142857143,0.2729457142857143,0.2690485714285714,0.26748571428571427,0.2687857142857143,0.26558571428571426,0.26738000000000006,0.3385357142857143,0.33816428571428575,0.3404551020408163,0.34222040816326527,0.3416489795918367,0.3369285714285714,0.3363224489795918,0.33491734693877545,0.3338357142857143,0.3512908163265306,0.35414285714285715,0.35640612244897957,0.3532918367346939,0.353369387755102,0.3526214285714286,0.2270309523809524,0.22553095238095236,0.22544999999999996,0.2245952380952381,0.2264761904761905,0.2251404761904762,0.22540238095238097,0.22134047619047614,0.22025714285714285,0.22790238095238094,0.22620238095238096,0.22473333333333334,0.22799285714285714,0.22681190476190474,0.22507857142857143,0.20989999999999998,0.2087741496598639,0.20719795918367345,0.20701360544217687,0.2077408163265306,0.20896870748299315,0.20839455782312927,0.2074802721088435,0.20637959183673468,0.21250340136054421,0.2114251700680272,0.21018571428571428,0.21325170068027208,0.21074693877551018,0.21342108843537416,Male,17,Teen,Secondary,C,C,R16jy24b17_info1_250Hz_gu2_AEP.conn
R16CJTEST_B15,R16CjTest_b15_info1_250Hz_gu3_AEP.conn,gu3,0.3397285714285714,0.3386571428571428,0.33803333333333335,0.3312333333333333,0.32526190476190475,0.3390380952380952,0.33693333333333336,0.3328238095238096,0.35304761904761905,0.3556857142857143,0.35595714285714286,0.34890952380952384,0.36304761904761906,0.3578857142857142,0.3617142857142857,0.33366857142857137,0.3313628571428572,0.3298457142857143,0.3303114285714286,0.32851142857142857,0.3292,0.3299142857142857,0.32888,0.32765714285714287,0.3309885714285714,0.3313400000000001,0.3286342857142857,0.33053714285714286,0.3281314285714285,0.33224,0.25358285714285717,0.2555657142857143,0.2558028571428571,0.25754000000000005,0.2582628571428571,0.2604857142857143,0.26031714285714286,0.2588114285714286,0.26052285714285717,0.25766,0.26140857142857143,0.26321714285714287,0.2600457142857143,0.26144,0.26512,0.3114448979591836,0.31013571428571424,0.3089816326530612,0.30935102040816326,0.30783877551020405,0.31571020408163264,0.31382244897959183,0.3118489795918368,0.3096785714285714,0.328980612244898,0.3291908163265306,0.32857857142857144,0.332730612244898,0.32858979591836723,0.32963265306122447,0.3117880952380952,0.3076714285714286,0.30298095238095235,0.30417380952380946,0.3055285714285714,0.30839761904761903,0.30488333333333334,0.29987619047619046,0.29628571428571426,0.3310619047619048,0.32580476190476193,0.3256833333333333,0.3292833333333334,0.3197952380952381,0.3294809523809524,0.2696557823129252,0.2702517006802721,0.2733884353741497,0.2745081632653062,0.27719455782312924,0.2762741496598639,0.2785136054421769,0.2786931972789116,0.2781312925170068,0.2781884353741497,0.2812945578231292,0.28169047619047616,0.2865149659863945,0.2851510204081632,0.2837285714285714,Male,15,Teen,Secondary,C,C,R16CjTest_b15_info1_250Hz_gu2_AEP.conn
CSD499KK01F21,CSD499KK01f21_info1_250Hz_gu3_AEP.conn,gu3,0.28890952380952384,0.29174761904761903,0.2980238095238095,0.2985714285714286,0.29823333333333335,0.3052142857142857,0.30813333333333337,0.3101619047619048,0.33764285714285713,0.33352380952380956,0.33973809523809523,0.33863809523809524,0.33370000000000005,0.3331523809523809,0.34385238095238096,0.34035714285714286,0.33876,0.3412,0.34400857142857144,0.34474571428571427,0.3420114285714286,0.3421971428571428,0.34544857142857144,0.34779714285714286,0.33457428571428577,0.3379371428571428,0.3408771428571429,0.34035714285714286,0.3428542857142857,0.34488,0.31255714285714287,0.3066771428571429,0.3023,0.30278285714285713,0.3085885714285714,0.31586000000000003,0.31692,0.31310000000000004,0.30743714285714285,0.30325714285714284,0.3023942857142857,0.3047285714285714,0.30821714285714286,0.3076485714285714,0.3096,0.3061265306122449,0.30430102040816326,0.30323367346938773,0.3022714285714286,0.30049897959183675,0.303638775510204,0.3034816326530613,0.29817142857142853,0.29664183673469385,0.31781020408163263,0.31849081632653065,0.32013673469387754,0.3230581632653061,0.31846428571428576,0.31651326530612245,0.22309999999999997,0.22337142857142855,0.2224642857142857,0.21944761904761909,0.21636190476190476,0.2263166666666667,0.2247785714285714,0.2296452380952381,0.23329047619047616,0.23345000000000002,0.23249047619047622,0.23114761904761905,0.2342404761904762,0.24003095238095237,0.23137142857142856,0.1583707482993197,0.15786054421768708,0.15820136054421768,0.15956802721088437,0.15884489795918372,0.1519714285714286,0.15287891156462585,0.1565850340136054,0.1567639455782313,0.16063197278911567,0.16115238095238094,0.16396394557823127,0.1579986394557823,0.162134693877551,0.15916394557823127,Female,21,Teen,Tertiary,C,C,CSD499KK01f21_info1_250Hz_gu2_AEP.conn
R16CTEEN06G16,R16Cteen06g16_info1_250Hz_gu3_AEP.conn,gu3,0.20093809523809525,0.20561428571428572,0.19868095238095237,0.19281904761904767,0.1951619047619048,0.20836190476190475,0.2034904761904762,0.20191904761904764,0.2451095238095238,0.25461904761904763,0.2479428571428571,0.2413047619047619,0.2418714285714286,0.24490476190476188,0.2516285714285715,0.3095028571428572,0.30917142857142854,0.30759142857142857,0.30675428571428565,0.3042714285714286,0.2969571428571428,0.2981114285714285,0.29945428571428573,0.2959828571428572,0.30943714285714286,0.31108857142857144,0.3143771428571429,0.30888,0.31384285714285715,0.3121714285714286,0.3318657142857143,0.3275371428571429,0.3238457142857143,0.3239371428571428,0.3216742857142857,0.3237485714285714,0.3259628571428571,0.3243342857142857,0.3251285714285714,0.3261685714285715,0.32550285714285715,0.3308257142857143,0.33018000000000003,0.3302971428571429,0.32351428571428575,0.2708255102040816,0.2692928571428571,0.2681959183673469,0.2695683673469388,0.2695051020408163,0.2722408163265305,0.26867346938775516,0.27037653061224487,0.2718142857142857,0.28482448979591835,0.2842489795918367,0.28597551020408163,0.2874602040816327,0.28532244897959186,0.2835102040816327,0.24187142857142854,0.24236666666666665,0.24076904761904763,0.23801428571428573,0.23563095238095236,0.2384952380952381,0.23748571428571422,0.24074761904761907,0.23933095238095237,0.24211190476190472,0.24475,0.2443357142857143,0.24598809523809526,0.24393571428571428,0.24700476190476192,0.2654210884353741,0.2646673469387754,0.26528707482993197,0.26241564625850333,0.25897755102040815,0.25506122448979585,0.2544394557823129,0.2535965986394558,0.25375238095238095,0.25988775510204076,0.2621312925170068,0.2599108843537415,0.25446938775510203,0.25449455782312924,0.25906734693877553,Female,16,Teen,Secondary,C,C,R16Cteen06g16_info1_250Hz_gu2_AEP.conn
NIH01C02B19,NIH01C02b19_info1_250Hz_gu3_AEP.conn,gu3,0.290447619047619,0.28746666666666665,0.28253809523809525,0.2803047619047619,0.27498571428571433,0.2904333333333333,0.2890809523809524,0.27692857142857147,0.311647619047619,0.31599523809523816,0.31006190476190476,0.3106857142857143,0.3183714285714286,0.30563333333333337,0.30119523809523807,0.36741714285714283,0.36684285714285714,0.36981142857142857,0.37788571428571427,0.3727942857142857,0.38616857142857147,0.39022,0.3905828571428571,0.38433142857142855,0.37686285714285717,0.37939428571428574,0.39000857142857137,0.3966314285714286,0.39627999999999997,0.3868914285714286,0.35667714285714286,0.357,0.35731142857142856,0.36096000000000006,0.3581,0.3664657142857143,0.3662857142857143,0.3634857142857143,0.36439714285714286,0.36296000000000006,0.36343142857142857,0.36819142857142856,0.36920000000000003,0.36650285714285713,0.3692542857142857,0.32247244897959176,0.32217755102040824,0.32262551020408164,0.3240969387755102,0.32608979591836734,0.32427244897959184,0.3255255102040816,0.3284948979591837,0.32899183673469384,0.3406438775510204,0.340465306122449,0.3405081632653061,0.3433989795918367,0.34349693877551024,0.3429153061224489,0.26768571428571425,0.26789761904761905,0.2701166666666666,0.26494285714285715,0.2599214285714286,0.2710666666666666,0.2712333333333334,0.27458095238095237,0.2726690476190476,0.28093809523809526,0.28068571428571426,0.2743452380952381,0.28248095238095244,0.2843095238095238,0.2775261904761904,0.19205306122448979,0.19224013605442178,0.19336802721088434,0.1933659863945578,0.19275714285714288,0.18884081632653063,0.19101020408163266,0.1918877551020408,0.19370544217687077,0.1993272108843537,0.1996877551020408,0.1986469387755102,0.20090000000000002,0.20251088435374148,0.20264013605442183,Male,19,Teen,Tertiary,C,C,NIH01C02b19_info1_250Hz_gu2_AEP.conn
R16TEENPVB,R16teenPvb_info1_250Hz_gu3_AEP.conn,gu3,0.28928095238095236,0.2867952380952381,0.28340000000000004,0.28265238095238093,0.285552380952381,0.2859523809523809,0.2850761904761905,0.2865190476190476,0.32882380952380946,0.3281285714285714,0.3255333333333333,0.3233238095238095,0.33254761904761904,0.3351380952380952,0.33086666666666664,0.32356285714285715,0.3245171428571429,0.3274571428571428,0.32801142857142856,0.3246685714285714,0.3231085714285714,0.3215971428571428,0.3221942857142857,0.32295714285714283,0.32120000000000004,0.3216171428571429,0.3185514285714286,0.3246457142857143,0.32438,0.3210742857142857,0.2835971428571428,0.28413714285714287,0.2865857142857143,0.28822000000000003,0.2897142857142857,0.2862342857142857,0.2876228571428571,0.28788571428571436,0.28738857142857144,0.2871542857142857,0.28766285714285716,0.2851342857142857,0.28948285714285715,0.28967428571428566,0.28900000000000003,0.40554489795918375,0.4062091836734694,0.4072030612244898,0.4088244897959184,0.41098367346938774,0.41195510204081637,0.4129816326530612,0.40932346938775505,0.4107928571428571,0.42158571428571434,0.42087142857142856,0.4215857142857143,0.42837142857142857,0.4278295918367347,0.4262275510204082,0.414647619047619,0.41450952380952377,0.41461428571428566,0.4137166666666667,0.4114761904761905,0.4154119047619047,0.4147190476190476,0.40556428571428565,0.4048095238095239,0.40738571428571424,0.40632142857142856,0.40609761904761904,0.4027095238095238,0.403247619047619,0.40635000000000004,0.3079319727891156,0.3086945578231293,0.3095333333333333,0.30877074829931966,0.30727346938775507,0.3115809523809523,0.3122571428571428,0.3125625850340136,0.3123034013605442,0.3108646258503402,0.311339455782313,0.3104374149659864,0.3150544217687075,0.3149965986394558,0.316282993197279,Male,16,Teen,Secondary,E,NC,R16teenPvb_info1_250Hz_gu2_AEP.conn
CSD499CS02F20,CSD499CS02f20_info1_250Hz_gu3_AEP.conn,gu3,0.18582380952380953,0.17766666666666667,0.17786190476190478,0.1774190476190476,0.17595714285714284,0.1778428571428571,0.17308095238095236,0.17111904761904762,0.20837142857142857,0.20896666666666666,0.21018571428571428,0.21112857142857144,0.20778571428571427,0.20381428571428573,0.20579523809523806,0.26265142857142854,0.2626914285714286,0.2649942857142857,0.26936857142857146,0.2678942857142857,0.2605685714285714,0.2652542857142857,0.26717142857142856,0.26654,0.25586,0.25711428571428574,0.2628742857142857,0.25942857142857145,0.2616028571428572,0.2541828571428571,0.19657428571428573,0.19422571428571428,0.19254571428571426,0.19366857142857144,0.19686857142857145,0.20553999999999997,0.20240285714285716,0.20014285714285712,0.1984142857142857,0.19694285714285717,0.19533428571428574,0.19752571428571425,0.20496571428571428,0.20206285714285716,0.19591142857142857,0.22550510204081634,0.22697142857142857,0.2263193877551021,0.2289816326530612,0.22974897959183674,0.2274173469387755,0.22837653061224492,0.23072857142857142,0.2306918367346939,0.24815102040816323,0.24759795918367347,0.24986020408163268,0.24873775510204083,0.24906020408163262,0.25057551020408164,0.2283547619047619,0.22918333333333332,0.23087619047619048,0.23355714285714288,0.22842380952380956,0.22766190476190473,0.23085476190476187,0.23134761904761902,0.227,0.2462,0.24749285714285715,0.2493142857142857,0.24860238095238096,0.2464380952380952,0.24386190476190472,0.18040952380952383,0.17899183673469385,0.17965986394557826,0.1816047619047619,0.18411632653061227,0.17568707482993198,0.17668095238095238,0.1774857142857143,0.17832993197278915,0.1857047619047619,0.18670408163265306,0.18859999999999996,0.18375714285714287,0.18582176870748301,0.18769047619047619,Female,20,Teen,Tertiary,S,NC,CSD499CS02f20_info1_250Hz_gu2_AEP.conn
EES23F24,ees23f24_250Hz_gu3_AEP.conn,gu3,0.2729761904761905,0.2713761904761905,0.2757,0.2796619047619047,0.27852380952380945,0.28010952380952386,0.2796238095238095,0.2759619047619048,0.2950000000000001,0.30369999999999997,0.30356666666666665,0.3041380952380952,0.30534761904761903,0.2991142857142857,0.3079047619047619,0.30564,0.3085685714285714,0.30757142857142855,0.30783142857142853,0.30433714285714286,0.29869142857142855,0.30500285714285713,0.3035085714285714,0.30532571428571426,0.29477714285714285,0.29406571428571426,0.29138857142857144,0.31306571428571434,0.3089257142857143,0.2948257142857143,0.23954285714285714,0.2438142857142857,0.25123142857142855,0.25467142857142855,0.2519857142857143,0.24002000000000004,0.24277428571428575,0.24665428571428566,0.25147714285714284,0.23673714285714284,0.2427342857142857,0.24127428571428572,0.2401114285714286,0.2419942857142857,0.23979999999999996,0.2521530612244898,0.2543367346938775,0.2572448979591837,0.25722244897959184,0.2574908163265306,0.2530581632653061,0.2558591836734694,0.2571051020408163,0.2599877551020408,0.27368979591836734,0.27551326530612247,0.27624591836734697,0.2736816326530612,0.27514693877551016,0.27544591836734694,0.21838095238095234,0.22073571428571429,0.21920714285714285,0.21871666666666667,0.21591428571428573,0.2268214285714286,0.22201428571428572,0.22163333333333332,0.22133809523809522,0.24296190476190474,0.23841190476190477,0.23327380952380952,0.24185714285714285,0.24011428571428572,0.2317619047619048,0.17641564625850342,0.17691632653061226,0.17728027210884356,0.17835782312925172,0.17867278911564627,0.17786938775510203,0.1756836734693878,0.17457346938775511,0.17329659863945576,0.18183537414965986,0.17979047619047622,0.18077551020408164,0.1887102040816327,0.188912925170068,0.17906666666666668,Female,24,Adult,Adult,E,NC,ees23f24_250Hz_gu2_AEP.conn
EES12F24,ees12f24_250Hz_gu3_AEP.conn,gu3,0.24180476190476194,0.24799047619047618,0.2503571428571429,0.2432,0.24289999999999998,0.2424761904761905,0.24112857142857144,0.2284190476190476,0.26571428571428574,0.27622857142857143,0.28989523809523815,0.2889238095238095,0.2955238095238095,0.2794190476190476,0.30264761904761905,0.3127685714285714,0.30003714285714284,0.3039171428571429,0.3153228571428572,0.3261942857142857,0.31312285714285715,0.30257999999999996,0.2993257142857143,0.30578285714285713,0.3026714285714286,0.30448571428571436,0.31146285714285715,0.31214571428571425,0.30898285714285717,0.3172828571428571,0.22555428571428568,0.22553714285714282,0.23643142857142857,0.24644,0.2479,0.23417142857142856,0.23685428571428574,0.24097714285714286,0.2526914285714286,0.22517714285714283,0.23208285714285712,0.24072,0.2324514285714286,0.23470285714285716,0.2346342857142857,0.27760816326530613,0.2757673469387755,0.2759714285714286,0.27936836734693876,0.2819938775510204,0.27486428571428567,0.26669081632653063,0.26312551020408165,0.2633816326530612,0.2911244897959184,0.290854081632653,0.2919989795918368,0.2836887755102041,0.2800132653061224,0.2874408163265306,0.26493333333333335,0.2598952380952381,0.25941190476190473,0.2585190476190476,0.2576095238095238,0.2530047619047619,0.2571880952380952,0.2604714285714286,0.26628809523809527,0.2685095238095238,0.26487619047619043,0.2682261904761905,0.2658428571428572,0.27068571428571425,0.2657619047619048,0.18614489795918368,0.18896938775510205,0.1900503401360544,0.19229115646258504,0.19369795918367347,0.19696938775510206,0.19855306122448976,0.19990272108843538,0.19826666666666665,0.1904095238095238,0.1907428571428571,0.19512176870748296,0.20188639455782312,0.20671564625850336,0.19548095238095234,Female,24,Adult,Adult,E,NC,ees12f24_250Hz_gu2_AEP.conn
MMS14F25,mms14f25_250Hz_gu3_AEP.conn,gu3,0.3640285714285714,0.35890000000000005,0.3627190476190476,0.3701142857142858,0.37146190476190477,0.3879761904761905,0.3885523809523809,0.3785857142857143,0.38671428571428573,0.37857619047619046,0.3751619047619048,0.3794380952380953,0.3998714285714285,0.38763333333333333,0.38389999999999996,0.38610857142857147,0.3844228571428571,0.38642,0.38530857142857144,0.3823057142857143,0.38979428571428576,0.3906657142857143,0.3885571428571429,0.3869771428571429,0.37526571428571426,0.37445142857142866,0.37134,0.37921142857142864,0.37466571428571427,0.3804,0.30909714285714285,0.30742285714285716,0.30789999999999995,0.3081885714285714,0.30773999999999996,0.2909085714285714,0.29085142857142854,0.29656285714285713,0.30311999999999995,0.29328571428571426,0.2911171428571429,0.2904828571428571,0.2733457142857143,0.28224000000000005,0.29190571428571427,0.3464,0.34521632653061224,0.3444428571428571,0.34319795918367346,0.3390744897959183,0.3451704081632653,0.3444040816326531,0.3476469387755102,0.350619387755102,0.3658163265306122,0.36348163265306127,0.3620918367346939,0.360084693877551,0.3649826530612245,0.36264489795918375,0.28259523809523807,0.28744523809523814,0.2875857142857143,0.28835238095238097,0.2894142857142857,0.28469285714285714,0.2857095238095238,0.29000714285714285,0.2923142857142857,0.28450238095238095,0.28186904761904763,0.28177142857142856,0.2801261904761904,0.2893928571428572,0.2766214285714286,0.26950748299319727,0.2698551020408163,0.2665224489795919,0.2643530612244898,0.2664081632653062,0.26639251700680283,0.2682673469387755,0.2689795918367347,0.26773469387755106,0.26891836734693886,0.2663006802721089,0.2651047619047619,0.2685476190476191,0.2682231292517007,0.2676734693877551,Female,25,Adult,Adult,C,C,mms14f25_250Hz_gu2_AEP.conn
EES22M27,EES22M27_250Hz_gu3_AEP.conn,gu3,0.1801047619047619,0.18366190476190472,0.18653333333333336,0.18622857142857144,0.1882190476190476,0.17739523809523808,0.18526190476190474,0.18485714285714286,0.2210047619047619,0.2201904761904762,0.2219047619047619,0.2241904761904762,0.23712380952380951,0.23077619047619047,0.2279190476190476,0.28807428571428567,0.28634000000000004,0.28965428571428575,0.2910628571428572,0.29410857142857144,0.2911257142857143,0.29329142857142854,0.28921714285714284,0.2803457142857143,0.27729428571428577,0.27874857142857146,0.27944857142857144,0.28902,0.28111428571428576,0.26578,0.2182457142857143,0.22008857142857147,0.22022857142857138,0.21730285714285716,0.21857142857142858,0.2196742857142857,0.21768285714285715,0.21215428571428574,0.20532285714285714,0.2299742857142857,0.2257257142857143,0.22075428571428568,0.22964,0.2244428571428571,0.22459714285714286,0.2766969387755102,0.27791836734693875,0.27702857142857146,0.27617346938775506,0.2758836734693878,0.2808642857142857,0.2801397959183674,0.27822755102040814,0.2763326530612245,0.2919122448979592,0.29067755102040815,0.2918193877551021,0.2983622448979592,0.29498571428571424,0.29311938775510205,0.24677142857142856,0.24508571428571427,0.24754523809523812,0.2435357142857143,0.24107380952380952,0.25237380952380956,0.2561547619047619,0.25816904761904763,0.25779761904761905,0.25194285714285714,0.2560095238095238,0.2557214285714286,0.2614880952380953,0.2653404761904762,0.2626142857142857,0.17066598639455785,0.17091224489795917,0.16954625850340135,0.170674149659864,0.1706850340136054,0.17294217687074828,0.17473945578231292,0.17588843537414967,0.17689047619047618,0.17602993197278916,0.1749421768707483,0.1752768707482993,0.1747530612244898,0.17708503401360545,0.18015986394557823,Male,27,Adult,Adult,E,NC,EES22M27_250Hz_gu2_AEP.conn
MMS10F23,mms10f23_250Hz_gu3_AEP.conn,gu3,0.3088095238095238,0.3086476190476191,0.3126571428571428,0.3163571428571428,0.31794285714285714,0.3239095238095238,0.3266190476190476,0.3307380952380952,0.36642380952380954,0.3532333333333333,0.3570380952380952,0.3560904761904762,0.3737,0.37077142857142853,0.3717809523809524,0.3520657142857143,0.34117142857142857,0.3363285714285714,0.33464857142857135,0.33670857142857147,0.3515657142857143,0.35665142857142856,0.3557571428571428,0.35134000000000004,0.3342085714285714,0.3301114285714285,0.33015428571428573,0.3585228571428572,0.3556714285714285,0.34334857142857145,0.2896485714285715,0.2845514285714286,0.2759057142857143,0.27291999999999994,0.27128857142857143,0.29652,0.2921028571428571,0.28618,0.2818171428571429,0.2688428571428571,0.25985142857142857,0.26354,0.2893342857142857,0.28175142857142854,0.26570285714285713,0.27551938775510204,0.27725000000000005,0.27634489795918366,0.27777653061224483,0.27805306122448975,0.28604081632653067,0.2863581632653061,0.28175,0.2804540816326531,0.29287653061224495,0.29330408163265304,0.2957744897959183,0.31018367346938774,0.3040091836734694,0.2912112244897959,0.2700690476190476,0.2683261904761905,0.2772547619047619,0.27735238095238096,0.26985952380952377,0.2793380952380952,0.27431904761904763,0.26767619047619046,0.2659261904761905,0.27342380952380957,0.2780690476190476,0.2761571428571429,0.2861047619047619,0.27783571428571424,0.2639,0.20720680272108838,0.2065891156462585,0.20667278911564624,0.20940000000000006,0.20813673469387753,0.21237551020408166,0.2121326530612245,0.21048503401360544,0.21069795918367343,0.2046578231292517,0.20741088435374144,0.20948775510204082,0.21248299319727892,0.2083156462585034,0.20641632653061226,Female,23,Adult,Adult,C,C,mms10f23_250Hz_gu2_AEP.conn
MMS08M24,mms08m24_250Hz_gu3_AEP.conn,gu3,0.32033333333333336,0.3099904761904762,0.3012333333333333,0.2995380952380952,0.3004,0.3010714285714286,0.30054761904761906,0.30488571428571426,0.33653809523809525,0.3207809523809524,0.31520476190476193,0.31661904761904763,0.3179714285714286,0.32474761904761906,0.31576190476190474,0.3520342857142857,0.3483771428571429,0.34715142857142856,0.3435657142857143,0.33973714285714285,0.34381142857142855,0.3397771428571429,0.34028571428571425,0.34436,0.3244371428571428,0.32295428571428575,0.3174171428571429,0.3242971428571429,0.32378285714285715,0.31655714285714287,0.2809285714285714,0.2805485714285714,0.27874000000000004,0.2741228571428571,0.2723885714285714,0.2650714285714285,0.2657857142857143,0.26786000000000004,0.27135428571428577,0.2646085714285714,0.26424,0.25956,0.2540771428571429,0.25888285714285714,0.2583285714285714,0.2753479591836735,0.2763397959183673,0.2740826530612245,0.27048877551020406,0.2701642857142857,0.27680714285714286,0.2770724489795919,0.2777081632653061,0.27478265306122446,0.30121020408163274,0.2997693877551021,0.29669693877551023,0.29897551020408164,0.29818265306122443,0.30158877551020413,0.2348404761904762,0.2318690476190476,0.2257619047619048,0.2234380952380952,0.22335714285714284,0.2250738095238095,0.22549761904761903,0.22722619047619044,0.22694523809523812,0.2525428571428571,0.24680476190476194,0.24380714285714286,0.2412619047619048,0.23931666666666665,0.23991666666666667,0.177008843537415,0.17606734693877552,0.17504489795918368,0.17221496598639452,0.17100544217687078,0.17274353741496593,0.1707557823129251,0.1681170068027211,0.168656462585034,0.1868312925170068,0.185043537414966,0.18200680272108846,0.18428707482993195,0.18272517006802722,0.18369863945578233,Male,24,Adult,Adult,C,C,mms08m24_250Hz_gu2_AEP.conn
MMS12M23,mms12m23_250Hz_gu3_AEP.conn,gu3,0.3399952380952381,0.3429619047619048,0.3438285714285714,0.34790476190476194,0.34800000000000003,0.3352714285714286,0.3402333333333334,0.3431619047619048,0.3576047619047619,0.3673666666666667,0.3664238095238095,0.36696666666666666,0.35494761904761907,0.3607619047619048,0.36701904761904763,0.34437428571428574,0.34128000000000003,0.34142,0.34079714285714285,0.33882571428571434,0.3433514285714286,0.3436971428571428,0.3404057142857143,0.33639714285714284,0.3338657142857143,0.3370371428571429,0.33633428571428575,0.33431714285714287,0.3288028571428571,0.33755999999999997,0.2197714285714286,0.21341714285714283,0.20868857142857142,0.20751714285714287,0.2052085714285714,0.2068028571428572,0.20625428571428572,0.20633714285714286,0.20533142857142855,0.20046857142857144,0.19985142857142857,0.19808,0.20058285714285712,0.19480571428571428,0.20630857142857142,0.2713204081632653,0.2714775510204081,0.2762336734693877,0.2798938775510204,0.2795520408163265,0.2779091836734694,0.2800367346938776,0.28200408163265306,0.27867857142857144,0.29843673469387755,0.3010316326530612,0.3035908163265306,0.3046408163265307,0.30380612244897953,0.29975204081632656,0.2382928571428572,0.23812619047619052,0.24773333333333336,0.2515928571428572,0.2453857142857143,0.24945000000000003,0.24651666666666663,0.25000952380952385,0.24669761904761903,0.2600071428571429,0.26670476190476194,0.26790714285714284,0.2678571428571429,0.2632142857142857,0.2574095238095238,0.21451088435374152,0.2162510204081633,0.21923945578231288,0.22018027210884353,0.2195204081632653,0.22329455782312926,0.2211795918367347,0.2207210884353742,0.2206843537414966,0.2237170068027211,0.2258299319727891,0.22637619047619045,0.2245734693877551,0.22461360544217687,0.22596190476190475,Male,23,Adult,Adult,C,C,mms12m23_250Hz_gu2_AEP.conn
MMS13F24,mms13f24_250Hz_gu3_AEP.conn,gu3,0.24118095238095236,0.24045238095238095,0.23422857142857145,0.22757142857142854,0.22739523809523812,0.24071428571428574,0.24483809523809522,0.23757142857142854,0.26315238095238097,0.2704904761904761,0.2694238095238095,0.27054761904761904,0.2828857142857143,0.27141428571428566,0.2721238095238095,0.28821714285714284,0.28573714285714286,0.2806771428571429,0.2759085714285714,0.2747857142857143,0.2850514285714286,0.28590000000000004,0.2897542857142857,0.2899857142857143,0.2737628571428571,0.2740228571428572,0.27318,0.2794857142857142,0.27988857142857143,0.2696371428571428,0.19514,0.19981714285714286,0.20678857142857146,0.20936285714285713,0.21528571428571425,0.19810857142857144,0.19566285714285714,0.19674857142857144,0.20116571428571425,0.19819428571428574,0.20790857142857141,0.21288285714285715,0.18467142857142857,0.19194857142857144,0.21157142857142858,0.23984285714285716,0.23647551020408164,0.2342948979591837,0.2370489795918367,0.24154897959183672,0.23351326530612243,0.2346418367346939,0.2351234693877551,0.23659591836734695,0.2565030612244898,0.25444285714285714,0.25790204081632656,0.2517173469387755,0.25325510204081636,0.25594387755102044,0.22830000000000003,0.22579523809523813,0.228902380952381,0.23013809523809522,0.2307095238095238,0.22689761904761907,0.22776190476190475,0.22687619047619045,0.22460238095238094,0.23205714285714285,0.23216666666666672,0.23776666666666665,0.2282428571428571,0.2321952380952381,0.23665238095238095,0.174621768707483,0.17192517006802727,0.17046394557823127,0.17227414965986396,0.17338435374149658,0.17201904761904765,0.1730278911564626,0.17761428571428567,0.17966870748299318,0.17763809523809526,0.17700340136054424,0.1788925170068027,0.1783183673469388,0.18445986394557826,0.17433061224489796,Female,24,Adult,Adult,C,C,mms13f24_250Hz_gu2_AEP.conn
MMS17M25,mms17m25_250Hz_gu3_AEP.conn,gu3,0.29136190476190477,0.2904809523809524,0.2860428571428571,0.28064761904761903,0.2754476190476191,0.29998571428571424,0.29698571428571424,0.29189523809523804,0.3161333333333333,0.3093714285714286,0.3080619047619048,0.3028809523809524,0.3162285714285714,0.31193809523809524,0.3036285714285714,0.34012285714285717,0.3427285714285714,0.3446057142857143,0.3416285714285714,0.33874000000000004,0.3506600000000001,0.34921428571428575,0.34694857142857144,0.3493485714285714,0.33490857142857144,0.33794,0.33307714285714285,0.34344,0.34454571428571434,0.34557714285714286,0.32810285714285714,0.3288142857142857,0.3288428571428571,0.32515428571428573,0.32682571428571433,0.31582000000000005,0.31013999999999997,0.3092542857142857,0.3179742857142857,0.3163857142857142,0.3185285714285714,0.31413714285714284,0.29416000000000003,0.29625142857142855,0.3149457142857143,0.3430683673469388,0.3440714285714286,0.3464948979591837,0.34680102040816324,0.3478163265306122,0.349769387755102,0.3489499999999999,0.35157346938775513,0.3493857142857143,0.3723244897959183,0.37370612244897955,0.3718142857142857,0.37553877551020415,0.37447551020408165,0.3748010204081633,0.3331214285714286,0.3366833333333333,0.3346357142857143,0.32996190476190473,0.3249714285714286,0.33817619047619046,0.33551904761904755,0.3370595238095238,0.3297285714285714,0.35535714285714287,0.35055,0.34854999999999997,0.35245714285714286,0.3429690476190476,0.34134523809523815,0.2575428571428572,0.2587149659863945,0.26161972789115645,0.2630414965986394,0.26141088435374155,0.2610680272108844,0.2566897959183673,0.25577619047619055,0.25781088435374144,0.262721768707483,0.26507346938775506,0.26647619047619053,0.26265238095238097,0.2621551020408164,0.26502380952380955,Male,25,Adult,Adult,C,C,mms17m25_250Hz_gu2_AEP.conn
EES19F33,EES19f33_250Hz_gu3_AEP.conn,gu3,0.1898904761904762,0.18574761904761905,0.1863904761904762,0.1899380952380952,0.1848142857142857,0.19639047619047614,0.18213333333333334,0.18447142857142854,0.23215238095238097,0.2265238095238095,0.2275142857142857,0.2252761904761905,0.2122952380952381,0.21506190476190476,0.23804285714285714,0.2897657142857143,0.2909342857142857,0.2956371428571429,0.30293714285714285,0.30062285714285714,0.29578571428571426,0.29926857142857144,0.29754571428571425,0.2882542857142857,0.27836571428571427,0.2855114285714285,0.2924142857142856,0.29234857142857146,0.29323999999999995,0.28076,0.21093714285714285,0.21480285714285716,0.21679999999999996,0.21842571428571428,0.21823142857142858,0.22068285714285713,0.22258857142857144,0.2226314285714286,0.21375142857142854,0.21207714285714285,0.2180571428571428,0.21993714285714283,0.21517714285714282,0.21625428571428573,0.22338000000000005,0.26695714285714284,0.2688765306122449,0.26900612244897965,0.27064897959183676,0.27005,0.2633602040816327,0.26448775510204087,0.2699071428571429,0.27001938775510204,0.28410204081632656,0.2835683673469388,0.2882448979591837,0.2872622448979592,0.2866224489795918,0.28010102040816326,0.2079,0.2148595238095238,0.21759285714285714,0.22587619047619048,0.2323547619047619,0.2113880952380952,0.21906190476190476,0.23146190476190473,0.23280476190476188,0.22668809523809522,0.2345690476190476,0.24077619047619048,0.2289142857142857,0.23191428571428574,0.23357380952380954,0.20749591836734696,0.20740340136054422,0.2066775510204082,0.20540544217687073,0.2090367346938776,0.19917346938775513,0.2049156462585034,0.209478231292517,0.21260204081632655,0.21137278911564625,0.21061768707482997,0.20976394557823125,0.208134693877551,0.21270272108843535,0.21254217687074828,Female,33,Adult,Adult,E,NC,EES19f33_250Hz_gu2_AEP.conn
MMS15M25,mms15m25_250Hz_gu3_AEP.conn,gu3,0.3318714285714286,0.33103333333333335,0.33102380952380955,0.33293809523809526,0.3335761904761904,0.32245238095238093,0.3229952380952381,0.3217619047619047,0.3436095238095238,0.3461666666666667,0.34605714285714284,0.34611428571428576,0.3409190476190476,0.3405761904761904,0.347847619047619,0.3326828571428571,0.3350857142857143,0.33452857142857145,0.33224857142857145,0.33541999999999994,0.33407714285714285,0.3313571428571428,0.32752000000000003,0.3262857142857143,0.31679142857142856,0.31660285714285713,0.31174,0.3180142857142857,0.3141285714285714,0.3118142857142857,0.25797428571428577,0.2576714285714286,0.2510257142857143,0.24362571428571428,0.24557142857142855,0.26156285714285715,0.2615628571428571,0.2615914285714286,0.2610485714285714,0.24560857142857145,0.23996,0.22877714285714285,0.24821142857142858,0.2508485714285714,0.24185428571428572,0.28082551020408164,0.28154285714285715,0.2814183673469388,0.281534693877551,0.28195408163265306,0.2799867346938776,0.28045816326530615,0.2855010204081633,0.2884581632653061,0.30324897959183666,0.3019836734693877,0.30166530612244896,0.301295918367347,0.30347755102040813,0.29898061224489797,0.2668047619047619,0.2682261904761905,0.2679714285714286,0.26989761904761905,0.26682857142857147,0.2656476190476191,0.2672571428571428,0.2782880952380952,0.2785190476190476,0.29230714285714293,0.29145714285714286,0.2928119047619048,0.2904738095238095,0.2932833333333333,0.2841166666666667,0.22511768707482993,0.2261251700680272,0.22557619047619043,0.22189931972789115,0.21975714285714285,0.2205394557823129,0.22226870748299316,0.22380204081632654,0.22467823129251696,0.23501496598639457,0.2337013605442177,0.23037210884353737,0.2339707482993197,0.2344931972789116,0.23026530612244894,Male,25,Adult,Adult,C,C,mms15m25_250Hz_gu2_AEP.conn
EES13M27,ees13m27_250Hz_gu3_AEP.conn,gu3,0.3092142857142857,0.30601904761904763,0.3003047619047619,0.29403333333333337,0.28660476190476186,0.29986666666666667,0.3077,0.3035142857142857,0.32162380952380953,0.3517666666666666,0.34449523809523813,0.33467142857142856,0.3459904761904762,0.3443,0.35951428571428573,0.3008857142857143,0.29756,0.3012,0.3061514285714286,0.3043828571428572,0.29719142857142855,0.2964371428571428,0.29544571428571426,0.2996314285714286,0.2932057142857143,0.29536,0.29843714285714285,0.2753028571428571,0.2776457142857142,0.2884742857142858,0.20084857142857143,0.1987,0.20132,0.20521999999999996,0.20628285714285713,0.21429714285714282,0.21616,0.21944,0.21588857142857143,0.19829428571428567,0.19627714285714287,0.19737714285714286,0.19878285714285715,0.19984000000000002,0.1879714285714286,0.24515714285714285,0.24360714285714286,0.24326326530612244,0.23903265306122456,0.23925102040816332,0.2452551020408163,0.2412540816326531,0.2388377551020408,0.24210714285714288,0.253634693877551,0.2522051020408163,0.24932244897959185,0.25766224489795914,0.2537479591836735,0.24790306122448982,0.22127619047619043,0.22087142857142858,0.21405714285714286,0.21085238095238093,0.21552380952380953,0.21331190476190476,0.21539523809523808,0.22155238095238095,0.22184285714285715,0.2293166666666667,0.22314285714285717,0.2224380952380952,0.23345000000000002,0.23567380952380954,0.22087857142857145,0.20699659863945583,0.20861700680272108,0.20940476190476195,0.20957210884353747,0.21210544217687075,0.20965646258503404,0.2097965986394558,0.21070816326530611,0.20912244897959184,0.21556054421768706,0.21662993197278904,0.21646462585034015,0.2200857142857143,0.22121020408163267,0.21517619047619047,Male,27,Adult,Adult,E,NC,ees13m27_250Hz_gu2_AEP.conn
MMS07F25A,mms07f25A_250Hz_gu3_AEP.conn,gu3,0.17154285714285714,0.17015238095238094,0.1754095238095238,0.17840000000000003,0.17787619047619044,0.17231904761904762,0.1872142857142857,0.20648571428571427,0.24315238095238093,0.21524285714285715,0.22235238095238097,0.22595714285714288,0.22952857142857142,0.2417904761904762,0.22372857142857142,0.23768857142857142,0.23969428571428572,0.24327428571428572,0.24772857142857144,0.2484457142857143,0.24418571428571428,0.2411542857142857,0.23924857142857142,0.24250285714285713,0.24190857142857142,0.24673142857142855,0.2539314285714286,0.24546571428571431,0.24548857142857142,0.24862285714285712,0.20058285714285712,0.19625142857142858,0.19512285714285715,0.1966971428571429,0.1882742857142857,0.1942371428571429,0.18881142857142857,0.18321428571428572,0.18498857142857145,0.19220285714285715,0.19063999999999998,0.19151999999999997,0.19803428571428572,0.19333999999999998,0.18689999999999998,0.23048877551020408,0.23123367346938775,0.2291,0.22729693877551022,0.22666530612244898,0.22572448979591833,0.2225969387755102,0.22198163265306123,0.21950204081632657,0.2511642857142857,0.2503326530612245,0.24911122448979595,0.24893265306122453,0.24291428571428572,0.24560408163265307,0.22914761904761902,0.2279404761904762,0.22814285714285717,0.22833809523809526,0.2247785714285714,0.24377142857142856,0.23772619047619048,0.24028571428571432,0.23712619047619046,0.2542238095238096,0.25354047619047615,0.2539595238095238,0.26349047619047616,0.25483809523809525,0.2465119047619048,0.1993020408163265,0.198747619047619,0.19592721088435378,0.19276666666666667,0.19207619047619046,0.1939482993197279,0.19192244897959188,0.190234693877551,0.19063129251700683,0.20022653061224494,0.19770680272108845,0.19723333333333337,0.19535850340136052,0.19355442176870752,0.19425986394557826,Female,25,Adult,Adult,C,C,mms07f25A_250Hz_gu2_AEP.conn
EES11M35,ees11m35_250Hz_gu3_AEP.conn,gu3,0.24737142857142855,0.26522380952380953,0.25167619047619044,0.25953809523809523,0.2569523809523809,0.23680476190476188,0.22682857142857138,0.23233333333333336,0.2948380952380952,0.29245238095238096,0.29041428571428574,0.30383333333333334,0.2682333333333334,0.27554761904761904,0.29519999999999996,0.28814285714285715,0.29828857142857146,0.2897371428571428,0.2911314285714286,0.29460857142857144,0.2934257142857143,0.29142285714285715,0.2941142857142857,0.29741428571428574,0.28976285714285716,0.28643142857142856,0.29031142857142855,0.28787142857142856,0.29472571428571426,0.28807428571428567,0.2679,0.27311142857142856,0.26821142857142855,0.27898,0.26895142857142856,0.27092571428571427,0.2666457142857143,0.2651914285714286,0.2661114285714286,0.2763657142857143,0.2666142857142857,0.2742742857142857,0.2589571428571429,0.25804,0.26531999999999994,0.30227448979591837,0.30875,0.3078418367346939,0.3076010204081633,0.30000408163265313,0.29707755102040817,0.30189591836734697,0.30747142857142856,0.31387040816326534,0.32815510204081627,0.32488979591836736,0.32944489795918364,0.32120306122448977,0.33014795918367346,0.3249071428571428,0.2640119047619048,0.25669523809523814,0.25991666666666663,0.2578761904761904,0.25424285714285716,0.25405714285714287,0.25495952380952386,0.2588,0.26484523809523813,0.27009761904761903,0.2765214285714286,0.27745,0.26416190476190476,0.26720952380952384,0.27244285714285715,0.19953061224489796,0.1978414965986395,0.20136122448979593,0.1984938775510204,0.20201292517006808,0.19411224489795917,0.1936360544217687,0.19368367346938772,0.1944142857142857,0.20392653061224494,0.2073054421768708,0.20267482993197278,0.19710816326530614,0.1971517006802721,0.20602789115646256,Male,35,Adult,Adult,E,NC,ees11m35_250Hz_gu2_AEP.conn
EES16F34,EES16f34_250Hz_gu3_AEP.conn,gu3,0.3125238095238095,0.31285238095238094,0.3041190476190477,0.29632857142857144,0.29127142857142857,0.2845380952380952,0.2900714285714286,0.29505714285714285,0.31591904761904765,0.3216142857142858,0.3173857142857142,0.31259047619047614,0.31185238095238094,0.3149,0.30866190476190475,0.3239485714285714,0.3211942857142857,0.3156714285714286,0.31962285714285715,0.32363142857142857,0.31885428571428565,0.31940857142857143,0.3225599999999999,0.3221657142857143,0.3096714285714286,0.3082228571428571,0.3107,0.31522285714285714,0.3141514285714285,0.30848857142857145,0.25569428571428576,0.25419714285714284,0.2511485714285714,0.25314285714285717,0.25389428571428574,0.2505742857142857,0.25039142857142854,0.24941714285714284,0.25001428571428574,0.23603714285714283,0.23422,0.23784285714285716,0.24261999999999997,0.24026857142857141,0.22852857142857147,0.2225714285714285,0.22047551020408168,0.21729183673469388,0.21750714285714287,0.21268163265306125,0.21072857142857146,0.21060714285714285,0.21374285714285715,0.21459795918367347,0.23467346938775507,0.23333979591836737,0.23236938775510202,0.22138163265306127,0.2263357142857143,0.23118061224489797,0.2312309523809524,0.22598809523809524,0.22480952380952382,0.2269,0.22937380952380956,0.23528333333333332,0.23801666666666665,0.23832380952380952,0.24334285714285717,0.2456785714285714,0.2412095238095238,0.24088095238095233,0.23861904761904765,0.24034761904761906,0.23904761904761904,0.2036557823129252,0.20459183673469386,0.20711904761904762,0.2091394557823129,0.20791428571428572,0.20195374149659862,0.201178231292517,0.20205782312925166,0.20270884353741497,0.20831292517006803,0.21046802721088434,0.21355510204081632,0.20645578231292513,0.20769591836734694,0.20803945578231295,Female,34,Adult,Adult,E,NC,EES16f34_250Hz_gu2_AEP.conn
MMS19F30,mms19f30_250Hz_gu3_AEP.conn,gu3,0.254052380952381,0.25826190476190475,0.26604761904761903,0.26774761904761907,0.2728571428571429,0.28078095238095235,0.27823333333333333,0.28068095238095236,0.32538571428571433,0.3081714285714286,0.3193142857142857,0.3221047619047619,0.3221047619047619,0.32334285714285715,0.3280904761904762,0.33668,0.3324371428571429,0.33028857142857143,0.32614571428571426,0.3251171428571429,0.34100857142857144,0.33718857142857145,0.33483714285714294,0.33378,0.33898285714285714,0.3347742857142857,0.3304857142857143,0.3429571428571429,0.33963714285714286,0.33538285714285715,0.25640857142857143,0.25518285714285716,0.2564885714285714,0.2589857142857143,0.25756,0.25496285714285716,0.2533914285714286,0.2551285714285714,0.2520657142857142,0.25364285714285717,0.2566657142857142,0.2642714285714286,0.2565942857142857,0.25902285714285717,0.25230285714285716,0.25385306122448975,0.2544387755102041,0.25241530612244895,0.24933469387755108,0.2480622448979592,0.24624489795918367,0.24681428571428574,0.24399285714285712,0.2446265306122449,0.2715265306122449,0.27116020408163266,0.2680867346938776,0.2634255102040816,0.2628581632653061,0.26561734693877553,0.24793809523809526,0.2470214285714286,0.24389523809523808,0.2414142857142857,0.24271190476190477,0.24891666666666665,0.24565714285714288,0.24353095238095238,0.24277619047619045,0.2641833333333333,0.2586761904761905,0.25839761904761904,0.2560547619047619,0.2566428571428572,0.2576357142857143,0.2740129251700681,0.27627074829931975,0.27759183673469384,0.27811496598639457,0.27740136054421766,0.27595374149659857,0.27580340136054415,0.2739061224489796,0.27475578231292513,0.27684557823129247,0.2781489795918367,0.27751224489795917,0.27771428571428575,0.2770217687074829,0.27898775510204077,Female,30,Adult,Adult,C,C,mms19f30_250Hz_gu2_AEP.conn
MMS09F24,mms09f24_250Hz_gu3_AEP.conn,gu3,0.28147142857142854,0.2843761904761905,0.2881761904761905,0.2901809523809524,0.2885238095238095,0.2721571428571428,0.27831428571428574,0.2804952380952381,0.3034904761904762,0.31439999999999996,0.3125380952380952,0.3095047619047619,0.3066095238095238,0.3063142857142857,0.3030857142857143,0.30772,0.3072457142857143,0.30754000000000004,0.3093142857142857,0.30902,0.2983771428571429,0.3001857142857143,0.30316,0.30325714285714284,0.2942771428571428,0.29489714285714286,0.2972657142857143,0.29246285714285714,0.29543428571428576,0.2855742857142857,0.22985428571428573,0.23222285714285715,0.23736571428571432,0.23960285714285715,0.23811142857142858,0.23248857142857143,0.23534571428571427,0.24215142857142857,0.24618285714285718,0.2255457142857143,0.22536285714285714,0.22447714285714288,0.23034857142857143,0.23611428571428572,0.22119428571428568,0.25948163265306123,0.2582336734693878,0.2607510204081633,0.2628204081632653,0.26238061224489795,0.2603244897959184,0.2611030612244898,0.2635765306122449,0.266084693877551,0.28008061224489794,0.2811979591836734,0.2815377551020408,0.2831163265306123,0.2882795918367346,0.28432551020408164,0.2514642857142857,0.2497142857142857,0.24762380952380955,0.2495166666666667,0.2454571428571429,0.2492761904761905,0.24730714285714284,0.25160238095238097,0.2531285714285714,0.2600619047619047,0.2603238095238095,0.26415,0.2637285714285715,0.26842380952380956,0.24985476190476189,0.21232312925170066,0.21336598639455787,0.2142768707482993,0.21478231292517005,0.21744421768707484,0.21469387755102035,0.21563197278911564,0.21487482993197277,0.21210068027210885,0.2228442176870748,0.22456394557823126,0.22417687074829926,0.22489931972789115,0.22338435374149657,0.22096802721088432,Female,24,Adult,Adult,C,C,mms09f24_250Hz_gu2_AEP.conn
EES17F38,EES17F38_250Hz_gu3_AEP.conn,gu3,0.1720761904761905,0.17389999999999997,0.1734809523809524,0.17623333333333333,0.17595714285714284,0.17355238095238099,0.1681952380952381,0.17099047619047616,0.21406666666666663,0.2165857142857143,0.21439523809523808,0.21434761904761904,0.20677619047619045,0.21144285714285713,0.21104761904761907,0.24485428571428575,0.24844,0.25423999999999997,0.25617142857142855,0.25278285714285714,0.2601514285714286,0.2678857142857143,0.2658028571428572,0.2599314285714286,0.2420857142857143,0.24438,0.24474,0.2648542857142857,0.26138000000000006,0.23913142857142855,0.1652057142857143,0.16267714285714288,0.1597457142857143,0.16246285714285713,0.1640742857142857,0.17621142857142855,0.17751714285714285,0.17568571428571428,0.16959714285714286,0.15850857142857144,0.15416857142857143,0.15489714285714287,0.16745714285714286,0.16845428571428572,0.1512571428571428,0.22621938775510203,0.2256142857142857,0.22690102040816326,0.2280214285714286,0.2289877551020408,0.23549693877551017,0.23819081632653058,0.23985204081632655,0.23822755102040816,0.25129693877551024,0.2517826530612245,0.24994591836734692,0.2540969387755102,0.2554326530612245,0.25254387755102037,0.2562238095238095,0.2522142857142857,0.25285714285714284,0.25568571428571424,0.2535428571428571,0.26294285714285714,0.2670095238095238,0.270447619047619,0.2667,0.26080714285714285,0.2591452380952381,0.26115714285714287,0.2760547619047619,0.2736380952380953,0.25525714285714285,0.1724802721088435,0.17189455782312923,0.17567755102040816,0.18067823129251698,0.18365238095238096,0.18529659863945577,0.18391836734693875,0.183334693877551,0.1845605442176871,0.17795986394557822,0.18235102040816326,0.18608367346938776,0.18758367346938778,0.18896734693877554,0.18365238095238096,Female,38,Adult,Adult,E,NC,EES17F38_250Hz_gu2_AEP.conn
MMS06M22,mms06m22_250Hz_gu3_AEP.conn,gu3,0.24615238095238098,0.24248095238095238,0.23853809523809524,0.23495714285714286,0.23448095238095237,0.2348619047619048,0.24359047619047622,0.24946190476190477,0.2778904761904762,0.2672952380952381,0.26192857142857146,0.25951428571428575,0.27679523809523815,0.2782952380952381,0.264404761904762,0.2583628571428571,0.25815428571428567,0.26133428571428574,0.26674,0.2663171428571428,0.2581257142857143,0.25746857142857144,0.25424857142857143,0.2511085714285714,0.24715714285714285,0.24866571428571432,0.2513628571428571,0.25184285714285715,0.24822000000000002,0.24895142857142857,0.20610285714285714,0.207,0.2092571428571429,0.21412857142857145,0.21528285714285716,0.21604,0.2215885714285714,0.22219714285714284,0.21864,0.20621714285714288,0.20584571428571427,0.2044828571428571,0.21337714285714285,0.21271428571428572,0.2124542857142857,0.28108775510204087,0.2832632653061224,0.28290714285714286,0.2828214285714285,0.2838163265306123,0.28712551020408167,0.28657346938775513,0.2847836734693877,0.2868479591836735,0.30298265306122446,0.3019224489795918,0.30109387755102046,0.3067020408163265,0.30612959183673466,0.30320102040816327,0.2630404761904762,0.26443571428571433,0.26177142857142854,0.26071666666666665,0.2629333333333333,0.26535238095238095,0.26591666666666663,0.2659357142857142,0.2645476190476191,0.27872380952380954,0.2779952380952381,0.27659523809523806,0.2777928571428572,0.27985714285714286,0.2739357142857142,0.2053482993197279,0.20424693877551028,0.20294013605442177,0.20223469387755102,0.20458299319727888,0.2073700680272109,0.20769115646258499,0.2080836734693878,0.20822448979591834,0.21324761904761905,0.21117891156462587,0.21113877551020405,0.21360748299319726,0.21432108843537417,0.21097551020408167,Male,22,Adult,Tertiary,C,C,mms06m22_250Hz_gu2_AEP.conn
EES06F24,ees06f24_250Hz_gu3_AEP.conn,gu3,0.3291714285714286,0.3257952380952381,0.32593809523809525,0.32654761904761903,0.3308857142857143,0.34431428571428574,0.34156190476190473,0.34421904761904765,0.3675190476190476,0.3530571428571429,0.35403809523809526,0.35531428571428575,0.36666666666666664,0.3678142857142857,0.35655238095238095,0.30954,0.3077828571428572,0.3069857142857143,0.3100914285714286,0.31636000000000003,0.30372857142857146,0.3041314285714285,0.30288000000000004,0.30501142857142854,0.29490571428571427,0.29160857142857144,0.2900628571428571,0.2922228571428572,0.29144571428571425,0.2938685714285714,0.25687714285714286,0.25985142857142857,0.2567057142857143,0.2510028571428572,0.24810571428571432,0.2597771428571428,0.2588457142857143,0.25916857142857147,0.2562914285714285,0.23916285714285718,0.24274571428571426,0.24048571428571427,0.23101142857142856,0.2332,0.23598857142857144,0.2832112244897959,0.28387551020408164,0.28319897959183676,0.28268469387755096,0.28338673469387754,0.28985612244897957,0.28944693877551014,0.29175918367346937,0.29059183673469385,0.30188367346938777,0.30094591836734697,0.30052653061224494,0.30585612244897964,0.3044510204081633,0.3007785714285714,0.24905,0.24871666666666667,0.2438214285714286,0.24130238095238096,0.2413928571428572,0.2445547619047619,0.24382619047619047,0.25775238095238096,0.25955238095238103,0.26626666666666665,0.26335714285714285,0.2579666666666667,0.25396904761904765,0.25711190476190476,0.2573785714285714,0.204887074829932,0.20556258503401362,0.20263605442176869,0.20199387755102047,0.20244489795918363,0.20239319727891156,0.20280068027210882,0.2023421768707483,0.20217755102040813,0.2091748299319728,0.20737687074829933,0.20899999999999996,0.20878163265306118,0.20728231292517008,0.20492517006802724,Female,24,Adult,Adult,E,NC,ees06f24_250Hz_gu2_AEP.conn
EES08M41,ees08m41_250Hz_gu3_AEP.conn,gu3,0.2534,0.2511047619047619,0.2527285714285714,0.25211428571428574,0.24912857142857145,0.25367619047619044,0.25681904761904767,0.26309999999999995,0.28228571428571425,0.27319999999999994,0.27785238095238096,0.2811047619047619,0.2808,0.28674285714285713,0.2782333333333334,0.29595142857142853,0.29028,0.2882571428571429,0.28714,0.2869857142857143,0.2912342857142857,0.2900371428571429,0.29445999999999994,0.2941971428571428,0.2844742857142857,0.2852457142857143,0.28426857142857137,0.2829657142857143,0.28375999999999996,0.2869514285714286,0.22309714285714288,0.2269114285714286,0.22721714285714287,0.22456285714285712,0.22695714285714286,0.22985714285714284,0.2289514285714286,0.22717428571428572,0.2265714285714285,0.2249885714285714,0.22508571428571428,0.22031428571428574,0.22143428571428575,0.21877714285714284,0.22912857142857143,0.24629489795918366,0.24546326530612242,0.24721836734693878,0.24824489795918364,0.246130612244898,0.2422377551020408,0.24303265306122449,0.2440734693877551,0.24757755102040813,0.2607469387755102,0.2616499999999999,0.2631265306122449,0.26093163265306124,0.2627714285714286,0.26253265306122453,0.21788333333333332,0.21792619047619047,0.2173738095238095,0.21746190476190475,0.21288333333333334,0.2155595238095238,0.21695714285714285,0.21843571428571426,0.2223595238095238,0.22467142857142855,0.22425714285714285,0.22761666666666666,0.22583571428571425,0.23006428571428572,0.22352857142857144,0.19521632653061222,0.19688843537414963,0.1966557823129252,0.19633673469387755,0.1948632653061224,0.19216870748299322,0.1918904761904762,0.19140748299319724,0.18997891156462585,0.19728435374149658,0.19649387755102038,0.1957489795918367,0.1972625850340136,0.19512721088435375,0.19353061224489798,Male,41,Adult,Adult,E,NC,ees08m41_250Hz_gu2_AEP.conn
EES07M34,ees07m34_250Hz_gu3_AEP.conn,gu3,0.2518666666666667,0.24266190476190475,0.24143809523809523,0.2316142857142857,0.22830952380952382,0.25489999999999996,0.24999047619047624,0.25985238095238095,0.30254285714285717,0.2758333333333333,0.27714761904761903,0.27514285714285713,0.29373809523809524,0.30223333333333335,0.2892857142857143,0.3071085714285714,0.29995142857142854,0.3056571428571428,0.31527428571428573,0.31857428571428575,0.3098571428571428,0.30808285714285716,0.30612,0.31010000000000004,0.3012428571428572,0.30445714285714287,0.31080285714285716,0.3130828571428571,0.30950857142857147,0.30720285714285717,0.23183428571428574,0.23122571428571428,0.23645999999999998,0.23976571428571428,0.23668285714285714,0.22106285714285714,0.22384000000000004,0.22268285714285713,0.21999428571428573,0.2273342857142857,0.2313514285714286,0.23618857142857141,0.2294,0.23010285714285716,0.23188,0.2282785714285714,0.22512346938775513,0.2221061224489796,0.2238112244897959,0.2227969387755102,0.21734081632653063,0.22065204081632656,0.22337959183673467,0.22303367346938777,0.24092142857142856,0.2415418367346939,0.24503367346938773,0.24085612244897958,0.24412346938775512,0.24455,0.2056309523809524,0.1994309523809524,0.1940952380952381,0.19830714285714288,0.2069738095238095,0.20798333333333333,0.20965238095238095,0.20694047619047617,0.20134523809523808,0.2064166666666667,0.20435714285714288,0.20465476190476192,0.21320238095238095,0.21362380952380952,0.2047690476190476,0.1492251700680272,0.1515244897959184,0.15238435374149656,0.15324489795918364,0.15176938775510204,0.1690374149659864,0.1640789115646259,0.15983061224489795,0.15690136054421772,0.1529027210884354,0.156808843537415,0.1585340136054422,0.1650639455782313,0.16050476190476187,0.16129251700680275,Male,34,Adult,Adult,E,NC,ees07m34_250Hz_gu2_AEP.conn
MMS11F22,mms11f22_250Hz_gu3_AEP.conn,gu3,0.27493809523809526,0.27905714285714284,0.2772523809523809,0.2676190476190476,0.2624619047619048,0.2720666666666667,0.2711952380952381,0.27981904761904763,0.31211428571428573,0.3005761904761905,0.2986095238095238,0.29633333333333334,0.30619523809523813,0.3094952380952381,0.2996761904761905,0.2752428571428571,0.27336285714285713,0.2728857142857143,0.26986571428571426,0.2697742857142857,0.2863342857142857,0.28796285714285713,0.28942,0.28790000000000004,0.27060285714285714,0.2735371428571428,0.27096,0.28931142857142855,0.2885257142857143,0.2787085714285714,0.22156857142857148,0.22053142857142854,0.22046571428571426,0.21803714285714287,0.21586571428571427,0.22880000000000003,0.2318142857142857,0.23679999999999998,0.23363428571428568,0.21569142857142856,0.2188142857142857,0.21597428571428573,0.22401714285714286,0.22831428571428575,0.22091714285714287,0.26374081632653057,0.2608326530612245,0.2621418367346939,0.262304081632653,0.26445204081632656,0.2569061224489796,0.2543408163265306,0.25490714285714283,0.25900918367346937,0.27995510204081636,0.2803602040816327,0.27812653061224485,0.27432244897959185,0.27688061224489796,0.2793173469387755,0.26111904761904764,0.2533761904761905,0.2488285714285714,0.2476642857142857,0.25828809523809526,0.2626880952380953,0.2628309523809524,0.26030476190476187,0.2579547619047619,0.2594595238095238,0.2543547619047619,0.25383809523809525,0.25961190476190477,0.2632952380952381,0.25494761904761903,0.20360680272108844,0.20379659863945573,0.20369591836734693,0.2005687074829932,0.19944421768707482,0.19882993197278911,0.20374217687074828,0.20351564625850344,0.20231972789115646,0.2090292517006803,0.20800884353741503,0.20506530612244897,0.20666394557823128,0.20842312925170065,0.20800000000000002,Female,22,Adult,Tertiary,C,C,mms11f22_250Hz_gu2_AEP.conn
MMS16M23,mms16m23_250Hz_gu3_AEP.conn,gu3,0.30908571428571435,0.30355238095238096,0.30126190476190473,0.30049047619047625,0.29797619047619045,0.3087,0.31,0.3098047619047619,0.3256952380952381,0.3180952380952381,0.3153714285714286,0.3130190476190477,0.3386333333333334,0.33887142857142855,0.3262714285714286,0.2886114285714286,0.2852571428571428,0.2842942857142857,0.2871314285714286,0.29424571428571433,0.2992085714285714,0.29482857142857144,0.29230285714285714,0.29418285714285713,0.2762542857142857,0.2699228571428572,0.2689742857142857,0.28226000000000007,0.2809685714285714,0.27557714285714285,0.20754285714285717,0.21205714285714286,0.2190514285714286,0.22525142857142857,0.23272857142857145,0.2153485714285714,0.21602571428571427,0.2154657142857143,0.21263714285714283,0.20452571428571426,0.20421428571428574,0.21085999999999996,0.2052542857142857,0.2061257142857143,0.21066857142857148,0.25805,0.2598755102040816,0.2614602040816327,0.26151326530612246,0.26491122448979587,0.2545265306122449,0.2575734693877551,0.26012448979591835,0.2608744897959184,0.2827775510204082,0.2844357142857143,0.28573469387755107,0.2809795918367347,0.28247142857142854,0.28557244897959183,0.2274595238095238,0.23168571428571427,0.2278,0.22510714285714292,0.22172142857142854,0.21573571428571428,0.21238333333333334,0.21346190476190477,0.21611190476190476,0.2492047619047619,0.24495,0.24488095238095234,0.22998571428571432,0.22555238095238095,0.23789761904761905,0.17845782312925168,0.17525578231292518,0.17350952380952384,0.17208979591836737,0.17232244897959187,0.18174149659863947,0.18032448979591836,0.17869047619047618,0.1778591836734694,0.17340680272108844,0.17354625850340133,0.17269455782312926,0.17928367346938776,0.18046802721088434,0.17293741496598636,Male,23,Adult,Adult,C,C,mms16m23_250Hz_gu2_AEP.conn
MMS04F25,mms04f25_250Hz_gu3_AEP.conn,gu3,0.45792857142857146,0.4583523809523809,0.4548952380952381,0.4545238095238095,0.45255238095238104,0.45589999999999997,0.4574142857142857,0.4616761904761904,0.4649952380952381,0.46927619047619046,0.4658761904761904,0.4673333333333334,0.47285238095238097,0.4773666666666667,0.4702,0.4356885714285714,0.4344799999999999,0.43277142857142864,0.4400285714285713,0.44329428571428575,0.44048857142857145,0.43529999999999996,0.43302571428571424,0.43382,0.41374571428571427,0.41256571428571426,0.42042,0.42293714285714284,0.4222542857142857,0.4234657142857142,0.3461171428571429,0.34706285714285706,0.3438028571428572,0.34674285714285713,0.3506371428571428,0.3555342857142857,0.35520571428571424,0.35612000000000005,0.3505485714285714,0.3369228571428572,0.3319114285714286,0.33504571428571434,0.33722285714285716,0.34055428571428575,0.3446742857142857,0.40832040816326526,0.4096469387755101,0.4132173469387755,0.4161051020408163,0.4174755102040816,0.41237551020408164,0.41441530612244887,0.4132755102040816,0.4146479591836735,0.43402040816326526,0.43410000000000004,0.4356275510204081,0.4325183673469387,0.43361836734693876,0.44361938775510196,0.368147619047619,0.369,0.37093095238095236,0.3735,0.3706857142857143,0.3784404761904762,0.38006190476190477,0.3776380952380953,0.3781261904761905,0.35474761904761903,0.3568190476190476,0.3581761904761905,0.35946428571428574,0.3646142857142857,0.3554833333333333,0.31972244897959184,0.3204102040816326,0.3181312925170068,0.31730816326530614,0.31674421768707495,0.33309319727891157,0.3313823129251701,0.32905986394557823,0.32693469387755103,0.3213714285714286,0.31899795918367346,0.31661428571428574,0.3270823129251701,0.32593877551020406,0.32304353741496594,Female,25,Adult,Adult,C,C,mms04f25_250Hz_gu2_AEP.conn
EES21F20,EES21F20_250Hz_gu3_AEP.conn,gu3,0.22119047619047624,0.22056190476190474,0.2245047619047619,0.2263666666666667,0.22396666666666665,0.23415714285714287,0.2413809523809524,0.24712857142857145,0.27102380952380956,0.2558952380952381,0.25531428571428577,0.2570380952380953,0.26362380952380954,0.268,0.25917619047619045,0.26387142857142865,0.2611485714285714,0.25950285714285715,0.26047428571428577,0.2613942857142857,0.269,0.2694914285714286,0.2750657142857143,0.2706857142857143,0.24888,0.24591428571428575,0.24912285714285715,0.26120571428571426,0.2690057142857143,0.25072285714285714,0.20040571428571424,0.1973542857142857,0.20259714285714284,0.21425999999999998,0.2224771428571429,0.2146171428571429,0.22150571428571428,0.2233628571428571,0.22553142857142858,0.19594,0.19614285714285715,0.2048342857142857,0.21631142857142857,0.21925142857142857,0.19791714285714285,0.20482551020408166,0.20731938775510206,0.21290510204081634,0.2188438775510204,0.22326632653061226,0.21725918367346933,0.2156183673469388,0.21552857142857146,0.21796020408163264,0.22564795918367347,0.2301520408163265,0.23580102040816323,0.22875510204081634,0.2302081632653061,0.23011632653061223,0.23516904761904764,0.24465714285714288,0.24296666666666666,0.24040952380952382,0.2390952380952381,0.23991904761904762,0.2394952380952381,0.24840952380952383,0.2531166666666667,0.26065,0.261747619047619,0.2610571428571429,0.2561785714285714,0.26257619047619046,0.25657142857142856,0.1784795918367347,0.17926326530612244,0.17678571428571427,0.17275714285714283,0.17333401360544215,0.1733591836734694,0.1764292517006803,0.17841972789115645,0.18085578231292518,0.18231020408163262,0.1810374149659864,0.17983469387755105,0.18558775510204079,0.18706530612244893,0.1846442176870748,Female,20,Adult,Tertiary,E,NC,EES21F20_250Hz_gu2_AEP.conn
EES15F31,ees15f31_250Hz_gu3_AEP.conn,gu3,0.22677619047619046,0.21928095238095238,0.21292380952380952,0.2097190476190476,0.21161428571428573,0.22819523809523812,0.22844285714285714,0.22352857142857144,0.2645714285714286,0.2532809523809524,0.2508952380952381,0.24895238095238095,0.269452380952381,0.26375714285714286,0.25392380952380955,0.25629142857142856,0.25581714285714285,0.25793714285714286,0.25773999999999997,0.2558485714285714,0.26131142857142853,0.2592228571428571,0.2619657142857143,0.26461714285714283,0.2494571428571429,0.2534171428571429,0.25651999999999997,0.2522257142857143,0.25339142857142855,0.2503,0.19425428571428574,0.19674857142857144,0.1986342857142857,0.19500571428571428,0.1901685714285714,0.1906085714285714,0.19312285714285712,0.19447428571428568,0.18983428571428568,0.1913942857142857,0.19536,0.19551999999999997,0.1894742857142857,0.19047714285714287,0.19294285714285714,0.2350612244897959,0.231984693877551,0.23195612244897962,0.23321020408163265,0.23508061224489799,0.23435204081632657,0.2357428571428572,0.24033877551020408,0.2384316326530612,0.2517316326530612,0.2521061224489796,0.25291224489795916,0.2544408163265306,0.25373673469387753,0.2534255102040816,0.24717142857142857,0.24640714285714285,0.24680476190476194,0.2432309523809524,0.23791428571428572,0.23579999999999993,0.23465238095238097,0.24477380952380948,0.25099285714285713,0.27012142857142857,0.2697095238095238,0.2647095238095238,0.2614261904761905,0.26466428571428574,0.25970952380952383,0.15845510204081634,0.16128571428571425,0.1612700680272109,0.15867891156462588,0.15558503401360543,0.15356394557823128,0.15512789115646256,0.15542108843537417,0.1564013605442177,0.16702176870748298,0.16679115646258505,0.16496462585034014,0.1611598639455782,0.16251768707482994,0.16165986394557827,Female,31,Adult,Adult,E,NC,ees15f31_250Hz_gu2_AEP.conn
MMS05F36,mms05f36_250Hz_gu3_AEP.conn,gu3,0.22334285714285715,0.22210952380952378,0.22635714285714284,0.22793809523809525,0.22373809523809526,0.21269999999999997,0.22012857142857145,0.22874285714285714,0.2693285714285714,0.26571428571428574,0.2655857142857143,0.2674714285714286,0.2643761904761905,0.2676238095238095,0.26476666666666665,0.2667857142857143,0.26354285714285713,0.26796285714285717,0.27133142857142856,0.27495714285714284,0.27184285714285716,0.2755628571428571,0.2790371428571429,0.28131428571428574,0.2650285714285714,0.26760285714285714,0.27133142857142856,0.26333142857142855,0.26606285714285716,0.2652542857142857,0.1882228571428571,0.18249142857142855,0.18473714285714288,0.1855742857142857,0.1894485714285714,0.1896628571428572,0.18451428571428571,0.18367714285714287,0.18827999999999998,0.19255142857142854,0.19410857142857144,0.1936314285714286,0.18574571428571426,0.18573714285714288,0.19990285714285713,0.24313469387755102,0.24735816326530613,0.2491489795918367,0.24884591836734699,0.24882244897959185,0.24814591836734692,0.24621428571428572,0.2465561224489796,0.24829183673469388,0.2678479591836735,0.26993469387755104,0.2679132653061224,0.2634795918367347,0.26507551020408154,0.26894591836734694,0.20648095238095235,0.20466428571428572,0.20363809523809526,0.20507857142857144,0.20956904761904763,0.21562857142857142,0.21460476190476188,0.21001666666666666,0.20748571428571427,0.2187380952380952,0.21987619047619045,0.2205904761904762,0.22351666666666667,0.21765,0.21932142857142856,0.19566938775510204,0.194647619047619,0.19194489795918365,0.19299863945578236,0.19515034013605442,0.1975068027210884,0.1955,0.19494081632653062,0.19366122448979592,0.20172993197278913,0.19995306122448978,0.20018775510204084,0.2035979591836735,0.20261224489795918,0.20325918367346935,Female,36,Adult,Adult,C,C,mms05f36_250Hz_gu2_AEP.conn
EES14F26,ees14f26_250Hz_gu3_AEP.conn,gu3,0.24671428571428566,0.24518095238095236,0.24741904761904762,0.24308095238095237,0.23964285714285713,0.23471428571428574,0.2244952380952381,0.21929523809523807,0.2427,0.27441428571428567,0.2725714285714285,0.26519047619047614,0.261147619047619,0.2562333333333333,0.27200476190476186,0.27658285714285713,0.27604285714285715,0.27114,0.26789999999999997,0.2684171428571429,0.24703714285714287,0.24218571428571428,0.24813142857142859,0.25696,0.26979714285714285,0.2639657142857143,0.26057428571428576,0.23838571428571426,0.24373714285714287,0.2646114285714286,0.19190000000000002,0.19388285714285713,0.19589142857142858,0.19648285714285715,0.19500285714285717,0.18696857142857146,0.18822,0.19304571428571426,0.19708285714285717,0.18886857142857144,0.1910857142857143,0.19103428571428574,0.1855085714285714,0.18736857142857144,0.19036,0.2179775510204082,0.21859183673469387,0.2180244897959184,0.2195755102040816,0.21782448979591837,0.2258163265306122,0.22984897959183673,0.228915306122449,0.2244081632653061,0.23770816326530614,0.23736632653061224,0.2384969387755102,0.24572551020408165,0.24324183673469382,0.2345765306122449,0.23999523809523807,0.2363738095238095,0.23593333333333336,0.23612380952380954,0.23348095238095234,0.22415714285714286,0.2256309523809524,0.22618095238095237,0.2300857142857143,0.2499714285714286,0.2475333333333333,0.2462404761904762,0.24703571428571433,0.2475238095238095,0.24372619047619049,0.17909931972789117,0.17900748299319721,0.17697278911564626,0.17434965986394557,0.17504353741496598,0.18066122448979588,0.1810047619047619,0.17976190476190473,0.17784625850340138,0.18462585034013607,0.18067346938775505,0.178269387755102,0.18610408163265305,0.1869469387755102,0.17899795918367342,Female,26,Adult,Adult,E,NC,ees14f26_250Hz_gu2_AEP.conn
MMS20M28,mms20m28_250Hz_gu3_AEP.conn,gu3,0.3018619047619047,0.2808428571428571,0.2728142857142857,0.27410952380952386,0.2829,0.29005714285714285,0.28987619047619045,0.28123333333333334,0.30725714285714284,0.30532857142857145,0.3094380952380953,0.3176857142857143,0.30360476190476193,0.3001190476190476,0.3105857142857143,0.36504000000000003,0.35064,0.3435628571428571,0.32859142857142853,0.33731999999999995,0.33789428571428576,0.3343114285714286,0.3347714285714286,0.3319657142857143,0.3369114285714286,0.3368914285714285,0.3241314285714285,0.3184257142857143,0.3255571428571429,0.3380457142857143,0.3096028571428571,0.30416,0.2938,0.27808,0.2879514285714286,0.2848428571428572,0.2838228571428571,0.2750971428571428,0.2818171428571429,0.2979857142857143,0.2916657142857143,0.2750257142857143,0.2692314285714286,0.2655914285714286,0.29234,0.27801632653061226,0.27339591836734695,0.27102755102040815,0.269880612244898,0.2650775510204082,0.27056836734693873,0.27041122448979593,0.273061224489796,0.27190714285714285,0.2904183673469388,0.28710204081632656,0.2871142857142857,0.28448877551020413,0.28660408163265305,0.28504999999999997,0.2382404761904762,0.24432142857142858,0.24362857142857142,0.2406952380952381,0.24153095238095237,0.23068333333333335,0.22888809523809525,0.22848095238095237,0.22474285714285716,0.24135238095238096,0.23982380952380952,0.24077380952380953,0.23693809523809525,0.2304047619047619,0.22977142857142854,0.18747278911564624,0.18846190476190475,0.1869530612244898,0.1908952380952381,0.1908353741496599,0.17648231292517008,0.1811244897959184,0.17691564625850337,0.1778578231292517,0.19016734693877552,0.1891952380952381,0.1921176870748299,0.19299727891156462,0.18708571428571427,0.1871374149659864,Male,28,Adult,Adult,C,C,mms20m28_250Hz_gu2_AEP.conn
EES10M22,EES10M22_250Hz_gu3_AEP.conn,gu3,0.2326047619047619,0.2253571428571429,0.22480476190476187,0.22374761904761908,0.21617619047619044,0.2025904761904762,0.20834285714285714,0.20961428571428567,0.2500809523809524,0.264952380952381,0.2649809523809524,0.2654285714285714,0.24675238095238095,0.24963809523809521,0.26044761904761904,0.28922,0.2895657142857143,0.28278571428571425,0.2746085714285714,0.27508,0.2739971428571429,0.27350857142857143,0.27632,0.27669428571428567,0.27928,0.26937142857142854,0.25507714285714284,0.2579285714285714,0.26190285714285716,0.2565885714285714,0.20011714285714288,0.19770000000000004,0.19983142857142855,0.19776571428571427,0.19809714285714283,0.20014285714285718,0.19561714285714288,0.1945142857142857,0.1912857142857143,0.18626,0.18226857142857142,0.17278571428571426,0.18150857142857144,0.18190285714285714,0.17818571428571428,0.26870612244897957,0.26704081632653065,0.2660642857142857,0.2652040816326531,0.2656479591836735,0.26625000000000004,0.26558163265306123,0.2685744897959184,0.26893979591836736,0.2872908163265307,0.2843438775510204,0.28293367346938775,0.2810091836734694,0.28322857142857144,0.28165102040816326,0.2869690476190476,0.2906261904761905,0.29345714285714286,0.29534285714285713,0.2970119047619048,0.29048809523809527,0.29347142857142855,0.2978071428571429,0.2949595238095238,0.31086428571428576,0.3143761904761905,0.31862619047619045,0.31352380952380954,0.31495238095238093,0.3064309523809523,0.22599659863945581,0.22641360544217684,0.2219857142857143,0.2187408163265306,0.21739863945578236,0.2160163265306123,0.21375442176870743,0.2122993197278912,0.21086938775510203,0.22758979591836737,0.2229027210884354,0.22037278911564628,0.22343333333333332,0.22113945578231295,0.21768231292517007,Male,22,Adult,Tertiary,E,NC,EES10M22_250Hz_gu2_AEP.conn
EES09M30MU,EES09m30mu_250Hz_gu3_AEP.conn,gu3,0.29469999999999996,0.2988142857142857,0.29518571428571433,0.29855714285714285,0.29767142857142853,0.3001619047619048,0.2933904761904762,0.29290476190476195,0.3195047619047619,0.32280000000000003,0.31689999999999996,0.3178142857142857,0.31747142857142857,0.316,0.31568095238095245,0.3171285714285714,0.31951714285714283,0.3142371428571429,0.3117028571428571,0.31070285714285717,0.32147142857142863,0.31936,0.31802285714285716,0.31840857142857143,0.31333142857142865,0.30802285714285715,0.30427142857142864,0.30880571428571424,0.30663428571428575,0.30688571428571426,0.2719114285714285,0.27512285714285717,0.27529714285714285,0.27660285714285715,0.2808428571428571,0.27958571428571427,0.27788285714285715,0.27354285714285714,0.27264571428571427,0.26664,0.2675571428571429,0.2682971428571429,0.26823142857142857,0.2657057142857143,0.26507714285714284,0.31015102040816317,0.3108755102040816,0.3114806122448979,0.31215816326530615,0.3131510204081633,0.30586020408163267,0.3037867346938775,0.3078969387755102,0.3100673469387755,0.33317857142857144,0.3351081632653061,0.33481020408163265,0.3230591836734694,0.3242642857142857,0.33238163265306125,0.2846642857142857,0.2799285714285714,0.28012857142857145,0.2836190476190476,0.28940952380952384,0.2848785714285714,0.28517857142857145,0.2935380952380952,0.2916571428571429,0.30870238095238095,0.30906190476190476,0.3109619047619048,0.3038095238095238,0.30445952380952385,0.3076738095238095,0.20698843537414963,0.2100748299319728,0.21053673469387757,0.20808367346938772,0.20685102040816328,0.20650952380952384,0.20296190476190473,0.1996496598639456,0.20044965986394558,0.22054761904761908,0.2197006802721089,0.21761632653061225,0.2091278911564626,0.20777551020408164,0.21901700680272107,Male,30,Adult,Adult,E,NC,EES09m30mu_250Hz_gu2_AEP.conn
MMS18M36MIX,mms18m36mix_250Hz_gu3_AEP.conn,gu3,0.22946666666666662,0.22943809523809522,0.23282857142857147,0.2336904761904762,0.23188095238095233,0.24219047619047618,0.2418190476190476,0.2464142857142857,0.2686761904761905,0.2565,0.2602238095238095,0.2613190476190476,0.2683190476190476,0.27101904761904766,0.2584952380952381,0.2700142857142857,0.27033428571428575,0.27490571428571436,0.2780542857142857,0.2775114285714285,0.27735999999999994,0.2742228571428572,0.27141714285714286,0.2705828571428571,0.27038285714285715,0.2705914285714286,0.27132,0.27730571428571427,0.2757942857142857,0.2681885714285715,0.22251142857142855,0.22108571428571427,0.21926857142857142,0.21623142857142857,0.21152571428571426,0.21442,0.2103485714285714,0.20803714285714286,0.20748000000000003,0.2120771428571429,0.21148571428571433,0.21037714285714287,0.21225428571428567,0.2124057142857143,0.20716285714285715,0.2634591836734694,0.2623122448979592,0.25850510204081634,0.25781020408163263,0.25722244897959184,0.25682040816326535,0.2604214285714286,0.26417040816326537,0.2652775510204082,0.2800102040816327,0.27681428571428573,0.27687040816326525,0.28091428571428567,0.2810979591836735,0.2772489795918367,0.2228595238095238,0.2226047619047619,0.22025714285714285,0.2178095238095238,0.2165404761904762,0.20944761904761902,0.20822619047619048,0.2132238095238095,0.2173142857142857,0.24051428571428576,0.24096666666666666,0.2392642857142857,0.23243095238095238,0.23235952380952382,0.2373142857142857,0.169269387755102,0.16897074829931974,0.16749727891156466,0.16846326530612246,0.17057619047619046,0.17022244897959182,0.16999999999999998,0.1713843537414966,0.17327142857142858,0.17631904761904763,0.17299863945578225,0.17390680272108844,0.17643605442176868,0.17851632653061225,0.1766176870748299,Male,36,Adult,Adult,C,C,mms18m36mix_250Hz_gu2_AEP.conn
EES24F29,EES24F29_250Hz_gu3_AEP.conn,gu3,0.20334285714285713,0.20694761904761905,0.21164761904761908,0.21913809523809524,0.21804761904761905,0.21415238095238096,0.21923809523809523,0.2225190476190476,0.26268571428571424,0.2505047619047619,0.25530952380952376,0.26143333333333335,0.2612761904761905,0.2661,0.2596904761904762,0.2991342857142857,0.2974114285714286,0.29734571428571427,0.2988428571428572,0.3013228571428571,0.30108,0.2982142857142857,0.29198,0.2857971428571429,0.2918971428571428,0.28894000000000003,0.29059999999999997,0.2926,0.2894285714285715,0.29222285714285706,0.25273428571428574,0.2481057142857143,0.2502371428571428,0.25094571428571427,0.2478514285714286,0.2516857142857143,0.24834285714285714,0.24463142857142856,0.24338571428571432,0.24436571428571424,0.24780571428571427,0.24475142857142856,0.24488857142857143,0.24665999999999996,0.25117999999999996,0.2703530612244898,0.26963265306122447,0.2691795918367347,0.26842244897959183,0.268880612244898,0.27244693877551024,0.27330102040816323,0.27040408163265306,0.26986530612244897,0.2900724489795918,0.2890510204081633,0.28754897959183673,0.2941928571428572,0.2932122448979592,0.2893683673469387,0.24844761904761903,0.25089047619047616,0.25556904761904764,0.25889285714285715,0.2570571428571428,0.2510880952380952,0.2492952380952381,0.24808571428571427,0.24741666666666665,0.2615309523809524,0.2685785714285714,0.27414999999999995,0.2679285714285714,0.27174761904761907,0.2659142857142857,0.18348231292517006,0.18310680272108842,0.18189727891156462,0.1808891156462585,0.18133945578231292,0.18463673469387756,0.18075034013605443,0.17699863945578237,0.17923469387755103,0.18713333333333335,0.18760068027210886,0.1870469387755102,0.18909931972789112,0.18482653061224488,0.18872993197278912,Female,29,Adult,Adult,E,NC,EES24F29_250Hz_gu2_AEP.conn
EES20F22,ees20f22_250Hz_gu3_AEP.conn,gu3,0.2928619047619047,0.28596190476190475,0.2847,0.28288571428571424,0.2868904761904762,0.2970095238095238,0.29267142857142864,0.28846666666666665,0.29939999999999994,0.3098666666666667,0.30307619047619044,0.2975190476190476,0.31568095238095245,0.3134142857142857,0.301352380952381,0.30023428571428573,0.2991657142857143,0.2930428571428572,0.28523714285714286,0.2860114285714285,0.29139428571428566,0.29907428571428574,0.29975999999999997,0.2979457142857143,0.2925114285714286,0.2838171428571429,0.27874,0.29809142857142856,0.29998,0.2856571428571429,0.18777714285714286,0.1838342857142857,0.17972857142857146,0.18175714285714287,0.18235714285714288,0.1812857142857143,0.18324857142857143,0.18137142857142857,0.18126285714285711,0.17866857142857145,0.17615142857142857,0.18004857142857142,0.17943142857142855,0.18205714285714286,0.17248857142857144,0.23753061224489797,0.23757653061224487,0.23962857142857144,0.24368163265306123,0.2457969387755102,0.23746632653061228,0.2365142857142857,0.24078469387755105,0.24565102040816325,0.26179285714285716,0.2629714285714286,0.2634255102040816,0.25599693877551016,0.25930714285714285,0.26458163265306117,0.22875238095238096,0.22688809523809525,0.2331738095238095,0.23844047619047623,0.24314285714285713,0.24069761904761902,0.23027380952380952,0.22956904761904762,0.2312928571428571,0.2519547619047619,0.25348333333333334,0.25340714285714283,0.2396238095238095,0.24071190476190477,0.25395952380952386,0.21791156462585035,0.21957142857142856,0.2217136054421769,0.22296734693877557,0.22196734693877557,0.215791156462585,0.2157721088435374,0.21666802721088435,0.21497891156462584,0.22674081632653062,0.22840272108843535,0.2302734693877551,0.22630204081632646,0.22651972789115649,0.22703401360544223,Female,22,Adult,Tertiary,E,NC,ees20f22_250Hz_gu2_AEP.conn
R16E09G10,R16E09g10_info1_250Hz_gu3_AEP.conn,gu3,0.267347619047619,0.26925714285714286,0.26374761904761906,0.26618571428571425,0.2665,0.28470476190476196,0.28014761904761903,0.2713571428571429,0.3012666666666666,0.30325714285714284,0.29521428571428565,0.29682380952380955,0.3071809523809524,0.297652380952381,0.29522380952380955,0.3381428571428572,0.33761714285714284,0.3408285714285714,0.3429485714285714,0.3417257142857143,0.3443457142857143,0.34416,0.3408514285714286,0.33766285714285715,0.3406542857142857,0.34049142857142856,0.33868,0.34506,0.3390428571428571,0.34550000000000003,0.26135428571428576,0.26206,0.2636485714285714,0.26295714285714283,0.26741999999999994,0.27001714285714284,0.26093714285714287,0.2568114285714286,0.2561228571428571,0.26252285714285717,0.2599828571428572,0.25486285714285717,0.25886,0.2538714285714285,0.26804,0.24920000000000006,0.2470387755102041,0.24625306122448984,0.24631530612244898,0.2481785714285715,0.250288775510204,0.2501887755102041,0.2507581632653061,0.25027857142857135,0.26499387755102044,0.2653938775510204,0.26580204081632647,0.2672877551020409,0.2657969387755102,0.26817142857142856,0.25151428571428575,0.2527357142857143,0.24675952380952382,0.23994761904761905,0.23931904761904763,0.24895476190476193,0.24641428571428572,0.2429190476190476,0.24288809523809526,0.2592928571428571,0.2537285714285714,0.2464047619047619,0.24810238095238094,0.24454761904761904,0.25838809523809525,0.2080095238095238,0.20839591836734694,0.20873469387755103,0.20678979591836738,0.20416598639455782,0.20138367346938776,0.20349183673469384,0.20381768707482992,0.20413469387755104,0.2108925170068027,0.21143469387755098,0.20782925170068034,0.20231700680272105,0.19969183673469384,0.2137176870748299,Female,10,8-12,Elementary,E,NC,R16E09g10_info1_250Hz_gu2_AEP.conn
R16BF04G10,R16BF04g10_info1_250Hz_gu3_AEP.conn,gu3,0.24365714285714288,0.2387571428571429,0.23692380952380954,0.23908571428571426,0.2384952380952381,0.2320095238095238,0.23556190476190475,0.2361142857142857,0.2783571428571428,0.27869047619047616,0.27543809523809526,0.27244285714285715,0.27564285714285713,0.2746571428571429,0.27496666666666664,0.28910857142857144,0.28573142857142864,0.28332857142857143,0.28868857142857146,0.29440857142857146,0.28788285714285716,0.29243714285714284,0.29433999999999994,0.29130285714285714,0.2919342857142857,0.2907828571428571,0.29774,0.29565142857142857,0.2988542857142857,0.2984114285714286,0.2557257142857143,0.2528485714285714,0.25438285714285713,0.2602171428571428,0.2701142857142857,0.27302857142857145,0.2708885714285714,0.26675999999999994,0.26509714285714286,0.25870571428571426,0.2580142857142857,0.26360285714285714,0.27143428571428574,0.26624857142857145,0.2638742857142857,0.31307142857142856,0.3139459183673469,0.3175683673469388,0.3174224489795918,0.31796020408163267,0.31501122448979596,0.31373367346938774,0.3132632653061225,0.31479591836734694,0.32833061224489796,0.33156326530612246,0.33179489795918365,0.3276,0.32776938775510206,0.33126326530612243,0.2533547619047619,0.25349047619047615,0.2528547619047619,0.25294523809523806,0.25514285714285717,0.25220000000000004,0.24905714285714287,0.24699523809523807,0.24907380952380953,0.2649309523809524,0.2631928571428572,0.2656309523809524,0.2624190476190476,0.2611452380952381,0.26245238095238094,0.22709931972789116,0.22781156462585037,0.22794625850340142,0.22906666666666664,0.23125442176870747,0.22925510204081634,0.22740068027210883,0.22583469387755106,0.22456122448979587,0.23290000000000005,0.23095102040816323,0.23056394557823137,0.23377278911564628,0.2321734693877551,0.23150544217687077,Female,10,8-12,Elementary,S,NC,R16BF04g10_info1_250Hz_gu2_AEP.conn
R16E16B7,R16E16b7_info1_250Hz_gu3_AEP.conn,gu3,0.25425238095238095,0.2550142857142857,0.2543619047619048,0.2517333333333333,0.25125238095238095,0.25416666666666665,0.2560428571428572,0.25790952380952376,0.29546190476190476,0.29950476190476194,0.2958571428571429,0.2931952380952381,0.30055238095238096,0.29869047619047623,0.29613333333333336,0.29802285714285714,0.29709714285714284,0.2943057142857143,0.2900371428571428,0.28784857142857145,0.2919257142857143,0.2897342857142858,0.2902628571428571,0.2904314285714286,0.30261714285714286,0.2995514285714286,0.29499714285714285,0.29906285714285713,0.3004714285714286,0.30060285714285717,0.29324000000000006,0.29274857142857147,0.29221714285714284,0.28978000000000004,0.2898457142857143,0.28632285714285716,0.28536571428571433,0.2840742857142857,0.2882285714285714,0.29614285714285715,0.2975257142857143,0.29767142857142853,0.2983142857142857,0.2982742857142857,0.29873714285714287,0.34225306122448984,0.3424724489795918,0.3429714285714286,0.34414285714285714,0.3445244897959184,0.3443255102040816,0.3454275510204082,0.3466571428571429,0.3470510204081633,0.3617877551020407,0.3616163265306123,0.36269489795918375,0.3626265306122449,0.36265204081632646,0.36300714285714275,0.25625,0.2565809523809524,0.25952380952380955,0.2570857142857143,0.25537857142857145,0.2549619047619048,0.25476190476190474,0.25726190476190475,0.2594857142857143,0.2676404761904762,0.27143095238095244,0.26821190476190476,0.26031666666666664,0.2639309523809524,0.2705714285714286,0.24081768707482998,0.24082857142857145,0.23807074829931976,0.23578163265306118,0.23470612244897968,0.23888027210884347,0.23864693877551024,0.2373707482993197,0.23545510204081632,0.24449659863945575,0.24270816326530611,0.2411312925170068,0.24293401360544223,0.24263945578231289,0.24161156462585034,Male,7,5-7,Elementary,E,NC,R16E16b7_info1_250Hz_gu2_AEP.conn
R16E19B5,R16E19b5_info1_250Hz_gu3_AEP.conn,gu3,0.39085238095238095,0.3945047619047619,0.3920857142857142,0.3925476190476191,0.3956380952380953,0.39713333333333334,0.40078571428571436,0.4015761904761905,0.44164761904761907,0.4229523809523809,0.41977142857142863,0.4211952380952381,0.42806666666666676,0.42782857142857145,0.407847619047619,0.38195999999999997,0.3826142857142857,0.3801685714285714,0.3817685714285714,0.3840057142857143,0.3768885714285714,0.37824285714285716,0.3768742857142858,0.37322857142857147,0.3824142857142857,0.37683714285714287,0.3739685714285715,0.38659999999999994,0.38316285714285714,0.3808771428571428,0.3260342857142857,0.3350457142857143,0.33799142857142855,0.33338285714285715,0.32305142857142854,0.3248942857142857,0.33805714285714283,0.34713142857142854,0.3452657142857143,0.33647714285714286,0.3426571428571429,0.33546571428571426,0.33381428571428573,0.3398542857142857,0.3420571428571429,0.3751642857142857,0.37634183673469385,0.3797959183673469,0.38016020408163254,0.38012551020408164,0.38039795918367353,0.37999693877551016,0.3815510204081632,0.3813438775510204,0.4000295918367347,0.4006785714285714,0.4011377551020408,0.3990622448979592,0.39909591836734687,0.39696428571428566,0.30758095238095234,0.3102761904761905,0.31312142857142855,0.3138071428571429,0.309502380952381,0.30593809523809523,0.3123666666666666,0.3150404761904762,0.31047619047619046,0.30448095238095235,0.3005452380952381,0.3001761904761905,0.3036309523809524,0.3013047619047619,0.29578809523809524,0.3127823129251701,0.31607006802721094,0.32078367346938774,0.32125510204081625,0.3188904761904762,0.30724761904761905,0.31237959183673475,0.31617551020408163,0.3162850340136054,0.30707142857142855,0.3112251700680272,0.31123333333333336,0.3081938775510204,0.3123571428571428,0.3071170068027211,Male,5,5-7,Elementary,E,NC,R16E19b5_info1_250Hz_gu2_AEP.conn
R16E17B5,R16E17b5_info1_250Hz_gu3_AEP.conn,gu3,0.31034761904761904,0.3059428571428572,0.30935714285714283,0.30700476190476195,0.30741428571428575,0.3210285714285714,0.31830476190476187,0.3144809523809524,0.3505238095238095,0.3331238095238095,0.3342380952380952,0.33351904761904766,0.34191428571428567,0.33849999999999997,0.33643809523809526,0.3484514285714286,0.3475714285714286,0.3489457142857143,0.34642000000000006,0.3462485714285714,0.3498942857142857,0.3501142857142857,0.35041428571428573,0.34851428571428567,0.34108285714285713,0.3419228571428572,0.34127428571428575,0.33831714285714287,0.3396085714285714,0.3366828571428572,0.23950285714285716,0.23673428571428573,0.23901714285714287,0.2422914285714286,0.24290571428571428,0.23362857142857144,0.23625714285714286,0.2416942857142857,0.24603999999999998,0.23817142857142856,0.23760000000000003,0.23862285714285716,0.2293285714285714,0.23437714285714284,0.2344514285714286,0.2831224489795919,0.28203061224489795,0.2817897959183674,0.28141428571428573,0.2831469387755102,0.282438775510204,0.28122346938775517,0.2834785714285714,0.2866714285714286,0.2971051020408163,0.29705816326530604,0.29753163265306126,0.2957755102040816,0.2971642857142857,0.29577551020408166,0.31779285714285715,0.32036904761904766,0.3206833333333334,0.31603809523809523,0.3160190476190476,0.3221428571428572,0.32429523809523814,0.3257357142857143,0.3264142857142857,0.3364190476190476,0.33489523809523813,0.331804761904762,0.337847619047619,0.3356690476190476,0.33611428571428564,0.2580374149659864,0.2574040816326531,0.2561462585034014,0.2562204081632653,0.2567142857142857,0.25262244897959185,0.25428911564625845,0.25426666666666664,0.2551897959183674,0.261187074829932,0.259143537414966,0.2581142857142857,0.2612054421768707,0.261004081632653,0.2596707482993197,Male,5,5-7,Elementary,E,NC,R16E17b5_info1_250Hz_gu2_AEP.conn
R16A04B8,R16A04b8_info1_250Hz_gu3_AEP.conn,gu3,0.3556333333333334,0.3468761904761905,0.3480190476190476,0.3506,0.3473809523809524,0.3424142857142857,0.3408380952380952,0.34890952380952384,0.3908619047619048,0.38663333333333333,0.3821666666666667,0.3876095238095238,0.3748047619047619,0.3805809523809524,0.38290476190476186,0.39758857142857146,0.3963,0.3897857142857143,0.38218285714285716,0.3829485714285714,0.4020257142857143,0.3966942857142858,0.3873514285714286,0.37982857142857146,0.39474,0.37868,0.36998857142857144,0.3962514285714286,0.3841028571428572,0.37767428571428574,0.3506314285714286,0.35544000000000003,0.3549171428571428,0.35076,0.35289714285714285,0.35466571428571425,0.3599914285714286,0.36526000000000003,0.36252,0.3568371428571429,0.3548885714285714,0.3495914285714285,0.35159714285714283,0.3608685714285714,0.3577285714285714,0.3825530612244898,0.38575510204081637,0.38905510204081634,0.39305918367346937,0.3936428571428571,0.38045306122448974,0.3863775510204081,0.38981020408163264,0.38888673469387763,0.4020418367346939,0.40253469387755103,0.406165306122449,0.39932653061224493,0.4037897959183674,0.4016969387755103,0.28978809523809523,0.2924428571428571,0.28598333333333337,0.2724571428571429,0.2719619047619048,0.2860976190476191,0.28457857142857146,0.27976428571428574,0.2765547619047619,0.3017309523809524,0.3004833333333334,0.2944952380952381,0.29579047619047616,0.2947452380952381,0.29450952380952383,0.2710197278911565,0.2742523809523809,0.2775659863945578,0.27855102040816326,0.27520136054421773,0.2771244897959184,0.27771156462585034,0.279078231292517,0.2774265306122449,0.27529251700680274,0.2780605442176871,0.28024693877551016,0.27267755102040814,0.2770551020408163,0.2803857142857143,Male,8,8-12,Elementary,A,NC,R16A04b8_info1_250Hz_gu2_AEP.conn
R16L01SY06,R16L01sy06_info1_250Hz_gu3_AEP.conn,gu3,0.2713857142857143,0.2748761904761905,0.2777476190476191,0.2774285714285714,0.2814238095238095,0.28031428571428574,0.28548095238095245,0.287252380952381,0.3193761904761904,0.31581428571428566,0.31861904761904764,0.3143380952380952,0.3169380952380953,0.31771428571428567,0.32465238095238097,0.31468285714285715,0.31343714285714286,0.3103857142857143,0.3069,0.31013714285714283,0.3172514285714286,0.32168,0.32394285714285714,0.32604,0.3192514285714286,0.3187914285714285,0.31585142857142856,0.31991142857142857,0.3194514285714286,0.3220057142857143,0.37394,0.37295999999999996,0.3725971428571429,0.37157142857142855,0.37100000000000005,0.38375428571428577,0.3879342857142857,0.3921285714285713,0.3943228571428571,0.3718857142857143,0.37276000000000004,0.37354,0.3772028571428571,0.3770171428571429,0.3782371428571428,0.4236683673469388,0.42411224489795923,0.42409387755102035,0.4241867346938776,0.4236438775510204,0.42881326530612235,0.42841428571428564,0.4274969387755102,0.426284693877551,0.43525102040816327,0.4359714285714285,0.43708367346938765,0.43583979591836736,0.43405204081632653,0.4384510204081633,0.25105000000000005,0.2554214285714286,0.25579761904761905,0.2560357142857143,0.2562880952380952,0.2565619047619047,0.2604190476190476,0.2626809523809524,0.2600214285714286,0.26005000000000006,0.2609619047619048,0.26098571428571427,0.26499285714285714,0.2678809523809524,0.26212857142857143,0.28443605442176867,0.2833190476190476,0.2834462585034013,0.282878231292517,0.28176054421768704,0.2860081632653061,0.286495238095238,0.2877578231292517,0.2878591836734694,0.2842224489795918,0.2850068027210885,0.28535850340136054,0.28538843537414965,0.2871231292517007,0.2851857142857143,Female,6,5-7,Elementary,S,NC,R16L01sy06_info1_250Hz_gu2_AEP.conn
R16S01Y08B,R16S01y08b_info1_250Hz_gu3_AEP.conn,gu3,0.30967619047619044,0.3005380952380952,0.2920238095238095,0.28274285714285713,0.2828047619047619,0.29914285714285715,0.29319047619047617,0.2859,0.3072428571428571,0.3166761904761905,0.309952380952381,0.3031,0.3079047619047619,0.3045095238095238,0.3074238095238095,0.31800285714285714,0.31579142857142856,0.3160342857142857,0.3154742857142857,0.3209371428571429,0.3207342857142857,0.3196142857142857,0.3163028571428571,0.3160657142857143,0.30879428571428574,0.3110428571428572,0.3091714285714286,0.31495428571428574,0.3141542857142857,0.3148114285714286,0.26240571428571424,0.26259142857142853,0.26190857142857144,0.25909714285714286,0.25880857142857144,0.2550685714285715,0.25371428571428567,0.2562971428571429,0.25779428571428575,0.24597714285714284,0.24935142857142858,0.24751999999999996,0.24811428571428573,0.25396857142857143,0.2466457142857143,0.26151224489795916,0.2628908163265306,0.2652081632653061,0.2665663265306123,0.2652275510204082,0.2598459183673469,0.26111734693877553,0.2624122448979592,0.26597551020408167,0.2799510204081633,0.28105510204081635,0.2822540816326531,0.27893163265306126,0.28029387755102037,0.27695000000000003,0.2736214285714286,0.27504761904761904,0.275152380952381,0.27265,0.27044999999999997,0.2784357142857143,0.2755595238095238,0.2769904761904762,0.27570952380952385,0.28744285714285717,0.2897595238095238,0.2905595238095238,0.2985261904761905,0.3007595238095238,0.2936904761904762,0.22258775510204082,0.22163061224489797,0.22399795918367346,0.22488571428571427,0.22561020408163268,0.22350204081632652,0.22431224489795917,0.2252074829931972,0.22604217687074832,0.2289272108843537,0.23266190476190474,0.23334693877551022,0.23213809523809525,0.23343061224489792,0.23001564625850338,Female,8,8-12,Elementary,S,NC,R16S01y08b_info1_250Hz_gu2_AEP.conn
R16S16G11,R16S16g11_info1_250Hz_gu3_AEP.conn,gu3,0.3112333333333333,0.3159285714285714,0.3173095238095238,0.3169476190476191,0.31105714285714287,0.31847142857142857,0.31783809523809525,0.3166952380952381,0.3547952380952381,0.3620285714285714,0.36247619047619056,0.3629857142857143,0.35413809523809525,0.3537571428571429,0.37259523809523815,0.3892685714285714,0.38997714285714286,0.38824571428571425,0.38485714285714284,0.3887542857142857,0.39356285714285716,0.3950314285714286,0.39139142857142856,0.3836285714285714,0.3975000000000001,0.3974828571428571,0.39203428571428567,0.4022314285714286,0.4021085714285714,0.39952571428571426,0.33474,0.33748000000000006,0.33686285714285713,0.33344571428571435,0.3344742857142857,0.3366228571428572,0.3342457142857143,0.3321571428571429,0.32953428571428567,0.34680857142857147,0.3448628571428571,0.34095714285714285,0.3434771428571428,0.3462314285714286,0.3486285714285714,0.3197459183673469,0.32222653061224493,0.32819591836734696,0.3357265306122449,0.3374642857142857,0.3246775510204082,0.3248051020408163,0.32638877551020407,0.32926224489795924,0.34385816326530616,0.3466948979591837,0.34967959183673464,0.34418979591836735,0.342984693877551,0.34720102040816325,0.28816904761904766,0.28396190476190475,0.2821857142857143,0.28745714285714286,0.28890238095238097,0.2815166666666667,0.2819809523809524,0.28067380952380955,0.2793261904761905,0.30688571428571426,0.3004571428571428,0.2998619047619048,0.29714285714285715,0.29414285714285715,0.2918309523809524,0.2715986394557823,0.2697612244897959,0.26602653061224496,0.26455170068027206,0.26447482993197285,0.26734489795918365,0.2668863945578231,0.2641374149659864,0.2637843537414966,0.27115238095238103,0.26715374149659865,0.26378979591836743,0.26203877551020416,0.2594224489795919,0.2628619047619048,Female,11,8-12,Elementary,S,NC,R16S16g11_info1_250Hz_gu2_AEP.conn
R16S06G6,R16S06g6_info1_250Hz_gu3_AEP.conn,gu3,0.2667380952380953,0.26787619047619043,0.25516190476190476,0.24750952380952382,0.2488857142857143,0.2556047619047619,0.2538238095238095,0.24836190476190476,0.2816571428571429,0.2944761904761905,0.28452380952380946,0.27956190476190473,0.29048095238095234,0.28540952380952384,0.2838428571428571,0.24140285714285717,0.2396657142857143,0.2361657142857143,0.2345685714285714,0.23631714285714284,0.23866,0.23390857142857144,0.22891714285714287,0.22815142857142856,0.2358628571428571,0.23524571428571428,0.2375428571428571,0.23424285714285714,0.2326657142857143,0.23245714285714286,0.1947457142857143,0.1948,0.19641142857142854,0.19546285714285713,0.19263428571428573,0.19722,0.19927714285714287,0.1963742857142857,0.1931942857142857,0.1922857142857143,0.1951857142857143,0.19586285714285714,0.19664571428571428,0.19445714285714286,0.19569428571428568,0.30213061224489796,0.30164591836734694,0.3013214285714286,0.3026030612244898,0.30312244897959184,0.30247551020408164,0.3048836734693878,0.3062102040816327,0.3075734693877551,0.3171153061224489,0.3199591836734693,0.3216836734693877,0.3213448979591837,0.3212755102040816,0.32228673469387753,0.2589,0.24731428571428568,0.24118095238095236,0.240547619047619,0.2409690476190476,0.25015714285714286,0.25115476190476194,0.25215238095238096,0.25119285714285716,0.2543238095238095,0.2504952380952381,0.25020238095238095,0.25799761904761903,0.257047619047619,0.2527214285714286,0.18072108843537413,0.18204897959183672,0.1820891156462585,0.18187278911564625,0.1835938775510204,0.18160612244897958,0.1798448979591837,0.17697074829931975,0.17871088435374152,0.18246938775510202,0.18144625850340135,0.18194421768707483,0.18661224489795916,0.18419863945578233,0.18130544217687078,Female,6,5-7,Elementary,S,NC,R16S06g6_info1_250Hz_gu2_AEP.conn
R16A05Y08B,R16A05y08b_info1_250Hz_gu3_AEP.conn,gu3,0.2723571428571429,0.2729333333333333,0.2761571428571428,0.27654285714285715,0.27601904761904766,0.2585380952380952,0.26175714285714285,0.2631666666666666,0.2893428571428571,0.29637619047619046,0.2982238095238095,0.2974571428571428,0.291152380952381,0.2929380952380952,0.29396190476190476,0.33125142857142853,0.3268942857142857,0.32651714285714284,0.3238114285714286,0.32168857142857143,0.3194,0.31997142857142863,0.3199199999999999,0.31941428571428576,0.3087142857142857,0.3114428571428572,0.3084685714285714,0.31038571428571426,0.3122,0.3072742857142857,0.27167714285714284,0.2678828571428571,0.27062285714285716,0.2703285714285715,0.27045714285714284,0.25861999999999996,0.25848857142857146,0.2622685714285714,0.2666342857142857,0.2515428571428572,0.2527457142857143,0.25361142857142854,0.25098571428571426,0.2541657142857143,0.24880000000000005,0.28957959183673465,0.2915244897959184,0.2948642857142857,0.2955755102040816,0.29568571428571433,0.28882244897959186,0.28826428571428575,0.2903948979591836,0.2921520408163265,0.29881326530612246,0.3019295918367347,0.30360816326530615,0.3005969387755102,0.29970102040816327,0.29832653061224496,0.243052380952381,0.2407547619047619,0.23332857142857144,0.22969761904761907,0.2291452380952381,0.2296404761904762,0.22945952380952384,0.22879285714285713,0.2309904761904762,0.2536309523809524,0.2504452380952381,0.24900238095238092,0.2439285714285714,0.24349285714285715,0.24834761904761904,0.19199251700680273,0.19101224489795918,0.19107414965986397,0.19005918367346938,0.19095238095238098,0.1841938775510204,0.18338639455782318,0.18383129251700683,0.18459183673469384,0.19307823129251703,0.19366666666666668,0.19271700680272108,0.1884938775510204,0.18878435374149663,0.1926925170068027,Female,8,8-12,Elementary,A,NC,R16A05y08b_info1_250Hz_gu2_AEP.conn
R16E08Y05B5,R16E08y05b5_info1_250Hz_gu3_AEP.conn,gu3,0.3345476190476191,0.3370142857142857,0.3418285714285714,0.3467952380952381,0.3499428571428571,0.3443619047619048,0.34447619047619044,0.34351904761904767,0.37235238095238093,0.3662000000000001,0.3660047619047619,0.3699047619047619,0.3764809523809524,0.3770190476190476,0.36192380952380954,0.3659571428571428,0.3684114285714286,0.37406571428571433,0.3751514285714285,0.37361428571428573,0.36885142857142855,0.3687114285714286,0.36627714285714286,0.36786285714285716,0.36688857142857145,0.3667428571428572,0.36362857142857147,0.37538857142857146,0.3730514285714286,0.36900000000000005,0.32288000000000006,0.3177628571428571,0.31819714285714285,0.31942857142857145,0.32306285714285715,0.31804,0.32012,0.32140857142857143,0.3223371428571429,0.31377714285714287,0.31273428571428574,0.31447714285714284,0.32279142857142856,0.3251685714285714,0.3119485714285714,0.3392122448979592,0.34023877551020415,0.34113061224489793,0.342180612244898,0.34262857142857145,0.3379214285714286,0.3375091836734693,0.3383816326530612,0.3363693877551021,0.3563530612244898,0.356180612244898,0.3570316326530612,0.35706632653061215,0.35469591836734693,0.3554387755102041,0.2743690476190476,0.27136190476190475,0.27025238095238097,0.26757619047619047,0.27076190476190476,0.27929047619047614,0.27751428571428566,0.2829928571428571,0.2810642857142857,0.2757238095238095,0.27832142857142855,0.2778428571428571,0.28741428571428573,0.2850238095238095,0.28206666666666674,0.27190000000000003,0.2724999999999999,0.2727251700680272,0.2727272108843538,0.2742108843537415,0.2741489795918368,0.2733952380952381,0.27466258503401364,0.2763727891156463,0.2756571428571428,0.27514897959183676,0.2757945578231292,0.279252380952381,0.2792047619047619,0.27766326530612245,Male,5,5-7,Elementary,E,NC,R16E08y05b5_info1_250Hz_gu2_AEP.conn
R16E18G9,R16E18g9_info1_250Hz_gu3_AEP.conn,gu3,0.29422857142857145,0.3032523809523809,0.30575238095238094,0.2995285714285714,0.2951238095238095,0.3009047619047619,0.3053333333333333,0.30296666666666666,0.34003333333333335,0.3487857142857143,0.3521666666666667,0.34627142857142856,0.35531428571428575,0.35239047619047614,0.3534952380952381,0.37620000000000003,0.3770085714285714,0.37551999999999996,0.36966,0.3709914285714285,0.3747857142857143,0.3766571428571428,0.37669428571428576,0.3750514285714286,0.38039142857142855,0.37938571428571427,0.37886571428571425,0.3838457142857143,0.38508571428571425,0.37940857142857143,0.29183714285714285,0.2892428571428572,0.2872228571428571,0.2835371428571429,0.2862542857142857,0.2874942857142857,0.28600857142857145,0.28809428571428575,0.28964,0.2940514285714285,0.2901114285714286,0.29046,0.2936485714285714,0.2942542857142857,0.29629428571428573,0.31976020408163264,0.3222112244897959,0.32431530612244897,0.3249979591836735,0.32292346938775507,0.3188989795918368,0.3214551020408164,0.3249744897959184,0.32549183673469384,0.33852346938775507,0.3404755102040816,0.34028469387755106,0.3429816326530612,0.3413030612244898,0.33751632653061225,0.32915714285714287,0.3309666666666667,0.3349761904761905,0.3369857142857143,0.3368809523809524,0.331,0.33162857142857144,0.33848809523809525,0.34031190476190476,0.3219785714285714,0.32415714285714287,0.32475238095238096,0.3364619047619048,0.3356857142857143,0.3250285714285714,0.24781904761904763,0.24470952380952382,0.2439605442176871,0.24414761904761903,0.24444081632653059,0.2464408163265306,0.24537823129251699,0.24272380952380956,0.24293129251700685,0.24529931972789112,0.24556734693877558,0.24537006802721079,0.24964217687074827,0.24807142857142858,0.24798095238095239,Female,9,8-12,Elementary,E,NC,R16E18g9_info1_250Hz_gu2_AEP.conn
R16S09G6,R16s09g6_info1_250Hz_gu3_AEP.conn,gu3,0.26516190476190477,0.2638285714285714,0.2666761904761905,0.26718095238095235,0.2601,0.27829047619047614,0.2811,0.2701952380952381,0.3064047619047619,0.31029523809523807,0.31172380952380946,0.3094857142857143,0.3176904761904762,0.30939047619047616,0.3154142857142857,0.30317142857142854,0.30679142857142855,0.30923428571428574,0.31260857142857146,0.3137457142857143,0.3107628571428571,0.3073485714285714,0.30281714285714284,0.3046285714285714,0.31161142857142854,0.3159285714285714,0.31273428571428574,0.3010514285714286,0.30100571428571427,0.3214771428571429,0.22676857142857143,0.23644285714285712,0.24393428571428571,0.24215714285714288,0.24036,0.24938,0.2463057142857142,0.2431342857142857,0.24563714285714283,0.2447457142857143,0.25152571428571424,0.2471685714285714,0.23899428571428566,0.2382628571428571,0.24897142857142857,0.2671183673469388,0.26647448979591837,0.26105510204081633,0.2654673469387755,0.27010918367346937,0.2741387755102041,0.2719642857142857,0.2694051020408164,0.2696040816326531,0.285523469387755,0.28929183673469383,0.2937102040816327,0.29040204081632653,0.2887989795918367,0.29094489795918366,0.2550285714285714,0.2495547619047619,0.23883333333333331,0.23997857142857146,0.2450238095238095,0.25281190476190474,0.2504904761904762,0.2434166666666667,0.23916666666666667,0.27061428571428575,0.2654238095238095,0.26213095238095235,0.2514690476190476,0.24266428571428575,0.2599619047619048,0.20668979591836734,0.20598367346938776,0.20439727891156462,0.20298027210884356,0.20437891156462587,0.19848231292517007,0.19595850340136053,0.19706122448979593,0.19985170068027214,0.20356122448979588,0.20375374149659867,0.2034401360544218,0.20305442176870747,0.20410136054421765,0.20275578231292518,Female,6,5-7,Elementary,S,NC,R16s09g6_info1_250Hz_gu2_AEP.conn
R16S02B_G6,R16S02b_g6_info1_250Hz_gu3_AEP.conn,gu3,0.34535714285714286,0.34161904761904766,0.34314761904761903,0.34408095238095243,0.3473,0.3448047619047619,0.3477047619047619,0.34821904761904765,0.3583571428571428,0.36104285714285717,0.3655142857142857,0.3691761904761905,0.3682714285714286,0.37109047619047625,0.3758095238095238,0.3181257142857143,0.3182142857142857,0.3190571428571428,0.32031714285714286,0.3239,0.3252342857142857,0.3267685714285714,0.3267514285714286,0.32587428571428567,0.30709142857142857,0.3093,0.31023999999999996,0.3153914285714286,0.3170657142857143,0.31928,0.2555257142857143,0.2531342857142857,0.25331714285714285,0.2562457142857143,0.25982285714285713,0.25213428571428576,0.25238571428571427,0.25162,0.25201714285714283,0.24006285714285713,0.24196285714285715,0.24468571428571426,0.24351714285714285,0.2404142857142857,0.25023999999999996,0.3703142857142857,0.36944081632653064,0.3676785714285714,0.36682346938775506,0.3670612244897959,0.3697826530612245,0.3681091836734694,0.36487244897959187,0.36408469387755105,0.38553673469387756,0.38578571428571423,0.38669591836734696,0.3855438775510204,0.38296836734693873,0.3866928571428572,0.3544738095238095,0.35578809523809524,0.3587785714285714,0.3598071428571428,0.3605785714285714,0.35998095238095235,0.36082619047619047,0.3607071428571429,0.35788571428571436,0.36530238095238093,0.36885238095238093,0.36744047619047615,0.367952380952381,0.3670190476190476,0.368797619047619,0.2692251700680272,0.27014285714285713,0.2706986394557824,0.27202585034013604,0.2699816326530612,0.26904013605442173,0.26924693877551015,0.26754217687074827,0.2685210884353742,0.2770170068027211,0.27855170068027213,0.2794231292517006,0.27393401360544223,0.27164897959183676,0.27888979591836743,Female,6,5-7,Elementary,S,NC,R16S02b_g6_info1_250Hz_gu2_AEP.conn
R16BF02G9INFO1,R16BF02g9info1_250Hz_gu3_AEP.conn,gu3,0.22287142857142853,0.21046190476190474,0.21650000000000003,0.21802857142857143,0.2267095238095238,0.2388904761904762,0.2399809523809524,0.2496952380952381,0.27254285714285714,0.23836190476190477,0.2479,0.24500476190476195,0.2592952380952381,0.26421904761904763,0.2428809523809524,0.2782457142857143,0.27730857142857146,0.2792342857142857,0.28053714285714293,0.2812685714285714,0.27888285714285715,0.27514,0.2773457142857143,0.29031999999999997,0.27671142857142855,0.28947142857142855,0.2877914285714286,0.2808171428571429,0.28775142857142855,0.29280285714285714,0.22887714285714286,0.22902285714285714,0.22191428571428568,0.21617142857142854,0.2165914285714286,0.2213057142857143,0.21723142857142858,0.2129257142857143,0.21412571428571425,0.21559999999999996,0.21335999999999994,0.2193742857142857,0.22028857142857144,0.21421714285714288,0.21338000000000004,0.2658479591836735,0.2619959183673469,0.25310204081632653,0.24842857142857142,0.24526530612244904,0.2595357142857143,0.25595204081632655,0.250888775510204,0.24886224489795922,0.2744561224489796,0.26912755102040814,0.2639969387755102,0.2691183673469388,0.2682234693877551,0.27130102040816323,0.2222833333333333,0.21860238095238094,0.22071904761904762,0.22378095238095239,0.2265380952380953,0.24295714285714287,0.2443547619047619,0.24047857142857143,0.2400095238095238,0.23008809523809523,0.23285,0.23768571428571425,0.23921666666666666,0.23599047619047622,0.23249761904761904,0.19748775510204084,0.19327687074829933,0.19187142857142853,0.18994421768707484,0.18791836734693873,0.20209251700680275,0.20000612244897958,0.19643605442176876,0.19633741496598642,0.20066122448979593,0.2014197278911564,0.19918639455782317,0.19584489795918367,0.19361292517006806,0.2029482993197279,Female,9,8-12,Elementary,S,NC,R16BF02g9info1_250Hz_gu2_AEP.conn
R16E04G10,R16E04g10_info1_250Hz_gu3_AEP.conn,gu3,0.4016571428571429,0.4024095238095238,0.39747619047619054,0.39372857142857143,0.39537142857142865,0.4106,0.4043904761904762,0.3990809523809524,0.42683333333333334,0.4321142857142857,0.42829523809523806,0.42597619047619045,0.43779999999999997,0.43643809523809524,0.4283952380952381,0.4287714285714285,0.42756285714285713,0.4269571428571428,0.42614,0.4270257142857143,0.42991142857142856,0.4277971428571428,0.4264314285714286,0.4249428571428571,0.44061142857142854,0.43781142857142863,0.4379657142857143,0.4435285714285714,0.4415914285714286,0.4415,0.39856857142857144,0.39618285714285717,0.3931085714285714,0.3935914285714286,0.3941428571428572,0.3948942857142857,0.39096285714285717,0.38888571428571433,0.38970857142857146,0.39844285714285715,0.39634857142857144,0.39560285714285714,0.3949285714285714,0.3922714285714286,0.38899142857142854,0.4113795918367346,0.411334693877551,0.4138071428571428,0.41836020408163266,0.4206091836734695,0.4133295918367347,0.41489999999999994,0.4139275510204081,0.41369897959183677,0.42450102040816334,0.42422244897959177,0.42606122448979594,0.4263744897959184,0.4276326530612245,0.42478775510204075,0.33028809523809527,0.32878333333333337,0.3297952380952381,0.33165952380952385,0.3321928571428571,0.3278857142857143,0.3232928571428571,0.32097619047619047,0.3250904761904762,0.3316547619047619,0.3312214285714285,0.3323095238095238,0.31897619047619047,0.31997619047619047,0.328002380952381,0.3124517006802721,0.31312653061224494,0.3123680272108843,0.312739455782313,0.3124884353741497,0.3114156462585034,0.3135632653061224,0.3147217687074829,0.3137775510204082,0.31014557823129263,0.30804693877551026,0.3086122448979592,0.3087340136054421,0.3099795918367346,0.30497619047619046,Female,10,8-12,Elementary,E,NC,R16E04g10_info1_250Hz_gu2_AEP.conn
R16S21B8,R16S21b8_info1_250Hz_gu3_AEP.conn,gu3,0.2952904761904762,0.291252380952381,0.28957619047619043,0.29251904761904757,0.29794761904761907,0.2852857142857143,0.2821047619047619,0.2855142857142857,0.31970952380952383,0.3151380952380953,0.31402380952380954,0.317452380952381,0.3138761904761905,0.3176285714285714,0.30893809523809523,0.34029428571428566,0.33876571428571434,0.33884,0.3382685714285714,0.3399371428571428,0.34195714285714285,0.34344285714285716,0.3449514285714286,0.34605142857142857,0.3412514285714286,0.3430628571428572,0.3402428571428572,0.3460685714285714,0.3474142857142857,0.3470771428571428,0.3246514285714286,0.32615428571428573,0.3249857142857143,0.32273714285714283,0.32258571428571425,0.3162257142857143,0.31720000000000004,0.32039428571428574,0.3196657142857143,0.3225457142857143,0.32374857142857144,0.3206771428571429,0.32020857142857145,0.32292,0.31986857142857145,0.30081326530612246,0.3022602040816326,0.30230816326530613,0.29924591836734693,0.2978663265306122,0.29773673469387757,0.29687857142857144,0.29369999999999996,0.2942214285714286,0.3160183673469388,0.31632857142857146,0.31494897959183676,0.31245204081632655,0.3113530612244898,0.3146275510204082,0.2211571428571429,0.22768809523809527,0.23062142857142862,0.22914285714285712,0.22775714285714288,0.22441190476190478,0.2262833333333333,0.22356904761904764,0.22302142857142856,0.24106666666666665,0.243597619047619,0.24505714285714286,0.23850000000000002,0.23809999999999998,0.24389047619047619,0.18052312925170066,0.17932448979591836,0.17844013605442177,0.17961496598639456,0.17946938775510202,0.17774149659863944,0.1786863945578231,0.18015986394557823,0.18209931972789115,0.18470544217687074,0.18419999999999997,0.1840476190476191,0.18439251700680276,0.18384353741496598,0.18667414965986395,Male,8,8-12,Elementary,S,NC,R16S21b8_info1_250Hz_gu2_AEP.conn
R16S17G6,R16S17g6_info1_250Hz_gu3_AEP.conn,gu3,0.3625666666666667,0.35641904761904764,0.3600238095238095,0.36093333333333333,0.3595952380952381,0.35686190476190477,0.3545047619047619,0.3533190476190476,0.3690380952380952,0.3620142857142857,0.36828095238095243,0.3681666666666667,0.37137619047619047,0.37135238095238093,0.3640238095238095,0.36246285714285714,0.3605457142857143,0.35994000000000004,0.35549714285714284,0.35572,0.3622685714285714,0.3593085714285714,0.3591171428571428,0.35898,0.34304285714285715,0.3411942857142857,0.33552571428571426,0.3555542857142857,0.35463428571428574,0.33942571428571433,0.2188371428571428,0.21889714285714285,0.2195657142857143,0.21552285714285718,0.21686285714285716,0.21016285714285715,0.21462285714285714,0.20937714285714287,0.2069685714285714,0.19773714285714286,0.19672285714285714,0.19239142857142857,0.20436571428571432,0.19995714285714286,0.18996857142857143,0.33669897959183676,0.33683877551020414,0.3349081632653061,0.33381122448979594,0.3375938775510204,0.3386663265306122,0.3374224489795919,0.3412397959183674,0.3449255102040817,0.3540479591836735,0.3530285714285714,0.3534663265306123,0.35380612244897963,0.357604081632653,0.3568816326530612,0.3170142857142857,0.3139,0.3134952380952381,0.31384761904761904,0.31461190476190476,0.3136428571428571,0.3112404761904762,0.308097619047619,0.3079214285714286,0.3177476190476191,0.31686190476190473,0.3156333333333334,0.31356190476190476,0.3125095238095238,0.32111190476190477,0.2746374149659865,0.2790006802721089,0.2804775510204082,0.27803061224489795,0.2758775510204081,0.2818102040816326,0.27979319727891155,0.27580612244897956,0.2743931972789116,0.28142857142857136,0.2809326530612245,0.2783163265306123,0.28076122448979596,0.27684081632653057,0.27979795918367345,Female,6,5-7,Elementary,S,NC,R16S17g6_info1_250Hz_gu2_AEP.conn
R16E07B9,R16E07b9_info1_250Hz_gu3_AEP.conn,gu3,0.3430571428571428,0.33486666666666665,0.32941904761904767,0.32884285714285716,0.33119047619047615,0.3406428571428572,0.3447809523809524,0.34835238095238097,0.3851571428571428,0.3765095238095238,0.3669523809523809,0.3641809523809523,0.3793571428571429,0.3842666666666667,0.3666428571428571,0.4076542857142857,0.4032514285714286,0.39844285714285715,0.3950600000000001,0.3981171428571429,0.40622857142857144,0.4027914285714285,0.4063742857142857,0.40704571428571434,0.41064285714285714,0.4061685714285715,0.4077314285714285,0.40606285714285717,0.4086628571428571,0.41609428571428575,0.3540857142857143,0.3501171428571429,0.3518228571428571,0.34939428571428566,0.3475257142857143,0.3512685714285714,0.3501885714285714,0.3533057142857143,0.34607142857142853,0.3519942857142857,0.3528428571428572,0.35726857142857144,0.3475657142857143,0.3479228571428571,0.3532914285714286,0.3455622448979592,0.3468020408163265,0.34741836734693876,0.3451040816326531,0.3424234693877551,0.352815306122449,0.3565704081632653,0.35804591836734695,0.35539081632653063,0.36300918367346935,0.36366632653061226,0.3633326530612244,0.3709571428571428,0.37235306122448975,0.3658438775510203,0.23198095238095237,0.23371666666666668,0.23901190476190473,0.23835238095238095,0.2307809523809524,0.2333928571428571,0.2356309523809524,0.2323214285714286,0.22796428571428573,0.23626428571428568,0.2413380952380952,0.2424547619047619,0.2386285714285714,0.23566666666666666,0.23593333333333333,0.24917755102040814,0.2487224489795918,0.24653469387755103,0.24685442176870745,0.2492272108843537,0.24418503401360545,0.24271700680272107,0.23909931972789117,0.23837414965986395,0.24842244897959187,0.24791292517006802,0.24987891156462586,0.24350272108843538,0.24016054421768707,0.25080272108843543,Male,9,8-12,Elementary,E,NC,R16E07b9_info1_250Hz_gu2_AEP.conn
R16S20G7,R16S20g7_info1_250Hz_gu3_AEP.conn,gu3,0.3348047619047619,0.34102380952380945,0.3462,0.34728571428571425,0.34859999999999997,0.3502,0.35315238095238094,0.3557809523809523,0.37577142857142865,0.3790380952380952,0.37942857142857145,0.37976190476190474,0.3910047619047619,0.3922857142857143,0.3895714285714286,0.3790342857142857,0.3836171428571429,0.3875914285714286,0.3847628571428572,0.38166,0.37507999999999997,0.37532000000000004,0.3761228571428571,0.37598571428571426,0.36684,0.36903142857142857,0.3659342857142857,0.3557342857142857,0.35865714285714284,0.36151999999999995,0.26290857142857144,0.26132285714285713,0.25519714285714284,0.24881142857142854,0.24533714285714284,0.26259714285714286,0.2582257142857142,0.2506771428571429,0.24711714285714287,0.24323999999999998,0.23806857142857146,0.23305428571428574,0.24219714285714286,0.23728571428571432,0.23319714285714288,0.3131061224489796,0.31292653061224485,0.31107959183673467,0.31130408163265305,0.3095734693877551,0.3163244897959184,0.3151744897959184,0.3161755102040816,0.3164571428571429,0.33210204081632655,0.3310928571428572,0.33334081632653056,0.3300622448979592,0.3313602040816327,0.33096836734693874,0.29751190476190476,0.29978333333333335,0.29619523809523807,0.29472380952380955,0.29663095238095233,0.292252380952381,0.29273333333333335,0.2990690476190477,0.299447619047619,0.2994380952380952,0.29975,0.3030595238095238,0.28959761904761905,0.2955547619047619,0.2986880952380952,0.24627823129251705,0.24347891156462592,0.24204625850340136,0.24092040816326538,0.2434544217687075,0.24490544217687069,0.24353741496598633,0.24272040816326532,0.24306190476190478,0.25371768707483,0.2531081632653061,0.2525537414965986,0.25724897959183674,0.25646258503401365,0.25588503401360546,Female,7,5-7,Elementary,S,NC,R16S20g7_info1_250Hz_gu2_AEP.conn
R16S22B10,R16S22b10_info1_250Hz_gu3_AEP.conn,gu3,0.33510952380952386,0.3406809523809524,0.35120476190476185,0.35191904761904763,0.3491190476190476,0.34017619047619047,0.3405047619047619,0.34434761904761907,0.38215238095238097,0.3859095238095238,0.3925285714285715,0.3910619047619048,0.3865,0.3863761904761905,0.3874142857142857,0.38380285714285717,0.38196,0.38156285714285715,0.3781771428571428,0.3803885714285714,0.38576571428571427,0.38154857142857146,0.3747885714285714,0.3712457142857143,0.3803685714285714,0.37719142857142857,0.3753828571428572,0.3866971428571429,0.37908857142857133,0.3686085714285714,0.31684285714285715,0.32429428571428565,0.33766285714285715,0.3437342857142857,0.3460914285714286,0.33038,0.3377342857142857,0.3424314285714286,0.34564,0.3272771428571428,0.34016857142857143,0.3452314285714286,0.34171142857142855,0.3472885714285714,0.3358314285714285,0.36424591836734693,0.36372755102040816,0.364395918367347,0.3619275510204082,0.3603642857142857,0.367415306122449,0.36350714285714286,0.36023163265306124,0.3592,0.3762938775510204,0.37712448979591834,0.3765683673469388,0.3743397959183673,0.3753234693877551,0.3772520408163265,0.26465,0.26279761904761906,0.2621428571428572,0.2628023809523809,0.2644357142857143,0.26613333333333333,0.2652642857142857,0.26045714285714283,0.2552666666666667,0.26679761904761906,0.2674666666666667,0.26935714285714285,0.27726666666666666,0.2756809523809524,0.2715738095238095,0.23957755102040817,0.2379394557823129,0.23748843537414968,0.23784761904761909,0.23774489795918363,0.23936598639455783,0.23887210884353743,0.23968843537414963,0.2402523809523809,0.24076870748299323,0.24058027210884353,0.24145646258503398,0.2462707482993197,0.2458938775510204,0.2399918367346939,Male,10,8-12,Elementary,S,NC,R16S22b10_info1_250Hz_gu2_AEP.conn
R16E20B4,R16E20b4_info1_250Hz_gu3_AEP.conn,gu3,0.3973,0.4084190476190477,0.4172619047619048,0.4127047619047619,0.39894761904761905,0.4073619047619048,0.40768095238095237,0.40251428571428577,0.42211428571428566,0.4168095238095238,0.42391428571428574,0.4240238095238095,0.42181904761904754,0.4133190476190476,0.41141428571428573,0.36394857142857145,0.3611628571428572,0.36304857142857144,0.3670342857142857,0.37096,0.36783714285714286,0.37061142857142854,0.36739142857142865,0.3641057142857143,0.3530399999999999,0.35403142857142855,0.3520457142857143,0.3576085714285714,0.3574428571428571,0.3486714285714286,0.3145828571428571,0.3138771428571429,0.3121457142857143,0.31132,0.31678571428571434,0.31457714285714283,0.31779428571428575,0.31652857142857144,0.3185542857142857,0.30763714285714283,0.30593428571428577,0.30151428571428573,0.3045942857142857,0.30600285714285713,0.3012828571428571,0.405184693877551,0.40068469387755107,0.40801938775510205,0.4088561224489796,0.4110418367346939,0.4044775510204081,0.4021826530612244,0.40200306122448975,0.40550612244897966,0.409611224489796,0.4162795918367347,0.41908673469387747,0.40730102040816335,0.40725408163265303,0.4202867346938776,0.3875142857142857,0.38749285714285714,0.38936190476190474,0.3965999999999999,0.39913333333333334,0.3929619047619048,0.39216190476190477,0.38778333333333337,0.38942857142857146,0.38938333333333336,0.38687857142857146,0.3888238095238095,0.39422142857142856,0.39023333333333327,0.39038095238095244,0.323247619047619,0.32729387755102046,0.33005102040816325,0.3302517006802721,0.3297727891156463,0.321565306122449,0.324647619047619,0.32666666666666666,0.32553605442176875,0.33801428571428566,0.3406938775510205,0.34165578231292515,0.33861156462585024,0.33864897959183676,0.3394721088435374,Male,4,5-7,Elementary,E,NC,R16E20b4_info1_250Hz_gu2_AEP.conn
R16A01BY08,R16A01by08_info1_250Hz_gu3_AEP.conn,gu3,0.2758285714285715,0.2755761904761905,0.2790904761904762,0.2817904761904762,0.2831904761904762,0.28883809523809517,0.28988095238095235,0.29136190476190477,0.3285619047619048,0.32009523809523815,0.32827142857142855,0.3237333333333333,0.31533809523809525,0.3186047619047619,0.32056190476190477,0.31860571428571427,0.32039428571428574,0.3256885714285714,0.32361999999999996,0.31994,0.34073999999999993,0.34246571428571426,0.3349971428571429,0.33189714285714284,0.32664857142857145,0.33231714285714287,0.33002571428571426,0.34086571428571427,0.3346028571428571,0.33634285714285717,0.33189714285714284,0.3306342857142857,0.3302371428571428,0.3316571428571429,0.34152,0.3440971428571429,0.34224857142857135,0.3372914285714286,0.3378942857142857,0.33142,0.33620571428571433,0.33854,0.3380971428571429,0.33105428571428575,0.3388114285714286,0.32220714285714286,0.3263142857142857,0.33247755102040816,0.3336918367346939,0.3360795918367347,0.3294908163265306,0.33419081632653064,0.3401438775510205,0.3415571428571429,0.3387887755102041,0.3461591836734694,0.34704081632653067,0.3486632653061225,0.3518928571428571,0.343995918367347,0.27128571428571424,0.27096904761904766,0.26829285714285717,0.2690333333333333,0.2669,0.26413095238095236,0.26817142857142856,0.2641928571428572,0.2573666666666667,0.27449285714285715,0.27117857142857144,0.2721142857142857,0.27968571428571426,0.278502380952381,0.27590476190476193,0.2543190476190476,0.2555068027210885,0.25285102040816326,0.25176190476190474,0.25268299319727894,0.26458095238095247,0.26980136054421766,0.2702605442176871,0.2689129251700681,0.26424897959183674,0.259769387755102,0.25776530612244897,0.2724979591836734,0.26935170068027214,0.2656197278911565,Female,8,8-12,Elementary,A,NC,R16A01by08_info1_250Hz_gu2_AEP.conn
R16E10G9,R16E10g9_info1_250Hz_gu3_AEP.conn,gu3,0.29235714285714287,0.2936761904761905,0.29929047619047616,0.3076190476190476,0.29646190476190476,0.28561904761904766,0.28321904761904765,0.27805238095238094,0.3059047619047619,0.313452380952381,0.32023809523809527,0.32766666666666666,0.31767619047619045,0.31215714285714286,0.3285380952380952,0.36642285714285716,0.36951428571428574,0.36903428571428565,0.36998857142857144,0.3653085714285714,0.3703971428571428,0.37498857142857145,0.37904857142857146,0.36976857142857145,0.3654485714285714,0.3622685714285714,0.3637228571428571,0.37313142857142856,0.3759142857142857,0.36367142857142853,0.3053114285714285,0.30912285714285714,0.3108371428571429,0.30990857142857137,0.31227714285714286,0.2989771428571429,0.3038628571428571,0.3074742857142857,0.31192571428571425,0.30389428571428573,0.3049657142857143,0.30513142857142855,0.30293714285714285,0.30460000000000004,0.3123114285714286,0.30617959183673465,0.3051673469387755,0.3053142857142857,0.3041816326530612,0.30419897959183667,0.307384693877551,0.3066908163265306,0.3038540816326532,0.30110510204081636,0.3226316326530612,0.32251122448979597,0.32154285714285713,0.32721326530612244,0.32500918367346937,0.3274744897959184,0.28715714285714283,0.2871,0.2885095238095238,0.2912547619047619,0.29110714285714284,0.2838309523809524,0.2800928571428571,0.27764523809523806,0.28049285714285715,0.28843809523809527,0.28777619047619046,0.2889904761904762,0.2878,0.2874452380952381,0.2923809523809524,0.2812292517006802,0.28306530612244896,0.28091496598639454,0.27813061224489793,0.27843945578231294,0.2774931972789116,0.2780136054421768,0.27868843537414967,0.2787918367346939,0.28328299319727895,0.2803428571428571,0.27900816326530603,0.2799462585034013,0.27986666666666665,0.2823013605442177,Female,9,8-12,Elementary,E,NC,R16E10g9_info1_250Hz_gu2_AEP.conn
R16S25B8,R16S25b8_info1_250Hz_gu3_AEP.conn,gu3,0.2963,0.30340952380952385,0.3167238095238096,0.32043809523809524,0.311,0.3084476190476191,0.3090904761904762,0.30598571428571425,0.3452571428571429,0.3431761904761905,0.3539047619047619,0.35494761904761907,0.349552380952381,0.3499380952380952,0.3531714285714285,0.30792571428571425,0.30619142857142856,0.31223999999999996,0.3184171428571429,0.3180828571428571,0.3197028571428572,0.3185428571428571,0.32105142857142854,0.3234171428571429,0.31267428571428574,0.3207342857142857,0.3271314285714286,0.31851999999999997,0.32135142857142857,0.32803714285714286,0.3298514285714285,0.3268771428571428,0.32727999999999996,0.3251942857142857,0.3220085714285715,0.3287114285714286,0.32789428571428575,0.32481714285714286,0.32272285714285714,0.32686857142857145,0.32701714285714284,0.3261114285714286,0.32456857142857143,0.32248857142857135,0.3267885714285714,0.36046428571428574,0.3620642857142857,0.3618122448979592,0.3623408163265306,0.363284693877551,0.359845918367347,0.3612214285714286,0.3593765306122449,0.35798061224489797,0.3739969387755102,0.37527040816326535,0.3756938775510204,0.37458673469387754,0.375965306122449,0.3778581632653061,0.3034023809523809,0.3055,0.30619999999999997,0.3036095238095238,0.30502142857142855,0.31069047619047613,0.31244999999999995,0.3067809523809524,0.3010357142857143,0.3007904761904762,0.3013142857142857,0.3003857142857143,0.3046714285714286,0.30779285714285715,0.2948880952380953,0.27443809523809526,0.27312040816326527,0.27357823129251696,0.2732918367346938,0.27237482993197276,0.2732006802721088,0.27269999999999994,0.2750272108843537,0.2748183673469388,0.2829775510204082,0.28121768707482997,0.2789435374149659,0.2824863945578232,0.28413469387755097,0.2805585034013605,Male,8,8-12,Elementary,S,NC,R16S25b8_info1_250Hz_gu2_AEP.conn
R16S03B10,R16S03b10_info1_250Hz_gu3_AEP.conn,gu3,0.23457142857142857,0.2370619047619047,0.23798095238095238,0.24524761904761908,0.2485571428571429,0.2318190476190476,0.2313857142857143,0.23739047619047615,0.2815857142857143,0.2817380952380952,0.2757428571428571,0.2792761904761905,0.27453333333333335,0.27704285714285715,0.28852857142857147,0.28356,0.2870257142857143,0.27988285714285716,0.27266285714285715,0.26999428571428574,0.2918914285714286,0.29338,0.2911714285714285,0.28119142857142854,0.28812571428571426,0.2785285714285714,0.27068285714285717,0.2875257142857143,0.2873257142857143,0.27384285714285717,0.2666685714285714,0.2646628571428572,0.2644457142857143,0.2651485714285714,0.26814,0.2737857142857143,0.26886,0.26636,0.2642971428571429,0.2612942857142857,0.26202000000000003,0.2624771428571428,0.26945428571428576,0.2684,0.2606171428571429,0.29761122448979593,0.2969948979591837,0.29784285714285713,0.29792142857142856,0.29510000000000003,0.2945989795918368,0.2940836734693878,0.2934163265306123,0.2937795918367347,0.3096938775510204,0.3096275510204081,0.30975816326530614,0.30795612244897963,0.30766836734693875,0.3082418367346939,0.2232833333333333,0.22490238095238094,0.2246595238095238,0.22687142857142853,0.224647619047619,0.220152380952381,0.21569047619047618,0.21514285714285716,0.21780238095238094,0.22991666666666669,0.23021666666666665,0.2328214285714286,0.22243095238095237,0.22273333333333334,0.22983571428571428,0.20442108843537413,0.20417210884353745,0.20252653061224496,0.2023013605442177,0.20205986394557823,0.20282585034013603,0.20376802721088433,0.2057299319727891,0.20646666666666666,0.2090095238095238,0.20925170068027205,0.21056394557823124,0.20799863945578229,0.21190748299319728,0.21211700680272108,Male,10,8-12,Elementary,S,NC,R16S03b10_info1_250Hz_gu2_AEP.conn
R16S07B8,R16S07b8_info1_250Hz_gu3_AEP.conn,gu3,0.2564904761904762,0.25934285714285715,0.26294285714285714,0.2641476190476191,0.25893333333333335,0.2684952380952381,0.2654333333333333,0.2606047619047619,0.3096761904761905,0.3041714285714286,0.30355714285714286,0.29984285714285713,0.3026190476190476,0.2980666666666667,0.29783809523809524,0.2827942857142857,0.28172285714285716,0.28139714285714285,0.27952000000000005,0.2742057142857143,0.2852542857142857,0.27867428571428576,0.2776971428571428,0.27972,0.2684685714285714,0.26820857142857146,0.26657142857142857,0.27283999999999997,0.2686685714285714,0.26071428571428573,0.2807257142857143,0.27586,0.27222571428571424,0.27701714285714285,0.28412000000000004,0.28400000000000003,0.2841285714285714,0.28704857142857143,0.2913257142857143,0.27957714285714286,0.27726285714285714,0.2807342857142857,0.27584,0.27794285714285716,0.28009428571428574,0.34301734693877556,0.3367857142857143,0.3330816326530611,0.3329132653061224,0.3332367346938776,0.34321530612244894,0.3399581632653061,0.3398479591836735,0.3366357142857143,0.3531224489795918,0.3519173469387756,0.3536428571428571,0.35609081632653056,0.3547295918367347,0.34955816326530614,0.264647619047619,0.2645595238095238,0.26343333333333335,0.265502380952381,0.2613261904761905,0.25947380952380955,0.26107380952380954,0.26943809523809525,0.27355476190476186,0.2619952380952381,0.26254523809523805,0.26530000000000004,0.2625380952380953,0.2631238095238095,0.2488,0.22758775510204077,0.22785782312925165,0.22898503401360543,0.227252380952381,0.22509387755102042,0.22839047619047623,0.23051972789115652,0.22955306122448985,0.2297945578231293,0.23359183673469386,0.235060544217687,0.2360897959183673,0.23709183673469386,0.23522517006802718,0.23542040816326532,Male,8,8-12,Elementary,S,NC,R16S07b8_info1_250Hz_gu2_AEP.conn
R16E13B5,R16E13b5_info1_250Hz_gu3_AEP.conn,gu3,0.3243857142857142,0.3269619047619048,0.3219904761904762,0.318,0.3171380952380953,0.3053142857142857,0.30597142857142856,0.3087428571428572,0.34101428571428577,0.345,0.341747619047619,0.3416857142857143,0.3351380952380952,0.3368952380952381,0.3330285714285715,0.36136857142857143,0.3646342857142857,0.3647628571428571,0.3639771428571429,0.3640542857142857,0.3621628571428571,0.36326285714285717,0.36283714285714286,0.36527714285714286,0.3658714285714285,0.36348857142857144,0.3623714285714286,0.36687714285714285,0.36550000000000005,0.3607514285714286,0.2759485714285714,0.2722457142857143,0.27264571428571427,0.2747114285714286,0.27440857142857145,0.27990000000000004,0.2787314285714285,0.27738285714285715,0.27739142857142857,0.27748285714285714,0.27965999999999996,0.28067428571428577,0.2780314285714286,0.2776828571428571,0.2794857142857142,0.3304642857142857,0.33061836734693884,0.3321102040816326,0.33229897959183674,0.33257959183673474,0.33028469387755105,0.33185714285714285,0.335,0.335623469387755,0.3500571428571428,0.34866122448979586,0.3488193877551021,0.35230306122448984,0.3520867346938776,0.3479316326530612,0.25691190476190473,0.25764761904761907,0.2577214285714286,0.25561904761904763,0.24945952380952377,0.25762857142857143,0.25779285714285716,0.2607523809523809,0.25933095238095233,0.24900000000000003,0.25064761904761906,0.24821190476190477,0.2637214285714286,0.25849761904761903,0.25469523809523814,0.28112585034013604,0.2798095238095238,0.27887959183673466,0.2777503401360545,0.28063605442176864,0.2828517006802721,0.2809326530612245,0.2782612244897959,0.27867823129251695,0.2841721088435374,0.28365170068027207,0.2824789115646259,0.2867700680272109,0.2848557823129252,0.28807482993197286,Male,5,5-7,Elementary,E,NC,R16E13b5_info1_250Hz_gu2_AEP.conn
R16A02G05B,R16A02g05b_info1_250Hz_gu3_AEP.conn,gu3,0.3464809523809524,0.34653809523809526,0.34502380952380957,0.34012380952380955,0.3349809523809524,0.3545333333333333,0.34540476190476194,0.33710476190476185,0.3625523809523809,0.3757809523809524,0.3750761904761905,0.3716571428571429,0.3689428571428572,0.36239523809523805,0.37080952380952387,0.4337542857142857,0.4369685714285715,0.4425171428571429,0.44394,0.43695142857142855,0.4496257142857143,0.45049142857142865,0.44986,0.4459142857142856,0.4407885714285714,0.44361428571428574,0.4497685714285714,0.4556342857142857,0.45697142857142853,0.4481057142857143,0.41455714285714296,0.42205714285714285,0.4333914285714286,0.43753714285714285,0.4339257142857143,0.4267742857142857,0.4325628571428572,0.43122285714285713,0.4298628571428571,0.42096,0.42638571428571426,0.43240285714285714,0.43721428571428567,0.4337228571428572,0.4245285714285714,0.4255530612244898,0.4223602040816327,0.4208183673469388,0.42186530612244894,0.4233489795918367,0.42333163265306123,0.4218438775510204,0.4194051020408164,0.41983469387755096,0.4420602040816326,0.44314489795918366,0.44525918367346934,0.4381775510204082,0.4376122448979592,0.4417520408163265,0.35079047619047615,0.3520642857142857,0.3486214285714286,0.34431666666666666,0.33884285714285717,0.33181190476190475,0.3323285714285714,0.3265928571428572,0.32432142857142854,0.35898333333333327,0.35563809523809525,0.3525214285714286,0.34343809523809526,0.340947619047619,0.3510809523809524,0.25495374149659866,0.25502721088435376,0.2556088435374149,0.2576503401360544,0.2578891156462585,0.2597265306122449,0.2600251700680272,0.25772517006802725,0.2565571428571429,0.2622408163265306,0.26351088435374154,0.2635598639455782,0.2630945578231293,0.2638918367346939,0.2644278911564626,Female,5,5-7,Elementary,A,NC,R16A02g05b_info1_250Hz_gu2_AEP.conn
R16BF05B5,R16BF05b5_info1_250Hz_gu3_AEP.conn,gu3,0.2375095238095238,0.23404761904761903,0.23417142857142856,0.23594761904761904,0.23482857142857141,0.24117619047619052,0.23487142857142854,0.2245047619047619,0.24952857142857143,0.26054761904761903,0.2632142857142857,0.2638142857142857,0.25233333333333335,0.24614285714285714,0.25891904761904766,0.28866285714285717,0.2880771428571428,0.2867628571428572,0.2871057142857143,0.2852028571428572,0.2870742857142857,0.2843542857142857,0.28453142857142855,0.2843742857142857,0.28258,0.2849857142857143,0.2892457142857142,0.2800057142857143,0.28617714285714285,0.2884428571428571,0.24651714285714282,0.24465142857142858,0.24071428571428571,0.24093714285714282,0.24606857142857147,0.24246285714285717,0.24280000000000004,0.2408914285714286,0.24320857142857144,0.23286285714285712,0.2297885714285714,0.23242000000000002,0.23416285714285717,0.23293714285714281,0.23152,0.274580612244898,0.2768744897959184,0.2763612244897959,0.2757663265306122,0.2761683673469388,0.274030612244898,0.2756244897959184,0.27387857142857147,0.2738265306122449,0.29320102040816326,0.29276224489795916,0.29118469387755097,0.2913408163265306,0.29089693877551026,0.2937520408163265,0.23242619047619048,0.23372142857142855,0.23471904761904763,0.23409761904761905,0.23712380952380951,0.23088809523809525,0.2342809523809524,0.2323761904761905,0.23276666666666668,0.2358785714285714,0.23603809523809527,0.2362904761904762,0.23890238095238092,0.24136666666666665,0.23776428571428576,0.19206938775510207,0.1943979591836734,0.19621700680272108,0.19397006802721087,0.19388231292517008,0.19242993197278913,0.1916414965986394,0.19302993197278914,0.19337959183673464,0.1987102040816327,0.19958911564625853,0.19657891156462584,0.19332517006802727,0.19235782312925165,0.19903877551020407,Male,5,5-7,Elementary,S,NC,R16BF05b5_info1_250Hz_gu2_AEP.conn
R16S04G5,R16S04g5_info1_250Hz_gu3_AEP.conn,gu3,0.28405238095238095,0.27588571428571423,0.26803809523809524,0.26716666666666666,0.2712666666666667,0.28605714285714284,0.2865619047619048,0.2885952380952381,0.32599523809523806,0.3059952380952381,0.3041428571428571,0.30464285714285716,0.33007619047619047,0.3350095238095238,0.31644761904761903,0.32992,0.32784,0.3231514285714286,0.31679142857142856,0.3184285714285714,0.31610857142857146,0.3170285714285715,0.31786571428571425,0.3231342857142857,0.32208857142857145,0.31794,0.3142514285714285,0.3078228571428571,0.3112514285714286,0.31192285714285706,0.2705885714285714,0.2706028571428572,0.27864,0.2804457142857143,0.27912857142857145,0.2703171428571428,0.2717342857142857,0.2680971428571428,0.26718857142857144,0.2694828571428572,0.27589714285714284,0.2767657142857143,0.2696971428571428,0.2696514285714286,0.27150857142857143,0.3405040816326531,0.3408612244897959,0.34248469387755104,0.3422,0.34165510204081634,0.3417357142857143,0.34183877551020403,0.3408591836734694,0.3403438775510203,0.3591061224489796,0.36160918367346945,0.36311428571428567,0.35435408163265303,0.3572938775510205,0.36311530612244897,0.35249761904761906,0.3524023809523809,0.35723333333333335,0.3628428571428571,0.3649785714285714,0.3554285714285714,0.3555642857142857,0.35995714285714286,0.36480476190476185,0.3440761904761905,0.34930952380952385,0.35152142857142854,0.34485000000000005,0.35082142857142856,0.3489857142857143,0.26858231292517004,0.2651659863945578,0.26463333333333333,0.26722380952380953,0.26895442176870743,0.2798904761904762,0.278639455782313,0.27899047619047623,0.2799081632653061,0.26801700680272106,0.2685074829931973,0.2703591836734694,0.2788993197278911,0.2821965986394558,0.27235918367346945,Female,5,5-7,Elementary,S,NC,R16S04g5_info1_250Hz_gu2_AEP.conn
R16E15G5,R16E15g5_info1_250Hz_gu3_AEP.conn,gu3,0.22331428571428572,0.21758571428571427,0.22090952380952378,0.2196809523809524,0.21495714285714285,0.20774761904761907,0.20914285714285716,0.20775714285714286,0.23858095238095242,0.2538761904761904,0.25223333333333336,0.24922380952380951,0.2460190476190476,0.24307619047619045,0.2576809523809524,0.25568,0.25155142857142854,0.2525057142857143,0.2582885714285714,0.26271714285714287,0.2584342857142857,0.2598714285714286,0.2640314285714286,0.26629428571428576,0.2549342857142857,0.2541285714285714,0.25922,0.2625342857142857,0.2645628571428571,0.26319714285714285,0.24834857142857142,0.24845428571428568,0.24823428571428569,0.24768857142857142,0.24512285714285714,0.25253714285714285,0.25174857142857143,0.25206,0.24978571428571428,0.24293142857142858,0.24151714285714285,0.24208000000000002,0.25070000000000003,0.25068,0.2445457142857143,0.27203061224489794,0.26969795918367345,0.26621020408163265,0.2627387755102041,0.2631734693877551,0.26934387755102046,0.266565306122449,0.2667418367346939,0.2668224489795919,0.2851255102040816,0.2813020408163265,0.2790377551020408,0.2842397959183674,0.28531938775510207,0.2820571428571429,0.23265238095238097,0.23455,0.23460714285714282,0.2370833333333333,0.24132142857142858,0.23694761904761905,0.23745952380952381,0.24018095238095238,0.2411690476190476,0.24873333333333336,0.25134999999999996,0.25417142857142855,0.25230238095238094,0.25645238095238093,0.24902142857142853,0.1591204081632653,0.16037755102040818,0.15970272108843536,0.1579156462585034,0.15688503401360543,0.16138095238095235,0.16018843537414967,0.15723537414965988,0.15510544217687072,0.1658809523809524,0.16508639455782315,0.16275918367346942,0.16440612244897962,0.16296734693877551,0.16454013605442178,Female,5,5-7,Elementary,E,NC,R16E15g5_info1_250Hz_gu2_AEP.conn
R16S14B5,R16S14b5_info1_250Hz_gu3_AEP.conn,gu3,0.2866666666666667,0.2944428571428572,0.3001142857142857,0.29773809523809525,0.297047619047619,0.30570952380952376,0.3054047619047619,0.2981142857142857,0.3217904761904762,0.3146142857142857,0.32275238095238096,0.32258571428571425,0.32193333333333335,0.3173952380952381,0.3166047619047619,0.2951428571428571,0.29602285714285714,0.29622571428571426,0.2942485714285714,0.29351714285714287,0.31733142857142854,0.3165057142857143,0.3104685714285714,0.3061857142857143,0.2964371428571428,0.29382285714285716,0.2917657142857143,0.30365714285714285,0.3019714285714286,0.28596857142857146,0.3254,0.33325428571428567,0.33792285714285714,0.3374885714285714,0.33486000000000005,0.3346342857142857,0.33506,0.33218571428571425,0.329,0.33299142857142855,0.33806285714285716,0.3388514285714285,0.3373514285714285,0.33208571428571426,0.3325057142857143,0.4400561224489796,0.44058469387755095,0.4455969387755102,0.44622448979591833,0.44321224489795913,0.4440836734693878,0.4435224489795919,0.4412285714285716,0.44098061224489793,0.4509897959183674,0.4525428571428572,0.4524183673469388,0.45107653061224484,0.4511438775510204,0.45383673469387764,0.2864499999999999,0.2916166666666667,0.28685952380952384,0.2858404761904762,0.28889761904761907,0.28661666666666663,0.28413809523809525,0.27675,0.2785166666666667,0.30004523809523814,0.2956571428571429,0.29432142857142857,0.28601190476190474,0.28750714285714285,0.2920595238095238,0.27390952380952377,0.2791142857142857,0.2798802721088435,0.2798918367346939,0.2789979591836735,0.27105374149659867,0.27057142857142863,0.27313197278911566,0.27439863945578236,0.2871142857142857,0.28645850340136053,0.28776394557823126,0.2809530612244899,0.2825061224489796,0.2903476190476191,Male,5,5-7,Elementary,S,NC,R16S14b5_info1_250Hz_gu2_AEP.conn
R16A06G10,R16A06g10_info1_250Hz_gu3_AEP.conn,gu3,0.36664761904761906,0.37175714285714284,0.37322380952380957,0.3723571428571429,0.37056666666666666,0.3785714285714286,0.37895238095238093,0.3821666666666667,0.41499523809523803,0.41909523809523813,0.4186714285714286,0.4143952380952381,0.4157666666666667,0.41943809523809533,0.42340952380952385,0.4273571428571429,0.4247457142857143,0.42138857142857145,0.4185885714285715,0.41731428571428564,0.4141914285714286,0.4120257142857143,0.41157714285714275,0.4112285714285715,0.42535999999999996,0.4238885714285715,0.42004285714285716,0.40362857142857145,0.40374,0.42087142857142856,0.30616857142857146,0.3057914285714286,0.30322857142857146,0.30226571428571425,0.3035085714285714,0.29791999999999996,0.29618285714285714,0.2970714285714286,0.3025714285714286,0.30418571428571434,0.30327999999999994,0.30411714285714286,0.2837942857142857,0.2854885714285714,0.30046,0.2864030612244898,0.2866632653061224,0.28434387755102036,0.281884693877551,0.2803908163265306,0.2804132653061225,0.2827142857142857,0.28398367346938774,0.2839489795918367,0.2994387755102041,0.297004081632653,0.29650204081632653,0.29744693877551015,0.29814183673469385,0.29570306122448986,0.3061214285714286,0.30550238095238097,0.3036047619047619,0.3013547619047619,0.3029428571428571,0.3098071428571429,0.30829999999999996,0.30944285714285713,0.31005714285714286,0.3139190476190476,0.3135452380952381,0.3136809523809524,0.3257571428571429,0.3242023809523809,0.31184523809523806,0.26077482993197276,0.25782380952380946,0.2597149659863946,0.26205850340136055,0.26301428571428576,0.26639659863945575,0.264891156462585,0.2618904761904761,0.25972108843537417,0.2595034013605442,0.26114557823129253,0.26233605442176866,0.26584557823129246,0.2626013605442176,0.26077619047619044,Female,10,8-12,Elementary,A,NC,R16A06g10_info1_250Hz_gu2_AEP.conn
R16E06Y08G8,R16E06y08g8_info1_250Hz_gu3_AEP.conn,gu3,0.23971428571428574,0.2404666666666667,0.23990952380952382,0.23409999999999997,0.2306809523809524,0.24417619047619046,0.25269523809523814,0.2589904761904762,0.28129523809523815,0.2661428571428572,0.2677619047619048,0.26566190476190477,0.27703809523809525,0.2807428571428572,0.26491904761904767,0.3080514285714286,0.30780285714285716,0.3059057142857143,0.2987171428571428,0.2959428571428572,0.3058685714285715,0.3064742857142857,0.30906,0.30648,0.30265428571428576,0.3014057142857143,0.2965942857142857,0.3111085714285714,0.31372857142857147,0.2996714285714286,0.25674571428571424,0.26101714285714284,0.25812,0.2522714285714286,0.24567714285714284,0.23971142857142863,0.23979999999999996,0.24416857142857143,0.25086285714285717,0.24913142857142861,0.24490571428571423,0.2425,0.23362,0.23585714285714282,0.23928571428571427,0.29831224489795927,0.2962979591836734,0.2961459183673469,0.29817857142857146,0.296361224489796,0.3010326530612245,0.2984071428571428,0.29620510204081635,0.2967836734693878,0.31237857142857145,0.3091204081632653,0.312454081632653,0.31483163265306124,0.31275306122448976,0.3102102040816327,0.32853095238095237,0.33146666666666663,0.3347333333333333,0.3314690476190476,0.3298642857142857,0.33743809523809526,0.33714523809523816,0.3277095238095238,0.3244047619047619,0.327652380952381,0.3319119047619048,0.33081904761904757,0.34031666666666666,0.3325214285714286,0.32835714285714285,0.21530544217687073,0.217521768707483,0.2208299319727891,0.22131972789115642,0.2227170068027211,0.2223299319727892,0.2207312925170068,0.22072448979591833,0.22059251700680274,0.22324761904761906,0.22418503401360543,0.2239993197278911,0.21969659863945573,0.21937482993197277,0.2276965986394558,Female,8,8-12,Elementary,E,NC,R16E06y08g8_info1_250Hz_gu2_AEP.conn
R16S08G10,R16S08g10_info1_250Hz_gu3_AEP.conn,gu3,0.31253333333333333,0.3146285714285714,0.3171285714285715,0.3131952380952381,0.3073142857142857,0.3134238095238095,0.31463809523809527,0.3136142857142857,0.3455142857142857,0.3367190476190476,0.33996190476190474,0.3359904761904762,0.3258428571428571,0.3294047619047619,0.3220571428571428,0.32446571428571425,0.32877428571428574,0.33218857142857144,0.33090857142857144,0.3283714285714286,0.32798,0.3304485714285715,0.33151714285714284,0.3277771428571429,0.3212628571428572,0.32301142857142856,0.31825714285714285,0.32194,0.3238714285714286,0.30798571428571425,0.2810514285714286,0.2817142857142857,0.2777428571428572,0.27530571428571426,0.26946857142857145,0.2909914285714286,0.29118857142857146,0.2885171428571428,0.2831142857142857,0.2873857142857143,0.2864885714285714,0.28190000000000004,0.29070571428571423,0.2909571428571428,0.28802285714285714,0.38750510204081634,0.38626836734693876,0.38497346938775523,0.3850244897959184,0.3866255102040817,0.38270510204081637,0.3817061224489796,0.38124387755102046,0.3801367346938775,0.39419897959183675,0.39273469387755094,0.3939367346938775,0.38922959183673467,0.3880775510204081,0.38861326530612245,0.2876738095238095,0.29146190476190476,0.29158095238095244,0.2900047619047619,0.2905595238095238,0.2928333333333333,0.29310714285714284,0.2950095238095238,0.29553809523809527,0.3014571428571428,0.302852380952381,0.3048190476190476,0.29794761904761907,0.3012452380952381,0.29888333333333333,0.2612414965986395,0.2624183673469387,0.26553537414965983,0.2654571428571429,0.2667244897959183,0.26333809523809526,0.2641891156462585,0.2662503401360544,0.26671904761904763,0.2683163265306122,0.2691387755102041,0.2707170068027211,0.272278231292517,0.2731272108843537,0.2676020408163265,Female,10,8-12,Elementary,S,NC,R16S08g10_info1_250Hz_gu2_AEP.conn
R16S23G8,R16S23g8_info1_250Hz_gu3_AEP.conn,gu3,0.317,0.3170047619047619,0.3172952380952381,0.3140285714285715,0.3127238095238095,0.31671904761904757,0.3163761904761905,0.3162857142857143,0.3493142857142857,0.34153809523809525,0.3437666666666666,0.3424714285714286,0.35084285714285707,0.3513380952380953,0.34043809523809526,0.35332571428571424,0.3565257142857143,0.3568685714285714,0.3539342857142857,0.35218,0.35270571428571423,0.3571542857142857,0.3592028571428571,0.3583285714285714,0.34563714285714287,0.3454657142857143,0.3400685714285714,0.34976857142857143,0.34998,0.3444,0.29314285714285715,0.2960999999999999,0.2969571428571428,0.2959657142857143,0.2936571428571429,0.29858,0.2968771428571429,0.2984114285714286,0.2958514285714286,0.2962742857142857,0.29765428571428576,0.2951942857142857,0.2922542857142857,0.29147999999999996,0.29695428571428567,0.32264693877551015,0.32366020408163265,0.32230612244897955,0.32210918367346947,0.3232948979591837,0.32157653061224495,0.3205806122448979,0.3227306122448979,0.32523673469387754,0.33846020408163263,0.33659795918367347,0.3373755102040816,0.3423142857142857,0.3429316326530612,0.3401622448979592,0.2825761904761905,0.2824047619047619,0.2814785714285714,0.2828333333333333,0.28126190476190477,0.2835166666666667,0.278202380952381,0.2781142857142857,0.2769333333333333,0.29564523809523807,0.29100714285714285,0.2926166666666667,0.28700000000000003,0.28437380952380953,0.2863785714285714,0.2268877551020408,0.22840204081632653,0.22902585034013603,0.2318571428571429,0.23361292517006801,0.22575578231292517,0.22547006802721095,0.22604625850340135,0.22655510204081633,0.2330340136054422,0.2330489795918367,0.23466054421768712,0.2259108843537415,0.22751836734693878,0.2313210884353741,Female,8,8-12,Elementary,S,NC,R16S23g8_info1_250Hz_gu2_AEP.conn
R16A03G07,R16A03g07_info1_250Hz_gu3_AEP.conn,gu3,0.19844285714285714,0.19416666666666668,0.19389523809523812,0.1943285714285714,0.1959857142857143,0.21091904761904767,0.2085857142857143,0.19916190476190473,0.23114761904761902,0.23061428571428574,0.22936666666666664,0.22784761904761905,0.2367285714285714,0.23466666666666666,0.22885714285714284,0.29347142857142855,0.2890285714285714,0.28472,0.28084571428571425,0.28056000000000003,0.2804028571428571,0.27894,0.2772428571428572,0.27672285714285716,0.2794257142857143,0.2741571428571429,0.2671428571428571,0.26711999999999997,0.26519999999999994,0.2671771428571429,0.22119142857142857,0.21687428571428571,0.21223142857142857,0.20670000000000002,0.20676285714285716,0.2000942857142857,0.2028,0.20581428571428573,0.20487142857142854,0.20265999999999998,0.20098000000000002,0.1949057142857143,0.1944142857142857,0.1956428571428571,0.19633714285714285,0.2440214285714286,0.245995918367347,0.24445204081632652,0.24178061224489797,0.2403612244897959,0.2412224489795918,0.24039591836734697,0.24336428571428573,0.24396326530612242,0.2574755102040816,0.25722448979591833,0.2551836734693877,0.26109795918367346,0.2604755102040816,0.2580040816326531,0.21562380952380952,0.21768571428571426,0.2238095238095238,0.22575714285714285,0.22583333333333333,0.22335714285714284,0.2252166666666667,0.22998809523809524,0.22894285714285711,0.23184047619047618,0.23873095238095235,0.24039761904761905,0.24366190476190477,0.2423142857142857,0.23729047619047616,0.17565850340136052,0.17588231292517006,0.1799081632653061,0.18294965986394562,0.18206462585034014,0.17745646258503403,0.17606938775510209,0.17629999999999998,0.17561496598639456,0.1777374149659864,0.17969795918367348,0.18142108843537413,0.17905578231292513,0.18006802721088436,0.17709591836734695,Female,7,5-7,Elementary,A,NC,R16A03g07_info1_250Hz_gu2_AEP.conn
R16S13B9,R16S13b9_info1_250Hz_gu3_AEP.conn,gu3,0.3824285714285714,0.38064761904761896,0.3775714285714286,0.37776190476190474,0.3785047619047619,0.37940476190476186,0.37828571428571434,0.3738857142857143,0.3919809523809523,0.4061047619047619,0.4020761904761905,0.40326190476190477,0.39926666666666666,0.3953285714285714,0.3898761904761905,0.3873285714285714,0.38626285714285713,0.3830342857142857,0.3825857142857143,0.3858571428571428,0.37782,0.3734085714285714,0.37064857142857144,0.37052,0.37325428571428576,0.36993428571428566,0.3684657142857143,0.3600028571428571,0.35791428571428574,0.3640542857142858,0.3116285714285715,0.31372285714285714,0.3162771428571428,0.3165,0.3127114285714286,0.31665714285714286,0.31751999999999997,0.31776,0.31336285714285717,0.31702,0.3195485714285714,0.31624285714285716,0.3096,0.30863999999999997,0.32159714285714286,0.3246704081632653,0.3251132653061225,0.3231714285714286,0.3246387755102041,0.32670204081632664,0.3271469387755102,0.32708265306122447,0.32773673469387754,0.3302755102040817,0.3426295918367347,0.3448255102040817,0.3454969387755102,0.3463397959183673,0.34687959183673467,0.34090000000000004,0.25308571428571425,0.2518428571428572,0.25011904761904763,0.24489047619047621,0.23283333333333334,0.2479357142857143,0.2492095238095238,0.2477690476190476,0.24783095238095243,0.26536666666666664,0.26185714285714284,0.2563357142857143,0.26430000000000003,0.26621666666666666,0.2522404761904762,0.23483673469387753,0.2334673469387755,0.2336061224489796,0.2327666666666667,0.23384557823129254,0.2278020408163265,0.22625578231292515,0.22511360544217696,0.22568503401360548,0.24100068027210886,0.23976190476190473,0.23945374149659865,0.2367571428571428,0.23527074829931968,0.23838163265306123,Male,9,8-12,Elementary,S,NC,R16S13b9_info1_250Hz_gu2_AEP.conn
R16BF06G8,R16BF06g8_info1_250Hz_gu3_AEP.conn,gu3,0.2985285714285714,0.30584285714285714,0.3072047619047619,0.3078904761904762,0.3075047619047619,0.31615714285714286,0.31916666666666665,0.31882857142857146,0.3592380952380952,0.3493571428571429,0.3510809523809524,0.35193809523809527,0.35623333333333335,0.35479047619047616,0.35264761904761904,0.4215971428571429,0.42051999999999995,0.41727428571428565,0.41678,0.4167371428571428,0.4206085714285715,0.4208542857142857,0.42013999999999996,0.41826285714285716,0.4231771428571428,0.42028285714285707,0.4203457142857143,0.43104285714285717,0.4299628571428572,0.41834571428571427,0.3818714285714286,0.37959428571428566,0.37689428571428574,0.3773257142857143,0.37868571428571435,0.37450857142857147,0.37378,0.3746114285714286,0.37757142857142856,0.38468285714285716,0.3823828571428572,0.38227142857142854,0.38711142857142855,0.3869742857142857,0.38320571428571426,0.34383265306122446,0.34550204081632657,0.34625612244897946,0.3481969387755103,0.3454357142857143,0.34526734693877553,0.3459469387755102,0.3463418367346939,0.34414081632653065,0.3587408163265306,0.35996938775510207,0.3598418367346939,0.35994897959183675,0.36017653061224486,0.35756938775510205,0.30393809523809523,0.30206666666666665,0.2977,0.297397619047619,0.2983833333333333,0.2980595238095238,0.29878571428571427,0.29980238095238093,0.2999595238095238,0.3184357142857143,0.3113619047619048,0.3093714285714286,0.3099928571428571,0.311502380952381,0.29997619047619045,0.27585034013605436,0.275269387755102,0.2738789115646258,0.273087074829932,0.27312448979591836,0.2750448979591837,0.27387687074829925,0.27177346938775504,0.27296394557823134,0.278165306122449,0.27609183673469384,0.2746918367346939,0.2743197278911565,0.27284829931972787,0.275469387755102,Female,8,8-12,Elementary,S,NC,R16BF06g8_info1_250Hz_gu2_AEP.conn
R16A07B12,R16A07b12_info1_250Hz_gu3_AEP.conn,gu3,0.3309714285714285,0.32950952380952375,0.3323190476190476,0.34650000000000003,0.3460857142857143,0.3240095238095238,0.32367142857142855,0.33255714285714294,0.35821428571428565,0.3399666666666666,0.3431380952380952,0.3542666666666667,0.34149047619047623,0.3441809523809524,0.3311428571428571,0.3479742857142857,0.34386,0.3439828571428572,0.3551228571428572,0.3589971428571429,0.35412285714285713,0.3484771428571428,0.3461142857142857,0.35146,0.3477657142857143,0.3519228571428571,0.3606885714285714,0.35484,0.35575428571428575,0.35734571428571427,0.3240885714285714,0.32180857142857144,0.3233542857142857,0.32324,0.31963714285714284,0.3226742857142857,0.31773142857142855,0.3184057142857143,0.3255,0.32674,0.3288514285714286,0.3310457142857143,0.31774857142857144,0.32278,0.32914571428571426,0.3386755102040816,0.3331122448979592,0.33231428571428573,0.3304081632653061,0.3310122448979592,0.33392346938775513,0.33383877551020413,0.3332275510204082,0.33001632653061225,0.3478316326530612,0.34665714285714283,0.343684693877551,0.34890408163265313,0.34891938775510206,0.34299081632653067,0.3271452380952381,0.31305000000000005,0.2997880952380952,0.29815476190476187,0.30472380952380956,0.3176285714285714,0.31935714285714284,0.30987380952380955,0.3068309523809524,0.3210928571428571,0.31170476190476193,0.3134857142857143,0.3400880952380952,0.33552857142857145,0.3133785714285714,0.24424149659863942,0.2399142857142857,0.23392857142857146,0.23185442176870746,0.23220544217687072,0.2330591836734694,0.22888435374149657,0.22978571428571432,0.2323312925170068,0.24066598639455777,0.23898095238095235,0.23851564625850344,0.2373136054421769,0.24209659863945576,0.23902925170068032,Male,12,8-12,Secondary,A,NC,R16A07b12_info1_250Hz_gu2_AEP.conn
R16E01Y10G,R16E01y10g_info1_250Hz_gu3_AEP.conn,gu3,0.3799619047619047,0.37394285714285713,0.36943333333333334,0.3709523809523809,0.3804571428571428,0.3817285714285714,0.3851,0.3835619047619047,0.39174761904761907,0.38920952380952384,0.38219523809523803,0.3845523809523809,0.40033809523809527,0.3968619047619047,0.3814190476190476,0.37531428571428577,0.3725314285714286,0.36800571428571427,0.37130571428571424,0.3766371428571428,0.38447714285714285,0.3771657142857142,0.3735114285714286,0.3760285714285714,0.3640485714285714,0.3586057142857143,0.36441999999999997,0.37325714285714284,0.37151428571428574,0.36726285714285717,0.3275571428571428,0.3242514285714286,0.32402857142857144,0.32491142857142863,0.3209914285714286,0.32648,0.32538857142857147,0.3213942857142857,0.31519714285714284,0.31243428571428566,0.3106742857142858,0.3145657142857143,0.31872,0.31688000000000005,0.31276000000000004,0.3866367346938776,0.3866918367346939,0.386815306122449,0.38794795918367353,0.38993061224489795,0.38949183673469395,0.3901040816326531,0.3892408163265307,0.3901928571428571,0.4071459183673469,0.40637142857142855,0.4084775510204082,0.4079928571428572,0.4070112244897959,0.40778775510204085,0.31945714285714283,0.3184833333333333,0.32155714285714293,0.32187142857142853,0.3191928571428571,0.3253452380952381,0.3264309523809524,0.3262404761904762,0.32396428571428576,0.3215547619047619,0.32421190476190476,0.32647380952380955,0.32994285714285715,0.3306547619047619,0.3229880952380953,0.257778231292517,0.2590544217687075,0.2585700680272109,0.25938911564625844,0.2572306122448979,0.2556761904761905,0.2578108843537415,0.255961224489796,0.25699727891156465,0.2613952380952381,0.2618632653061225,0.2629149659863946,0.26081428571428567,0.25969999999999993,0.2636156462585034,Female,10,8-12,Elementary,E,NC,R16E01y10g_info1_250Hz_gu2_AEP.conn
R16X01S_G10,R16x01S_g10_info1_250Hz_gu3_AEP.conn,gu3,0.24893333333333334,0.24673333333333333,0.23782380952380952,0.23832380952380952,0.23815238095238098,0.23852857142857142,0.2467190476190476,0.24960000000000004,0.2883428571428572,0.279347619047619,0.2727761904761905,0.2748333333333333,0.2876714285714286,0.28473809523809523,0.26800952380952386,0.25475714285714285,0.2536857142857143,0.24750571428571427,0.25271999999999994,0.2580285714285715,0.2515885714285714,0.24991714285714287,0.2522885714285715,0.25352857142857144,0.2543485714285715,0.2502285714285714,0.25662285714285715,0.25226571428571426,0.25413142857142856,0.24910571428571426,0.23384,0.23982285714285712,0.24235428571428574,0.2367542857142857,0.2321914285714286,0.24200285714285713,0.2455285714285714,0.24815714285714288,0.24188571428571431,0.23757428571428568,0.23933428571428567,0.23914857142857143,0.24181999999999998,0.2513342857142857,0.2343514285714286,0.31216122448979583,0.311269387755102,0.312904081632653,0.31295102040816325,0.3139897959183674,0.31053571428571436,0.31044795918367346,0.31094897959183676,0.30959489795918366,0.32950918367346943,0.33018469387755106,0.32923979591836733,0.3267530612244897,0.32868673469387755,0.32918775510204085,0.27017142857142856,0.26849999999999996,0.27131190476190475,0.2725142857142857,0.2704476190476191,0.2505404761904762,0.251952380952381,0.2510571428571428,0.25226428571428566,0.2714166666666667,0.27102857142857145,0.2714380952380952,0.25319285714285716,0.2532380952380952,0.26307619047619046,0.24593197278911566,0.2469544217687075,0.24540340136054417,0.245530612244898,0.24726598639455788,0.2393448979591837,0.24298027210884351,0.24567891156462582,0.2472734693877551,0.25398435374149664,0.252352380952381,0.2540680272108843,0.24761700680272108,0.251069387755102,0.2504789115646259,Female,10,8-12,Elementary,S,NC,R16x01S_g10_info1_250Hz_gu2_AEP.conn
R16E02Y06B,R16E02y06b_info1_250Hz_gu3_AEP.conn,gu3,0.3485238095238095,0.3385571428571428,0.3345,0.3374095238095238,0.3417761904761905,0.35090952380952384,0.347452380952381,0.3428571428571428,0.36684761904761903,0.37719047619047624,0.3744857142857143,0.37670000000000003,0.38562857142857143,0.3800428571428571,0.3794619047619048,0.4577114285714286,0.4479914285714285,0.44238857142857146,0.4415171428571429,0.4423714285714285,0.4639714285714286,0.45087142857142853,0.4369085714285714,0.4380342857142857,0.4368457142857142,0.4298057142857143,0.4302542857142857,0.44321142857142853,0.43075714285714284,0.4288914285714286,0.4233571428571429,0.4166942857142857,0.41764285714285715,0.4214657142857143,0.4248028571428571,0.41994571428571426,0.42041428571428574,0.4245857142857143,0.4252342857142857,0.41172285714285717,0.41165714285714283,0.4139857142857143,0.41518285714285713,0.41974,0.4175857142857143,0.4902632653061224,0.4877795918367346,0.48616632653061226,0.48296632653061217,0.4814295918367346,0.4859765306122449,0.4883714285714285,0.4837928571428571,0.4853357142857143,0.49588979591836735,0.49649897959183675,0.49414285714285716,0.49130714285714283,0.49197653061224494,0.4998204081632654,0.3942880952380952,0.3923452380952381,0.38875714285714286,0.38731428571428567,0.3840071428571428,0.38961666666666667,0.39331190476190475,0.3790047619047619,0.3758952380952381,0.38043333333333335,0.37483333333333335,0.37467857142857147,0.37374999999999997,0.3707761904761904,0.37946428571428575,0.3752632653061224,0.3765537414965986,0.37738979591836735,0.3753768707482993,0.3737367346938776,0.3802517006802721,0.38258367346938776,0.38176394557823135,0.38103469387755107,0.37153741496598636,0.37024013605442174,0.3694891156462586,0.376869387755102,0.37712721088435375,0.37831768707483004,Female,6,5-7,Elementary,E,NC,R16E02y06b_info1_250Hz_gu2_AEP.conn
R16E14B10,R16E14b10_info1_250Hz_gu3_AEP.conn,gu3,0.2127095238095238,0.2096809523809524,0.2107904761904762,0.20721904761904764,0.2078857142857143,0.21,0.21222857142857143,0.21419999999999995,0.25457619047619046,0.24813333333333332,0.24763333333333337,0.24681428571428574,0.2520476190476191,0.25301904761904764,0.24678571428571427,0.24669142857142856,0.24670857142857144,0.25030285714285716,0.2514057142857143,0.25308,0.24843142857142855,0.2535142857142857,0.25392571428571425,0.2505142857142857,0.25069714285714284,0.2531285714285714,0.2538857142857143,0.2591971428571429,0.2606628571428572,0.25457714285714284,0.28455142857142857,0.28408,0.2838971428571429,0.2820628571428571,0.2811914285714286,0.28247428571428573,0.2834428571428571,0.28245714285714285,0.2830171428571429,0.28450857142857144,0.28615142857142856,0.28601714285714286,0.28724,0.2861485714285714,0.28540857142857146,0.31701020408163266,0.31606326530612244,0.31386224489795916,0.31315510204081637,0.3140979591836734,0.31303775510204085,0.3121724489795918,0.3107755102040816,0.31016020408163264,0.3325989795918368,0.33086734693877545,0.3309551020408163,0.3311663265306123,0.33170000000000005,0.33092346938775513,0.23026904761904762,0.22877142857142854,0.22733095238095238,0.2266809523809524,0.22835714285714284,0.22808809523809523,0.22607619047619051,0.22325000000000003,0.22379761904761905,0.22772380952380952,0.22651428571428575,0.22731666666666664,0.23036190476190477,0.22918809523809525,0.22835952380952382,0.15581972789115647,0.15665578231292518,0.1586401360544218,0.1590965986394558,0.15774693877551021,0.15424489795918364,0.15486122448979592,0.15614421768707482,0.15802040816326524,0.16161836734693877,0.16278231292517006,0.16342993197278913,0.16034149659863944,0.16166326530612243,0.16267823129251702,Male,10,8-12,Elementary,E,NC,R16E14b10_info1_250Hz_gu2_AEP.conn
R16E11B5,R16E11b5_info1_250Hz_gu3_AEP.conn,gu3,0.24165238095238095,0.24393809523809526,0.24440952380952383,0.2404142857142857,0.23734285714285716,0.24568571428571429,0.2507714285714286,0.25658571428571425,0.28852380952380957,0.28146190476190475,0.27675714285714287,0.2739619047619048,0.29033333333333333,0.29263333333333336,0.2811333333333333,0.32350571428571423,0.32205142857142854,0.3211314285714285,0.3196457142857143,0.32052,0.32824571428571425,0.32834857142857143,0.32942,0.3245057142857143,0.3231142857142857,0.3192685714285714,0.31532857142857146,0.32658000000000004,0.3245514285714286,0.31881714285714285,0.29533428571428566,0.29795714285714286,0.2952914285714286,0.2908657142857143,0.29019714285714293,0.29454571428571424,0.29258571428571434,0.28850571428571425,0.2875857142857142,0.2945514285714285,0.29141142857142854,0.28572285714285717,0.2865942857142857,0.2817257142857143,0.2882285714285714,0.2989795918367347,0.29803265306122445,0.2991255102040816,0.2996163265306122,0.30020816326530614,0.3023928571428572,0.3012132653061224,0.30082551020408166,0.29865408163265306,0.31060204081632653,0.3098418367346939,0.30974285714285715,0.3132989795918367,0.31283775510204087,0.30700816326530606,0.23024761904761903,0.22691190476190473,0.22893571428571427,0.23319523809523812,0.24110238095238098,0.23314047619047618,0.23114047619047617,0.23522619047619045,0.23981666666666668,0.2482547619047619,0.24964047619047616,0.25309761904761907,0.24959047619047622,0.25125476190476187,0.24820714285714285,0.19747891156462583,0.19884489795918364,0.19749251700680276,0.19784761904761905,0.19665442176870748,0.1979585034013606,0.1977775510204082,0.19763537414965987,0.1973714285714286,0.20415374149659865,0.20456598639455778,0.2047857142857143,0.20497959183673467,0.2048925170068027,0.2054748299319728,Male,5,5-7,Elementary,E,NC,R16E11b5_info1_250Hz_gu2_AEP.conn
R16BF01B10,R16BF01b10_info1_250Hz_gu3_AEP.conn,gu3,0.3149095238095238,0.31103333333333333,0.3129476190476191,0.30933809523809525,0.30334285714285714,0.31639047619047617,0.3158095238095238,0.3113047619047619,0.336747619047619,0.34662857142857145,0.3464,0.34232380952380953,0.3409047619047619,0.3375571428571429,0.3406238095238095,0.37868285714285715,0.3756371428571429,0.37715428571428566,0.3771514285714286,0.3719857142857143,0.3879228571428571,0.3919542857142857,0.39822857142857143,0.39087428571428573,0.3616,0.36505714285714286,0.36642,0.37576857142857145,0.3819571428571428,0.3674428571428571,0.3459057142857143,0.34998,0.34432,0.34362,0.34623714285714285,0.3471885714285714,0.3378857142857143,0.33952,0.3394942857142858,0.33740285714285717,0.3330028571428571,0.33506285714285716,0.3359685714285714,0.3344057142857143,0.33786857142857146,0.3816408163265307,0.3870224489795918,0.3880316326530612,0.3914326530612245,0.3915112244897959,0.3749959183673469,0.3743612244897959,0.3766520408163266,0.3778469387755102,0.397130612244898,0.3983285714285715,0.4040785714285714,0.3921918367346939,0.39438265306122444,0.39898877551020406,0.3270952380952381,0.31973809523809527,0.31667142857142855,0.3180952380952381,0.3134428571428572,0.3116047619047619,0.3152404761904762,0.31814523809523815,0.31611190476190476,0.3240976190476191,0.3257785714285715,0.3267761904761905,0.3287380952380952,0.3308404761904762,0.32274285714285716,0.27539455782312927,0.27832244897959174,0.2828639455782313,0.2828401360544218,0.2823408163265306,0.26842176870748297,0.2733414965986395,0.27465850340136055,0.2716523809523809,0.281495238095238,0.2869850340136055,0.286765306122449,0.28106462585034014,0.2797197278911565,0.28988299319727895,Male,10,8-12,Elementary,S,NC,R16BF01b10_info1_250Hz_gu2_AEP.conn
R16S12G8,R16S12g8_info1_250Hz_gu3_AEP.conn,gu3,0.3303714285714286,0.32675238095238096,0.32595714285714283,0.3279714285714286,0.32945714285714284,0.32874285714285717,0.3297952380952381,0.33159047619047616,0.34950952380952377,0.34896666666666665,0.34993333333333326,0.3520238095238095,0.3481761904761905,0.35012380952380956,0.3488476190476191,0.33523142857142857,0.3386085714285715,0.34170571428571417,0.33533142857142856,0.33184,0.3337228571428572,0.33249142857142855,0.3324714285714286,0.3323542857142857,0.33502,0.33602000000000004,0.3252257142857143,0.32309714285714286,0.3233942857142857,0.3235028571428571,0.23243714285714287,0.23336571428571426,0.2314542857142857,0.21961142857142857,0.21412285714285714,0.21771714285714286,0.21587428571428569,0.21254285714285714,0.2113314285714286,0.22606285714285718,0.2247142857142857,0.21235142857142858,0.21044000000000002,0.20926571428571425,0.2190257142857143,0.33437040816326535,0.33157857142857144,0.3339102040816327,0.3335336734693878,0.3345448979591837,0.33201020408163273,0.3349367346938775,0.3383510204081633,0.33982959183673467,0.3511785714285714,0.3530489795918368,0.3529622448979591,0.35281632653061223,0.35356326530612253,0.35350816326530615,0.2813880952380952,0.2851404761904762,0.28415000000000007,0.28195714285714285,0.2811142857142857,0.2802238095238095,0.2760333333333334,0.27739285714285716,0.27943333333333337,0.3012190476190476,0.29831904761904765,0.29624047619047617,0.2953738095238095,0.2958571428571429,0.296047619047619,0.2028972789115646,0.20261904761904764,0.20347006802721088,0.20455578231292518,0.20604013605442179,0.2013204081632653,0.20079863945578236,0.2021918367346939,0.20489863945578227,0.21368707482993193,0.21442789115646257,0.21579455782312926,0.2155551020408163,0.21773809523809523,0.2153278911564626,Female,8,8-12,Elementary,S,NC,R16S12g8_info1_250Hz_gu2_AEP.conn
R16S15B10,R16S15b10_info1_250Hz_gu3_AEP.conn,gu3,0.2822047619047619,0.2773666666666666,0.2749904761904762,0.27195238095238095,0.2716285714285714,0.27308095238095237,0.27409047619047616,0.2703380952380952,0.30963333333333337,0.3108666666666667,0.30902380952380953,0.3077142857142857,0.3072,0.30683333333333335,0.30204761904761906,0.30194,0.3005771428571428,0.29954285714285717,0.2996628571428571,0.29721999999999993,0.30886,0.3092628571428571,0.30695428571428574,0.30216000000000004,0.30300285714285713,0.3003114285714286,0.2987457142857143,0.31744285714285714,0.31489142857142854,0.30545999999999995,0.23242285714285713,0.23478857142857143,0.23508,0.23860857142857142,0.23974857142857148,0.23016857142857142,0.22944571428571425,0.23218,0.23216,0.22950857142857145,0.22918000000000002,0.2317657142857143,0.2374285714285714,0.2406542857142857,0.2309114285714286,0.2685459183673469,0.27069489795918367,0.2698193877551021,0.26782959183673466,0.2665642857142857,0.26675,0.26466020408163266,0.2618622448979592,0.262584693877551,0.28690918367346935,0.2866632653061224,0.2858081632653061,0.2818642857142857,0.28043571428571423,0.288469387755102,0.24942857142857142,0.24761666666666668,0.24643333333333337,0.24527142857142858,0.24960476190476197,0.2492214285714285,0.25002142857142856,0.2502738095238095,0.2500642857142857,0.26165,0.26260476190476184,0.2611785714285714,0.2708428571428571,0.2692166666666666,0.2693547619047619,0.16535714285714287,0.16719455782312923,0.16667755102040815,0.16440952380952384,0.1621285714285714,0.16903469387755102,0.16884489795918367,0.1647904761904762,0.16211564625850342,0.16961836734693875,0.17150544217687072,0.1707734693877551,0.1714843537414966,0.1687027210884354,0.17320952380952379,Male,10,8-12,Elementary,S,NC,R16S15b10_info1_250Hz_gu2_AEP.conn
R16E12B9,R16E12b9_info1_250Hz_gu3_AEP.conn,gu3,0.2975142857142857,0.2779190476190476,0.2530857142857143,0.25724285714285716,0.2745952380952381,0.30273333333333335,0.3060095238095239,0.2970238095238096,0.3106571428571429,0.301447619047619,0.2767,0.2740619047619048,0.3282619047619048,0.31294285714285713,0.2887619047619048,0.3582971428571428,0.3428714285714286,0.33708285714285713,0.33425714285714286,0.33880571428571427,0.36832857142857145,0.36864571428571435,0.3554114285714286,0.34457428571428567,0.3378657142857143,0.3421028571428572,0.3390428571428572,0.3632257142857143,0.3522971428571428,0.3555428571428571,0.32853714285714286,0.32861714285714283,0.3319742857142857,0.32112571428571424,0.3173028571428571,0.30739142857142854,0.3111,0.31808571428571425,0.31551714285714283,0.3145628571428571,0.3137628571428571,0.30011428571428567,0.30789142857142854,0.30963714285714283,0.29436285714285715,0.3295316326530613,0.33231632653061227,0.3254785714285714,0.31681020408163263,0.3149795918367347,0.31005816326530616,0.3098857142857142,0.3059785714285715,0.3047571428571429,0.3424632653061225,0.331361224489796,0.3249714285714286,0.3239469387755102,0.3214418367346939,0.3249989795918367,0.3125857142857143,0.30537380952380955,0.2981595238095238,0.29864047619047623,0.30074285714285715,0.3045047619047619,0.3027714285714285,0.3043190476190476,0.3048738095238095,0.31197380952380954,0.3059119047619047,0.3104404761904762,0.31705,0.3161857142857143,0.3099,0.29962993197278914,0.29580952380952386,0.2961544217687075,0.29650952380952383,0.2979061224489796,0.3045462585034014,0.303347619047619,0.3017877551020408,0.3014306122448979,0.2976448979591837,0.2989442176870748,0.3013020408163265,0.3050074829931973,0.3032,0.30194013605442177,Male,9,8-12,Elementary,E,NC,R16E12b9_info1_250Hz_gu2_AEP.conn
R16E05G10,R16E05g10_info1_250Hz_gu3_AEP.conn,gu3,0.20890952380952377,0.20362380952380954,0.2058047619047619,0.20363333333333333,0.20312857142857146,0.20800952380952384,0.20444285714285715,0.20200952380952378,0.23495238095238094,0.24065238095238095,0.23881428571428573,0.23444285714285715,0.24476190476190474,0.24199523809523807,0.24819523809523814,0.2961285714285714,0.29784000000000005,0.2974171428571429,0.2952714285714286,0.2928342857142857,0.29714857142857143,0.3003857142857143,0.29907142857142854,0.3042142857142857,0.2891657142857143,0.2903314285714286,0.2894342857142857,0.29443142857142857,0.29365428571428576,0.29059142857142856,0.25844285714285714,0.25409714285714285,0.2503457142857143,0.25262,0.2505342857142857,0.23972857142857146,0.24177999999999997,0.24954857142857137,0.2567514285714286,0.23957999999999996,0.23810571428571428,0.2414828571428571,0.23007428571428573,0.23705142857142855,0.23367142857142859,0.28057346938775507,0.27598469387755103,0.2712540816326531,0.2725959183673469,0.2748683673469388,0.28242244897959184,0.2802071428571429,0.27535204081632647,0.2760530612244898,0.2879795918367347,0.2847326530612245,0.2870520408163265,0.29631530612244894,0.29454081632653056,0.2862867346938775,0.26244523809523806,0.26098809523809524,0.2593761904761905,0.25581666666666664,0.2554976190476191,0.2633761904761905,0.2711857142857143,0.26495476190476186,0.2607738095238095,0.259347619047619,0.2562047619047619,0.25157380952380953,0.2739047619047619,0.27349523809523807,0.2592690476190477,0.18028775510204084,0.180530612244898,0.1806319727891156,0.18258843537414965,0.18245306122448982,0.1825251700680272,0.18605510204081638,0.18544489795918362,0.18356530612244898,0.18690204081632653,0.1868918367346939,0.1883517006802721,0.19360748299319727,0.19171020408163264,0.1869700680272109,Female,10,8-12,Elementary,E,NC,R16E05g10_info1_250Hz_gu2_AEP.conn
R16S11B10,R16S11b10_info1_250Hz_gu3_AEP.conn,gu3,0.22328095238095236,0.22465238095238096,0.2230857142857143,0.2162666666666667,0.21643809523809523,0.20831904761904763,0.21378571428571425,0.22577619047619046,0.26263333333333333,0.26899523809523807,0.26607142857142857,0.2621952380952381,0.26959047619047616,0.2756238095238095,0.27404761904761904,0.3098657142857143,0.31195142857142855,0.3158342857142858,0.32022,0.32212857142857143,0.2989342857142857,0.2985085714285714,0.30010285714285717,0.30809142857142857,0.30844,0.31076571428571426,0.31607142857142856,0.30750571428571427,0.30784857142857136,0.31634571428571434,0.2810657142857143,0.28081428571428574,0.28038285714285716,0.28119428571428573,0.2818457142857143,0.2747685714285714,0.2765171428571428,0.2763,0.28201999999999994,0.2858657142857143,0.28224857142857146,0.2814171428571429,0.28156857142857145,0.2806114285714286,0.28318000000000004,0.26587959183673465,0.2648775510204081,0.26320000000000005,0.26496632653061225,0.26673979591836744,0.26157653061224484,0.26115612244897957,0.262384693877551,0.264765306122449,0.28485,0.286045918367347,0.28789897959183675,0.2823785714285714,0.283315306122449,0.2852510204081633,0.2641380952380952,0.2535309523809524,0.2503976190476191,0.2509452380952381,0.2485452380952381,0.25649761904761903,0.2566547619047619,0.25725238095238095,0.2631880952380952,0.2655095238095238,0.26189761904761905,0.26192857142857146,0.26353095238095237,0.2603857142857143,0.2639952380952381,0.20790204081632652,0.2080986394557823,0.2053503401360544,0.20316258503401363,0.2020748299319728,0.20237006802721086,0.20247551020408164,0.2014612244897959,0.20040204081632657,0.2069775510204082,0.20554013605442176,0.20298775510204078,0.20279319727891154,0.2017061224489795,0.20432925170068028,Male,10,8-12,Elementary,S,NC,R16S11b10_info1_250Hz_gu2_AEP.conn
R16S19B10,R16S19b10_info1_250Hz_gu3_AEP.conn,gu3,0.3872571428571428,0.3814904761904762,0.38524285714285716,0.3848,0.38577142857142865,0.38334285714285715,0.3830190476190476,0.37875714285714285,0.40071904761904764,0.40578095238095235,0.40781428571428574,0.4031238095238095,0.40988571428571424,0.4059238095238095,0.4035,0.37429999999999997,0.3777914285714285,0.3789742857142857,0.37010857142857145,0.3668600000000001,0.37991142857142857,0.3811114285714286,0.37805714285714287,0.3734,0.38708857142857145,0.3901942857142857,0.38333142857142866,0.3835514285714286,0.38082571428571427,0.39054,0.36303428571428575,0.3714457142857143,0.3766257142857143,0.3731542857142858,0.36755714285714286,0.36347714285714283,0.37005714285714286,0.37412,0.37466571428571427,0.38264571428571426,0.3894228571428571,0.3895628571428572,0.37460000000000004,0.3783085714285714,0.3881171428571429,0.4688887755102041,0.4669959183673469,0.4675061224489796,0.46814795918367347,0.46687244897959185,0.4712469387755102,0.4703673469387755,0.4707928571428571,0.4709836734693878,0.4817010204081633,0.4829163265306122,0.4840795918367347,0.4876204081632653,0.48745714285714287,0.49118775510204093,0.35842619047619045,0.3578976190476191,0.3578357142857143,0.3567952380952381,0.3585595238095238,0.3596428571428571,0.35719285714285715,0.3538857142857143,0.35342619047619056,0.3498619047619047,0.3522595238095238,0.3533952380952381,0.3612,0.3610404761904762,0.3595142857142857,0.3328292517006803,0.3292904761904762,0.32761972789115645,0.3296149659863945,0.3316585034013605,0.33305850340136056,0.33225918367346935,0.33282789115646266,0.3332530612244898,0.33693129251700676,0.3369251700680272,0.33755782312925176,0.3382863945578231,0.33949455782312915,0.3405278911564626,Male,10,8-12,Elementary,S,NC,R16S19b10_info1_250Hz_gu2_AEP.conn
R16S18G10,R16S18g10_info1_250Hz_gu3_AEP.conn,gu3,0.25640476190476186,0.25948571428571426,0.260052380952381,0.26084285714285715,0.2625904761904762,0.26995238095238094,0.2719809523809524,0.27258571428571426,0.31614761904761907,0.31102380952380954,0.3098,0.31007619047619045,0.3191333333333333,0.32003809523809523,0.3149285714285714,0.34462,0.34177142857142856,0.33900285714285716,0.3357342857142857,0.33663714285714286,0.34037714285714293,0.3387028571428571,0.33943999999999996,0.33669142857142853,0.33873999999999993,0.3347085714285714,0.3337485714285714,0.3398428571428572,0.33993428571428574,0.3362514285714286,0.3085085714285714,0.3066371428571429,0.3054514285714286,0.3005885714285714,0.30003714285714284,0.3005285714285714,0.29691142857142855,0.29864285714285715,0.30148285714285716,0.3063057142857143,0.30442857142857144,0.30084000000000005,0.3032971428571429,0.3033257142857143,0.31029428571428574,0.34863163265306124,0.3505510204081633,0.35058163265306114,0.34870102040816325,0.34749591836734695,0.3517448979591836,0.35226632653061224,0.3504357142857143,0.34955102040816327,0.3620826530612245,0.3616530612244898,0.3603938775510203,0.35906938775510205,0.35922346938775507,0.36005000000000004,0.28263095238095237,0.28092142857142854,0.281947619047619,0.28205238095238094,0.28274523809523816,0.28388095238095234,0.2835357142857143,0.2812428571428572,0.28367619047619047,0.2912166666666667,0.2918095238095238,0.2935071428571429,0.2927285714285714,0.29551666666666665,0.29199761904761906,0.21090884353741504,0.21031768707482995,0.21136734693877549,0.21330272108843534,0.2131448979591837,0.21156190476190467,0.21130068027210885,0.21025918367346946,0.2115693877551021,0.2148789115646258,0.21646938775510205,0.21905034013605437,0.21795510204081642,0.2170204081632653,0.2155639455782313,Female,10,8-12,Elementary,S,NC,R16S18g10_info1_250Hz_gu2_AEP.conn
