participant_id,filename,condition,delta_ACtL_ACrL,delta_ACtL_ACaL,delta_ACtL_ACtR,delta_ACtL_ACrR,delta_ACtL_ACaR,delta_ACrL_ACaL,delta_ACrL_ACtR,delta_ACrL_ACrR,delta_ACrL_ACaR,delta_ACaL_ACtR,delta_ACaL_ACrR,delta_ACaL_ACaR,delta_ACtR_ACrR,delta_ACtR_ACaR,delta_ACrR_ACaR,theta_ACtL_ACrL,theta_ACtL_ACaL,theta_ACtL_ACtR,theta_ACtL_ACrR,theta_ACtL_ACaR,theta_ACrL_ACaL,theta_ACrL_ACtR,theta_ACrL_ACrR,theta_ACrL_ACaR,theta_ACaL_ACtR,theta_ACaL_ACrR,theta_ACaL_ACaR,theta_ACtR_ACrR,theta_ACtR_ACaR,theta_ACrR_ACaR,alpha_ACtL_ACrL,alpha_ACtL_ACaL,alpha_ACtL_ACtR,alpha_ACtL_ACrR,alpha_ACtL_ACaR,alpha_ACrL_ACaL,alpha_ACrL_ACtR,alpha_ACrL_ACrR,alpha_ACrL_ACaR,alpha_ACaL_ACtR,alpha_ACaL_ACrR,alpha_ACaL_ACaR,alpha_ACtR_ACrR,alpha_ACtR_ACaR,alpha_ACrR_ACaR,beta_ACtL_ACrL,beta_ACtL_ACaL,beta_ACtL_ACtR,beta_ACtL_ACrR,beta_ACtL_ACaR,beta_ACrL_ACaL,beta_ACrL_ACtR,beta_ACrL_ACrR,beta_ACrL_ACaR,beta_ACaL_ACtR,beta_ACaL_ACrR,beta_ACaL_ACaR,beta_ACtR_ACrR,beta_ACtR_ACaR,beta_ACrR_ACaR,highbeta_ACtL_ACrL,highbeta_ACtL_ACaL,highbeta_ACtL_ACtR,highbeta_ACtL_ACrR,highbeta_ACtL_ACaR,highbeta_ACrL_ACaL,highbeta_ACrL_ACtR,highbeta_ACrL_ACrR,highbeta_ACrL_ACaR,highbeta_ACaL_ACtR,highbeta_ACaL_ACrR,highbeta_ACaL_ACaR,highbeta_ACtR_ACrR,highbeta_ACtR_ACaR,highbeta_ACrR_ACaR,gamma_ACtL_ACrL,gamma_ACtL_ACaL,gamma_ACtL_ACtR,gamma_ACtL_ACrR,gamma_ACtL_ACaR,gamma_ACrL_ACaL,gamma_ACrL_ACtR,gamma_ACrL_ACrR,gamma_ACrL_ACaR,gamma_ACaL_ACtR,gamma_ACaL_ACrR,gamma_ACaL_ACaR,gamma_ACtR_ACrR,gamma_ACtR_ACaR,gamma_ACrR_ACaR,gender,age,age_group,age_group_edu,lang,lang_group,file_name
R16C06B16,R16C06b16_info1_250Hz_gu1_AEP(1).conn,gu1,0.21026296296296298,0.21654444444444443,0.2293185185185185,0.23697777777777776,0.244737037037037,0.2548074074074074,0.2529666666666667,0.24361851851851848,0.2303111111111111,0.20701111111111112,0.2188777777777778,0.22861851851851853,0.2768851851851852,0.2667555555555556,0.24472592592592593,0.3059088888888889,0.31268444444444443,0.3223111111111111,0.33048444444444447,0.34034888888888887,0.3295711111111111,0.33078444444444444,0.3244822222222222,0.32210666666666665,0.31761777777777783,0.32767333333333337,0.33036,0.3373911111111111,0.3322422222222222,0.3446733333333334,0.3270977777777778,0.3208666666666667,0.32172444444444437,0.3328466666666666,0.3451666666666667,0.33859111111111106,0.3305911111111111,0.32404888888888894,0.32605555555555554,0.31506,0.31657111111111114,0.3221777777777778,0.3376822222222223,0.32153333333333334,0.30807333333333337,0.36693571428571425,0.36964682539682536,0.37304047619047626,0.3762833333333333,0.37645396825396826,0.36314285714285716,0.3636238095238096,0.36601825396825405,0.37180238095238094,0.372334126984127,0.37584444444444437,0.3805007936507936,0.378136507936508,0.3764611111111112,0.3811952380952381,0.35780000000000006,0.35994814814814813,0.3700148148148148,0.37388333333333335,0.3727037037037037,0.35705370370370365,0.3525537037037037,0.3537388888888889,0.35276296296296294,0.36361666666666664,0.3744351851851852,0.3734425925925926,0.3603703703703704,0.3582944444444444,0.37922037037037043,0.24313386243386245,0.24474338624338624,0.24690476190476193,0.25008412698412696,0.2549338624338625,0.2515248677248677,0.2490740740740741,0.24654973544973544,0.245573544973545,0.24433597883597882,0.24907671957671956,0.25508253968253974,0.25070052910052915,0.24864814814814812,0.2540730158730159,Male,16,Teen,Secondary,C,C,R16C06b16_info1_250Hz_gu2_AEP(1).conn
R16C05B13,R16C05b13_info1_250Hz_gu1_AEP.conn,gu1,0.2562037037037037,0.26054074074074074,0.2893814814814815,0.302062962962963,0.2969333333333333,0.31833333333333336,0.3139851851851852,0.30355925925925925,0.30790370370370373,0.2873518518518518,0.30879259259259256,0.31477777777777777,0.34709259259259256,0.33597407407407404,0.35291481481481485,0.3702244444444444,0.3575288888888889,0.35602888888888884,0.36157555555555554,0.36983999999999995,0.38472666666666666,0.39235333333333333,0.38742,0.39789555555555556,0.35707111111111106,0.35476444444444444,0.3616688888888889,0.4020155555555556,0.40492222222222224,0.38819777777777775,0.3414644444444444,0.32364444444444446,0.30992888888888886,0.3226422222222222,0.33856,0.3607488888888889,0.3647288888888889,0.36822888888888883,0.3811133333333333,0.3054844444444444,0.29760444444444445,0.3177,0.3582355555555556,0.3619911111111111,0.30627333333333334,0.32735555555555557,0.3249087301587302,0.3191960317460317,0.31828968253968254,0.314984126984127,0.3395714285714286,0.3418158730158731,0.34137698412698414,0.33872222222222226,0.3330119047619048,0.32271984126984127,0.32028015873015864,0.34251031746031746,0.34414999999999996,0.3408698412698413,0.3683111111111111,0.36338703703703706,0.3601407407407407,0.3644111111111111,0.36979999999999996,0.38075925925925924,0.3954592592592592,0.39537222222222224,0.40228148148148146,0.3618851851851852,0.36719259259259257,0.37326296296296296,0.40074629629629627,0.4011018518518518,0.3729611111111111,0.26124920634920634,0.2642603174603175,0.2714761904761905,0.2764608465608466,0.27805238095238094,0.29234814814814813,0.29491693121693124,0.2915137566137566,0.28440529100529105,0.26687407407407404,0.27083121693121687,0.2718047619047619,0.29326455026455023,0.28917989417989415,0.27259100529100533,Male,13,Teen,Secondary,C,C,R16C05b13_info1_250Hz_gu2_AEP.conn
R16C39B10,R16C39b10_info1_250Hz_gu1_AEP.conn,gu1,0.18017777777777777,0.17907037037037035,0.17858888888888888,0.18831851851851852,0.1946259259259259,0.17951111111111115,0.16620740740740744,0.15437037037037038,0.15308518518518519,0.18457407407407408,0.17997407407407406,0.18465925925925922,0.1941185185185185,0.1847703703703704,0.20835555555555554,0.30514444444444444,0.3065888888888889,0.30832888888888893,0.30564222222222226,0.3091888888888889,0.2952911111111111,0.2904133333333333,0.2897822222222222,0.29658,0.31664222222222227,0.31280444444444444,0.30810222222222217,0.3056155555555556,0.30888,0.33244444444444443,0.3094911111111111,0.30957111111111113,0.3116755555555556,0.31956444444444443,0.32430888888888887,0.3074488888888889,0.29979111111111106,0.2991155555555555,0.3083555555555556,0.30300000000000005,0.30332222222222216,0.30494,0.29386444444444443,0.2982622222222222,0.3122111111111111,0.3164841269841269,0.3169865079365079,0.3202484126984127,0.3204944444444444,0.3207785714285714,0.3123857142857143,0.3086753968253969,0.30949444444444446,0.314468253968254,0.32002698412698416,0.32247619047619047,0.32109603174603174,0.31731031746031746,0.3192690476190476,0.33804444444444437,0.32931481481481484,0.3314296296296297,0.3352777777777778,0.3273833333333333,0.32081481481481483,0.3335111111111111,0.32854999999999995,0.3205685185185185,0.3169370370370371,0.3324796296296296,0.33305,0.32848333333333335,0.32547592592592595,0.3239314814814815,0.33852592592592595,0.2333613756613757,0.23279365079365077,0.22746507936507926,0.2279862433862434,0.22555396825396823,0.22619894179894176,0.22677724867724866,0.2282322751322751,0.22968677248677247,0.23357195767195765,0.22881322751322747,0.23120052910052916,0.22935291005291,0.23054074074074074,0.23506243386243383,Male,10,8-12,Elementary,C,C,R16C39b10_info1_250Hz_gu2_AEP.conn
R16C33B05,R16C33b05_info1_250Hz_gu1_AEP.conn,gu1,0.2344481481481481,0.22758888888888892,0.22189629629629629,0.22486296296296296,0.24285555555555552,0.20317037037037036,0.19873333333333332,0.20255925925925922,0.2106,0.2294703703703704,0.2288296296296296,0.22515555555555555,0.2420111111111111,0.24703333333333335,0.2587888888888889,0.3354422222222222,0.32899333333333336,0.3308844444444444,0.3268422222222222,0.32450666666666667,0.3078711111111111,0.3141844444444445,0.3235955555555555,0.3357777777777778,0.33468,0.3386488888888889,0.3287555555555556,0.3370577777777778,0.3462355555555556,0.3531488888888889,0.3005,0.30216222222222217,0.30702444444444443,0.30903777777777774,0.3036,0.3162422222222222,0.31281333333333333,0.3059577777777778,0.31581555555555557,0.30275555555555556,0.3045911111111111,0.30694,0.30747111111111114,0.3024177777777778,0.2999844444444445,0.30747142857142856,0.31581984126984125,0.3101555555555556,0.30269761904761905,0.3047690476190476,0.3116111111111111,0.3041404761904762,0.3017555555555555,0.2985111111111111,0.31645079365079365,0.3090373015873015,0.30055,0.31206428571428574,0.3145357142857143,0.3154936507936508,0.31820925925925925,0.3126907407407407,0.3134222222222222,0.3128148148148148,0.31329629629629635,0.3140222222222222,0.31794259259259255,0.33287962962962964,0.3353981481481481,0.3059537037037037,0.30780370370370375,0.3087018518518518,0.3176,0.32985925925925924,0.30826666666666663,0.24537089947089952,0.25061746031746035,0.2547978835978836,0.25265185185185185,0.24619788359788364,0.2547968253968254,0.25628306878306883,0.25691904761904766,0.25366825396825393,0.24677777777777776,0.2555142857142857,0.25463121693121693,0.2518761904761904,0.25609947089947094,0.25254126984126984,Male,5,5-7,Elementary,C,C,R16C33b05_info1_250Hz_gu2_AEP.conn
R16C03G5,R16C03g5_info1_250Hz_gu1_AEP.conn,gu1,0.347937037037037,0.34822962962962967,0.3545259259259259,0.36444814814814813,0.3684333333333334,0.38931111111111116,0.36281111111111103,0.3393185185185185,0.3201111111111112,0.3653037037037037,0.36514814814814817,0.3602,0.38080740740740743,0.36359259259259263,0.4160333333333333,0.39964222222222223,0.40892222222222224,0.40923333333333334,0.40380000000000005,0.40583111111111114,0.41348444444444443,0.3961022222222222,0.3890244444444445,0.38335555555555556,0.41146666666666665,0.41376888888888885,0.40577555555555556,0.4230555555555555,0.42514,0.4331711111111112,0.4484533333333333,0.4322622222222222,0.44272,0.4538133333333333,0.45903111111111106,0.43953999999999993,0.43312,0.43532000000000004,0.44302,0.4265822222222222,0.4402577777777778,0.4488688888888889,0.40861111111111115,0.4157533333333333,0.42982,0.42541349206349205,0.4267166666666667,0.422402380952381,0.41305634920634915,0.4075198412698412,0.41571031746031745,0.418631746031746,0.4195261904761905,0.426681746031746,0.4256420634920634,0.42159682539682536,0.41515952380952387,0.42395000000000005,0.41839603174603174,0.4210007936507937,0.4043537037037037,0.40298703703703703,0.3953111111111111,0.3863648148148148,0.38300925925925927,0.3895037037037037,0.38034999999999997,0.37765185185185185,0.38253333333333334,0.41229999999999994,0.38811666666666667,0.374474074074074,0.3827851851851852,0.3821888888888889,0.3866407407407407,0.292458201058201,0.2899380952380953,0.2899529100529101,0.29246084656084653,0.29860317460317454,0.2947375661375662,0.2960137566137566,0.29594179894179884,0.2935507936507936,0.29370370370370374,0.2959021164021164,0.3003243386243386,0.2899089947089947,0.2880661375661376,0.2999677248677249,Female,5,5-7,Elementary,C,C,R16C03g5_info1_250Hz_gu2_AEP.conn
R16C25B5,R16C25b5_info1_250Hz_gu1_AEP.conn,gu1,0.2437259259259259,0.23216666666666666,0.23391851851851853,0.25000370370370373,0.24400370370370372,0.2591444444444444,0.26918148148148147,0.27808518518518516,0.2752296296296296,0.2338407407407407,0.23920000000000005,0.25201111111111113,0.30471851851851856,0.3005333333333333,0.2662074074074074,0.3328977777777778,0.3389622222222222,0.3448333333333333,0.3511666666666666,0.34040666666666664,0.3212044444444445,0.32809333333333335,0.33443111111111107,0.33698666666666666,0.32267333333333337,0.3292933333333333,0.33984666666666663,0.34628666666666663,0.34598444444444443,0.33971777777777773,0.32977555555555554,0.32985777777777775,0.33423555555555556,0.34997333333333336,0.3545622222222222,0.32367111111111113,0.33367111111111114,0.34378222222222216,0.3548955555555555,0.32630444444444445,0.33195555555555556,0.34617999999999993,0.33289555555555556,0.3343622222222222,0.3196933333333333,0.3264293650793651,0.33018095238095235,0.33153095238095237,0.3316880952380953,0.3341706349206349,0.3254444444444444,0.32255079365079364,0.32264603174603174,0.3267960317460317,0.3333912698412698,0.334347619047619,0.3323238095238095,0.3300793650793651,0.3307079365079365,0.336963492063492,0.35090370370370366,0.3549296296296296,0.3567092592592593,0.35944814814814813,0.3631296296296296,0.3584648148148148,0.35160185185185183,0.34939259259259264,0.3564148148148148,0.36525925925925923,0.35672592592592595,0.35416851851851855,0.34753518518518517,0.35318333333333335,0.36015555555555556,0.2748910052910053,0.275537037037037,0.27417037037037034,0.2763978835978836,0.2730550264550265,0.25658148148148147,0.2541920634920635,0.25585767195767195,0.26048730158730155,0.2754973544973546,0.27636719576719576,0.2780481481481481,0.2627137566137566,0.26648306878306877,0.27159365079365083,Male,5,5-7,Elementary,C,C,R16C25b5_info1_250Hz_gu2_AEP.conn
R16M09G18,R16M09g18_info1_250Hz_gu1_AEP.conn,gu1,0.2818555555555555,0.27407037037037035,0.2614074074074074,0.2579296296296296,0.2584555555555556,0.2818925925925926,0.2879555555555556,0.28345925925925924,0.2855518518518519,0.28775555555555554,0.2724592592592593,0.2644703703703704,0.3119296296296296,0.3079703703703704,0.3174444444444444,0.35930666666666666,0.35817333333333334,0.35381555555555555,0.3462577777777778,0.3419844444444445,0.3534488888888888,0.3586977777777778,0.3528666666666666,0.35190888888888894,0.3607044444444444,0.35247333333333336,0.34782,0.38088888888888894,0.36966,0.37686222222222227,0.34917777777777775,0.3478777777777778,0.34510222222222225,0.34359333333333336,0.3470133333333333,0.3550133333333333,0.35945555555555553,0.35899111111111115,0.3517044444444445,0.34413555555555553,0.3397044444444445,0.3381022222222222,0.33774222222222217,0.3358066666666667,0.32182000000000005,0.3213103174603175,0.32180555555555557,0.3311587301587302,0.33247063492063494,0.3322357142857143,0.34085793650793655,0.33872777777777774,0.33726984126984133,0.33315079365079364,0.324968253968254,0.3303452380952381,0.3318619047619048,0.35477063492063493,0.3520261904761905,0.34912619047619053,0.33537962962962964,0.3431314814814814,0.35027222222222226,0.3538037037037037,0.3587,0.34575925925925927,0.343974074074074,0.34494444444444444,0.3436018518518518,0.34546111111111116,0.35085000000000005,0.3571,0.34426666666666667,0.34368333333333334,0.3467481481481481,0.2965962962962963,0.296105291005291,0.2920116402116402,0.29339417989417993,0.29665291005291006,0.29656190476190475,0.2960555555555555,0.2991222222222222,0.30128095238095237,0.29693174603174605,0.2969587301587302,0.2979851851851852,0.30155449735449735,0.30515767195767196,0.3028227513227513,Female,18,Teen,Secondary,C,C,R16M09g18_info1_250Hz_gu2_AEP.conn
R16C19G8,R16C19g8_info1_250Hz_gu1_AEP.conn,gu1,0.2372,0.2308962962962963,0.2238111111111111,0.20978518518518519,0.1945259259259259,0.23896666666666663,0.24602962962962963,0.262725925925926,0.24809259259259261,0.2285,0.2210185185185185,0.21588148148148148,0.2682,0.2914777777777778,0.27657407407407403,0.3181888888888889,0.31592222222222227,0.3296133333333333,0.31825777777777775,0.3112911111111111,0.3252977777777778,0.31908666666666663,0.31682444444444446,0.3159533333333333,0.31284222222222224,0.33358444444444446,0.3240155555555556,0.3368555555555556,0.3359111111111111,0.3535111111111111,0.2896577777777778,0.3005133333333334,0.3177177777777778,0.3212533333333333,0.31301111111111113,0.3051022222222223,0.31446888888888885,0.31114,0.3144511111111111,0.2916711111111111,0.30860000000000004,0.31012888888888884,0.30110000000000003,0.2977088888888889,0.2998266666666667,0.295113492063492,0.2939119047619048,0.29455396825396823,0.2945738095238095,0.2941928571428572,0.2802904761904762,0.2887650793650794,0.297613492063492,0.2966920634920635,0.301168253968254,0.30308809523809527,0.30234761904761903,0.3018952380952381,0.3114380952380952,0.3196507936507937,0.32715555555555553,0.3361111111111111,0.3320703703703704,0.3313537037037037,0.3305222222222222,0.36219629629629635,0.3683518518518518,0.35787592592592593,0.3525388888888889,0.3502574074074074,0.3471444444444445,0.34645,0.3602055555555555,0.3583574074074074,0.3529814814814815,0.26249470899470895,0.2626428571428571,0.25538306878306877,0.2492185185185185,0.24999312169312174,0.26035767195767195,0.26228941798941796,0.25847830687830686,0.2542619047619048,0.2633455026455026,0.2544423280423281,0.24809153439153436,0.26272169312169313,0.2625994708994709,0.2496693121693122,Female,8,8-12,Elementary,C,C,R16C19g8_info1_250Hz_gu2_AEP.conn
R16C37B6,R16C37b6_info1_250Hz_gu1_AEP.conn,gu1,0.22884074074074076,0.21779259259259262,0.21771481481481483,0.22893703703703702,0.23012962962962966,0.23357777777777777,0.23360370370370373,0.2437111111111111,0.2434777777777778,0.2356851851851852,0.2430037037037037,0.2437851851851852,0.26914814814814814,0.2826,0.2832666666666666,0.3338866666666667,0.3315488888888889,0.33784222222222227,0.3424466666666667,0.34332,0.3364555555555555,0.3374022222222222,0.3285733333333333,0.3280933333333333,0.34046000000000004,0.3461066666666667,0.35041555555555554,0.36141111111111107,0.3496822222222222,0.3751466666666667,0.2885977777777778,0.2905244444444445,0.30312666666666666,0.3012622222222222,0.3007377777777778,0.3165644444444445,0.32646000000000003,0.31513555555555556,0.3017622222222222,0.29444444444444445,0.30021555555555557,0.31022444444444447,0.31364666666666663,0.3106422222222222,0.29991333333333337,0.30355634920634916,0.30667698412698413,0.31030952380952387,0.31146190476190483,0.310202380952381,0.2958531746031746,0.2952960317460317,0.29645793650793645,0.30006507936507937,0.3078031746031747,0.30849523809523804,0.3108515873015873,0.2977666666666667,0.3030611111111111,0.30991190476190483,0.3594777777777778,0.3627611111111111,0.367962962962963,0.376937037037037,0.3806981481481482,0.3759518518518518,0.37169629629629636,0.363525925925926,0.3594703703703704,0.35900925925925925,0.36799444444444446,0.37846111111111114,0.36293333333333333,0.35910000000000003,0.36820370370370376,0.29374074074074075,0.29699470899470903,0.2962280423280423,0.29566455026455024,0.29530158730158723,0.29771481481481477,0.2951735449735449,0.28859894179894185,0.2873349206349206,0.29223756613756613,0.29500476190476194,0.2948783068783069,0.29439894179894177,0.28804232804232804,0.2878328042328042,Male,6,5-7,Elementary,C,C,R16C37b6_info1_250Hz_gu2_AEP.conn
R16M06B06,R16M06b06_info1_250Hz_gu1_AEP.conn,gu1,0.2691814814814815,0.25955925925925927,0.25793333333333335,0.2653962962962963,0.2826,0.2634111111111111,0.2784407407407407,0.2947888888888889,0.2961962962962963,0.25528148148148144,0.2558888888888889,0.27485185185185185,0.30739629629629633,0.31421481481481484,0.3100407407407407,0.3565222222222222,0.35022222222222216,0.34836,0.35095333333333334,0.3552488888888889,0.3440533333333334,0.34747555555555554,0.3511577777777778,0.34497999999999995,0.35394666666666663,0.3485844444444445,0.3551444444444444,0.3697666666666667,0.36535777777777784,0.37054,0.3613822222222222,0.35978666666666664,0.35935111111111107,0.3628866666666667,0.35351333333333335,0.37102,0.37456000000000006,0.3854066666666667,0.3841822222222222,0.36619777777777773,0.3611533333333333,0.3586933333333333,0.3841622222222222,0.3937666666666667,0.37522222222222223,0.38911349206349205,0.39285555555555557,0.3975650793650794,0.40223333333333333,0.40385158730158727,0.39664682539682533,0.4000920634920635,0.40504365079365073,0.41137222222222214,0.39542142857142853,0.40203888888888895,0.4086531746031746,0.4096857142857143,0.4151761904761905,0.4099031746031746,0.3475111111111111,0.3484740740740741,0.3617111111111111,0.3722148148148148,0.3771574074074074,0.35888518518518525,0.35855555555555557,0.3589407407407408,0.36238148148148147,0.33962037037037035,0.35397037037037044,0.3691,0.3579611111111112,0.35665925925925923,0.3601574074074074,0.30876719576719586,0.3094227513227514,0.30794603174603175,0.3080851851851852,0.3104820105820106,0.3112682539682539,0.30718677248677245,0.30338042328042325,0.3021460317460318,0.31426560846560847,0.31057301587301583,0.30899894179894183,0.3018481481481481,0.29630899470899474,0.3144021164021164,Male,6,5-7,Elementary,C,C,R16M06b06_info1_250Hz_gu2_AEP.conn
R16C34B06,R16C34b06_info1_250Hz_gu1_AEP.conn,gu1,0.20860370370370374,0.20254444444444444,0.19305925925925926,0.17931111111111112,0.1817148148148148,0.19602592592592594,0.2053,0.2099888888888889,0.2155888888888889,0.18910740740740742,0.18705925925925926,0.17544074074074076,0.22836296296296296,0.2393925925925926,0.2316962962962963,0.35002444444444447,0.3502911111111111,0.3427622222222222,0.3343422222222222,0.32758888888888893,0.3282111111111111,0.3305177777777778,0.3323844444444445,0.3313288888888889,0.3501155555555556,0.34585555555555547,0.3444911111111111,0.34204222222222225,0.35036,0.36336444444444443,0.37270222222222216,0.3743555555555556,0.3752422222222222,0.37166,0.36934444444444436,0.3773622222222222,0.36711777777777777,0.3640888888888889,0.3647355555555556,0.3763311111111111,0.37492444444444445,0.36844888888888894,0.37074444444444443,0.3710333333333333,0.3816911111111111,0.37012063492063485,0.36659761904761906,0.36335317460317457,0.36371825396825397,0.3672865079365079,0.37582142857142864,0.3739706349206349,0.36909285714285717,0.36474841269841257,0.3703904761904761,0.3679103174603175,0.3606769841269841,0.3772253968253968,0.3767484126984127,0.3715920634920636,0.37402962962962955,0.3693370370370371,0.36501481481481485,0.367337037037037,0.37003518518518513,0.380487037037037,0.37953333333333333,0.3803407407407407,0.375862962962963,0.37226851851851855,0.36874629629629635,0.371524074074074,0.38422962962962964,0.3841259259259258,0.37204444444444446,0.2792476190476191,0.2785740740740741,0.27424338624338623,0.2704354497354498,0.2719359788359788,0.27095343915343917,0.27204021164021164,0.27402698412698406,0.27891534391534395,0.2836952380952381,0.2805783068783068,0.276341798941799,0.2691915343915343,0.2717566137566137,0.2850846560846561,Male,6,5-7,Elementary,C,C,R16C34b06_info1_250Hz_gu2_AEP.conn
R16C07G9,R16C07g9_info1_250Hz_gu1_AEP.conn,gu1,0.32985185185185184,0.32316666666666666,0.3080703703703704,0.3133444444444444,0.3194111111111111,0.3117888888888889,0.31154444444444446,0.3124814814814815,0.31937037037037036,0.3359259259259259,0.3261148148148148,0.3274444444444445,0.33920740740740746,0.34407407407407403,0.3705703703703704,0.4485844444444444,0.4536244444444445,0.4564222222222222,0.46010444444444437,0.46402,0.4526111111111111,0.45488444444444437,0.45942444444444447,0.45606666666666673,0.45774888888888887,0.4609977777777778,0.46175333333333335,0.47572666666666663,0.4835355555555556,0.4811177777777778,0.45524222222222227,0.46091999999999994,0.46065111111111107,0.46363777777777776,0.46843555555555555,0.4637133333333333,0.4644177777777778,0.47013999999999995,0.47662222222222217,0.4625466666666666,0.4620177777777778,0.4635133333333334,0.45924888888888893,0.4694866666666667,0.45931111111111117,0.412234126984127,0.41573174603174595,0.4179333333333334,0.4244928571428571,0.43064920634920634,0.4340801587301587,0.43416111111111105,0.4357642857142857,0.43386190476190484,0.4214325396825397,0.42053174603174603,0.42108888888888885,0.4355611111111112,0.43676666666666664,0.4266960317460318,0.3632851851851852,0.35400925925925925,0.34483703703703705,0.34172962962962966,0.34904444444444443,0.3640944444444445,0.3601592592592593,0.3557166666666667,0.35650555555555546,0.35993888888888886,0.3511814814814815,0.3463611111111111,0.35346666666666665,0.3489092592592593,0.35031666666666667,0.31725238095238095,0.3194169312169312,0.31859576719576727,0.32005343915343915,0.3189650793650793,0.3189164021164021,0.3147365079365079,0.3144761904761906,0.3144539682539683,0.3155,0.31547566137566135,0.317515343915344,0.3152486772486773,0.3147714285714286,0.31850529100529096,Female,9,8-12,Elementary,C,C,R16C07g9_info1_250Hz_gu2_AEP.conn
R16C18B7,R16C18b7_info1_250Hz_gu1_AEP.conn,gu1,0.3772518518518518,0.38333703703703703,0.38799629629629634,0.3810222222222222,0.3712518518518519,0.3317481481481482,0.3358888888888889,0.35385185185185186,0.3726370370370371,0.3772962962962963,0.3832333333333333,0.3785740740740741,0.386662962962963,0.40422222222222226,0.4229703703703704,0.43587555555555557,0.4215244444444445,0.4338,0.43997777777777786,0.4429977777777777,0.44617555555555555,0.44591111111111104,0.4403644444444444,0.46222666666666673,0.4328666666666667,0.4404977777777777,0.43970222222222216,0.4806622222222222,0.48012888888888894,0.46916,0.4443777777777778,0.44851333333333326,0.45247777777777765,0.4485511111111111,0.45000222222222225,0.4469555555555556,0.44868444444444444,0.4506044444444444,0.4631777777777778,0.4540533333333333,0.4588688888888889,0.4547955555555555,0.46792222222222224,0.4738488888888889,0.46168000000000003,0.46253333333333335,0.46498730158730156,0.46199365079365073,0.45341111111111104,0.4418206349206349,0.46681746031746024,0.47311190476190484,0.4725507936507936,0.46899126984127,0.4685936507936508,0.46646111111111116,0.4573134920634921,0.47206190476190474,0.4696587301587302,0.4771801587301587,0.4214185185185186,0.43205740740740733,0.44327592592592585,0.4543648148148148,0.4562722222222222,0.41701851851851846,0.42384814814814814,0.4361777777777778,0.4389,0.4299074074074074,0.43444814814814814,0.44108703703703706,0.43897777777777786,0.44231111111111115,0.43347592592592593,0.3740751322751322,0.3720111111111111,0.36649417989417993,0.36608148148148145,0.36843492063492067,0.3718793650793651,0.37445820105820105,0.37277671957671954,0.36840158730158723,0.37229682539682535,0.3664597883597883,0.3691037037037037,0.37891587301587304,0.37510000000000004,0.3674402116402116,Male,7,5-7,Elementary,C,C,R16C18b7_info1_250Hz_gu2_AEP.conn
R16C20B9,R16C20b9_info1_250Hz_gu1_AEP.conn,gu1,0.23927407407407408,0.24392962962962964,0.24284074074074077,0.23264814814814816,0.22102592592592596,0.22366666666666665,0.22212222222222222,0.2233222222222222,0.23783703703703704,0.23933333333333331,0.24109999999999998,0.24094814814814813,0.27164074074074074,0.2770148148148148,0.2831148148148148,0.2989822222222222,0.29762,0.2987666666666667,0.30186888888888885,0.30813555555555555,0.3083688888888889,0.3083911111111111,0.30704000000000004,0.30426888888888887,0.3011577777777778,0.2985822222222222,0.3021244444444445,0.33566666666666667,0.3367511111111111,0.3284288888888889,0.29594888888888893,0.2863955555555555,0.28836222222222224,0.29919555555555555,0.3034088888888889,0.32487777777777777,0.3214044444444445,0.3172688888888889,0.31439999999999996,0.29453999999999997,0.2990288888888889,0.30501111111111107,0.3257933333333333,0.317,0.3104044444444444,0.3477071428571429,0.3491579365079365,0.34861269841269843,0.34420555555555554,0.34253253968253977,0.3417539682539683,0.3399269841269841,0.341168253968254,0.3441769841269842,0.3519777777777779,0.34528253968253964,0.33862698412698405,0.3528904761904762,0.35560317460317453,0.35019523809523806,0.3254185185185185,0.33485370370370376,0.34178333333333333,0.34469629629629633,0.34067037037037035,0.34752222222222223,0.3504444444444444,0.35109999999999997,0.3494851851851852,0.3343037037037037,0.33780000000000004,0.33975,0.34360555555555555,0.3387685185185185,0.3381574074074074,0.2428931216931217,0.24640899470899474,0.2450666666666667,0.24462962962962967,0.241526455026455,0.24776455026455024,0.2504126984126984,0.24980476190476195,0.24849894179894175,0.24785925925925922,0.24795343915343915,0.2458328042328042,0.24853862433862434,0.25143862433862435,0.24937089947089955,Male,9,8-12,Elementary,C,C,R16C20b9_info1_250Hz_gu2_AEP.conn
R16C15B07,R16C15b07_info1_250Hz_gu1_AEP.conn,gu1,0.3311851851851852,0.3385962962962963,0.3363740740740741,0.31587777777777776,0.3113185185185185,0.31138518518518515,0.3136037037037038,0.3155925925925926,0.32254074074074074,0.34028148148148146,0.3413703703703703,0.3274111111111111,0.3452296296296297,0.34522222222222226,0.35336296296296293,0.4479866666666667,0.44479555555555556,0.44591111111111104,0.4392822222222222,0.44081111111111115,0.4285555555555556,0.4281555555555555,0.4271977777777777,0.4315377777777778,0.4482155555555556,0.45150444444444443,0.4484688888888888,0.44846222222222226,0.4509844444444445,0.4698244444444445,0.42736,0.4352377777777778,0.4332977777777778,0.4351911111111111,0.4408377777777778,0.4224933333333333,0.4205222222222222,0.4277533333333333,0.4350955555555555,0.4348577777777778,0.43232888888888893,0.4364577777777778,0.42055555555555557,0.42882444444444445,0.43095999999999995,0.39042936507936515,0.3854230158730159,0.3840126984126984,0.3878079365079365,0.39314841269841266,0.3869103174603175,0.38110555555555553,0.38230158730158736,0.38520634920634916,0.3864674603174604,0.38724920634920634,0.3893706349206349,0.39039682539682546,0.3879952380952381,0.3946095238095238,0.4170537037037037,0.4067148148148149,0.39832962962962964,0.39839074074074077,0.3933166666666667,0.4121888888888889,0.40423518518518525,0.40042777777777777,0.4043574074074074,0.41122592592592594,0.40982592592592587,0.4172222222222222,0.40920555555555554,0.41123148148148153,0.4221944444444444,0.30291640211640203,0.30396137566137565,0.30678306878306877,0.3094169312169312,0.3086835978835979,0.3034301587301587,0.30773227513227513,0.308520634920635,0.3077460317460318,0.31095820105820104,0.31063174603174604,0.3093333333333334,0.3064010582010582,0.3073624338624338,0.31181798941798944,Male,7,5-7,Elementary,C,C,R16C15b07_info1_250Hz_gu2_AEP.conn
R16C23B5,R16C23b5_info1_250Hz_gu1_AEP.conn,gu1,0.2467814814814815,0.23597777777777776,0.2330740740740741,0.24007777777777775,0.25105185185185186,0.2396,0.2396259259259259,0.23398148148148148,0.24918148148148148,0.2263518518518519,0.2178111111111111,0.22602222222222224,0.2660740740740741,0.2524703703703704,0.2417074074074074,0.30359777777777774,0.30516,0.30355111111111105,0.3043488888888889,0.30888444444444446,0.2878088888888889,0.28999555555555556,0.2848377777777778,0.28355777777777774,0.3019933333333334,0.2913488888888889,0.29468,0.3009133333333333,0.2934177777777777,0.29901777777777777,0.2983488888888889,0.29113555555555554,0.2947688888888889,0.29886,0.3033844444444444,0.2987133333333333,0.2991911111111111,0.2939888888888889,0.2960844444444445,0.2842222222222222,0.28854888888888885,0.2889266666666667,0.2929022222222223,0.28282666666666667,0.2835577777777778,0.3361269841269841,0.33392380952380946,0.33287698412698413,0.33002936507936503,0.3258849206349207,0.3272619047619048,0.3300246031746032,0.32706587301587303,0.3290460317460317,0.33172857142857143,0.32925,0.3272825396825397,0.3407873015873016,0.3424738095238095,0.3458238095238095,0.37448333333333333,0.36830370370370363,0.366025925925926,0.3718407407407407,0.3760944444444445,0.3605388888888889,0.36485740740740735,0.3673333333333333,0.3718907407407408,0.3563444444444445,0.35535185185185186,0.3614611111111112,0.35450185185185185,0.35407777777777777,0.35400370370370376,0.3081,0.30949100529100526,0.3114566137566138,0.3167984126984128,0.31795026455026454,0.3166343915343915,0.3129746031746031,0.3117492063492063,0.3132978835978835,0.30360370370370376,0.3072343915343915,0.30971746031746034,0.31625238095238095,0.3152597883597884,0.3083582010582011,Male,5,5-7,Elementary,C,C,R16C23b5_info1_250Hz_gu2_AEP.conn
R16C31B07,R16C31b07_info1_250Hz_gu1_AEP.conn,gu1,0.23709629629629628,0.22913333333333333,0.22786666666666666,0.23270370370370372,0.23573703703703705,0.22644814814814815,0.2306074074074074,0.24033333333333332,0.2481777777777778,0.22882222222222223,0.2288666666666667,0.23412592592592593,0.26550370370370363,0.2705592592592593,0.26662592592592593,0.3257377777777778,0.32944,0.33200666666666667,0.33336888888888894,0.33779333333333333,0.3324222222222222,0.3332977777777778,0.34556000000000003,0.34866888888888886,0.33520000000000005,0.34219111111111106,0.3482977777777777,0.35694444444444445,0.3656933333333333,0.36363555555555555,0.3482511111111112,0.35044000000000003,0.3517733333333334,0.3511111111111111,0.35288222222222226,0.3357911111111111,0.3375977777777778,0.3462577777777778,0.35626444444444444,0.34255555555555556,0.34600000000000003,0.3507177777777778,0.33778888888888886,0.34188222222222225,0.34944222222222227,0.3105698412698413,0.31208571428571436,0.31620238095238096,0.31872698412698414,0.31855317460317456,0.3227261904761905,0.31662142857142855,0.3170150793650794,0.31704920634920636,0.3151301587301587,0.3211357142857142,0.3289047619047619,0.3328611111111111,0.33408253968253965,0.3390714285714286,0.3120648148148148,0.3200611111111111,0.3280259259259259,0.33370000000000005,0.33392777777777777,0.31045185185185187,0.30968518518518523,0.31346481481481475,0.3179796296296296,0.3152833333333333,0.3230944444444444,0.32729444444444444,0.3067962962962963,0.31114629629629625,0.31749074074074074,0.25557724867724874,0.25492169312169316,0.2557338624338624,0.2495354497354497,0.2501767195767196,0.2552058201058201,0.25532910052910057,0.25992010582010583,0.2635708994708995,0.2588772486772487,0.25868306878306885,0.2547925925925926,0.2621343915343915,0.2658465608465609,0.26124973544973545,Male,7,5-7,Elementary,C,C,R16C31b07_info1_250Hz_gu2_AEP.conn
M01Y09CB,M01y09cb_info1_250Hz_gu1_AEP.conn,gu1,0.3336407407407407,0.3395037037037037,0.3420888888888889,0.3174814814814815,0.3069259259259259,0.33297037037037036,0.35074444444444436,0.33742222222222223,0.33623333333333333,0.33912962962962956,0.3399074074074074,0.31904444444444446,0.3741074074074074,0.36691111111111113,0.3502444444444444,0.40681333333333336,0.4125377777777778,0.40124666666666664,0.3852444444444445,0.38343333333333335,0.38024,0.37957777777777774,0.3830111111111111,0.38811777777777773,0.42218222222222224,0.4090155555555556,0.3894933333333333,0.4069466666666667,0.4096955555555556,0.4186866666666667,0.39910000000000007,0.3960288888888889,0.39351777777777774,0.3878933333333333,0.38129777777777785,0.36709111111111115,0.36600444444444447,0.36503555555555556,0.36208666666666667,0.39832222222222224,0.3925600000000001,0.3902511111111111,0.35983333333333334,0.36682888888888887,0.3944488888888889,0.39041031746031746,0.3896579365079365,0.394368253968254,0.3955253968253968,0.3904920634920634,0.4054325396825397,0.4025571428571429,0.4042896825396825,0.403652380952381,0.39615873015873015,0.4021222222222222,0.40535873015873014,0.41244841269841276,0.41381190476190477,0.4173111111111111,0.40849814814814817,0.4086925925925926,0.4164851851851852,0.4216462962962963,0.42379259259259255,0.42108703703703715,0.425824074074074,0.42482592592592594,0.4162537037037037,0.41160555555555556,0.4140925925925926,0.4164240740740741,0.4180185185185185,0.42079074074074074,0.40425925925925926,0.32336084656084657,0.32515661375661375,0.3294111111111112,0.3289518518518518,0.32582275132275135,0.3261047619047619,0.32698518518518516,0.32563650793650795,0.3243084656084656,0.33029523809523803,0.33363333333333334,0.3309026455026455,0.3263121693121693,0.32474444444444445,0.32746825396825396,Female,9,8-12,Elementary,C,C,M01y09cb_info1_250Hz_gu2_AEP.conn
R16C24B7,R16C24b7_info1_250Hz_gu1_AEP.conn,gu1,0.2432777777777778,0.23045555555555555,0.2315148148148148,0.240537037037037,0.23843333333333336,0.2667555555555556,0.2728740740740741,0.28155925925925923,0.2786481481481482,0.23776296296296293,0.23444074074074073,0.24454074074074073,0.30969259259259263,0.3136962962962963,0.27764814814814814,0.3384177777777778,0.3308577777777778,0.33642000000000005,0.34228444444444445,0.3427488888888889,0.34276666666666666,0.3461488888888889,0.34870888888888885,0.34610444444444444,0.3371311111111111,0.3456088888888889,0.3539644444444444,0.36793555555555557,0.3670288888888889,0.37076222222222216,0.3706933333333333,0.36556222222222223,0.36198444444444444,0.35877333333333333,0.3633044444444445,0.3687111111111111,0.37123555555555554,0.37429777777777773,0.3716044444444444,0.3705,0.3701244444444445,0.3620688888888889,0.37113555555555555,0.3743888888888889,0.3793533333333333,0.29586904761904764,0.2949238095238095,0.29600952380952383,0.297281746031746,0.29583730158730154,0.3078301587301588,0.30441190476190466,0.3055230158730159,0.30055634920634916,0.28897698412698414,0.2920460317460317,0.29691269841269846,0.31393333333333334,0.3143436507936509,0.3079563492063492,0.3219444444444445,0.3173592592592593,0.3187018518518519,0.3220777777777778,0.32737592592592596,0.3291481481481482,0.3246,0.3229055555555556,0.3194240740740741,0.3082907407407407,0.3125814814814814,0.31994814814814815,0.32490925925925923,0.3231351851851852,0.31126666666666664,0.28382169312169314,0.28648042328042334,0.2842513227513228,0.2838428571428572,0.28579682539682544,0.2861444444444444,0.28220052910052906,0.2798328042328042,0.278026455026455,0.282600529100529,0.27972010582010587,0.28156402116402107,0.280789417989418,0.2771587301587302,0.2737476190476191,Male,7,5-7,Elementary,C,C,R16C24b7_info1_250Hz_gu2_AEP.conn
R16C04B13,R16C04b13_info1_250Hz_gu1_AEP.conn,gu1,0.296462962962963,0.3043592592592592,0.30661851851851846,0.2967518518518519,0.28302592592592596,0.31811111111111107,0.31797777777777775,0.31905555555555554,0.3184296296296297,0.3189518518518519,0.3148629629629629,0.30534074074074075,0.35125185185185187,0.3528814814814815,0.3480888888888889,0.37181777777777775,0.3676022222222222,0.3736155555555555,0.38355777777777783,0.38326444444444446,0.37988888888888883,0.38869555555555557,0.39102222222222227,0.3892088888888889,0.3794977777777778,0.3795,0.38616222222222224,0.41201333333333334,0.41156000000000004,0.40079111111111104,0.36712222222222224,0.3637577777777778,0.3640977777777778,0.36967999999999995,0.38140222222222225,0.37230444444444444,0.37786444444444445,0.38026,0.3797400000000001,0.3721555555555555,0.37408222222222226,0.3762155555555556,0.3689088888888889,0.36996666666666667,0.3782977777777778,0.3631325396825397,0.3663404761904761,0.369665873015873,0.3723722222222222,0.37585476190476186,0.3803674603174603,0.3770507936507937,0.3782785714285714,0.37537857142857145,0.36401190476190476,0.36709444444444445,0.37200158730158733,0.3735206349206349,0.3735595238095239,0.37344761904761903,0.40645740740740743,0.3953740740740741,0.393112962962963,0.39215185185185186,0.3893407407407407,0.4039537037037037,0.3977351851851852,0.3905185185185185,0.3934814814814815,0.39652407407407403,0.39234444444444444,0.3919574074074074,0.39453333333333335,0.38764444444444446,0.3925185185185185,0.28882486772486776,0.29120476190476186,0.29218730158730155,0.29620793650793653,0.2980899470899472,0.2904867724867725,0.2948439153439154,0.29736084656084655,0.2967079365079365,0.2914936507936508,0.2933010582010583,0.2946539682539682,0.3016068783068783,0.30243650793650784,0.2997455026455027,Male,13,Teen,Secondary,C,C,R16C04b13_info1_250Hz_gu2_AEP.conn
R16C22G10,R16C22g10_info1_250Hz_gu1_AEP.conn,gu1,0.27346296296296296,0.2708703703703704,0.2690296296296297,0.27349259259259256,0.2727555555555556,0.2671481481481482,0.26867407407407407,0.2677407407407408,0.2721222222222222,0.25679259259259263,0.2529074074074074,0.26016296296296293,0.30106666666666665,0.3028074074074074,0.30165185185185184,0.3671911111111111,0.36682,0.3677444444444445,0.36920000000000003,0.37362,0.36705333333333334,0.36699777777777776,0.3607044444444445,0.35864666666666667,0.35136,0.35305333333333333,0.35762,0.3777244444444444,0.37198222222222227,0.3664111111111111,0.3403933333333333,0.32656666666666667,0.33681111111111106,0.34929333333333334,0.35368,0.33945555555555557,0.34383555555555556,0.34605111111111114,0.34145111111111115,0.32706666666666667,0.33770222222222224,0.3467177777777778,0.34158888888888883,0.34505555555555556,0.35781111111111114,0.36232301587301585,0.3651626984126984,0.36783730158730166,0.37189523809523806,0.37316984126984126,0.36317222222222234,0.3563880952380952,0.3555039682539683,0.35757619047619055,0.369263492063492,0.3735,0.37616031746031753,0.36972857142857146,0.3719095238095238,0.3808420634920635,0.38643888888888894,0.3826351851851852,0.38230370370370376,0.38735370370370364,0.3857148148148148,0.37122962962962963,0.3726907407407407,0.37958333333333333,0.38174444444444444,0.38635185185185184,0.3882092592592592,0.38956851851851854,0.3563851851851852,0.3670722222222222,0.3847148148148148,0.26052063492063493,0.2586846560846561,0.2570804232804233,0.2580825396825397,0.25813703703703705,0.25850264550264546,0.25879047619047624,0.25903809523809523,0.2608904761904761,0.2565756613756614,0.256089417989418,0.2600042328042328,0.2721962962962963,0.2695925925925926,0.26365925925925926,Female,10,8-12,Elementary,C,C,R16C22g10_info1_250Hz_gu2_AEP.conn
R16C26F10,R16C26f10_info1_250Hz_gu1_AEP.conn,gu1,0.2977148148148148,0.28966296296296296,0.2867148148148148,0.30003703703703705,0.30963333333333326,0.29794814814814813,0.2963296296296296,0.3050481481481481,0.3069703703703704,0.29751481481481484,0.2906259259259259,0.3002962962962963,0.3312555555555556,0.3400296296296296,0.3320925925925926,0.33958888888888883,0.3334844444444444,0.32836222222222217,0.32677111111111107,0.3261488888888889,0.33028,0.3361533333333333,0.3443377777777778,0.35459777777777773,0.33822222222222226,0.33669999999999994,0.33212,0.36319777777777784,0.3683533333333333,0.3646288888888889,0.3104066666666666,0.29998444444444444,0.29576,0.2947622222222222,0.2958577777777777,0.3028888888888889,0.2976377777777778,0.3016755555555556,0.30599333333333334,0.2876244444444444,0.28875111111111107,0.2910355555555556,0.2987422222222222,0.29985999999999996,0.28765777777777773,0.33094682539682546,0.32782857142857136,0.32833571428571423,0.33199841269841274,0.3368714285714286,0.33717063492063487,0.34157222222222217,0.34308571428571427,0.33832460317460317,0.3320920634920635,0.32982539682539674,0.33421190476190477,0.3604563492063492,0.36272539682539684,0.3466896825396825,0.35202777777777783,0.3529462962962963,0.36271481481481477,0.3703481481481481,0.37590000000000007,0.3652259259259259,0.3623833333333333,0.35897962962962965,0.3630759259259259,0.3552962962962963,0.36291481481481475,0.3635240740740741,0.371337037037037,0.3674037037037037,0.3572518518518519,0.2853253968253968,0.29019894179894173,0.2910814814814815,0.28631746031746036,0.2849560846560847,0.2776910052910053,0.27671481481481475,0.2797978835978836,0.2813746031746032,0.29394444444444445,0.29161058201058193,0.28593174603174604,0.28506878306878314,0.28471587301587303,0.2883391534391534,Female,10,8-12,Elementary,C,C,R16C26f10_info1_250Hz_gu2_AEP.conn
R16C09B08,R16C09b08_info1_250Hz_gu1_AEP.conn,gu1,0.27312962962962967,0.27190000000000003,0.27565555555555554,0.2936814814814815,0.31560370370370366,0.3154851851851852,0.31016666666666665,0.2982888888888889,0.29532592592592594,0.28342222222222224,0.2786518518518519,0.2936925925925926,0.33908888888888883,0.32858518518518515,0.3130407407407407,0.3294266666666667,0.32726222222222223,0.33437111111111106,0.33945333333333333,0.34380888888888894,0.34277555555555556,0.3371777777777777,0.32894,0.3298733333333333,0.33186444444444446,0.33784,0.34163999999999994,0.34669555555555553,0.34856,0.35937555555555556,0.3283333333333334,0.3273911111111111,0.3230955555555556,0.32944666666666667,0.31516888888888894,0.3413311111111111,0.34588888888888886,0.35183333333333333,0.34883555555555557,0.3295266666666667,0.3265311111111111,0.33267111111111114,0.3513,0.3527044444444445,0.32895555555555556,0.3622293650793651,0.36404444444444445,0.3703166666666667,0.3701904761904763,0.36658888888888885,0.35598730158730163,0.3613579365079364,0.36139841269841266,0.358920634920635,0.3653349206349206,0.36768571428571434,0.3658484126984127,0.37060396825396824,0.3682928571428571,0.36323174603174607,0.3894666666666667,0.3869351851851852,0.38353333333333334,0.38365000000000005,0.37751851851851853,0.38367407407407406,0.38615185185185186,0.38513703703703706,0.38428518518518523,0.3897018518518518,0.3868833333333334,0.38826481481481484,0.3884851851851852,0.39121481481481474,0.3909537037037037,0.3067809523809524,0.309131746031746,0.3101439153439154,0.30272328042328045,0.30122380952380956,0.30426878306878313,0.2997507936507936,0.2980492063492064,0.2974751322751323,0.30851216931216935,0.31197407407407407,0.307195238095238,0.3040978835978836,0.3018878306878306,0.31604973544973536,Male,8,8-12,Elementary,C,C,R16C09b08_info1_250Hz_gu2_AEP.conn
R16MME07GU_F10,R16mme07gu_f10_info1_250Hz_gu1_AEP.conn,gu1,0.2679481481481481,0.28144814814814817,0.286362962962963,0.2858037037037037,0.28578518518518514,0.2793185185185185,0.2805962962962963,0.29836666666666667,0.3022592592592593,0.28614814814814815,0.2831740740740741,0.27721481481481475,0.3141740740740741,0.3221296296296296,0.2993777777777778,0.3455911111111111,0.35594888888888887,0.3582911111111111,0.3643599999999999,0.3631333333333333,0.33136444444444446,0.3339622222222222,0.34627555555555556,0.35560444444444445,0.35131555555555555,0.35139333333333334,0.35502222222222224,0.3514888888888889,0.36513111111111113,0.3554488888888889,0.33070222222222223,0.3286733333333333,0.3309266666666667,0.34269555555555553,0.34586666666666666,0.31673777777777773,0.3185088888888889,0.32702888888888887,0.33524,0.33992666666666665,0.3357222222222222,0.3454155555555556,0.34792222222222224,0.35714222222222225,0.34909111111111113,0.3615150793650793,0.3621730158730159,0.3591468253968254,0.3538563492063492,0.35362142857142853,0.35787460317460323,0.35773412698412704,0.36236428571428564,0.3684722222222222,0.36616825396825403,0.36358730158730157,0.3628261904761905,0.3812007936507937,0.38281269841269844,0.38309206349206343,0.34281851851851847,0.3487351851851852,0.3563592592592592,0.3608018518518519,0.36074999999999996,0.36385740740740746,0.35665555555555556,0.35419074074074075,0.3498851851851852,0.34656481481481477,0.3533685185185185,0.3525777777777778,0.3651759259259259,0.3616462962962963,0.3531851851851852,0.3145873015873016,0.31497460317460313,0.3131751322751323,0.31461587301587296,0.3143825396825397,0.30432962962962967,0.30712486772486775,0.3085984126984127,0.3100195767195767,0.31526402116402114,0.31049206349206343,0.30972645502645507,0.30444232804232807,0.30578042328042326,0.307410582010582,Female,10,8-12,Elementary,C,C,R16mme07gu_f10_info1_250Hz_gu2_AEP.conn
R16C30M7,R16C30m7_info1_250Hz_gu1_AEP.conn,gu1,0.2588296296296297,0.25765925925925925,0.24453333333333335,0.24425925925925926,0.2593333333333333,0.2665814814814815,0.2687592592592592,0.2724111111111111,0.27770000000000006,0.24403703703703705,0.2377,0.2369962962962963,0.2954962962962963,0.3027222222222222,0.2737925925925926,0.31089333333333335,0.3063577777777778,0.2997711111111111,0.30047999999999997,0.29988888888888887,0.3136422222222222,0.3017977777777778,0.30791111111111114,0.31962444444444443,0.3040355555555555,0.29674888888888884,0.2947622222222222,0.3221777777777778,0.32550222222222225,0.3207955555555556,0.30935777777777773,0.31325777777777775,0.3244155555555555,0.32019333333333333,0.30558222222222226,0.2898422222222222,0.29421555555555556,0.30363111111111113,0.30823111111111107,0.3006822222222222,0.3134222222222222,0.3141777777777778,0.27956222222222227,0.29369999999999996,0.3051111111111111,0.3194396825396826,0.3224904761904762,0.3229357142857143,0.3189579365079365,0.317215873015873,0.3229428571428571,0.3233428571428571,0.3226880952380952,0.32129841269841275,0.3297880952380952,0.3332809523809524,0.3267293650793651,0.3348071428571428,0.336179365079365,0.34553492063492064,0.349,0.3450074074074074,0.3479425925925926,0.351087037037037,0.3511851851851852,0.3544092592592593,0.3492648148148148,0.35004444444444444,0.3562814814814815,0.34494259259259263,0.3438185185185185,0.3466722222222222,0.3429703703703703,0.3439185185185185,0.34212592592592594,0.3171063492063492,0.31575291005291006,0.31559629629629626,0.31600052910052906,0.313242328042328,0.31934603174603177,0.31738042328042326,0.3133417989417989,0.31283597883597875,0.3181571428571428,0.3180936507936508,0.32083492063492064,0.31877830687830694,0.31625767195767196,0.31851111111111113,Male,7,5-7,Elementary,C,C,R16C30m7_info1_250Hz_gu2_AEP.conn
R16C12G7,R16C12g7_info1_250Hz_gu1_AEP.conn,gu1,0.19713333333333335,0.2055740740740741,0.2099074074074074,0.20323703703703702,0.18182962962962965,0.23097407407407408,0.23299999999999998,0.2255074074074074,0.2305962962962963,0.21367037037037037,0.21844814814814817,0.21146296296296296,0.26317037037037033,0.26166666666666666,0.26451851851851854,0.32328888888888885,0.3301955555555556,0.32622,0.32202000000000003,0.30725777777777774,0.3226422222222223,0.31838444444444447,0.30415111111111115,0.30453111111111114,0.3371244444444445,0.3348422222222222,0.32806444444444444,0.3426355555555555,0.33206,0.35273111111111105,0.2616044444444444,0.27292666666666665,0.28585777777777777,0.2942022222222222,0.28941333333333336,0.27915999999999996,0.2735488888888889,0.2688244444444444,0.2670511111111111,0.27164222222222223,0.2854311111111111,0.2896288888888888,0.28054888888888885,0.27558000000000005,0.2753555555555556,0.2398896825396825,0.242286507936508,0.2489309523809524,0.2520761904761905,0.25293888888888894,0.24453412698412702,0.2439952380952381,0.24993809523809524,0.24789523809523814,0.2468087301587302,0.24672222222222223,0.24782539682539678,0.25503253968253964,0.26170714285714286,0.255081746031746,0.3383648148148148,0.34228888888888886,0.3336981481481482,0.33033703703703704,0.32734629629629636,0.33768703703703706,0.33509814814814814,0.33799814814814816,0.3357203703703704,0.34040740740740744,0.3312259259259259,0.32534814814814816,0.32541666666666663,0.3304462962962963,0.3225537037037037,0.23130052910052912,0.22859470899470896,0.2242936507936508,0.22641005291005295,0.22918465608465605,0.2292994708994709,0.22562645502645498,0.22161957671957677,0.2216873015873016,0.22533650793650792,0.21871058201058202,0.22068835978835977,0.22933492063492059,0.2253518518518519,0.21964074074074072,Female,7,5-7,Elementary,C,C,R16C12g7_info1_250Hz_gu2_AEP.conn
R16C08G09,R16C08g09_info1_250Hz_gu1_AEP.conn,gu1,0.25350740740740735,0.2670222222222222,0.2696111111111111,0.26435925925925924,0.24882592592592592,0.275862962962963,0.26619629629629626,0.26337407407407404,0.25210740740740745,0.27108518518518515,0.2590296296296296,0.2472074074074074,0.30185185185185187,0.30812962962962964,0.2767148148148148,0.3889533333333333,0.4001377777777778,0.39746000000000004,0.3981088888888889,0.40086666666666665,0.41086222222222224,0.4107266666666667,0.4188244444444445,0.40996444444444446,0.41093111111111114,0.40932222222222225,0.4065777777777778,0.4328155555555556,0.4357111111111111,0.4377288888888889,0.3660111111111111,0.36868,0.36942888888888886,0.3741333333333333,0.37648666666666664,0.36143777777777775,0.35523333333333335,0.36162444444444447,0.37273999999999996,0.3696155555555556,0.3740377777777778,0.3801222222222222,0.35113999999999995,0.35369555555555554,0.38024,0.3899730158730158,0.3950015873015872,0.39493888888888884,0.39775952380952384,0.40031428571428573,0.38089523809523806,0.38285952380952387,0.386297619047619,0.39650476190476186,0.39868174603174605,0.39522539682539687,0.39522698412698415,0.3960968253968254,0.3996476190476191,0.40080793650793645,0.4019833333333333,0.3995388888888889,0.4008407407407408,0.401012962962963,0.39363333333333334,0.4083148148148148,0.3947,0.38351851851851854,0.3877296296296297,0.40792592592592597,0.40512037037037035,0.40058333333333335,0.38691666666666674,0.3829537037037037,0.4127055555555556,0.28522910052910055,0.2869465608465609,0.28770211640211635,0.28698148148148145,0.28600317460317465,0.2935460317460318,0.2946539682539683,0.29293492063492066,0.28747195767195766,0.28709153439153445,0.2818047619047619,0.2781566137566139,0.29448835978835985,0.2918677248677249,0.28462063492063494,Female,9,8-12,Elementary,C,C,R16C08g09_info1_250Hz_gu2_AEP.conn
R16M04G10,R16M04g10_info1_250Hz_gu1_AEP.conn,gu1,0.404437037037037,0.39628148148148146,0.39495185185185183,0.39573333333333327,0.3862777777777778,0.3916703703703704,0.3977407407407408,0.4037851851851852,0.4088148148148148,0.40506296296296296,0.4036666666666666,0.40417037037037035,0.42989259259259266,0.43358518518518513,0.4369481481481481,0.39292666666666676,0.39198,0.39362444444444444,0.3927333333333334,0.39746444444444445,0.3932355555555555,0.38466666666666666,0.38678222222222225,0.3906422222222222,0.3842888888888889,0.3814088888888889,0.38143111111111117,0.4074355555555556,0.41293555555555556,0.4012488888888889,0.3535622222222222,0.36147111111111113,0.3673222222222222,0.3712088888888889,0.3613688888888889,0.3538688888888889,0.34676,0.3454288888888889,0.3410377777777778,0.33755555555555555,0.3432044444444445,0.3545111111111111,0.3312555555555555,0.32947333333333334,0.32932,0.37695952380952374,0.3768253968253968,0.3786269841269841,0.37782460317460315,0.37903650793650795,0.3807507936507936,0.38080714285714284,0.377381746031746,0.37888253968253965,0.3753801587301587,0.3748428571428571,0.3719936507936508,0.39421428571428574,0.39303492063492057,0.38623412698412707,0.40029999999999993,0.3991777777777778,0.3999648148148148,0.4013740740740741,0.40654259259259257,0.39875185185185186,0.40140740740740743,0.4058111111111111,0.4101759259259259,0.4074222222222222,0.409375925925926,0.41101111111111105,0.4083074074074074,0.4119481481481482,0.41569814814814815,0.3897555555555555,0.39301216931216937,0.3904121693121693,0.39262751322751316,0.3941962962962963,0.3844608465608465,0.3881656084656084,0.39156137566137567,0.393674074074074,0.39856031746031756,0.39311798941798937,0.39478465608465607,0.38513280423280427,0.3850481481481482,0.39150846560846564,Female,10,8-12,Elementary,C,C,R16M04g10_info1_250Hz_gu2_AEP.conn
R16C11B09,R16C11b09_info1_250Hz_gu1_AEP.conn,gu1,0.3902333333333334,0.39484074074074077,0.41446296296296287,0.4162814814814814,0.39532962962962964,0.40716296296296295,0.4081222222222222,0.4040666666666666,0.40280740740740745,0.4049037037037037,0.41652222222222224,0.41754814814814817,0.4421740740740741,0.44009629629629626,0.44535555555555556,0.4125933333333333,0.42248666666666673,0.4288911111111111,0.42790888888888884,0.4212311111111111,0.4076666666666666,0.4124933333333334,0.42051333333333335,0.42892222222222215,0.43594,0.4393733333333333,0.43760222222222217,0.43464,0.4431688888888889,0.45086666666666664,0.37035333333333337,0.37717555555555554,0.38386444444444445,0.38899333333333336,0.39380000000000004,0.39254222222222224,0.3975577777777778,0.40767555555555557,0.41752,0.37659777777777775,0.37801999999999997,0.38096,0.3976333333333333,0.4051822222222222,0.36161777777777776,0.4118992063492063,0.4117388888888889,0.4097158730158731,0.40459444444444437,0.4065500000000001,0.4207174603174604,0.4233706349206349,0.4255873015873016,0.422834126984127,0.41425238095238104,0.4150166666666667,0.4027555555555556,0.42604523809523803,0.4263531746031747,0.418813492063492,0.4722888888888888,0.47531296296296294,0.47156296296296296,0.46990185185185185,0.4759166666666666,0.47445185185185185,0.4780907407407407,0.4839444444444445,0.48685555555555554,0.47902962962962964,0.4766222222222222,0.4753962962962963,0.4685185185185185,0.4751814814814814,0.482112962962963,0.37362222222222224,0.3707391534391534,0.36973915343915353,0.37168042328042333,0.3762857142857142,0.37595291005291004,0.37992380952380955,0.3774899470899471,0.37756984126984133,0.37512222222222225,0.37043439153439167,0.3694793650793651,0.38301904761904765,0.3821391534391534,0.3773544973544974,Male,9,8-12,Elementary,C,C,R16C11b09_info1_250Hz_gu2_AEP.conn
R16C38G6,R16C38g6_info1_250Hz_gu1_AEP.conn,gu1,0.25788518518518516,0.26132962962962963,0.2568037037037037,0.2483666666666667,0.2488851851851852,0.24308518518518518,0.2387222222222222,0.2546111111111111,0.2667407407407407,0.2479148148148149,0.2495814814814815,0.2589037037037037,0.27647037037037037,0.2893333333333333,0.2909111111111111,0.27106,0.27790666666666664,0.27944222222222226,0.27396888888888893,0.26767555555555556,0.2781355555555555,0.29157777777777777,0.2956488888888889,0.29881111111111114,0.2754911111111112,0.27641777777777776,0.2752466666666667,0.32440444444444444,0.32635333333333333,0.2976644444444444,0.2777533333333333,0.2834422222222222,0.2821755555555555,0.27942666666666666,0.2852377777777778,0.26551555555555556,0.28095333333333333,0.2937488888888889,0.29662222222222223,0.28369777777777777,0.28484000000000004,0.2790022222222222,0.29632000000000003,0.2982866666666667,0.27850888888888886,0.3033809523809524,0.3015349206349206,0.303784126984127,0.3074626984126984,0.310029365079365,0.30863571428571424,0.3089619047619047,0.3085238095238095,0.307784126984127,0.3086388888888889,0.3076833333333333,0.3138190476190476,0.3321714285714285,0.33157063492063493,0.33441190476190474,0.32366481481481485,0.32520740740740745,0.3245407407407408,0.3189092592592592,0.3145611111111111,0.335712962962963,0.3427685185185185,0.3418407407407407,0.3383907407407407,0.34281851851851847,0.3317703703703703,0.32270925925925925,0.3345666666666667,0.33392037037037037,0.3451037037037037,0.287157671957672,0.28098042328042333,0.274531216931217,0.2710724867724868,0.2710518518518519,0.2775910052910052,0.2860507936507936,0.2948783068783068,0.29501111111111117,0.27895238095238095,0.27514074074074074,0.27365555555555554,0.2924296296296296,0.29335238095238086,0.28296402116402114,Female,6,5-7,Elementary,C,C,R16C38g6_info1_250Hz_gu2_AEP.conn
R16C32B08,R16C32b08_info1_250Hz_gu1_AEP.conn,gu1,0.31292222222222227,0.3098148148148148,0.3065111111111111,0.29435555555555554,0.2749296296296296,0.2816296296296297,0.2816740740740741,0.2850111111111111,0.2946777777777778,0.3039925925925926,0.31242962962962967,0.30861481481481484,0.3262925925925926,0.32465555555555553,0.34048518518518517,0.36192888888888886,0.3643622222222222,0.3716111111111111,0.3745288888888889,0.36870666666666674,0.36195777777777777,0.35637555555555556,0.35333111111111115,0.35538444444444445,0.35013777777777777,0.3630488888888889,0.3737711111111111,0.38917111111111113,0.38761999999999996,0.3836355555555556,0.37176000000000003,0.37596222222222225,0.37675333333333333,0.38029999999999997,0.3710111111111111,0.35888444444444445,0.3644422222222222,0.3712111111111111,0.3708355555555556,0.3768577777777778,0.36339333333333335,0.35868888888888895,0.3702533333333334,0.38271999999999995,0.3772888888888889,0.36885793650793647,0.3614626984126984,0.35822222222222216,0.36059285714285716,0.36096269841269846,0.37358571428571435,0.3780190476190476,0.3764269841269841,0.3713857142857143,0.36646825396825405,0.36040793650793645,0.3661515873015873,0.3911611111111111,0.3864404761904762,0.38469920634920624,0.38440925925925923,0.38837777777777777,0.3915611111111111,0.39455,0.3882777777777778,0.3876592592592593,0.38688703703703703,0.37702037037037034,0.36967037037037037,0.38629814814814817,0.3843611111111111,0.3909962962962963,0.38300370370370374,0.3771592592592592,0.37374629629629635,0.32184761904761905,0.3172365079365079,0.31845026455026454,0.3195719576719577,0.3233507936507936,0.31923439153439154,0.317510582010582,0.3190089947089947,0.31749100529100527,0.31471851851851856,0.3150280423280423,0.3176910052910053,0.3194328042328041,0.31795238095238093,0.32082328042328045,Male,8,8-12,Elementary,C,C,R16C32b08_info1_250Hz_gu2_AEP.conn
R16C27M9,R16C27m9_info1_250Hz_gu1_AEP.conn,gu1,0.19542222222222225,0.20962222222222224,0.2236888888888889,0.23167037037037033,0.22814074074074073,0.2216740740740741,0.21581111111111115,0.21354074074074073,0.21845185185185187,0.20373703703703705,0.22497777777777775,0.2358259259259259,0.2588185185185185,0.2568888888888889,0.2611074074074074,0.3049911111111111,0.30052666666666666,0.3112044444444445,0.3156333333333333,0.3164111111111111,0.3172911111111111,0.31959333333333334,0.3188888888888889,0.31866000000000005,0.30019111111111113,0.3135422222222223,0.3202288888888889,0.34281333333333336,0.3422911111111111,0.34313777777777776,0.3129088888888889,0.30708222222222215,0.2947133333333334,0.28595777777777776,0.2826155555555556,0.2758644444444444,0.27477333333333337,0.27804666666666666,0.28224666666666665,0.3029111111111111,0.2858111111111111,0.2805311111111111,0.27457333333333334,0.2798733333333333,0.29080444444444453,0.33347698412698407,0.3336722222222222,0.33900476190476186,0.33886269841269845,0.33415079365079364,0.332354761904762,0.3348007936507936,0.33699126984126987,0.3420801587301587,0.33373809523809517,0.3386619047619047,0.3388,0.34897142857142854,0.3492968253968254,0.34478968253968256,0.3320425925925926,0.3322685185185186,0.33475370370370366,0.3370518518518519,0.33501296296296296,0.32895,0.33317222222222226,0.3358462962962963,0.3363740740740741,0.3338907407407407,0.3388407407407408,0.3402222222222222,0.3252833333333333,0.3314648148148148,0.3416185185185185,0.24269312169312174,0.2458201058201058,0.24718518518518523,0.24798359788359792,0.24806825396825405,0.2367994708994709,0.23392857142857146,0.23049788359788356,0.230910582010582,0.2473174603174603,0.24917037037037035,0.2491021164021164,0.239878835978836,0.23615449735449742,0.247410582010582,Male,9,8-12,Elementary,C,C,R16C27m9_info1_250Hz_gu2_AEP.conn
R16C14B07,R16C14b07_info1_250Hz_gu1_AEP.conn,gu1,0.33719999999999994,0.33771111111111113,0.3527703703703704,0.3567185185185185,0.34754814814814816,0.31526296296296297,0.31516666666666665,0.3215,0.3279592592592593,0.34420370370370373,0.36064074074074076,0.3551814814814815,0.3436592592592593,0.3439666666666667,0.37895555555555555,0.37058888888888886,0.3867022222222223,0.39536888888888894,0.39330444444444446,0.39028888888888885,0.3745488888888889,0.36605777777777776,0.36121555555555557,0.36811111111111117,0.3999133333333333,0.40723111111111115,0.40056888888888886,0.3961,0.3911177777777778,0.42967555555555553,0.36910666666666664,0.38024222222222226,0.3860444444444444,0.3907155555555556,0.38825777777777776,0.3587444444444444,0.3567911111111111,0.3637888888888889,0.37418444444444443,0.3868177777777777,0.3963688888888889,0.3975822222222222,0.36945333333333336,0.3726555555555556,0.4111488888888889,0.425584126984127,0.42829761904761915,0.42996587301587297,0.4319484126984126,0.42438015873015883,0.43533412698412705,0.436402380952381,0.4350547619047619,0.43788253968253965,0.42734761904761903,0.42651349206349204,0.4251603174603175,0.4377650793650793,0.437297619047619,0.4267730158730158,0.3798870370370371,0.38006296296296305,0.3811166666666667,0.37715925925925925,0.3814648148148148,0.3956648148148149,0.39340555555555556,0.3903074074074074,0.38294629629629634,0.38231481481481483,0.38158518518518525,0.3799166666666667,0.39549814814814815,0.39316666666666666,0.3888296296296296,0.3246338624338625,0.3256481481481481,0.32834920634920645,0.3282687830687831,0.33005608465608466,0.3254761904761905,0.3270994708994709,0.3231116402116403,0.3211137566137565,0.3242798941798942,0.3273677248677249,0.3249846560846561,0.32376719576719576,0.32054550264550263,0.32744285714285715,Male,7,5-7,Elementary,C,C,R16C14b07_info1_250Hz_gu2_AEP.conn
R16C21G7,R16C21g7_info1_250Hz_gu1_AEP.conn,gu1,0.2815925925925926,0.2892814814814814,0.2906037037037037,0.28573333333333334,0.2813222222222222,0.2936888888888889,0.29616296296296296,0.3017851851851852,0.28343333333333337,0.29077037037037035,0.2854962962962963,0.2793555555555555,0.3276925925925926,0.32998518518518516,0.32068888888888886,0.35315555555555556,0.3500822222222222,0.3473355555555555,0.3520266666666667,0.3529666666666667,0.36901111111111107,0.37275777777777785,0.3718,0.3621466666666667,0.35632,0.34501777777777776,0.3365888888888889,0.3807977777777778,0.38429333333333326,0.36737111111111115,0.3014622222222222,0.3193755555555556,0.32421555555555553,0.3237711111111111,0.3272844444444445,0.31924444444444444,0.31805333333333335,0.30998888888888887,0.30567777777777777,0.3077111111111111,0.31288222222222223,0.3122155555555556,0.3237866666666666,0.32042000000000004,0.30698888888888887,0.32790317460317464,0.32682539682539685,0.3226833333333334,0.32196666666666657,0.32998333333333335,0.339165873015873,0.32982539682539685,0.3189404761904763,0.31484841269841274,0.33268730158730164,0.3298785714285714,0.3284865079365079,0.3452690476190476,0.33825317460317456,0.349265873015873,0.3896944444444444,0.3862796296296296,0.38912962962962966,0.38894629629629635,0.39785185185185173,0.39441666666666664,0.3893037037037037,0.39665185185185187,0.4033851851851851,0.39620555555555553,0.3871185185185185,0.38339814814814815,0.37660555555555564,0.3827037037037037,0.39402592592592595,0.28025661375661376,0.2764994708994709,0.2723132275132275,0.2741746031746032,0.28031164021164023,0.29422486772486783,0.2998026455026455,0.3093391534391535,0.3069301587301587,0.27006560846560845,0.26853650793650796,0.2720343915343915,0.3006455026455026,0.3083973544973545,0.2744730158730159,Female,7,5-7,Elementary,C,C,R16C21g7_info1_250Hz_gu2_AEP.conn
R16ME08_F10,R16me08_f10_info1_250Hz_gu1_AEP.conn,gu1,0.3860666666666667,0.39027407407407405,0.3922666666666667,0.4115851851851852,0.4323888888888889,0.40538888888888885,0.3997296296296297,0.39557777777777775,0.3877148148148148,0.3988,0.39949259259259257,0.42186666666666667,0.4459740740740741,0.43378888888888884,0.41158888888888884,0.4227222222222222,0.41955333333333333,0.4171444444444445,0.42215555555555556,0.42106666666666664,0.4224288888888889,0.4227911111111111,0.42356222222222223,0.41380222222222224,0.4245511111111111,0.41807333333333335,0.4241422222222222,0.4391755555555556,0.44140666666666667,0.4303,0.3978822222222223,0.3961,0.39876888888888884,0.3987533333333333,0.39650444444444444,0.37764444444444445,0.3817911111111111,0.39246,0.39990444444444445,0.38880666666666663,0.3943199999999999,0.3924444444444444,0.37932444444444446,0.3865577777777777,0.3925911111111111,0.4038380952380954,0.3990095238095238,0.394426984126984,0.3945150793650794,0.39878968253968256,0.3895039682539682,0.3877571428571428,0.39386825396825387,0.3951468253968254,0.40422380952380943,0.3986642857142857,0.39557698412698405,0.4000079365079365,0.4043103174603175,0.40951825396825386,0.430112962962963,0.42920370370370375,0.4263462962962963,0.4261814814814815,0.42574074074074075,0.4439666666666667,0.4420833333333334,0.4417277777777778,0.4388462962962964,0.42351481481481484,0.4302518518518519,0.43932037037037036,0.43984814814814815,0.43778148148148155,0.4338962962962963,0.3645253968253968,0.36763809523809526,0.3705428571428572,0.369905291005291,0.37135291005291,0.3724058201058202,0.37356560846560855,0.37629682539682535,0.3752010582010582,0.3737978835978837,0.3721322751322751,0.3697417989417989,0.3755306878306878,0.37778359788359794,0.37610582010582017,Female,10,8-12,Elementary,C,C,R16me08_f10_info1_250Hz_gu2_AEP.conn
R16C16B07,R16C16b07_info1_250Hz_gu1_AEP.conn,gu1,0.27042962962962963,0.26344814814814815,0.25636296296296296,0.2401148148148148,0.2353962962962963,0.22393333333333335,0.21861481481481482,0.2268148148148148,0.22682222222222226,0.26575185185185185,0.2497851851851852,0.2333888888888889,0.2446777777777777,0.2513,0.2796518518518518,0.30888444444444446,0.30873333333333336,0.30957333333333337,0.30385777777777784,0.3022288888888889,0.2938755555555556,0.3047511111111111,0.3049711111111111,0.3061377777777778,0.32318888888888886,0.3115,0.3013377777777778,0.33001555555555556,0.3333488888888889,0.3287333333333334,0.29096444444444447,0.3030511111111111,0.31451111111111113,0.30767333333333335,0.29690222222222223,0.29813555555555554,0.29984,0.2898133333333333,0.28954444444444444,0.31519555555555556,0.3220688888888889,0.3179355555555555,0.2905577777777778,0.2803644444444444,0.32338888888888884,0.31631507936507935,0.32304682539682533,0.32759603174603175,0.32950952380952386,0.3278571428571429,0.3198714285714286,0.321786507936508,0.31899603174603175,0.3123619047619048,0.33385793650793644,0.34209365079365084,0.3452333333333333,0.3312492063492063,0.3297944444444445,0.3659420634920635,0.3232462962962963,0.33076666666666665,0.3398611111111111,0.3443574074074074,0.3420814814814815,0.30839074074074074,0.3156962962962963,0.32482592592592596,0.31908148148148147,0.34112777777777775,0.3487462962962962,0.34815555555555555,0.3277962962962963,0.33814814814814814,0.3457981481481481,0.2649608465608465,0.26197671957671953,0.26482751322751324,0.2640031746031746,0.26444338624338626,0.25725714285714285,0.261547619047619,0.2623021164021164,0.259978835978836,0.2692328042328042,0.27131269841269845,0.268925925925926,0.26638994708994707,0.268620634920635,0.27840052910052904,Male,7,5-7,Elementary,C,C,R16C16b07_info1_250Hz_gu2_AEP.conn
R16C29F9,R16C29f9_info1_250Hz_gu1_AEP.conn,gu1,0.2378111111111111,0.24903703703703706,0.2523666666666667,0.25443333333333334,0.26647777777777776,0.22232592592592593,0.21767037037037038,0.23685925925925924,0.2372777777777778,0.2481925925925926,0.24831111111111112,0.2487703703703704,0.26317407407407406,0.2790296296296297,0.27344444444444443,0.30593111111111104,0.30209111111111114,0.2923866666666667,0.2918555555555555,0.30096666666666666,0.2921377777777778,0.29922666666666664,0.30862222222222224,0.3048377777777778,0.3058511111111112,0.2980088888888889,0.29779555555555554,0.3272511111111111,0.3365844444444444,0.3251911111111111,0.29003111111111113,0.28689333333333333,0.27206,0.2560222222222222,0.24716888888888885,0.2554955555555556,0.26093333333333335,0.25892444444444446,0.2548666666666667,0.27582666666666666,0.2647333333333334,0.2593533333333333,0.26846222222222227,0.2705666666666666,0.26665777777777777,0.2669571428571429,0.2726484126984127,0.2755206349206349,0.2718333333333333,0.27129603174603184,0.2633436507936508,0.2649579365079365,0.26565079365079364,0.2696722222222222,0.2711666666666666,0.2736190476190476,0.27551507936507935,0.2861523809523809,0.2889960317460317,0.28444206349206347,0.3011925925925926,0.3059574074074074,0.30734999999999996,0.3093481481481482,0.30207592592592597,0.28846481481481484,0.2952296296296297,0.30076851851851855,0.3009888888888889,0.2960888888888889,0.29741851851851847,0.2985907407407407,0.2989685185185185,0.30609444444444445,0.2870648148148148,0.2341851851851852,0.233131746031746,0.2319931216931217,0.23128730158730157,0.22982116402116404,0.2257328042328042,0.23192380952380956,0.23123703703703707,0.2298232804232804,0.22813439153439155,0.23215767195767198,0.23439788359788358,0.23515661375661379,0.2370074074074074,0.2345973544973545,Female,9,8-12,Elementary,C,C,R16C29f9_info1_250Hz_gu2_AEP.conn
R16C17B6,R16C17b6_info1_250Hz_gu1_AEP.conn,gu1,0.2779148148148148,0.2892444444444444,0.28852962962962964,0.2904703703703704,0.29482962962962966,0.27235185185185184,0.2852037037037037,0.2891037037037037,0.286462962962963,0.29951481481481484,0.28677037037037034,0.27755555555555556,0.3175222222222222,0.3261407407407408,0.3343851851851852,0.34528888888888887,0.3557177777777778,0.3392733333333333,0.32145333333333337,0.3240688888888889,0.3504688888888889,0.35193111111111114,0.34564666666666666,0.34303555555555554,0.3448933333333333,0.3211111111111111,0.3026355555555555,0.36433111111111105,0.3649711111111111,0.33355777777777773,0.31368,0.3138644444444444,0.30965333333333334,0.30661333333333335,0.31312,0.31335555555555555,0.3246866666666666,0.33112888888888886,0.3218533333333333,0.3046311111111111,0.30453111111111114,0.29247555555555554,0.3099044444444444,0.3178488888888889,0.3042977777777778,0.3167785714285714,0.31233730158730155,0.31783412698412705,0.3121230158730159,0.3173896825396826,0.31024682539682535,0.3254547619047619,0.3235071428571428,0.3193769841269842,0.3204666666666666,0.3226150793650794,0.3112309523809524,0.3266746031746032,0.32656031746031744,0.3326476190476191,0.3710833333333334,0.36809444444444445,0.37777037037037037,0.3808962962962963,0.3755777777777778,0.37750370370370373,0.37948888888888893,0.38157407407407407,0.38499814814814814,0.36305000000000004,0.3721314814814815,0.37574444444444444,0.37790370370370363,0.3771037037037037,0.36582222222222227,0.29196084656084653,0.2931761904761905,0.30318888888888884,0.3049592592592592,0.3032301587301588,0.30438412698412703,0.3058693121693122,0.30650158730158733,0.2993544973544974,0.2953005291005291,0.30348783068783075,0.30657936507936506,0.2975179894179894,0.3042455026455026,0.30056084656084653,Male,6,5-7,Elementary,C,C,R16C17b6_info1_250Hz_gu2_AEP.conn
R16C28M6,R16C28m6_info1_250Hz_gu1_AEP.conn,gu1,0.20467037037037036,0.21507037037037036,0.21462962962962961,0.21419259259259257,0.20818148148148144,0.22258888888888892,0.22573333333333334,0.2206962962962963,0.22658888888888887,0.21295185185185184,0.21646296296296297,0.21824814814814816,0.25506296296296294,0.2543111111111111,0.24285925925925925,0.3211577777777778,0.31594222222222224,0.3127311111111111,0.31153555555555557,0.3104,0.3021911111111111,0.30468,0.3093355555555556,0.3193133333333333,0.3144622222222222,0.3124311111111111,0.31001333333333336,0.33042,0.33018444444444445,0.3341,0.3708488888888889,0.3761688888888889,0.3732377777777778,0.36429999999999996,0.3582955555555556,0.36741999999999997,0.36544,0.36149555555555557,0.36361999999999994,0.3671266666666667,0.36775333333333327,0.3641377777777778,0.37426666666666664,0.3709888888888889,0.37737111111111116,0.36978730158730155,0.3716500000000001,0.37097777777777774,0.372447619047619,0.3733301587301587,0.363934126984127,0.36356507936507937,0.3681833333333334,0.371929365079365,0.3689452380952381,0.3697492063492063,0.3730365079365079,0.37378095238095244,0.3737039682539682,0.37620079365079356,0.36239074074074074,0.35148703703703704,0.3395925925925926,0.33160925925925927,0.32558333333333334,0.3494814814814815,0.3423277777777778,0.34112222222222216,0.35442407407407406,0.35540185185185186,0.35027222222222226,0.34299629629629624,0.35606481481481483,0.3534462962962963,0.36185,0.3067973544973545,0.30603439153439155,0.30508095238095234,0.30678941798941795,0.3058005291005291,0.31103439153439155,0.3065455026455027,0.30475449735449733,0.30378253968253965,0.3076190476190476,0.3069502645502646,0.31085978835978834,0.3109910052910053,0.3123984126984127,0.3087084656084656,Male,6,5-7,Elementary,C,C,R16C28m6_info1_250Hz_gu2_AEP.conn
R16M08B09,R16M08b09_info1_250Hz_gu1_AEP.conn,gu1,0.23324074074074075,0.23824074074074078,0.24656666666666668,0.2443148148148148,0.23879259259259258,0.2414888888888889,0.2492296296296296,0.25301481481481486,0.24369259259259257,0.2363666666666667,0.24476666666666666,0.24436666666666665,0.2818074074074074,0.2825074074074074,0.2677185185185185,0.29602000000000006,0.3008688888888889,0.30856222222222224,0.30799333333333334,0.3051244444444444,0.3126444444444445,0.3205955555555556,0.32596444444444445,0.32513333333333333,0.3039844444444444,0.3140977777777778,0.31860666666666665,0.3354733333333333,0.33662444444444445,0.3382733333333333,0.38300888888888895,0.38354222222222223,0.37856,0.3722844444444444,0.36511333333333335,0.36548,0.3718533333333333,0.37502,0.37261333333333335,0.38435555555555556,0.38385555555555556,0.37990222222222225,0.37027777777777776,0.3745911111111111,0.3818955555555555,0.3748063492063492,0.379513492063492,0.3801087301587302,0.37025952380952376,0.36244920634920635,0.3742825396825397,0.3736095238095238,0.372629365079365,0.3723730158730158,0.37869841269841276,0.37777539682539685,0.3718873015873016,0.38761984126984134,0.3836642857142857,0.38433571428571434,0.35939629629629627,0.3657981481481481,0.37445185185185187,0.37571481481481483,0.37505555555555564,0.37854629629629627,0.37711481481481474,0.3761555555555556,0.373612962962963,0.36997037037037034,0.3769425925925926,0.3751351851851852,0.37780740740740737,0.37244814814814814,0.38198703703703707,0.28646772486772487,0.28683015873015866,0.289452380952381,0.2912724867724868,0.294225925925926,0.29996560846560844,0.3036407407407407,0.2986936507936508,0.2976624338624339,0.29053015873015864,0.29438888888888887,0.2960873015873016,0.3107502645502645,0.30750317460317456,0.29925238095238094,Male,9,8-12,Elementary,C,C,R16M08b09_info1_250Hz_gu2_AEP.conn
R16C36B6,R16C36b6_info1_250Hz_gu1_AEP.conn,gu1,0.28758518518518517,0.28379629629629627,0.27550370370370364,0.2658925925925926,0.26172222222222224,0.2848888888888889,0.2954444444444444,0.29168888888888894,0.28207777777777776,0.28874444444444447,0.2798629629629629,0.27617407407407407,0.3317481481481481,0.32810370370370373,0.30500370370370367,0.3375066666666667,0.33329777777777775,0.35235777777777777,0.36042222222222225,0.3567755555555555,0.3496888888888889,0.3725377777777778,0.36801555555555554,0.3646866666666667,0.3386866666666667,0.3569866666666667,0.36486222222222225,0.3831555555555556,0.3817377777777778,0.3739733333333333,0.33793555555555554,0.3337755555555556,0.34273555555555557,0.35699333333333333,0.35853999999999997,0.35521111111111114,0.36020444444444444,0.3358244444444445,0.3271066666666667,0.3330066666666667,0.3392066666666666,0.3482488888888889,0.3399466666666666,0.3181866666666666,0.3346488888888889,0.2972357142857143,0.29153650793650787,0.29375396825396827,0.301931746031746,0.29817460317460315,0.29918253968253966,0.2986126984126984,0.29484365079365077,0.2873634920634921,0.29215952380952387,0.28775476190476196,0.2957468253968254,0.3043079365079365,0.30484523809523806,0.30219365079365085,0.35227407407407413,0.3497574074074074,0.3484796296296297,0.3471666666666667,0.3526296296296296,0.38915925925925926,0.38284629629629635,0.3710425925925926,0.36679259259259256,0.35853703703703704,0.35083148148148147,0.3488981481481481,0.3784962962962963,0.37150370370370367,0.3613462962962963,0.26461481481481486,0.25612222222222225,0.2511486772486772,0.25503121693121694,0.2601767195767196,0.259221164021164,0.2623989417989418,0.26665449735449737,0.27501746031746027,0.26289259259259257,0.25662433862433864,0.2542613756613757,0.2643957671957672,0.26757460317460324,0.2578116402116402,Male,6,5-7,Elementary,C,C,R16C36b6_info1_250Hz_gu2_AEP.conn
R16C06B16,R16C06b16_info1_250Hz_gu1_AEP.conn,gu1,0.2926259259259259,0.29133333333333333,0.28638888888888897,0.2992222222222222,0.30207777777777783,0.2801888888888889,0.2807296296296296,0.2880814814814815,0.28653703703703703,0.29487407407407407,0.3005222222222222,0.31244444444444447,0.31791851851851854,0.3182,0.3295333333333333,0.3925777777777778,0.4052733333333333,0.4126888888888889,0.4150377777777777,0.4089444444444445,0.41019999999999995,0.42325777777777784,0.42419555555555555,0.4237888888888889,0.40663333333333335,0.4157333333333334,0.4202977777777777,0.4429844444444445,0.44282000000000005,0.43360222222222217,0.4303311111111111,0.44525555555555557,0.4528222222222221,0.44835111111111103,0.4406688888888889,0.44867777777777773,0.4564288888888889,0.45852222222222216,0.4577755555555556,0.43619111111111114,0.4459666666666666,0.44469111111111104,0.44844222222222224,0.4460822222222222,0.4390644444444445,0.3906595238095238,0.3900214285714286,0.38864444444444446,0.3876547619047619,0.3880801587301587,0.38192857142857145,0.3868214285714287,0.38528888888888896,0.37863015873015876,0.38563174603174605,0.38603809523809524,0.3850674603174603,0.39583809523809527,0.3937634920634921,0.391568253968254,0.4406222222222222,0.4380888888888889,0.43449444444444446,0.4245833333333333,0.4204092592592592,0.41995740740740733,0.42186666666666667,0.4213259259259259,0.41916296296296296,0.43648333333333333,0.4372314814814815,0.4321055555555556,0.4249611111111111,0.4265148148148148,0.44067592592592586,0.34804708994708994,0.34774126984126985,0.3479835978835979,0.34738465608465613,0.3472179894179894,0.3409380952380952,0.3405613756613756,0.3436746031746032,0.3452195767195767,0.34384391534391534,0.346320634920635,0.3439481481481482,0.3418555555555556,0.3437920634920634,0.3399984126984127,Male,16,Teen,Secondary,C,C,R16C06b16_info1_250Hz_gu2_AEP(1).conn
R16C35B06,R16C35b06_info1_250Hz_gu1_AEP.conn,gu1,0.29935185185185187,0.3031111111111111,0.3028074074074074,0.29380370370370373,0.2834851851851852,0.29034444444444446,0.2769259259259259,0.2747111111111111,0.2855037037037037,0.30634074074074075,0.29732962962962967,0.28918888888888894,0.30654444444444445,0.3078851851851852,0.32630740740740743,0.3540555555555555,0.3524022222222222,0.35223333333333334,0.3545355555555556,0.34735555555555553,0.3485666666666667,0.3484066666666667,0.345008888888889,0.34576,0.35322444444444445,0.3484866666666667,0.3515266666666667,0.36406888888888894,0.36142444444444444,0.3681844444444444,0.3755177777777778,0.37580222222222226,0.3689822222222222,0.3629644444444444,0.36954444444444445,0.36588444444444446,0.36395555555555553,0.36214,0.3656288888888889,0.38021111111111117,0.37614222222222227,0.3705777777777778,0.36919777777777785,0.3617911111111111,0.38095111111111113,0.4021984126984127,0.39608888888888893,0.3937611111111112,0.39399603174603176,0.3967214285714285,0.412620634920635,0.4135531746031746,0.4105325396825396,0.4091857142857144,0.3986301587301587,0.39641190476190485,0.39543888888888884,0.41482142857142856,0.41275714285714293,0.40756825396825397,0.41934629629629633,0.4147796296296296,0.4038944444444445,0.39756296296296295,0.39436481481481483,0.4105111111111111,0.4217388888888889,0.4240018518518518,0.413674074074074,0.41646481481481484,0.4064833333333333,0.40197037037037037,0.4220518518518519,0.42444259259259254,0.4047092592592592,0.33086719576719575,0.33143227513227513,0.3297582010582011,0.3268804232804233,0.32459259259259254,0.3204402116402116,0.32197037037037035,0.3248243386243386,0.3298931216931217,0.33340370370370376,0.33288042328042333,0.3314820105820106,0.32534708994708994,0.32712539682539676,0.32609417989417994,Male,6,5-7,Elementary,C,C,R16C35b06_info1_250Hz_gu2_AEP.conn
R16P02C_G16,R16P02C_g16_info1_250Hz_gu1_AEP.conn,gu1,0.20835555555555554,0.21185925925925927,0.2172111111111111,0.20995555555555556,0.19875185185185185,0.2339851851851852,0.2379,0.2386703703703704,0.22394444444444442,0.21517407407407407,0.21284444444444447,0.2002962962962963,0.27262222222222227,0.27719629629629633,0.23474814814814815,0.2908133333333333,0.28825555555555554,0.27820444444444437,0.2728977777777778,0.27078888888888886,0.28440000000000004,0.28684444444444446,0.29287333333333326,0.2878111111111111,0.28812000000000004,0.2799888888888889,0.2736888888888889,0.3091888888888889,0.31199777777777776,0.29403777777777773,0.3499266666666667,0.35204888888888897,0.34416444444444444,0.33457555555555557,0.3302666666666666,0.35057777777777777,0.36426888888888886,0.3639866666666667,0.3518755555555555,0.34800000000000003,0.3430488888888889,0.3367311111111111,0.36434222222222223,0.36355111111111116,0.34175777777777777,0.29996904761904764,0.3009039682539682,0.3007301587301588,0.3042968253968254,0.3043603174603175,0.30964206349206347,0.3132214285714286,0.3130674603174603,0.3118023809523809,0.2985952380952381,0.2987230158730159,0.3014206349206349,0.3294396825396825,0.3304801587301588,0.30946904761904753,0.4161925925925926,0.4168092592592593,0.41583888888888887,0.4139999999999999,0.40815925925925933,0.4119981481481481,0.4139166666666667,0.4111537037037037,0.4148240740740741,0.4147648148148148,0.41399629629629636,0.41134444444444446,0.3994351851851852,0.39946481481481483,0.4052166666666666,0.24317089947089943,0.2426349206349206,0.24364021164021163,0.24581111111111112,0.243473544973545,0.24984708994708996,0.24929259259259257,0.2490613756613756,0.2520132275132275,0.2455407407407407,0.2456714285714286,0.24876243386243382,0.25079312169312173,0.25016613756613754,0.24565185185185184,Female,16,Teen,Secondary,C,C,R16P02C_g16_info1_250Hz_gu2_AEP.conn
CSD499KK01F21,CSD499KK01f21_info1_250Hz_gu1_AEP.conn,gu1,0.23487777777777774,0.23099259259259255,0.23548148148148149,0.2284074074074074,0.22686296296296296,0.20728888888888888,0.2091333333333333,0.22041481481481476,0.22352962962962963,0.23202962962962959,0.23928518518518518,0.2388037037037037,0.25305925925925926,0.25907407407407407,0.25876666666666664,0.27634,0.27143111111111107,0.2648511111111111,0.2649866666666667,0.27208444444444446,0.27779777777777775,0.27792666666666666,0.2741066666666666,0.26974,0.2623266666666667,0.26350444444444443,0.26593999999999995,0.30254888888888887,0.301,0.2885155555555555,0.24944666666666668,0.2489666666666667,0.2510955555555555,0.24968444444444446,0.23751555555555556,0.2587244444444445,0.2486244444444444,0.24195777777777777,0.2466933333333333,0.25144,0.2599222222222222,0.25489555555555554,0.2507088888888889,0.2452888888888889,0.2604333333333333,0.278581746031746,0.28076904761904764,0.29100476190476193,0.29108730158730156,0.2929539682539683,0.28077063492063487,0.27925555555555553,0.28476111111111113,0.2907801587301587,0.28436190476190476,0.29175079365079365,0.2926865079365079,0.29407539682539685,0.30439206349206355,0.3030611111111111,0.3265074074074074,0.3129962962962963,0.3070462962962963,0.3174888888888889,0.31951111111111113,0.3035629629629629,0.31545185185185187,0.3209018518518518,0.32088888888888895,0.31401666666666667,0.31095185185185187,0.3182555555555555,0.3221259259259259,0.32423148148148145,0.3155074074074074,0.2631179894179894,0.2632195767195767,0.2631243386243386,0.26145873015873017,0.2656899470899471,0.26531058201058194,0.26506719576719573,0.2693285714285714,0.2733391534391535,0.2703772486772487,0.2690190476190476,0.26556825396825395,0.2686952380952381,0.27077195767195766,0.274120634920635,Female,21,Teen,Tertiary,C,C,CSD499KK01f21_info1_250Hz_gu2_AEP.conn
R16TEENPVB,R16teenPvb_info1_250Hz_gu1_AEP.conn,gu1,0.307737037037037,0.31077407407407404,0.3136555555555555,0.3059148148148148,0.29027777777777775,0.31495555555555554,0.3092,0.31042592592592594,0.31051851851851847,0.30205185185185185,0.3030407407407407,0.3039037037037037,0.3368518518518518,0.34025925925925926,0.3316888888888889,0.35882,0.3584,0.3575733333333333,0.3609955555555555,0.3574911111111111,0.36990888888888884,0.3648511111111111,0.3608888888888889,0.36167999999999995,0.36655777777777776,0.3669266666666667,0.36748888888888886,0.37565777777777776,0.36950444444444447,0.3853022222222222,0.39358666666666664,0.3929377777777778,0.3861533333333334,0.3878177777777778,0.3945222222222222,0.3831711111111111,0.39008888888888893,0.39145555555555556,0.39010222222222224,0.38639111111111113,0.3775644444444445,0.37457333333333337,0.3832333333333333,0.38254444444444446,0.38177555555555553,0.3720611111111111,0.3746587301587302,0.37343888888888893,0.37061111111111117,0.36935396825396827,0.3762825396825397,0.3786920634920635,0.3789166666666666,0.3733507936507937,0.37714920634920635,0.376029365079365,0.371818253968254,0.38864603174603174,0.3874261904761905,0.38821031746031737,0.4215203703703703,0.420787037037037,0.4189648148148148,0.4122148148148148,0.4091296296296296,0.42321111111111115,0.4292666666666667,0.43530370370370375,0.4394277777777778,0.426787037037037,0.4219685185185185,0.41703703703703704,0.4235166666666667,0.42746296296296293,0.41469814814814815,0.33997619047619054,0.3363328042328042,0.3322179894179894,0.33266560846560844,0.3338026455026455,0.3346201058201059,0.3331671957671958,0.3326428571428571,0.3343894179894179,0.34073439153439156,0.3367492063492064,0.33673121693121694,0.33387513227513227,0.33448624338624344,0.3388121693121694,Male,16,Teen,Secondary,E,NC,R16teenPvb_info1_250Hz_gu2_AEP.conn
R16TEEN5CB16,R16Teen5Cb16_info1_250Hz_gu1_AEP.conn,gu1,0.35509999999999997,0.35666296296296296,0.3545259259259259,0.3584333333333333,0.3730407407407408,0.3784888888888889,0.37440370370370374,0.3672518518518519,0.354962962962963,0.3556111111111111,0.35716666666666663,0.3680666666666667,0.4123222222222222,0.40173333333333333,0.3873259259259259,0.42942888888888886,0.4285288888888889,0.4299555555555556,0.4291088888888889,0.4353222222222223,0.4451311111111111,0.43245555555555554,0.4282977777777778,0.42882444444444445,0.42786222222222214,0.4276022222222222,0.43253111111111114,0.4634666666666667,0.46297333333333335,0.43822444444444447,0.35608000000000006,0.35898222222222226,0.37104,0.37511333333333335,0.3863266666666666,0.38144222222222224,0.3858777777777777,0.39024888888888887,0.3819688888888889,0.3595488888888888,0.37219555555555556,0.3788688888888889,0.39351777777777774,0.4070911111111112,0.3676755555555556,0.33802777777777776,0.3361071428571428,0.3425484126984127,0.3477452380952381,0.34543095238095234,0.33645952380952376,0.34163174603174606,0.34677380952380954,0.34309841269841274,0.3417563492063492,0.34439285714285717,0.3508507936507936,0.3523373015873016,0.35360476190476187,0.36482222222222216,0.4693666666666667,0.47701666666666664,0.4794851851851852,0.47820370370370374,0.4748333333333334,0.4897,0.4958555555555555,0.5034814814814815,0.5013166666666667,0.48352222222222224,0.4795259259259259,0.4756740740740741,0.5023666666666667,0.5029037037037037,0.49117592592592585,0.31922698412698414,0.3223248677248678,0.3239105820105821,0.3275227513227514,0.3210767195767196,0.3259666666666666,0.32384550264550266,0.3210867724867725,0.31959999999999994,0.3230571428571429,0.3245089947089947,0.3284825396825397,0.3307761904761905,0.3235973544973545,0.3304084656084657,Male,16,Teen,Secondary,C,C,R16Teen5Cb16_info1_250Hz_gu2_AEP.conn
CSD499AB04G21,CSD499AB04g21_info1_250Hz_gu1_AEP.conn,gu1,0.16518888888888886,0.1596962962962963,0.16831851851851853,0.18511481481481482,0.18109629629629628,0.18754444444444443,0.1873851851851852,0.1839592592592593,0.1726185185185185,0.15797037037037034,0.16568518518518519,0.1820074074074074,0.21516666666666664,0.2073074074074074,0.20228888888888888,0.2983955555555555,0.3034422222222223,0.30286666666666673,0.30184666666666665,0.2971688888888889,0.29498888888888886,0.29424666666666666,0.30018666666666666,0.29727333333333333,0.31134888888888884,0.3088666666666667,0.30207555555555554,0.31177333333333335,0.3169355555555556,0.3270133333333333,0.2620088888888889,0.2589555555555555,0.26423555555555556,0.26421555555555554,0.26197333333333334,0.25871555555555553,0.25578222222222224,0.2535911111111111,0.25314000000000003,0.2599333333333333,0.26441333333333333,0.2651755555555556,0.25076666666666664,0.2548933333333333,0.26538666666666666,0.28574523809523805,0.2843396825396826,0.28473571428571426,0.28560555555555556,0.2851277777777778,0.28759523809523807,0.284965873015873,0.28501904761904767,0.28638492063492066,0.2833992063492064,0.28395873015873013,0.28371269841269847,0.2981888888888889,0.3000301587301587,0.29668333333333335,0.31225185185185184,0.3126759259259259,0.3172111111111111,0.3180222222222222,0.3212685185185185,0.30848148148148147,0.3072981481481481,0.3135962962962963,0.31865925925925925,0.31760555555555553,0.3202851851851852,0.3199148148148148,0.3106351851851852,0.3142388888888889,0.3145666666666666,0.2681761904761905,0.2650751322751323,0.2597597883597883,0.25733968253968253,0.2565910052910053,0.2601444444444444,0.2622380952380953,0.2643640211640212,0.2643931216931217,0.2662820105820105,0.2617899470899471,0.2601608465608466,0.2625126984126984,0.2653179894179894,0.26393809523809525,Female,21,Teen,Tertiary,A,NC,CSD499AB04g21_info1_250Hz_gu2_AEP.conn
R16JY24B17,R16jy24b17_info1_250Hz_gu1_AEP.conn,gu1,0.20484074074074074,0.21404444444444448,0.21959259259259256,0.2172888888888889,0.21164814814814814,0.19306296296296296,0.19436666666666666,0.20855185185185185,0.22926666666666665,0.21218518518518517,0.2207111111111111,0.22104074074074073,0.22998518518518518,0.24704814814814813,0.24525555555555556,0.3217511111111111,0.3286866666666667,0.33186222222222217,0.33102444444444445,0.33079555555555556,0.3275688888888889,0.33174666666666663,0.3338688888888889,0.3405288888888889,0.3320488888888889,0.3368622222222223,0.34256222222222227,0.35102222222222224,0.3587111111111111,0.35586222222222225,0.32581777777777776,0.32029555555555556,0.3233755555555555,0.3325222222222222,0.33248,0.3248733333333333,0.3175288888888889,0.31089777777777783,0.31229111111111113,0.31771999999999995,0.32041333333333333,0.3277066666666667,0.3107333333333333,0.3048355555555555,0.3194688888888889,0.25604206349206354,0.25398333333333334,0.251884126984127,0.25231984126984125,0.2538468253968254,0.24880238095238097,0.24820555555555557,0.24734603174603173,0.2494809523809524,0.2538539682539683,0.2536023809523809,0.2535650793650793,0.2663174603174603,0.2656301587301587,0.2706865079365079,0.3186925925925926,0.31875370370370365,0.3142351851851852,0.31257037037037033,0.3121037037037037,0.3073574074074074,0.30499074074074073,0.30288703703703707,0.30211296296296297,0.3167462962962963,0.31352777777777774,0.3149666666666667,0.30594444444444446,0.3014759259259259,0.3078111111111111,0.24875714285714284,0.24574814814814816,0.24212328042328038,0.2409089947089947,0.24119947089947089,0.2402793650793651,0.23755343915343913,0.23964126984126982,0.24017248677248684,0.2450031746031746,0.24239947089947092,0.2418693121693122,0.24139523809523805,0.2427222222222222,0.24488677248677249,Male,17,Teen,Secondary,C,C,R16jy24b17_info1_250Hz_gu2_AEP.conn
R16CTEEN06G16,R16Cteen06g16_info1_250Hz_gu1_AEP.conn,gu1,0.363737037037037,0.3711,0.3798333333333333,0.37020370370370365,0.36015555555555556,0.3472814814814815,0.3427518518518519,0.3437444444444444,0.34478888888888887,0.37870740740740744,0.3834777777777778,0.3735296296296296,0.37488518518518515,0.3717037037037037,0.3964074074074074,0.3671044444444444,0.36810888888888893,0.3682511111111111,0.3652622222222222,0.3632044444444445,0.36384000000000005,0.3652266666666667,0.36502222222222225,0.3595111111111111,0.37267111111111106,0.3732577777777778,0.3698733333333334,0.3852755555555555,0.38706,0.3895733333333333,0.30735555555555555,0.31455555555555553,0.31124,0.30560888888888893,0.29901555555555553,0.3199777777777778,0.3169133333333333,0.3145177777777778,0.3052711111111111,0.30475555555555556,0.30737555555555557,0.30377333333333334,0.32989999999999997,0.3289088888888889,0.3212288888888889,0.32920873015873015,0.33209841269841267,0.3370055555555555,0.3391579365079365,0.33885952380952383,0.35069841269841273,0.34883333333333333,0.3482928571428571,0.3421785714285714,0.3286936507936508,0.3369301587301587,0.33747936507936505,0.353465873015873,0.35309285714285726,0.3455793650793651,0.41390925925925925,0.41347962962962964,0.4143037037037037,0.42065370370370364,0.42413518518518517,0.41892037037037033,0.4151777777777777,0.41839074074074073,0.424237037037037,0.42028333333333334,0.4231962962962963,0.42513703703703704,0.4070611111111111,0.41122222222222216,0.4158592592592593,0.3116386243386244,0.31405608465608464,0.3130566137566137,0.31156613756613755,0.30556137566137564,0.31446613756613756,0.31421005291005294,0.3128592592592593,0.31184232804232803,0.32145978835978845,0.3200269841269842,0.31838465608465605,0.3120751322751322,0.3114169312169313,0.3239465608465608,Female,16,Teen,Secondary,C,C,R16Cteen06g16_info1_250Hz_gu2_AEP.conn
CSD499SL03F20,CSD499SL03F20_info1_250Hz_gu1_AEP.conn,gu1,0.2607740740740741,0.252,0.24168148148148147,0.245,0.2547148148148148,0.24952592592592593,0.24619629629629633,0.24297777777777774,0.23539629629629633,0.2578888888888889,0.2515,0.25398518518518515,0.28121111111111113,0.27099999999999996,0.28802222222222224,0.3294155555555555,0.33166444444444443,0.33598888888888884,0.3352177777777778,0.33471555555555554,0.3320311111111111,0.3299622222222222,0.3318933333333334,0.3322777777777778,0.3287,0.33154000000000006,0.32687555555555553,0.34752888888888894,0.34117777777777775,0.34927555555555556,0.2928222222222222,0.29542,0.29026,0.28860666666666673,0.2911844444444444,0.2779688888888889,0.26928222222222226,0.2680244444444444,0.2759622222222222,0.28880666666666666,0.2849666666666667,0.28495333333333334,0.2686422222222223,0.2617155555555556,0.28822444444444445,0.2772730158730159,0.275465873015873,0.27210079365079365,0.2672460317460318,0.2679047619047619,0.27256031746031745,0.2688380952380952,0.2628690476190476,0.266581746031746,0.2761873015873016,0.2719587301587302,0.2705849206349206,0.27782460317460317,0.27459523809523806,0.2872920634920635,0.3285037037037037,0.3143962962962963,0.3061444444444444,0.30599814814814813,0.3127685185185185,0.3206185185185185,0.3134444444444444,0.3151351851851852,0.3201296296296296,0.3106851851851851,0.30350555555555553,0.3080481481481481,0.3046722222222222,0.3111314814814815,0.3001444444444444,0.21885873015873022,0.22010793650793645,0.22371957671957676,0.22633333333333333,0.22487248677248678,0.22448783068783065,0.22488201058201054,0.22426296296296294,0.22411534391534393,0.21873068783068786,0.22187142857142853,0.2228724867724868,0.23443597883597883,0.2329555555555555,0.22202698412698413,Female,20,Teen,Tertiary,S,NC,CSD499SL03F20_info1_250Hz_gu2_AEP.conn
CSD499DV04F21,CSD499DV04f21_info1_250Hz_gu1_AEP.conn,gu1,0.2735296296296297,0.28573333333333334,0.29644444444444445,0.2901074074074074,0.2890333333333333,0.25772222222222224,0.25461111111111107,0.2621259259259259,0.26395555555555555,0.2944222222222222,0.30148888888888886,0.3003,0.2930407407407407,0.30010000000000003,0.33427037037037044,0.35794444444444445,0.3633644444444445,0.3671288888888889,0.3644711111111111,0.35762666666666665,0.36574,0.3657355555555556,0.3591,0.36247555555555555,0.37130222222222226,0.36957111111111113,0.3642022222222222,0.39018888888888886,0.3838444444444445,0.38941333333333333,0.33203777777777777,0.3253866666666666,0.31912,0.3215355555555556,0.31696888888888886,0.35394444444444445,0.3384866666666667,0.3331777777777778,0.3312822222222222,0.3360600000000001,0.32756444444444444,0.3183177777777778,0.33126222222222224,0.3283422222222222,0.3443688888888889,0.30313412698412695,0.3014428571428572,0.30394444444444446,0.3076015873015873,0.3115031746031746,0.2962531746031747,0.3037611111111111,0.3086373015873017,0.306681746031746,0.2956555555555556,0.29846428571428574,0.3010055555555556,0.3212531746031746,0.32281031746031746,0.30797380952380954,0.3734277777777777,0.3711611111111111,0.36774259259259257,0.3654037037037037,0.3792296296296296,0.3766277777777778,0.38162592592592587,0.39262962962962966,0.3926574074074074,0.3751388888888889,0.3779722222222223,0.37570740740740743,0.3896296296296297,0.39931851851851846,0.39278703703703705,0.3073851851851852,0.30974391534391527,0.30788624338624343,0.30405502645502647,0.3045243386243386,0.29734444444444447,0.29867724867724865,0.2981957671957672,0.29210423280423287,0.3151275132275132,0.31690370370370374,0.3121396825396826,0.30244021164021156,0.3026634920634921,0.32357989417989413,Female,21,Teen,Tertiary,S,NC,CSD499DV04f21_info1_250Hz_gu2_AEP.conn
NIH01C01B17,NIH01C01b17_info1_250Hz_gu1_AEP.conn,gu1,0.4157703703703704,0.40741851851851857,0.38906296296296294,0.3905592592592593,0.39384444444444444,0.3866111111111112,0.3624111111111112,0.3600777777777777,0.37571481481481483,0.3964888888888889,0.3910925925925926,0.38726666666666665,0.3869888888888888,0.3799074074074074,0.4104888888888889,0.4305755555555556,0.4262355555555556,0.41683777777777775,0.4068466666666666,0.40838222222222226,0.4071022222222222,0.3976044444444445,0.40191333333333323,0.4106711111111111,0.43751333333333325,0.4216044444444444,0.40784666666666664,0.4191311111111111,0.42063111111111107,0.4283511111111111,0.3660888888888889,0.36833777777777776,0.37956666666666666,0.3781777777777778,0.3706688888888889,0.3957666666666666,0.38430888888888887,0.37841555555555556,0.3709644444444444,0.38036666666666663,0.39322666666666667,0.39117999999999997,0.3685177777777778,0.3540755555555556,0.3960288888888889,0.4311769841269841,0.4336325396825397,0.430852380952381,0.424781746031746,0.4211190476190477,0.4318015873015873,0.4315523809523811,0.4330444444444444,0.4269063492063491,0.43562936507936506,0.43302380952380953,0.4283,0.44386746031746027,0.4467761904761905,0.4473809523809524,0.4960722222222222,0.5001740740740742,0.5049888888888889,0.4917055555555556,0.4821462962962963,0.47157037037037036,0.48520370370370364,0.49518518518518523,0.48030555555555554,0.4923111111111111,0.5029777777777779,0.5011277777777777,0.48500925925925925,0.4925592592592593,0.5021666666666667,0.35147195767195766,0.35413333333333336,0.3531619047619048,0.35049417989417986,0.34992222222222225,0.34740687830687833,0.3503603174603174,0.3520830687830688,0.35323121693121695,0.3580190476190476,0.35497301587301583,0.3521137566137566,0.3540068783068783,0.35148994708994713,0.35303756613756604,Male,17,Teen,Secondary,C,C,NIH01C01b17_info1_250Hz_gu2_AEP.conn
CSD499LS06F20,CSD499LS06f20_info1_250Hz_gu1_AEP.conn,gu1,0.2534148148148148,0.2544074074074074,0.2564592592592592,0.2546259259259259,0.2592481481481481,0.28095555555555557,0.2780703703703704,0.2827148148148148,0.2829777777777778,0.2546407407407408,0.2606777777777778,0.2617185185185185,0.3109259259259259,0.31116296296296303,0.2948222222222222,0.3284311111111111,0.3285688888888889,0.3356888888888888,0.34016,0.3393533333333333,0.3325266666666667,0.3314622222222222,0.33126666666666665,0.3312266666666667,0.32442000000000004,0.3288711111111111,0.33536444444444446,0.3398777777777778,0.3469733333333333,0.3429822222222222,0.2679488888888889,0.26621555555555554,0.2676488888888889,0.2710311111111111,0.27622,0.26665777777777777,0.27086444444444446,0.2726422222222222,0.2687066666666667,0.2593088888888889,0.2652,0.2666444444444444,0.2674533333333334,0.27495555555555556,0.26282666666666665,0.2533888888888889,0.24946587301587303,0.25474047619047624,0.2602714285714286,0.26368650793650794,0.26098809523809524,0.2654095238095238,0.265181746031746,0.263118253968254,0.25091349206349206,0.2542357142857143,0.2628761904761905,0.2779634920634921,0.2771142857142857,0.2724031746031746,0.31749629629629633,0.32262777777777774,0.3240111111111111,0.3249796296296296,0.3149351851851852,0.32986481481481483,0.3319870370370371,0.33168888888888887,0.33389074074074077,0.3239814814814815,0.32336296296296296,0.32730185185185184,0.3277148148148148,0.32873888888888886,0.3328907407407408,0.2336698412698413,0.2360084656084656,0.23395185185185183,0.23183227513227506,0.23232222222222218,0.22946931216931216,0.2325185185185185,0.23549841269841276,0.23851957671957674,0.2360476190476191,0.23442539682539681,0.23410105820105817,0.2351248677248677,0.23490529100529103,0.24205661375661375,Female,20,Teen,Tertiary,S,NC,CSD499LS06f20_info1_250Hz_gu2_AEP.conn
CSD499CS02F20,CSD499CS02f20_info1_250Hz_gu1_AEP.conn,gu1,0.1979925925925926,0.18808148148148152,0.18014444444444444,0.18885555555555555,0.20137037037037034,0.1631037037037037,0.15482592592592592,0.16347407407407408,0.18319259259259257,0.18702592592592596,0.18352222222222223,0.18822222222222226,0.19493703703703702,0.19743703703703708,0.2230074074074074,0.24679555555555552,0.2518266666666667,0.2453866666666667,0.24631555555555557,0.25363555555555556,0.2502711111111111,0.24402,0.23633555555555558,0.23567555555555555,0.24459777777777778,0.23683777777777779,0.2368555555555556,0.25762,0.24918000000000004,0.2653266666666667,0.2104911111111111,0.21537555555555557,0.21564444444444444,0.21187777777777778,0.21390888888888887,0.20868222222222227,0.20173999999999997,0.20050000000000004,0.20237333333333335,0.21027555555555555,0.20944222222222222,0.2088177777777777,0.19479333333333332,0.19406444444444443,0.21592000000000003,0.25386111111111115,0.2482952380952381,0.2443547619047619,0.24111507936507937,0.24585555555555552,0.24032460317460316,0.24497063492063492,0.24455238095238094,0.24627539682539684,0.25024444444444444,0.24885396825396827,0.25014682539682537,0.2624039682539682,0.262084126984127,0.2642730158730159,0.2723259259259259,0.2676944444444444,0.27064074074074074,0.2763351851851852,0.2883425925925926,0.2824166666666667,0.2733462962962963,0.2713074074074074,0.27671111111111113,0.26696481481481477,0.27301481481481477,0.28002592592592596,0.2797851851851852,0.28170370370370373,0.27673703703703706,0.21815185185185185,0.22033862433862433,0.2238216931216931,0.2233089947089947,0.22286719576719577,0.2220074074074074,0.21681534391534396,0.21355925925925923,0.21435291005291007,0.2211126984126984,0.22488412698412696,0.2238169312169312,0.21924126984126982,0.21353544973544972,0.22891587301587302,Female,20,Teen,Tertiary,S,NC,CSD499CS02f20_info1_250Hz_gu2_AEP.conn
NIH01C02B19,NIH01C02b19_info1_250Hz_gu1_AEP.conn,gu1,0.2031222222222222,0.21328888888888886,0.22305185185185186,0.21480370370370372,0.20630740740740738,0.21529999999999996,0.19846666666666665,0.1867148148148148,0.19675185185185184,0.21577407407407403,0.22812592592592595,0.22996666666666668,0.2406518518518519,0.2362148148148148,0.2581037037037037,0.33338,0.3412977777777778,0.3531288888888889,0.3645888888888889,0.36770888888888886,0.3349844444444444,0.32847111111111105,0.3263977777777778,0.3414133333333333,0.3526311111111111,0.3544311111111111,0.36263111111111107,0.37198444444444445,0.3723555555555555,0.37052444444444443,0.33216,0.3426444444444445,0.33955777777777774,0.3298466666666667,0.3267622222222223,0.34875333333333336,0.34613555555555553,0.34243777777777773,0.34167333333333333,0.3409022222222223,0.3383466666666667,0.3253288888888889,0.3288955555555556,0.3268288888888889,0.33805555555555555,0.30990396825396826,0.309565873015873,0.3066087301587302,0.3034960317460317,0.30723492063492064,0.3168746031746032,0.31603095238095236,0.3136746031746032,0.31032380952380956,0.3118492063492064,0.31166746031746023,0.31064682539682537,0.31697380952380955,0.3147753968253969,0.32824126984126983,0.37467222222222224,0.3643574074074074,0.36018333333333336,0.36484074074074074,0.3694296296296296,0.36071481481481477,0.3665185185185185,0.3663592592592593,0.3675425925925926,0.36920185185185184,0.36497962962962965,0.36795,0.36642962962962966,0.36542222222222215,0.3667703703703704,0.2727079365079365,0.26828465608465607,0.2635645502645503,0.2637761904761905,0.26703068783068784,0.2673592592592592,0.2684359788359788,0.27266560846560844,0.2758296296296296,0.26924232804232806,0.26854126984126986,0.26988359788359795,0.27337354497354494,0.2787846560846561,0.26855978835978833,Male,19,Teen,Tertiary,C,C,NIH01C02b19_info1_250Hz_gu2_AEP.conn
CSD499K07F21,CSD499K07f21_info1_250Hz_gu1_AEP.conn,gu1,0.257237037037037,0.2578259259259259,0.25772222222222224,0.2619185185185185,0.2766518518518518,0.26888148148148144,0.2677888888888889,0.2668259259259259,0.2702481481481481,0.2617296296296296,0.2619148148148149,0.26297037037037035,0.3095962962962963,0.3083148148148148,0.2982518518518518,0.32890444444444444,0.33138666666666666,0.32935777777777775,0.3263866666666667,0.3229111111111111,0.32307777777777774,0.32602,0.3309355555555556,0.33253111111111117,0.32180444444444445,0.3222466666666667,0.3199888888888889,0.3442333333333333,0.3464977777777778,0.33705777777777773,0.2819088888888889,0.2734222222222223,0.2781933333333334,0.2799488888888889,0.27529111111111115,0.29165111111111114,0.28391555555555553,0.28137777777777784,0.2843822222222222,0.2686377777777778,0.2734222222222223,0.2717488888888889,0.27673111111111115,0.27445555555555556,0.26686666666666664,0.2641761904761905,0.2661849206349206,0.2720333333333333,0.2709595238095238,0.26712142857142857,0.27083571428571424,0.2639666666666666,0.2622690476190476,0.26513412698412697,0.2723301587301587,0.2749634920634921,0.2755357142857143,0.27822857142857144,0.27701904761904766,0.2865698412698413,0.40286666666666665,0.40842222222222224,0.41000925925925924,0.4084555555555555,0.39887777777777783,0.3972574074074074,0.39965,0.4025703703703704,0.40589259259259264,0.4088555555555555,0.40780555555555553,0.4046796296296297,0.39933888888888885,0.4036851851851852,0.40961851851851855,0.27746137566137563,0.2835317460317461,0.28021375661375664,0.274105291005291,0.2677650793650794,0.26327089947089943,0.260521164021164,0.26145026455026454,0.26321481481481485,0.28578095238095236,0.28126931216931217,0.27234656084656084,0.2642777777777778,0.26460529100529095,0.2809243386243387,Female,21,Teen,Tertiary,S,NC,CSD499K07f21_info1_250Hz_gu2_AEP.conn
CSD499B8F21,CSD499B8f21_info1_250Hz_gu1_AEP.conn,gu1,0.18235185185185188,0.18324074074074073,0.18531851851851852,0.1892851851851852,0.1980814814814815,0.17844444444444443,0.18482962962962965,0.17984074074074075,0.1827074074074074,0.19584444444444446,0.1942148148148148,0.19517777777777778,0.20927037037037036,0.20974444444444448,0.2310296296296296,0.24147777777777776,0.2447288888888889,0.25015777777777776,0.24855555555555556,0.24507111111111116,0.2517511111111111,0.2539022222222222,0.25165777777777776,0.25,0.2511911111111111,0.25426888888888893,0.2518866666666667,0.26585999999999993,0.2677822222222222,0.28353555555555554,0.23946444444444442,0.24596222222222225,0.2449333333333333,0.2420688888888889,0.24302222222222225,0.23665555555555554,0.22852888888888886,0.22583777777777775,0.2334311111111111,0.24581777777777777,0.2476088888888889,0.24832888888888888,0.22829111111111108,0.23337333333333335,0.24765777777777775,0.29213888888888884,0.29061587301587305,0.2877730158730159,0.2851492063492063,0.2803984126984127,0.28370634920634924,0.2810706349206349,0.28025952380952374,0.27973888888888887,0.2911023809523809,0.2901825396825397,0.2863595238095238,0.29525476190476196,0.2966023809523809,0.301515873015873,0.3262592592592592,0.32506851851851853,0.31695,0.30930555555555556,0.3058296296296296,0.3151185185185185,0.3229,0.3251925925925926,0.3344388888888889,0.32940185185185183,0.326487037037037,0.3215611111111111,0.3162629629629629,0.3193129629629629,0.3295481481481482,0.26069523809523804,0.25701957671957676,0.2568846560846561,0.25513968253968256,0.2516560846560846,0.25480687830687826,0.25355555555555553,0.2560608465608466,0.25729100529100524,0.25180952380952376,0.25039470899470895,0.2504899470899471,0.25719206349206347,0.2558492063492063,0.24863121693121698,Female,21,Teen,Tertiary,S,NC,CSD499B8f21_info1_250Hz_gu2_AEP.conn
CSD499AH10F21,CSD499AH10f21_info1_250Hz_gu1_AEP.conn,gu1,0.28345185185185184,0.2790037037037037,0.26985185185185184,0.26809629629629633,0.2850851851851852,0.2854481481481482,0.2885555555555555,0.2795259259259259,0.2740814814814815,0.28214814814814815,0.2794962962962963,0.2822925925925926,0.3120407407407407,0.3057962962962963,0.3101703703703704,0.3494511111111111,0.35359777777777773,0.3549466666666667,0.35046222222222223,0.34987333333333337,0.36126222222222226,0.36667777777777777,0.36172,0.35797555555555555,0.35705555555555557,0.36235999999999996,0.3580066666666667,0.38650444444444443,0.38389999999999996,0.3815822222222222,0.3017666666666666,0.3034866666666667,0.3074222222222222,0.3057311111111111,0.3087155555555555,0.2976155555555556,0.30892888888888886,0.3237644444444444,0.32488888888888895,0.2955933333333333,0.29887555555555556,0.30179555555555554,0.3051466666666666,0.3194844444444444,0.2936466666666667,0.2973349206349206,0.3017944444444445,0.3006079365079365,0.2964111111111111,0.2905285714285714,0.2908563492063491,0.2948650793650793,0.29063095238095243,0.28155555555555556,0.30419126984126993,0.30542142857142857,0.2993277777777778,0.2983349206349207,0.30103095238095234,0.31655952380952385,0.35302962962962964,0.36044259259259254,0.3621833333333333,0.3651277777777778,0.36159629629629625,0.35271111111111114,0.350287037037037,0.35750925925925925,0.3595388888888889,0.36137407407407407,0.36946296296296294,0.3690703703703704,0.34646851851851856,0.35385,0.35378888888888893,0.26582539682539685,0.2620058201058201,0.26277089947089943,0.26114603174603174,0.26171269841269845,0.2555507936507937,0.25705449735449737,0.260821164021164,0.26087248677248676,0.2624867724867725,0.2624640211640211,0.2665470899470899,0.25775714285714285,0.26072010582010585,0.2636455026455027,Female,21,Teen,Tertiary,E,NC,CSD499AH10f21_info1_250Hz_gu2_AEP.conn
R16CJTEST_B15,R16CjTest_b15_info1_250Hz_gu1_AEP.conn,gu1,0.2048074074074074,0.2023518518518519,0.19548518518518518,0.20540370370370367,0.21207407407407408,0.20565185185185186,0.20302592592592592,0.2076481481481481,0.2059,0.20775555555555555,0.19501481481481484,0.1953925925925926,0.2389814814814815,0.24435925925925925,0.24128888888888889,0.30048,0.3053355555555556,0.3010688888888889,0.2943688888888889,0.3009044444444445,0.31214444444444445,0.3087088888888889,0.30587333333333333,0.30010888888888887,0.31769777777777775,0.30398444444444445,0.2919422222222222,0.32013555555555556,0.31700888888888884,0.3248888888888889,0.24122444444444446,0.2487311111111111,0.23929777777777778,0.2275577777777778,0.22696666666666668,0.23636444444444443,0.23225777777777776,0.23397777777777778,0.22946,0.23872,0.23330222222222222,0.2286311111111111,0.22961333333333336,0.23191333333333333,0.23491333333333336,0.30547063492063486,0.3061833333333333,0.31063174603174604,0.304163492063492,0.2972539682539682,0.2959007936507937,0.29059047619047623,0.2871507936507937,0.29016666666666663,0.30543809523809523,0.30456666666666665,0.30200714285714286,0.29895,0.2997,0.310986507936508,0.3486962962962963,0.35057592592592596,0.347324074074074,0.3476148148148148,0.34328518518518525,0.34765,0.3404037037037037,0.3465444444444445,0.35259259259259257,0.34736851851851847,0.3410962962962963,0.34042962962962964,0.34133148148148146,0.3444388888888889,0.3472796296296296,0.2604984126984127,0.2565910052910053,0.2617079365079365,0.2633719576719577,0.2636084656084656,0.2556269841269841,0.2530888888888889,0.2529507936507936,0.25840052910052913,0.2555142857142857,0.25860634920634923,0.26020687830687833,0.263773544973545,0.26223068783068787,0.2614687830687831,Male,15,Teen,Secondary,C,C,R16CjTest_b15_info1_250Hz_gu2_AEP.conn
CSD499E9F21,CSD499E9f21_info1_250Hz_gu1_AEP.conn,gu1,0.17546666666666666,0.18682592592592595,0.19715185185185183,0.18772962962962966,0.17836296296296297,0.20637407407407407,0.20226296296296298,0.1976259259259259,0.16999629629629628,0.19445555555555552,0.1937333333333333,0.18322592592592593,0.2267851851851852,0.23641481481481483,0.21383703703703705,0.2852511111111111,0.29533333333333334,0.29305333333333333,0.2794466666666667,0.2682111111111111,0.3038888888888889,0.3012622222222222,0.29605555555555557,0.29010444444444444,0.29263555555555554,0.2917866666666667,0.2834777777777778,0.3113822222222222,0.31281333333333333,0.3002222222222222,0.28206,0.2839955555555555,0.2803711111111111,0.28108888888888883,0.2850555555555555,0.27584444444444445,0.2694333333333333,0.28077555555555556,0.2857244444444444,0.2802422222222222,0.2831066666666667,0.28961555555555557,0.27252,0.27933555555555556,0.2708933333333333,0.27501111111111115,0.2719912698412698,0.27641031746031747,0.28042222222222224,0.2754507936507936,0.26096825396825396,0.25569126984126983,0.24915952380952386,0.25604206349206354,0.2706214285714286,0.2713825396825396,0.27551746031746027,0.2728761904761905,0.2678952380952381,0.2832769841269841,0.3320592592592593,0.3367111111111111,0.3457425925925926,0.3526722222222222,0.3556240740740741,0.34015,0.3359111111111111,0.32563148148148147,0.3233629629629629,0.33359074074074074,0.3385537037037037,0.34989259259259264,0.33717592592592593,0.3251777777777778,0.32413703703703706,0.2541920634920635,0.2571216931216932,0.25335925925925934,0.25226137566137574,0.257594708994709,0.2603708994708994,0.2621132275132275,0.26250740740740736,0.2584809523809523,0.2559851851851852,0.2540206349206349,0.2508089947089947,0.26093597883597885,0.2637804232804233,0.2537365079365079,Female,21,Teen,Tertiary,E,NC,CSD499E9f21_info1_250Hz_gu2_AEP.conn
MMS06M22,mms06m22_250Hz_gu1_AEP.conn,gu1,0.18269629629629627,0.1782,0.16075185185185187,0.14582962962962961,0.14631851851851851,0.17444444444444443,0.17414814814814816,0.16746666666666665,0.16113333333333332,0.17125185185185185,0.15605185185185186,0.14443703703703703,0.1995037037037037,0.19283333333333333,0.18625555555555554,0.22040666666666664,0.21864444444444447,0.21604222222222225,0.21610222222222225,0.21705111111111108,0.21693333333333334,0.22321555555555556,0.22681111111111113,0.22569333333333336,0.21876444444444446,0.21500666666666665,0.21764,0.24687777777777775,0.24530222222222223,0.2256511111111111,0.21329777777777775,0.22118888888888888,0.22664222222222224,0.22755111111111112,0.22356888888888887,0.23165999999999998,0.22902666666666663,0.2212111111111111,0.21804666666666664,0.21725333333333335,0.22044888888888892,0.22397777777777778,0.2327711111111111,0.22541777777777777,0.2153111111111111,0.25477222222222223,0.2544119047619048,0.25558571428571425,0.25483492063492064,0.25263253968253974,0.2603261904761905,0.2609888888888889,0.2601547619047619,0.26065555555555553,0.25654365079365077,0.2563944444444444,0.2564809523809524,0.2765706349206349,0.27443968253968254,0.2753325396825397,0.29441481481481485,0.29997407407407406,0.30035555555555554,0.2969759259259259,0.28803703703703704,0.28755,0.2881777777777778,0.2886314814814815,0.2931611111111111,0.29329999999999995,0.2930962962962963,0.2869111111111111,0.28154814814814816,0.27936851851851857,0.2859055555555555,0.2209777777777778,0.21842751322751325,0.21532539682539684,0.21276190476190476,0.21124814814814816,0.21601904761904756,0.2151100529100529,0.21738941798941802,0.22008148148148152,0.2165571428571429,0.21571957671957673,0.21540582010582013,0.21777142857142853,0.22072010582010584,0.21933862433862433,Male,22,Adult,Tertiary,C,C,mms06m22_250Hz_gu2_AEP.conn
MMS04F25,mms04f25_250Hz_gu1_AEP.conn,gu1,0.2876296296296297,0.2775296296296296,0.2757481481481482,0.2855666666666667,0.29009999999999997,0.2956370370370371,0.29067037037037036,0.29338888888888887,0.2971629629629629,0.2849074074074074,0.27668888888888893,0.28492222222222224,0.3154555555555556,0.3188962962962963,0.31775555555555557,0.41229777777777776,0.40583333333333327,0.4039355555555556,0.4064311111111111,0.4101044444444444,0.41889777777777787,0.41133333333333333,0.4172022222222222,0.4211955555555555,0.41320444444444443,0.4115622222222222,0.41425999999999996,0.4291888888888889,0.4366711111111111,0.4356888888888889,0.4728666666666667,0.4713,0.4709844444444443,0.47121555555555555,0.4705466666666667,0.4800222222222222,0.4731355555555556,0.4729244444444444,0.4715244444444444,0.47690888888888877,0.47419555555555554,0.47365333333333337,0.4706088888888889,0.4731711111111111,0.4849511111111112,0.4765563492063492,0.47709047619047623,0.47509999999999997,0.47465793650793653,0.47304682539682535,0.48087142857142856,0.4760007936507936,0.4715412698412697,0.47238968253968244,0.4836079365079365,0.48160555555555556,0.47496111111111106,0.47216825396825396,0.4690865079365079,0.4773246031746031,0.4569611111111111,0.4542685185185185,0.4500481481481482,0.4526018518518518,0.4568777777777777,0.4453129629629629,0.4492351851851852,0.4578148148148149,0.46242222222222223,0.4589907407407407,0.45848148148148155,0.46235185185185185,0.44311666666666666,0.4484888888888889,0.46317777777777785,0.3586507936507936,0.35991428571428574,0.3622121693121693,0.3619074074074074,0.3584910052910052,0.3620222222222223,0.36324179894179887,0.3638396825396826,0.3662216931216931,0.3633153439153438,0.36530370370370374,0.36414074074074076,0.36435555555555554,0.3665698412698412,0.36675608465608467,Female,25,Adult,Adult,C,C,mms04f25_250Hz_gu2_AEP.conn
EES22M27,EES22M27_250Hz_gu1_AEP.conn,gu1,0.1932851851851852,0.18765925925925928,0.18787037037037038,0.1930814814814815,0.2037740740740741,0.17152962962962967,0.18494074074074074,0.19598148148148145,0.1927296296296296,0.17691481481481483,0.17768888888888892,0.17888888888888888,0.2146888888888889,0.22104814814814813,0.21305555555555555,0.3007222222222222,0.2963822222222222,0.2933822222222222,0.2940688888888889,0.29556666666666664,0.2935111111111111,0.29528666666666664,0.29097333333333336,0.28657333333333335,0.28287999999999996,0.27950888888888886,0.28794444444444445,0.3117933333333333,0.3133533333333333,0.29947777777777784,0.27837111111111107,0.2765000000000001,0.27417777777777774,0.26940444444444445,0.2671511111111111,0.27629333333333334,0.27792666666666666,0.2749622222222222,0.2680911111111111,0.2814022222222222,0.2830977777777778,0.28330222222222223,0.2909622222222222,0.28331777777777784,0.29348,0.25842936507936515,0.25360714285714286,0.2499571428571429,0.24844761904761908,0.24699841269841266,0.2586857142857143,0.2597087301587302,0.25835634920634915,0.252918253968254,0.25991349206349207,0.2568079365079365,0.2545111111111112,0.26738492063492064,0.2666531746031746,0.27029603174603173,0.28346666666666664,0.2844962962962963,0.284137037037037,0.2793537037037037,0.2825462962962963,0.28809259259259257,0.2843981481481482,0.28343333333333337,0.28481111111111107,0.2802185185185185,0.2762537037037037,0.27177222222222225,0.28204999999999997,0.27721666666666667,0.2791925925925926,0.25292380952380955,0.2547619047619047,0.2543439153439153,0.2522169312169312,0.25163544973544977,0.25775291005291007,0.258279365079365,0.25380793650793654,0.25066719576719576,0.25624761904761906,0.25575502645502646,0.2532862433862434,0.2661402116402117,0.262037037037037,0.2622349206349207,Male,27,Adult,Adult,E,NC,EES22M27_250Hz_gu2_AEP.conn
EES07M34,ees07m34_250Hz_gu1_AEP.conn,gu1,0.19778148148148147,0.2047777777777778,0.20049629629629628,0.19572962962962961,0.19135185185185188,0.18158518518518516,0.18465185185185184,0.18512222222222227,0.1942222222222222,0.20000370370370368,0.1962925925925926,0.18639999999999998,0.22025555555555557,0.22161111111111112,0.23057407407407413,0.30232444444444445,0.31126,0.31343333333333334,0.31886,0.3137333333333333,0.3068888888888889,0.3112,0.31638444444444447,0.31860222222222223,0.30576888888888887,0.3069822222222222,0.3124711111111111,0.31949555555555553,0.32128666666666666,0.32345111111111113,0.2701511111111111,0.27095777777777774,0.2670133333333333,0.2672111111111111,0.26388,0.2751888888888889,0.2677111111111111,0.26317111111111113,0.2635222222222222,0.27843555555555555,0.2749066666666667,0.28043555555555555,0.25948666666666664,0.2570288888888889,0.27957333333333334,0.2913626984126984,0.28972857142857145,0.28737777777777784,0.2878928571428571,0.28712857142857146,0.2765944444444444,0.27861746031746026,0.27715634920634924,0.2767857142857143,0.291931746031746,0.29178412698412703,0.29137222222222225,0.2906261904761905,0.28759444444444443,0.3036111111111111,0.30604444444444445,0.30475,0.30286851851851854,0.31014259259259264,0.3084185185185185,0.3103592592592593,0.30861111111111106,0.3115462962962963,0.31704444444444446,0.31034814814814815,0.31075925925925924,0.31442592592592594,0.3156074074074074,0.31700185185185187,0.32228333333333337,0.2147888888888889,0.21298042328042324,0.21840211640211638,0.22072275132275132,0.22449788359788364,0.22877301587301582,0.23097671957671964,0.2314079365079365,0.23068994708994706,0.21729047619047626,0.22041746031746032,0.22023439153439156,0.23192010582010583,0.23316560846560844,0.2230645502645503,Male,34,Adult,Adult,E,NC,ees07m34_250Hz_gu2_AEP.conn
EES06F24,ees06f24_250Hz_gu1_AEP.conn,gu1,0.19248148148148148,0.19455185185185186,0.19528148148148147,0.20133333333333336,0.19540370370370372,0.18589629629629625,0.1753,0.1801851851851852,0.18484814814814818,0.20175185185185185,0.2064777777777778,0.20735925925925924,0.22877037037037037,0.22862962962962963,0.24934444444444445,0.25108222222222226,0.2532022222222222,0.2546822222222222,0.25853777777777776,0.25507111111111114,0.25032,0.23930666666666664,0.2434822222222222,0.24406444444444447,0.2375,0.24011333333333335,0.24560444444444446,0.2593822222222222,0.2614711111111111,0.26021777777777777,0.2552422222222222,0.2505711111111111,0.25466222222222223,0.2576088888888889,0.2576377777777778,0.2652,0.26452444444444445,0.26122888888888884,0.2666666666666667,0.24559555555555557,0.24567333333333333,0.24835777777777776,0.2588222222222222,0.2596311111111111,0.25722666666666666,0.28920396825396827,0.28430555555555553,0.2824015873015873,0.28478333333333333,0.28890873015873014,0.2811714285714286,0.2831912698412698,0.28235952380952384,0.2838246031746031,0.2834174603174603,0.2815150793650793,0.28424126984126985,0.2969103174603175,0.2965746031746032,0.2952666666666667,0.3255685185185185,0.3206555555555555,0.31624259259259263,0.3139444444444444,0.3091277777777777,0.3201814814814815,0.3272944444444445,0.32909074074074074,0.32789444444444443,0.32276481481481484,0.3179518518518519,0.3139074074074074,0.33172222222222225,0.33117222222222215,0.3263888888888889,0.2659920634920635,0.2682148148148148,0.2680423280423281,0.2666306878306879,0.2665248677248678,0.2632724867724868,0.26425026455026457,0.26338783068783067,0.2603216931216931,0.26377671957671955,0.26588465608465617,0.2646216931216931,0.26099629629629634,0.2620455026455026,0.2649566137566138,Female,24,Adult,Adult,E,NC,ees06f24_250Hz_gu2_AEP.conn
EES08M41,ees08m41_250Hz_gu1_AEP.conn,gu1,0.23041111111111112,0.22922222222222222,0.22698888888888888,0.22780370370370365,0.232637037037037,0.23242222222222222,0.22433703703703703,0.21795185185185187,0.2217407407407407,0.23986666666666667,0.23921851851851852,0.2385074074074074,0.25684814814814816,0.25023703703703704,0.27599259259259257,0.3114311111111111,0.31026,0.3101177777777778,0.3120933333333333,0.3189911111111111,0.3136177777777778,0.3152844444444445,0.3113888888888889,0.30742444444444444,0.3103577777777778,0.3099022222222222,0.31377999999999995,0.33603777777777777,0.32714444444444446,0.32529555555555556,0.27284222222222226,0.27390666666666663,0.2748666666666667,0.27640666666666663,0.2786911111111111,0.2787977777777778,0.27838666666666667,0.2743444444444444,0.2630044444444445,0.27605555555555555,0.2749511111111111,0.2758644444444444,0.2786333333333334,0.2739111111111111,0.28450222222222227,0.3061246031746032,0.3045071428571428,0.3018365079365079,0.3009468253968254,0.2991357142857143,0.30769444444444444,0.3066460317460317,0.3049650793650793,0.30175873015873017,0.3090047619047619,0.30530714285714283,0.3030015873015873,0.3199984126984127,0.31660396825396825,0.3180373015873016,0.3374074074074074,0.33700555555555556,0.34198333333333336,0.3445666666666667,0.34573518518518515,0.3410296296296296,0.3453555555555556,0.34387407407407405,0.3367574074074075,0.33828148148148146,0.3458925925925926,0.3472148148148148,0.34925185185185176,0.3475740740740741,0.3473796296296296,0.2660195767195767,0.265547619047619,0.26555238095238093,0.26725449735449736,0.2690597883597884,0.2685486772486772,0.263837037037037,0.26337301587301587,0.26574444444444445,0.26946825396825397,0.26959788359788356,0.27037460317460316,0.2642888888888889,0.26577354497354505,0.2742915343915343,Male,41,Adult,Adult,E,NC,ees08m41_250Hz_gu2_AEP.conn
EES10M22,EES10M22_250Hz_gu1_AEP.conn,gu1,0.21604074074074076,0.21192592592592596,0.21597407407407407,0.21894814814814814,0.21139259259259258,0.22524814814814817,0.2246,0.22628148148148153,0.2152037037037037,0.2117296296296296,0.21043333333333333,0.21130740740740742,0.24653703703703703,0.2513296296296296,0.23242222222222222,0.3049088888888889,0.30705777777777776,0.30661555555555553,0.30908888888888886,0.3164488888888889,0.31660000000000005,0.31502444444444444,0.3129133333333333,0.3083044444444444,0.30514222222222226,0.2986466666666666,0.30495777777777777,0.32790444444444444,0.32861999999999997,0.31009555555555557,0.32278,0.3166177777777778,0.3185311111111111,0.3193888888888889,0.3267822222222222,0.33775555555555553,0.33586666666666665,0.33646222222222216,0.33185777777777775,0.32589777777777773,0.33064222222222217,0.33021555555555554,0.3397311111111111,0.34588,0.3304088888888889,0.28238888888888886,0.27766031746031744,0.27482460317460317,0.27551507936507935,0.27539365079365086,0.2758253968253968,0.27680396825396825,0.2811301587301588,0.28202222222222223,0.2795809523809524,0.2740269841269841,0.2771293650793651,0.2893142857142857,0.28929206349206343,0.2966412698412699,0.30698703703703706,0.30544444444444446,0.30601296296296293,0.31457222222222225,0.31566481481481484,0.2901037037037037,0.2964759259259259,0.29912592592592596,0.29311666666666664,0.30551666666666666,0.3039111111111111,0.31028518518518516,0.284725925925926,0.28950925925925924,0.29698703703703705,0.22394285714285714,0.22721587301587304,0.23202592592592597,0.23335714285714287,0.22884232804232807,0.22041587301587304,0.22446243386243386,0.22559153439153437,0.22478783068783073,0.22818730158730152,0.23078465608465612,0.2286941798941799,0.23967777777777774,0.23585873015873018,0.23554708994708992,Male,22,Adult,Tertiary,E,NC,EES10M22_250Hz_gu2_AEP.conn
MMS20M28,mms20m28_250Hz_gu1_AEP.conn,gu1,0.21111481481481484,0.20444444444444446,0.20522222222222222,0.21653333333333333,0.22168518518518518,0.20407777777777777,0.1989962962962963,0.20515925925925924,0.20572222222222222,0.19973333333333332,0.20703333333333337,0.2194259259259259,0.23762962962962964,0.23767777777777777,0.2378148148148148,0.27882,0.28645333333333334,0.29556,0.2846844444444444,0.26962,0.2859355555555555,0.28525999999999996,0.29223777777777776,0.29230222222222224,0.28670000000000007,0.2956666666666667,0.2855333333333333,0.3060688888888889,0.30704888888888887,0.3098288888888889,0.23067333333333337,0.22936,0.2334777777777778,0.23629555555555556,0.25169111111111114,0.24600444444444447,0.2597155555555556,0.2665,0.2491422222222222,0.22680000000000003,0.2330733333333333,0.23447555555555555,0.24977777777777774,0.25658222222222216,0.2420488888888889,0.2541428571428571,0.2597238095238095,0.2558761904761905,0.25806111111111113,0.26517857142857143,0.2761158730158731,0.2779182539682539,0.2765642857142857,0.26634920634920634,0.265868253968254,0.2586428571428571,0.25826190476190475,0.2883968253968253,0.2805611111111111,0.27589682539682536,0.31616111111111106,0.3210037037037037,0.3112407407407407,0.3106611111111111,0.30386296296296295,0.3379611111111111,0.33772037037037034,0.33112777777777774,0.3302833333333333,0.3212851851851852,0.3097685185185185,0.3101814814814815,0.3390981481481481,0.32975,0.32255185185185187,0.24019153439153443,0.2333518518518518,0.23623862433862436,0.2361835978835979,0.2433730158730158,0.2432608465608465,0.24456031746031742,0.24330582010582016,0.24822433862433857,0.23473068783068782,0.23964285714285713,0.24024232804232798,0.24396560846560847,0.24390158730158729,0.24894074074074068,Male,28,Adult,Adult,C,C,mms20m28_250Hz_gu2_AEP.conn
MMS19F30,mms19f30_250Hz_gu1_AEP.conn,gu1,0.23258148148148147,0.23227037037037035,0.22727777777777777,0.23368148148148146,0.23404074074074077,0.19915555555555556,0.20075185185185185,0.20707777777777778,0.2126555555555556,0.23012222222222223,0.22450740740740738,0.22948888888888894,0.2322814814814815,0.23403333333333332,0.26621481481481485,0.3285577777777777,0.3336466666666667,0.3346644444444445,0.33763333333333334,0.3369888888888889,0.3238577777777778,0.3198066666666667,0.3178533333333333,0.3233555555555555,0.32273111111111114,0.3311955555555556,0.3405755555555555,0.3473866666666667,0.3451266666666667,0.34919333333333336,0.31560888888888894,0.32291777777777775,0.33560222222222225,0.34059555555555554,0.3402911111111111,0.33589777777777774,0.33176666666666665,0.3284755555555555,0.32802444444444445,0.32251111111111114,0.33418222222222227,0.3443244444444445,0.32111333333333336,0.32264888888888893,0.32056444444444443,0.3240523809523809,0.3263730158730159,0.3261785714285714,0.32101587301587303,0.3179531746031746,0.3206674603174603,0.3230833333333334,0.3269825396825397,0.32865,0.3248484126984127,0.3267126984126984,0.3235484126984126,0.3303801587301587,0.33587460317460316,0.33656746031746027,0.3746092592592592,0.3762962962962963,0.37572592592592596,0.37218148148148145,0.37249814814814813,0.3485648148148148,0.35730185185185187,0.3629111111111112,0.36347407407407406,0.3758518518518518,0.37596111111111113,0.37320740740740743,0.35912962962962963,0.36443148148148147,0.37262962962962964,0.24737301587301583,0.24618571428571429,0.24288624338624343,0.2420021164021164,0.2411375661375661,0.2430878306878307,0.24677936507936504,0.24623650793650795,0.24334920634920637,0.24417777777777783,0.24210211640211643,0.24084391534391542,0.24952486772486773,0.24877936507936504,0.2484222222222222,Female,30,Adult,Adult,C,C,mms19f30_250Hz_gu2_AEP.conn
MMS18M36MIX,mms18m36mix_250Hz_gu1_AEP.conn,gu1,0.17215925925925923,0.17585555555555557,0.18020370370370373,0.18787407407407408,0.18863333333333335,0.17552222222222222,0.18172222222222223,0.17015555555555553,0.16675185185185185,0.1810333333333333,0.1887592592592593,0.1932222222222222,0.21296666666666667,0.20926666666666668,0.23048888888888888,0.2484977777777778,0.25247777777777775,0.24920444444444448,0.2469088888888889,0.2468488888888889,0.24277777777777776,0.23703555555555558,0.23096888888888892,0.2319311111111111,0.2537311111111111,0.2578422222222222,0.2575355555555556,0.25490666666666667,0.25521111111111117,0.2915133333333334,0.2627711111111111,0.2664355555555556,0.2643377777777778,0.2568088888888889,0.24691555555555555,0.2512133333333334,0.24824888888888888,0.24119777777777776,0.2450844444444445,0.26492222222222217,0.26165333333333335,0.2588311111111111,0.2564888888888889,0.2524133333333333,0.2592155555555556,0.2608206349206349,0.26217142857142856,0.26558809523809523,0.2680357142857143,0.2682063492063492,0.26516111111111107,0.2649134920634921,0.2653484126984127,0.2674412698412698,0.26930238095238096,0.2699285714285714,0.26932698412698414,0.2742380952380952,0.274431746031746,0.28229047619047615,0.2898388888888888,0.2863759259259259,0.28430370370370367,0.27857037037037036,0.27388703703703704,0.2777685185185185,0.2809037037037037,0.275962962962963,0.2745222222222222,0.2852333333333334,0.2845518518518519,0.28130185185185186,0.2889222222222222,0.2788148148148148,0.28299444444444444,0.21265925925925927,0.21083650793650796,0.2140201058201058,0.21792751322751322,0.22146349206349208,0.2133481481481481,0.21211322751322753,0.21259841269841268,0.21704814814814818,0.21118677248677248,0.21362063492063493,0.21672910052910047,0.21253333333333332,0.21222116402116403,0.2178275132275132,Male,36,Adult,Adult,C,C,mms18m36mix_250Hz_gu2_AEP.conn
MMS16M23,mms16m23_250Hz_gu1_AEP.conn,gu1,0.15934814814814816,0.16404074074074074,0.16226666666666667,0.15312222222222224,0.14714444444444444,0.15644444444444447,0.16113333333333335,0.16575555555555554,0.1638074074074074,0.16675925925925927,0.1663925925925926,0.15567407407407408,0.1987925925925926,0.2106888888888889,0.20672222222222225,0.21991333333333332,0.22032888888888888,0.22234444444444446,0.2240066666666667,0.2166488888888889,0.22065555555555555,0.2311355555555555,0.22952222222222224,0.22146222222222223,0.2228777777777778,0.2257311111111111,0.22108444444444442,0.24478222222222223,0.24745333333333336,0.24713777777777776,0.24594666666666667,0.24148888888888892,0.23444444444444446,0.22879333333333332,0.23439555555555555,0.23769333333333337,0.2439911111111111,0.24791111111111114,0.24737111111111112,0.24813333333333332,0.24001333333333333,0.23618666666666663,0.2582622222222222,0.26434,0.2487911111111111,0.26761349206349205,0.2652380952380952,0.2589373015873016,0.2581174603174603,0.2614968253968254,0.2720111111111111,0.27166428571428575,0.27141984126984126,0.2712174603174603,0.2684436507936508,0.2610920634920635,0.25777222222222224,0.27915396825396827,0.27889682539682537,0.2731365079365079,0.31981296296296297,0.3149074074074074,0.3045407407407407,0.3018555555555556,0.2973296296296296,0.29912592592592585,0.30215185185185184,0.30092962962962966,0.2998240740740741,0.315612962962963,0.30412962962962964,0.2980259259259259,0.29401111111111106,0.2908555555555556,0.2947296296296296,0.21334814814814815,0.21218148148148153,0.21475449735449734,0.2183904761904762,0.22047671957671958,0.22279312169312168,0.22226825396825395,0.22056984126984128,0.21590158730158726,0.21330740740740742,0.21458571428571427,0.21893492063492065,0.22387195767195772,0.2216825396825397,0.21779365079365076,Male,23,Adult,Adult,C,C,mms16m23_250Hz_gu2_AEP.conn
EES14F26,ees14f26_250Hz_gu1_AEP.conn,gu1,0.1886259259259259,0.18438148148148148,0.16847777777777775,0.1619777777777778,0.1731111111111111,0.16265185185185185,0.1685148148148148,0.17695925925925926,0.1738185185185185,0.18974814814814814,0.1778666666666667,0.1726851851851852,0.19513333333333335,0.2056111111111111,0.21788888888888888,0.2583577777777778,0.25481999999999994,0.25197777777777774,0.24700222222222226,0.2550911111111111,0.22991333333333333,0.23718666666666666,0.24857111111111108,0.25447333333333333,0.25418666666666667,0.2569577777777778,0.2542844444444444,0.2584133333333334,0.2682777777777778,0.27834,0.27548222222222224,0.27832,0.2779866666666667,0.2693288888888889,0.2619577777777778,0.2642311111111111,0.26994444444444443,0.2720377777777777,0.2673577777777778,0.2757511111111111,0.27669333333333335,0.26634,0.27134222222222226,0.2679577777777778,0.27392000000000005,0.27418730158730165,0.27307857142857145,0.27050714285714283,0.26427142857142855,0.2600492063492064,0.26483095238095233,0.26796111111111115,0.26784444444444444,0.2612198412698413,0.2676301587301587,0.2635769841269841,0.2550928571428571,0.2800142857142857,0.27920476190476196,0.26685,0.2667703703703704,0.27227407407407406,0.2775462962962963,0.2759037037037037,0.27268703703703706,0.2860425925925926,0.2833685185185185,0.2811518518518518,0.27345925925925924,0.2776611111111111,0.28092222222222224,0.27423518518518514,0.2807611111111111,0.2790037037037037,0.28843888888888886,0.22174126984126988,0.22068835978835977,0.22320211640211646,0.22686719576719572,0.22624814814814814,0.22316296296296295,0.22321058201058203,0.22278306878306883,0.22639259259259262,0.22006455026455027,0.22223809523809526,0.2229772486772487,0.22963597883597886,0.22701693121693123,0.22892751322751326,Female,26,Adult,Adult,E,NC,ees14f26_250Hz_gu2_AEP.conn
EES09M30MU,EES09m30mu_250Hz_gu1_AEP.conn,gu1,0.30228518518518516,0.3053074074074074,0.31162962962962965,0.30557407407407405,0.29664444444444443,0.3151740740740741,0.3084074074074074,0.3017592592592593,0.2997148148148148,0.31654444444444446,0.31522962962962964,0.30477037037037036,0.34324814814814814,0.33595185185185183,0.34393333333333337,0.29294666666666663,0.29918666666666677,0.3046822222222222,0.3075755555555556,0.3101911111111111,0.29133555555555557,0.2900377777777778,0.2943688888888889,0.3021511111111111,0.2973,0.3009288888888889,0.30494444444444446,0.30973111111111107,0.31557555555555555,0.3210022222222222,0.29045333333333334,0.2916155555555556,0.29363555555555554,0.2973377777777778,0.30367777777777777,0.31090666666666666,0.3077244444444444,0.3026933333333333,0.29656,0.2848533333333333,0.28402666666666665,0.2931644444444444,0.3012088888888889,0.29965555555555556,0.2919844444444445,0.37356349206349204,0.3725325396825397,0.37112698412698414,0.3699277777777778,0.36704841269841265,0.36338333333333334,0.3652595238095238,0.3668277777777777,0.3669785714285715,0.37390714285714294,0.37253492063492066,0.37153253968253974,0.369981746031746,0.37211428571428573,0.3755706349206349,0.3784185185185185,0.38095740740740736,0.3875796296296296,0.38986111111111105,0.3864203703703704,0.36865925925925924,0.3677111111111111,0.3691629629629629,0.3730574074074074,0.3831703703703704,0.38536296296296296,0.38592592592592595,0.3760851851851852,0.3720611111111111,0.3905759259259259,0.2852402116402116,0.2879973544973545,0.2894746031746032,0.2897222222222222,0.2911253968253968,0.2808153439153439,0.2771920634920635,0.2768005291005291,0.2789857142857143,0.28767619047619053,0.2921851851851852,0.29164550264550265,0.27864232804232797,0.2809804232804232,0.2928862433862434,Male,30,Adult,Adult,E,NC,EES09m30mu_250Hz_gu2_AEP.conn
EES23F24,ees23f24_250Hz_gu1_AEP.conn,gu1,0.1989888888888889,0.20548888888888892,0.2109074074074074,0.2106888888888889,0.20850000000000002,0.20983703703703704,0.21534444444444442,0.21302962962962965,0.21116666666666664,0.20122592592592592,0.20365185185185186,0.19765925925925928,0.24092222222222223,0.2393814814814815,0.22784444444444443,0.2888,0.2926644444444445,0.29515333333333327,0.2967377777777778,0.29230888888888884,0.2750511111111111,0.26887777777777777,0.2571888888888889,0.25760666666666665,0.2870111111111111,0.2914377777777778,0.2892311111111111,0.29092222222222225,0.2801488888888889,0.3043688888888889,0.24914666666666668,0.25532666666666665,0.2533422222222222,0.25049333333333335,0.25,0.25300222222222224,0.25821555555555553,0.25906666666666667,0.25365333333333334,0.25345555555555555,0.24829333333333334,0.24473777777777778,0.27060000000000006,0.27159999999999995,0.25448,0.31711349206349204,0.3171309523809524,0.3159357142857143,0.3147444444444444,0.31735079365079366,0.31613333333333327,0.3167611111111111,0.3151912698412698,0.31406825396825394,0.32049126984126985,0.3180587301587302,0.3149214285714286,0.32430396825396823,0.3205896825396825,0.33088968253968254,0.3314574074074074,0.3301851851851852,0.3284351851851852,0.32917222222222225,0.33329259259259253,0.31689074074074075,0.32214814814814813,0.32099814814814814,0.32417222222222225,0.3324203703703704,0.33131481481481484,0.3323277777777778,0.32919999999999994,0.3251296296296296,0.3275462962962963,0.23862592592592588,0.23896402116402116,0.24117724867724868,0.24453439153439152,0.24570687830687832,0.2307428571428571,0.23371957671957677,0.23770423280423283,0.23936296296296294,0.23801640211640215,0.23937936507936503,0.24275185185185186,0.23892063492063487,0.24263862433862432,0.24058730158730154,Female,24,Adult,Adult,E,NC,ees23f24_250Hz_gu2_AEP.conn
EES21F20,EES21F20_250Hz_gu1_AEP.conn,gu1,0.2214,0.22611111111111107,0.2230148148148148,0.22632962962962963,0.23513333333333333,0.22533703703703703,0.2247444444444444,0.2169185185185185,0.21215185185185184,0.22650370370370368,0.22184814814814816,0.2238111111111111,0.26153333333333334,0.25878518518518523,0.2589222222222222,0.31616000000000005,0.3187422222222222,0.32016666666666665,0.3278888888888889,0.32575777777777776,0.2996955555555555,0.29934666666666665,0.29917333333333335,0.30097111111111113,0.31188,0.3106422222222222,0.31876444444444446,0.3196822222222222,0.31783555555555554,0.32187111111111116,0.3085733333333333,0.29685555555555554,0.29286666666666666,0.29607555555555554,0.3001977777777778,0.3179711111111111,0.3063444444444444,0.30127333333333334,0.30507333333333336,0.2859822222222222,0.28695111111111116,0.29283111111111104,0.30198888888888886,0.2994044444444445,0.2838177777777778,0.25984206349206346,0.26572460317460317,0.2700325396825397,0.2696420634920635,0.27118492063492067,0.27450238095238094,0.2739468253968254,0.27192142857142854,0.27019206349206354,0.27038174603174603,0.2739928571428571,0.27350476190476186,0.2833420634920634,0.2814809523809524,0.2805460317460317,0.3048462962962963,0.3016370370370371,0.3013222222222222,0.30178888888888883,0.2952370370370371,0.2960888888888889,0.2967574074074074,0.2938703703703704,0.29924629629629634,0.2966111111111111,0.2933425925925926,0.29848888888888886,0.2918222222222222,0.29399444444444445,0.29069259259259256,0.2182830687830688,0.21564603174603178,0.21869365079365083,0.2229661375661376,0.22247460317460319,0.2202883597883598,0.21666719576719576,0.2145857142857143,0.21818359788359795,0.21606031746031742,0.21920211640211637,0.22329629629629633,0.22505820105820104,0.22072010582010584,0.21969947089947092,Female,20,Adult,Tertiary,E,NC,EES21F20_250Hz_gu2_AEP.conn
EES11M35,ees11m35_250Hz_gu1_AEP.conn,gu1,0.3037962962962963,0.3030074074074074,0.3011851851851852,0.29452222222222224,0.2925814814814815,0.3150148148148148,0.31687037037037036,0.31612962962962965,0.3086740740740741,0.3001259259259259,0.30189259259259255,0.30233333333333334,0.3583407407407407,0.3611222222222222,0.32841111111111104,0.36385555555555554,0.3645777777777778,0.3607822222222222,0.3579,0.3625044444444444,0.36736888888888897,0.36825777777777774,0.36145555555555553,0.3482955555555555,0.3646999999999999,0.3591155555555556,0.3548666666666666,0.3909,0.38488,0.3803066666666667,0.28823111111111116,0.28791333333333335,0.2916711111111111,0.29709555555555556,0.29834222222222223,0.29783333333333334,0.2927311111111111,0.29168444444444447,0.2879155555555556,0.28239777777777775,0.2830044444444445,0.29106888888888893,0.2845755555555555,0.2843511111111111,0.28077555555555556,0.28085,0.28187142857142855,0.2885880952380952,0.2923285714285714,0.2918007936507937,0.2874087301587301,0.28326349206349205,0.2850777777777778,0.29006666666666664,0.28365793650793647,0.2896722222222222,0.29214841269841274,0.3015888888888889,0.2991547619047619,0.297181746031746,0.32080185185185184,0.3239611111111111,0.3251407407407408,0.3238111111111111,0.32584444444444444,0.33439444444444444,0.3342055555555556,0.3338759259259259,0.33176666666666665,0.3240296296296296,0.3310018518518519,0.33307777777777775,0.33012407407407407,0.3287740740740741,0.33387407407407405,0.23903015873015868,0.23998730158730158,0.2402857142857143,0.2381322751322751,0.2366396825396826,0.23326296296296295,0.23532380952380955,0.23642063492063498,0.23362063492063492,0.2415883597883598,0.23896243386243393,0.23871957671957672,0.2371576719576719,0.23833333333333334,0.24559100529100533,Male,35,Adult,Adult,E,NC,ees11m35_250Hz_gu2_AEP.conn
EES20F22,ees20f22_250Hz_gu1_AEP.conn,gu1,0.2763777777777778,0.27743703703703704,0.27792222222222224,0.2730518518518518,0.2692444444444444,0.2995074074074074,0.2956111111111111,0.28308518518518516,0.2787555555555556,0.27252592592592595,0.27134444444444444,0.26704814814814815,0.311237037037037,0.30136666666666667,0.3173888888888889,0.3174911111111111,0.30941777777777774,0.3076244444444444,0.3064733333333333,0.3088911111111111,0.30012888888888895,0.2975288888888889,0.30265555555555557,0.31231333333333333,0.3071666666666667,0.3053466666666667,0.30207555555555554,0.32111333333333336,0.3271644444444444,0.3368111111111111,0.3398177777777778,0.3404622222222222,0.3395755555555556,0.3424577777777778,0.3395088888888889,0.3460755555555556,0.3368511111111111,0.3347177777777778,0.33992,0.33775333333333335,0.33317777777777774,0.3365333333333333,0.3401911111111111,0.33996444444444446,0.3425222222222222,0.31841904761904755,0.32005396825396826,0.3214968253968254,0.3224063492063492,0.3220849206349206,0.3184238095238095,0.3143753968253969,0.3104071428571428,0.3103269841269841,0.32282698412698413,0.32446984126984135,0.32234920634920633,0.32715873015873015,0.32493888888888894,0.33213730158730154,0.3430518518518519,0.34180925925925926,0.3389629629629629,0.3330611111111111,0.3345314814814815,0.3399703703703704,0.34025,0.34076111111111107,0.3437592592592593,0.33518148148148147,0.33445925925925923,0.33080000000000004,0.34010370370370374,0.34152962962962957,0.34053148148148144,0.28966666666666663,0.291879365079365,0.2891687830687831,0.2851592592592593,0.28366772486772485,0.290379365079365,0.28977301587301585,0.2887481481481482,0.2856412698412698,0.29174021164021163,0.2884867724867725,0.28369047619047627,0.29082857142857144,0.29030899470899474,0.2958624338624339,Female,22,Adult,Tertiary,E,NC,ees20f22_250Hz_gu2_AEP.conn
MMS05F36,mms05f36_250Hz_gu1_AEP.conn,gu1,0.21445185185185187,0.20405555555555555,0.2041666666666667,0.21721481481481478,0.23054444444444444,0.25279999999999997,0.24833333333333338,0.24045185185185183,0.23204444444444447,0.21082962962962962,0.21038888888888888,0.2232111111111111,0.26925185185185185,0.25746296296296295,0.2523888888888889,0.28659777777777773,0.2927022222222222,0.2906444444444445,0.2847488888888889,0.27758444444444447,0.28702,0.28647333333333336,0.2839822222222222,0.2809022222222223,0.2944822222222222,0.29077333333333333,0.2835977777777778,0.29635333333333336,0.29166888888888887,0.3051911111111111,0.2695288888888888,0.27658,0.27764,0.2754466666666667,0.2706911111111111,0.2671488888888889,0.2662888888888889,0.2675622222222222,0.26909777777777777,0.27320222222222224,0.2741266666666667,0.2740288888888889,0.25610666666666665,0.2591066666666667,0.2679911111111111,0.26402460317460313,0.26971587301587296,0.27147063492063495,0.2706690476190477,0.2691222222222222,0.26881349206349203,0.2652563492063492,0.26461507936507933,0.266565873015873,0.2716142857142857,0.2763277777777778,0.27405317460317463,0.2699968253968254,0.2719563492063492,0.28534603174603174,0.2960555555555555,0.2886166666666667,0.2836296296296296,0.2775888888888889,0.28207037037037036,0.3066407407407407,0.30019814814814816,0.2949981481481481,0.2940203703703704,0.2919703703703703,0.2897314814814815,0.2837351851851852,0.29552962962962964,0.2914425925925926,0.29357592592592596,0.22907566137566138,0.23120793650793653,0.23344021164021164,0.2354386243386244,0.23785925925925927,0.23704074074074072,0.23202328042328044,0.23048835978835983,0.23154920634920634,0.23395396825396828,0.23580000000000007,0.23870582010582014,0.23459841269841267,0.23151693121693123,0.23941534391534394,Female,36,Adult,Adult,C,C,mms05f36_250Hz_gu2_AEP.conn
MMS13F24,mms13f24_250Hz_gu1_AEP.conn,gu1,0.24091111111111108,0.23372222222222225,0.23792592592592596,0.2323481481481481,0.22618518518518518,0.21175925925925929,0.22172222222222224,0.22914444444444446,0.23199629629629626,0.2321851851851852,0.2421444444444444,0.24058888888888888,0.24298888888888892,0.2579444444444445,0.28555925925925923,0.3155733333333333,0.32158666666666663,0.3324155555555556,0.3305022222222222,0.3244488888888889,0.3008911111111111,0.29935333333333336,0.3015466666666667,0.3096177777777778,0.31443111111111105,0.33074,0.3310222222222222,0.30940222222222225,0.3148311111111111,0.3475977777777778,0.29036,0.29469999999999996,0.30112,0.2966022222222222,0.3026977777777778,0.28600666666666663,0.2917022222222222,0.29712444444444447,0.3067466666666667,0.2912355555555555,0.2942333333333333,0.29732888888888886,0.2978933333333333,0.30050444444444446,0.30025999999999997,0.26382936507936505,0.2636579365079365,0.2665571428571428,0.2661968253968254,0.2692873015873015,0.2671515873015872,0.2678769841269841,0.2687873015873016,0.2693603174603175,0.2673452380952381,0.2675166666666667,0.25937539682539684,0.2845,0.27979126984126984,0.2722547619047619,0.2974518518518518,0.3026055555555555,0.30785,0.30912222222222224,0.3091,0.29867777777777776,0.3004481481481482,0.3034425925925926,0.30064814814814816,0.2976814814814815,0.2992814814814815,0.3027814814814815,0.2922277777777778,0.29450370370370366,0.2885703703703704,0.21981640211640205,0.22267724867724864,0.22378095238095236,0.22316402116402112,0.22306507936507936,0.21977089947089945,0.21927671957671957,0.2247603174603175,0.22558253968253972,0.23131375661375658,0.2320306878306878,0.2288904761904762,0.22560634920634923,0.22979947089947095,0.23533862433862437,Female,24,Adult,Adult,C,C,mms13f24_250Hz_gu2_AEP.conn
EES19F33,EES19f33_250Hz_gu1_AEP.conn,gu1,0.2035888888888889,0.1930925925925926,0.19789629629629632,0.19462962962962962,0.20405925925925925,0.21415925925925927,0.21735925925925925,0.21431851851851855,0.20355185185185184,0.19445555555555558,0.20200000000000004,0.20393333333333333,0.23497777777777776,0.233,0.22382592592592596,0.2539666666666667,0.25226000000000004,0.2589622222222222,0.25822222222222224,0.2579244444444444,0.27281555555555553,0.2686533333333333,0.2665844444444444,0.26887333333333335,0.2547844444444444,0.25900888888888884,0.26053777777777776,0.28587999999999997,0.28246444444444446,0.2683577777777778,0.22957111111111111,0.23648888888888892,0.23417777777777776,0.22898666666666667,0.22057777777777782,0.22936,0.23348444444444444,0.22414888888888887,0.22467555555555552,0.2334022222222222,0.23641111111111107,0.23134222222222225,0.23672222222222228,0.2312844444444444,0.2389355555555556,0.28184523809523815,0.2858126984126984,0.29032698412698416,0.29173809523809524,0.2928904761904762,0.2940674603174603,0.2905531746031746,0.28971904761904765,0.29073968253968246,0.29125476190476185,0.2919976190476191,0.29156031746031746,0.29842142857142856,0.2933928571428571,0.30841984126984123,0.3412722222222222,0.3451888888888888,0.3435629629629629,0.3435388888888889,0.337124074074074,0.3301648148148148,0.33496666666666663,0.33301851851851855,0.3279814814814815,0.3338055555555555,0.3365814814814814,0.34120925925925927,0.33891481481481484,0.33449999999999996,0.3329518518518519,0.22823650793650793,0.23218624338624338,0.23465132275132272,0.23424656084656084,0.2313349206349206,0.23678518518518518,0.23620211640211636,0.23446402116402115,0.23057089947089948,0.2339587301587302,0.23652698412698414,0.23845873015873018,0.23388730158730156,0.23306507936507936,0.23683915343915346,Female,33,Adult,Adult,E,NC,EES19f33_250Hz_gu2_AEP.conn
MMS14F25,mms14f25_250Hz_gu1_AEP.conn,gu1,0.2656296296296296,0.2614296296296297,0.26065925925925926,0.2603740740740741,0.26825185185185185,0.24641111111111114,0.2526407407407407,0.25696296296296295,0.24442962962962964,0.2609518518518519,0.25350370370370373,0.25144074074074074,0.28413333333333335,0.2795666666666667,0.27365555555555554,0.39763333333333334,0.41127777777777774,0.4181155555555556,0.4231355555555556,0.4197911111111111,0.4085466666666667,0.41053333333333325,0.40730666666666665,0.4010066666666666,0.41540222222222223,0.4219911111111111,0.42601111111111106,0.4266688888888889,0.4227333333333333,0.4319422222222222,0.3787511111111111,0.3794666666666667,0.3834133333333334,0.38776222222222223,0.38556666666666667,0.37921555555555553,0.3825555555555556,0.37732888888888894,0.3813022222222222,0.39309111111111106,0.39639111111111114,0.4001622222222222,0.38766888888888884,0.38560888888888883,0.3905511111111111,0.3456452380952381,0.34369365079365066,0.34277539682539676,0.3447698412698413,0.3466047619047619,0.34168968253968257,0.33865317460317457,0.33896984126984125,0.3426507936507937,0.34420079365079365,0.344734126984127,0.3415484126984127,0.3485206349206349,0.34759126984126987,0.3498825396825397,0.34951296296296297,0.3527185185185185,0.3604444444444444,0.3682277777777778,0.36109444444444444,0.36136666666666667,0.36169999999999997,0.3637111111111111,0.36389999999999995,0.3649611111111111,0.3668981481481481,0.36591851851851853,0.36098518518518513,0.361237037037037,0.36236666666666667,0.29033386243386244,0.28864074074074075,0.2856936507936508,0.2866253968253968,0.28739682539682543,0.2789439153439153,0.27857195767195764,0.2793084656084656,0.27863068783068784,0.2901756613756614,0.2876576719576719,0.2883084656084656,0.28568835978835977,0.2888619047619047,0.29157248677248676,Female,25,Adult,Adult,C,C,mms14f25_250Hz_gu2_AEP.conn
EES24F29,EES24F29_250Hz_gu1_AEP.conn,gu1,0.2802518518518518,0.2868296296296296,0.2849851851851852,0.2931666666666667,0.29534074074074074,0.25946296296296295,0.2670037037037037,0.2693333333333333,0.27606296296296295,0.28705185185185184,0.29221111111111114,0.2948111111111111,0.3009296296296296,0.29737037037037034,0.3238555555555556,0.30766,0.31102444444444444,0.3210133333333333,0.32837777777777777,0.32482444444444447,0.3127533333333333,0.3173111111111111,0.32089333333333336,0.32455555555555554,0.3082644444444445,0.31500222222222224,0.3198311111111111,0.3414622222222222,0.3458511111111111,0.3384622222222222,0.29914,0.30805777777777776,0.30895555555555554,0.3069866666666667,0.3020466666666667,0.32818,0.33406888888888886,0.3382244444444445,0.3305266666666667,0.31536222222222227,0.31447777777777774,0.3119822222222222,0.32150222222222224,0.32629777777777774,0.3109266666666667,0.333686507936508,0.33027222222222224,0.33280158730158726,0.33506587301587304,0.33714126984126985,0.3274007936507937,0.3306793650793651,0.331397619047619,0.3318,0.3303444444444445,0.3320785714285714,0.33352380952380944,0.3383777777777777,0.33814444444444447,0.3356896825396825,0.35123333333333334,0.3448074074074074,0.33795740740740743,0.33854629629629635,0.3393537037037037,0.323,0.32143333333333335,0.3249648148148148,0.33375,0.34351111111111116,0.3356037037037037,0.3358666666666666,0.3273037037037037,0.32750555555555555,0.33625925925925926,0.29663703703703703,0.30202962962962965,0.3085873015873015,0.3084116402116402,0.30844391534391535,0.2985772486772487,0.2978497354497354,0.29882962962962967,0.2959957671957672,0.30100846560846556,0.30707619047619045,0.30750740740740745,0.30151904761904763,0.3024497354497355,0.31099576719576716,Female,29,Adult,Adult,E,NC,EES24F29_250Hz_gu2_AEP.conn
MMS10F23,mms10f23_250Hz_gu1_AEP.conn,gu1,0.25994074074074075,0.2695148148148148,0.27990000000000004,0.2871296296296297,0.28312592592592595,0.276537037037037,0.2921666666666667,0.30609629629629626,0.2978851851851852,0.25530370370370375,0.258637037037037,0.26718888888888886,0.32551111111111114,0.3243481481481482,0.28483703703703706,0.32886000000000004,0.34121777777777773,0.3567488888888889,0.35946888888888895,0.3507644444444445,0.32789333333333326,0.32517333333333337,0.34033777777777774,0.3524777777777778,0.3377511111111111,0.35335777777777777,0.36084666666666665,0.3543355555555555,0.3626599999999999,0.36267777777777777,0.3633022222222223,0.3630577777777778,0.3603044444444444,0.36667111111111106,0.3737466666666666,0.3671333333333333,0.3705777777777778,0.3780733333333333,0.3822088888888889,0.3680066666666667,0.3649866666666667,0.3739044444444445,0.37662000000000007,0.3854533333333333,0.3679422222222222,0.34773253968253964,0.3430285714285714,0.34509841269841274,0.34542222222222224,0.34588015873015887,0.34212777777777786,0.34254365079365073,0.3405222222222222,0.34017380952380954,0.343,0.343347619047619,0.34190158730158726,0.3474134920634921,0.3440944444444445,0.34990476190476194,0.3394537037037037,0.3315185185185185,0.32709814814814814,0.3171425925925926,0.31132777777777776,0.31527962962962963,0.32917777777777774,0.33482407407407405,0.3344314814814815,0.32954444444444436,0.32481851851851856,0.316437037037037,0.3293759259259259,0.3345444444444445,0.31438148148148143,0.2865248677248677,0.2913783068783069,0.29322380952380955,0.2916439153439153,0.28605238095238095,0.2926698412698413,0.2855534391534392,0.2834058201058201,0.2873719576719576,0.29576772486772485,0.2945910052910053,0.2909703703703704,0.29005925925925924,0.2895783068783069,0.29829735449735456,Female,23,Adult,Adult,C,C,mms10f23_250Hz_gu2_AEP.conn
MMS15M25,mms15m25_250Hz_gu1_AEP.conn,gu1,0.21114814814814817,0.21184814814814812,0.20180740740740744,0.2013,0.21355925925925925,0.21393703703703704,0.21996666666666664,0.21960000000000002,0.20862222222222218,0.20377407407407408,0.1978296296296296,0.19824074074074072,0.24123333333333333,0.24257407407407405,0.23482222222222224,0.29812000000000005,0.2932444444444444,0.2897155555555556,0.29098888888888885,0.2956711111111111,0.2969488888888889,0.30099333333333333,0.2997133333333334,0.3021977777777778,0.2924422222222222,0.2892844444444444,0.2911955555555556,0.32191555555555557,0.3221422222222222,0.3093577777777778,0.3036488888888889,0.30235555555555554,0.29299333333333333,0.28665111111111113,0.2858288888888889,0.2974088888888889,0.3026466666666667,0.3035,0.2985888888888889,0.2986022222222222,0.2919488888888889,0.28739777777777775,0.2998844444444445,0.30312222222222224,0.29154444444444444,0.2878023809523809,0.288818253968254,0.288454761904762,0.28639920634920635,0.2872920634920635,0.29565714285714284,0.2969261904761904,0.2965325396825397,0.29402698412698414,0.28954761904761905,0.28802222222222224,0.28582777777777774,0.3074301587301587,0.30382301587301586,0.30195079365079364,0.32852037037037035,0.33082222222222224,0.3310814814814815,0.32691296296296296,0.32693888888888895,0.32945185185185183,0.3292981481481481,0.32605,0.3194259259259259,0.3346259259259259,0.3295574074074074,0.32671851851851846,0.33428148148148146,0.3317185185185185,0.33380370370370377,0.22872592592592586,0.22839312169312165,0.22790264550264552,0.22801587301587306,0.22682275132275131,0.2375195767195767,0.2336391534391534,0.23059576719576722,0.22880899470899468,0.2263518518518519,0.22690846560846561,0.22771375661375665,0.2368619047619048,0.2362148148148148,0.23095343915343913,Male,25,Adult,Adult,C,C,mms15m25_250Hz_gu2_AEP.conn
EES15F31,ees15f31_250Hz_gu1_AEP.conn,gu1,0.21501111111111113,0.21867037037037038,0.2201962962962963,0.2287,0.23764074074074074,0.2160074074074074,0.20846296296296296,0.20225185185185188,0.2087,0.2166851851851852,0.2136703703703704,0.2149925925925926,0.2501925925925926,0.24860740740740742,0.2407851851851852,0.2994044444444444,0.30490222222222224,0.3049022222222222,0.30305777777777776,0.3032311111111111,0.29849333333333333,0.29500444444444446,0.29514000000000007,0.2987977777777778,0.29991333333333337,0.2935711111111111,0.2899622222222222,0.31305777777777777,0.3108444444444444,0.30704888888888887,0.2234288888888889,0.21720888888888887,0.2223822222222222,0.23106222222222222,0.23100444444444443,0.2314711111111111,0.23312,0.2299488888888889,0.23002444444444442,0.21500000000000002,0.22038444444444444,0.22975333333333334,0.24082888888888893,0.24209333333333333,0.23035555555555556,0.22437936507936504,0.2226,0.21951031746031746,0.22141190476190475,0.22309206349206345,0.22383333333333333,0.2227396825396826,0.22209682539682538,0.22425714285714285,0.2249817460317461,0.2227873015873016,0.2234825396825397,0.2409492063492063,0.2372722222222222,0.2432174603174603,0.2702907407407407,0.27475740740740745,0.27703148148148143,0.274687037037037,0.2714833333333333,0.2637629629629629,0.2600518518518518,0.2667111111111111,0.272725925925926,0.26785185185185184,0.2679611111111111,0.26828888888888885,0.26105925925925927,0.2627814814814815,0.26360185185185186,0.20941798941798942,0.21152857142857145,0.21467195767195765,0.2163068783068783,0.2134026455026455,0.21185820105820105,0.21391693121693126,0.2161100529100529,0.2144941798941799,0.210063492063492,0.21282328042328044,0.21459312169312172,0.21592804232804236,0.2177476190476191,0.21293862433862432,Female,31,Adult,Adult,E,NC,ees15f31_250Hz_gu2_AEP.conn
MMS09F24,mms09f24_250Hz_gu1_AEP.conn,gu1,0.26043333333333335,0.24984444444444445,0.24543703703703704,0.2397,0.24228888888888891,0.2644148148148148,0.2652074074074075,0.26804814814814815,0.26452592592592594,0.24831851851851847,0.2457666666666667,0.24463333333333334,0.2897703703703704,0.29877037037037035,0.2834777777777778,0.2814377777777778,0.28872,0.28464888888888884,0.27632888888888885,0.27164,0.2825422222222222,0.2903688888888889,0.2911044444444444,0.2854911111111111,0.2854533333333333,0.28384,0.2779511111111111,0.3044888888888889,0.3046044444444444,0.3068577777777778,0.25194222222222223,0.25300666666666666,0.2479711111111111,0.24557333333333334,0.24846222222222222,0.24262666666666663,0.25079555555555555,0.25778888888888885,0.2586311111111111,0.2456644444444444,0.23981333333333335,0.23596666666666666,0.24455333333333332,0.2489466666666667,0.23364444444444446,0.2621698412698413,0.2628230158730158,0.26260873015873015,0.2629142857142857,0.26075714285714285,0.259484126984127,0.25966746031746035,0.25821825396825393,0.2575015873015873,0.2636412698412699,0.25938809523809525,0.2582944444444445,0.272965873015873,0.2690238095238095,0.27096507936507935,0.32417407407407406,0.32325185185185185,0.3185166666666666,0.3113592592592593,0.3051055555555555,0.31985185185185183,0.31352407407407407,0.3100574074074074,0.3048648148148148,0.32290555555555556,0.3194462962962963,0.31303888888888887,0.32356111111111113,0.3257518518518518,0.32900370370370374,0.24714338624338628,0.24671164021164024,0.24726296296296302,0.24928677248677247,0.25341375661375654,0.2551396825396826,0.25228677248677245,0.25026666666666664,0.24838253968253965,0.24921481481481483,0.24772328042328043,0.2482608465608466,0.2590015873015873,0.2580449735449736,0.2598465608465608,Female,24,Adult,Adult,C,C,mms09f24_250Hz_gu2_AEP.conn
MMS11F22,mms11f22_250Hz_gu1_AEP.conn,gu1,0.20879259259259256,0.21474814814814813,0.2143185185185185,0.20945925925925923,0.21025925925925923,0.19579999999999997,0.19152222222222223,0.19125925925925927,0.19056666666666666,0.20417407407407406,0.2066555555555555,0.2075703703703704,0.21699259259259263,0.22144074074074074,0.23262592592592593,0.3066,0.3122177777777778,0.3088155555555555,0.30597555555555556,0.3031933333333333,0.3007222222222222,0.3033888888888889,0.29969333333333337,0.29716444444444445,0.3061088888888889,0.30987333333333333,0.3102244444444445,0.3258111111111111,0.32252000000000003,0.31861111111111107,0.31609777777777776,0.32022,0.3176466666666667,0.31346444444444443,0.3104088888888889,0.2940244444444445,0.30127333333333334,0.31146666666666667,0.3120422222222222,0.31794222222222224,0.3202711111111111,0.3147711111111111,0.30729999999999996,0.3181088888888889,0.31946222222222226,0.26615714285714287,0.26668571428571436,0.2646190476190476,0.2586261904761905,0.25799682539682534,0.25941587301587304,0.2604031746031746,0.26145079365079366,0.26354761904761903,0.26599126984126986,0.26554761904761903,0.2615650793650794,0.26623412698412696,0.26421428571428573,0.2737150793650794,0.26735185185185184,0.2705074074074074,0.27138518518518523,0.2657351851851852,0.2606203703703704,0.2762685185185185,0.27886111111111117,0.27672962962962966,0.27567592592592594,0.2704648148148148,0.27148518518518516,0.2718814814814815,0.28459074074074076,0.2857851851851852,0.27486666666666665,0.2322761904761905,0.22813333333333333,0.22381375661375666,0.22718571428571424,0.2303862433862434,0.2314031746031746,0.2311227513227514,0.23447936507936507,0.23594074074074076,0.23235132275132275,0.2296904761904762,0.23120052910052916,0.24057513227513233,0.24093174603174608,0.2415296296296296,Female,22,Adult,Tertiary,C,C,mms11f22_250Hz_gu2_AEP.conn
MMS08M24,mms08m24_250Hz_gu1_AEP.conn,gu1,0.1969814814814815,0.20285925925925927,0.20040370370370372,0.1985851851851852,0.2026851851851852,0.1979074074074074,0.19304444444444444,0.1897,0.19991851851851852,0.1932962962962963,0.19535555555555553,0.1976148148148148,0.21918148148148145,0.21125555555555556,0.22499259259259263,0.27316444444444443,0.2744511111111111,0.2707066666666667,0.26851777777777774,0.26819111111111116,0.27588444444444443,0.27429555555555557,0.26936666666666664,0.2654022222222222,0.2778222222222222,0.2760444444444444,0.2748733333333333,0.28833333333333333,0.2868866666666666,0.29803555555555555,0.3189133333333333,0.3088977777777778,0.2993111111111112,0.2964777777777778,0.29961333333333334,0.2935777777777778,0.29324,0.29906444444444447,0.30242444444444444,0.30838,0.29975333333333337,0.29973999999999995,0.2879933333333333,0.2930022222222222,0.29866666666666664,0.32091031746031745,0.32642063492063494,0.32499126984126986,0.32325317460317454,0.32286269841269843,0.32260555555555553,0.31904682539682533,0.3181841269841269,0.3190507936507937,0.3261761904761905,0.32351507936507934,0.3193992063492064,0.3307603174603175,0.3288015873015873,0.33511031746031744,0.3132925925925926,0.3201092592592593,0.3253296296296296,0.32800925925925933,0.33634814814814823,0.3217,0.3215388888888889,0.32652037037037035,0.3269925925925926,0.32128333333333337,0.32564074074074073,0.32728518518518523,0.32608148148148147,0.3274592592592593,0.32524259259259264,0.2612873015873016,0.25975661375661374,0.25485185185185194,0.252331746031746,0.2551513227513228,0.2591005291005291,0.26260582010582006,0.2639931216931217,0.26227619047619044,0.2577661375661376,0.25684074074074076,0.25353809523809523,0.2660571428571428,0.2672042328042328,0.26142380952380956,Male,24,Adult,Adult,C,C,mms08m24_250Hz_gu2_AEP.conn
MMS12M23,mms12m23_250Hz_gu1_AEP.conn,gu1,0.2093925925925926,0.2063148148148148,0.20578888888888888,0.2059185185185185,0.20473703703703705,0.22534444444444443,0.223537037037037,0.2283925925925926,0.2290148148148148,0.21182222222222222,0.21542592592592594,0.21634814814814815,0.2684851851851852,0.2735666666666667,0.2554222222222222,0.3007,0.2956511111111111,0.2926422222222222,0.2901222222222222,0.29021111111111114,0.30619555555555555,0.3038355555555555,0.30635111111111113,0.30873333333333336,0.2943866666666667,0.29493111111111114,0.2938288888888889,0.33305555555555555,0.3303288888888889,0.3190777777777778,0.2983511111111111,0.3013244444444444,0.2985,0.2973577777777777,0.2962066666666667,0.2960155555555556,0.3028822222222222,0.3111933333333333,0.3106377777777778,0.2984577777777778,0.3004822222222222,0.3035866666666667,0.3022488888888889,0.30444666666666664,0.29353999999999997,0.3010801587301587,0.3042007936507936,0.3071063492063492,0.3056690476190476,0.3037412698412698,0.30377857142857145,0.3071134920634921,0.3054904761904762,0.30685476190476185,0.3041690476190476,0.30561507936507937,0.3037,0.3169555555555555,0.31841507936507935,0.3129809523809524,0.35935185185185187,0.3636203703703704,0.3701185185185185,0.3750685185185185,0.3728888888888889,0.3634074074074074,0.3671166666666667,0.36821666666666664,0.36664074074074077,0.3572425925925926,0.36268518518518517,0.3652981481481481,0.3604981481481482,0.3594351851851852,0.35965555555555556,0.2284989417989418,0.23005079365079362,0.23218624338624338,0.23443015873015874,0.23402010582010585,0.23684179894179894,0.2401550264550265,0.2428084656084656,0.24070687830687834,0.22865661375661372,0.23203968253968255,0.234326455026455,0.24227407407407403,0.2418005291005291,0.23791746031746025,Male,23,Adult,Adult,C,C,mms12m23_250Hz_gu2_AEP.conn
EES16F34,EES16f34_250Hz_gu1_AEP.conn,gu1,0.2464037037037037,0.24407037037037035,0.23963333333333334,0.24611481481481481,0.2556629629629629,0.24207777777777775,0.24067407407407407,0.23347407407407408,0.23185185185185186,0.24974814814814816,0.24774444444444446,0.2512407407407407,0.2809222222222223,0.2756888888888889,0.287174074074074,0.36590888888888895,0.3654066666666667,0.3603533333333334,0.35667333333333334,0.35347555555555554,0.35855555555555557,0.3579,0.36120444444444444,0.3649,0.3663222222222222,0.3625688888888889,0.36311777777777776,0.38886666666666675,0.3907977777777778,0.38353333333333334,0.40099999999999997,0.40679333333333334,0.4070377777777777,0.4053622222222222,0.3951666666666666,0.3861866666666667,0.39002222222222216,0.3948088888888889,0.3975533333333333,0.4048066666666667,0.40651555555555563,0.40374,0.37721111111111116,0.3806333333333334,0.3931866666666667,0.3439396825396826,0.3462722222222222,0.34260634920634925,0.33962857142857145,0.33392936507936516,0.3402380952380952,0.33874603174603185,0.33750238095238094,0.3381611111111112,0.3456452380952381,0.34385396825396825,0.3385420634920635,0.3452452380952381,0.343202380952381,0.3497706349206349,0.37480370370370375,0.3703481481481481,0.3694185185185186,0.3752370370370371,0.37197777777777774,0.36024259259259256,0.36030740740740747,0.3646777777777778,0.37304444444444446,0.3805925925925926,0.37912407407407406,0.38345370370370374,0.35685925925925926,0.3620962962962963,0.38209444444444446,0.2895079365079365,0.2861058201058201,0.28565978835978834,0.28879841269841267,0.2910169312169312,0.2884925925925925,0.2899634920634921,0.28817777777777775,0.2843645502645503,0.2874619047619048,0.28755026455026456,0.2884195767195767,0.29202486772486774,0.2891830687830688,0.28962380952380956,Female,34,Adult,Adult,E,NC,EES16f34_250Hz_gu2_AEP.conn
EES12F24,ees12f24_250Hz_gu1_AEP.conn,gu1,0.23263333333333336,0.23694444444444443,0.24611111111111114,0.24278518518518521,0.24590740740740738,0.23719629629629627,0.24298518518518517,0.2500777777777778,0.2321777777777778,0.22825185185185184,0.24788518518518518,0.24587407407407405,0.2707296296296297,0.2750925925925926,0.2752148148148148,0.29652666666666666,0.30006444444444447,0.31507555555555555,0.32435111111111115,0.33352444444444446,0.32324,0.3263822222222222,0.3248533333333333,0.31026444444444445,0.29203999999999997,0.3111111111111111,0.32465333333333335,0.3357333333333334,0.3357911111111111,0.3286155555555555,0.3137644444444444,0.3094222222222222,0.3090044444444444,0.31211999999999995,0.3055711111111111,0.3267355555555556,0.31727555555555553,0.3097488888888889,0.3044955555555556,0.31907555555555556,0.3114688888888889,0.3070777777777778,0.3125133333333333,0.3055688888888889,0.3242111111111111,0.3205571428571428,0.32440396825396833,0.3241079365079365,0.32051507936507934,0.3255920634920635,0.34109365079365084,0.33624206349206354,0.33103333333333335,0.32386825396825397,0.322518253968254,0.3244492063492063,0.31876587301587295,0.3448801587301587,0.3410111111111111,0.33132698412698414,0.34997407407407405,0.3469333333333333,0.3438833333333333,0.34457592592592595,0.3480814814814815,0.35748148148148146,0.34243703703703704,0.3456074074074074,0.3400111111111111,0.33939259259259263,0.33822962962962966,0.34251481481481477,0.34420370370370373,0.3509648148148148,0.34044629629629625,0.28368518518518515,0.28847248677248677,0.2894820105820106,0.290574074074074,0.2913523809523809,0.29623544973544974,0.29819735449735446,0.2954761904761905,0.2886285714285715,0.28564814814814815,0.28566613756613757,0.28518624338624343,0.30042433862433865,0.3021513227513227,0.2849132275132275,Female,24,Adult,Adult,E,NC,ees12f24_250Hz_gu2_AEP.conn
EES17F38,EES17F38_250Hz_gu1_AEP.conn,gu1,0.18460000000000001,0.1732888888888889,0.16548148148148148,0.16737777777777776,0.1663037037037037,0.19654814814814814,0.19634444444444443,0.19033703703703705,0.18960370370370372,0.17556666666666665,0.17138518518518517,0.17630740740740744,0.21109259259259258,0.20911111111111116,0.2092074074074074,0.29887555555555556,0.2927288888888889,0.29255333333333333,0.29179999999999995,0.29035333333333335,0.2744288888888889,0.26840222222222226,0.26901111111111115,0.2744622222222223,0.2906022222222222,0.2924111111111111,0.29339777777777776,0.2846044444444444,0.28863777777777777,0.30560888888888893,0.24641333333333332,0.2504466666666667,0.2561755555555556,0.2541333333333333,0.24888666666666664,0.2461288888888889,0.2536644444444444,0.25451999999999997,0.24488,0.2483111111111111,0.2582422222222222,0.2592488888888889,0.2472,0.24996888888888885,0.25415777777777776,0.20776587301587307,0.20339365079365077,0.20596428571428568,0.2074738095238095,0.2085079365079365,0.20804126984126983,0.21371825396825397,0.21594047619047618,0.2111484126984127,0.20442539682539682,0.20850873015873014,0.20701507936507935,0.22700714285714288,0.2297666666666667,0.22404682539682538,0.24043148148148144,0.23947037037037042,0.23365185185185186,0.23015,0.2270333333333333,0.24049074074074075,0.24003888888888888,0.23760000000000003,0.23729999999999996,0.23650555555555555,0.23467222222222225,0.2309037037037037,0.24968888888888885,0.2544388888888889,0.24515555555555557,0.19616666666666666,0.19496402116402112,0.19358465608465614,0.19485608465608464,0.1960984126984127,0.19583915343915348,0.19902645502645508,0.20225502645502644,0.20041693121693122,0.19687989417989418,0.1946253968253968,0.19263703703703702,0.19910105820105817,0.20216402116402113,0.20452222222222222,Female,38,Adult,Adult,E,NC,EES17F38_250Hz_gu2_AEP.conn
EES13M27,ees13m27_250Hz_gu1_AEP.conn,gu1,0.2660740740740741,0.2738148148148148,0.28019999999999995,0.28511851851851855,0.28443703703703704,0.2698185185185185,0.27041481481481483,0.2725296296296296,0.27070740740740745,0.26604444444444436,0.27373333333333333,0.28321481481481486,0.29545185185185185,0.29538888888888887,0.29894444444444446,0.30542888888888886,0.3086466666666667,0.31066888888888894,0.3087488888888889,0.3050333333333334,0.29809555555555556,0.29882444444444445,0.30159333333333327,0.29875555555555555,0.31153555555555557,0.30903333333333327,0.30702666666666667,0.31257111111111113,0.3128622222222222,0.3249333333333333,0.2986777777777778,0.2996311111111111,0.3013244444444444,0.29616888888888887,0.2898044444444444,0.30262888888888895,0.30165333333333333,0.3045111111111111,0.30498000000000003,0.3067422222222222,0.30839777777777777,0.30051555555555554,0.30428444444444447,0.30788666666666664,0.30391333333333337,0.30228809523809524,0.3015976190476191,0.3010230158730159,0.30113730158730156,0.3017087301587302,0.3089746031746032,0.30743888888888893,0.30485396825396827,0.30125952380952375,0.30420317460317464,0.30226190476190473,0.29842380952380954,0.3174571428571428,0.3145896825396826,0.3088404761904762,0.3680685185185186,0.369787037037037,0.36913888888888885,0.36894074074074074,0.3652203703703703,0.3673796296296296,0.3678629629629629,0.3675592592592592,0.3662759259259259,0.3694,0.3671074074074074,0.36389444444444446,0.36585555555555554,0.3662,0.3631611111111111,0.2581465608465609,0.2622232804232804,0.2618984126984127,0.25961693121693125,0.25608253968253963,0.2562328042328042,0.25792116402116405,0.256905291005291,0.2560333333333333,0.2639497354497354,0.2627412698412698,0.261068253968254,0.2601132275132275,0.26029947089947086,0.2677693121693121,Male,27,Adult,Adult,E,NC,ees13m27_250Hz_gu2_AEP.conn
MMS17M25,mms17m25_250Hz_gu1_AEP.conn,gu1,0.22047777777777777,0.21518518518518517,0.20764814814814817,0.2182481481481481,0.2174074074074074,0.23080740740740743,0.22613703703703703,0.22589259259259262,0.2338185185185185,0.21508888888888886,0.20799629629629626,0.21233703703703707,0.261437037037037,0.25852592592592594,0.24607037037037038,0.27949999999999997,0.2786444444444444,0.2768177777777778,0.2731466666666667,0.2673022222222222,0.2786288888888889,0.27584888888888887,0.27566222222222225,0.2830933333333333,0.27323555555555556,0.2654333333333333,0.26516222222222224,0.29244,0.2904977777777778,0.2840177777777777,0.32720666666666665,0.32316,0.32001777777777785,0.31473999999999996,0.3066133333333333,0.31516,0.31591555555555556,0.3162088888888889,0.32187333333333334,0.32252222222222227,0.3155822222222222,0.30672222222222223,0.3092711111111111,0.3087533333333333,0.31708444444444445,0.3454404761904761,0.34734126984126984,0.3496031746031746,0.350604761904762,0.3515357142857143,0.3476277777777778,0.3495642857142858,0.3487999999999999,0.3483611111111111,0.34787142857142855,0.3473055555555556,0.3441976190476191,0.35611587301587305,0.3550436507936508,0.35421666666666674,0.3448833333333334,0.3495888888888889,0.35006851851851856,0.3528388888888889,0.35184074074074073,0.35254074074074077,0.3458018518518518,0.34400000000000003,0.34416296296296295,0.3430907407407407,0.34188888888888885,0.3435462962962963,0.34956111111111104,0.34608148148148143,0.34995370370370366,0.2962285714285715,0.29524497354497353,0.2955232804232804,0.29318518518518516,0.29055185185185184,0.29675026455026454,0.29560687830687826,0.2952703703703704,0.2941216931216931,0.2941465608465609,0.29709576719576725,0.29545925925925925,0.3011423280423281,0.3007835978835979,0.3008142857142857,Male,25,Adult,Adult,C,C,mms17m25_250Hz_gu2_AEP.conn
MMS07F25A,mms07f25A_250Hz_gu1_AEP.conn,gu1,0.2240037037037037,0.22362962962962965,0.2271925925925926,0.22286296296296296,0.21232592592592595,0.20514444444444443,0.20862222222222224,0.21873703703703704,0.22202592592592593,0.23448148148148149,0.24072962962962965,0.234962962962963,0.24438518518518518,0.2527481481481481,0.2773518518518519,0.2986355555555555,0.2958022222222222,0.29345777777777776,0.2889044444444444,0.2894222222222222,0.2953488888888889,0.28452222222222223,0.2790444444444445,0.2827355555555556,0.3087088888888888,0.3050933333333333,0.2961977777777778,0.30566444444444446,0.3042866666666667,0.3292688888888889,0.2710688888888889,0.2741288888888889,0.27881555555555554,0.2816933333333333,0.2829555555555555,0.28064,0.27212666666666663,0.26726666666666665,0.2706666666666667,0.27470222222222224,0.2760333333333333,0.2805688888888889,0.277,0.2731222222222222,0.2658622222222222,0.21376428571428568,0.2119420634920635,0.21351111111111112,0.21316190476190475,0.21710555555555552,0.22339126984126986,0.2171587301587301,0.21430158730158727,0.20950079365079363,0.21043571428571425,0.2142190476190476,0.21608492063492069,0.2330698412698413,0.22763809523809528,0.23271984126984124,0.26447222222222216,0.2594722222222222,0.2532555555555555,0.25224259259259263,0.2559592592592593,0.26162407407407406,0.2599444444444445,0.26276666666666665,0.2723703703703704,0.26004444444444447,0.2578185185185185,0.2597055555555556,0.25826481481481484,0.2618388888888889,0.2667777777777778,0.2175962962962963,0.21589259259259258,0.21705767195767198,0.21917460317460313,0.22224444444444447,0.21514814814814814,0.21726243386243382,0.21983068783068782,0.2188148148148148,0.21751322751322752,0.21597142857142856,0.21825026455026456,0.2253931216931217,0.22569470899470906,0.22112698412698412,Female,25,Adult,Adult,C,C,mms07f25A_250Hz_gu2_AEP.conn
R16E05G10,R16E05g10_info1_250Hz_gu1_AEP.conn,gu1,0.2799481481481481,0.2864259259259259,0.2815,0.2941148148148148,0.2984111111111111,0.27676296296296293,0.28088148148148145,0.2909888888888889,0.2929037037037037,0.29499629629629626,0.286337037037037,0.2926111111111111,0.31343703703703707,0.31524444444444444,0.3271777777777778,0.3209355555555556,0.3219155555555556,0.32164,0.32337333333333335,0.3226555555555556,0.3407177777777778,0.34221333333333337,0.32725333333333334,0.3155222222222222,0.3185733333333333,0.31450666666666666,0.3189355555555555,0.35878888888888893,0.3482444444444444,0.33754222222222224,0.2711911111111111,0.2716022222222222,0.2734599999999999,0.2840177777777778,0.27723333333333333,0.2699666666666667,0.28419777777777777,0.29269999999999996,0.28252222222222223,0.2736933333333333,0.27283111111111114,0.2835755555555556,0.28417555555555557,0.2885133333333333,0.26525333333333334,0.2905968253968254,0.2891595238095238,0.28564126984126986,0.2851277777777778,0.2790769841269842,0.2777,0.28757063492063495,0.29171111111111114,0.2920079365079365,0.2888920634920635,0.28679206349206343,0.2826777777777778,0.30160714285714285,0.30209682539682536,0.297086507936508,0.3611814814814815,0.3540240740740741,0.3543740740740741,0.34279629629629627,0.3387222222222222,0.3429518518518518,0.35211296296296296,0.3552018518518518,0.3512759259259259,0.3473907407407408,0.34921296296296295,0.34312777777777775,0.35024814814814814,0.3586240740740741,0.3511962962962963,0.2869915343915344,0.28876349206349206,0.2965455026455026,0.2983761904761905,0.2990555555555556,0.28976243386243383,0.2954243386243386,0.30207566137566133,0.30727301587301586,0.2875375661375661,0.294168783068783,0.29607883597883594,0.3006079365079365,0.3066555555555555,0.2965015873015873,Female,10,8-12,Elementary,E,NC,R16E05g10_info1_250Hz_gu2_AEP.conn
R16E01Y10G,R16E01y10g_info1_250Hz_gu1_AEP.conn,gu1,0.30646666666666667,0.3131074074074074,0.3100703703703704,0.2909407407407408,0.2914481481481481,0.3023777777777778,0.3006111111111111,0.3067518518518519,0.29944444444444446,0.30786296296296295,0.2982185185185185,0.28143333333333337,0.32851111111111114,0.33302592592592595,0.33337407407407404,0.34764888888888895,0.3476377777777778,0.34930666666666665,0.3492311111111111,0.35257111111111106,0.3588733333333333,0.3587488888888889,0.35724888888888884,0.3464688888888889,0.34189777777777774,0.3412444444444444,0.3468955555555556,0.38045333333333337,0.3728088888888889,0.35032222222222226,0.2705044444444445,0.27592,0.28134444444444445,0.2847488888888889,0.2821177777777778,0.2886711111111111,0.2885577777777778,0.28515999999999997,0.2824844444444444,0.2775311111111111,0.28776,0.2895777777777778,0.2727333333333334,0.26632888888888884,0.2827911111111111,0.262234126984127,0.26840555555555556,0.2706484126984127,0.2685571428571428,0.2663166666666667,0.26815952380952385,0.2674833333333333,0.25786190476190474,0.2529579365079365,0.2664261904761905,0.2727198412698413,0.27273095238095235,0.2844706349206349,0.2805063492063492,0.28098968253968254,0.34079629629629626,0.34180925925925926,0.3462574074074074,0.35734074074074074,0.34990000000000004,0.36147407407407406,0.35681481481481486,0.3549111111111111,0.35039444444444445,0.34547962962962964,0.35175925925925927,0.3585629629629629,0.3597981481481482,0.3597000000000001,0.3543888888888889,0.3263592592592593,0.32685291005291006,0.3201830687830688,0.314226455026455,0.31071534391534394,0.31278994708994706,0.31106402116402115,0.3164666666666666,0.3192375661375661,0.32303333333333334,0.3132407407407407,0.309689417989418,0.3114587301587302,0.3162941798941799,0.32007989417989424,Female,10,8-12,Elementary,E,NC,R16E01y10g_info1_250Hz_gu2_AEP.conn
R16E20B4,R16E20b4_info1_250Hz_gu1_AEP.conn,gu1,0.3612703703703704,0.3688222222222222,0.38291111111111115,0.3895074074074074,0.38915925925925926,0.4057555555555555,0.4042259259259258,0.3950259259259259,0.38376666666666664,0.3638925925925926,0.37494074074074074,0.3804333333333334,0.42199259259259253,0.41788148148148146,0.39059629629629633,0.44101999999999997,0.4456888888888889,0.45283555555555555,0.4504777777777778,0.45637999999999995,0.4222066666666667,0.4166755555555556,0.41245111111111116,0.4067155555555556,0.4404533333333333,0.4493666666666667,0.4449244444444444,0.44014444444444445,0.4358955555555556,0.45280444444444445,0.41552000000000006,0.4193666666666666,0.4076422222222222,0.40122222222222226,0.3968088888888889,0.4187444444444445,0.4282,0.4218333333333334,0.40857777777777776,0.4041422222222223,0.3975311111111111,0.39120888888888883,0.40679333333333334,0.3986955555555555,0.38647333333333334,0.3538198412698413,0.3585420634920635,0.36125158730158724,0.3620603174603176,0.36149761904761907,0.35709682539682536,0.35485793650793646,0.3509682539682539,0.34701666666666664,0.36101190476190476,0.36366428571428566,0.36398492063492066,0.36664761904761906,0.3610706349206349,0.3654111111111111,0.40935555555555564,0.40421481481481486,0.4003055555555555,0.41437777777777773,0.4190888888888889,0.4269407407407407,0.4266425925925925,0.4302722222222222,0.43167037037037037,0.39955,0.39829444444444445,0.41320555555555555,0.44338148148148143,0.4343277777777778,0.41666296296296296,0.3725597883597884,0.369405291005291,0.3690608465608466,0.36773492063492064,0.3684687830687831,0.3679291005291005,0.3734111111111111,0.3793417989417989,0.38297301587301585,0.3689301587301587,0.36711904761904757,0.36846772486772494,0.37932751322751324,0.3803534391534392,0.3716386243386244,Male,4,5-7,Elementary,E,NC,R16E20b4_info1_250Hz_gu2_AEP.conn
R16E09G10,R16E09g10_info1_250Hz_gu1_AEP.conn,gu1,0.3335074074074074,0.33926666666666666,0.3497037037037037,0.35549629629629637,0.3452592592592592,0.3319925925925926,0.3198962962962963,0.31590740740740736,0.3002222222222222,0.34633703703703705,0.35885555555555554,0.3639851851851852,0.3322407407407408,0.33567777777777774,0.3913222222222222,0.4046,0.4016,0.39860444444444443,0.39850222222222226,0.4020444444444444,0.4136044444444444,0.40486666666666665,0.3967288888888889,0.38426444444444446,0.40469333333333335,0.40166444444444444,0.4025777777777778,0.4178133333333333,0.41421111111111114,0.4202044444444445,0.34111111111111114,0.33559555555555554,0.3373177777777777,0.33816222222222225,0.3413844444444445,0.3393711111111111,0.3372088888888889,0.32649555555555554,0.3242999999999999,0.33424666666666664,0.33303333333333335,0.3321711111111111,0.33831333333333335,0.33403777777777777,0.3188844444444444,0.35776111111111114,0.357968253968254,0.36406507936507937,0.3641,0.3632269841269841,0.363595238095238,0.3629547619047619,0.36823968253968253,0.3692761904761905,0.3600587301587301,0.3642690476190476,0.3614428571428571,0.3719246031746032,0.37602539682539676,0.3715563492063492,0.38873703703703705,0.3862111111111111,0.377625925925926,0.37789629629629634,0.3756,0.3958185185185185,0.39198888888888894,0.3893222222222222,0.38554629629629633,0.37681111111111115,0.37222777777777777,0.3731351851851852,0.37576666666666664,0.3712111111111111,0.36562222222222224,0.2909693121693121,0.2908619047619047,0.28598571428571423,0.2890851851851852,0.293842328042328,0.3044978835978836,0.2964772486772486,0.29326560846560845,0.2951582010582011,0.2910402116402116,0.2883354497354497,0.28927301587301596,0.2964042328042328,0.2909031746031746,0.2919693121693122,Female,10,8-12,Elementary,E,NC,R16E09g10_info1_250Hz_gu2_AEP.conn
R16S12G8,R16S12g8_info1_250Hz_gu1_AEP.conn,gu1,0.2952037037037037,0.2964703703703704,0.2950962962962963,0.2947814814814815,0.30618148148148144,0.31404814814814813,0.3139296296296296,0.3137074074074075,0.32205925925925927,0.3136962962962963,0.30974814814814816,0.303974074074074,0.3612962962962963,0.3592703703703704,0.35052962962962964,0.4073133333333333,0.40748666666666666,0.4075822222222222,0.4123022222222222,0.4124822222222222,0.3998488888888889,0.4027266666666667,0.40879777777777776,0.41581777777777773,0.42453111111111114,0.42153333333333337,0.41728,0.4307488888888889,0.43707555555555555,0.45132000000000005,0.3938711111111111,0.39364000000000005,0.39132,0.38320888888888893,0.3804133333333333,0.36587555555555556,0.3597666666666667,0.3622822222222222,0.36998444444444445,0.39811555555555556,0.39752,0.3883577777777778,0.36339777777777776,0.3712377777777778,0.40235111111111105,0.37424444444444444,0.3708579365079365,0.3676444444444445,0.3637531746031746,0.36394206349206343,0.3692642857142857,0.3706269841269841,0.3721190476190476,0.376134126984127,0.37151507936507944,0.367831746031746,0.3615777777777777,0.3747952380952381,0.3760698412698412,0.3698246031746032,0.3400925925925926,0.3373888888888889,0.3425777777777778,0.3473148148148148,0.3443388888888889,0.3544518518518518,0.35665925925925923,0.3577574074074074,0.3631203703703703,0.3401555555555556,0.3448333333333333,0.3492111111111111,0.3680481481481482,0.3695296296296296,0.35075555555555554,0.2770904761904762,0.2768724867724868,0.2752,0.27267089947089945,0.2718597883597883,0.27330423280423277,0.27240846560846566,0.27487142857142854,0.27538941798941796,0.2796973544973545,0.2793952380952381,0.2770359788359788,0.27578095238095235,0.27674179894179896,0.28545396825396824,Female,8,8-12,Elementary,S,NC,R16S12g8_info1_250Hz_gu2_AEP.conn
R16L01SY06,R16L01sy06_info1_250Hz_gu1_AEP.conn,gu1,0.29687407407407407,0.2910444444444445,0.280362962962963,0.26985185185185184,0.27224444444444446,0.28925925925925927,0.27927407407407406,0.27060740740740735,0.26733333333333337,0.29093703703703705,0.2747777777777778,0.2709888888888889,0.3083888888888889,0.3048111111111111,0.3055259259259259,0.3572111111111111,0.3538666666666667,0.3447688888888889,0.3458822222222222,0.3488444444444444,0.35636888888888885,0.3468133333333333,0.3429422222222222,0.3477511111111112,0.35142666666666666,0.3460777777777778,0.34859555555555555,0.3621777777777778,0.36011777777777776,0.37834,0.32437555555555553,0.31710000000000005,0.3282266666666666,0.33527777777777773,0.33630666666666664,0.3314577777777778,0.3345311111111111,0.33605777777777784,0.3373377777777778,0.31975777777777775,0.3280088888888889,0.3320222222222223,0.3385711111111111,0.34124444444444446,0.32963333333333333,0.31315317460317466,0.3165523809523809,0.3194928571428571,0.3251873015873016,0.32945714285714284,0.32699047619047616,0.3260055555555556,0.32532222222222223,0.32295158730158724,0.3246325396825397,0.3284769841269841,0.33134523809523814,0.3390626984126984,0.3362753968253968,0.34609285714285704,0.41653518518518523,0.41882962962962966,0.4198759259259259,0.42130185185185187,0.41919999999999996,0.42893703703703706,0.42948518518518514,0.42332962962962967,0.41819074074074075,0.4237870370370371,0.42316296296296296,0.4243148148148148,0.4288555555555556,0.42705,0.43778333333333336,0.3071015873015873,0.3040566137566138,0.3001650793650794,0.29987883597883597,0.3020529100529101,0.298205291005291,0.3042714285714286,0.30475925925925923,0.3069973544973545,0.3016460317460317,0.30100952380952384,0.3012126984126984,0.3037703703703703,0.30143597883597884,0.30167830687830693,Female,6,5-7,Elementary,S,NC,R16L01sy06_info1_250Hz_gu2_AEP.conn
R16S17G6,R16S17g6_info1_250Hz_gu1_AEP.conn,gu1,0.2761185185185185,0.2814111111111111,0.2809185185185185,0.2815259259259259,0.27536666666666665,0.29883703703703707,0.28574814814814814,0.26056666666666667,0.25514444444444445,0.2959259259259259,0.29321851851851854,0.29509259259259263,0.3325185185185185,0.3084777777777778,0.3221185185185185,0.3678844444444444,0.3669355555555556,0.37192,0.38321111111111106,0.3885311111111111,0.38543777777777777,0.37823555555555555,0.3704266666666667,0.3680555555555555,0.3774444444444444,0.38223555555555555,0.3930111111111111,0.40311555555555556,0.3961088888888889,0.3994466666666667,0.3579622222222222,0.36417777777777777,0.3638688888888889,0.3657066666666667,0.3636533333333333,0.3634377777777778,0.3672111111111111,0.3713577777777778,0.3685111111111111,0.37257555555555555,0.3723688888888889,0.37249333333333334,0.36543555555555557,0.36814444444444444,0.36797777777777785,0.373247619047619,0.3761769841269841,0.3731349206349206,0.3710706349206348,0.3673682539682539,0.3721253968253969,0.37809603174603174,0.37872619047619044,0.37695873015873016,0.38150555555555554,0.37588492063492074,0.37059603174603184,0.3816087301587302,0.3807436507936508,0.38319920634920634,0.3476166666666667,0.3592851851851852,0.3613,0.3565777777777777,0.36003518518518524,0.36731851851851854,0.36397777777777773,0.3607518518518518,0.3597037037037037,0.3615814814814815,0.3630518518518519,0.3534629629629629,0.36358148148148145,0.36329814814814815,0.3579851851851852,0.2928634920634921,0.29575978835978833,0.30185925925925927,0.30369629629629624,0.3017661375661375,0.30487619047619047,0.3051820105820105,0.30553015873015876,0.3052291005291006,0.2986359788359788,0.3047190476190476,0.3058592592592592,0.3034597883597884,0.305231746031746,0.30441587301587303,Female,6,5-7,Elementary,S,NC,R16S17g6_info1_250Hz_gu2_AEP.conn
R16BF06G8,R16BF06g8_info1_250Hz_gu1_AEP.conn,gu1,0.44289259259259256,0.42675555555555555,0.41294814814814806,0.41834814814814814,0.42956666666666665,0.4410777777777777,0.44665925925925926,0.4487074074074075,0.44284444444444443,0.4277814814814815,0.4134333333333334,0.41977037037037035,0.45859259259259266,0.461062962962963,0.42951481481481485,0.4724733333333334,0.47450666666666663,0.47671777777777785,0.47698,0.47088888888888886,0.4778711111111111,0.4808755555555555,0.4907755555555555,0.49535333333333326,0.4703777777777778,0.4728244444444445,0.4722844444444444,0.4935733333333333,0.4985977777777778,0.47378666666666663,0.4113822222222222,0.4078444444444445,0.40539333333333333,0.39459333333333335,0.3842888888888889,0.4093577777777778,0.4112177777777778,0.4084955555555556,0.40191999999999994,0.3922644444444444,0.39143999999999995,0.3871977777777778,0.4103444444444445,0.4027777777777778,0.3803422222222222,0.4086087301587301,0.4097126984126983,0.41084365079365076,0.41326746031746037,0.41719603174603176,0.41430476190476195,0.4153904761904762,0.4163071428571428,0.4154801587301587,0.4051261904761905,0.4086015873015873,0.41345238095238096,0.4304301587301587,0.4304174603174603,0.43420476190476204,0.46823518518518514,0.4739925925925925,0.47538148148148146,0.47798888888888885,0.4712703703703704,0.46666481481481475,0.4715685185185186,0.47330185185185186,0.4718685185185185,0.4773944444444444,0.47847777777777784,0.4802166666666667,0.46803888888888895,0.46954629629629624,0.4637814814814815,0.41301058201058194,0.41387724867724857,0.4140904761904762,0.4137206349206348,0.4129291005291006,0.41180370370370367,0.4158910052910053,0.41720899470899475,0.4144994708994709,0.41382539682539676,0.41292486772486775,0.413641798941799,0.417694708994709,0.41979999999999995,0.41686984126984133,Female,8,8-12,Elementary,S,NC,R16BF06g8_info1_250Hz_gu2_AEP.conn
R16E02Y06B,R16E02y06b_info1_250Hz_gu1_AEP.conn,gu1,0.49949259259259254,0.49702222222222225,0.5031703703703704,0.49853703703703706,0.5063666666666666,0.5165888888888889,0.49473703703703703,0.47797407407407405,0.47847407407407405,0.4985814814814815,0.5070074074074075,0.5013703703703704,0.5006185185185186,0.4954111111111111,0.5237518518518519,0.4946822222222222,0.4982444444444444,0.4981355555555556,0.49717111111111106,0.5021066666666667,0.5161155555555555,0.5027644444444445,0.4977844444444445,0.5028955555555557,0.5027111111111111,0.5008222222222223,0.5007577777777776,0.5174755555555555,0.51664,0.5031644444444445,0.5088311111111111,0.5082066666666667,0.5053022222222223,0.5019155555555554,0.5039222222222222,0.5133622222222222,0.524951111111111,0.5344111111111112,0.5336266666666667,0.5110822222222222,0.5097400000000001,0.5073644444444444,0.5180644444444444,0.5273133333333334,0.5028333333333334,0.43360396825396824,0.42921904761904756,0.42538492063492067,0.42641031746031743,0.4291190476190477,0.4431285714285714,0.4437126984126985,0.4417999999999999,0.44140238095238093,0.42395555555555553,0.4219500000000001,0.4196444444444443,0.4469801587301586,0.4423087301587301,0.4247825396825398,0.5155740740740741,0.5197166666666667,0.5157907407407407,0.5135037037037038,0.5187370370370371,0.5317611111111111,0.5101074074074073,0.5092222222222222,0.5103555555555556,0.517937037037037,0.5111944444444444,0.5070814814814815,0.5006703703703703,0.5007703703703703,0.4903722222222222,0.44635502645502645,0.44801111111111114,0.445079365079365,0.4436365079365079,0.4399597883597884,0.4352031746031746,0.4362978835978837,0.4407195767195765,0.4413460317460317,0.44805608465608465,0.4431708994708995,0.44355026455026436,0.44693386243386246,0.4482989417989418,0.4520962962962963,Female,6,5-7,Elementary,E,NC,R16E02y06b_info1_250Hz_gu2_AEP.conn
R16A02G05B,R16A02g05b_info1_250Hz_gu1_AEP.conn,gu1,0.2978333333333333,0.2939111111111111,0.27876666666666666,0.2518888888888889,0.23916296296296294,0.2483037037037037,0.23968888888888892,0.26143333333333335,0.2957259259259259,0.2865814814814815,0.27214074074074074,0.25588518518518516,0.28527037037037034,0.31294444444444447,0.29081481481481486,0.3414422222222222,0.3391533333333333,0.34919777777777783,0.3508888888888889,0.36018222222222224,0.3648622222222222,0.36297555555555555,0.3793844444444444,0.3957111111111111,0.3422688888888889,0.35102222222222224,0.35777999999999993,0.3803066666666667,0.40627111111111114,0.37395999999999996,0.3596155555555556,0.36722888888888894,0.3622533333333333,0.35534,0.35592,0.39441333333333334,0.38607555555555556,0.38336,0.3756355555555556,0.37037555555555557,0.36548444444444445,0.36097111111111113,0.3798044444444445,0.37261555555555553,0.3715977777777778,0.3095468253968254,0.31678333333333336,0.319,0.31897698412698416,0.3145968253968254,0.29966746031746033,0.30386428571428564,0.30213412698412695,0.3000476190476191,0.31175793650793654,0.31390873015873016,0.31501666666666667,0.32343333333333335,0.3200563492063492,0.3299039682539683,0.4239648148148148,0.43552777777777774,0.43861111111111106,0.4417833333333334,0.42592777777777774,0.42414074074074076,0.4316518518518519,0.42982777777777786,0.42663333333333336,0.43299629629629627,0.43780370370370375,0.4469518518518518,0.44527592592592596,0.43738518518518515,0.44226111111111116,0.39809682539682545,0.4036497354497354,0.40425449735449737,0.3982375661375662,0.39075925925925925,0.38936772486772486,0.389957671957672,0.3906783068783069,0.38554920634920636,0.4038518518518519,0.3992074074074074,0.3932883597883598,0.3910809523809525,0.3921740740740741,0.39489259259259263,Female,5,5-7,Elementary,A,NC,R16A02g05b_info1_250Hz_gu2_AEP.conn
R16E14B10,R16E14b10_info1_250Hz_gu1_AEP.conn,gu1,0.2205851851851852,0.21401851851851852,0.21307407407407408,0.21153333333333335,0.20442592592592593,0.20650370370370366,0.20763703703703704,0.20634444444444444,0.21157037037037038,0.22748888888888885,0.22165185185185185,0.2117851851851852,0.24128148148148143,0.24057037037037035,0.2617925925925926,0.32463777777777775,0.3284422222222222,0.32777333333333336,0.3262111111111111,0.32732666666666665,0.3289511111111111,0.33025111111111116,0.33668444444444445,0.3385311111111111,0.3298755555555556,0.32918000000000003,0.33287555555555554,0.34822222222222216,0.34900888888888887,0.34998444444444443,0.35021555555555556,0.34512,0.3412311111111111,0.33636222222222223,0.3392911111111111,0.34132666666666667,0.34584888888888893,0.35013111111111106,0.34888444444444444,0.34189777777777774,0.34068,0.33897777777777777,0.3456288888888889,0.35224222222222223,0.34811777777777775,0.2883126984126984,0.28627619047619046,0.28339603174603173,0.2829507936507937,0.283934126984127,0.28044047619047613,0.2799746031746032,0.2806833333333333,0.27766269841269847,0.2878309523809524,0.2843626984126984,0.28213809523809524,0.2897246031746032,0.29737936507936513,0.29629761904761903,0.3053240740740741,0.2993314814814814,0.30138333333333334,0.31032037037037036,0.3134518518518518,0.32375,0.3202333333333333,0.31435555555555555,0.31106296296296293,0.29553888888888885,0.30089074074074074,0.3124574074074074,0.3208666666666667,0.31577037037037037,0.3172148148148148,0.2518671957671958,0.2534343915343915,0.25274285714285716,0.25209417989417987,0.25102645502645504,0.24378306878306874,0.2463063492063492,0.2479619047619047,0.24746190476190474,0.2530455026455026,0.2526862433862434,0.25234021164021164,0.24958359788359785,0.2491640211640211,0.25443280423280423,Male,10,8-12,Elementary,E,NC,R16E14b10_info1_250Hz_gu2_AEP.conn
R16A07B12,R16A07b12_info1_250Hz_gu1_AEP.conn,gu1,0.3101222222222222,0.33034074074074077,0.3234222222222223,0.3213,0.3287074074074074,0.2961777777777778,0.3065074074074074,0.30260000000000004,0.309437037037037,0.32866666666666666,0.3311185185185185,0.3305259259259259,0.3383037037037037,0.3226888888888889,0.36022592592592595,0.41484,0.4182377777777778,0.41662444444444435,0.4056688888888888,0.39209999999999995,0.4261444444444445,0.43672666666666665,0.4454488888888889,0.4420955555555556,0.4155822222222222,0.4175066666666666,0.4155511111111111,0.44358666666666674,0.4420688888888889,0.44202,0.38265111111111116,0.3709266666666666,0.36292,0.3634822222222222,0.36517555555555553,0.3663777777777778,0.3583777777777778,0.3725666666666666,0.3754911111111111,0.36471777777777775,0.3623,0.35609999999999997,0.3592888888888889,0.37479999999999997,0.3650177777777778,0.393118253968254,0.3974285714285714,0.3960396825396825,0.3998182539682539,0.40757857142857146,0.4002031746031746,0.3996960317460317,0.3973071428571429,0.3915984126984126,0.3990055555555555,0.3981436507936508,0.40106428571428576,0.41792539682539687,0.4178912698412698,0.4309269841269841,0.4182981481481481,0.4184000000000001,0.4111592592592593,0.41550925925925924,0.4435222222222223,0.4601833333333334,0.45123703703703705,0.43047962962962966,0.41271851851851854,0.41555370370370365,0.4043962962962963,0.4130888888888889,0.4557074074074074,0.4398037037037037,0.41360555555555556,0.35427513227513224,0.34767883597883603,0.3422851851851852,0.34198518518518517,0.3525285714285714,0.3581592592592592,0.35656455026455025,0.35515026455026455,0.35692222222222225,0.3475169312169312,0.3402439153439153,0.34198677248677256,0.3552619047619047,0.35760317460317464,0.35244867724867723,Male,12,8-12,Secondary,A,NC,R16A07b12_info1_250Hz_gu2_AEP.conn
R16S18G10,R16S18g10_info1_250Hz_gu1_AEP.conn,gu1,0.28537037037037044,0.2821222222222222,0.27757777777777776,0.27838518518518524,0.28908148148148144,0.2887296296296296,0.29054074074074077,0.2958,0.3123888888888889,0.2871185185185185,0.2776296296296296,0.27422962962962966,0.32075925925925924,0.3199370370370371,0.3011814814814815,0.35326,0.3502022222222222,0.35168888888888894,0.35471555555555556,0.3593266666666667,0.36258,0.3633044444444444,0.35714,0.3590088888888888,0.3494111111111111,0.35327777777777775,0.36134000000000005,0.38200222222222224,0.38025777777777775,0.37216444444444446,0.3135066666666667,0.30775555555555556,0.30242666666666673,0.2987022222222222,0.29624000000000006,0.3244911111111111,0.32625111111111116,0.3160222222222222,0.30735111111111113,0.30570444444444445,0.3048044444444445,0.30106888888888883,0.3084422222222222,0.30691999999999997,0.3040866666666666,0.3191452380952381,0.31958571428571425,0.316834126984127,0.30860000000000004,0.30336428571428575,0.3299587301587302,0.3304738095238095,0.32655,0.3197960317460318,0.3181952380952381,0.31847460317460313,0.3133611111111111,0.34111507936507934,0.33998333333333336,0.33045714285714284,0.3240925925925926,0.3198814814814815,0.31456481481481485,0.31272407407407404,0.3123351851851852,0.31880000000000003,0.3177759259259259,0.31343518518518515,0.3092333333333333,0.3201314814814815,0.31185740740740747,0.30679814814814815,0.31986851851851855,0.3143814814814815,0.31359444444444445,0.25067619047619044,0.2514555555555556,0.2516455026455026,0.2540021164021164,0.2557100529100529,0.258305291005291,0.2589566137566138,0.25782592592592596,0.2568693121693122,0.2520301587301587,0.2523804232804233,0.2538661375661375,0.2608936507936508,0.2620851851851852,0.25355132275132275,Female,10,8-12,Elementary,S,NC,R16S18g10_info1_250Hz_gu2_AEP.conn
R16E06Y08G8,R16E06y08g8_info1_250Hz_gu1_AEP.conn,gu1,0.3266,0.32522222222222225,0.3180925925925926,0.3147962962962963,0.3296777777777778,0.30875925925925923,0.2896296296296296,0.2878,0.2891888888888889,0.3330074074074074,0.3379074074074074,0.33293333333333336,0.30205185185185185,0.2861222222222222,0.3519222222222223,0.3502266666666667,0.3285444444444444,0.3370577777777778,0.3272088888888889,0.3269355555555556,0.3376088888888889,0.3219955555555555,0.33330222222222217,0.3426177777777778,0.33171555555555554,0.3412066666666667,0.3370288888888889,0.3389511111111111,0.35201111111111105,0.3520844444444444,0.3370022222222222,0.32800222222222225,0.3275777777777778,0.32084888888888885,0.31794666666666666,0.3437111111111112,0.35123999999999994,0.37479999999999997,0.3766933333333333,0.3366488888888889,0.3315311111111111,0.3248155555555556,0.33261777777777773,0.3422133333333333,0.3511533333333333,0.3477103174603175,0.3436174603174603,0.3387873015873017,0.33732936507936506,0.33836269841269845,0.36042380952380954,0.358515873015873,0.35725873015873016,0.34900396825396823,0.3517753968253968,0.35206746031746033,0.34609047619047617,0.3695150793650793,0.35989523809523816,0.36531269841269837,0.402587037037037,0.40195000000000003,0.4072925925925926,0.4061574074074074,0.4149537037037037,0.40833888888888886,0.4035777777777778,0.40581666666666666,0.4129944444444445,0.39241666666666664,0.4016018518518519,0.40505185185185183,0.3959685185185185,0.39945,0.3983481481481482,0.3581857142857143,0.35906243386243386,0.3553941798941799,0.34572857142857144,0.34290846560846555,0.34955026455026456,0.3429301587301587,0.3418857142857143,0.34677037037037034,0.3592206349206349,0.35193439153439154,0.3439576719576721,0.3450878306878306,0.34753809523809515,0.34437460317460317,Female,8,8-12,Elementary,E,NC,R16E06y08g8_info1_250Hz_gu2_AEP.conn
R16E19B5,R16E19b5_info1_250Hz_gu1_AEP.conn,gu1,0.3075185185185185,0.295362962962963,0.3086962962962962,0.3257851851851852,0.34572592592592594,0.3345037037037037,0.3372777777777778,0.34277407407407406,0.34544814814814817,0.31087037037037035,0.3271851851851852,0.3391259259259259,0.35413333333333336,0.3627703703703704,0.3569962962962963,0.4339222222222222,0.42810444444444445,0.42928888888888894,0.43848000000000004,0.4398355555555556,0.4430022222222222,0.4444133333333333,0.4466111111111111,0.4455888888888889,0.42423333333333335,0.43209777777777775,0.43332,0.4362733333333333,0.4415622222222222,0.4504,0.44136444444444445,0.45151555555555556,0.45226444444444447,0.45194888888888884,0.4474422222222222,0.4588222222222222,0.4631822222222223,0.46153111111111117,0.4494644444444445,0.4497977777777778,0.4541911111111111,0.46081111111111106,0.45278888888888885,0.4593777777777778,0.45535333333333333,0.48819682539682535,0.4864539682539682,0.487247619047619,0.49134682539682545,0.49288650793650784,0.48175238095238093,0.48351587301587307,0.48495238095238097,0.48560317460317465,0.49340555555555554,0.49331904761904755,0.4951325396825396,0.4934134920634921,0.49140396825396826,0.5022293650793651,0.4263555555555556,0.4354759259259258,0.44225000000000003,0.4413925925925926,0.4465333333333333,0.42152592592592586,0.4279314814814814,0.4384425925925926,0.4342685185185185,0.4358203703703703,0.44332037037037036,0.4439888888888888,0.43541666666666673,0.440875925925926,0.45056481481481475,0.3513126984126984,0.35164074074074075,0.3574074074074074,0.3601719576719577,0.3585984126984127,0.3428751322751323,0.34705291005291006,0.34932380952380954,0.34948306878306873,0.35590582010582017,0.3590148148148148,0.3581100529100529,0.3549650793650794,0.3587095238095238,0.36283068783068784,Male,5,5-7,Elementary,E,NC,R16E19b5_info1_250Hz_gu2_AEP.conn
R16S04G5,R16S04g5_info1_250Hz_gu1_AEP.conn,gu1,0.2751333333333333,0.27233703703703704,0.28422962962962967,0.28861111111111115,0.28807037037037025,0.26292592592592595,0.2619851851851852,0.26782962962962964,0.2719777777777778,0.26199999999999996,0.2736222222222222,0.2715888888888889,0.27345555555555556,0.2803962962962963,0.2818888888888889,0.31914000000000003,0.3224066666666666,0.3190155555555555,0.3246266666666666,0.32216888888888884,0.34238222222222225,0.3380311111111111,0.3353422222222222,0.33427999999999997,0.3180311111111111,0.31319777777777774,0.31356222222222224,0.3448733333333333,0.34792666666666666,0.32464666666666664,0.28250000000000003,0.27802444444444446,0.27340888888888887,0.26965555555555554,0.2570822222222222,0.28872000000000003,0.2966755555555555,0.28749777777777774,0.2815755555555556,0.26924888888888887,0.2608444444444445,0.25651111111111113,0.28663777777777777,0.28123333333333334,0.2636355555555555,0.30153015873015876,0.30134444444444447,0.2950198412698412,0.2924730158730159,0.2957746031746032,0.2921468253968254,0.29962380952380957,0.31002380952380953,0.31146587301587303,0.299218253968254,0.29545238095238097,0.29413333333333336,0.30427380952380956,0.31138412698412704,0.31606904761904764,0.3339351851851852,0.33323888888888886,0.3351203703703704,0.33162592592592594,0.3296296296296296,0.3495,0.34432037037037033,0.3350851851851852,0.32493518518518516,0.34269074074074074,0.3456166666666667,0.3402703703703704,0.344487037037037,0.34332222222222225,0.35743703703703705,0.2675761904761905,0.264452380952381,0.2578957671957672,0.2577460317460317,0.2633280423280423,0.27070529100529095,0.26635079365079367,0.2624005291005291,0.2608582010582011,0.2732365079365079,0.26440264550264553,0.2600460317460318,0.26792645502645496,0.2598883597883598,0.27073386243386244,Female,5,5-7,Elementary,S,NC,R16S04g5_info1_250Hz_gu2_AEP.conn
R16S25B8,R16S25b8_info1_250Hz_gu1_AEP.conn,gu1,0.3549111111111111,0.36341851851851853,0.3580703703703703,0.33643333333333336,0.32684814814814817,0.34608888888888895,0.33698888888888884,0.3514925925925925,0.3446666666666667,0.36298888888888886,0.3594592592592593,0.3434296296296296,0.3586592592592593,0.37245185185185187,0.3797407407407407,0.37998666666666664,0.37824222222222215,0.3780733333333334,0.37849555555555553,0.38616,0.3948155555555556,0.3898666666666667,0.39974666666666664,0.39773111111111115,0.37777555555555553,0.3807866666666667,0.38091111111111114,0.4094955555555556,0.41669333333333336,0.40417555555555557,0.44408000000000003,0.43827999999999995,0.43304222222222216,0.4273244444444445,0.4183066666666666,0.4314955555555556,0.42043555555555556,0.41545111111111116,0.41627111111111115,0.42424,0.41852444444444437,0.41848888888888885,0.40463111111111116,0.3978022222222222,0.4047333333333333,0.4139206349206349,0.41679285714285713,0.40597539682539674,0.40897301587301593,0.41068174603174606,0.4208055555555555,0.41319999999999996,0.41366269841269837,0.4115896825396826,0.42146428571428574,0.41032142857142856,0.4112873015873016,0.41766825396825397,0.4143460317460317,0.41504365079365074,0.39886481481481484,0.40031481481481485,0.39813148148148153,0.3953444444444445,0.38825,0.3955648148148148,0.39505555555555555,0.40043888888888884,0.40447962962962963,0.40006666666666674,0.39847407407407404,0.39534259259259263,0.39244814814814816,0.39869074074074073,0.39643888888888884,0.3337862433862434,0.3287433862433862,0.3240275132275132,0.32004920634920636,0.3207380952380952,0.32759365079365077,0.3292015873015873,0.3245465608465608,0.3326952380952381,0.32925132275132274,0.3229962962962963,0.3210470899470899,0.3243999999999999,0.31872275132275135,0.31629206349206346,Male,8,8-12,Elementary,S,NC,R16S25b8_info1_250Hz_gu2_AEP.conn
R16E15G5,R16E15g5_info1_250Hz_gu1_AEP.conn,gu1,0.19218518518518515,0.19216666666666668,0.1973074074074074,0.19613333333333335,0.19542222222222225,0.18705555555555553,0.19496666666666665,0.20046666666666665,0.19557777777777777,0.20383333333333334,0.2005962962962963,0.19711111111111113,0.23198518518518518,0.22631111111111113,0.23483703703703704,0.2815022222222222,0.2762133333333333,0.27281777777777777,0.27697555555555553,0.2760666666666667,0.2620488888888889,0.2664844444444444,0.2797311111111111,0.2841866666666667,0.2777333333333333,0.2762177777777778,0.2828822222222222,0.2898422222222222,0.2997777777777778,0.30234444444444447,0.26824222222222216,0.2596311111111111,0.2539911111111111,0.2582066666666667,0.26861333333333337,0.2831377777777778,0.2790488888888889,0.2822622222222222,0.2887488888888889,0.2549311111111111,0.25071555555555564,0.2552311111111111,0.2515933333333334,0.2584666666666667,0.2476288888888889,0.25156428571428574,0.2450706349206349,0.24165476190476193,0.24651507936507938,0.2496142857142857,0.24728015873015874,0.2471833333333334,0.2476833333333333,0.25169444444444444,0.2463309523809524,0.24111587301587298,0.24550952380952376,0.2585349206349206,0.2636833333333333,0.26302460317460313,0.31884814814814816,0.3141277777777778,0.30815,0.30102222222222225,0.3057925925925926,0.2939537037037037,0.29806481481481484,0.3037666666666667,0.3074388888888889,0.3171,0.30865,0.30077222222222216,0.3131685185185185,0.3196555555555555,0.3168111111111111,0.26124444444444445,0.25817936507936506,0.258931216931217,0.26458571428571437,0.2658867724867725,0.2724111111111111,0.2743,0.2763433862433863,0.27592751322751324,0.26201058201058197,0.26200687830687835,0.26663544973544984,0.2719100529100529,0.27461322751322753,0.2671507936507937,Female,5,5-7,Elementary,E,NC,R16E15g5_info1_250Hz_gu2_AEP.conn
R16A01BY08,R16A01by08_info1_250Hz_gu1_AEP.conn,gu1,0.2844259259259259,0.29198148148148145,0.28824074074074074,0.2926222222222222,0.3000185185185185,0.27570370370370373,0.27630740740740745,0.28363333333333335,0.28397407407407405,0.3036370370370371,0.29689629629629627,0.29142222222222225,0.32805185185185187,0.33985925925925925,0.31579259259259257,0.3760577777777778,0.3824533333333333,0.39380000000000004,0.40684,0.39957111111111115,0.37980666666666674,0.3801622222222222,0.38433555555555554,0.38161999999999996,0.39672888888888885,0.4093866666666667,0.4214044444444444,0.4164,0.42488000000000004,0.42765111111111115,0.34473111111111115,0.35794,0.3720955555555555,0.38252444444444444,0.36058444444444443,0.35729555555555553,0.3632222222222222,0.3794533333333333,0.3761488888888889,0.3536577777777778,0.3642555555555555,0.3790644444444445,0.36232666666666663,0.37790666666666667,0.37001999999999996,0.3324087301587301,0.3314087301587302,0.33281507936507937,0.3327849206349206,0.33060079365079365,0.3298968253968254,0.3325531746031746,0.3416357142857143,0.3458873015873016,0.33782460317460317,0.33986111111111106,0.33649841269841263,0.33812142857142863,0.3464492063492064,0.34834126984126984,0.43260370370370366,0.43041851851851853,0.4333888888888889,0.4296037037037037,0.4145925925925926,0.407962962962963,0.4047351851851852,0.40040925925925924,0.40131851851851846,0.4283981481481482,0.4371796296296297,0.43799814814814825,0.41295185185185185,0.40687777777777784,0.4169500000000001,0.3407486772486773,0.34476878306878306,0.3449137566137566,0.34375978835978843,0.34203492063492064,0.33704708994709,0.3352507936507937,0.33658095238095237,0.33905026455026455,0.3463989417989418,0.35082328042328037,0.3491074074074075,0.33013174603174605,0.33352751322751323,0.3392661375661376,Female,8,8-12,Elementary,A,NC,R16A01by08_info1_250Hz_gu2_AEP.conn
R16E11B5,R16E11b5_info1_250Hz_gu1_AEP.conn,gu1,0.3293962962962963,0.3324037037037037,0.32683703703703704,0.32537407407407404,0.32938148148148144,0.3192074074074074,0.32276666666666665,0.3305296296296297,0.3301296296296296,0.3188740740740741,0.3195148148148148,0.33072962962962965,0.34828888888888887,0.3617814814814815,0.36116296296296296,0.3489844444444444,0.34963777777777777,0.34664000000000006,0.3422066666666667,0.3408777777777778,0.3539422222222222,0.3520688888888889,0.356,0.3541066666666666,0.3486022222222222,0.3443466666666667,0.33802666666666664,0.3631955555555556,0.3689866666666667,0.36615777777777775,0.32417555555555555,0.31458444444444444,0.31015333333333334,0.31077777777777776,0.31807555555555556,0.3274822222222222,0.3265,0.32821333333333336,0.33409333333333335,0.32728,0.3229155555555556,0.32097999999999993,0.3341777777777778,0.33306222222222226,0.3373711111111111,0.32692619047619054,0.32252380952380955,0.3219944444444444,0.3203174603174603,0.3164928571428572,0.3210698412698413,0.32125714285714285,0.32339206349206345,0.3278174603174603,0.32469920634920635,0.3226349206349206,0.32276428571428567,0.3409976190476191,0.33959603174603176,0.3376198412698412,0.3967055555555556,0.3894388888888889,0.3822277777777778,0.3808833333333334,0.37508333333333327,0.37998518518518515,0.37569629629629636,0.37675,0.3823888888888889,0.38815740740740745,0.3791185185185186,0.3802777777777779,0.37491481481481487,0.37360925925925925,0.37745,0.31907354497354495,0.3195391534391534,0.32039788359788357,0.3229751322751323,0.3213386243386243,0.3169814814814814,0.3185608465608466,0.32138677248677244,0.3231830687830688,0.32016613756613754,0.3196174603174603,0.32210846560846557,0.3238804232804233,0.32797248677248675,0.32070317460317455,Male,5,5-7,Elementary,E,NC,R16E11b5_info1_250Hz_gu2_AEP.conn
R16S13B9,R16S13b9_info1_250Hz_gu1_AEP.conn,gu1,0.2103814814814815,0.20894444444444446,0.20470000000000002,0.21435925925925928,0.22162222222222225,0.21315555555555554,0.21614444444444444,0.2107851851851852,0.21272222222222223,0.20919999999999997,0.21228518518518522,0.22138888888888886,0.25208888888888886,0.2399185185185185,0.24302962962962962,0.3251266666666667,0.3277088888888889,0.3147755555555556,0.30960444444444446,0.30523333333333336,0.30493333333333333,0.30558444444444444,0.3086022222222222,0.31010666666666664,0.32091555555555557,0.3148666666666667,0.31888,0.32296666666666674,0.33587333333333336,0.3327666666666666,0.33660222222222225,0.3375977777777778,0.3345444444444444,0.3342488888888889,0.33248444444444447,0.32558000000000004,0.3266733333333333,0.32637555555555553,0.3236533333333333,0.33779777777777775,0.34094888888888886,0.34280444444444447,0.3301977777777778,0.33458,0.3587022222222222,0.3195126984126984,0.3205507936507937,0.3202857142857143,0.32182539682539685,0.3209301587301587,0.3277396825396826,0.3247222222222222,0.31947301587301585,0.3172833333333333,0.3223698412698413,0.32107777777777774,0.3227023809523809,0.3278404761904762,0.3268595238095237,0.33421031746031743,0.34535740740740745,0.34098888888888884,0.33426481481481485,0.33247777777777776,0.3372351851851852,0.33812592592592594,0.3347462962962963,0.33469814814814813,0.33598888888888884,0.34132777777777773,0.33203333333333335,0.33185925925925924,0.33360555555555554,0.33916296296296294,0.34407222222222217,0.30226772486772485,0.2948645502645503,0.28762275132275134,0.28954656084656083,0.291342328042328,0.29599682539682537,0.29794814814814824,0.296163492063492,0.2966396825396826,0.2911767195767196,0.28545185185185185,0.29053597883597887,0.3047809523809524,0.30185661375661377,0.29142222222222225,Male,9,8-12,Elementary,S,NC,R16S13b9_info1_250Hz_gu2_AEP.conn
R16S16G11,R16S16g11_info1_250Hz_gu1_AEP.conn,gu1,0.3494925925925925,0.35126296296296294,0.35847777777777773,0.3536925925925926,0.34259259259259256,0.3717185185185185,0.34936296296296293,0.3336222222222222,0.3302037037037037,0.36055925925925925,0.35752222222222224,0.3505037037037037,0.385962962962963,0.3738555555555556,0.3820037037037037,0.4379088888888889,0.43572222222222223,0.43787111111111116,0.4488733333333334,0.44782,0.45330666666666675,0.4435133333333333,0.43194,0.42710444444444445,0.4352422222222222,0.43954666666666664,0.4509888888888889,0.46183555555555555,0.4571666666666667,0.4560088888888889,0.3856222222222222,0.39278222222222225,0.3929311111111111,0.4027955555555556,0.41337333333333326,0.4183888888888889,0.4140088888888889,0.40316888888888885,0.3999288888888889,0.40312888888888887,0.4100844444444444,0.41839777777777776,0.40801999999999994,0.40626888888888885,0.41992666666666667,0.4089285714285715,0.4106984126984127,0.4080603174603175,0.4024055555555556,0.40536587301587307,0.39433015873015875,0.39138253968253967,0.39427460317460306,0.3903777777777777,0.41065634920634914,0.4073380952380953,0.40154682539682546,0.40289365079365075,0.4055746031746032,0.4117968253968254,0.4170722222222223,0.4153925925925926,0.419724074074074,0.42322592592592595,0.42576296296296295,0.4112648148148148,0.4242574074074074,0.42306481481481484,0.42092037037037033,0.4154259259259259,0.41334074074074073,0.4152037037037037,0.40752777777777777,0.4031018518518519,0.4205592592592593,0.34471481481481475,0.3457074074074074,0.34897724867724866,0.3489719576719576,0.35176719576719573,0.35052962962962964,0.35439788359788355,0.35531534391534386,0.35730158730158734,0.3438645502645502,0.3479179894179895,0.3483179894179894,0.3571095238095238,0.3575873015873016,0.3508904761904762,Female,11,8-12,Elementary,S,NC,R16S16g11_info1_250Hz_gu2_AEP.conn
R16E10G9,R16E10g9_info1_250Hz_gu1_AEP.conn,gu1,0.2744888888888889,0.28431851851851847,0.29338888888888887,0.2983185185185185,0.29021111111111114,0.30517037037037037,0.30157407407407405,0.3027148148148148,0.3009037037037037,0.28889629629629626,0.2975259259259259,0.30870740740740743,0.3346074074074074,0.3370222222222223,0.3387185185185185,0.39330666666666664,0.3988155555555556,0.3989155555555556,0.39918444444444445,0.3972688888888889,0.38851111111111114,0.39247333333333334,0.40511555555555556,0.41601333333333335,0.4031133333333333,0.40336888888888894,0.40361111111111114,0.4155822222222222,0.42474444444444437,0.4237911111111111,0.3724244444444444,0.3793111111111111,0.38075111111111115,0.37590666666666667,0.3676022222222223,0.3827844444444444,0.3755688888888889,0.3697666666666667,0.3568733333333333,0.36869777777777774,0.3696533333333333,0.36356,0.3660777777777778,0.36124,0.35810444444444445,0.35347539682539686,0.35362380952380956,0.3516087301587301,0.3484214285714286,0.3502309523809524,0.3559007936507937,0.3549547619047619,0.35553968253968254,0.3549666666666667,0.35608095238095233,0.35686507936507944,0.3560452380952381,0.36610079365079357,0.37020396825396823,0.3666119047619048,0.3843648148148148,0.38126296296296297,0.3832074074074074,0.378924074074074,0.38356851851851853,0.37287962962962967,0.3801259259259259,0.3859388888888889,0.38780925925925924,0.3908833333333333,0.3904240740740741,0.38807777777777774,0.38590740740740737,0.3931425925925926,0.39143703703703703,0.3208910052910053,0.3223783068783069,0.3250952380952381,0.31867354497354494,0.31270211640211637,0.30982539682539684,0.3076851851851852,0.3073407407407408,0.3079433862433862,0.32085396825396834,0.3208095238095238,0.3172582010582011,0.3145920634920635,0.3137793650793651,0.32117566137566134,Female,9,8-12,Elementary,E,NC,R16E10g9_info1_250Hz_gu2_AEP.conn
R16E04G10,R16E04g10_info1_250Hz_gu1_AEP.conn,gu1,0.176237037037037,0.1764037037037037,0.17791111111111113,0.18172222222222223,0.1821259259259259,0.17795925925925926,0.1822814814814815,0.18542222222222224,0.1914703703703704,0.18388518518518518,0.19032592592592593,0.19715555555555556,0.21402962962962965,0.21558888888888886,0.23665555555555554,0.3116155555555556,0.30232444444444445,0.30754888888888887,0.31622666666666666,0.3135911111111111,0.30942444444444445,0.31056,0.31697333333333333,0.31986888888888887,0.30226888888888886,0.3054288888888889,0.3149777777777778,0.33582666666666666,0.3418222222222222,0.32769777777777775,0.3234666666666667,0.32927555555555554,0.32958,0.3301311111111111,0.32974000000000003,0.3311044444444445,0.33089111111111114,0.3288311111111111,0.32915555555555553,0.3271333333333334,0.3290444444444445,0.3292222222222222,0.3347311111111111,0.3354755555555555,0.3326711111111111,0.32084047619047623,0.3223642857142857,0.3239595238095238,0.3212880952380952,0.3157063492063492,0.31906111111111113,0.3207650793650794,0.31792301587301586,0.3157642857142857,0.31784444444444443,0.32068888888888886,0.3220769841269841,0.3236984126984127,0.32111269841269835,0.33696031746031746,0.3876537037037037,0.3860444444444444,0.3839388888888889,0.380037037037037,0.37775185185185184,0.3692870370370371,0.3741962962962963,0.3685407407407408,0.3574629629629629,0.3730925925925926,0.37443703703703707,0.3737759259259259,0.3615277777777777,0.3633018518518518,0.37125370370370375,0.2595312169312169,0.2577534391534391,0.26199259259259267,0.2645777777777778,0.2663746031746032,0.2639079365079365,0.26464920634920636,0.2631153439153439,0.2633354497354497,0.25400952380952385,0.25761746031746025,0.26060264550264556,0.2673968253968254,0.2668121693121693,0.25857777777777774,Female,10,8-12,Elementary,E,NC,R16E04g10_info1_250Hz_gu2_AEP.conn
R16BF01B10,R16BF01b10_info1_250Hz_gu1_AEP.conn,gu1,0.24960370370370374,0.2539259259259259,0.25703703703703706,0.26303333333333334,0.26652222222222227,0.23995925925925923,0.25666666666666665,0.28612592592592595,0.3037259259259259,0.23192222222222222,0.23806666666666665,0.24145925925925926,0.2621962962962963,0.3019925925925926,0.2759037037037037,0.3065666666666667,0.30725777777777774,0.3277888888888889,0.33706,0.3436155555555555,0.2869333333333334,0.3031711111111111,0.3221088888888889,0.3367355555555555,0.32069555555555557,0.33468666666666663,0.3433177777777777,0.32809333333333335,0.3409422222222222,0.35878,0.3060533333333334,0.31461555555555554,0.3335888888888889,0.33715333333333336,0.3248266666666667,0.30549333333333334,0.3199866666666667,0.33679555555555557,0.3433044444444445,0.31090888888888885,0.31986888888888887,0.32936444444444446,0.3340822222222223,0.3419044444444444,0.32057777777777774,0.3381539682539682,0.3435277777777778,0.3541111111111111,0.35118730158730166,0.33446666666666663,0.3443611111111111,0.35267222222222216,0.3612468253968254,0.3580873015873015,0.3416182539682539,0.3501849206349207,0.34473412698412703,0.3681888888888888,0.37479603174603177,0.3597904761904762,0.410174074074074,0.4232796296296297,0.4175814814814814,0.40573148148148147,0.4042277777777778,0.38982777777777783,0.38938888888888884,0.38301111111111114,0.38721481481481484,0.42055,0.4196555555555556,0.40698148148148144,0.37714444444444445,0.3798537037037037,0.4075685185185185,0.29707724867724866,0.2965820105820105,0.2946285714285715,0.29515502645502645,0.2960269841269841,0.30813439153439154,0.3089169312169312,0.3054132275132276,0.302242328042328,0.29608465608465606,0.2974597883597883,0.3005179894179894,0.30559788359788365,0.3004063492063492,0.30744550264550263,Male,10,8-12,Elementary,S,NC,R16BF01b10_info1_250Hz_gu2_AEP.conn
R16S08G10,R16S08g10_info1_250Hz_gu1_AEP.conn,gu1,0.24970370370370376,0.2443148148148148,0.24872962962962963,0.25157407407407406,0.27156296296296295,0.2332148148148148,0.24178148148148146,0.23872222222222225,0.2427962962962963,0.22860370370370373,0.2247037037037037,0.23080740740740743,0.2699,0.26304814814814814,0.25488518518518516,0.3427822222222222,0.3397044444444445,0.3481666666666667,0.34445555555555557,0.34747111111111106,0.3142711111111111,0.3214711111111111,0.3273111111111111,0.33018000000000003,0.3316222222222222,0.3372333333333334,0.3339444444444445,0.34303555555555554,0.3484488888888889,0.34506888888888887,0.29766,0.2894844444444445,0.29218,0.29673999999999995,0.30042666666666673,0.29676666666666673,0.29773555555555553,0.2951066666666667,0.29486666666666667,0.28903999999999996,0.2921644444444445,0.2942066666666666,0.2955311111111111,0.2971866666666667,0.2973222222222222,0.2952238095238095,0.2962714285714286,0.29739603174603174,0.2987333333333334,0.2951674603174603,0.3003468253968254,0.30115079365079367,0.29910000000000003,0.29214999999999997,0.2921333333333334,0.29368253968253966,0.2936063492063492,0.30346349206349205,0.3061968253968254,0.30571587301587305,0.32164629629629626,0.32032592592592596,0.3201907407407408,0.32015370370370366,0.32667037037037033,0.3230592592592593,0.31938148148148143,0.3217907407407407,0.32512592592592593,0.30582777777777775,0.3018888888888889,0.30340740740740746,0.31093333333333334,0.3125314814814815,0.30881851851851855,0.28143968253968255,0.283052380952381,0.2810661375661375,0.2797428571428571,0.2848084656084656,0.2814343915343916,0.28118941798941793,0.28454867724867716,0.286026455026455,0.28019365079365083,0.2760031746031746,0.2723962962962962,0.27318624338624337,0.2732978835978836,0.28083597883597883,Female,10,8-12,Elementary,S,NC,R16S08g10_info1_250Hz_gu2_AEP.conn
R16A03G07,R16A03g07_info1_250Hz_gu1_AEP.conn,gu1,0.23548148148148149,0.2245,0.24082962962962962,0.24862592592592592,0.2436962962962963,0.23955185185185182,0.24439259259259258,0.2402037037037037,0.24791111111111108,0.22596666666666665,0.23734444444444444,0.24239259259259258,0.28094444444444444,0.2791,0.2732962962962963,0.3061333333333333,0.3133777777777778,0.3078933333333333,0.30658444444444444,0.31126000000000004,0.3042511111111111,0.30506666666666665,0.3100333333333333,0.31085777777777773,0.3154355555555556,0.31720666666666664,0.31776222222222217,0.33063777777777775,0.3319022222222222,0.34111111111111114,0.26958666666666664,0.2750444444444444,0.27526666666666666,0.2723,0.26455555555555554,0.2650822222222222,0.25294666666666665,0.2583911111111111,0.25922888888888884,0.27058444444444446,0.2711800000000001,0.2770422222222222,0.2618266666666667,0.26132888888888883,0.27041111111111105,0.25232142857142853,0.2489968253968254,0.24868095238095236,0.25377460317460315,0.2542650793650793,0.24170634920634917,0.23978968253968255,0.24000873015873014,0.2422373015873016,0.2433761904761905,0.24388888888888888,0.25126746031746033,0.25020634920634927,0.24834920634920635,0.2589619047619047,0.28179814814814813,0.2745370370370371,0.26964259259259254,0.2665777777777778,0.25606666666666666,0.2754148148148148,0.28103518518518517,0.2819166666666667,0.2775351851851852,0.27195555555555556,0.26619074074074073,0.2645314814814815,0.28530555555555553,0.2894777777777778,0.2674314814814815,0.24017883597883602,0.23814761904761905,0.23826084656084653,0.23837989417989422,0.2377005291005291,0.24614391534391533,0.2454227513227513,0.2446592592592593,0.24807354497354495,0.23545185185185188,0.23695396825396825,0.235852380952381,0.24574603174603174,0.24226560846560846,0.24191798941798948,Female,7,5-7,Elementary,A,NC,R16A03g07_info1_250Hz_gu2_AEP.conn
R16S14B5,R16S14b5_info1_250Hz_gu1_AEP.conn,gu1,0.27594444444444444,0.26392592592592595,0.24402592592592595,0.2303037037037037,0.23575555555555558,0.2650518518518518,0.25957777777777774,0.26282222222222223,0.2645740740740741,0.2632777777777778,0.24015185185185184,0.22640370370370366,0.3056962962962963,0.31188518518518515,0.2589,0.3605044444444444,0.3591444444444444,0.36116000000000004,0.36036666666666667,0.3560622222222222,0.36791111111111113,0.37310000000000004,0.37142444444444445,0.3619622222222222,0.35057555555555553,0.35507777777777777,0.3591844444444444,0.3839666666666667,0.3827444444444444,0.3714266666666667,0.3193955555555556,0.31890666666666667,0.3235022222222222,0.32674888888888887,0.33304222222222224,0.3293533333333333,0.3384111111111111,0.35307111111111106,0.3584688888888889,0.3262577777777778,0.3319511111111112,0.3290333333333334,0.33109333333333335,0.3434288888888889,0.3285222222222222,0.3611238095238095,0.3581444444444445,0.35688253968253975,0.3569555555555555,0.3609007936507935,0.35087777777777773,0.3542388888888889,0.35640793650793656,0.3596769841269842,0.35948015873015876,0.36021904761904766,0.3611920634920635,0.36189841269841266,0.36177698412698417,0.3728928571428571,0.4034314814814815,0.4007018518518519,0.39482592592592597,0.3892481481481482,0.3895203703703704,0.38744074074074075,0.3864722222222223,0.3888703703703704,0.38771481481481485,0.3808222222222222,0.37280370370370375,0.376387037037037,0.37269814814814817,0.37533888888888894,0.36000925925925925,0.29203227513227514,0.2899767195767196,0.287737037037037,0.29354126984126977,0.29396719576719577,0.2879513227513227,0.28659100529100534,0.2862619047619048,0.2856259259259259,0.28976031746031744,0.2867719576719577,0.2895455026455026,0.2889285714285714,0.28891746031746035,0.2932957671957672,Male,5,5-7,Elementary,S,NC,R16S14b5_info1_250Hz_gu2_AEP.conn
R16E08Y05B5,R16E08y05b5_info1_250Hz_gu1_AEP.conn,gu1,0.3106962962962963,0.3104703703703704,0.3055222222222222,0.2973962962962963,0.30110740740740743,0.3338888888888889,0.33712222222222216,0.3348037037037037,0.3339592592592593,0.31374444444444444,0.3060296296296296,0.303237037037037,0.36822962962962963,0.3661666666666667,0.33476296296296293,0.3682022222222222,0.36675111111111114,0.3685844444444445,0.3724822222222222,0.37022222222222223,0.37073333333333336,0.37363111111111114,0.37309999999999993,0.3822577777777778,0.3669177777777778,0.3676844444444444,0.3709733333333333,0.3972311111111111,0.39585111111111115,0.38506888888888885,0.35872666666666664,0.35394888888888887,0.35990888888888894,0.36990222222222224,0.38014000000000003,0.3490444444444444,0.34877777777777774,0.3494533333333333,0.36190222222222224,0.3373444444444445,0.34397777777777777,0.35521111111111114,0.34748888888888885,0.34766222222222226,0.33469333333333334,0.361881746031746,0.3599698412698413,0.3603119047619048,0.36638809523809523,0.37631031746031746,0.3648492063492064,0.3649539682539683,0.3698285714285715,0.3752984126984127,0.3554103174603175,0.3585190476190477,0.36413412698412706,0.3829142857142857,0.38440476190476197,0.3723714285714285,0.4079722222222222,0.41039259259259264,0.40385185185185185,0.39143703703703703,0.3891907407407407,0.3929574074074074,0.3918574074074073,0.39539444444444444,0.3984962962962963,0.408212962962963,0.4078648148148148,0.39986111111111117,0.3945944444444444,0.40092222222222224,0.42220740740740736,0.32704444444444447,0.3299417989417989,0.33216931216931217,0.3337322751322751,0.3308804232804233,0.32831587301587295,0.3282486772486772,0.3255539682539682,0.32622962962962965,0.3293957671957672,0.3334095238095238,0.3338116402116403,0.3314661375661376,0.3296312169312169,0.32868571428571425,Male,5,5-7,Elementary,E,NC,R16E08y05b5_info1_250Hz_gu2_AEP.conn
R16E18G9,R16E18g9_info1_250Hz_gu1_AEP.conn,gu1,0.303462962962963,0.31649629629629633,0.3333407407407407,0.3338407407407407,0.32551851851851854,0.3260111111111111,0.32765925925925926,0.3328925925925926,0.3387,0.3196851851851852,0.3377925925925926,0.33380370370370366,0.35617777777777776,0.3607444444444445,0.3767185185185185,0.38508444444444445,0.3953644444444445,0.4045511111111111,0.4013622222222222,0.3947955555555556,0.4029511111111111,0.40181999999999995,0.4052666666666667,0.4081777777777777,0.3972711111111112,0.40038222222222214,0.3995022222222222,0.4247755555555555,0.4281711111111111,0.4243355555555556,0.35536666666666666,0.36253777777777774,0.3683355555555556,0.3741,0.3722822222222222,0.37996888888888886,0.37137333333333333,0.37328222222222224,0.3692733333333334,0.3648688888888889,0.36993333333333334,0.37526444444444446,0.3584666666666667,0.35487777777777774,0.3660711111111111,0.35278730158730165,0.35115,0.3483380952380952,0.3504253968253968,0.35483888888888887,0.35222222222222216,0.3491976190476191,0.3529857142857142,0.36043650793650794,0.35180396825396815,0.34936666666666666,0.3497666666666666,0.36024523809523806,0.3621595238095239,0.360431746031746,0.3143222222222222,0.32108333333333333,0.3190796296296296,0.3162240740740741,0.3155666666666667,0.3036166666666667,0.31080740740740737,0.31606296296296305,0.31708333333333333,0.31680925925925923,0.3156537037037037,0.3151351851851852,0.30646481481481486,0.31098703703703706,0.3098796296296296,0.32869841269841266,0.3329328042328043,0.33488571428571423,0.33804232804232803,0.3400338624338624,0.33288042328042333,0.3378740740740741,0.34161904761904766,0.3427677248677249,0.3364148148148149,0.3395296296296297,0.34106560846560846,0.34026243386243393,0.3424793650793651,0.3402206349206349,Female,9,8-12,Elementary,E,NC,R16E18g9_info1_250Hz_gu2_AEP.conn
R16S07B8,R16S07b8_info1_250Hz_gu1_AEP.conn,gu1,0.3102185185185185,0.30114814814814816,0.2946518518518519,0.29564444444444443,0.2905740740740741,0.3016185185185185,0.2903222222222222,0.2838148148148148,0.2716851851851852,0.303562962962963,0.3013814814814815,0.30442222222222226,0.3173333333333333,0.3059,0.32708148148148153,0.35374222222222224,0.3544177777777778,0.3589088888888889,0.3624644444444445,0.3607666666666667,0.34428000000000003,0.3483044444444444,0.35448,0.3569755555555556,0.35103333333333336,0.35740444444444447,0.3689044444444445,0.3572955555555556,0.36234444444444447,0.36722444444444446,0.3128066666666666,0.31169111111111114,0.31120222222222227,0.3153911111111111,0.3127955555555556,0.31471777777777776,0.30774222222222225,0.3059355555555555,0.29849111111111115,0.3259066666666667,0.32919333333333334,0.3326977777777778,0.33028,0.3351955555555556,0.34287333333333336,0.38601349206349206,0.3842539682539682,0.38392301587301586,0.38619444444444445,0.39011031746031744,0.38106904761904753,0.3771738095238096,0.3779690476190476,0.3762547619047619,0.3828992063492064,0.3823611111111112,0.38200555555555565,0.38588968253968253,0.3854920634920635,0.3835753968253969,0.3833092592592593,0.38166666666666665,0.36966111111111116,0.3676648148148148,0.37975555555555557,0.393212962962963,0.3938740740740741,0.3902148148148148,0.38170370370370366,0.38172592592592597,0.3711907407407407,0.3720851851851852,0.4087111111111111,0.40342407407407416,0.3685907407407407,0.3022084656084656,0.2984873015873016,0.29785661375661376,0.2984555555555555,0.300068253968254,0.30061957671957673,0.2991497354497354,0.2941365079365079,0.29281164021164025,0.2988714285714286,0.29965238095238095,0.2994449735449735,0.30082804232804233,0.29932433862433866,0.3042677248677248,Male,8,8-12,Elementary,S,NC,R16S07b8_info1_250Hz_gu2_AEP.conn
R16S03B10,R16S03b10_info1_250Hz_gu1_AEP.conn,gu1,0.2866037037037037,0.2775740740740741,0.2748111111111111,0.2884,0.27290740740740743,0.26656296296296295,0.26912592592592594,0.2695074074074074,0.2764222222222223,0.2626851851851852,0.26619629629629626,0.2816296296296296,0.3125777777777778,0.3134074074074074,0.31396296296296294,0.32633111111111107,0.3370822222222222,0.3394844444444444,0.341,0.3360088888888889,0.3171133333333333,0.3173977777777778,0.3092688888888889,0.31822888888888895,0.31999777777777777,0.32611777777777784,0.3343933333333333,0.3357044444444444,0.3315155555555555,0.3414844444444444,0.3222733333333333,0.3138711111111111,0.3013355555555556,0.2973488888888889,0.29801333333333335,0.28382666666666667,0.2847311111111111,0.2837266666666667,0.28251333333333334,0.29422666666666664,0.2925666666666667,0.2906355555555556,0.27629333333333334,0.2759466666666667,0.2917133333333333,0.30072142857142853,0.30250396825396825,0.30764682539682536,0.30757222222222225,0.30803174603174605,0.30411349206349214,0.30447063492063486,0.30018571428571433,0.2946444444444444,0.30300634920634917,0.3098063492063492,0.3095190476190476,0.317365873015873,0.31357142857142856,0.3200452380952381,0.34930370370370367,0.34438333333333326,0.3434074074074074,0.3420611111111111,0.34327037037037034,0.3375444444444445,0.3252277777777777,0.3215296296296296,0.33105,0.33844629629629625,0.3325777777777778,0.3310740740740741,0.33187777777777777,0.3284388888888889,0.3295314814814814,0.2810492063492063,0.28047354497354504,0.28104126984126987,0.2812359788359789,0.287194708994709,0.2818746031746031,0.2820227513227513,0.2793814814814815,0.2743169312169312,0.27883650793650794,0.278531746031746,0.280389417989418,0.2770910052910053,0.28164973544973537,0.2806322751322752,Male,10,8-12,Elementary,S,NC,R16S03b10_info1_250Hz_gu2_AEP.conn
R16A06G10,R16A06g10_info1_250Hz_gu1_AEP.conn,gu1,0.28604814814814816,0.2868555555555556,0.2712074074074074,0.2678740740740741,0.2676518518518518,0.2934592592592593,0.2981037037037037,0.3073740740740741,0.310337037037037,0.2934074074074074,0.28603333333333336,0.274225925925926,0.3255925925925926,0.32789999999999997,0.32665555555555553,0.3769355555555556,0.3755022222222222,0.3861755555555556,0.38554,0.38466888888888884,0.37611333333333336,0.38994444444444437,0.3874000000000001,0.38773111111111114,0.3770466666666667,0.3907688888888889,0.3834,0.4089422222222222,0.4085533333333333,0.41002222222222223,0.3706244444444445,0.3667177777777778,0.3636822222222222,0.3595066666666667,0.3658333333333333,0.3795266666666666,0.38044,0.37607777777777773,0.38388,0.36668666666666666,0.3587777777777778,0.35002666666666665,0.3630244444444445,0.3581155555555555,0.35949777777777775,0.32963095238095247,0.32818571428571425,0.3379087301587302,0.3406079365079365,0.33551031746031745,0.3252238095238096,0.32881031746031747,0.3264285714285714,0.3314071428571429,0.3283992063492064,0.33850634920634926,0.3394095238095237,0.34229126984126984,0.34171746031746025,0.3461571428571429,0.4147648148148148,0.4129296296296296,0.401912962962963,0.39622962962962965,0.3867907407407407,0.4225759259259259,0.4084203703703704,0.3888129629629629,0.3671333333333333,0.40811851851851855,0.3991407407407408,0.3940333333333333,0.41155740740740737,0.3987740740740741,0.4013,0.30131375661375664,0.2991867724867725,0.2977100529100529,0.3044624338624338,0.3018915343915344,0.28901904761904756,0.2892338624338624,0.2897174603174603,0.2870925925925926,0.30247089947089956,0.29856507936507937,0.30432486772486766,0.292478835978836,0.29530582010582007,0.29576243386243395,Female,10,8-12,Elementary,A,NC,R16A06g10_info1_250Hz_gu2_AEP.conn
R16S02B_G6,R16S02b_g6_info1_250Hz_gu1_AEP.conn,gu1,0.22763333333333333,0.2306703703703704,0.23347777777777776,0.22866296296296298,0.22558888888888887,0.2474074074074074,0.2589185185185185,0.25882592592592596,0.2556851851851852,0.2422037037037037,0.23732962962962958,0.2335962962962963,0.2840666666666667,0.28635925925925926,0.27345555555555556,0.36963555555555555,0.3746155555555556,0.3676911111111111,0.35705555555555557,0.3483022222222222,0.3719977777777778,0.37876666666666664,0.37572444444444447,0.36698888888888886,0.38076000000000004,0.3788355555555556,0.36473999999999995,0.4090177777777777,0.40301555555555557,0.40287555555555554,0.35955333333333334,0.3570400000000001,0.3522088888888889,0.3535155555555556,0.35092,0.37787333333333334,0.36789777777777777,0.35016444444444444,0.34228666666666663,0.34858888888888895,0.3423666666666666,0.34396000000000004,0.3491066666666667,0.33099999999999996,0.3495511111111111,0.39680555555555547,0.3968936507936509,0.3907952380952381,0.38895634920634914,0.3926063492063491,0.3932753968253969,0.39313174603174605,0.39566587301587297,0.3970912698412698,0.3928873015873015,0.38758492063492067,0.3864365079365079,0.4009650793650793,0.40425000000000005,0.3990952380952381,0.37263703703703704,0.37401851851851853,0.3739685185185185,0.37547962962962966,0.3834462962962963,0.3651166666666667,0.3706388888888889,0.3717222222222223,0.36471481481481477,0.3710518518518519,0.3711666666666667,0.37135370370370374,0.3791333333333333,0.37989074074074075,0.37238518518518515,0.28573068783068795,0.2841174603174603,0.2858031746031745,0.28708359788359783,0.2857544973544974,0.2826142857142857,0.28580846560846557,0.28888095238095235,0.290415873015873,0.28529523809523805,0.28720264550264546,0.2875513227513227,0.28371640211640214,0.28767830687830687,0.29223068783068784,Female,6,5-7,Elementary,S,NC,R16S02b_g6_info1_250Hz_gu2_AEP.conn
R16S15B10,R16S15b10_info1_250Hz_gu1_AEP.conn,gu1,0.18916296296296298,0.18704444444444443,0.18557037037037039,0.1793888888888889,0.18070740740740743,0.19077777777777774,0.1800185185185185,0.1720185185185185,0.18193333333333336,0.1805259259259259,0.17630740740740738,0.17141481481481483,0.2270888888888889,0.2189074074074074,0.19876296296296295,0.2715466666666667,0.27643333333333336,0.28435999999999995,0.2845333333333333,0.28614222222222224,0.27597111111111106,0.27873111111111115,0.28420888888888884,0.29049111111111114,0.2839933333333333,0.2920733333333333,0.2932,0.3047844444444444,0.3096977777777778,0.31500222222222224,0.30114,0.29541111111111107,0.2966133333333333,0.29319555555555554,0.29965555555555556,0.30628,0.31903333333333334,0.3286933333333333,0.3289466666666666,0.3111977777777778,0.30875555555555556,0.3073822222222222,0.31570444444444445,0.3232022222222222,0.3179133333333334,0.34393809523809526,0.34091746031746023,0.3403507936507936,0.3373777777777777,0.33496428571428577,0.3443555555555556,0.33992857142857147,0.33734365079365075,0.33475238095238097,0.3447007936507936,0.3441238095238095,0.3397531746031746,0.3515277777777777,0.35055317460317464,0.35925793650793647,0.33635,0.3349203703703704,0.3354333333333333,0.339587037037037,0.3469296296296296,0.35225370370370374,0.3462314814814815,0.3381888888888889,0.3320666666666667,0.3355555555555556,0.3349203703703704,0.3360222222222222,0.3491148148148148,0.3378240740740741,0.3375944444444445,0.2312333333333333,0.23410264550264548,0.23192380952380953,0.2262148148148148,0.22782275132275126,0.2306851851851852,0.23353703703703707,0.2320306878306878,0.23205873015873016,0.23679841269841262,0.23405820105820108,0.2290714285714285,0.23601164021164026,0.2341269841269841,0.2340746031746032,Male,10,8-12,Elementary,S,NC,R16S15b10_info1_250Hz_gu2_AEP.conn
R16E12B9,R16E12b9_info1_250Hz_gu1_AEP.conn,gu1,0.35862592592592596,0.35784814814814814,0.3636592592592593,0.36089629629629627,0.3699074074074074,0.406437037037037,0.41108518518518516,0.40787407407407406,0.4064111111111111,0.37162592592592597,0.37311851851851857,0.3612629629629629,0.4193703703703704,0.4249111111111111,0.39711111111111114,0.35069333333333336,0.35821555555555556,0.37265777777777775,0.3766844444444444,0.38349777777777777,0.3426822222222222,0.3573088888888889,0.36678444444444447,0.38081333333333334,0.35188444444444444,0.3689822222222222,0.37256888888888884,0.36556000000000005,0.3760466666666667,0.3857844444444445,0.34800444444444445,0.36283111111111105,0.36814888888888886,0.3706711111111111,0.36236666666666667,0.3608355555555556,0.35904222222222226,0.3679511111111112,0.37201555555555554,0.36119333333333337,0.3590333333333333,0.36474666666666666,0.3522088888888889,0.35945777777777776,0.3663933333333334,0.3587222222222222,0.35682063492063504,0.35881904761904765,0.34788095238095235,0.3402777777777778,0.35998015873015865,0.3552253968253969,0.3584539682539683,0.3623722222222222,0.3589412698412699,0.36198888888888886,0.350881746031746,0.3674150793650794,0.3666079365079365,0.3806079365079365,0.4618462962962963,0.4516648148148148,0.44633703703703703,0.4462462962962963,0.4519,0.46200740740740737,0.4514203703703703,0.4446796296296296,0.44525185185185184,0.4501481481481482,0.4502074074074074,0.45262962962962966,0.4648962962962963,0.46059629629629634,0.4527444444444444,0.3176693121693122,0.31860052910052905,0.3179989417989418,0.3161751322751322,0.3226037037037037,0.3127455026455027,0.3123724867724868,0.30908306878306874,0.30870105820105825,0.3203772486772487,0.3154767195767195,0.31270317460317465,0.3131026455026455,0.3091227513227513,0.3154190476190476,Male,9,8-12,Elementary,E,NC,R16E12b9_info1_250Hz_gu2_AEP.conn
R16S22B10,R16S22b10_info1_250Hz_gu1_AEP.conn,gu1,0.3274888888888889,0.31864444444444445,0.3067925925925926,0.29842962962962966,0.2903814814814815,0.3239,0.3377925925925926,0.33863703703703707,0.3371888888888889,0.3245037037037037,0.31467777777777783,0.3034925925925926,0.3672333333333333,0.37297777777777785,0.35268518518518516,0.4412422222222222,0.4438466666666666,0.42954,0.4148133333333333,0.41164888888888884,0.4170444444444444,0.42171111111111115,0.41828000000000004,0.42588222222222216,0.43669111111111103,0.4303755555555556,0.42312666666666665,0.4376333333333333,0.4354288888888889,0.4405711111111111,0.3429822222222222,0.3486955555555556,0.3591511111111111,0.36198888888888886,0.35678444444444446,0.3336733333333333,0.3324,0.3365222222222222,0.3313244444444445,0.35877111111111104,0.3640222222222222,0.3585911111111111,0.33158444444444446,0.33102444444444445,0.35988,0.4134960317460316,0.40786984126984127,0.4085769841269841,0.412965873015873,0.4156373015873016,0.4144095238095238,0.41601825396825404,0.4170619047619048,0.41673730158730155,0.4122571428571429,0.41091269841269845,0.4079999999999999,0.4180769841269842,0.4220912698412699,0.42961190476190486,0.4504703703703703,0.44189444444444437,0.43219629629629625,0.4364814814814815,0.4474537037037037,0.45548148148148154,0.4507240740740741,0.4581092592592592,0.46193518518518517,0.43791111111111114,0.4325314814814815,0.4326074074074074,0.44580740740740743,0.44927777777777783,0.42457962962962964,0.3203587301587301,0.3255328042328043,0.33079523809523803,0.33097936507936504,0.32832010582010585,0.3349978835978836,0.3336671957671957,0.3304671957671958,0.33150634920634914,0.3284619047619048,0.33013174603174605,0.3288232804232804,0.3348497354497355,0.33305291005291005,0.3250894179894181,Male,10,8-12,Elementary,S,NC,R16S22b10_info1_250Hz_gu2_AEP.conn
R16BF02G9INFO1,R16BF02g9info1_250Hz_gu1_AEP.conn,gu1,0.257537037037037,0.2635592592592592,0.26292592592592595,0.2438888888888889,0.24728518518518516,0.2148259259259259,0.22521851851851848,0.2304185185185185,0.24198518518518516,0.26908888888888893,0.2750111111111111,0.26198148148148154,0.2734888888888889,0.2782962962962963,0.3080111111111111,0.3545977777777778,0.3473444444444444,0.3551444444444444,0.3591511111111111,0.35988,0.34621111111111114,0.3643577777777778,0.3665355555555555,0.3637488888888889,0.3676444444444445,0.3661466666666666,0.3670955555555556,0.38992444444444446,0.3912888888888889,0.39043111111111106,0.2598955555555556,0.2680311111111111,0.27753555555555554,0.2847533333333333,0.2917666666666666,0.26494666666666666,0.2704333333333333,0.2746955555555556,0.2655888888888889,0.26497111111111116,0.2739244444444444,0.27595333333333333,0.2643377777777778,0.27015333333333336,0.2741111111111111,0.24577698412698412,0.24519603174603172,0.24511825396825393,0.2535198412698413,0.2537309523809524,0.24540079365079365,0.24559206349206344,0.2517079365079365,0.24844682539682544,0.2495373015873016,0.2504476190476191,0.25480952380952376,0.2625753968253968,0.26646984126984125,0.2674444444444445,0.3017962962962963,0.3054833333333334,0.32192777777777776,0.3306203703703704,0.3161333333333333,0.3035425925925926,0.30131851851851854,0.3008777777777778,0.3039203703703704,0.30499074074074073,0.3222574074074074,0.33141481481481483,0.3021092592592593,0.30288703703703707,0.31756481481481486,0.2579539682539683,0.25431746031746033,0.25117989417989417,0.2585497354497354,0.2573100529100529,0.25505291005291,0.25900740740740735,0.26128201058201067,0.2598216931216931,0.2502259259259259,0.2514301587301587,0.2585523809523809,0.2609216931216931,0.26154603174603175,0.2510857142857142,Female,9,8-12,Elementary,S,NC,R16BF02g9info1_250Hz_gu2_AEP.conn
R16S06G6,R16S06g6_info1_250Hz_gu1_AEP.conn,gu1,0.26097777777777775,0.27215925925925927,0.2741111111111111,0.26420370370370366,0.247237037037037,0.24389259259259263,0.24125185185185186,0.22974074074074077,0.24088148148148147,0.2711111111111111,0.27325185185185186,0.2703518518518519,0.27638888888888885,0.26264074074074073,0.29362222222222223,0.3243488888888889,0.32492666666666664,0.32293555555555553,0.32650666666666667,0.3230622222222222,0.3193777777777778,0.31807555555555556,0.31141555555555556,0.31874444444444444,0.3288111111111111,0.3228933333333333,0.31949555555555553,0.33294888888888885,0.3299333333333333,0.34783555555555556,0.3032977777777778,0.29738444444444445,0.2923111111111111,0.2926933333333333,0.2985288888888889,0.30494666666666664,0.2920333333333333,0.28584444444444446,0.29107999999999995,0.30312666666666666,0.29701777777777777,0.30010444444444445,0.2958311111111111,0.2901111111111111,0.2936533333333333,0.27692857142857147,0.27579761904761907,0.2739380952380952,0.2737150793650794,0.2749968253968254,0.2740515873015873,0.27605079365079366,0.2785992063492064,0.2797825396825397,0.2777190476190476,0.2753904761904762,0.27335476190476193,0.28505714285714284,0.2852674603174603,0.2828150793650793,0.2794185185185185,0.2768629629629629,0.2818481481481481,0.2859888888888889,0.29164999999999996,0.29614814814814816,0.30697037037037034,0.31115185185185185,0.30827592592592595,0.2747648148148148,0.28217037037037035,0.28853703703703704,0.3052074074074073,0.31490555555555555,0.28627037037037034,0.24340846560846557,0.24541322751322753,0.24712010582010577,0.2459751322751323,0.242873544973545,0.23916878306878303,0.240462962962963,0.23918571428571425,0.23736931216931215,0.24590529100529104,0.24413703703703704,0.243842328042328,0.24583439153439152,0.24745555555555554,0.2514232804232804,Female,6,5-7,Elementary,S,NC,R16S06g6_info1_250Hz_gu2_AEP.conn
R16BF05B5,R16BF05b5_info1_250Hz_gu1_AEP.conn,gu1,0.25851851851851854,0.2647888888888889,0.27041481481481483,0.2803222222222222,0.2786148148148148,0.26155185185185187,0.24804444444444443,0.2552518518518519,0.2584037037037037,0.26555185185185187,0.26535555555555557,0.2740222222222222,0.26267407407407406,0.2724037037037037,0.29803703703703704,0.33868,0.3346577777777778,0.32248444444444446,0.31384888888888895,0.3248955555555555,0.3362266666666667,0.3314533333333333,0.3234977777777778,0.33126222222222224,0.32807333333333333,0.32239555555555555,0.3175822222222222,0.33886666666666665,0.3331266666666667,0.3460733333333334,0.2984822222222222,0.29034666666666664,0.29217777777777776,0.30946888888888885,0.3251,0.31601555555555555,0.31714,0.3087288888888889,0.29819333333333337,0.28316444444444444,0.28271555555555555,0.29569111111111107,0.31352,0.3000688888888889,0.30102222222222225,0.2727825396825397,0.2674396825396825,0.2674142857142857,0.27137142857142854,0.27025714285714286,0.2727047619047619,0.27183809523809527,0.2745952380952381,0.27265476190476196,0.26654999999999995,0.26903571428571427,0.2684880952380952,0.28296269841269844,0.2807293650793651,0.27981825396825394,0.32687037037037037,0.32537037037037037,0.3273537037037037,0.3284888888888889,0.3345314814814815,0.33582407407407405,0.33556111111111103,0.33067592592592593,0.3234037037037037,0.32599814814814815,0.32302592592592594,0.32254629629629633,0.3299851851851851,0.32200000000000006,0.3201351851851852,0.2321719576719577,0.23610846560846557,0.23710211640211637,0.23251164021164022,0.23264867724867727,0.22910105820105814,0.23421111111111104,0.23956613756613757,0.24214497354497355,0.23455132275132276,0.23684232804232808,0.23475396825396827,0.23603015873015873,0.2415978835978836,0.23883597883597882,Male,5,5-7,Elementary,S,NC,R16BF05b5_info1_250Hz_gu2_AEP.conn
R16E07B9,R16E07b9_info1_250Hz_gu1_AEP.conn,gu1,0.3411,0.33149629629629634,0.3200296296296296,0.319562962962963,0.32884074074074077,0.32254444444444447,0.31817777777777784,0.3230111111111111,0.323937037037037,0.34443703703703704,0.3285481481481481,0.3311037037037037,0.3444333333333333,0.35013333333333335,0.3539518518518519,0.44424222222222226,0.4418044444444445,0.4385822222222222,0.4392466666666667,0.44303333333333333,0.4557888888888889,0.45411999999999997,0.45130444444444445,0.44693777777777777,0.45186666666666664,0.4457,0.44413777777777774,0.47059111111111107,0.46220888888888884,0.4535755555555555,0.40056888888888886,0.3988022222222222,0.4002244444444444,0.4062777777777778,0.4124955555555555,0.4075177777777778,0.41014,0.41615777777777774,0.41093111111111114,0.4186177777777778,0.4185888888888889,0.41853555555555555,0.41717777777777776,0.4193733333333333,0.4317733333333333,0.4635412698412698,0.46549999999999997,0.4653373015873016,0.4666396825396825,0.46690873015873013,0.4579071428571429,0.4597031746031746,0.4571880952380952,0.451431746031746,0.47193650793650793,0.4718253968253968,0.4689936507936508,0.4686198412698413,0.4672968253968253,0.47886904761904764,0.4127,0.4125351851851851,0.40652407407407404,0.40397407407407404,0.4057555555555556,0.4201537037037037,0.41897222222222225,0.4172351851851852,0.4097166666666667,0.4199537037037038,0.4093037037037038,0.406874074074074,0.430462962962963,0.42923333333333336,0.41009074074074076,0.33828888888888897,0.3350269841269842,0.3330095238095238,0.33174603174603173,0.33618888888888887,0.33714338624338624,0.33775767195767203,0.33652116402116405,0.3345544973544974,0.33982222222222225,0.3352613756613757,0.33326719576719577,0.3404026455026455,0.3417169312169312,0.33956137566137573,Male,9,8-12,Elementary,E,NC,R16E07b9_info1_250Hz_gu2_AEP.conn
R16A05Y08B,R16A05y08b_info1_250Hz_gu1_AEP.conn,gu1,0.2611333333333333,0.26199629629629634,0.2464962962962963,0.24482222222222216,0.24502962962962963,0.21798888888888887,0.2161777777777778,0.22456296296296296,0.22597407407407408,0.2576222222222222,0.24347777777777777,0.24006666666666668,0.25022962962962964,0.25968888888888886,0.26861851851851853,0.27609777777777783,0.2710933333333333,0.2699377777777778,0.27514000000000005,0.27456888888888886,0.2656288888888889,0.2619755555555555,0.2621866666666667,0.25981333333333334,0.28027555555555556,0.2798911111111111,0.2793466666666667,0.28997333333333336,0.2896911111111111,0.30789999999999995,0.23719777777777779,0.24822666666666665,0.26065555555555553,0.26150666666666667,0.25712222222222225,0.24066,0.23074444444444447,0.24319999999999994,0.2555666666666667,0.24809777777777775,0.25503333333333333,0.24699999999999997,0.2333822222222222,0.24877555555555558,0.26226666666666665,0.32256825396825395,0.32941031746031735,0.33330555555555563,0.33732619047619045,0.33713333333333334,0.3388634920634921,0.3378809523809524,0.33727619047619045,0.33336269841269844,0.33038888888888884,0.3313888888888889,0.3288015873015873,0.3501238095238096,0.34899841269841264,0.33991904761904757,0.37601851851851853,0.3730611111111111,0.3737037037037037,0.3782962962962963,0.3795425925925926,0.3818185185185185,0.3822611111111111,0.382487037037037,0.3819722222222222,0.38109259259259254,0.37547962962962966,0.3789666666666667,0.38658148148148147,0.38589999999999997,0.3803944444444445,0.27822116402116404,0.2762402116402116,0.2791687830687831,0.27994814814814817,0.2817687830687831,0.28996931216931215,0.2862248677248677,0.2790486772486772,0.2739714285714286,0.28077619047619046,0.28197513227513227,0.2800931216931217,0.28380105820105817,0.2762698412698413,0.28499259259259263,Female,8,8-12,Elementary,A,NC,R16A05y08b_info1_250Hz_gu2_AEP.conn
R16X01S_G10,R16x01S_g10_info1_250Hz_gu1_AEP.conn,gu1,0.2765111111111111,0.2828111111111111,0.2867222222222222,0.2875259259259259,0.2819888888888889,0.24872592592592593,0.2561777777777778,0.2774222222222222,0.28664074074074075,0.29321111111111114,0.29350370370370366,0.29099259259259264,0.2854629629629629,0.31755185185185186,0.3139814814814815,0.33397777777777776,0.32691111111111115,0.32300666666666666,0.3283222222222222,0.3240466666666667,0.30260444444444445,0.30448,0.3223311111111111,0.32745111111111114,0.3225955555555556,0.31633333333333336,0.32062,0.3247688888888889,0.34384444444444445,0.33018000000000003,0.27760444444444443,0.27954,0.2877933333333334,0.28820666666666667,0.2864755555555555,0.2909711111111111,0.2842044444444444,0.2799488888888889,0.28478888888888887,0.2806844444444444,0.2883066666666666,0.28906888888888893,0.2711155555555556,0.26248666666666665,0.3037355555555556,0.3048619047619047,0.3031428571428571,0.30903174603174605,0.3112849206349207,0.3098984126984127,0.290868253968254,0.29295,0.294563492063492,0.29752380952380947,0.2992182539682539,0.30894365079365077,0.3092269841269842,0.30948650793650795,0.30900634920634923,0.3208047619047618,0.2940537037037037,0.29412592592592596,0.2934777777777778,0.29584074074074074,0.28535925925925926,0.28679074074074073,0.29484629629629633,0.2968648148148148,0.28233518518518513,0.29175740740740747,0.2868685185185185,0.2901888888888889,0.2992185185185185,0.29959444444444444,0.28700185185185184,0.28995132275132274,0.2888507936507936,0.28609206349206345,0.28606825396825397,0.28311798941798944,0.2957084656084656,0.29460423280423276,0.2908582010582011,0.28403597883597886,0.2889777777777778,0.28516402116402123,0.2869211640211641,0.29624867724867726,0.2930550264550264,0.2881031746031746,Female,10,8-12,Elementary,S,NC,R16x01S_g10_info1_250Hz_gu2_AEP.conn
R16S09G6,R16s09g6_info1_250Hz_gu1_AEP.conn,gu1,0.24954814814814816,0.26654074074074074,0.2786185185185185,0.2792666666666666,0.2801888888888889,0.30800000000000005,0.29236296296296294,0.2732444444444444,0.28099999999999997,0.2842,0.29056296296296297,0.27743333333333337,0.3247555555555555,0.3039407407407407,0.3191074074074074,0.35828444444444446,0.34391111111111117,0.3316222222222222,0.34805555555555556,0.35417333333333334,0.38057555555555556,0.3812666666666666,0.37067555555555554,0.36975555555555556,0.3532511111111111,0.34126666666666666,0.35094222222222216,0.3956444444444444,0.3854333333333333,0.3542333333333333,0.35206444444444446,0.3564022222222222,0.35819333333333336,0.3581311111111112,0.34133111111111114,0.37567333333333336,0.3613755555555556,0.36314222222222226,0.3561444444444445,0.3553133333333333,0.3385088888888889,0.3351266666666667,0.3473644444444445,0.3568355555555556,0.3299444444444445,0.3496833333333334,0.345729365079365,0.35363412698412705,0.36130793650793647,0.3607428571428571,0.3487571428571429,0.3456246031746032,0.3475642857142857,0.34878650793650795,0.3346007936507936,0.3454103174603174,0.35240793650793645,0.34830873015873015,0.35129682539682533,0.35525476190476196,0.37441296296296295,0.37605925925925926,0.3771259259259259,0.3806796296296296,0.3825925925925926,0.3801111111111111,0.38902037037037035,0.38592592592592595,0.38308518518518514,0.3669018518518518,0.36713148148148145,0.3692203703703704,0.40288703703703704,0.40230370370370366,0.37351481481481486,0.2884534391534392,0.28804867724867717,0.2852746031746032,0.286220634920635,0.28160582010582,0.2989544973544974,0.300321164021164,0.2961052910052909,0.2943973544973545,0.2887164021164021,0.2869174603174603,0.2821777777777777,0.30289999999999995,0.29631216931216936,0.29185661375661376,Female,6,5-7,Elementary,S,NC,R16s09g6_info1_250Hz_gu2_AEP.conn
R16S01Y08B,R16S01y08b_info1_250Hz_gu1_AEP.conn,gu1,0.28011481481481487,0.280337037037037,0.28684814814814813,0.28023703703703706,0.28526666666666667,0.27703333333333335,0.2845962962962963,0.29800000000000004,0.3031481481481481,0.27575925925925926,0.27724444444444446,0.27628888888888886,0.3118703703703703,0.3189259259259259,0.30544814814814814,0.34672222222222226,0.3445288888888889,0.3491066666666667,0.3437488888888889,0.34414888888888895,0.35315555555555556,0.35286,0.3522177777777778,0.3494666666666667,0.34635999999999995,0.35143555555555556,0.34848222222222225,0.38043111111111105,0.3746955555555556,0.37163777777777773,0.26436000000000004,0.2659066666666666,0.27482666666666666,0.2834244444444445,0.28861333333333333,0.2671311111111111,0.26561555555555555,0.2667533333333333,0.2719888888888889,0.26178666666666667,0.26522222222222225,0.2728844444444445,0.2558533333333334,0.25231555555555557,0.2499111111111111,0.2920484126984127,0.2869206349206349,0.28639285714285717,0.2913674603174603,0.29181190476190483,0.2850460317460318,0.28306507936507935,0.28871984126984135,0.2916746031746032,0.28968888888888894,0.2876984126984126,0.2903095238095238,0.2999674603174603,0.30153095238095234,0.3072769841269841,0.35266296296296296,0.3462240740740741,0.3516333333333333,0.35887962962962966,0.35547407407407405,0.35385185185185186,0.34671111111111114,0.3475277777777778,0.34980555555555554,0.34679814814814813,0.3530907407407407,0.35962222222222223,0.34345185185185184,0.3445129629629629,0.3633018518518518,0.27635238095238096,0.2783455026455026,0.2754941798941799,0.2761994708994709,0.2709714285714286,0.27017195767195773,0.27078359788359785,0.27144444444444443,0.2753095238095239,0.2750603174603175,0.27529523809523815,0.27826613756613755,0.27638518518518523,0.27548201058201055,0.27219841269841266,Female,8,8-12,Elementary,S,NC,R16S01y08b_info1_250Hz_gu2_AEP.conn
R16E17B5,R16E17b5_info1_250Hz_gu1_AEP.conn,gu1,0.24624074074074073,0.25832222222222223,0.269574074074074,0.2743851851851852,0.26499629629629634,0.2572481481481481,0.2608333333333333,0.2544962962962963,0.2527925925925926,0.25272222222222224,0.2678444444444445,0.2811777777777778,0.2976592592592593,0.28960740740740737,0.2971148148148148,0.31605555555555553,0.3157466666666667,0.31466444444444447,0.3228111111111111,0.32734222222222226,0.31218222222222225,0.31062,0.3211555555555555,0.3253377777777778,0.32809999999999995,0.3226133333333333,0.3262577777777778,0.32268888888888886,0.3329222222222222,0.3494777777777777,0.2749822222222222,0.2588177777777778,0.25586222222222227,0.2600444444444444,0.2603444444444444,0.24726222222222222,0.25228222222222224,0.26613333333333333,0.2716866666666667,0.26292888888888893,0.26471555555555554,0.26490888888888886,0.2345888888888889,0.24657999999999997,0.2639488888888889,0.2730293650793651,0.2727,0.2750119047619048,0.276736507936508,0.2774611111111111,0.27329603174603173,0.2788920634920635,0.2810150793650793,0.27848015873015874,0.27547380952380957,0.27846746031746034,0.278752380952381,0.2837134920634921,0.28420079365079365,0.294647619047619,0.3715,0.3736555555555556,0.3738666666666666,0.3746499999999999,0.3791111111111111,0.37185555555555555,0.37293888888888893,0.36943148148148147,0.36567037037037037,0.3863925925925926,0.38246296296296295,0.3745388888888888,0.3595777777777778,0.3571277777777777,0.39192592592592584,0.26224761904761906,0.2665666666666666,0.2678201058201058,0.2718830687830688,0.27740423280423276,0.26269576719576715,0.2644968253968254,0.26937883597883594,0.27634761904761906,0.26573333333333327,0.26540582010582014,0.26783756613756615,0.26716560846560844,0.2744825396825397,0.2655698412698413,Male,5,5-7,Elementary,E,NC,R16E17b5_info1_250Hz_gu2_AEP.conn
R16S11B10,R16S11b10_info1_250Hz_gu1_AEP.conn,gu1,0.2549851851851852,0.26140370370370375,0.2768444444444444,0.28091111111111117,0.271262962962963,0.26537777777777777,0.2779444444444444,0.28302222222222223,0.27662222222222216,0.2679185185185186,0.27673703703703706,0.2813111111111111,0.29641481481481485,0.29681111111111114,0.32266666666666666,0.31116444444444447,0.31122222222222223,0.2992222222222222,0.2893511111111111,0.28071111111111113,0.3300088888888889,0.33277777777777773,0.3277844444444445,0.32086,0.3237422222222222,0.3153955555555556,0.3074044444444445,0.34668,0.3502133333333333,0.34150666666666674,0.30269555555555555,0.30014444444444444,0.2843844444444444,0.2796355555555555,0.2759,0.2984044444444444,0.3129088888888889,0.31124666666666667,0.30258222222222225,0.29252666666666666,0.28318000000000004,0.2813422222222222,0.3027444444444444,0.29303333333333337,0.28516444444444444,0.35372619047619047,0.3537222222222222,0.3499817460317461,0.35085476190476195,0.3592865079365079,0.353170634920635,0.34737063492063497,0.3504420634920634,0.3611071428571429,0.35333095238095236,0.3517563492063492,0.35535873015873015,0.36293333333333333,0.36244841269841277,0.36828730158730155,0.3558574074074074,0.3453703703703704,0.3295462962962963,0.325787037037037,0.34164259259259255,0.36678518518518516,0.3565888888888889,0.3563351851851852,0.34824814814814814,0.3449425925925926,0.3431685185185185,0.34224999999999994,0.3618425925925926,0.3549907407407407,0.3421166666666667,0.28820687830687836,0.28986137566137565,0.29753492063492065,0.3062984126984127,0.3080587301587302,0.2922941798941799,0.2979592592592593,0.3006492063492064,0.30129947089947084,0.2875994708994709,0.2950322751322751,0.303626455026455,0.3000232804232804,0.30164973544973545,0.29342962962962965,Male,10,8-12,Elementary,S,NC,R16S11b10_info1_250Hz_gu2_AEP.conn
R16S20G7,R16S20g7_info1_250Hz_gu1_AEP.conn,gu1,0.27144814814814816,0.26456666666666667,0.2632222222222222,0.26632962962962964,0.26540740740740737,0.2851296296296297,0.2922925925925926,0.2879962962962963,0.27646296296296297,0.2591111111111111,0.26438888888888884,0.2702740740740741,0.32344814814814815,0.31337777777777776,0.2968037037037037,0.2713755555555556,0.2805088888888889,0.2828377777777778,0.2861422222222222,0.29506888888888894,0.29935111111111107,0.3022711111111111,0.2981111111111111,0.28800666666666663,0.2878866666666666,0.2935022222222222,0.2948155555555555,0.31338222222222223,0.30533333333333335,0.31999333333333335,0.22785111111111114,0.22423111111111113,0.23605111111111113,0.24163777777777776,0.24448888888888884,0.2489777777777778,0.2541155555555556,0.25492888888888887,0.24542666666666663,0.22832000000000002,0.23381111111111114,0.23789111111111105,0.24833333333333335,0.2534355555555555,0.23619333333333334,0.2719547619047619,0.272965873015873,0.27475000000000005,0.275702380952381,0.2757484126984127,0.25794999999999996,0.258265873015873,0.25995396825396827,0.263281746031746,0.2718190476190476,0.2714253968253968,0.2714174603174603,0.2793746031746032,0.2767968253968254,0.2763531746031746,0.3814259259259259,0.3804240740740741,0.37970740740740744,0.3827425925925925,0.38678703703703715,0.3856648148148148,0.3859222222222222,0.38731851851851856,0.38981296296296297,0.3804222222222222,0.3776592592592593,0.3779814814814815,0.39723703703703706,0.39717407407407407,0.38856111111111113,0.269321164021164,0.2670962962962963,0.26480370370370376,0.26760370370370373,0.2678650793650793,0.26970846560846573,0.2689809523809524,0.2692015873015873,0.2701031746031746,0.2658730158730159,0.26466825396825405,0.2660333333333333,0.2718021164021164,0.2723301587301587,0.27440476190476193,Female,7,5-7,Elementary,S,NC,R16S20g7_info1_250Hz_gu2_AEP.conn
R16E16B7,R16E16b7_info1_250Hz_gu1_AEP.conn,gu1,0.27515925925925927,0.28179629629629627,0.2839074074074074,0.2835037037037037,0.27417407407407407,0.2549,0.2508074074074074,0.2659259259259259,0.2828777777777778,0.2937185185185185,0.291462962962963,0.28986666666666666,0.3010074074074074,0.3108333333333333,0.3301703703703704,0.34451333333333334,0.33687333333333336,0.3310577777777778,0.3270955555555556,0.3337111111111112,0.33077555555555554,0.3289888888888889,0.3376177777777778,0.3380288888888889,0.3324755555555555,0.32667555555555555,0.3249733333333333,0.3439688888888889,0.34917777777777775,0.3462244444444444,0.3211533333333333,0.3133888888888889,0.3081822222222222,0.30825111111111114,0.3016333333333333,0.3152466666666667,0.31307999999999997,0.31117777777777783,0.3123288888888889,0.30125555555555555,0.2966044444444445,0.2937222222222222,0.31348222222222216,0.3152577777777778,0.30595999999999995,0.3498341269841269,0.35253730158730157,0.35363253968253966,0.3528968253968254,0.3483619047619048,0.3556206349206349,0.35525,0.3552222222222222,0.35816190476190485,0.3541587301587302,0.3561650793650794,0.35367460317460314,0.3647738095238095,0.3630253968253968,0.36956269841269845,0.3907222222222222,0.38592592592592595,0.38197777777777775,0.3839981481481481,0.3798148148148148,0.3942722222222222,0.39658888888888894,0.39302592592592595,0.3896462962962963,0.3867037037037037,0.38615555555555553,0.39044259259259256,0.3912407407407407,0.39069259259259265,0.38069444444444445,0.292647619047619,0.2959253968253968,0.2948645502645502,0.2926253968253968,0.29410582010582004,0.292362962962963,0.29002010582010584,0.28633756613756617,0.2897888888888889,0.2951888888888889,0.2946391534391534,0.2946216931216931,0.2892105820105819,0.2864285714285714,0.29346243386243387,Male,7,5-7,Elementary,E,NC,R16E16b7_info1_250Hz_gu2_AEP.conn
R16BF04G10,R16BF04g10_info1_250Hz_gu1_AEP.conn,gu1,0.2666111111111111,0.26717407407407406,0.2777222222222222,0.2904851851851851,0.2841925925925926,0.27522222222222226,0.2905,0.2931333333333333,0.2897666666666667,0.2716111111111111,0.2850962962962963,0.29438518518518514,0.33701851851851855,0.3422407407407408,0.31047407407407407,0.3584355555555555,0.3652177777777778,0.3698911111111111,0.3716622222222222,0.37274222222222225,0.35869555555555555,0.3763311111111111,0.37338,0.36768,0.363,0.3642533333333333,0.3682533333333333,0.40181111111111106,0.39744666666666667,0.3758622222222222,0.31663555555555556,0.3103822222222222,0.31536444444444445,0.31853333333333333,0.3167466666666666,0.32203777777777776,0.3220511111111111,0.3107533333333333,0.3083266666666667,0.30974,0.30303777777777774,0.30810666666666664,0.32182222222222223,0.3157377777777778,0.3093,0.33008095238095236,0.32170634920634916,0.3211277777777778,0.32948571428571427,0.3366984126984128,0.3334484126984127,0.33556825396825396,0.33828492063492055,0.33985476190476194,0.3225746031746032,0.3215126984126984,0.3250912698412698,0.34443095238095234,0.348429365079365,0.3410690476190477,0.34050555555555556,0.34147037037037037,0.33763148148148153,0.33395740740740737,0.34147592592592596,0.35139629629629626,0.3390944444444444,0.3398481481481481,0.3389907407407408,0.3395185185185185,0.3403148148148148,0.3463314814814815,0.34377037037037034,0.34300925925925924,0.3509185185185186,0.2984417989417989,0.2955460317460317,0.29003439153439153,0.2881333333333333,0.2887804232804233,0.29199947089947087,0.28959999999999997,0.2930227513227513,0.29389894179894177,0.299068783068783,0.2943915343915344,0.2896724867724867,0.2839396825396825,0.2824253968253968,0.29348359788359785,Female,10,8-12,Elementary,S,NC,R16BF04g10_info1_250Hz_gu2_AEP.conn
R16A04B8,R16A04b8_info1_250Hz_gu1_AEP.conn,gu1,0.3193444444444445,0.3370111111111111,0.3592592592592592,0.3736814814814815,0.36021851851851855,0.2937703703703704,0.31450370370370373,0.3316,0.3175814814814815,0.34642962962962964,0.3511814814814815,0.3567777777777777,0.3384592592592593,0.3616888888888889,0.35411851851851855,0.37429111111111113,0.36717777777777777,0.38495111111111113,0.3970288888888889,0.3939911111111111,0.37169777777777774,0.3817622222222222,0.3824844444444444,0.3748511111111111,0.38116222222222224,0.38900888888888885,0.3951822222222222,0.38906666666666667,0.3816444444444444,0.39076,0.3428955555555555,0.3441133333333333,0.35718000000000005,0.36285777777777783,0.36699777777777787,0.3367866666666667,0.33827555555555555,0.3585733333333333,0.3640555555555555,0.34963333333333335,0.3555555555555555,0.36058888888888896,0.35593555555555556,0.3774244444444445,0.3596377777777778,0.42202301587301594,0.4204357142857142,0.4169753968253968,0.4168071428571428,0.425565873015873,0.40934126984126984,0.41459761904761905,0.4133007936507936,0.41568015873015873,0.42318412698412705,0.41679047619047627,0.4202111111111111,0.42537539682539677,0.425634126984127,0.42864444444444444,0.4306703703703704,0.43424444444444443,0.43626666666666664,0.41737222222222226,0.41513333333333335,0.4205425925925926,0.4362111111111111,0.44490740740740736,0.43538518518518515,0.42919444444444443,0.42585370370370373,0.40815,0.4284425925925926,0.44075,0.406362962962963,0.3563079365079365,0.3542587301587301,0.3519825396825397,0.35232962962962955,0.3571301587301588,0.36193492063492066,0.36688941798941793,0.37085026455026454,0.3666492063492063,0.36013121693121697,0.3599074074074074,0.35899047619047614,0.37329999999999997,0.37351216931216935,0.36329259259259256,Male,8,8-12,Elementary,A,NC,R16A04b8_info1_250Hz_gu2_AEP.conn
R16S19B10,R16S19b10_info1_250Hz_gu1_AEP.conn,gu1,0.24641111111111105,0.25153333333333333,0.2579222222222222,0.2586333333333333,0.25604074074074074,0.25183333333333335,0.2513444444444445,0.24575925925925923,0.2501481481481482,0.24429629629629632,0.2453777777777778,0.24688148148148145,0.27995555555555557,0.2717703703703704,0.2688111111111111,0.3101999999999999,0.3036377777777778,0.29562888888888883,0.29809111111111114,0.2999377777777778,0.3096688888888889,0.30262222222222224,0.2930733333333333,0.2858844444444445,0.3032355555555556,0.29720888888888897,0.29610888888888887,0.32505333333333336,0.3164711111111112,0.32094666666666666,0.36688,0.36423777777777777,0.3574644444444445,0.35109333333333337,0.3522444444444444,0.3550355555555556,0.3467822222222222,0.34438,0.34811333333333333,0.3559066666666666,0.3549622222222222,0.34838888888888886,0.34062222222222227,0.33719333333333334,0.34395999999999993,0.33710873015873016,0.34111825396825396,0.34375476190476195,0.34228650793650794,0.3399984126984128,0.33214999999999995,0.33185238095238095,0.33244126984126987,0.33249603174603176,0.3417023809523809,0.3445896825396826,0.3450404761904761,0.34625396825396815,0.3473714285714285,0.3570444444444444,0.4135203703703703,0.41031851851851847,0.4142888888888889,0.4159203703703704,0.41556851851851856,0.4169740740740741,0.42106851851851856,0.4244148148148148,0.42684814814814825,0.41909074074074076,0.4199777777777778,0.4203814814814814,0.40545370370370365,0.41044444444444445,0.4164148148148148,0.2759910052910053,0.2748386243386243,0.27801640211640216,0.28001746031746044,0.2786095238095237,0.27909682539682545,0.2805280423280423,0.27864603174603175,0.275968253968254,0.2744825396825397,0.2799291005291006,0.28498095238095245,0.27711534391534387,0.2771116402116402,0.2874735449735451,Male,10,8-12,Elementary,S,NC,R16S19b10_info1_250Hz_gu2_AEP.conn
R16S21B8,R16S21b8_info1_250Hz_gu1_AEP.conn,gu1,0.21663333333333332,0.21736666666666668,0.2281,0.23453333333333334,0.2424481481481481,0.2449444444444445,0.2502037037037037,0.24233703703703702,0.24216666666666664,0.22764814814814813,0.2306111111111111,0.23366666666666666,0.2732925925925926,0.26289999999999997,0.2659592592592593,0.33613333333333334,0.33666444444444443,0.33953777777777777,0.3411088888888889,0.3385711111111111,0.3360066666666667,0.3333022222222223,0.3349511111111111,0.3395422222222222,0.33238222222222225,0.33361111111111114,0.33298444444444447,0.35915111111111114,0.35502,0.3517,0.3123666666666667,0.3226266666666667,0.3348444444444444,0.3389155555555555,0.3411755555555555,0.32513111111111115,0.33182888888888895,0.3353955555555556,0.33549777777777773,0.3277688888888889,0.3419977777777778,0.3431666666666667,0.33056888888888886,0.3360222222222222,0.3458488888888889,0.29786031746031744,0.301068253968254,0.30693809523809523,0.3062373015873016,0.30262380952380946,0.2951984126984127,0.2981809523809523,0.29674126984126986,0.29010476190476187,0.2979888888888889,0.30365079365079367,0.3053111111111111,0.3151,0.31452619047619057,0.3176642857142857,0.34985925925925926,0.34526851851851853,0.3410777777777778,0.3337944444444445,0.3382648148148148,0.3364203703703703,0.32916666666666666,0.3260703703703704,0.32544074074074075,0.35265555555555556,0.34680370370370367,0.3381407407407407,0.3293277777777778,0.3276777777777778,0.34506296296296296,0.2663978835978836,0.2669915343915344,0.2662661375661376,0.2672650793650793,0.26685502645502646,0.2671724867724868,0.2600216931216931,0.258368253968254,0.26262328042328037,0.26864708994708986,0.2668671957671958,0.2678751322751323,0.2603613756613757,0.2589428571428571,0.26468042328042324,Male,8,8-12,Elementary,S,NC,R16S21b8_info1_250Hz_gu2_AEP.conn
R16S23G8,R16S23g8_info1_250Hz_gu1_AEP.conn,gu1,0.28888148148148146,0.2859851851851852,0.27914074074074074,0.27204074074074075,0.27024444444444445,0.2856518518518519,0.27326666666666666,0.2665592592592592,0.2667074074074074,0.2779888888888889,0.27123703703703705,0.2662111111111111,0.3028888888888889,0.2939925925925926,0.3062111111111111,0.3369022222222222,0.3396355555555556,0.3354688888888889,0.34069111111111117,0.3523733333333333,0.33694888888888885,0.34126,0.3506333333333334,0.35151333333333334,0.33746444444444446,0.3335355555555556,0.3352644444444445,0.36155111111111105,0.3708866666666667,0.3543155555555556,0.32427555555555554,0.3255533333333333,0.33670222222222224,0.35029333333333335,0.3601111111111111,0.3404111111111111,0.3389044444444444,0.34428222222222227,0.3524111111111111,0.3283977777777778,0.33624444444444446,0.34543333333333337,0.34774222222222223,0.3494488888888889,0.3548644444444444,0.4024015873015873,0.39673492063492066,0.3956253968253968,0.39384603174603167,0.38990555555555556,0.379297619047619,0.37835317460317447,0.3814785714285714,0.38356984126984134,0.3971444444444446,0.39615714285714276,0.3922579365079365,0.3964555555555555,0.39906111111111114,0.4008785714285715,0.3796537037037037,0.3732925925925925,0.3684277777777778,0.3661277777777778,0.36633703703703707,0.37268888888888885,0.36899074074074073,0.3612092592592593,0.3608185185185186,0.3829092592592593,0.3732851851851852,0.3672796296296296,0.37096851851851853,0.35790370370370367,0.3748666666666667,0.33717883597883597,0.3342746031746032,0.33598465608465605,0.331515873015873,0.32791481481481477,0.3323306878306879,0.33256084656084656,0.3323714285714286,0.3287153439153439,0.3388634920634921,0.3396677248677249,0.33365555555555554,0.3254492063492063,0.32587142857142853,0.33346719576719575,Female,8,8-12,Elementary,S,NC,R16S23g8_info1_250Hz_gu2_AEP.conn
R16E13B5,R16E13b5_info1_250Hz_gu1_AEP.conn,gu1,0.24311481481481478,0.24785185185185185,0.25832962962962963,0.2599925925925926,0.25304444444444446,0.2585148148148148,0.2584185185185185,0.2503444444444445,0.24934814814814818,0.23936296296296297,0.25656296296296294,0.2610962962962963,0.29431481481481486,0.28754444444444444,0.29048888888888885,0.3509244444444445,0.34661555555555557,0.34089777777777786,0.33839555555555556,0.3368555555555556,0.34728666666666663,0.34882222222222226,0.35481111111111113,0.35863333333333336,0.34535333333333335,0.34090888888888893,0.3399866666666667,0.3676977777777778,0.3723533333333333,0.3671044444444444,0.4125355555555556,0.41630222222222224,0.4162044444444444,0.4114911111111111,0.40496444444444446,0.40560222222222214,0.4123622222222222,0.4178266666666667,0.41772888888888887,0.4191244444444445,0.41354888888888885,0.4074066666666667,0.41906888888888894,0.4195111111111111,0.41211111111111104,0.3905388888888888,0.39215555555555554,0.3924611111111111,0.39210000000000006,0.39189841269841275,0.39857380952380955,0.3922007936507937,0.39079523809523803,0.39115714285714287,0.3912690476190476,0.3904317460317461,0.38658174603174605,0.41022142857142857,0.40746666666666664,0.40405634920634925,0.4181944444444445,0.41086111111111107,0.40565,0.3991018518518518,0.39455555555555555,0.42519814814814816,0.4197314814814815,0.4205574074074074,0.4168166666666668,0.4122148148148148,0.4112833333333333,0.4058333333333333,0.41727962962962967,0.41536481481481485,0.4188703703703704,0.3067365079365079,0.3079661375661376,0.3061169312169313,0.3073497354497354,0.30790317460317457,0.3114275132275133,0.3055089947089947,0.302094708994709,0.30365925925925924,0.30574708994708993,0.30314814814814817,0.30380529100529097,0.3044343915343915,0.302868783068783,0.30348412698412697,Male,5,5-7,Elementary,E,NC,R16E13b5_info1_250Hz_gu2_AEP.conn
