participant_id,filename,condition,delta_ACtL_ACrL,delta_ACtL_ACaL,delta_ACtL_ACtR,delta_ACtL_ACrR,delta_ACtL_ACaR,delta_ACrL_ACaL,delta_ACrL_ACtR,delta_ACrL_ACrR,delta_ACrL_ACaR,delta_ACaL_ACtR,delta_ACaL_ACrR,delta_ACaL_ACaR,delta_ACtR_ACrR,delta_ACtR_ACaR,delta_ACrR_ACaR,theta_ACtL_ACrL,theta_ACtL_ACaL,theta_ACtL_ACtR,theta_ACtL_ACrR,theta_ACtL_ACaR,theta_ACrL_ACaL,theta_ACrL_ACtR,theta_ACrL_ACrR,theta_ACrL_ACaR,theta_ACaL_ACtR,theta_ACaL_ACrR,theta_ACaL_ACaR,theta_ACtR_ACrR,theta_ACtR_ACaR,theta_ACrR_ACaR,alpha_ACtL_ACrL,alpha_ACtL_ACaL,alpha_ACtL_ACtR,alpha_ACtL_ACrR,alpha_ACtL_ACaR,alpha_ACrL_ACaL,alpha_ACrL_ACtR,alpha_ACrL_ACrR,alpha_ACrL_ACaR,alpha_ACaL_ACtR,alpha_ACaL_ACrR,alpha_ACaL_ACaR,alpha_ACtR_ACrR,alpha_ACtR_ACaR,alpha_ACrR_ACaR,beta_ACtL_ACrL,beta_ACtL_ACaL,beta_ACtL_ACtR,beta_ACtL_ACrR,beta_ACtL_ACaR,beta_ACrL_ACaL,beta_ACrL_ACtR,beta_ACrL_ACrR,beta_ACrL_ACaR,beta_ACaL_ACtR,beta_ACaL_ACrR,beta_ACaL_ACaR,beta_ACtR_ACrR,beta_ACtR_ACaR,beta_ACrR_ACaR,highbeta_ACtL_ACrL,highbeta_ACtL_ACaL,highbeta_ACtL_ACtR,highbeta_ACtL_ACrR,highbeta_ACtL_ACaR,highbeta_ACrL_ACaL,highbeta_ACrL_ACtR,highbeta_ACrL_ACrR,highbeta_ACrL_ACaR,highbeta_ACaL_ACtR,highbeta_ACaL_ACrR,highbeta_ACaL_ACaR,highbeta_ACtR_ACrR,highbeta_ACtR_ACaR,highbeta_ACrR_ACaR,gamma_ACtL_ACrL,gamma_ACtL_ACaL,gamma_ACtL_ACtR,gamma_ACtL_ACrR,gamma_ACtL_ACaR,gamma_ACrL_ACaL,gamma_ACrL_ACtR,gamma_ACrL_ACrR,gamma_ACrL_ACaR,gamma_ACaL_ACtR,gamma_ACaL_ACrR,gamma_ACaL_ACaR,gamma_ACtR_ACrR,gamma_ACtR_ACaR,gamma_ACrR_ACaR,gender,age,age_group,age_group_edu,lang,lang_group,file_name
R16C28M6,R16C28m6_info1_250Hz_gu3_AEP.conn,gu3,0.3264074074074073,0.3254074074074074,0.3300222222222222,0.33261481481481486,0.32964814814814813,0.32154074074074074,0.3258259259259259,0.328074074074074,0.34228888888888886,0.33652592592592595,0.34349999999999997,0.34972592592592594,0.33980000000000005,0.3397037037037037,0.34530370370370367,0.3480822222222222,0.3501066666666667,0.34986666666666666,0.34850000000000003,0.3510888888888889,0.3489333333333334,0.34908666666666666,0.3487355555555555,0.3490711111111111,0.34317777777777775,0.34289111111111115,0.34068444444444446,0.3418222222222222,0.34137555555555554,0.3376888888888889,0.2704266666666667,0.27242888888888894,0.27098444444444447,0.2661511111111111,0.2662755555555556,0.26232666666666665,0.2610155555555556,0.2598066666666667,0.2611755555555556,0.25137777777777776,0.2471044444444445,0.24205555555555555,0.2468222222222222,0.24461333333333335,0.24274444444444443,0.2666658730158731,0.26846825396825397,0.2691936507936508,0.2695071428571429,0.2699769841269841,0.2673547619047619,0.2681690476190476,0.26883015873015875,0.2701063492063492,0.2810230158730159,0.2804468253968254,0.28118015873015884,0.28106984126984125,0.2830722222222222,0.28113571428571427,0.24172592592592593,0.24249999999999997,0.2434481481481481,0.2439037037037037,0.24404074074074075,0.24600185185185186,0.24478148148148146,0.2423833333333333,0.24063703703703707,0.25528703703703703,0.2538462962962963,0.2519888888888889,0.2593759259259259,0.25857037037037034,0.251837037037037,0.23021322751322748,0.2314227513227513,0.23371269841269843,0.2354756613756614,0.23492592592592598,0.23267460317460315,0.23319259259259267,0.23255714285714285,0.23171798941798938,0.2455407407407407,0.24802751322751315,0.24835820105820108,0.24771164021164024,0.24725291005291009,0.24953809523809523,Male,6,5-7,Elementary,C,C,R16C28m6_info1_250Hz_gu2_AEP.conn
R16C06B16,R16C06b16_info1_250Hz_gu3_AEP(1).conn,gu3,0.2872666666666667,0.28121851851851853,0.27794074074074077,0.27638518518518523,0.27438888888888885,0.2830074074074074,0.2850962962962963,0.2842037037037037,0.3121666666666667,0.30977777777777776,0.3045703703703704,0.3019407407407407,0.3194185185185185,0.31904814814814814,0.30614444444444444,0.3080577777777778,0.3065333333333333,0.3032755555555555,0.30030222222222225,0.3005622222222223,0.3134155555555556,0.31314888888888887,0.31107111111111113,0.3100044444444444,0.31093111111111116,0.30584222222222224,0.30465333333333333,0.3175533333333333,0.3147733333333333,0.30632666666666664,0.22452888888888892,0.22351555555555555,0.2220133333333333,0.22172666666666668,0.2213822222222222,0.2284311111111111,0.22862444444444446,0.22586,0.22275777777777775,0.22479333333333334,0.22353111111111118,0.22572888888888887,0.22550888888888884,0.22270222222222222,0.22639111111111113,0.30726825396825397,0.309497619047619,0.3097206349206349,0.30902777777777773,0.3074357142857143,0.30983095238095243,0.3104738095238096,0.31211666666666676,0.3117857142857142,0.3241420634920635,0.3228126984126984,0.32239206349206345,0.3249174603174603,0.32618174603174604,0.32328730158730157,0.2378962962962963,0.23726111111111112,0.23623333333333332,0.2343462962962963,0.23433888888888896,0.24671111111111113,0.24200555555555558,0.23918148148148152,0.23942407407407407,0.24507222222222222,0.24235925925925927,0.24032962962962964,0.2509,0.24686481481481484,0.2459148148148148,0.2248671957671958,0.2252904761904762,0.2262095238095238,0.2234306878306878,0.22344391534391536,0.22766560846560843,0.2275867724867725,0.22586613756613755,0.22441534391534387,0.22481269841269844,0.2266465608465608,0.22688253968253969,0.2306047619047619,0.22916349206349204,0.2290920634920635,Male,16,Teen,Secondary,C,C,R16C06b16_info1_250Hz_gu2_AEP(1).conn
R16MME07GU_F10,R16mme07gu_f10_info1_250Hz_gu3_AEP.conn,gu3,0.32604814814814814,0.3482185185185185,0.3504925925925926,0.3406518518518518,0.3171592592592593,0.3229666666666667,0.3368222222222223,0.3213037037037037,0.36423333333333335,0.37833703703703697,0.38305555555555565,0.3733962962962963,0.3688814814814814,0.3496296296296297,0.3708703703703704,0.3599266666666667,0.3604377777777778,0.3437444444444445,0.35656222222222217,0.3582066666666667,0.34758000000000006,0.3574733333333333,0.3669888888888889,0.3650777777777778,0.3659044444444444,0.3531222222222222,0.36508666666666667,0.3591311111111111,0.3689288888888889,0.34500000000000003,0.3202644444444444,0.3045111111111111,0.3070755555555555,0.3221266666666667,0.3274333333333333,0.3353066666666667,0.3197644444444444,0.3151377777777778,0.3215577777777778,0.32912222222222226,0.3312088888888889,0.3397888888888889,0.32764888888888893,0.3251711111111112,0.3278022222222222,0.33477539682539686,0.33078730158730163,0.3306047619047619,0.3275428571428571,0.3256198412698413,0.3294444444444445,0.3308658730158731,0.3325825396825396,0.33809603174603176,0.3468055555555556,0.34859285714285715,0.34211587301587304,0.34265952380952375,0.34472380952380943,0.3493087301587301,0.30673888888888895,0.30214259259259263,0.2844685185185185,0.2954555555555555,0.2942111111111111,0.30301296296296293,0.30416296296296297,0.3205962962962963,0.3196666666666667,0.3110296296296296,0.2950407407407407,0.30780740740740736,0.3009222222222222,0.3132981481481481,0.2915759259259259,0.24376243386243385,0.2472703703703704,0.2541386243386243,0.25300105820105817,0.2437227513227513,0.2420005291005291,0.24360476190476188,0.251115873015873,0.24733544973544971,0.25443280423280423,0.2604825396825397,0.25880476190476187,0.250737037037037,0.2591534391534392,0.2620846560846561,Female,10,8-12,Elementary,C,C,R16mme07gu_f10_info1_250Hz_gu2_AEP.conn
R16C18B7,R16C18b7_info1_250Hz_gu3_AEP.conn,gu3,0.3119,0.31127777777777776,0.3114296296296296,0.3084222222222222,0.3076296296296296,0.31997777777777775,0.31656666666666666,0.31187777777777775,0.34314074074074075,0.34921851851851854,0.3530333333333333,0.35006296296296296,0.3567222222222222,0.350174074074074,0.3568518518518518,0.34278444444444445,0.3399155555555556,0.3401533333333333,0.34016,0.3407955555555556,0.3438377777777778,0.33927555555555555,0.34269333333333335,0.3433711111111111,0.3405711111111111,0.3383666666666667,0.3383622222222222,0.33492000000000005,0.34141111111111105,0.34069555555555553,0.2975222222222222,0.2939355555555555,0.29341333333333336,0.2947266666666667,0.2952355555555556,0.30776888888888887,0.3038177777777778,0.3017666666666666,0.30077999999999994,0.30487333333333333,0.30404444444444445,0.30280888888888885,0.31507333333333326,0.31292000000000003,0.3127888888888889,0.35657539682539685,0.3575055555555555,0.35641269841269846,0.35599841269841276,0.3561285714285714,0.3604269841269841,0.356870634920635,0.35498174603174604,0.3545357142857143,0.3712587301587301,0.3689912698412699,0.3665785714285715,0.3749730158730159,0.3711706349206349,0.37151746031746036,0.3262462962962963,0.33035370370370365,0.3315277777777778,0.32993518518518516,0.3246981481481482,0.32467962962962965,0.3343851851851852,0.3454777777777778,0.34372407407407407,0.3273518518518518,0.3291555555555556,0.32903333333333334,0.33302222222222216,0.3377203703703704,0.33128703703703705,0.2911465608465609,0.2861751322751323,0.28494867724867723,0.2855402116402117,0.2870957671957672,0.29046666666666665,0.2866428571428572,0.2851126984126984,0.2864026455026455,0.29318888888888894,0.2943809523809524,0.2947174603174603,0.2943396825396825,0.29363386243386247,0.2954724867724867,Male,7,5-7,Elementary,C,C,R16C18b7_info1_250Hz_gu2_AEP.conn
R16C19G8,R16C19g8_info1_250Hz_gu3_AEP.conn,gu3,0.26743333333333336,0.2975962962962963,0.28234444444444445,0.2722925925925926,0.25678148148148144,0.2644703703703704,0.2684037037037037,0.2572666666666667,0.30494814814814813,0.32526666666666665,0.3108111111111111,0.3002666666666666,0.3019925925925926,0.2960074074074074,0.29338148148148147,0.35923333333333335,0.3778133333333333,0.35668,0.3594911111111111,0.35204222222222226,0.3749044444444445,0.37983555555555554,0.37433777777777777,0.3663333333333333,0.3800311111111111,0.36584888888888883,0.3684177777777778,0.37476444444444446,0.37569777777777774,0.3567911111111111,0.2792511111111111,0.2878377777777778,0.2876888888888889,0.2905577777777778,0.28976222222222225,0.30328222222222223,0.3130111111111112,0.28942,0.27381333333333335,0.3025088888888889,0.3001955555555555,0.30465333333333333,0.31508444444444444,0.2968,0.3005977777777778,0.3768944444444445,0.36886190476190484,0.35222777777777775,0.34157539682539684,0.35175873015873016,0.3509793650793651,0.3361682539682539,0.3268412698412699,0.3536436507936508,0.3777214285714285,0.3601507936507936,0.3494055555555556,0.35087936507936507,0.3409611111111111,0.35743571428571425,0.3198777777777778,0.31324259259259263,0.3173481481481482,0.33388148148148145,0.3193777777777777,0.29577777777777775,0.2931259259259259,0.2984925925925926,0.29524074074074075,0.2894962962962963,0.2901944444444445,0.3013425925925926,0.27614814814814814,0.2820500000000001,0.28340185185185185,0.29380052910052906,0.30717460317460316,0.31115555555555563,0.3045619047619048,0.29868994708994717,0.30110158730158726,0.3013560846560847,0.2980428571428572,0.2904063492063492,0.31859312169312165,0.3253883597883598,0.3184798941798941,0.3134513227513227,0.31078465608465616,0.3136063492063492,Female,8,8-12,Elementary,C,C,R16C19g8_info1_250Hz_gu2_AEP.conn
R16C36B6,R16C36b6_info1_250Hz_gu3_AEP.conn,gu3,0.2251592592592592,0.23226296296296298,0.2348037037037037,0.23185185185185184,0.2281666666666667,0.23657407407407413,0.23693333333333333,0.23090000000000002,0.24459259259259258,0.2462851851851852,0.24724444444444446,0.2438074074074074,0.24673703703703706,0.2390925925925926,0.2428962962962963,0.2753244444444444,0.2796466666666667,0.279348888888889,0.27692666666666665,0.2734755555555556,0.2718688888888889,0.2704911111111111,0.26878888888888885,0.2690177777777778,0.2709666666666667,0.26950222222222225,0.2681355555555555,0.2673577777777778,0.2665133333333333,0.26272222222222225,0.24976666666666664,0.2479688888888889,0.2437955555555556,0.23961333333333332,0.24073555555555554,0.23205777777777778,0.2327977777777778,0.23320444444444446,0.2331933333333333,0.23428666666666667,0.23537555555555553,0.2343288888888889,0.22178222222222224,0.22801333333333335,0.23068888888888886,0.2642555555555556,0.2655015873015873,0.26612460317460324,0.2674714285714286,0.2663357142857143,0.26705317460317457,0.2690484126984127,0.27146190476190474,0.2710261904761905,0.2773380952380952,0.2785365079365079,0.27876031746031743,0.2813984126984127,0.281531746031746,0.27516984126984123,0.24910740740740742,0.24762407407407408,0.24337962962962964,0.24666296296296294,0.2449148148148148,0.24674259259259257,0.24348518518518522,0.2419888888888889,0.24170185185185186,0.26057592592592593,0.2582777777777778,0.2583759259259259,0.25489074074074075,0.25221296296296297,0.25772592592592597,0.2397412698412699,0.23950476190476197,0.23925925925925923,0.2400126984126984,0.23875079365079369,0.23982433862433858,0.240394708994709,0.2404206349206349,0.2402238095238095,0.24975238095238103,0.2499015873015873,0.249926455026455,0.25130158730158736,0.2529216931216932,0.2539634920634921,Male,6,5-7,Elementary,C,C,R16C36b6_info1_250Hz_gu2_AEP.conn
M01Y09CB,M01y09cb_info1_250Hz_gu3_AEP.conn,gu3,0.2656444444444444,0.2760777777777777,0.27854074074074076,0.27927037037037034,0.28067037037037035,0.28676296296296294,0.27912592592592594,0.2722,0.30009259259259263,0.29934074074074074,0.30089259259259266,0.3028111111111111,0.3023185185185185,0.2924259259259259,0.2886037037037037,0.3325911111111111,0.32386,0.32008222222222216,0.31897111111111115,0.3182333333333333,0.32724444444444445,0.33260666666666666,0.3273222222222222,0.3218977777777778,0.32899555555555554,0.3221311111111111,0.32127999999999995,0.3341288888888889,0.3293822222222223,0.3213444444444445,0.34186666666666676,0.3390511111111111,0.3396822222222222,0.34026666666666666,0.33891333333333334,0.3248111111111111,0.32954,0.3321044444444444,0.3411333333333334,0.34229777777777776,0.33994,0.3351,0.3236644444444444,0.3286266666666666,0.33632222222222224,0.34589444444444456,0.34412857142857145,0.34174920634920636,0.339465873015873,0.34152301587301587,0.34015793650793646,0.33981269841269846,0.33610952380952386,0.3419555555555555,0.36346825396825405,0.36023492063492063,0.35647063492063497,0.3578801587301588,0.3554920634920635,0.36423968253968253,0.2753407407407407,0.27935185185185185,0.2776018518518519,0.2777481481481482,0.2769592592592593,0.2751185185185185,0.27973333333333333,0.2735518518518518,0.2687240740740741,0.27801666666666663,0.2766925925925926,0.2760574074074074,0.283162962962963,0.2784259259259259,0.27518333333333334,0.2911402116402117,0.29286402116402116,0.2939603174603174,0.29415185185185183,0.2900285714285714,0.2826571428571428,0.2842978835978836,0.28764814814814804,0.2913941798941798,0.30206084656084653,0.29919206349206345,0.298589417989418,0.2983640211640212,0.3002089947089947,0.2991957671957672,Female,9,8-12,Elementary,C,C,M01y09cb_info1_250Hz_gu2_AEP.conn
R16C26F10,R16C26f10_info1_250Hz_gu3_AEP.conn,gu3,0.2395111111111111,0.24186666666666667,0.2416851851851852,0.24406666666666665,0.24338518518518515,0.24785925925925925,0.2483296296296296,0.24811851851851852,0.2718666666666667,0.2656888888888889,0.26334444444444444,0.2679185185185185,0.2672111111111111,0.26527407407407405,0.25217407407407405,0.27596222222222216,0.27396444444444445,0.2757177777777778,0.27958222222222223,0.2817866666666667,0.28522,0.28662444444444446,0.28782444444444444,0.28967333333333334,0.28383555555555556,0.2879666666666667,0.28998,0.2906444444444444,0.2900333333333333,0.29408222222222224,0.21721555555555558,0.21506888888888892,0.21495555555555557,0.21740444444444443,0.22109555555555555,0.21868888888888885,0.21876,0.21952222222222226,0.22243555555555555,0.20894000000000004,0.20808222222222222,0.20578444444444446,0.20745111111111111,0.2060933333333333,0.21117111111111111,0.2833880952380952,0.2823142857142857,0.27813095238095237,0.27954999999999997,0.28506825396825397,0.2819912698412698,0.2809230158730159,0.2775,0.2778111111111111,0.28827698412698416,0.28653095238095244,0.2866992063492063,0.29399444444444445,0.2897285714285714,0.29315555555555556,0.2859074074074074,0.28425925925925927,0.28098703703703704,0.2777351851851852,0.2753759259259259,0.27214074074074074,0.27554814814814815,0.27419444444444446,0.2753574074074074,0.2911925925925926,0.28640185185185185,0.2859851851851852,0.28623703703703707,0.28644444444444445,0.2886666666666667,0.22439841269841268,0.22498359788359792,0.2270084656084656,0.22813650793650792,0.2282835978835979,0.22671269841269837,0.2279021164021164,0.22714232804232806,0.22810529100529098,0.23579576719576723,0.23523809523809522,0.23564656084656083,0.23987089947089948,0.23840476190476195,0.2396486772486772,Female,10,8-12,Elementary,C,C,R16C26f10_info1_250Hz_gu2_AEP.conn
R16C23B5,R16C23b5_info1_250Hz_gu3_AEP.conn,gu3,0.24427037037037036,0.24452962962962965,0.24538888888888888,0.24345185185185184,0.24437407407407408,0.23299629629629628,0.24051481481481485,0.24628148148148152,0.2790185185185185,0.2626296296296296,0.264625925925926,0.26793333333333336,0.2600518518518518,0.2662074074074074,0.2591222222222222,0.30826888888888887,0.3048444444444445,0.30090888888888884,0.29821555555555557,0.30128222222222223,0.2999044444444444,0.3023733333333333,0.30515333333333333,0.3063977777777778,0.31101333333333336,0.30705777777777776,0.30245777777777777,0.3072377777777778,0.30870000000000003,0.3005088888888888,0.3002311111111111,0.29804222222222226,0.29735555555555554,0.2968577777777778,0.2984444444444444,0.2956733333333333,0.29543555555555556,0.2953955555555555,0.2955711111111111,0.3024355555555555,0.30116,0.29478444444444446,0.2980777777777778,0.29718888888888895,0.2931377777777778,0.3184269841269841,0.3181849206349205,0.31860158730158733,0.31855,0.31790873015873006,0.3143738095238095,0.31481984126984125,0.3163904761904761,0.31648174603174606,0.32928412698412696,0.32955873015873005,0.3295031746031746,0.32720793650793656,0.32790952380952376,0.32673253968253974,0.2512111111111111,0.24856666666666669,0.24652962962962965,0.25028703703703703,0.25597592592592594,0.2504111111111111,0.2479148148148148,0.25288148148148143,0.2568796296296297,0.261162962962963,0.2558185185185185,0.2562777777777778,0.2631203703703704,0.26230740740740743,0.25253333333333333,0.28011904761904766,0.28029047619047626,0.2794349206349206,0.2787253968253968,0.2788439153439153,0.2747687830687831,0.27617724867724874,0.2766555555555556,0.2771005291005291,0.2844740740740741,0.28490370370370377,0.28500952380952377,0.28405555555555556,0.28611269841269843,0.2806026455026456,Male,5,5-7,Elementary,C,C,R16C23b5_info1_250Hz_gu2_AEP.conn
R16C09B08,R16C09b08_info1_250Hz_gu3_AEP.conn,gu3,0.23234074074074074,0.23363333333333336,0.2351,0.24028148148148146,0.24089259259259257,0.24401481481481482,0.24562222222222227,0.24637777777777772,0.2753481481481482,0.26575925925925925,0.2664518518518519,0.27341481481481483,0.2704222222222223,0.2712185185185185,0.26511111111111113,0.30152666666666667,0.30517555555555553,0.3095733333333333,0.3095866666666667,0.30926888888888887,0.29898444444444444,0.29976222222222226,0.29905777777777776,0.30164444444444444,0.3002066666666666,0.30287111111111115,0.3004666666666666,0.2908266666666667,0.2879888888888889,0.29353555555555555,0.26911555555555555,0.2688911111111111,0.26892888888888894,0.26868888888888887,0.26865555555555554,0.2535422222222222,0.2568311111111111,0.2614711111111111,0.2661755555555555,0.2672622222222222,0.26888222222222224,0.2681488888888889,0.25528888888888884,0.25848444444444446,0.2643222222222222,0.3161793650793651,0.3167015873015873,0.31677142857142854,0.31553492063492067,0.31432539682539684,0.31597857142857144,0.3158555555555556,0.3171698412698412,0.31631825396825397,0.3296246031746032,0.3292793650793651,0.3281325396825397,0.3315595238095238,0.33042460317460315,0.3315095238095238,0.28202037037037037,0.28402222222222223,0.28549259259259263,0.28465,0.2831148148148148,0.2849074074074074,0.28769814814814815,0.2907166666666667,0.28782592592592593,0.30061296296296297,0.29982037037037035,0.2974833333333334,0.3035,0.30169814814814816,0.3026407407407407,0.23352539682539689,0.23545608465608467,0.23573597883597885,0.23479841269841276,0.23408253968253967,0.231626455026455,0.23081322751322755,0.23047566137566136,0.23069470899470895,0.2457899470899471,0.2449380952380953,0.2428719576719577,0.24128253968253968,0.24183492063492068,0.2436084656084656,Male,8,8-12,Elementary,C,C,R16C09b08_info1_250Hz_gu2_AEP.conn
R16C39B10,R16C39b10_info1_250Hz_gu3_AEP.conn,gu3,0.3025555555555556,0.3002814814814814,0.3046407407407407,0.30875925925925923,0.31127037037037036,0.3067814814814815,0.30577037037037036,0.3048962962962963,0.3286222222222222,0.324462962962963,0.32635925925925924,0.3284185185185185,0.3317222222222222,0.33204074074074075,0.3233592592592593,0.3699355555555556,0.37005333333333335,0.3724777777777778,0.37039555555555553,0.3725777777777778,0.37226666666666663,0.3721488888888889,0.3721822222222223,0.37279111111111113,0.3613666666666667,0.36316666666666664,0.35800000000000004,0.36344,0.3627577777777778,0.3654644444444445,0.32178222222222225,0.3209422222222222,0.3260022222222222,0.32845777777777785,0.3336355555555556,0.32457777777777774,0.3239466666666667,0.3252333333333334,0.32579333333333327,0.3050711111111111,0.30862222222222224,0.30783777777777777,0.3055466666666667,0.30751999999999996,0.30540666666666666,0.2878150793650794,0.28966587301587304,0.291502380952381,0.2905777777777777,0.28902936507936505,0.29048015873015876,0.2919301587301587,0.2907293650793651,0.28953492063492065,0.3028166666666667,0.3055896825396825,0.30517698412698413,0.3049507936507937,0.30267063492063484,0.3046611111111112,0.23869444444444443,0.2376351851851852,0.2373166666666667,0.2345037037037037,0.23464814814814813,0.24729444444444448,0.24443518518518517,0.23935185185185184,0.23507407407407407,0.23738888888888887,0.23875555555555553,0.23732407407407408,0.2419444444444445,0.2358537037037037,0.24214814814814814,0.22391111111111112,0.22681851851851853,0.22914656084656085,0.22805502645502645,0.2279137566137567,0.2280206349206349,0.2295936507936508,0.23069841269841268,0.22914391534391537,0.23617724867724868,0.23813015873015875,0.23644708994708993,0.2395502645502645,0.2397534391534392,0.24006560846560848,Male,10,8-12,Elementary,C,C,R16C39b10_info1_250Hz_gu2_AEP.conn
R16C35B06,R16C35b06_info1_250Hz_gu3_AEP.conn,gu3,0.25777037037037037,0.2594148148148148,0.26004814814814814,0.26047777777777775,0.2584074074074074,0.2612703703703703,0.26470370370370366,0.26650740740740747,0.2931888888888889,0.28597777777777783,0.2872222222222222,0.2884777777777778,0.28924814814814814,0.2905666666666667,0.2943185185185185,0.3306155555555556,0.3274822222222223,0.32241333333333333,0.32080444444444445,0.3195155555555556,0.33448,0.3314755555555555,0.32809999999999995,0.3248044444444444,0.3362955555555555,0.3312088888888889,0.3288022222222223,0.3375911111111111,0.3335311111111111,0.3369155555555555,0.3206333333333333,0.31935777777777774,0.32073777777777784,0.32236000000000004,0.32398,0.3197066666666667,0.31936444444444445,0.3197488888888889,0.32019333333333333,0.3235511111111111,0.3242688888888889,0.32647777777777776,0.3167288888888889,0.31918,0.3236066666666667,0.34478174603174605,0.34464047619047616,0.3449349206349206,0.3457936507936508,0.3453230158730159,0.34228492063492066,0.3421015873015873,0.34058650793650797,0.34094523809523813,0.355252380952381,0.3543349206349206,0.3549896825396826,0.3525301587301587,0.3537142857142857,0.3525690476190476,0.2488851851851852,0.24760000000000001,0.24554074074074073,0.24478333333333335,0.24477777777777776,0.2470888888888889,0.24594814814814817,0.2405277777777778,0.23931666666666665,0.2458148148148148,0.24255185185185188,0.2405962962962963,0.2416611111111111,0.23946111111111112,0.24469814814814814,0.27494708994708994,0.2747502645502646,0.27340264550264554,0.2725873015873016,0.27432222222222225,0.2779354497354497,0.2773851851851851,0.2760571428571429,0.2763671957671957,0.2847751322751323,0.2823566137566138,0.28141746031746023,0.2841592592592593,0.2833835978835979,0.28649735449735453,Male,6,5-7,Elementary,C,C,R16C35b06_info1_250Hz_gu2_AEP.conn
R16C05B13,R16C05b13_info1_250Hz_gu3_AEP.conn,gu3,0.23664074074074073,0.23579259259259258,0.23935555555555554,0.24482592592592592,0.2441333333333333,0.24393703703703704,0.24050740740740742,0.23723703703703702,0.2589037037037037,0.25633703703703703,0.2556407407407408,0.2597,0.26485185185185184,0.2654444444444444,0.25820370370370366,0.2823622222222223,0.28356666666666663,0.2873,0.2918,0.2931777777777777,0.28731555555555555,0.2828311111111111,0.28062444444444445,0.2847733333333333,0.28302666666666665,0.28432,0.2865155555555556,0.28504888888888885,0.2830177777777778,0.2805288888888889,0.2059288888888889,0.2077088888888889,0.20842222222222223,0.20655333333333337,0.20584888888888891,0.20583777777777773,0.2023888888888889,0.19734444444444446,0.20038444444444442,0.1972377777777778,0.1987977777777778,0.19888444444444447,0.19593777777777777,0.19046444444444446,0.19250222222222219,0.23535396825396826,0.23450079365079368,0.23470158730158736,0.234202380952381,0.23450952380952383,0.2303095238095238,0.23119285714285714,0.2329047619047619,0.23525000000000001,0.2457214285714286,0.24561190476190475,0.24693809523809523,0.2469436507936508,0.24735873015873017,0.24432698412698414,0.24184259259259258,0.23924444444444445,0.23979444444444445,0.2407962962962963,0.2381277777777778,0.23423148148148146,0.23761296296296297,0.24003333333333332,0.24562407407407408,0.2452481481481482,0.2448648148148148,0.24697592592592596,0.24572037037037034,0.2503888888888889,0.24061851851851854,0.23045396825396822,0.23279365079365083,0.23172380952380958,0.2314910052910053,0.23231481481481475,0.23074920634920634,0.2322857142857143,0.2317666666666667,0.2321486772486773,0.2409777777777778,0.24027248677248678,0.23839259259259252,0.24224656084656085,0.24229894179894185,0.23784338624338625,Male,13,Teen,Secondary,C,C,R16C05b13_info1_250Hz_gu2_AEP.conn
R16C17B6,R16C17b6_info1_250Hz_gu3_AEP.conn,gu3,0.25331851851851855,0.24771111111111113,0.24036296296296297,0.24305555555555558,0.24361851851851848,0.2354888888888889,0.2228296296296296,0.2178185185185185,0.24263333333333337,0.26520740740740745,0.2609,0.2611185185185185,0.23417037037037036,0.22841851851851858,0.2541777777777778,0.3105688888888889,0.30966666666666665,0.3021111111111111,0.2920866666666667,0.28907777777777777,0.2946666666666667,0.30204444444444445,0.29502666666666666,0.2881333333333333,0.3150911111111111,0.3083666666666667,0.29456888888888894,0.3065822222222222,0.3020422222222222,0.29932444444444445,0.28192,0.28504666666666667,0.2847111111111111,0.2792422222222223,0.2773688888888889,0.25753333333333334,0.25956222222222225,0.2587022222222222,0.27031777777777777,0.26476444444444447,0.2627422222222222,0.2594977777777778,0.2537244444444445,0.2496066666666667,0.26147333333333334,0.27304761904761904,0.27793968253968254,0.28190238095238096,0.28097698412698413,0.2792150793650794,0.27023253968253963,0.2748182539682539,0.27681349206349204,0.2748388888888889,0.28476190476190477,0.2909944444444444,0.28969444444444453,0.28576984126984123,0.2850190476190476,0.29005714285714285,0.2624166666666667,0.26294259259259256,0.26314074074074073,0.26263148148148147,0.26067777777777773,0.26688333333333336,0.2593314814814815,0.2556981481481481,0.25737777777777776,0.2690888888888889,0.26712222222222226,0.26536851851851856,0.27083518518518523,0.2680037037037037,0.26709814814814814,0.24660211640211638,0.2396603174603175,0.23882116402116405,0.24124550264550268,0.24190740740740738,0.24222222222222223,0.2425074074074074,0.24164920634920634,0.23906878306878315,0.2495814814814815,0.24931534391534396,0.2501010582010582,0.25054708994708996,0.25050211640211645,0.25169365079365075,Male,6,5-7,Elementary,C,C,R16C17b6_info1_250Hz_gu2_AEP.conn
R16M09G18,R16M09g18_info1_250Hz_gu3_AEP.conn,gu3,0.2969740740740741,0.3019962962962963,0.30091481481481486,0.29836666666666667,0.29835555555555554,0.2957851851851852,0.29857407407407405,0.3000814814814815,0.3285925925925926,0.33212592592592594,0.33262592592592594,0.33076666666666665,0.3248074074074074,0.32873703703703705,0.33052222222222216,0.3435066666666666,0.34824222222222223,0.3491733333333334,0.3430755555555555,0.3392377777777778,0.3450866666666667,0.34294888888888886,0.33986,0.3362355555555555,0.3490733333333333,0.34877111111111103,0.3414911111111111,0.34445555555555557,0.34284,0.3494755555555556,0.28956444444444446,0.2900711111111111,0.2926888888888889,0.29603111111111113,0.2998933333333334,0.2896555555555555,0.2904222222222222,0.2912133333333333,0.2927644444444445,0.27693555555555555,0.2785266666666667,0.2803355555555556,0.27792,0.2801666666666667,0.27803333333333335,0.2805182539682539,0.2802365079365079,0.28234444444444445,0.2837253968253969,0.28198809523809526,0.2837444444444444,0.28261428571428576,0.28108809523809525,0.2788833333333333,0.2963738095238096,0.29765952380952376,0.2988190476190476,0.2974785714285715,0.29447222222222225,0.2991357142857143,0.28335925925925926,0.2802148148148148,0.2766203703703704,0.2750388888888889,0.27615,0.2821574074074074,0.2808648148148148,0.2778037037037037,0.27632037037037044,0.29733148148148153,0.29742407407407406,0.29555000000000003,0.29504814814814817,0.29062407407407403,0.3009,0.25579365079365074,0.25701481481481475,0.2579391534391534,0.2593555555555555,0.25855343915343915,0.25586455026455035,0.2555402116402116,0.2562730158730159,0.2587428571428571,0.2654740740740741,0.2677878306878307,0.26730158730158726,0.26363174603174605,0.26507248677248674,0.2699677248677249,Female,18,Teen,Secondary,C,C,R16M09g18_info1_250Hz_gu2_AEP.conn
R16C11B09,R16C11b09_info1_250Hz_gu3_AEP.conn,gu3,0.4517481481481482,0.45330370370370376,0.45324074074074083,0.44888148148148144,0.45319259259259265,0.4661259259259259,0.4671666666666667,0.4660370370370371,0.46808888888888883,0.46892962962962964,0.4685925925925926,0.4628185185185185,0.4779740740740741,0.47687777777777773,0.47781481481481486,0.4439666666666667,0.4458044444444445,0.4493311111111112,0.4522777777777778,0.45736,0.44776444444444435,0.45181111111111105,0.45483111111111113,0.4546044444444445,0.43052888888888885,0.4318133333333334,0.4332,0.4392377777777778,0.44190666666666667,0.42878444444444447,0.3639066666666667,0.3597133333333333,0.3570488888888889,0.3596177777777778,0.36524888888888885,0.36768222222222224,0.36706888888888883,0.3653666666666667,0.36751111111111107,0.35533333333333333,0.3541311111111111,0.35303555555555555,0.36185555555555554,0.3591244444444444,0.3535333333333333,0.46685714285714297,0.4676555555555555,0.4678563492063493,0.46652063492063495,0.4658238095238096,0.4710436507936508,0.4725563492063492,0.47141746031746035,0.4738873015873017,0.48165,0.4820666666666666,0.48106825396825403,0.4883309523809523,0.48714365079365074,0.4858785714285715,0.3746240740740741,0.37598333333333334,0.37444259259259255,0.3783759259259259,0.37838518518518516,0.38213518518518513,0.383112962962963,0.3802018518518518,0.3829296296296296,0.3725907407407407,0.37352222222222226,0.37875740740740743,0.3732481481481482,0.3720277777777778,0.37893333333333334,0.36976349206349207,0.37027142857142853,0.3704343915343915,0.37183439153439146,0.3702809523809524,0.37219153439153435,0.37116402116402114,0.36950423280423295,0.370231746031746,0.37945291005291,0.3786201058201058,0.379678835978836,0.37749682539682533,0.37548730158730165,0.38023174603174603,Male,9,8-12,Elementary,C,C,R16C11b09_info1_250Hz_gu2_AEP.conn
R16C14B07,R16C14b07_info1_250Hz_gu3_AEP.conn,gu3,0.3049074074074074,0.30612222222222224,0.30674074074074076,0.30497407407407406,0.30329999999999996,0.29388888888888887,0.2940259259259259,0.29247407407407405,0.3172296296296296,0.32353703703703707,0.3214740740740741,0.3190555555555556,0.3195074074074074,0.31806666666666666,0.31665925925925925,0.32266666666666666,0.32377999999999996,0.3282977777777778,0.3304911111111111,0.3309888888888889,0.32591333333333333,0.3225511111111111,0.3248844444444444,0.33053777777777776,0.31911111111111107,0.3224911111111111,0.32014000000000004,0.31938,0.3216733333333333,0.32299777777777783,0.30947555555555556,0.31262,0.30961333333333335,0.3073711111111111,0.3081933333333334,0.30657111111111107,0.3049088888888889,0.3063444444444444,0.3098666666666667,0.31272666666666665,0.3098466666666667,0.3033911111111111,0.3040466666666667,0.30621333333333334,0.3095466666666667,0.3442087301587301,0.3444404761904763,0.34538253968253974,0.34695793650793655,0.34749682539682547,0.34149682539682535,0.34198730158730156,0.3400246031746032,0.33996269841269855,0.35549206349206347,0.3569103174603175,0.3587722222222222,0.35822460317460314,0.3594579365079365,0.35874126984126986,0.2603944444444445,0.2654296296296296,0.2708777777777778,0.2727166666666667,0.27177222222222225,0.2602481481481482,0.2624574074074074,0.25958333333333333,0.2619037037037037,0.2721166666666667,0.2805055555555555,0.2820925925925926,0.2674537037037037,0.2682814814814815,0.2761314814814815,0.2810449735449736,0.2800164021164022,0.28110634920634914,0.2829899470899472,0.28362169312169316,0.2782328042328042,0.2797507936507937,0.2821560846560846,0.2831031746031745,0.2865661375661376,0.28708042328042327,0.29022910052910056,0.28669153439153444,0.28944232804232806,0.29011375661375666,Male,7,5-7,Elementary,C,C,R16C14b07_info1_250Hz_gu2_AEP.conn
R16C34B06,R16C34b06_info1_250Hz_gu3_AEP.conn,gu3,0.3146481481481482,0.31131481481481477,0.31068148148148156,0.3107481481481481,0.30889259259259255,0.3090037037037037,0.3052481481481482,0.3069,0.3231592592592592,0.3305,0.3322851851851852,0.32848518518518516,0.3205814814814815,0.32632962962962964,0.3337148148148148,0.31081555555555557,0.3103822222222222,0.30792444444444445,0.30492222222222226,0.3040622222222222,0.3107511111111111,0.30626222222222227,0.3034377777777778,0.30561111111111106,0.3032822222222222,0.30163111111111107,0.30039333333333335,0.3004822222222222,0.2987266666666667,0.30210444444444445,0.24162,0.24639777777777777,0.24846888888888885,0.24604222222222222,0.24662,0.24558444444444438,0.24658444444444444,0.24591555555555558,0.24539111111111112,0.23389555555555558,0.23696888888888887,0.23670222222222223,0.2349466666666667,0.23486666666666664,0.2310111111111111,0.2939388888888889,0.29351825396825404,0.29280952380952385,0.2913126984126984,0.2911047619047619,0.2970730158730159,0.2955944444444444,0.2933174603174603,0.2942920634920635,0.30632222222222216,0.30476031746031745,0.30393968253968257,0.3094904761904762,0.3090611111111111,0.30858095238095246,0.24676481481481483,0.24987037037037033,0.2499481481481481,0.24833888888888886,0.24635925925925928,0.24913333333333332,0.24737222222222222,0.2433759259259259,0.24355000000000002,0.2556962962962963,0.25530185185185184,0.25479259259259257,0.2551925925925926,0.25395740740740746,0.25381111111111104,0.2619513227513227,0.2616328042328043,0.26224126984126983,0.26210793650793657,0.2625005291005291,0.26179947089947087,0.26082010582010584,0.2594391534391534,0.2592063492063492,0.2735904761904762,0.2722455026455026,0.27276349206349204,0.2719216931216931,0.2709201058201058,0.27443862433862437,Male,6,5-7,Elementary,C,C,R16C34b06_info1_250Hz_gu2_AEP.conn
R16C31B07,R16C31b07_info1_250Hz_gu3_AEP.conn,gu3,0.32116666666666666,0.31794814814814815,0.3120444444444444,0.30642592592592593,0.30584444444444453,0.3142037037037037,0.31321851851851856,0.3132888888888889,0.331762962962963,0.32991481481481477,0.32459629629629627,0.31715925925925925,0.32522222222222225,0.32569999999999993,0.32099259259259266,0.3326711111111111,0.33232666666666666,0.33047111111111116,0.32678,0.3235066666666667,0.3357822222222222,0.33529333333333333,0.33320666666666676,0.33401555555555557,0.32524,0.3210733333333333,0.31702444444444444,0.3302733333333333,0.3275911111111111,0.3244511111111111,0.24041777777777776,0.23826444444444445,0.23413555555555554,0.2315088888888889,0.23334888888888888,0.2373222222222222,0.23440222222222223,0.23230666666666672,0.23553111111111108,0.22195777777777775,0.21839777777777777,0.21796888888888888,0.22354,0.22122666666666668,0.2212911111111111,0.2657833333333333,0.26525873015873014,0.2655682539682539,0.2639769841269841,0.2616436507936508,0.265836507936508,0.266031746031746,0.26237301587301587,0.25992301587301586,0.2709595238095238,0.27008095238095237,0.2690095238095238,0.2733230158730159,0.27000079365079366,0.26876111111111106,0.22676481481481484,0.22469629629629628,0.22063703703703705,0.21911296296296293,0.2195722222222222,0.2290851851851852,0.22742222222222222,0.22284444444444443,0.2206537037037037,0.22635555555555556,0.2247851851851852,0.22522777777777778,0.2320037037037037,0.23215,0.22378148148148147,0.20128201058201053,0.20030529100529101,0.20127936507936509,0.20350634920634922,0.2031100529100529,0.19650158730158734,0.1967243386243386,0.19725343915343918,0.1997084656084656,0.21075238095238097,0.21285873015873016,0.21395132275132275,0.2098047619047619,0.2111015873015873,0.2156492063492063,Male,7,5-7,Elementary,C,C,R16C31b07_info1_250Hz_gu2_AEP.conn
R16C21G7,R16C21g7_info1_250Hz_gu3_AEP.conn,gu3,0.26459259259259255,0.26355185185185187,0.25148518518518514,0.24758518518518516,0.2521,0.25056666666666666,0.2399962962962963,0.2405703703703704,0.26322962962962965,0.2769814814814815,0.2649444444444445,0.25982962962962963,0.2680370370370371,0.2706074074074074,0.2657851851851852,0.28191555555555553,0.28457111111111116,0.28653555555555554,0.2849177777777777,0.27929333333333334,0.29491999999999996,0.29304222222222226,0.28676,0.2790533333333333,0.29025777777777784,0.2909511111111111,0.2913311111111111,0.28471111111111114,0.2849888888888889,0.2864888888888889,0.2297422222222222,0.22903111111111113,0.21590222222222222,0.2108711111111111,0.21339333333333327,0.2314511111111111,0.23145111111111114,0.23542666666666667,0.2364577777777778,0.2170311111111111,0.20920888888888886,0.20464888888888888,0.2057911111111111,0.21187555555555554,0.20479555555555556,0.2703547619047619,0.2716365079365079,0.26769682539682543,0.2687904761904762,0.27042539682539685,0.2617547619047619,0.2613666666666667,0.2634460317460317,0.265931746031746,0.27949682539682535,0.2796325396825397,0.2796150793650794,0.273836507936508,0.2765150793650794,0.27784365079365075,0.26901666666666674,0.269237037037037,0.2703925925925926,0.2687185185185185,0.2664462962962963,0.26481111111111105,0.25774814814814817,0.2571703703703704,0.2620074074074074,0.2927851851851852,0.29124999999999995,0.28970555555555555,0.28084629629629626,0.2793425925925926,0.2866648148148148,0.2537126984126984,0.25102539682539676,0.2507661375661375,0.2502518518518519,0.25249259259259266,0.24243915343915348,0.24194126984126982,0.2445021164021164,0.24776719576719572,0.25716666666666677,0.26000740740740735,0.26046984126984124,0.2529444444444444,0.25768624338624335,0.2589412698412698,Female,7,5-7,Elementary,C,C,R16C21g7_info1_250Hz_gu2_AEP.conn
R16C29F9,R16C29f9_info1_250Hz_gu3_AEP.conn,gu3,0.25207407407407406,0.2572185185185185,0.2613925925925926,0.2620962962962963,0.2642185185185185,0.26441851851851855,0.2685777777777778,0.2722333333333334,0.2845444444444445,0.2739185185185185,0.2767296296296296,0.2788481481481481,0.27897037037037037,0.28473333333333334,0.2808555555555555,0.2799955555555555,0.27599333333333337,0.2727844444444444,0.2736622222222222,0.2766333333333334,0.28100666666666674,0.28317555555555557,0.2820111111111111,0.2847488888888889,0.26660222222222224,0.2649511111111111,0.26778222222222225,0.2714066666666667,0.2717200000000001,0.27030000000000004,0.24356444444444442,0.2429177777777778,0.2405266666666667,0.23872222222222222,0.23788444444444448,0.23598,0.22868,0.2249422222222222,0.23292666666666664,0.22718888888888888,0.2260177777777778,0.22629333333333337,0.21541111111111108,0.21260222222222228,0.2249422222222222,0.28596507936507937,0.2854746031746032,0.28890873015873014,0.2891190476190476,0.29066825396825396,0.28846904761904757,0.288815873015873,0.28719126984126986,0.2875047619047619,0.29594761904761896,0.29996428571428574,0.3010801587301587,0.2998309523809524,0.2978269841269841,0.29896269841269835,0.23161111111111107,0.23099074074074075,0.22739814814814818,0.2237666666666667,0.22445185185185187,0.22739259259259262,0.22676666666666664,0.2270074074074074,0.22240000000000001,0.2322462962962963,0.23310555555555554,0.23204629629629628,0.23520925925925926,0.23666481481481486,0.23204074074074077,0.20384285714285713,0.20437989417989416,0.20189470899470893,0.20198624338624338,0.20270952380952376,0.2060111111111111,0.20565978835978835,0.2039402116402117,0.20467248677248678,0.21496772486772486,0.21378835978835983,0.21453650793650797,0.21612804232804234,0.21424708994708994,0.2149047619047619,Female,9,8-12,Elementary,C,C,R16C29f9_info1_250Hz_gu2_AEP.conn
R16C25B5,R16C25b5_info1_250Hz_gu3_AEP.conn,gu3,0.27568148148148147,0.27144814814814816,0.2688481481481481,0.26800370370370374,0.26720370370370367,0.2603333333333333,0.2611888888888889,0.26326666666666665,0.28012592592592594,0.2782814814814814,0.2800444444444445,0.28238148148148146,0.29238148148148146,0.29238518518518514,0.2844629629629629,0.32092444444444446,0.3224955555555556,0.32289333333333337,0.32160888888888894,0.3216311111111111,0.31889333333333336,0.3197644444444444,0.32130000000000003,0.32236888888888887,0.31758444444444445,0.3221155555555556,0.32331999999999994,0.31514888888888887,0.3209288888888889,0.3179622222222222,0.2446622222222222,0.2403133333333333,0.23840000000000003,0.23958444444444446,0.24072666666666667,0.23727111111111113,0.23095333333333334,0.23243555555555556,0.23723333333333335,0.2276622222222222,0.22683111111111112,0.22663555555555553,0.2215822222222222,0.2213111111111111,0.22233555555555556,0.27741587301587295,0.27771666666666667,0.27758650793650796,0.27779206349206353,0.27664603174603175,0.2707920634920635,0.2711928571428572,0.27360079365079365,0.2759349206349206,0.28606507936507936,0.2869706349206349,0.2875920634920635,0.2844325396825397,0.2834126984126984,0.2822047619047619,0.2567111111111111,0.25401666666666667,0.24975925925925924,0.2465314814814815,0.23829629629629626,0.2378833333333333,0.23884259259259255,0.23889259259259257,0.24009629629629628,0.23919629629629627,0.24060185185185182,0.24024629629629626,0.23908333333333334,0.23808148148148148,0.24365370370370376,0.22712804232804237,0.22678465608465612,0.22576507936507934,0.22674444444444447,0.22575396825396826,0.220784126984127,0.22362486772486775,0.22596190476190478,0.22634285714285712,0.23479999999999998,0.23334814814814817,0.23362751322751324,0.234284126984127,0.23583227513227512,0.23457566137566133,Male,5,5-7,Elementary,C,C,R16C25b5_info1_250Hz_gu2_AEP.conn
R16C32B08,R16C32b08_info1_250Hz_gu3_AEP.conn,gu3,0.34967037037037035,0.35055185185185195,0.35013703703703697,0.35825555555555555,0.36023703703703697,0.3613037037037037,0.36722962962962963,0.3697814814814815,0.4015592592592592,0.3938407407407407,0.39268148148148146,0.39995185185185184,0.40508148148148143,0.4084592592592593,0.39828888888888886,0.38939111111111113,0.3848155555555556,0.38705333333333336,0.38912,0.38703999999999994,0.3967733333333333,0.39805999999999997,0.3973355555555556,0.39297777777777776,0.39073111111111114,0.3914511111111111,0.3927511111111111,0.3931844444444444,0.3919977777777778,0.39326666666666665,0.2893933333333333,0.29446222222222224,0.2962444444444445,0.2969866666666667,0.29329555555555553,0.2941244444444444,0.30146,0.3023022222222222,0.3024866666666667,0.28955333333333333,0.29119555555555554,0.2938733333333333,0.29907555555555554,0.29665111111111114,0.29507999999999995,0.28841111111111106,0.28997619047619044,0.2913190476190476,0.29124047619047616,0.28720634920634913,0.2893777777777778,0.2919436507936508,0.2929888888888889,0.2925,0.30647857142857143,0.30804365079365076,0.30779047619047617,0.3113253968253968,0.31004841269841277,0.30972222222222223,0.26915740740740735,0.2722518518518518,0.2723111111111111,0.27452037037037036,0.27551296296296296,0.27102777777777776,0.2747037037037037,0.28021851851851853,0.27907777777777776,0.2871574074074074,0.2864555555555556,0.2870518518518519,0.2918055555555556,0.2931148148148148,0.2895277777777778,0.2590079365079365,0.25685238095238094,0.2571037037037037,0.2590333333333333,0.2590650793650794,0.2604851851851852,0.2589661375661376,0.2570640211640211,0.2574571428571429,0.2648063492063492,0.2663047619047619,0.26868148148148147,0.26943386243386247,0.2666555555555556,0.26522010582010586,Male,8,8-12,Elementary,C,C,R16C32b08_info1_250Hz_gu2_AEP.conn
R16M04G10,R16M04g10_info1_250Hz_gu3_AEP.conn,gu3,0.32513333333333333,0.32644444444444437,0.32768888888888886,0.3237222222222222,0.3187851851851851,0.3205222222222222,0.3242333333333333,0.32456666666666667,0.3436296296296297,0.346862962962963,0.3471111111111111,0.34295925925925924,0.3521444444444444,0.35083703703703706,0.3509407407407408,0.38752,0.39009555555555553,0.3892555555555555,0.3826688888888889,0.37742000000000003,0.3809622222222222,0.38119555555555557,0.3804355555555555,0.37952444444444444,0.3853288888888889,0.38222,0.3743222222222222,0.37597777777777786,0.37556222222222224,0.3785488888888889,0.36290666666666666,0.3597688888888889,0.3604688888888889,0.36080666666666666,0.36326222222222226,0.35224666666666665,0.35697555555555555,0.36112,0.36285999999999996,0.35307111111111106,0.3537044444444445,0.3517533333333333,0.3455155555555555,0.34830666666666665,0.35306666666666664,0.34162857142857145,0.3425753968253969,0.341197619047619,0.3417198412698413,0.34185238095238096,0.34311984126984124,0.34266587301587303,0.33998412698412694,0.34038968253968255,0.3514619047619047,0.3523420634920635,0.35407857142857146,0.35536904761904753,0.35494603174603173,0.35666031746031746,0.3333740740740741,0.33210925925925927,0.32591111111111115,0.3211185185185185,0.32075555555555557,0.33243518518518517,0.3275777777777778,0.32094629629629634,0.32265925925925926,0.33134814814814817,0.32405370370370373,0.3217814814814815,0.33220740740740745,0.3295592592592593,0.32884074074074077,0.30281322751322753,0.30057566137566133,0.2994216931216931,0.299773544973545,0.2992724867724868,0.30652222222222225,0.3052687830687831,0.30376243386243396,0.302515873015873,0.30698465608465614,0.3049830687830688,0.30584497354497353,0.3142629629629631,0.31248095238095236,0.3080656084656085,Female,10,8-12,Elementary,C,C,R16M04g10_info1_250Hz_gu2_AEP.conn
R16C20B9,R16C20b9_info1_250Hz_gu3_AEP.conn,gu3,0.2515074074074074,0.24434814814814812,0.25427777777777777,0.2578185185185185,0.27035555555555557,0.25671481481481484,0.2539259259259259,0.2561,0.28376666666666667,0.26674444444444445,0.2733407407407407,0.274237037037037,0.2684851851851852,0.2688740740740741,0.27308888888888894,0.28038222222222225,0.27884666666666663,0.2867066666666667,0.2894822222222222,0.29137777777777785,0.28122888888888886,0.27730888888888894,0.2844777777777778,0.29231555555555555,0.27817555555555556,0.2830888888888889,0.2844777777777778,0.27683111111111114,0.28202444444444447,0.27948222222222224,0.23356666666666664,0.23228888888888885,0.2347177777777778,0.23630444444444448,0.23558222222222222,0.22774222222222223,0.22526888888888888,0.23330444444444445,0.23428,0.22817777777777776,0.2333044444444444,0.2341111111111111,0.22778,0.23566888888888887,0.23379999999999995,0.2557,0.2526912698412698,0.25282380952380956,0.2494531746031746,0.24703174603174596,0.2555174603174603,0.25216904761904757,0.24934444444444445,0.24562619047619047,0.264581746031746,0.26496349206349207,0.2640571428571429,0.2635246031746032,0.26178015873015875,0.26140079365079366,0.20884444444444442,0.2012777777777778,0.20379074074074074,0.20694629629629627,0.20646111111111112,0.20384444444444447,0.2025462962962963,0.20349259259259259,0.20494444444444446,0.2066203703703704,0.20702037037037038,0.20760370370370373,0.20593148148148147,0.20773333333333335,0.20359814814814817,0.2173111111111111,0.21783492063492066,0.2177772486772487,0.21403280423280427,0.2103687830687831,0.21084603174603173,0.21386084656084656,0.21675079365079364,0.21450000000000005,0.22302751322751324,0.22077248677248676,0.21942592592592594,0.22088095238095237,0.22238465608465607,0.21824232804232804,Male,9,8-12,Elementary,C,C,R16C20b9_info1_250Hz_gu2_AEP.conn
R16C06B16,R16C06b16_info1_250Hz_gu3_AEP.conn,gu3,0.2764222222222222,0.27473333333333333,0.2738925925925926,0.27873333333333333,0.2884,0.2855296296296297,0.2813555555555556,0.2773888888888889,0.2945481481481481,0.3002592592592593,0.2986740740740741,0.2980888888888889,0.2993962962962963,0.29697777777777773,0.3045074074074074,0.35653999999999997,0.3591244444444444,0.3599088888888889,0.3584355555555555,0.36172,0.37095555555555554,0.3778355555555556,0.37037555555555557,0.3629155555555556,0.35656444444444446,0.35969111111111113,0.3586333333333333,0.3706977777777778,0.3647888888888889,0.35950444444444446,0.3305777777777778,0.33105555555555555,0.33410888888888884,0.33898666666666666,0.3410111111111111,0.3387866666666667,0.3384022222222222,0.33888888888888885,0.34495333333333333,0.3244688888888889,0.3268466666666667,0.33119777777777776,0.32802888888888887,0.33202888888888893,0.3271577777777777,0.33583888888888885,0.3342873015873015,0.33256031746031745,0.32996428571428577,0.3293261904761905,0.33260476190476185,0.3304952380952381,0.32777936507936506,0.3273126984126984,0.3493047619047619,0.3483690476190476,0.34658412698412694,0.3449119047619048,0.3459015873015873,0.3483698412698413,0.3211703703703704,0.3225685185185186,0.32382222222222223,0.3219388888888889,0.31826481481481483,0.31582037037037036,0.3162037037037037,0.3133240740740741,0.31098148148148147,0.33293148148148144,0.33208888888888893,0.329637037037037,0.3250703703703704,0.32921666666666666,0.3276685185185185,0.26247936507936503,0.260220634920635,0.2592,0.2591047619047619,0.25986560846560847,0.26194021164021164,0.2589391534391535,0.25687354497354503,0.256989417989418,0.27360158730158735,0.2723650793650793,0.27078730158730163,0.2700804232804233,0.2709074074074073,0.2727502645502645,Male,16,Teen,Secondary,C,C,R16C06b16_info1_250Hz_gu2_AEP(1).conn
R16C15B07,R16C15b07_info1_250Hz_gu3_AEP.conn,gu3,0.33924074074074073,0.33096296296296296,0.32424444444444445,0.32470740740740744,0.3265481481481482,0.3368111111111111,0.338074074074074,0.3390740740740741,0.34965555555555555,0.34200740740740737,0.33595555555555556,0.33680740740740744,0.3512777777777778,0.35208148148148144,0.3345185185185185,0.33452666666666664,0.3332666666666667,0.33311333333333326,0.33546444444444445,0.33785111111111116,0.3293422222222222,0.32971555555555554,0.3310377777777778,0.33478444444444455,0.3180822222222222,0.31908444444444445,0.3221377777777778,0.3176333333333334,0.3210044444444445,0.31606666666666666,0.33238888888888896,0.3260311111111111,0.32396222222222215,0.3255733333333334,0.32642444444444446,0.31477999999999995,0.31960666666666665,0.32343555555555553,0.3217888888888889,0.3106177777777778,0.3086711111111111,0.3097377777777778,0.3051755555555556,0.3092755555555555,0.30706888888888895,0.3502888888888888,0.3521746031746032,0.3516626984126984,0.3507095238095238,0.350604761904762,0.3523984126984127,0.35187539682539687,0.35234523809523804,0.35320158730158735,0.36303888888888886,0.36171507936507935,0.3608619047619048,0.3633333333333333,0.36384444444444436,0.36353095238095234,0.24215370370370368,0.2422222222222222,0.24350740740740742,0.2489185185185185,0.25310925925925926,0.24525,0.2459092592592593,0.2526537037037037,0.2568574074074074,0.2586833333333333,0.26385925925925924,0.2709407407407407,0.2609388888888889,0.2684018518518519,0.26555555555555554,0.30061005291005294,0.30148148148148146,0.30086984126984123,0.29854761904761906,0.297910582010582,0.2977063492063492,0.29685873015873016,0.29568306878306877,0.295578835978836,0.3109550264550265,0.30977037037037036,0.30830105820105824,0.3078296296296297,0.3067994708994709,0.3132216931216931,Male,7,5-7,Elementary,C,C,R16C15b07_info1_250Hz_gu2_AEP.conn
R16C08G09,R16C08g09_info1_250Hz_gu3_AEP.conn,gu3,0.33579999999999993,0.3418814814814815,0.345237037037037,0.34548518518518523,0.3486000000000001,0.35171851851851854,0.34968518518518515,0.34673703703703707,0.3632444444444445,0.36497407407407406,0.3637888888888889,0.36212962962962963,0.36577777777777776,0.3605740740740741,0.3659222222222222,0.3775866666666667,0.3797244444444444,0.3838111111111111,0.38613555555555557,0.3874311111111111,0.38183999999999996,0.3818022222222222,0.3804866666666667,0.3766999999999999,0.37952444444444444,0.3814511111111111,0.3774111111111111,0.38757111111111114,0.38131777777777776,0.3761688888888889,0.3178466666666667,0.3195711111111111,0.32241555555555557,0.32395999999999997,0.32492,0.3129666666666667,0.3122644444444444,0.3108577777777778,0.3157377777777778,0.31208222222222226,0.31537333333333334,0.31443333333333334,0.32140888888888886,0.3232333333333334,0.31638222222222223,0.33251904761904766,0.33307063492063493,0.3309079365079365,0.33082222222222224,0.3312333333333334,0.3283595238095239,0.3276246031746032,0.3253547619047619,0.32302857142857144,0.3386261904761905,0.33636825396825404,0.33458968253968246,0.3385261904761904,0.33606428571428576,0.33718650793650795,0.2703981481481481,0.2674259259259259,0.26364444444444446,0.2627703703703704,0.26175925925925925,0.2586648148148148,0.2640166666666667,0.263162962962963,0.2606,0.2630148148148148,0.25934444444444443,0.2597333333333333,0.26529444444444444,0.2618129629629629,0.25963518518518525,0.2670095238095238,0.2652132275132275,0.2652952380952381,0.2676671957671958,0.2681968253968254,0.2593481481481482,0.26051693121693126,0.26279629629629636,0.2641941798941799,0.2726502645502646,0.271015343915344,0.2727793650793651,0.2712084656084656,0.27365714285714293,0.2707047619047619,Female,9,8-12,Elementary,C,C,R16C08g09_info1_250Hz_gu2_AEP.conn
R16M06B06,R16M06b06_info1_250Hz_gu3_AEP.conn,gu3,0.29315555555555556,0.2894333333333333,0.28664814814814815,0.2777,0.2730222222222222,0.27793703703703704,0.2733703703703704,0.27499629629629635,0.29264814814814816,0.2995074074074074,0.2965814814814815,0.2998,0.29869999999999997,0.3011074074074074,0.3035111111111111,0.31970000000000004,0.31844666666666666,0.32408222222222227,0.32685111111111115,0.32994666666666667,0.32276222222222223,0.3233777777777778,0.32295555555555555,0.3182711111111111,0.32392666666666664,0.3282466666666667,0.32871999999999996,0.32700444444444443,0.32932,0.3269266666666667,0.27944666666666673,0.2726955555555556,0.26948,0.2689311111111111,0.27337999999999996,0.28228666666666663,0.2796933333333333,0.2750888888888889,0.27526,0.27709333333333336,0.2745355555555556,0.2729977777777778,0.2760355555555556,0.2744822222222222,0.27634666666666663,0.3023380952380953,0.30422619047619054,0.30212063492063496,0.29789761904761897,0.2966047619047619,0.30043730158730153,0.302511111111111,0.30149126984126984,0.29902222222222224,0.3091214285714286,0.30807142857142855,0.30603968253968256,0.30878333333333335,0.30720793650793654,0.30656904761904763,0.30117037037037037,0.2996407407407407,0.2986685185185185,0.29814444444444443,0.29683518518518515,0.2866740740740741,0.28934444444444446,0.2904166666666667,0.28965555555555556,0.31017777777777783,0.30890370370370374,0.30825555555555556,0.3014925925925926,0.30375740740740736,0.30518703703703703,0.2753910052910053,0.2739042328042328,0.27330000000000004,0.274152380952381,0.2743063492063492,0.2706195767195767,0.26866137566137566,0.2694719576719577,0.2708232804232805,0.28120476190476196,0.27894920634920634,0.27880952380952373,0.279594708994709,0.28048306878306883,0.2765248677248677,Male,6,5-7,Elementary,C,C,R16M06b06_info1_250Hz_gu2_AEP.conn
R16C03G5,R16C03g5_info1_250Hz_gu3_AEP.conn,gu3,0.25789999999999996,0.2570666666666667,0.252062962962963,0.25010370370370366,0.24124074074074076,0.2581037037037037,0.26115555555555553,0.2601703703703704,0.27390000000000003,0.2892851851851852,0.28105555555555556,0.27863333333333334,0.2905555555555555,0.2870148148148149,0.28055925925925923,0.2980511111111111,0.3063488888888889,0.3093288888888889,0.3079355555555555,0.2990555555555555,0.30807555555555555,0.3074311111111111,0.29783111111111116,0.29556666666666664,0.31374,0.31308888888888886,0.30514222222222226,0.3125511111111111,0.3087,0.31151333333333325,0.23572222222222222,0.23261111111111116,0.2358511111111111,0.23551333333333332,0.23309333333333332,0.22186666666666666,0.2236577777777778,0.22068444444444446,0.2271355555555556,0.2202777777777778,0.2212622222222222,0.21824222222222223,0.20912888888888886,0.2152822222222222,0.21665555555555555,0.22120476190476188,0.2198468253968254,0.22104206349206343,0.22042301587301588,0.21820158730158729,0.22032063492063486,0.2257706349206349,0.2269238095238095,0.22762777777777782,0.23325873015873014,0.23692539682539682,0.23553571428571432,0.23769365079365087,0.2413404761904762,0.23847857142857146,0.21948703703703706,0.22798333333333332,0.22931851851851848,0.23375925925925925,0.22859444444444446,0.2186611111111111,0.22080185185185186,0.21560555555555552,0.22056481481481482,0.24170555555555553,0.24172962962962963,0.24200740740740742,0.22951481481481484,0.22864444444444446,0.23873333333333335,0.23690370370370367,0.23873439153439152,0.2413137566137566,0.2420063492063492,0.24037513227513224,0.23873862433862442,0.24186613756613762,0.24431904761904757,0.24405820105820103,0.24768253968253967,0.2507185185185185,0.2512687830687831,0.2485719576719577,0.24945767195767204,0.2504349206349207,Female,5,5-7,Elementary,C,C,R16C03g5_info1_250Hz_gu2_AEP.conn
R16C33B05,R16C33b05_info1_250Hz_gu3_AEP.conn,gu3,0.22485185185185186,0.22152592592592593,0.2204703703703704,0.2187888888888889,0.2200037037037037,0.2210703703703704,0.2147037037037037,0.20768148148148147,0.2317,0.2449703703703704,0.23985185185185184,0.23297407407407408,0.24252592592592592,0.23782222222222224,0.24032592592592592,0.25416444444444447,0.25382,0.25563555555555556,0.25129999999999997,0.2518377777777777,0.25602222222222226,0.25402222222222226,0.24972666666666665,0.25349111111111106,0.2513511111111111,0.24964222222222224,0.24002222222222222,0.2455,0.24310888888888887,0.2522244444444444,0.19882222222222226,0.20026222222222226,0.20136888888888888,0.2016622222222222,0.20802888888888887,0.2001511111111111,0.19616666666666666,0.19334222222222222,0.20039777777777776,0.19579111111111108,0.1941688888888889,0.19093555555555555,0.18454888888888887,0.17826,0.19378444444444443,0.24513650793650793,0.24458015873015873,0.24838888888888894,0.2503404761904762,0.25122380952380957,0.2546484126984127,0.2518484126984127,0.249197619047619,0.2484777777777778,0.25958809523809523,0.26080476190476193,0.26079365079365086,0.26556984126984123,0.2633634920634921,0.2622833333333333,0.2293111111111111,0.2308407407407407,0.22812592592592593,0.2205703703703704,0.2170685185185185,0.23436296296296297,0.23503333333333334,0.23260370370370367,0.22864814814814818,0.23661851851851848,0.23357592592592594,0.22815370370370372,0.24351481481481482,0.23951111111111112,0.23805185185185185,0.190621164021164,0.19109259259259256,0.19071587301587306,0.19065396825396824,0.19043333333333332,0.1933883597883598,0.19302698412698413,0.19051534391534392,0.1900047619047619,0.20180793650793652,0.2026883597883598,0.2021645502645502,0.20398888888888886,0.20113756613756614,0.2005767195767196,Male,5,5-7,Elementary,C,C,R16C33b05_info1_250Hz_gu2_AEP.conn
R16C22G10,R16C22g10_info1_250Hz_gu3_AEP.conn,gu3,0.257,0.2541481481481482,0.2525074074074074,0.2532666666666667,0.258937037037037,0.25134814814814815,0.2521259259259259,0.25282592592592595,0.27854074074074076,0.26979629629629626,0.26872592592592587,0.27038518518518523,0.26781111111111106,0.26945925925925923,0.2587333333333333,0.26561777777777784,0.2644666666666667,0.2600244444444444,0.2560022222222222,0.25614,0.2612644444444444,0.2618177777777778,0.26054666666666665,0.2596511111111111,0.24852888888888894,0.24594,0.24375555555555556,0.24890888888888885,0.2482933333333333,0.23651111111111106,0.19962666666666667,0.19686666666666666,0.19424444444444444,0.19503555555555557,0.19626000000000002,0.19644,0.1986711111111111,0.20190000000000002,0.20336666666666664,0.19472444444444442,0.1914711111111111,0.19178888888888887,0.19268000000000002,0.19376222222222222,0.19509555555555555,0.2261555555555555,0.22627222222222224,0.22705555555555554,0.22466190476190476,0.2233888888888889,0.22085714285714286,0.22055317460317458,0.22040317460317466,0.21868253968253962,0.2389825396825397,0.2395912698412698,0.23927777777777778,0.23133253968253972,0.2306730158730159,0.2350928571428572,0.22629259259259257,0.23095,0.22891851851851852,0.22660000000000002,0.22644629629629628,0.22865000000000002,0.22807962962962966,0.2292925925925926,0.22877222222222218,0.25177222222222223,0.25048333333333334,0.24766666666666667,0.2391574074074074,0.2371074074074074,0.2477962962962963,0.2385931216931217,0.23671693121693116,0.23492910052910052,0.23467407407407403,0.23422222222222222,0.23285291005291006,0.23362222222222226,0.23557777777777775,0.23557460317460316,0.24690952380952383,0.2472111111111111,0.2454878306878307,0.24282433862433864,0.24268465608465611,0.2446470899470899,Female,10,8-12,Elementary,C,C,R16C22g10_info1_250Hz_gu2_AEP.conn
R16C30M7,R16C30m7_info1_250Hz_gu3_AEP.conn,gu3,0.21966296296296295,0.22276666666666664,0.2266111111111111,0.2253814814814815,0.2201037037037037,0.22738518518518522,0.23133333333333336,0.23424444444444448,0.25935555555555556,0.2444962962962963,0.24952592592592593,0.24834814814814812,0.249725925925926,0.2556037037037037,0.2436851851851852,0.30746444444444443,0.30840666666666666,0.31050666666666665,0.30892,0.3077066666666667,0.30291777777777773,0.30593333333333333,0.3068888888888889,0.3059422222222222,0.30453555555555556,0.3074088888888889,0.3060088888888889,0.3101666666666667,0.31400222222222224,0.30541111111111113,0.30905777777777776,0.31279111111111113,0.3127844444444444,0.31269555555555556,0.31459333333333334,0.30604444444444445,0.3083666666666666,0.30945555555555554,0.3094955555555556,0.3038822222222223,0.3029955555555556,0.3025644444444444,0.3086377777777778,0.31231333333333333,0.2991355555555556,0.3022507936507936,0.29991428571428574,0.2973952380952381,0.29720714285714284,0.2977349206349206,0.2921452380952381,0.29253174603174603,0.2914619047619048,0.2925492063492064,0.30531031746031745,0.30525158730158725,0.30761428571428573,0.3076150793650793,0.3083063492063492,0.3068261904761905,0.26063148148148146,0.2587481481481481,0.25628888888888884,0.25622037037037043,0.25853703703703707,0.2639722222222222,0.26235555555555556,0.25755,0.25544999999999995,0.26228333333333337,0.2617888888888889,0.2619462962962963,0.2738425925925926,0.2715240740740741,0.269212962962963,0.234662962962963,0.2322756613756614,0.23041693121693121,0.2313730158730159,0.2308126984126984,0.23135767195767198,0.23038941798941798,0.2300137566137566,0.23030793650793646,0.23947089947089953,0.2376428571428572,0.23826349206349207,0.24414285714285708,0.2446719576719577,0.2367968253968254,Male,7,5-7,Elementary,C,C,R16C30m7_info1_250Hz_gu2_AEP.conn
R16ME08_F10,R16me08_f10_info1_250Hz_gu3_AEP.conn,gu3,0.38608888888888887,0.3872296296296296,0.38520740740740744,0.38321481481481473,0.3801185185185185,0.38812962962962966,0.3894555555555556,0.3884407407407407,0.40204074074074075,0.40063703703703707,0.39989259259259263,0.39895555555555556,0.4021407407407407,0.4030074074074073,0.3999592592592593,0.4308711111111111,0.43014,0.42894000000000004,0.4310933333333333,0.4312911111111111,0.4353844444444445,0.43632444444444446,0.43720444444444445,0.43710666666666664,0.41795333333333334,0.41743555555555556,0.4217066666666668,0.42294222222222216,0.4234177777777778,0.4218111111111111,0.4171377777777778,0.4153311111111111,0.41381999999999997,0.4171466666666667,0.4173444444444444,0.41842888888888885,0.4211977777777777,0.4211555555555555,0.42097555555555555,0.4096177777777778,0.4084555555555555,0.4121088888888889,0.4165088888888889,0.4158977777777778,0.41526444444444444,0.3798730158730158,0.37977222222222234,0.3811833333333334,0.3819896825396825,0.3810142857142856,0.38503095238095236,0.3845103174603174,0.38224444444444444,0.3823849206349205,0.3901396825396825,0.39065714285714287,0.3907912698412698,0.39175476190476194,0.39157063492063493,0.39861428571428575,0.33266296296296294,0.3312037037037037,0.3301944444444444,0.33059999999999995,0.3315981481481482,0.32895740740740737,0.32951111111111114,0.32507592592592593,0.3253425925925926,0.3276777777777778,0.32733703703703704,0.32925925925925925,0.32419074074074067,0.3246222222222222,0.3345092592592593,0.37901164021164024,0.3777544973544973,0.37748888888888893,0.37671428571428567,0.37797513227513235,0.3812629629629629,0.38114867724867724,0.380021164021164,0.3796148148148149,0.38222010582010585,0.3796671957671958,0.3783984126984127,0.386731216931217,0.3855883597883597,0.3891089947089946,Female,10,8-12,Elementary,C,C,R16me08_f10_info1_250Hz_gu2_AEP.conn
R16C12G7,R16C12g7_info1_250Hz_gu3_AEP.conn,gu3,0.2235703703703704,0.22082962962962963,0.2207259259259259,0.21855185185185186,0.21861481481481482,0.22614444444444445,0.22243703703703702,0.2220851851851852,0.2459703703703704,0.24557407407407408,0.24676666666666666,0.24702222222222225,0.2492296296296296,0.2506629629629629,0.25037777777777775,0.23888000000000004,0.23806666666666665,0.23892444444444444,0.23804666666666666,0.2375111111111111,0.24512888888888887,0.24177333333333334,0.24077333333333337,0.24235555555555557,0.2333177777777778,0.23497555555555555,0.23569333333333337,0.24246222222222222,0.24223111111111115,0.23533777777777773,0.20430222222222225,0.20514666666666667,0.20298222222222223,0.2018066666666667,0.20236444444444443,0.20559111111111114,0.20581555555555556,0.20790888888888887,0.20929111111111115,0.19854444444444447,0.19841777777777775,0.20057333333333333,0.19878444444444443,0.20231777777777782,0.20223999999999998,0.2293690476190476,0.23256269841269844,0.2327753968253968,0.2309333333333333,0.22702777777777777,0.2317761904761904,0.23345952380952384,0.23302777777777775,0.23040714285714287,0.2456380952380952,0.24598968253968254,0.24359761904761906,0.24574365079365076,0.24520634920634923,0.24773174603174603,0.3030796296296296,0.30504444444444445,0.30628333333333335,0.3073148148148149,0.3069092592592592,0.30657962962962965,0.30621296296296296,0.3074314814814815,0.30903703703703705,0.30858148148148146,0.3096333333333333,0.30995370370370373,0.31133148148148143,0.3134148148148148,0.306987037037037,0.23394126984126987,0.23242804232804237,0.23135767195767198,0.23144126984126986,0.23168095238095235,0.23613333333333333,0.2363941798941799,0.23371111111111106,0.23246878306878305,0.24479153439153437,0.2433068783068783,0.24267513227513224,0.2462433862433863,0.24365343915343915,0.24493650793650795,Female,7,5-7,Elementary,C,C,R16C12g7_info1_250Hz_gu2_AEP.conn
R16C38G6,R16C38g6_info1_250Hz_gu3_AEP.conn,gu3,0.262,0.2642629629629629,0.26528518518518523,0.26660740740740735,0.2641333333333334,0.2544814814814815,0.2590111111111111,0.26294814814814815,0.2939148148148148,0.28405925925925923,0.2827,0.28654814814814816,0.285537037037037,0.2897222222222222,0.27539259259259263,0.2672688888888889,0.2655088888888889,0.2701288888888889,0.2708622222222222,0.2659111111111111,0.26802888888888887,0.27453777777777777,0.28241777777777777,0.2762022222222222,0.2621066666666666,0.2679066666666667,0.26650222222222225,0.2797088888888889,0.2860866666666667,0.26700666666666667,0.20208222222222222,0.20844000000000001,0.21201777777777778,0.2105777777777778,0.20616222222222222,0.18669555555555556,0.1938,0.1965066666666667,0.20143777777777777,0.20770666666666665,0.20733111111111113,0.20304444444444442,0.20548444444444444,0.20594666666666667,0.19390888888888885,0.2614865079365079,0.25898015873015867,0.25741031746031745,0.25684206349206345,0.26018888888888886,0.25827142857142854,0.25834206349206346,0.262363492063492,0.2644865079365079,0.27547063492063495,0.2755269841269841,0.27571111111111113,0.2777373015873016,0.2792603174603175,0.28195555555555557,0.21984074074074075,0.2129185185185185,0.20616481481481483,0.20143888888888892,0.2026814814814815,0.2209388888888889,0.2204462962962963,0.22012962962962965,0.22053703703703706,0.22426481481481478,0.2175314814814815,0.21386666666666665,0.23337777777777777,0.22749999999999995,0.21221851851851856,0.21022962962962963,0.21475661375661376,0.21321428571428572,0.2127153439153439,0.2119285714285714,0.21033915343915346,0.2104497354497354,0.20949470899470904,0.20918571428571428,0.22102962962962966,0.2196132275132275,0.22052169312169312,0.21941904761904768,0.21834232804232806,0.21993280423280423,Female,6,5-7,Elementary,C,C,R16C38g6_info1_250Hz_gu2_AEP.conn
R16C27M9,R16C27m9_info1_250Hz_gu3_AEP.conn,gu3,0.2169777777777778,0.2211148148148148,0.22149999999999995,0.22235925925925926,0.2219925925925926,0.22560370370370375,0.22746296296296298,0.22767407407407406,0.2477925925925926,0.24638518518518518,0.2438888888888889,0.24347777777777777,0.2502851851851852,0.2496185185185185,0.24323703703703703,0.24609555555555557,0.2463511111111111,0.24870888888888887,0.25161777777777783,0.25310444444444447,0.2507377777777778,0.25102444444444444,0.2512066666666667,0.25190222222222225,0.24874666666666667,0.2489755555555556,0.25081777777777775,0.25464444444444445,0.2539666666666667,0.24937555555555554,0.24359777777777775,0.2430888888888889,0.24379777777777784,0.24387777777777778,0.24330444444444446,0.2464,0.24720222222222227,0.24489333333333332,0.2412088888888889,0.23950444444444444,0.23987111111111115,0.2401555555555556,0.2499133333333333,0.24695333333333336,0.24271111111111116,0.2356222222222222,0.23723015873015868,0.23888809523809526,0.23995238095238094,0.24028809523809525,0.2412896825396825,0.24147063492063497,0.2398404761904762,0.23933571428571426,0.25280158730158736,0.2546849206349206,0.255436507936508,0.25450396825396826,0.2542,0.2561420634920634,0.20905185185185185,0.21016666666666664,0.21042962962962963,0.2111888888888889,0.21422592592592593,0.2171185185185185,0.21186111111111114,0.20811666666666664,0.2118111111111111,0.21472037037037037,0.2151814814814815,0.21582037037037036,0.21232407407407408,0.2144203703703704,0.218537037037037,0.21727989417989413,0.21668994708994707,0.21459047619047616,0.21435714285714286,0.21461111111111103,0.21760105820105827,0.21671957671957673,0.21451164021164026,0.21326296296296293,0.22553492063492062,0.22355291005291003,0.2234730158730159,0.22614550264550265,0.2245126984126984,0.22303862433862437,Male,9,8-12,Elementary,C,C,R16C27m9_info1_250Hz_gu2_AEP.conn
R16C24B7,R16C24b7_info1_250Hz_gu3_AEP.conn,gu3,0.23670370370370367,0.2310888888888889,0.22510370370370372,0.22438148148148152,0.22601851851851854,0.22744074074074075,0.22805555555555557,0.223162962962963,0.247837037037037,0.2569555555555556,0.2545148148148148,0.2539296296296296,0.2587703703703704,0.2511481481481482,0.25058148148148146,0.25205333333333335,0.2480377777777778,0.24466666666666667,0.24341555555555555,0.2463711111111111,0.25792444444444446,0.2575911111111111,0.2586044444444444,0.25964666666666664,0.25251777777777773,0.24870444444444445,0.25135555555555555,0.2594844444444444,0.2581933333333333,0.25331777777777775,0.2631422222222223,0.2628222222222222,0.26039555555555555,0.2598622222222222,0.26212222222222226,0.2620555555555556,0.2576888888888889,0.25858,0.26154222222222223,0.26387777777777777,0.2603466666666666,0.2625955555555556,0.26005333333333336,0.25916666666666666,0.2601377777777778,0.2939277777777778,0.29471031746031745,0.2949023809523809,0.29509365079365074,0.292431746031746,0.2956111111111111,0.29535555555555554,0.29403888888888885,0.2922928571428572,0.3053079365079366,0.3038595238095238,0.3029753968253968,0.3090230158730159,0.30817619047619044,0.3049293650793651,0.21364814814814814,0.21849074074074074,0.22177962962962963,0.22221296296296297,0.22165555555555552,0.21633148148148149,0.21535370370370374,0.21663703703703704,0.21859629629629632,0.2211,0.22339814814814815,0.225337037037037,0.22326666666666664,0.22538148148148152,0.22319444444444445,0.19569047619047622,0.19727354497354496,0.19758465608465609,0.19468624338624335,0.19288730158730155,0.19332275132275137,0.1942798941798942,0.1937037037037037,0.19338359788359785,0.20468306878306877,0.20529523809523811,0.20325820105820114,0.20382116402116401,0.2023306878306879,0.2054476190476191,Male,7,5-7,Elementary,C,C,R16C24b7_info1_250Hz_gu2_AEP.conn
R16C37B6,R16C37b6_info1_250Hz_gu3_AEP.conn,gu3,0.2573814814814815,0.2558259259259259,0.2637259259259259,0.26835925925925924,0.26982962962962964,0.24955185185185183,0.2492185185185185,0.2515222222222222,0.2771740740740741,0.2740259259259259,0.2818074074074074,0.28764814814814815,0.27394814814814816,0.27082962962962964,0.2795888888888889,0.2678022222222222,0.27006444444444444,0.2679333333333333,0.2704888888888889,0.27419111111111116,0.2638422222222222,0.26034444444444443,0.26709111111111106,0.2732644444444445,0.26716,0.26261999999999996,0.2627555555555556,0.25710222222222223,0.2576377777777778,0.26327333333333336,0.20045555555555555,0.21115777777777778,0.21502888888888885,0.21759333333333336,0.22006222222222224,0.20690888888888886,0.20688666666666666,0.21371333333333334,0.21574222222222222,0.20170000000000005,0.2050533333333333,0.2115622222222222,0.20679333333333333,0.21231999999999998,0.2094288888888889,0.2648404761904762,0.26488730158730156,0.2633373015873016,0.26383730158730156,0.26411190476190477,0.26519603174603174,0.267815873015873,0.2700095238095238,0.26998015873015874,0.2811690476190476,0.2782349206349206,0.2767492063492064,0.2798285714285715,0.28152301587301587,0.2797880952380952,0.24366666666666667,0.25065,0.2517592592592593,0.26145555555555555,0.27210555555555554,0.26034814814814816,0.26574259259259264,0.2690222222222223,0.267775925925926,0.2602611111111111,0.2600777777777778,0.2655703703703704,0.2750518518518518,0.28057037037037036,0.26640370370370375,0.20643650793650795,0.20515767195767193,0.2046910052910053,0.20426402116402115,0.2027079365079365,0.20382539682539677,0.20401322751322754,0.205921164021164,0.2068962962962963,0.21656560846560852,0.21454444444444448,0.2123322751322751,0.21290740740740743,0.21219682539682538,0.21441851851851854,Male,6,5-7,Elementary,C,C,R16C37b6_info1_250Hz_gu2_AEP.conn
R16C16B07,R16C16b07_info1_250Hz_gu3_AEP.conn,gu3,0.28313333333333335,0.2786555555555556,0.2805,0.2853925925925926,0.29110740740740737,0.2927296296296296,0.2936185185185185,0.2922222222222222,0.3226703703703704,0.30682592592592595,0.2972851851851852,0.3035111111111111,0.3163777777777777,0.31425925925925924,0.2959185185185185,0.3434733333333334,0.33607555555555557,0.34002444444444446,0.33759555555555554,0.33325777777777776,0.3421266666666667,0.34134,0.3370977777777778,0.33342,0.3464933333333334,0.34667555555555557,0.3413555555555556,0.3464622222222222,0.3415977777777777,0.33314666666666665,0.2739666666666667,0.27120444444444447,0.2742266666666666,0.2695222222222222,0.26955999999999997,0.2676911111111111,0.26960666666666666,0.27206,0.2713133333333333,0.27415555555555554,0.27391111111111116,0.26800888888888885,0.27043333333333336,0.26986666666666664,0.26846222222222227,0.2532761904761905,0.2527777777777778,0.25060873015873014,0.2462952380952381,0.2443126984126984,0.24549285714285715,0.2407880952380952,0.23875079365079363,0.23589126984126982,0.2595888888888889,0.25677222222222224,0.25235714285714284,0.24871666666666667,0.24507777777777776,0.24943492063492065,0.2413925925925926,0.24084999999999998,0.2408,0.23945740740740742,0.2389111111111111,0.2319888888888889,0.2298592592592593,0.23549259259259256,0.2359407407407407,0.25386111111111115,0.2498425925925926,0.24936111111111112,0.2532074074074074,0.25157592592592587,0.23985185185185184,0.23049312169312167,0.22959470899470902,0.23067671957671956,0.23057354497354487,0.23188095238095235,0.22708253968253972,0.2284269841269841,0.22749312169312164,0.22631534391534394,0.23880476190476185,0.23953544973544974,0.23824708994708993,0.2438682539682539,0.24401904761904755,0.23826190476190476,Male,7,5-7,Elementary,C,C,R16C16b07_info1_250Hz_gu2_AEP.conn
R16M08B09,R16M08b09_info1_250Hz_gu3_AEP.conn,gu3,0.282837037037037,0.27876666666666666,0.2712666666666667,0.2595851851851852,0.2576407407407408,0.27114444444444447,0.26904814814814815,0.26864814814814814,0.2864925925925926,0.288937037037037,0.2847,0.27955555555555556,0.28738148148148146,0.28528888888888887,0.2862,0.3337822222222222,0.33358666666666664,0.33122666666666667,0.33139111111111114,0.3344355555555555,0.32933777777777773,0.3303622222222222,0.32950888888888885,0.32944222222222225,0.32643777777777777,0.3236266666666666,0.32381555555555547,0.3244244444444444,0.3227422222222222,0.32251555555555556,0.23503777777777776,0.23506,0.23364666666666664,0.2365,0.23726444444444442,0.2330288888888889,0.2306044444444444,0.2308711111111111,0.23276000000000002,0.23295333333333335,0.22975111111111107,0.2281422222222222,0.2318088888888889,0.22854444444444438,0.23128888888888888,0.2508373015873016,0.2507126984126984,0.2517960317460317,0.2546380952380952,0.2544198412698413,0.25054523809523804,0.25141349206349206,0.25122142857142854,0.2523293650793651,0.25491587301587304,0.255534126984127,0.2592865079365079,0.26032777777777777,0.25910873015873015,0.25790555555555555,0.22835925925925926,0.22550370370370373,0.22169444444444444,0.22173148148148147,0.2217703703703704,0.21843703703703707,0.2163722222222222,0.21431296296296296,0.21435370370370374,0.21403148148148152,0.21222962962962966,0.21302222222222222,0.21584444444444442,0.21355555555555553,0.20955000000000001,0.23339365079365082,0.23523597883597888,0.23579523809523809,0.23367830687830687,0.2357142857142857,0.2356793650793651,0.2343502645502645,0.23327619047619047,0.2332820105820106,0.24128941798941797,0.24256507936507937,0.24240529100529098,0.24389153439153438,0.24261111111111106,0.24011111111111116,Male,9,8-12,Elementary,C,C,R16M08b09_info1_250Hz_gu2_AEP.conn
R16C07G9,R16C07g9_info1_250Hz_gu3_AEP.conn,gu3,0.28227407407407407,0.2845148148148149,0.28957777777777777,0.28925185185185187,0.28620370370370374,0.2807481481481482,0.2874555555555556,0.29108148148148144,0.3151259259259259,0.3128148148148148,0.3190962962962963,0.31498888888888893,0.31421481481481484,0.3147666666666667,0.3162666666666667,0.30527111111111116,0.3096711111111111,0.31125555555555556,0.30860444444444446,0.3069511111111111,0.3123888888888889,0.3113622222222222,0.3100088888888889,0.3100177777777778,0.31637777777777776,0.3183911111111111,0.3175377777777778,0.32654,0.3237555555555556,0.3151933333333333,0.2892133333333334,0.28487999999999997,0.28271333333333326,0.2826822222222222,0.2856133333333334,0.28430444444444436,0.2827955555555556,0.2799088888888889,0.2770111111111111,0.2898422222222222,0.2863511111111111,0.28722666666666663,0.2887666666666667,0.2892733333333333,0.28046444444444446,0.30285873015873016,0.3037761904761905,0.30452698412698415,0.30398253968253963,0.301370634920635,0.29115714285714284,0.2924992063492064,0.2924023809523809,0.29214603174603176,0.31078015873015874,0.3128555555555556,0.31206269841269846,0.30545634920634923,0.3043801587301587,0.3037365079365079,0.25977777777777783,0.2637074074074074,0.26277407407407405,0.25963148148148146,0.25588518518518516,0.24800925925925923,0.24816666666666667,0.2504462962962963,0.2503148148148148,0.2512074074074074,0.2490740740740741,0.24745555555555554,0.24663518518518515,0.24589074074074077,0.2432777777777778,0.24457089947089944,0.24547354497354495,0.24650793650793648,0.2465513227513228,0.2452878306878306,0.2446439153439154,0.24558359788359793,0.24677037037037036,0.2468338624338624,0.2545724867724868,0.2555068783068783,0.2557328042328043,0.2574841269841269,0.2580396825396825,0.253405291005291,Female,9,8-12,Elementary,C,C,R16C07g9_info1_250Hz_gu2_AEP.conn
R16C04B13,R16C04b13_info1_250Hz_gu3_AEP.conn,gu3,0.23704814814814815,0.23742592592592593,0.2337592592592593,0.2303814814814815,0.22967407407407406,0.22929629629629633,0.22864444444444443,0.2247962962962963,0.2568740740740741,0.2659814814814815,0.2623111111111111,0.25902962962962955,0.26074444444444445,0.2584407407407407,0.2659296296296296,0.3096511111111111,0.3109422222222222,0.3150888888888889,0.31924888888888886,0.31827333333333335,0.31379111111111113,0.3126577777777778,0.3150955555555556,0.31466666666666665,0.31279333333333337,0.31586444444444445,0.31761333333333336,0.3160977777777778,0.3156111111111112,0.3202288888888889,0.27109111111111106,0.27390888888888887,0.2802266666666666,0.28546666666666665,0.28406888888888887,0.2725755555555555,0.28057111111111116,0.2848111111111111,0.28370666666666666,0.27693111111111113,0.2814133333333333,0.2807222222222222,0.27834,0.28223777777777775,0.2798,0.29594920634920635,0.2940087301587302,0.29788253968253964,0.3005071428571429,0.30046904761904764,0.3023349206349207,0.3015277777777778,0.3022714285714286,0.3031063492063492,0.31384841269841274,0.3141857142857143,0.3150746031746032,0.3162420634920635,0.31770317460317454,0.315897619047619,0.25037777777777775,0.2483018518518519,0.2463037037037037,0.24562962962962956,0.24763333333333334,0.2511222222222222,0.25050555555555554,0.24842592592592594,0.2476851851851852,0.2568574074074074,0.25518148148148145,0.2524407407407407,0.2555537037037037,0.25302222222222226,0.2620685185185185,0.24937354497354502,0.24962962962962962,0.24982645502645506,0.24955873015873017,0.24828148148148152,0.24593597883597887,0.24630740740740742,0.2460338624338624,0.2462068783068783,0.25297619047619047,0.25297248677248674,0.25344550264550264,0.2527513227513228,0.25323492063492054,0.25446190476190483,Male,13,Teen,Secondary,C,C,R16C04b13_info1_250Hz_gu2_AEP.conn
R16TEEN5CB16,R16Teen5Cb16_info1_250Hz_gu3_AEP.conn,gu3,0.22119629629629625,0.2187444444444444,0.20970740740740743,0.2062074074074074,0.21107037037037035,0.2255,0.22045555555555554,0.2159222222222222,0.25537777777777776,0.2548111111111111,0.24936296296296293,0.2455851851851852,0.2546074074074074,0.2526,0.25752962962962966,0.2934866666666667,0.2874466666666667,0.2802177777777778,0.27858,0.27737333333333336,0.2839222222222222,0.2844333333333333,0.2892133333333333,0.2884333333333334,0.2846711111111111,0.27776888888888884,0.2768666666666667,0.27777555555555555,0.2815422222222222,0.27273777777777775,0.23672444444444443,0.23234000000000005,0.23234888888888888,0.24012666666666668,0.24010888888888887,0.23891111111111102,0.23933555555555555,0.2381111111111111,0.24124444444444446,0.23711333333333334,0.23620888888888886,0.2409977777777778,0.23849777777777775,0.23816222222222222,0.24661111111111111,0.29985793650793646,0.29947698412698415,0.2980507936507936,0.3020436507936508,0.30323492063492063,0.30097063492063497,0.30390873015873016,0.30604603174603173,0.30702301587301584,0.3151642857142858,0.31394285714285713,0.31650555555555554,0.31386349206349207,0.31501269841269836,0.3116230158730159,0.24364814814814814,0.24406111111111115,0.24063148148148153,0.24260185185185187,0.24427962962962965,0.23687962962962963,0.24113148148148147,0.25047222222222226,0.2543148148148148,0.2535833333333333,0.2519351851851852,0.2528796296296296,0.25986111111111115,0.26280185185185184,0.25081666666666663,0.27123386243386244,0.2736978835978836,0.27618042328042325,0.27538730158730157,0.27661428571428576,0.27219629629629627,0.271615873015873,0.2720275132275133,0.2734920634920635,0.2849164021164022,0.28845925925925925,0.2866375661375662,0.28232433862433864,0.28329788359788355,0.28375343915343915,Male,16,Teen,Secondary,C,C,R16Teen5Cb16_info1_250Hz_gu2_AEP.conn
CSD499K07F21,CSD499K07f21_info1_250Hz_gu3_AEP.conn,gu3,0.23774814814814818,0.2376259259259259,0.24279629629629632,0.24370740740740734,0.24734814814814818,0.2389259259259259,0.24002962962962962,0.24122222222222223,0.25608888888888887,0.25339629629629634,0.25897037037037035,0.25958518518518514,0.2580814814814815,0.2575777777777778,0.2615222222222222,0.27452888888888893,0.27828444444444445,0.2775422222222222,0.27156444444444444,0.2711688888888889,0.2759844444444444,0.27593555555555555,0.27194444444444443,0.26751555555555556,0.2722511111111111,0.2724377777777778,0.26762888888888886,0.2732511111111111,0.2686644444444445,0.2756177777777778,0.22456,0.22384222222222228,0.2239,0.22363555555555553,0.22897333333333333,0.22142666666666666,0.2189,0.21914888888888884,0.2231955555555556,0.21212444444444442,0.21008222222222223,0.2097377777777778,0.21050888888888886,0.20915777777777778,0.20969555555555558,0.26313253968253975,0.2619301587301587,0.26132301587301593,0.2623103174603174,0.2637634920634921,0.2635904761904762,0.26168015873015876,0.2596253968253968,0.2612047619047619,0.27697857142857146,0.2758801587301587,0.2756539682539682,0.2747253968253968,0.2744277777777778,0.27548015873015874,0.2783555555555555,0.27993333333333337,0.2751018518518518,0.2739,0.2730388888888889,0.27958888888888894,0.2811722222222222,0.27589259259259263,0.27323333333333333,0.2834685185185185,0.282287037037037,0.2806537037037037,0.2852907407407408,0.2849555555555555,0.2863685185185185,0.3065539682539682,0.306126455026455,0.3056026455026455,0.3039306878306879,0.3034121693121693,0.30767883597883594,0.3086010582010582,0.30699153439153437,0.3047761904761905,0.3184597883597884,0.3175666666666666,0.31498677248677254,0.31804656084656086,0.3158243386243387,0.3162597883597883,Female,21,Teen,Tertiary,S,NC,CSD499K07f21_info1_250Hz_gu2_AEP.conn
CSD499B8F21,CSD499B8f21_info1_250Hz_gu3_AEP.conn,gu3,0.2221,0.21564444444444444,0.21441851851851848,0.21387037037037038,0.21214814814814817,0.21434444444444445,0.21688148148148148,0.21989629629629628,0.2419407407407407,0.23715185185185184,0.24080370370370371,0.2377148148148148,0.23577407407407405,0.23652962962962962,0.2397074074074074,0.2622133333333333,0.2660177777777778,0.2640711111111111,0.2596622222222222,0.2568622222222222,0.2673066666666667,0.26970222222222223,0.26987777777777777,0.2708711111111112,0.26621555555555554,0.2672555555555555,0.2604622222222222,0.2651533333333333,0.2672911111111111,0.2625044444444445,0.22073777777777775,0.22555555555555556,0.2258111111111111,0.2260288888888889,0.22600888888888887,0.22460666666666668,0.22787555555555555,0.22954888888888889,0.2262088888888889,0.23486888888888888,0.23319555555555554,0.22984,0.23174666666666663,0.23379111111111112,0.2345755555555556,0.25686587301587294,0.2613666666666667,0.2566920634920636,0.2570873015873016,0.25596428571428576,0.2576809523809524,0.2581103174603175,0.2567277777777778,0.2546936507936508,0.27561825396825396,0.27012063492063493,0.27064523809523805,0.27199841269841274,0.2706888888888889,0.27062063492063493,0.20429814814814817,0.20564074074074076,0.20636851851851853,0.2078648148148148,0.20359444444444444,0.20258888888888885,0.1988574074074074,0.2010166666666667,0.20548888888888886,0.20470925925925929,0.20488333333333333,0.20697592592592592,0.1994074074074074,0.19666481481481482,0.2036351851851852,0.19534973544973544,0.1931444444444445,0.19333121693121694,0.19334761904761905,0.1931740740740741,0.18863121693121693,0.18892857142857145,0.18980740740740737,0.192784126984127,0.19929999999999998,0.19845873015873014,0.1970650793650794,0.1920677248677249,0.19077460317460315,0.19738095238095235,Female,21,Teen,Tertiary,S,NC,CSD499B8f21_info1_250Hz_gu2_AEP.conn
CSD499AH10F21,CSD499AH10f21_info1_250Hz_gu3_AEP.conn,gu3,0.19443703703703705,0.19924444444444442,0.20674814814814813,0.2119740740740741,0.2127888888888889,0.2108888888888889,0.2160925925925926,0.21919999999999998,0.2500962962962963,0.2435962962962963,0.24961851851851855,0.24996666666666664,0.25279999999999997,0.24950000000000003,0.259137037037037,0.3038577777777777,0.30017999999999995,0.30112666666666665,0.3054955555555556,0.3085688888888889,0.30879333333333336,0.30432444444444445,0.29962000000000005,0.2951688888888889,0.29328888888888893,0.2921711111111111,0.2934955555555555,0.29436,0.2889022222222223,0.2938733333333334,0.23714666666666667,0.23579777777777777,0.2333044444444444,0.23730666666666664,0.23865333333333333,0.23643555555555557,0.24476666666666663,0.2502111111111111,0.25044888888888883,0.23049111111111112,0.22578888888888887,0.22698000000000002,0.23649111111111112,0.23842222222222223,0.22465111111111113,0.29229999999999995,0.29246746031746035,0.29177301587301585,0.2898468253968254,0.28859444444444443,0.2880690476190476,0.2889968253968254,0.29123174603174606,0.2897547619047619,0.30731984126984135,0.30655793650793656,0.3054825396825397,0.3071452380952381,0.3085277777777778,0.3058936507936508,0.24958518518518522,0.24644444444444447,0.24660185185185188,0.2485888888888889,0.25181296296296296,0.24905740740740742,0.2510962962962963,0.25237407407407403,0.25393518518518515,0.2462203703703704,0.24509259259259256,0.24649074074074073,0.2543703703703703,0.25470925925925925,0.24181666666666665,0.24434497354497356,0.24374603174603177,0.242131746031746,0.2398798941798942,0.2403544973544974,0.24558835978835977,0.24523915343915342,0.2442978835978836,0.24304550264550268,0.25241322751322753,0.2513550264550265,0.24926613756613752,0.25229735449735446,0.25198624338624337,0.2536365079365079,Female,21,Teen,Tertiary,E,NC,CSD499AH10f21_info1_250Hz_gu2_AEP.conn
CSD499AB04G21,CSD499AB04g21_info1_250Hz_gu3_AEP.conn,gu3,0.2343185185185185,0.23645555555555556,0.24286666666666668,0.24635185185185185,0.24792592592592588,0.2416851851851852,0.2453148148148148,0.2495814814814815,0.2655925925925926,0.2471111111111111,0.2505148148148148,0.2523111111111111,0.2605148148148148,0.2636296296296296,0.24609999999999999,0.2860111111111111,0.28332222222222225,0.28568888888888894,0.29114666666666666,0.29059555555555555,0.28740444444444446,0.2898822222222222,0.2936088888888889,0.29886222222222225,0.28358222222222224,0.2853577777777777,0.2905377777777778,0.28334000000000004,0.2909666666666667,0.28826666666666667,0.28363777777777777,0.28597111111111106,0.2845422222222222,0.2861444444444444,0.28476,0.2785955555555556,0.27860000000000007,0.28074444444444446,0.2838622222222222,0.2845577777777778,0.2855222222222222,0.2899711111111111,0.2823644444444445,0.2860333333333333,0.2819777777777778,0.3096626984126985,0.3081817460317461,0.3089214285714286,0.3137777777777778,0.31576587301587294,0.31292222222222216,0.31411746031746024,0.3150642857142857,0.3149873015873016,0.32379444444444444,0.32487063492063484,0.32958650793650796,0.3313626984126984,0.33122777777777773,0.32605952380952374,0.28247962962962964,0.28404629629629635,0.28305740740740737,0.28073148148148147,0.28566851851851854,0.2836814814814815,0.28719629629629634,0.2862462962962963,0.2847592592592592,0.2841814814814815,0.28327777777777774,0.28278703703703706,0.2871388888888889,0.28699629629629625,0.28585000000000005,0.22117883597883606,0.22055555555555562,0.2224126984126984,0.2259222222222222,0.22775978835978833,0.2218687830687831,0.2228248677248677,0.2255566137566138,0.22548888888888893,0.22857142857142856,0.2307613756613757,0.23461111111111108,0.23013915343915342,0.23325661375661375,0.2292867724867725,Female,21,Teen,Tertiary,A,NC,CSD499AB04g21_info1_250Hz_gu2_AEP.conn
CSD499LS06F20,CSD499LS06f20_info1_250Hz_gu3_AEP.conn,gu3,0.15594444444444444,0.15482222222222222,0.15884074074074073,0.1619074074074074,0.16246666666666668,0.14943703703703706,0.1532185185185185,0.15925185185185187,0.19881111111111108,0.19245555555555552,0.19868888888888891,0.20196296296296298,0.18988518518518518,0.19545925925925925,0.19541851851851852,0.2321711111111111,0.23054444444444444,0.22946444444444442,0.23311555555555558,0.23552222222222224,0.22998,0.2259377777777778,0.22552444444444442,0.22934444444444443,0.22041555555555553,0.21965333333333334,0.22393333333333332,0.2193,0.21682666666666664,0.2187466666666667,0.20461333333333337,0.20366,0.20128444444444443,0.20264888888888888,0.20519333333333334,0.19829999999999998,0.19620444444444446,0.19745111111111113,0.20070666666666667,0.19290888888888888,0.19211555555555554,0.1922333333333333,0.18453333333333335,0.18933777777777777,0.18846666666666664,0.22875079365079362,0.22550873015873013,0.22586349206349204,0.22813571428571428,0.22868730158730152,0.22860079365079367,0.22700158730158732,0.229063492063492,0.23012619047619046,0.2379960317460317,0.23746666666666666,0.23958492063492062,0.2416825396825397,0.24311190476190475,0.23651904761904766,0.2314166666666667,0.2299648148148148,0.23615370370370367,0.2392240740740741,0.23999074074074075,0.24047037037037042,0.23818703703703703,0.2401777777777778,0.24013518518518517,0.24693518518518517,0.2497574074074074,0.25072962962962964,0.25777222222222224,0.25599444444444447,0.25048148148148147,0.222074074074074,0.22121587301587303,0.22203068783068783,0.22375396825396832,0.22313544973544971,0.22066243386243384,0.22034021164021167,0.21979153439153437,0.22038571428571427,0.22851322751322747,0.22891640211640207,0.23134021164021162,0.2285539682539683,0.22789365079365081,0.22708465608465606,Female,20,Teen,Tertiary,S,NC,CSD499LS06f20_info1_250Hz_gu2_AEP.conn
R16P02C_G16,R16P02C_g16_info1_250Hz_gu3_AEP.conn,gu3,0.18415925925925927,0.18253333333333335,0.18165555555555554,0.18256666666666668,0.18650740740740743,0.1835,0.18604444444444446,0.18668518518518518,0.22215555555555558,0.2159222222222222,0.22105555555555556,0.2209888888888889,0.2217814814814815,0.22392592592592594,0.22749259259259258,0.29896888888888895,0.2978777777777778,0.2987377777777778,0.2994866666666667,0.3007844444444444,0.29379777777777777,0.2920244444444445,0.29383555555555557,0.29484444444444446,0.29096222222222223,0.29291999999999996,0.2969844444444444,0.28913333333333335,0.29034666666666664,0.28813111111111117,0.2746688888888889,0.27512444444444445,0.2759377777777777,0.27372444444444444,0.2728133333333333,0.27153111111111106,0.2747133333333333,0.2753133333333333,0.2747177777777778,0.2681044444444444,0.26988666666666666,0.27159999999999995,0.2712644444444444,0.27202000000000004,0.2715844444444445,0.2633857142857143,0.2620777777777778,0.261797619047619,0.26249761904761904,0.2628960317460317,0.2634722222222222,0.26520952380952384,0.2631650793650793,0.26231666666666664,0.27451031746031745,0.27433650793650793,0.27498968253968253,0.27455,0.27395555555555556,0.2763087301587302,0.23737592592592593,0.23719814814814819,0.23775185185185188,0.23790555555555556,0.23913703703703706,0.24325925925925926,0.24017407407407407,0.2322425925925926,0.23000555555555555,0.24842037037037037,0.2474537037037037,0.24630925925925926,0.2480851851851852,0.24415370370370368,0.24692962962962964,0.24823703703703703,0.248241798941799,0.24822539682539682,0.24855396825396825,0.24854444444444443,0.2518058201058201,0.2509952380952381,0.2500793650793651,0.24913015873015873,0.2613142857142857,0.26019100529100525,0.2599767195767196,0.2621989417989419,0.2622021164021164,0.26449470899470906,Female,16,Teen,Secondary,C,C,R16P02C_g16_info1_250Hz_gu2_AEP.conn
CSD499DV04F21,CSD499DV04f21_info1_250Hz_gu3_AEP.conn,gu3,0.28077407407407406,0.28414814814814815,0.2846666666666666,0.2866703703703704,0.2884703703703704,0.27235925925925925,0.26991851851851845,0.2771740740740741,0.31704074074074073,0.3017259259259259,0.3071,0.3140222222222222,0.29742962962962965,0.30522592592592596,0.29824814814814815,0.3012666666666667,0.3026244444444445,0.30472444444444446,0.30785777777777784,0.3094222222222222,0.3018577777777778,0.30416000000000004,0.30337777777777786,0.30469777777777785,0.28685333333333335,0.29079333333333335,0.2962644444444445,0.29782888888888887,0.2953755555555556,0.2959155555555556,0.27855777777777774,0.27634444444444445,0.27118888888888887,0.2699511111111111,0.26980666666666664,0.2792177777777778,0.27994,0.27960222222222225,0.27678444444444444,0.2693511111111111,0.2625511111111111,0.26181333333333334,0.2810377777777777,0.2791355555555556,0.2646311111111111,0.3267134920634921,0.3251071428571429,0.3254214285714286,0.3259722222222223,0.3274722222222222,0.32375952380952383,0.3239230158730159,0.3229571428571429,0.3243920634920635,0.33796507936507936,0.3362761904761905,0.33483333333333337,0.33433809523809527,0.336236507936508,0.3322507936507937,0.31203703703703695,0.3141759259259259,0.32034259259259257,0.3204611111111111,0.3150055555555556,0.3176148148148148,0.32090925925925934,0.3192944444444445,0.3148555555555556,0.3159277777777778,0.3202833333333333,0.3203444444444445,0.31546481481481486,0.31740555555555555,0.31617592592592597,0.2969121693121693,0.2982285714285715,0.29697566137566145,0.29381587301587303,0.2899989417989418,0.29806772486772487,0.29793280423280427,0.29524550264550264,0.2919169312169312,0.30644074074074074,0.306305291005291,0.3045068783068783,0.3075777777777778,0.30561269841269845,0.30367936507936505,Female,21,Teen,Tertiary,S,NC,CSD499DV04f21_info1_250Hz_gu2_AEP.conn
CSD499E9F21,CSD499E9f21_info1_250Hz_gu3_AEP.conn,gu3,0.18792962962962964,0.18885185185185183,0.20894814814814813,0.23055555555555554,0.22595185185185188,0.2022259259259259,0.21972222222222224,0.23832222222222219,0.2558703703703704,0.2159037037037037,0.2285407407407407,0.24041481481481483,0.24030740740740741,0.24834814814814812,0.2341703703703704,0.2881111111111111,0.29314666666666667,0.2960244444444444,0.29578,0.2890533333333333,0.2924977777777778,0.30218222222222224,0.3045444444444444,0.3037088888888889,0.3065777777777777,0.30498000000000003,0.3006511111111111,0.3102755555555555,0.3129777777777778,0.3024511111111111,0.2548422222222222,0.2612222222222222,0.2712688888888889,0.2779422222222222,0.2790666666666667,0.25416222222222223,0.26855333333333337,0.2755222222222223,0.27615333333333336,0.27098888888888883,0.28020666666666666,0.2842444444444444,0.27685777777777776,0.2841377777777777,0.28524222222222223,0.31112142857142855,0.31352063492063487,0.3147515873015873,0.3156238095238096,0.3168650793650794,0.3062563492063492,0.3106111111111111,0.3159309523809524,0.3174936507936508,0.3232087301587302,0.32591269841269843,0.32488015873015863,0.3217071428571429,0.32294761904761904,0.3275738095238095,0.2854111111111111,0.29077962962962967,0.2985425925925926,0.29802222222222224,0.2886944444444444,0.2958925925925926,0.29968703703703703,0.3026277777777778,0.2952592592592593,0.28850370370370376,0.29869444444444443,0.30037592592592594,0.3115462962962963,0.30572407407407404,0.29581851851851854,0.2720238095238095,0.27520211640211645,0.2749396825396825,0.2770047619047619,0.2768306878306878,0.27086719576719576,0.2721962962962963,0.2714804232804234,0.27270105820105817,0.2777232804232805,0.27780846560846567,0.2788423280423281,0.2737941798941799,0.2716026455026455,0.27447619047619043,Female,21,Teen,Tertiary,E,NC,CSD499E9f21_info1_250Hz_gu2_AEP.conn
CSD499SL03F20,CSD499SL03F20_info1_250Hz_gu3_AEP.conn,gu3,0.21506296296296298,0.21323333333333336,0.2157703703703704,0.21564074074074072,0.21623333333333336,0.21266296296296297,0.21445925925925924,0.2159925925925926,0.24708518518518519,0.24652592592592593,0.24978888888888892,0.24861481481481482,0.24464814814814817,0.24622962962962966,0.2501814814814815,0.2513777777777778,0.2529933333333333,0.2542577777777778,0.25097555555555556,0.25016666666666665,0.2525644444444445,0.2568533333333333,0.2567066666666667,0.2555844444444445,0.24896444444444446,0.25131999999999993,0.25005333333333335,0.25048000000000004,0.25063555555555556,0.24438,0.2242444444444444,0.22149555555555556,0.21869111111111111,0.2168466666666667,0.2196333333333333,0.21730666666666662,0.21631111111111112,0.21510888888888888,0.21543111111111113,0.21447333333333335,0.21294222222222223,0.2129933333333333,0.21125777777777782,0.20999333333333334,0.20793111111111112,0.2636420634920635,0.2651880952380953,0.2646460317460317,0.2646079365079365,0.2634761904761905,0.26912301587301585,0.2717246031746032,0.27237460317460316,0.27103412698412693,0.28050714285714284,0.28069047619047627,0.2810174603174603,0.2863611111111112,0.28787380952380953,0.28382063492063486,0.2892111111111111,0.2906425925925926,0.28906111111111116,0.2902222222222222,0.29224074074074075,0.28669999999999995,0.2863759259259259,0.2845555555555555,0.2871074074074074,0.2988555555555556,0.2975055555555555,0.2986685185185185,0.29764444444444443,0.2974518518518519,0.2972555555555556,0.24595502645502648,0.24601746031746027,0.2463031746031746,0.24811481481481484,0.24702328042328045,0.24427830687830687,0.24468941798941796,0.2458031746031746,0.24556984126984127,0.2517502645502646,0.2525671957671958,0.25475291005291,0.2540275132275132,0.25530582010582015,0.2559238095238095,Female,20,Teen,Tertiary,S,NC,CSD499SL03F20_info1_250Hz_gu2_AEP.conn
NIH01C01B17,NIH01C01b17_info1_250Hz_gu3_AEP.conn,gu3,0.3169555555555556,0.3142037037037037,0.32183333333333336,0.3245074074074074,0.32396296296296295,0.31287037037037035,0.32195555555555555,0.32844444444444443,0.34364074074074075,0.3379592592592593,0.3391074074074074,0.3433,0.3350074074074074,0.3398666666666667,0.3364962962962963,0.38945777777777774,0.3852733333333333,0.38893111111111106,0.39080222222222216,0.39096666666666663,0.38741333333333333,0.39257555555555557,0.38866222222222224,0.37951777777777773,0.38635555555555556,0.37927333333333335,0.37783777777777783,0.38852222222222227,0.3883955555555555,0.38004,0.37752888888888886,0.37508444444444444,0.3737866666666666,0.37888222222222223,0.38379555555555556,0.3722622222222222,0.3665933333333333,0.36500666666666665,0.3697488888888889,0.37704666666666664,0.3681022222222222,0.3677311111111111,0.3722955555555555,0.3665777777777778,0.3746822222222222,0.35300238095238096,0.3541666666666668,0.3511206349206349,0.35141428571428573,0.3519357142857143,0.35507380952380957,0.3537801587301588,0.3555126984126984,0.35492460317460317,0.37159920634920635,0.3679325396825397,0.36605793650793655,0.36887222222222216,0.3689452380952381,0.3691325396825396,0.34695925925925925,0.3348092592592593,0.32483703703703704,0.3202796296296297,0.32436111111111116,0.33742037037037037,0.3280148148148148,0.33059444444444447,0.336812962962963,0.35716296296296296,0.3458611111111112,0.33929629629629626,0.34052777777777776,0.3360111111111111,0.3489629629629629,0.2967957671957671,0.29377566137566136,0.29437142857142856,0.2991031746031746,0.30417566137566143,0.30603174603174604,0.30272328042328045,0.2986555555555556,0.2945047619047618,0.2980079365079365,0.298721164021164,0.3028338624338624,0.3042005291005291,0.29776349206349206,0.30220370370370364,Male,17,Teen,Secondary,C,C,NIH01C01b17_info1_250Hz_gu2_AEP.conn
R16JY24B17,R16jy24b17_info1_250Hz_gu3_AEP.conn,gu3,0.2359111111111111,0.23051481481481484,0.2276074074074074,0.23061851851851847,0.2304851851851852,0.23701111111111114,0.23490740740740743,0.22675185185185187,0.25722962962962964,0.2596444444444444,0.25583333333333336,0.25821481481481484,0.26568888888888886,0.25925185185185184,0.25279629629629624,0.26015333333333335,0.25522,0.25292888888888887,0.2542977777777778,0.25476888888888893,0.2593688888888889,0.25792000000000004,0.2570822222222222,0.25818444444444444,0.2597266666666666,0.26044,0.2643244444444445,0.26314222222222217,0.2636555555555556,0.2641777777777778,0.26465111111111106,0.25454000000000004,0.2519533333333333,0.2515955555555556,0.25642,0.25303333333333333,0.24819333333333332,0.24711777777777777,0.25015111111111116,0.25532222222222223,0.2522422222222222,0.2510866666666667,0.25092888888888887,0.2483822222222222,0.2501888888888889,0.2970849206349206,0.29630952380952374,0.29783015873015867,0.29956666666666665,0.2994349206349206,0.2969420634920635,0.2959301587301587,0.2945126984126984,0.29340555555555553,0.3067722222222223,0.30812142857142855,0.3097904761904761,0.30952619047619045,0.3093206349206349,0.3072833333333333,0.21888148148148145,0.21612777777777778,0.2151981481481481,0.21394629629629633,0.21457407407407406,0.21670925925925924,0.21393333333333334,0.21105925925925925,0.20964444444444444,0.21902407407407407,0.2159388888888889,0.2132388888888889,0.2159481481481482,0.21474074074074076,0.21624814814814816,0.2201936507936508,0.21862592592592595,0.2167042328042328,0.21597777777777782,0.21665396825396824,0.21834761904761907,0.21741798941798943,0.21606190476190476,0.21541216931216928,0.22614867724867718,0.2239179894179894,0.2226867724867725,0.22534973544973544,0.22293333333333332,0.22556666666666664,Male,17,Teen,Secondary,C,C,R16jy24b17_info1_250Hz_gu2_AEP.conn
R16CJTEST_B15,R16CjTest_b15_info1_250Hz_gu3_AEP.conn,gu3,0.2828555555555555,0.2814185185185185,0.27862592592592594,0.26872222222222225,0.26523703703703705,0.2827444444444444,0.28048888888888884,0.27567407407407407,0.2902222222222222,0.2942703703703704,0.29186666666666666,0.2828888888888889,0.2973888888888889,0.29254814814814817,0.299562962962963,0.2946777777777778,0.29417111111111116,0.29285111111111106,0.2925688888888889,0.29136,0.28578888888888887,0.2863888888888889,0.28600222222222227,0.2865155555555555,0.29338,0.2935688888888889,0.2910955555555556,0.28984444444444446,0.2887022222222222,0.2944977777777778,0.2206488888888889,0.22209555555555555,0.22261333333333333,0.22508,0.22712666666666664,0.2281622222222222,0.22608666666666663,0.22545333333333337,0.22881777777777773,0.2312955555555556,0.2340866666666667,0.23576888888888892,0.23089999999999997,0.2348666666666667,0.23700666666666667,0.28776825396825395,0.2859523809523809,0.2841515873015873,0.28555714285714284,0.2850793650793651,0.2927626984126984,0.2910769841269842,0.28799761904761906,0.28501111111111116,0.2993539682539682,0.2996039682539683,0.30047619047619045,0.3044896825396826,0.29967063492063495,0.2993730158730159,0.2868296296296296,0.2833759259259259,0.2771148148148148,0.2773277777777778,0.2784574074074074,0.2785259259259259,0.274637037037037,0.27147407407407403,0.2699722222222222,0.30001666666666665,0.2931537037037037,0.2921037037037037,0.2929351851851852,0.28621851851851854,0.29324629629629634,0.2733888888888889,0.27330952380952384,0.27662328042328044,0.2787719576719577,0.28085502645502647,0.28073068783068783,0.28282910052910054,0.2826402116402117,0.2827550264550264,0.2861682539682539,0.28803439153439153,0.28917195767195764,0.2939306878306878,0.2927333333333334,0.2907232804232804,Male,15,Teen,Secondary,C,C,R16CjTest_b15_info1_250Hz_gu2_AEP.conn
CSD499KK01F21,CSD499KK01f21_info1_250Hz_gu3_AEP.conn,gu3,0.25251851851851853,0.25630000000000003,0.261062962962963,0.2626740740740741,0.2624333333333333,0.2688185185185185,0.2699925925925926,0.27036296296296297,0.29202592592592597,0.2891444444444445,0.2937888888888889,0.294362962962963,0.2908777777777778,0.28934074074074073,0.29834074074074074,0.29108222222222224,0.2906644444444444,0.2955444444444445,0.2999377777777778,0.30173777777777777,0.29822444444444446,0.2985444444444444,0.30066666666666664,0.3034911111111111,0.28567333333333333,0.28792,0.2909355555555556,0.29057777777777777,0.29304888888888886,0.2932866666666667,0.2713666666666667,0.26833111111111113,0.2652066666666667,0.26532666666666666,0.2697333333333333,0.2792311111111111,0.2785266666666667,0.2745955555555556,0.2702,0.26505555555555554,0.26317555555555555,0.26447111111111105,0.27144444444444443,0.27023333333333327,0.2678888888888889,0.25917063492063497,0.2580023809523809,0.26083412698412695,0.2598698412698413,0.2586277777777778,0.2576603174603174,0.25790317460317463,0.2551230158730159,0.2556150793650793,0.2668007936507936,0.27125476190476194,0.2728880952380953,0.26996428571428577,0.26755634920634924,0.2678761904761905,0.1960962962962963,0.1962907407407407,0.2030185185185185,0.19810000000000003,0.1941277777777778,0.19979074074074077,0.1980925925925926,0.20058148148148147,0.20342407407407412,0.2046685185185185,0.21126296296296299,0.20783333333333334,0.20436111111111113,0.20798333333333333,0.20944259259259257,0.17117566137566134,0.17002063492063493,0.1704021164021164,0.17148148148148148,0.17146190476190473,0.16614444444444446,0.1669529100529101,0.1701206349206349,0.17018253968253966,0.17594920634920636,0.17692910052910057,0.1794068783068783,0.17554285714285714,0.17897936507936507,0.1752830687830688,Female,21,Teen,Tertiary,C,C,CSD499KK01f21_info1_250Hz_gu2_AEP.conn
R16CTEEN06G16,R16Cteen06g16_info1_250Hz_gu3_AEP.conn,gu3,0.19484444444444446,0.19837777777777776,0.19338888888888892,0.19047777777777783,0.19125925925925924,0.19634444444444443,0.19286296296296293,0.1927148148148148,0.22782222222222223,0.23767037037037034,0.2336666666666667,0.23011851851851853,0.22307777777777782,0.22667777777777776,0.23794074074074076,0.2811822222222223,0.2808,0.2806755555555555,0.2795244444444444,0.27619333333333335,0.2703511111111111,0.27130222222222217,0.27269333333333334,0.26907333333333333,0.2795755555555556,0.2810822222222221,0.2823044444444445,0.2768977777777778,0.28147777777777777,0.2804844444444444,0.29007555555555553,0.28744000000000003,0.28604444444444443,0.2871066666666667,0.2857044444444444,0.2861511111111111,0.28745333333333334,0.2858422222222222,0.28631333333333336,0.2901511111111111,0.2879888888888889,0.29133555555555557,0.2933133333333333,0.29292444444444443,0.29172888888888887,0.25685317460317453,0.2554619047619047,0.25488015873015873,0.25681904761904767,0.25741984126984124,0.26041507936507935,0.2578611111111111,0.25940476190476186,0.26174126984126983,0.2697174603174603,0.2694492063492063,0.27211984126984123,0.2728753968253968,0.2713738095238095,0.27070079365079364,0.25173703703703704,0.2536537037037037,0.25291851851851854,0.25232777777777776,0.25068333333333337,0.25115185185185185,0.25232407407407403,0.25612962962962965,0.2554518518518519,0.25530740740740737,0.25825185185185184,0.259037037037037,0.2614222222222222,0.26052777777777775,0.2623462962962963,0.27247883597883604,0.27229470899470903,0.27299682539682546,0.2706058201058201,0.2678603174603174,0.2662486772486772,0.2657470899470899,0.2650857142857143,0.26521375661375657,0.27472962962962955,0.27624126984126984,0.27482698412698414,0.2714063492063492,0.2717873015873016,0.27545767195767196,Female,16,Teen,Secondary,C,C,R16Cteen06g16_info1_250Hz_gu2_AEP.conn
NIH01C02B19,NIH01C02b19_info1_250Hz_gu3_AEP.conn,gu3,0.2555111111111111,0.2532259259259259,0.2502037037037037,0.2511777777777778,0.24533703703703702,0.2547333333333333,0.2543518518518519,0.24685925925925925,0.27426666666666666,0.27415555555555554,0.270037037037037,0.2725555555555556,0.2772925925925926,0.2684518518518519,0.26329259259259263,0.33860222222222225,0.3374755555555556,0.3399444444444445,0.3466688888888889,0.34119111111111106,0.3529533333333333,0.3575488888888889,0.3596222222222223,0.35418222222222223,0.3431911111111111,0.34540444444444446,0.3529555555555556,0.3601622222222222,0.3597577777777778,0.3520222222222223,0.33664666666666665,0.3360022222222222,0.3366911111111111,0.3392044444444444,0.33635777777777776,0.3411088888888888,0.3424044444444445,0.34107999999999994,0.34154,0.3318377777777778,0.3326644444444445,0.33559333333333335,0.33332666666666666,0.3315333333333333,0.33521333333333336,0.2844071428571428,0.28387380952380953,0.28366031746031745,0.28530714285714287,0.28725000000000006,0.2861166666666667,0.2871968253968254,0.2892230158730159,0.29052698412698413,0.29881349206349206,0.29840793650793657,0.29856904761904757,0.3022642857142857,0.30200079365079363,0.3019325396825397,0.25240555555555555,0.25384814814814816,0.2556148148148148,0.25171111111111105,0.24710555555555558,0.25142037037037035,0.25188518518518516,0.2554611111111111,0.25520925925925925,0.2632018518518518,0.2633814814814815,0.2585259259259259,0.2604962962962963,0.26343518518518516,0.26104814814814814,0.20744179894179893,0.20764973544973545,0.20791005291005288,0.2076285714285714,0.20684391534391539,0.20609153439153438,0.20790211640211645,0.20847513227513223,0.20993227513227508,0.2182412698412698,0.21854444444444449,0.21726931216931208,0.22008306878306882,0.2213910052910053,0.22162698412698414,Male,19,Teen,Tertiary,C,C,NIH01C02b19_info1_250Hz_gu2_AEP.conn
R16TEENPVB,R16teenPvb_info1_250Hz_gu3_AEP.conn,gu3,0.34774444444444447,0.34614814814814815,0.3428259259259259,0.33998148148148144,0.34237777777777784,0.3455814814814815,0.3448111111111112,0.3447703703703704,0.37625925925925924,0.37834814814814816,0.3754666666666666,0.3718518518518519,0.3815555555555556,0.38320740740740744,0.3792962962962963,0.34247555555555553,0.34283111111111114,0.3465288888888889,0.3473977777777778,0.34463111111111117,0.34541333333333335,0.3440711111111111,0.3451955555555556,0.34493555555555555,0.3349888888888889,0.3355555555555555,0.3328911111111111,0.3389044444444445,0.34024888888888893,0.3366955555555555,0.3135311111111111,0.3123888888888889,0.3126644444444444,0.3130977777777778,0.31441111111111114,0.31342222222222227,0.31421111111111116,0.3141466666666667,0.3133288888888889,0.30048444444444444,0.30010666666666663,0.2978288888888888,0.30304666666666674,0.3031777777777778,0.3014644444444445,0.3872492063492064,0.3886111111111111,0.3898714285714285,0.3921968253968253,0.3949857142857142,0.3946174603174603,0.39683968253968255,0.3944103174603174,0.39557777777777775,0.4031087301587301,0.4033904761904762,0.4049690476190476,0.4103515873015872,0.4104992063492064,0.40912857142857145,0.4065185185185185,0.407224074074074,0.40712777777777776,0.40585185185185185,0.40367962962962967,0.40648148148148144,0.40653333333333325,0.3997944444444445,0.39942407407407404,0.4046703703703704,0.40309814814814815,0.402112962962963,0.40100555555555556,0.40264259259259266,0.4062981481481482,0.3166132275132275,0.3173492063492064,0.3184031746031747,0.31791322751322754,0.31648783068783065,0.3208068783068783,0.3209444444444444,0.32095343915343916,0.3208904761904762,0.3234857142857143,0.3230603174603174,0.32225079365079357,0.32460634920634923,0.32427407407407405,0.327115873015873,Male,16,Teen,Secondary,E,NC,R16teenPvb_info1_250Hz_gu2_AEP.conn
CSD499CS02F20,CSD499CS02f20_info1_250Hz_gu3_AEP.conn,gu3,0.1543037037037037,0.14874444444444446,0.14874444444444443,0.14718148148148147,0.14657407407407408,0.1454851851851852,0.1403222222222222,0.13921481481481482,0.16918148148148146,0.17141851851851853,0.1723,0.17195555555555556,0.16807777777777777,0.1659185185185185,0.1681851851851852,0.2329711111111111,0.23322444444444446,0.23555555555555557,0.2398511111111111,0.23965999999999998,0.22965777777777782,0.2312533333333333,0.23666,0.23654666666666668,0.22751333333333332,0.2291244444444444,0.23355555555555557,0.22763333333333335,0.23332666666666668,0.22629333333333332,0.18229333333333334,0.18016666666666664,0.1790511111111111,0.18047555555555556,0.18379555555555555,0.18786444444444445,0.18506666666666668,0.18325333333333332,0.18356222222222224,0.17650666666666667,0.17574,0.17806666666666665,0.18317777777777777,0.1808688888888889,0.17658666666666667,0.20289285714285715,0.2040555555555555,0.20284365079365083,0.20425873015873014,0.20507380952380955,0.20487539682539682,0.20468253968253966,0.2052253968253968,0.20430238095238099,0.21969603174603175,0.2183015873015873,0.22021349206349208,0.22017142857142855,0.2190460317460317,0.2202301587301587,0.2190722222222222,0.21984259259259256,0.22071666666666667,0.22230185185185183,0.21843888888888888,0.21950740740740746,0.2210592592592593,0.22122777777777772,0.21832962962962965,0.23216666666666666,0.23273148148148148,0.2336425925925926,0.2338240740740741,0.2320796296296296,0.22975555555555557,0.20329999999999998,0.20178042328042328,0.20211269841269844,0.20384920634920636,0.205494708994709,0.19812486772486776,0.19881111111111108,0.19978042328042328,0.2007777777777778,0.21281269841269845,0.21198359788359786,0.21293121693121694,0.2088867724867725,0.2106973544973545,0.21322275132275129,Female,20,Teen,Tertiary,S,NC,CSD499CS02f20_info1_250Hz_gu2_AEP.conn
EES23F24,ees23f24_250Hz_gu3_AEP.conn,gu3,0.2348962962962963,0.23500000000000001,0.23762222222222226,0.23554814814814815,0.23357777777777777,0.2398592592592593,0.23940740740740737,0.23505555555555555,0.24982592592592592,0.2569666666666666,0.2562111111111111,0.2536148148148148,0.2580518518518519,0.25243333333333334,0.25968888888888886,0.26388222222222224,0.2680822222222222,0.26825777777777776,0.26858,0.2653933333333333,0.2585911111111111,0.26347333333333334,0.26335777777777775,0.2662711111111111,0.2518311111111111,0.2516288888888889,0.2505644444444445,0.26636000000000004,0.26657111111111115,0.2513688888888889,0.2219288888888889,0.22464222222222224,0.22880666666666669,0.23006000000000001,0.22722666666666663,0.21694666666666668,0.2190377777777778,0.22343777777777776,0.22929555555555553,0.21915111111111113,0.22086,0.21825333333333333,0.2169,0.22118222222222222,0.21744,0.2218198412698413,0.2233793650793651,0.22728333333333336,0.2283373015873016,0.22875634920634919,0.22324682539682542,0.22498015873015875,0.22548253968253967,0.22633968253968254,0.23954841269841273,0.24127619047619045,0.24245873015873018,0.24022698412698412,0.2415539682539683,0.2421492063492063,0.1974388888888889,0.1977111111111111,0.1968685185185185,0.19617037037037036,0.19538333333333333,0.2078074074074074,0.20501296296296298,0.20258888888888885,0.19894629629629626,0.2149296296296296,0.21184814814814812,0.2074925925925926,0.221312962962963,0.2176388888888889,0.2064518518518519,0.19558201058201058,0.197021164021164,0.19708306878306875,0.19738994708994703,0.19784021164021162,0.19633756613756614,0.1949973544973545,0.19480687830687834,0.19303915343915343,0.20459206349206346,0.20302116402116407,0.20354285714285714,0.20893650793650792,0.21029153439153442,0.20199312169312164,Female,24,Adult,Adult,E,NC,ees23f24_250Hz_gu2_AEP.conn
EES12F24,ees12f24_250Hz_gu3_AEP.conn,gu3,0.21014814814814817,0.21415925925925924,0.21814444444444447,0.21559259259259264,0.21507777777777778,0.21196666666666666,0.2082703703703704,0.19557407407407404,0.22832222222222223,0.23460370370370373,0.24459629629629628,0.24358888888888888,0.25057407407407406,0.23675185185185188,0.2561925925925926,0.2793222222222222,0.26653999999999994,0.2684111111111111,0.27719777777777777,0.28680000000000005,0.2863711111111111,0.27726666666666666,0.2688911111111111,0.27429999999999993,0.26552222222222216,0.2660355555555556,0.27376,0.27588666666666667,0.27378,0.27776666666666666,0.22350444444444442,0.22392666666666666,0.23111555555555557,0.23704666666666668,0.2349888888888889,0.2317422222222222,0.23578000000000002,0.24108666666666667,0.2501022222222222,0.22384222222222222,0.22616444444444445,0.23106444444444443,0.22786444444444443,0.2301533333333333,0.2271466666666667,0.2402015873015873,0.23763253968253964,0.237834126984127,0.24027619047619045,0.24217142857142857,0.23841031746031746,0.23300793650793647,0.22924920634920637,0.228213492063492,0.25175714285714285,0.2485238095238095,0.24789047619047616,0.24757380952380958,0.24364999999999995,0.24562142857142852,0.23330555555555554,0.23060185185185186,0.22677407407407404,0.2210574074074074,0.22321296296296297,0.2266611111111111,0.2327537037037037,0.2345722222222222,0.23844999999999997,0.2385129629629629,0.2349203703703704,0.23235925925925927,0.2364333333333333,0.2370037037037037,0.2373537037037037,0.20437671957671957,0.20709629629629622,0.2076095238095238,0.20778359788359793,0.20626560846560846,0.2109005291005291,0.21215449735449735,0.2133047619047619,0.21144867724867727,0.21320370370370373,0.21410105820105826,0.21545873015873016,0.2176677248677249,0.22141164021164011,0.21489047619047622,Female,24,Adult,Adult,E,NC,ees12f24_250Hz_gu2_AEP.conn
MMS14F25,mms14f25_250Hz_gu3_AEP.conn,gu3,0.31769259259259264,0.3147370370370371,0.31989259259259256,0.3225666666666667,0.32526296296296303,0.3360185185185185,0.3309296296296296,0.3203185185185185,0.32765185185185186,0.33221111111111107,0.33217777777777785,0.33337777777777783,0.3395444444444444,0.32894074074074076,0.3365370370370371,0.3340311111111111,0.3308977777777778,0.33124000000000003,0.33187333333333335,0.33069555555555563,0.33469333333333334,0.33604222222222224,0.3339844444444445,0.3310044444444444,0.3175711111111111,0.31725333333333333,0.3157155555555556,0.3268355555555556,0.3222511111111111,0.32357111111111114,0.26910666666666666,0.26706,0.2695133333333333,0.2718688888888889,0.27149555555555555,0.26299555555555554,0.2615133333333333,0.2665533333333333,0.27158,0.26177333333333336,0.2612377777777778,0.2626311111111111,0.2525733333333333,0.2599622222222223,0.26232444444444447,0.29725079365079365,0.29506269841269844,0.2948166666666667,0.29479761904761903,0.2925761904761905,0.29878253968253965,0.29792857142857143,0.2997492063492063,0.3015150793650793,0.31153888888888887,0.3097722222222222,0.31012222222222224,0.3102515873015873,0.3135523809523809,0.31038253968253965,0.26218888888888886,0.26488518518518517,0.26361851851851853,0.2621907407407407,0.2656592592592593,0.26913888888888887,0.26669814814814813,0.2666611111111111,0.2679537037037037,0.2652166666666667,0.26173148148148145,0.259037037037037,0.26108703703703706,0.2674185185185185,0.2600666666666666,0.28632275132275137,0.2848671957671958,0.28094179894179894,0.2803640211640212,0.28324708994708997,0.28370952380952386,0.28593386243386243,0.2870412698412698,0.28603544973544975,0.2886153439153439,0.28308042328042327,0.2837555555555556,0.2884804232804233,0.2886460317460317,0.2862132275132274,Female,25,Adult,Adult,C,C,mms14f25_250Hz_gu2_AEP.conn
EES22M27,EES22M27_250Hz_gu3_AEP.conn,gu3,0.18154814814814815,0.18544814814814817,0.18895555555555554,0.19116296296296298,0.19286296296296293,0.1769629629629629,0.1855888888888889,0.18814814814814818,0.21630000000000002,0.2136,0.2151925925925926,0.21802592592592593,0.2244962962962963,0.22174444444444444,0.2178851851851852,0.2682888888888889,0.2661511111111111,0.2686155555555555,0.26983555555555555,0.2720533333333333,0.26979333333333333,0.27084888888888886,0.26482666666666665,0.25821111111111117,0.26013111111111115,0.26120444444444446,0.26193777777777777,0.2686688888888889,0.2624288888888889,0.24977333333333335,0.2183311111111111,0.21992444444444445,0.22133333333333338,0.21954444444444446,0.22156222222222227,0.2218577777777778,0.2194377777777778,0.21593777777777778,0.2127555555555556,0.22604000000000002,0.2232,0.2195511111111111,0.22981111111111113,0.2276622222222222,0.22170666666666666,0.2585976190476191,0.25730555555555557,0.2556380952380953,0.2544357142857143,0.25501825396825406,0.26075873015873013,0.26194523809523806,0.26183730158730156,0.26063412698412697,0.27079603174603173,0.26849047619047617,0.2682198412698414,0.27569603174603174,0.2746277777777778,0.26876825396825393,0.23362962962962963,0.23072037037037038,0.23298333333333335,0.2316925925925926,0.22979259259259258,0.23420185185185183,0.23786666666666667,0.240212962962963,0.24158888888888888,0.24190370370370373,0.24480555555555558,0.24614444444444442,0.2449962962962963,0.24911666666666665,0.251362962962963,0.19354391534391535,0.1940809523809524,0.19305343915343912,0.1926624338624339,0.19174021164021163,0.19485820105820104,0.19544074074074078,0.19532910052910055,0.19593068783068782,0.20222857142857145,0.20224708994708995,0.20146137566137567,0.20039365079365085,0.2014021164021164,0.20683862433862432,Male,27,Adult,Adult,E,NC,EES22M27_250Hz_gu2_AEP.conn
MMS10F23,mms10f23_250Hz_gu3_AEP.conn,gu3,0.2775518518518518,0.27793333333333337,0.2808703703703704,0.2819148148148148,0.2839851851851852,0.2935777777777779,0.2972814814814814,0.2995444444444444,0.32454444444444447,0.31155925925925926,0.31403333333333333,0.3157111111111111,0.333437037037037,0.3310185185185185,0.3274037037037037,0.3033577777777778,0.2946666666666667,0.29001777777777776,0.28855333333333333,0.2899555555555556,0.30499777777777776,0.30628,0.30460444444444446,0.30217555555555553,0.2852266666666667,0.2842755555555555,0.2868555555555556,0.3063911111111111,0.3028755555555556,0.2937711111111111,0.2688111111111111,0.26652888888888887,0.26034888888888885,0.2573333333333333,0.2545711111111111,0.2710444444444445,0.26946444444444445,0.26584,0.2631155555555556,0.24901555555555555,0.24064444444444438,0.24277111111111113,0.26272888888888885,0.25668,0.2453444444444445,0.24375476190476195,0.24537301587301585,0.24482460317460314,0.2442642857142858,0.24456587301587301,0.2504349206349206,0.2507047619047619,0.24581984126984122,0.24548650793650792,0.25791507936507935,0.2586206349206349,0.25943253968253965,0.2718730158730159,0.2661039682539682,0.25685079365079366,0.24842777777777778,0.246787037037037,0.2518222222222222,0.2507333333333333,0.2457074074074074,0.2544666666666667,0.24876296296296294,0.24114074074074077,0.2377425925925926,0.2519314814814815,0.2526703703703704,0.2500685185185185,0.26234444444444444,0.2534222222222222,0.24251296296296299,0.21833068783068785,0.21841481481481478,0.2192169312169312,0.22172645502645505,0.22025608465608468,0.22513650793650797,0.22396719576719576,0.2207074074074074,0.22095820105820108,0.22056984126984125,0.2242132275132275,0.2269063492063491,0.22873227513227512,0.22439206349206348,0.22281216931216935,Female,23,Adult,Adult,C,C,mms10f23_250Hz_gu2_AEP.conn
MMS08M24,mms08m24_250Hz_gu3_AEP.conn,gu3,0.2782185185185185,0.26849259259259256,0.26203703703703707,0.2643222222222222,0.2636148148148148,0.2621481481481482,0.2614962962962963,0.26364814814814813,0.2871444444444444,0.2766851851851852,0.27127037037037044,0.2763740740740741,0.2731037037037037,0.2776851851851852,0.27208518518518515,0.3102155555555556,0.3070777777777778,0.3051288888888889,0.30250666666666665,0.3013,0.30847777777777774,0.30351333333333336,0.3019466666666667,0.30272888888888894,0.2932488888888889,0.2893422222222223,0.2852911111111111,0.2938155555555556,0.29372000000000004,0.2849244444444444,0.2592955555555555,0.2584177777777778,0.25722,0.25548444444444446,0.2551688888888889,0.25090444444444443,0.24997555555555556,0.2510911111111111,0.2534355555555556,0.24589333333333335,0.24497555555555556,0.24316222222222228,0.23589777777777776,0.2393933333333333,0.23779555555555554,0.24661746031746037,0.24716031746031747,0.24544126984126985,0.24318333333333333,0.2422230158730159,0.24651984126984125,0.2472309523809524,0.24713730158730157,0.24342539682539682,0.26526507936507937,0.2640603174603175,0.26304920634920637,0.2649253968253968,0.26358571428571426,0.2649777777777778,0.20823518518518522,0.2048074074074074,0.20056111111111116,0.19895925925925928,0.19803888888888888,0.2026351851851852,0.2023851851851852,0.20248333333333335,0.20129629629629628,0.22163148148148146,0.21581851851851852,0.21289629629629628,0.21210555555555555,0.21080925925925928,0.2110833333333333,0.18524021164021165,0.18454179894179898,0.18452222222222223,0.18273862433862437,0.18030105820105818,0.1825084656084656,0.18084179894179894,0.17877671957671953,0.17933015873015873,0.19784761904761905,0.1968597883597884,0.1951973544973545,0.19466560846560846,0.19416349206349212,0.19635238095238097,Male,24,Adult,Adult,C,C,mms08m24_250Hz_gu2_AEP.conn
MMS12M23,mms12m23_250Hz_gu3_AEP.conn,gu3,0.30134074074074074,0.3052592592592593,0.30523703703703703,0.30690740740740746,0.30374074074074076,0.29843703703703706,0.3030111111111112,0.30302222222222225,0.31015185185185185,0.3224518518518518,0.3212444444444444,0.3218592592592593,0.3139222222222222,0.31485555555555556,0.3193111111111111,0.30738,0.3056422222222222,0.30530666666666667,0.3033777777777778,0.30095555555555553,0.3094444444444444,0.3086311111111111,0.30340888888888895,0.29914,0.29838444444444445,0.2989222222222222,0.296,0.2994955555555555,0.29400222222222216,0.2980244444444444,0.20531111111111108,0.19977555555555557,0.1966688888888889,0.1968866666666667,0.19559777777777781,0.19335555555555556,0.1929622222222222,0.19314222222222224,0.19307333333333335,0.19195777777777778,0.19130666666666668,0.19001555555555555,0.1943311111111111,0.18961333333333336,0.19680222222222227,0.24519761904761905,0.24497936507936505,0.24861984126984124,0.25221587301587306,0.2528373015873015,0.24918333333333334,0.25095,0.2538309523809524,0.25242460317460313,0.2635904761904762,0.26545238095238094,0.26781349206349203,0.2684055555555555,0.26898730158730155,0.2639095238095238,0.24125740740740742,0.2436074074074074,0.251937037037037,0.2551277777777778,0.24928333333333333,0.25384074074074076,0.250087037037037,0.2521388888888889,0.25084074074074075,0.2582981481481481,0.2638666666666667,0.26480185185185184,0.2631444444444444,0.25846296296296295,0.25573703703703704,0.24123439153439155,0.2424751322751323,0.24512433862433858,0.24651005291005287,0.24645661375661376,0.24877883597883596,0.2475693121693122,0.24708888888888886,0.24667195767195774,0.2536597883597884,0.2544301587301587,0.25532592592592596,0.2536994708994709,0.253889417989418,0.2554486772486772,Male,23,Adult,Adult,C,C,mms12m23_250Hz_gu2_AEP.conn
MMS13F24,mms13f24_250Hz_gu3_AEP.conn,gu3,0.20250740740740744,0.20227777777777778,0.1985444444444445,0.19262222222222222,0.19205555555555556,0.20201111111111114,0.20530370370370368,0.20197037037037036,0.22197407407407407,0.22501111111111108,0.22543703703703702,0.2263777777777778,0.23404444444444442,0.2265962962962963,0.22378148148148147,0.2502422222222222,0.2479622222222222,0.24562222222222224,0.24015333333333336,0.2379088888888889,0.24716,0.2497288888888889,0.25532,0.25316444444444447,0.24104,0.2431888888888889,0.24192222222222223,0.24674888888888885,0.2528733333333334,0.24296444444444446,0.19794444444444442,0.19856222222222225,0.20258666666666664,0.20479777777777777,0.2118377777777778,0.1933266666666667,0.19362222222222222,0.19804444444444444,0.20299555555555554,0.1899177777777778,0.19877333333333333,0.20441555555555557,0.1803777777777778,0.18941999999999998,0.20380444444444445,0.21757222222222228,0.21331269841269843,0.21143730158730153,0.21244285714285716,0.21799285714285718,0.2086730158730159,0.2122238095238095,0.21499126984126987,0.2166920634920635,0.22792777777777773,0.2265404761904762,0.22825,0.22382857142857143,0.22741031746031748,0.22648571428571432,0.20487407407407407,0.20134444444444444,0.20444074074074073,0.20423518518518516,0.20529074074074072,0.19861666666666666,0.20027592592592594,0.19908888888888887,0.19747222222222224,0.20324259259259259,0.20412407407407407,0.20761666666666664,0.20068333333333332,0.20272037037037038,0.20839814814814814,0.1887857142857143,0.1864772486772487,0.18521005291005288,0.1867603174603175,0.18627513227513223,0.18669841269841272,0.18686666666666665,0.18966243386243387,0.1911126984126984,0.19466137566137562,0.19470687830687827,0.1963380952380952,0.1956550264550265,0.19972010582010574,0.19304179894179901,Female,24,Adult,Adult,C,C,mms13f24_250Hz_gu2_AEP.conn
MMS17M25,mms17m25_250Hz_gu3_AEP.conn,gu3,0.26944444444444443,0.26857037037037035,0.2664555555555555,0.26571111111111106,0.2633185185185185,0.2795666666666667,0.2762296296296296,0.27197037037037036,0.2918222222222222,0.2844666666666667,0.28327407407407407,0.2803925925925926,0.28800740740740743,0.28631481481481486,0.2799074074074074,0.3021155555555556,0.30364222222222226,0.3027311111111112,0.29894,0.29804444444444445,0.3082488888888889,0.30639555555555553,0.3044933333333334,0.3073088888888889,0.30279333333333336,0.3027266666666667,0.29919333333333337,0.30852444444444443,0.3098355555555556,0.30833777777777777,0.3119711111111111,0.3148,0.31406,0.30991111111111114,0.3094355555555556,0.3051911111111111,0.29837555555555556,0.29504,0.3001577777777778,0.2952333333333333,0.29685555555555554,0.29388666666666674,0.28030444444444447,0.27928000000000003,0.2929088888888889,0.3248722222222222,0.3254634920634921,0.32693730158730155,0.3275119047619048,0.328334126984127,0.32595476190476186,0.3241714285714285,0.3253174603174603,0.3238912698412698,0.34637857142857137,0.34755,0.3461880952380952,0.34432539682539687,0.3421515873015873,0.34775317460317456,0.32426481481481484,0.3265129629629629,0.324462962962963,0.3191740740740741,0.313612962962963,0.3218481481481481,0.3227481481481482,0.32405185185185187,0.31739259259259256,0.3387407407407408,0.3350203703703703,0.33155,0.3360666666666667,0.3299740740740741,0.32695555555555555,0.2819338624338624,0.28346349206349214,0.2858597883597883,0.2855619047619048,0.28395608465608474,0.28518306878306876,0.28143492063492065,0.28092433862433863,0.2828232804232804,0.29044126984126983,0.2931037037037037,0.2926671957671957,0.29187354497354495,0.2919534391534391,0.2921222222222222,Male,25,Adult,Adult,C,C,mms17m25_250Hz_gu2_AEP.conn
EES19F33,EES19f33_250Hz_gu3_AEP.conn,gu3,0.17205185185185182,0.1685222222222222,0.1662222222222222,0.16787407407407406,0.1653222222222222,0.17712222222222218,0.16943333333333332,0.17255555555555557,0.2074148148148148,0.19562222222222223,0.19537777777777776,0.19518888888888888,0.19397777777777778,0.19755555555555557,0.2038888888888889,0.25018666666666667,0.25110888888888894,0.25547555555555557,0.26108,0.25990444444444444,0.2564666666666667,0.2605711111111111,0.25948,0.24788888888888888,0.24233777777777776,0.25037777777777775,0.25616000000000005,0.2557088888888889,0.25932222222222223,0.24687111111111112,0.19785111111111112,0.19868000000000002,0.1991688888888889,0.20154444444444444,0.20384222222222217,0.20735333333333333,0.2087933333333333,0.20834666666666668,0.20081555555555552,0.19783333333333333,0.2026133333333333,0.2057911111111111,0.20373999999999995,0.20443555555555554,0.20765111111111115,0.23804920634920632,0.23980634920634916,0.2400380952380953,0.24230476190476188,0.24251904761904766,0.2351492063492063,0.23534761904761908,0.23853333333333332,0.23707460317460313,0.2501484126984127,0.25034047619047617,0.2561452380952381,0.2538912698412698,0.25208412698412697,0.2476452380952381,0.21864444444444442,0.22561666666666666,0.22750740740740738,0.23512222222222223,0.2429351851851852,0.22080925925925923,0.22611666666666666,0.23587592592592596,0.23631296296296292,0.23110185185185186,0.23680185185185185,0.24427592592592595,0.23417407407407406,0.2358314814814815,0.23496666666666668,0.23327619047619047,0.23243280423280419,0.2320232804232804,0.23156296296296297,0.23490105820105822,0.22740000000000002,0.23174021164021164,0.2359010582010582,0.23745449735449733,0.24205502645502644,0.23972857142857143,0.23863968253968254,0.239089417989418,0.2434656084656084,0.2433502645502645,Female,33,Adult,Adult,E,NC,EES19f33_250Hz_gu2_AEP.conn
MMS15M25,mms15m25_250Hz_gu3_AEP.conn,gu3,0.270037037037037,0.2723666666666667,0.2743555555555556,0.2773777777777778,0.2773629629629629,0.26768888888888887,0.2694962962962963,0.267237037037037,0.2835259259259259,0.2845814814814815,0.2858296296296296,0.2854444444444444,0.2796518518518518,0.28111481481481476,0.28492222222222224,0.28362444444444446,0.2869466666666667,0.2850355555555556,0.28243777777777773,0.2821066666666666,0.27998222222222224,0.27839111111111114,0.2741733333333333,0.2742355555555555,0.2739777777777778,0.2726533333333333,0.2679511111111111,0.27226,0.26799999999999996,0.2644088888888889,0.22759555555555555,0.23048888888888888,0.22556222222222222,0.21914444444444445,0.22011777777777777,0.23284444444444446,0.2313822222222222,0.23231333333333332,0.2327533333333333,0.22002444444444444,0.2166377777777778,0.20850666666666667,0.22665777777777776,0.22997777777777775,0.2191311111111111,0.25560396825396825,0.25640793650793653,0.25602777777777774,0.2553492063492064,0.25531269841269844,0.2543738095238095,0.2536126984126984,0.257665873015873,0.2598230158730159,0.2705190476190476,0.27015476190476184,0.26948412698412694,0.2691753968253968,0.27148333333333335,0.2676095238095238,0.26424999999999993,0.26484444444444444,0.2636092592592593,0.26439074074074076,0.2621537037037037,0.2590685185185185,0.2589555555555556,0.2692925925925926,0.2716537037037037,0.28116481481481487,0.27878703703703706,0.2792925925925926,0.27837407407407405,0.28183703703703705,0.27219444444444446,0.24104550264550265,0.24180846560846567,0.2418698412698413,0.2391185185185185,0.23763386243386242,0.23845767195767195,0.23938941798941796,0.2404740740740741,0.2409275132275132,0.254184126984127,0.2529068783068783,0.25042962962962967,0.2534105820105821,0.25383280423280424,0.2512291005291005,Male,25,Adult,Adult,C,C,mms15m25_250Hz_gu2_AEP.conn
EES13M27,ees13m27_250Hz_gu3_AEP.conn,gu3,0.2562814814814815,0.2546037037037037,0.2506037037037037,0.2463962962962963,0.23855185185185182,0.24706296296296296,0.25416666666666665,0.2510148148148148,0.26563333333333333,0.29035185185185186,0.2847111111111111,0.2774185185185185,0.2850333333333333,0.28384074074074067,0.2985407407407407,0.2618866666666667,0.25829111111111114,0.26102444444444445,0.26587333333333335,0.26482222222222224,0.2647977777777778,0.26387777777777777,0.25977555555555554,0.2627488888888889,0.25909777777777776,0.2608088888888889,0.2645644444444445,0.25111333333333336,0.25045555555555554,0.2568977777777778,0.18945777777777778,0.1870422222222222,0.18927999999999998,0.19354444444444446,0.19489999999999996,0.20586666666666664,0.2103911111111111,0.21173777777777775,0.20621555555555554,0.18725555555555556,0.18656,0.18910888888888888,0.19963777777777778,0.1973888888888889,0.18139111111111111,0.23365,0.23392698412698412,0.23440238095238092,0.23079523809523808,0.230634126984127,0.23595634920634923,0.2315,0.2284984126984127,0.23148730158730157,0.24124047619047623,0.24197619047619048,0.23952460317460314,0.24396190476190477,0.24123015873015868,0.2384206349206349,0.22870555555555558,0.22604074074074076,0.21856851851851852,0.21689629629629628,0.2219888888888889,0.2227907407407407,0.2205722222222222,0.2240537037037037,0.2250185185185185,0.23151296296296298,0.22614259259259253,0.22592037037037038,0.2354166666666667,0.23729814814814812,0.22690185185185183,0.220089417989418,0.2219095238095238,0.22108783068783072,0.22098359788359795,0.22238412698412696,0.2208910052910053,0.22095608465608463,0.22064391534391534,0.2187074074074074,0.2314285714285714,0.23222645502645498,0.23253862433862432,0.23443968253968253,0.2342761904761905,0.2301814814814815,Male,27,Adult,Adult,E,NC,ees13m27_250Hz_gu2_AEP.conn
MMS07F25A,mms07f25A_250Hz_gu3_AEP.conn,gu3,0.15678518518518517,0.15912222222222222,0.16228518518518517,0.1621074074074074,0.15977407407407407,0.16103703703703703,0.17223333333333332,0.18788518518518516,0.21696296296296294,0.19004074074074073,0.19466666666666665,0.19621851851851854,0.2064962962962963,0.21609629629629631,0.19518888888888888,0.21762,0.21948666666666666,0.2216955555555556,0.22424222222222223,0.2242022222222222,0.21871111111111108,0.2170177777777778,0.21468444444444446,0.22005333333333335,0.2183,0.22285333333333335,0.22838666666666668,0.22444444444444445,0.22335777777777777,0.22298444444444449,0.1972755555555555,0.19341555555555556,0.19312444444444443,0.19490666666666664,0.18896666666666664,0.1943088888888889,0.19007111111111114,0.1846711111111111,0.18560666666666667,0.19156222222222222,0.19109555555555555,0.19233111111111106,0.2021066666666667,0.19699777777777777,0.18632666666666667,0.2130087301587302,0.21439285714285714,0.21402698412698412,0.2126873015873016,0.21269920634920636,0.21090238095238092,0.20753650793650794,0.20597460317460317,0.2033730158730159,0.23186349206349208,0.23208730158730156,0.23072539682539683,0.22801666666666667,0.22135634920634925,0.22919682539682537,0.2325962962962963,0.23379259259259264,0.23561666666666667,0.23607222222222224,0.23329444444444444,0.24377777777777776,0.23854444444444442,0.2393314814814815,0.23706296296296295,0.2535,0.25351851851851853,0.25419444444444445,0.26036851851851855,0.25265000000000004,0.24605000000000002,0.2090227513227513,0.20962116402116399,0.20764867724867725,0.20419735449735452,0.20347301587301592,0.2053798941798942,0.2039164021164022,0.20309206349206355,0.20307301587301585,0.2145285714285714,0.21260264550264557,0.21186031746031747,0.21193386243386247,0.21033597883597885,0.20937513227513224,Female,25,Adult,Adult,C,C,mms07f25A_250Hz_gu2_AEP.conn
EES11M35,ees11m35_250Hz_gu3_AEP.conn,gu3,0.23128148148148145,0.24495925925925924,0.23359999999999995,0.23925185185185185,0.23817777777777774,0.22840000000000002,0.21888148148148145,0.21881851851851852,0.26515185185185186,0.26725185185185185,0.26375925925925925,0.2743,0.25284814814814816,0.2549888888888889,0.2643555555555555,0.2664422222222222,0.27230666666666664,0.26530444444444445,0.2667288888888889,0.2703133333333333,0.2672088888888889,0.26695555555555556,0.2705222222222222,0.27598,0.2669911111111111,0.2638377777777777,0.26716666666666666,0.26515333333333335,0.27158,0.2660222222222222,0.24925777777777774,0.2521377777777778,0.24637111111111115,0.25334666666666666,0.24516444444444438,0.25346888888888885,0.24274888888888885,0.2420288888888889,0.2445444444444444,0.24844888888888886,0.23889777777777774,0.2441155555555555,0.23136444444444448,0.23121333333333333,0.2376777777777778,0.26271111111111106,0.2677206349206349,0.2689246031746032,0.2714380952380952,0.26590238095238095,0.25818650793650794,0.2632880952380952,0.2717150793650794,0.27506587301587304,0.285247619047619,0.28357539682539684,0.28951190476190475,0.2797595238095238,0.2888460317460318,0.28317380952380955,0.25987037037037036,0.2525703703703704,0.2569074074074074,0.25642037037037035,0.2544,0.25060925925925925,0.2498611111111111,0.2527388888888889,0.2574407407407408,0.26480555555555557,0.2704259259259259,0.27276111111111107,0.25561666666666666,0.25710185185185186,0.26567407407407406,0.20794761904761905,0.2065814814814815,0.21027248677248678,0.20840423280423284,0.21102010582010583,0.20302010582010582,0.20433068783068783,0.2038698412698412,0.20423386243386243,0.2162380952380952,0.22050476190476187,0.2171857142857143,0.21266560846560847,0.21268571428571428,0.21878412698412697,Male,35,Adult,Adult,E,NC,ees11m35_250Hz_gu2_AEP.conn
EES16F34,EES16f34_250Hz_gu3_AEP.conn,gu3,0.27256296296296295,0.27164814814814814,0.2655703703703704,0.2619444444444445,0.25605185185185186,0.24933703703703705,0.2528074074074074,0.2581296296296296,0.2778111111111111,0.27918888888888893,0.2760740740740741,0.27589629629629625,0.27066296296296294,0.2740666666666667,0.26982962962962964,0.29756222222222223,0.29585555555555554,0.29540222222222223,0.29880888888888885,0.3004844444444445,0.29128222222222216,0.2930066666666667,0.3024444444444444,0.30289555555555553,0.28501777777777776,0.2872155555555555,0.29085555555555553,0.28982222222222226,0.29365555555555556,0.2855311111111111,0.2588977777777778,0.25666666666666665,0.2552688888888889,0.26039555555555555,0.26452444444444445,0.2635088888888889,0.2628666666666667,0.26035555555555556,0.2589444444444445,0.23304888888888886,0.2320333333333333,0.23890666666666666,0.24893111111111113,0.24406,0.2284733333333333,0.2312690476190476,0.22882539682539682,0.2251714285714286,0.22520634920634922,0.22247301587301588,0.2235761904761905,0.2248484126984127,0.22785476190476192,0.22731111111111116,0.23962857142857136,0.23833412698412704,0.23807142857142857,0.23246746031746035,0.23640555555555554,0.23781190476190472,0.2433462962962963,0.24179444444444445,0.24007222222222224,0.24086851851851854,0.24426111111111112,0.2523296296296296,0.2545592592592592,0.25509444444444446,0.2592777777777778,0.2567888888888889,0.25283148148148143,0.252187037037037,0.2542777777777778,0.2579925925925926,0.2526407407407408,0.21503280423280421,0.2166507936507937,0.2188973544973545,0.22048148148148147,0.219147619047619,0.2127566137566138,0.21232539682539683,0.21390211640211637,0.2148835978835979,0.22323227513227517,0.2253671957671958,0.22748518518518518,0.22103121693121697,0.22314603174603168,0.22211216931216932,Female,34,Adult,Adult,E,NC,EES16f34_250Hz_gu2_AEP.conn
MMS19F30,mms19f30_250Hz_gu3_AEP.conn,gu3,0.20748148148148152,0.21402592592592593,0.2210592592592593,0.22468518518518518,0.22751111111111114,0.23593333333333333,0.23341481481481482,0.23304814814814812,0.26499629629629634,0.2529592592592593,0.26322222222222225,0.26740740740740737,0.2674888888888889,0.2648,0.2703111111111111,0.3001488888888889,0.29648,0.29661111111111116,0.2954866666666667,0.2957088888888889,0.30534222222222224,0.3031711111111111,0.30076,0.29817111111111116,0.3072111111111111,0.30460000000000004,0.3023600000000001,0.3126933333333334,0.30841555555555555,0.3057666666666667,0.24898444444444445,0.24924000000000004,0.2523422222222222,0.25484222222222225,0.2527111111111111,0.24881999999999999,0.2471688888888889,0.24828222222222224,0.24629555555555557,0.2496111111111111,0.25315777777777776,0.2603488888888889,0.25479111111111113,0.25659333333333334,0.24959333333333333,0.23926031746031745,0.24014920634920633,0.23788492063492064,0.23617698412698415,0.23502460317460314,0.23485396825396826,0.2358650793650794,0.23365793650793656,0.2342134920634921,0.25330555555555556,0.25218492063492065,0.25012222222222225,0.24823730158730156,0.24773095238095236,0.24889206349206347,0.26331666666666664,0.26120370370370377,0.2575111111111111,0.25623148148148145,0.25818703703703705,0.26348518518518516,0.25915555555555553,0.25720925925925925,0.25653333333333334,0.2720037037037037,0.26684444444444444,0.26770925925925926,0.26485000000000003,0.2646074074074074,0.2659277777777778,0.2662253968253968,0.2683359788359788,0.26999841269841274,0.26975661375661375,0.2687957671957672,0.2680433862433863,0.26793597883597886,0.2667037037037036,0.2679915343915344,0.2732910052910053,0.2749126984126984,0.27345132275132283,0.2735285714285714,0.2737518518518519,0.27380000000000004,Female,30,Adult,Adult,C,C,mms19f30_250Hz_gu2_AEP.conn
MMS09F24,mms09f24_250Hz_gu3_AEP.conn,gu3,0.2501296296296296,0.25010740740740744,0.25222222222222224,0.25552592592592593,0.2561925925925926,0.2392962962962963,0.24588518518518518,0.2473296296296296,0.264062962962963,0.2710518518518518,0.26809629629629633,0.2668037037037037,0.26628888888888885,0.2664740740740741,0.26247777777777775,0.2632088888888889,0.26436666666666664,0.2662466666666667,0.2678355555555556,0.2683688888888889,0.25634666666666667,0.25718888888888886,0.2593311111111111,0.2601355555555556,0.25887333333333334,0.2600622222222222,0.2608888888888889,0.2597222222222222,0.2621755555555555,0.2542066666666667,0.21516444444444444,0.21836444444444444,0.2242022222222222,0.22908,0.22968444444444444,0.21712000000000004,0.22132000000000002,0.2284688888888889,0.23163333333333336,0.21148888888888892,0.21467555555555556,0.21614444444444447,0.21603111111111115,0.2213977777777778,0.21425333333333332,0.24644206349206346,0.24388253968253973,0.24449523809523807,0.24697460317460318,0.24852619047619048,0.24674761904761902,0.24654365079365084,0.24755317460317455,0.24966746031746032,0.26039841269841263,0.25978968253968254,0.26018095238095246,0.26521984126984127,0.2680071428571429,0.2629007936507936,0.26074259259259264,0.25985370370370375,0.25775,0.260962962962963,0.2598944444444445,0.2587259259259259,0.2577851851851852,0.26041666666666663,0.2608111111111111,0.2673814814814815,0.2672722222222222,0.2705796296296296,0.2722907407407407,0.27524444444444446,0.26110925925925926,0.22490370370370374,0.2261343915343915,0.22762539682539687,0.22865978835978837,0.23096878306878307,0.2274513227513227,0.22871375661375654,0.22759947089947086,0.22539259259259264,0.23731746031746034,0.23831058201058206,0.23863492063492062,0.23875925925925925,0.23679259259259264,0.235925925925926,Female,24,Adult,Adult,C,C,mms09f24_250Hz_gu2_AEP.conn
EES17F38,EES17F38_250Hz_gu3_AEP.conn,gu3,0.14896296296296296,0.14854444444444445,0.14942592592592593,0.15114444444444444,0.1529703703703704,0.15022222222222223,0.14607037037037038,0.1496925925925926,0.18355185185185183,0.1824259259259259,0.18043703703703703,0.1788814814814815,0.17604814814814815,0.1802222222222222,0.17684444444444444,0.21360444444444449,0.21435777777777779,0.21952666666666665,0.22126444444444443,0.22049555555555558,0.22344444444444447,0.2288466666666667,0.22978,0.2272911111111111,0.21474444444444446,0.21716666666666665,0.2178288888888889,0.2365511111111111,0.23493333333333336,0.21325333333333335,0.16131333333333334,0.1569488888888889,0.1526777777777778,0.15376444444444443,0.1545888888888889,0.17206444444444446,0.17360000000000003,0.17126444444444447,0.16458888888888887,0.15174222222222222,0.14551999999999998,0.14549555555555557,0.1624,0.16291333333333333,0.14332222222222224,0.20493571428571428,0.20466428571428572,0.20538333333333333,0.20705714285714283,0.20857142857142857,0.21281825396825396,0.21472301587301595,0.21577380952380953,0.2146047619047619,0.22355396825396823,0.2235452380952381,0.22304126984126985,0.22500396825396832,0.22525793650793655,0.22321825396825395,0.23270925925925925,0.23036851851851856,0.2308,0.23419444444444446,0.2322740740740741,0.23744444444444446,0.2419185185185185,0.24581666666666666,0.24594259259259257,0.2350777777777778,0.2331333333333333,0.23602962962962962,0.24765000000000004,0.24636851851851851,0.22997037037037035,0.18865079365079368,0.18857989417989418,0.19143544973544976,0.1947449735449735,0.19574285714285714,0.19975661375661377,0.19693121693121687,0.19676031746031744,0.1989777777777778,0.1980079365079365,0.2007550264550264,0.2030825396825397,0.20409312169312174,0.20583227513227503,0.20104338624338633,Female,38,Adult,Adult,E,NC,EES17F38_250Hz_gu2_AEP.conn
MMS06M22,mms06m22_250Hz_gu3_AEP.conn,gu3,0.2119925925925926,0.21002592592592592,0.20922592592592593,0.2066037037037037,0.20720740740740742,0.2042703703703704,0.20956296296296295,0.21389999999999998,0.2373259259259259,0.22922592592592592,0.22555925925925924,0.22403703703703703,0.23714444444444446,0.23823703703703702,0.22402592592592596,0.22476,0.22427333333333332,0.2273711111111111,0.23306,0.23251333333333335,0.22562222222222225,0.2237222222222222,0.22086444444444445,0.21656,0.21484444444444445,0.21622666666666665,0.22067555555555557,0.21748666666666666,0.21579555555555557,0.21756000000000003,0.18884444444444443,0.18772444444444444,0.18970444444444445,0.19417777777777778,0.1960688888888889,0.20085333333333333,0.2040622222222222,0.2052088888888889,0.20281999999999994,0.19450000000000003,0.19510444444444444,0.19447333333333333,0.19993777777777777,0.1991822222222222,0.20215999999999998,0.25096031746031744,0.25205873015873015,0.25104523809523815,0.25070873015873013,0.2524515873015873,0.2563666666666667,0.2568380952380952,0.2554198412698413,0.256665873015873,0.26890555555555556,0.267731746031746,0.266352380952381,0.2724357142857142,0.2713928571428571,0.2710261904761904,0.2522888888888889,0.2547481481481481,0.25451296296296294,0.2547407407407407,0.2562296296296296,0.2614592592592592,0.2603166666666667,0.259212962962963,0.2581537037037037,0.2632185185185185,0.26529814814814817,0.2656148148148148,0.2684796296296296,0.26895,0.2595611111111111,0.22139682539682537,0.22159788359788357,0.2204925925925926,0.21943015873015867,0.22113915343915347,0.2236814814814815,0.2232338624338624,0.22264285714285717,0.22239947089947085,0.2333603174603175,0.23191269841269843,0.23244973544973543,0.23484973544973547,0.2348777777777777,0.23147883597883603,Male,22,Adult,Tertiary,C,C,mms06m22_250Hz_gu2_AEP.conn
EES06F24,ees06f24_250Hz_gu3_AEP.conn,gu3,0.2797666666666667,0.2740888888888889,0.27325185185185186,0.27422962962962966,0.2763,0.2887222222222222,0.2864962962962963,0.29018518518518527,0.31028148148148144,0.29489259259259265,0.29648888888888886,0.2971333333333333,0.30299629629629626,0.30552222222222225,0.3004592592592592,0.27142222222222223,0.2686933333333334,0.2673155555555556,0.2694977777777777,0.2732311111111111,0.25862666666666667,0.2598111111111111,0.2631088888888889,0.2655844444444444,0.2596577777777778,0.25602222222222226,0.2545133333333333,0.25453333333333333,0.25714,0.25722222222222224,0.24271555555555557,0.24574000000000001,0.24274,0.2376933333333333,0.23399777777777775,0.24319333333333332,0.24319111111111108,0.24225555555555553,0.23963111111111107,0.22322222222222227,0.22519111111111112,0.22236444444444445,0.21405555555555558,0.21443333333333334,0.21939333333333333,0.25443174603174606,0.2545246031746032,0.2537984126984127,0.2526785714285715,0.25276507936507936,0.2588079365079365,0.2586253968253968,0.2591769841269841,0.25830555555555557,0.26658412698412703,0.2661460317460317,0.26465,0.2718706349206349,0.2700126984126984,0.266952380952381,0.22110925925925928,0.22043888888888893,0.2167111111111111,0.21517777777777777,0.21454074074074073,0.22073518518518517,0.21888703703703705,0.2278462962962963,0.22900925925925927,0.23531666666666665,0.23422037037037038,0.23030000000000003,0.22827037037037035,0.22993703703703702,0.22899444444444442,0.22195291005291007,0.22171481481481484,0.2190095238095238,0.21932592592592587,0.21941746031746032,0.21981904761904764,0.22047671957671952,0.2202687830687831,0.21973015873015875,0.2294962962962963,0.22858359788359786,0.2304037037037037,0.23018518518518521,0.22964814814814813,0.22744920634920635,Female,24,Adult,Adult,E,NC,ees06f24_250Hz_gu2_AEP.conn
EES08M41,ees08m41_250Hz_gu3_AEP.conn,gu3,0.2225259259259259,0.22128148148148144,0.22099999999999997,0.21745555555555554,0.21218148148148144,0.21817037037037038,0.21996666666666664,0.22461851851851847,0.24195925925925924,0.2396074074074074,0.2412518518518519,0.24051481481481482,0.23985555555555557,0.24491111111111108,0.24097777777777776,0.2681711111111111,0.2624244444444444,0.2592,0.25848222222222217,0.2581688888888889,0.26224666666666663,0.2603844444444444,0.26354222222222223,0.2626622222222222,0.2540911111111111,0.2525866666666666,0.2515466666666667,0.2555666666666667,0.2559177777777778,0.2553977777777778,0.22192888888888884,0.22357333333333332,0.22466,0.22333333333333333,0.22600000000000003,0.22669333333333333,0.22493777777777782,0.2221711111111111,0.22027333333333332,0.22628444444444443,0.2249733333333333,0.2201977777777778,0.2241088888888889,0.22108444444444447,0.22814,0.24485476190476188,0.24433730158730158,0.2450142857142857,0.2454579365079365,0.24443412698412698,0.2405277777777778,0.24131428571428576,0.2420539682539682,0.2438023809523809,0.25589047619047617,0.2557865079365079,0.2576119047619048,0.2569738095238095,0.2578674603174603,0.256802380952381,0.22882777777777777,0.22953888888888888,0.23064814814814813,0.2328259259259259,0.2305907407407408,0.22715925925925928,0.22815740740740742,0.22923703703703702,0.2328833333333333,0.23727407407407408,0.23834074074074074,0.24320185185185184,0.2374388888888889,0.24073703703703705,0.24071481481481483,0.22998941798941797,0.23166772486772488,0.23075132275132268,0.23118624338624338,0.2316359788359788,0.22865661375661375,0.22874232804232805,0.22830529100529104,0.22662592592592595,0.23692063492063492,0.23482486772486771,0.23445291005291,0.23695502645502647,0.23525291005291016,0.23277883597883595,Male,41,Adult,Adult,E,NC,ees08m41_250Hz_gu2_AEP.conn
EES07M34,ees07m34_250Hz_gu3_AEP.conn,gu3,0.2101481481481481,0.20111481481481483,0.20027407407407405,0.1967148148148148,0.1931222222222222,0.2066555555555555,0.20703703703703705,0.21887037037037035,0.2543407407407407,0.22758888888888892,0.2279777777777778,0.22996666666666665,0.24052962962962965,0.2488814814814815,0.2384740740740741,0.25801555555555555,0.25319777777777774,0.2565311111111111,0.26605333333333336,0.27071999999999996,0.2680311111111111,0.2646955555555556,0.2583533333333333,0.26032888888888894,0.2577844444444445,0.25954444444444447,0.2641711111111111,0.2699177777777778,0.26251555555555556,0.2651777777777778,0.21148222222222227,0.21103333333333335,0.21674444444444446,0.21660000000000004,0.21121555555555555,0.19898222222222223,0.20451555555555562,0.20463111111111112,0.20332222222222224,0.20882444444444448,0.2134822222222222,0.21597111111111106,0.2068,0.20749777777777778,0.21223777777777775,0.20039047619047617,0.198065873015873,0.1946650793650794,0.19497619047619047,0.1958730158730159,0.19083650793650792,0.19370952380952383,0.19634444444444446,0.19575476190476196,0.20868174603174602,0.20790079365079367,0.2094492063492064,0.20894047619047623,0.2117174603174603,0.20875000000000002,0.19245740740740744,0.1867074074074074,0.18243703703703704,0.18294259259259257,0.1883,0.1872222222222222,0.19053703703703703,0.18889999999999998,0.18522222222222226,0.1957777777777778,0.19201296296296297,0.1880314814814815,0.1935259259259259,0.19368518518518518,0.19119074074074074,0.1702994708994709,0.1727830687830688,0.17606613756613756,0.17677566137566136,0.17365925925925926,0.18801851851851853,0.18436402116402112,0.18024814814814819,0.17684126984126988,0.17786031746031744,0.18205925925925928,0.18391746031746034,0.18886190476190473,0.18495449735449737,0.1849783068783069,Male,34,Adult,Adult,E,NC,ees07m34_250Hz_gu2_AEP.conn
MMS11F22,mms11f22_250Hz_gu3_AEP.conn,gu3,0.23571481481481482,0.2390148148148148,0.23637777777777777,0.22755555555555554,0.22490000000000002,0.2362037037037037,0.23405555555555554,0.24055185185185182,0.26712592592592593,0.25335925925925923,0.25170740740740744,0.2515111111111111,0.2638037037037037,0.26753333333333335,0.2509777777777778,0.24497555555555556,0.24485555555555552,0.24581555555555554,0.24358,0.24268222222222224,0.25742666666666664,0.2569933333333333,0.2578311111111111,0.2590866666666667,0.24113333333333328,0.2466066666666667,0.24591555555555558,0.2599044444444445,0.2602422222222222,0.2513222222222222,0.20835777777777778,0.21065777777777778,0.21199777777777778,0.21005777777777776,0.20832222222222221,0.21426444444444442,0.21510222222222222,0.22063111111111114,0.21803999999999996,0.20515777777777772,0.20761999999999997,0.20421777777777778,0.21096222222222222,0.2134777777777778,0.2077488888888889,0.22867619047619045,0.22777619047619044,0.23002936507936508,0.23007936507936508,0.23016587301587305,0.2228888888888889,0.21923253968253967,0.22047777777777774,0.2254031746031746,0.2419785714285714,0.24315476190476187,0.2413301587301587,0.23479365079365086,0.2376595238095238,0.24068095238095238,0.23816111111111113,0.23097407407407408,0.2275111111111111,0.2268037037037037,0.23530000000000004,0.2413462962962963,0.24097222222222223,0.23907592592592594,0.23584259259259258,0.23556851851851848,0.23202962962962959,0.23168518518518522,0.23801481481481482,0.24079074074074078,0.2363314814814815,0.21842380952380952,0.21841005291005286,0.21738042328042328,0.21403915343915353,0.21313650793650785,0.21459312169312172,0.21900370370370373,0.21854285714285715,0.21788412698412696,0.22575714285714285,0.2246126984126984,0.22188253968253968,0.2252904761904762,0.2264719576719576,0.22415925925925922,Female,22,Adult,Tertiary,C,C,mms11f22_250Hz_gu2_AEP.conn
MMS16M23,mms16m23_250Hz_gu3_AEP.conn,gu3,0.27388148148148156,0.2699740740740741,0.2678074074074073,0.26405925925925927,0.2616851851851852,0.2685777777777778,0.27257407407407414,0.27490740740740743,0.28744444444444445,0.2794148148148148,0.2773222222222222,0.2732148148148148,0.29447777777777784,0.29545185185185185,0.28574074074074074,0.25596888888888897,0.2525177777777778,0.24975999999999998,0.2510266666666666,0.25657555555555556,0.26042444444444446,0.2579711111111111,0.25798888888888893,0.25932444444444447,0.2462444444444444,0.2391577777777778,0.23755999999999994,0.25167777777777783,0.25168222222222225,0.2433377777777778,0.19652000000000003,0.20064666666666664,0.2060777777777778,0.21161555555555558,0.21911333333333333,0.20588444444444445,0.20430444444444446,0.20239333333333334,0.19955777777777778,0.19593333333333335,0.19607555555555553,0.20214222222222222,0.19658444444444442,0.1961888888888889,0.1980088888888889,0.22263968253968255,0.22376031746031746,0.22408650793650797,0.22410238095238097,0.22688253968253966,0.21975238095238098,0.2235952380952381,0.22557857142857138,0.2259611111111111,0.2394849206349206,0.24006031746031747,0.24112301587301585,0.23855714285714286,0.24054444444444445,0.2393531746031746,0.2137851851851852,0.21746666666666667,0.21444259259259257,0.21263333333333334,0.20962222222222224,0.20371481481481482,0.20242222222222225,0.20393703703703703,0.20426851851851854,0.2285722222222222,0.2247666666666667,0.22490000000000002,0.2151537037037037,0.21328333333333335,0.21571666666666667,0.19796455026455026,0.19475185185185181,0.19336931216931216,0.19295343915343915,0.19334338624338626,0.1999587301587302,0.19920952380952375,0.19731534391534394,0.1970148148148148,0.19754550264550264,0.19781798941798942,0.19756190476190477,0.20342910052910054,0.20412645502645504,0.19789894179894182,Male,23,Adult,Adult,C,C,mms16m23_250Hz_gu2_AEP.conn
MMS04F25,mms04f25_250Hz_gu3_AEP.conn,gu3,0.45745925925925923,0.45830370370370366,0.45710740740740735,0.45596296296296296,0.4539037037037037,0.46264814814814814,0.46576296296296293,0.468662962962963,0.4698518518518518,0.46396296296296297,0.46217037037037034,0.4637481481481481,0.4789999999999999,0.4822555555555556,0.46618888888888893,0.4157533333333333,0.4161844444444444,0.41394666666666663,0.41749111111111115,0.41810666666666674,0.4239,0.4183866666666667,0.4162733333333334,0.41933333333333334,0.3855644444444445,0.38425333333333334,0.3910733333333333,0.39791111111111105,0.3991688888888889,0.39433333333333337,0.36099333333333333,0.3622155555555555,0.3606600000000001,0.3630977777777778,0.36526444444444445,0.37066888888888894,0.3695177777777778,0.36918444444444454,0.3661244444444444,0.35455555555555557,0.3509555555555555,0.3536133333333334,0.3598622222222222,0.3597577777777778,0.36055333333333334,0.39348492063492063,0.3944738095238095,0.39701111111111104,0.3991769841269841,0.3990912698412698,0.398431746031746,0.3993031746031746,0.3984642857142857,0.39870873015873026,0.41471190476190484,0.41441746031746024,0.4150285714285715,0.4142738095238095,0.41506190476190474,0.42387619047619046,0.3569555555555555,0.3561814814814815,0.35608703703703704,0.3592962962962963,0.3568574074074074,0.3671111111111111,0.3670962962962963,0.3654481481481482,0.36665555555555557,0.34634629629629626,0.34559999999999996,0.3464092592592592,0.35494444444444445,0.35859259259259263,0.34775925925925927,0.3543137566137566,0.35424497354497353,0.35318148148148143,0.35301481481481484,0.35159629629629624,0.3635910052910053,0.3634407407407406,0.3625740740740741,0.3619539682539682,0.35921587301587304,0.3573666666666667,0.355810582010582,0.36339047619047626,0.36273544973544974,0.3613354497354498,Female,25,Adult,Adult,C,C,mms04f25_250Hz_gu2_AEP.conn
EES21F20,EES21F20_250Hz_gu3_AEP.conn,gu3,0.18715185185185187,0.18493703703703704,0.18751851851851853,0.18750370370370373,0.18861481481481482,0.19989629629629632,0.20582222222222224,0.20841481481481483,0.22404444444444446,0.21107037037037035,0.21057037037037038,0.21188148148148153,0.2220037037037037,0.2241962962962963,0.2159925925925926,0.23438888888888892,0.23413555555555554,0.23692666666666667,0.2372111111111111,0.23850000000000002,0.23533111111111107,0.23561555555555555,0.23980444444444443,0.23628444444444446,0.22618,0.22726444444444444,0.23083111111111107,0.23409999999999997,0.24080666666666667,0.22804888888888888,0.20762666666666668,0.20441777777777775,0.20800000000000002,0.21608444444444444,0.2235955555555556,0.2088511111111111,0.21401555555555554,0.21510222222222222,0.21603777777777777,0.19443777777777776,0.1941466666666667,0.19984444444444446,0.20406888888888886,0.20534,0.19180666666666668,0.19009444444444443,0.19277460317460313,0.19736746031746036,0.2015595238095238,0.204718253968254,0.2034531746031746,0.2009515873015873,0.20095000000000002,0.20122619047619045,0.2076626984126984,0.21038015873015875,0.21382539682539686,0.2115142857142857,0.21256349206349207,0.21025079365079363,0.2179518518518518,0.22467407407407405,0.22168518518518518,0.2204574074074074,0.22186851851851855,0.22148333333333337,0.22107592592592593,0.22679259259259257,0.2304537037037037,0.23862407407407407,0.23885370370370365,0.23882222222222224,0.23696296296296296,0.23941481481481483,0.23724074074074075,0.19387089947089947,0.193910582010582,0.19231957671957678,0.18937566137566136,0.19084179894179898,0.19094232804232805,0.19344973544973548,0.1940994708994709,0.19706137566137566,0.20090105820105825,0.20147883597883595,0.20060952380952385,0.2053026455026455,0.2059222222222222,0.20333650793650793,Female,20,Adult,Tertiary,E,NC,EES21F20_250Hz_gu2_AEP.conn
EES15F31,ees15f31_250Hz_gu3_AEP.conn,gu3,0.19778148148148147,0.19021481481481484,0.18548148148148147,0.1859814814814815,0.19066296296296295,0.1982111111111111,0.19554074074074076,0.18912222222222222,0.22257407407407406,0.21471851851851853,0.21310370370370368,0.2149481481481482,0.2272111111111111,0.21895925925925921,0.2159037037037037,0.22572222222222224,0.22430444444444442,0.22570666666666667,0.2262,0.22526000000000002,0.22627555555555556,0.2247777777777778,0.22802444444444445,0.22905555555555557,0.22870888888888885,0.22954444444444447,0.23276666666666665,0.22337555555555558,0.22553111111111113,0.2234,0.17620666666666668,0.17776888888888887,0.17709999999999998,0.17270666666666665,0.16927555555555557,0.1725533333333333,0.17154666666666668,0.17137111111111109,0.16753333333333334,0.17357999999999998,0.17407777777777775,0.17369555555555555,0.16660888888888886,0.16710000000000003,0.17388444444444445,0.21159761904761906,0.2096769841269841,0.21025,0.21065873015873013,0.21134126984126986,0.21309206349206347,0.21441428571428572,0.2179222222222222,0.2168515873015873,0.22563253968253966,0.22719444444444445,0.22800952380952383,0.22845079365079363,0.22847698412698408,0.22949365079365083,0.2330537037037037,0.23217777777777773,0.23153333333333337,0.22655,0.22013703703703705,0.2292759259259259,0.22587777777777776,0.2328759259259259,0.23815925925925926,0.2511962962962963,0.2515796296296296,0.24630740740740742,0.24577037037037033,0.24784444444444442,0.24584259259259256,0.1753746031746032,0.17627195767195766,0.17643915343915348,0.17474814814814815,0.17243650793650792,0.17113492063492064,0.17145555555555556,0.17082751322751322,0.17138677248677248,0.1854671957671958,0.18646719576719573,0.18567195767195768,0.18070317460317456,0.18110582010582013,0.18287142857142857,Female,31,Adult,Adult,E,NC,ees15f31_250Hz_gu2_AEP.conn
MMS05F36,mms05f36_250Hz_gu3_AEP.conn,gu3,0.19667407407407408,0.1948888888888889,0.19547777777777778,0.19506296296296297,0.19116296296296298,0.18886296296296293,0.19053703703703703,0.19474444444444447,0.22556296296296297,0.22980370370370373,0.22806666666666667,0.2280296296296296,0.22554074074074074,0.22482222222222217,0.2297814814814815,0.24755777777777777,0.2451711111111111,0.24920444444444448,0.25221111111111105,0.2551511111111111,0.24681999999999998,0.25065777777777776,0.2571333333333333,0.25946222222222226,0.2494688888888889,0.2530777777777778,0.2569711111111111,0.24618444444444446,0.24947999999999998,0.25122,0.18699777777777776,0.1816977777777778,0.18276444444444445,0.18311333333333335,0.18542888888888892,0.18231999999999998,0.18051777777777778,0.18019333333333334,0.18312,0.18284,0.18451111111111113,0.18609777777777778,0.17948000000000003,0.17981555555555556,0.18660666666666664,0.2112412698412698,0.21381428571428573,0.21365396825396826,0.21345873015873015,0.21301587301587302,0.21265793650793655,0.21078174603174607,0.2114214285714286,0.21396190476190474,0.2297246031746032,0.23108809523809523,0.23126666666666665,0.22389682539682537,0.22584841269841266,0.23099920634920637,0.21084629629629628,0.20989074074074077,0.20774814814814815,0.2086611111111111,0.21016481481481483,0.21244074074074074,0.21294444444444446,0.20985185185185184,0.20742407407407407,0.21738333333333335,0.21737222222222222,0.2190722222222222,0.22165185185185185,0.21727962962962963,0.21634074074074075,0.2069994708994709,0.20566825396825394,0.20324285714285711,0.20427195767195766,0.2055164021164021,0.20777301587301591,0.20695502645502645,0.20639947089947097,0.20479470899470895,0.21636560846560848,0.21438306878306873,0.2148952380952381,0.21755291005291005,0.21675185185185186,0.2169767195767196,Female,36,Adult,Adult,C,C,mms05f36_250Hz_gu2_AEP.conn
EES14F26,ees14f26_250Hz_gu3_AEP.conn,gu3,0.2241222222222222,0.22273333333333334,0.2243962962962963,0.22184444444444443,0.2174074074074074,0.2073074074074074,0.20068888888888892,0.19714814814814816,0.2143962962962963,0.24435555555555558,0.24200370370370364,0.23592222222222223,0.22967407407407406,0.2277074074074074,0.2392,0.25742000000000004,0.25789999999999996,0.2553755555555556,0.2522377777777778,0.2494244444444444,0.2329133333333333,0.23138888888888892,0.23631555555555556,0.2437088888888889,0.2536888888888889,0.2485511111111111,0.24403333333333332,0.22710888888888886,0.23181111111111113,0.25175555555555557,0.19928222222222222,0.20160222222222218,0.20406222222222223,0.20356666666666662,0.19955777777777778,0.19739333333333334,0.2009444444444445,0.20630222222222222,0.20874,0.1939177777777778,0.1947288888888889,0.1932888888888889,0.19136444444444445,0.1960177777777778,0.19361555555555554,0.19661904761904764,0.19745079365079365,0.19877857142857142,0.19949682539682542,0.19616825396825394,0.19788095238095238,0.20050158730158732,0.20088333333333333,0.19968015873015874,0.20822142857142859,0.20979841269841273,0.21095317460317461,0.2121484126984127,0.21325555555555556,0.20525793650793653,0.22082222222222217,0.21569444444444444,0.21676666666666664,0.21684444444444448,0.21562592592592597,0.21060925925925925,0.21135185185185187,0.2128833333333333,0.21775925925925924,0.22778518518518517,0.22676666666666664,0.2254814814814815,0.23251296296296295,0.23420925925925928,0.2261685185185185,0.19615820105820111,0.19656296296296297,0.19496878306878307,0.19176984126984128,0.19401640211640214,0.19873492063492065,0.200505291005291,0.20018306878306877,0.1971671957671958,0.2057746031746032,0.2027978835978836,0.20032539682539685,0.20988306878306878,0.2111814814814815,0.2018693121693122,Female,26,Adult,Adult,E,NC,ees14f26_250Hz_gu2_AEP.conn
MMS20M28,mms20m28_250Hz_gu3_AEP.conn,gu3,0.2675259259259259,0.25292592592592594,0.24745925925925924,0.2510666666666667,0.25856296296296294,0.256937037037037,0.25795555555555555,0.2507814814814815,0.2683888888888889,0.2737888888888889,0.2789888888888889,0.2893185185185185,0.2708703703703704,0.26742222222222223,0.27962222222222227,0.3218555555555555,0.30954444444444446,0.3019733333333333,0.28991555555555554,0.29864888888888885,0.3051622222222222,0.30260000000000004,0.3014311111111111,0.29677555555555557,0.29871555555555557,0.2976288888888889,0.28761777777777775,0.28476222222222225,0.29077777777777775,0.3010511111111111,0.2752644444444444,0.26953333333333335,0.26142444444444446,0.24949111111111105,0.25899555555555553,0.2586777777777778,0.2569222222222223,0.2494066666666667,0.2532711111111111,0.26082666666666665,0.25617555555555555,0.2441444444444445,0.24325111111111114,0.2386222222222222,0.25562666666666667,0.24562857142857145,0.24242142857142854,0.24111111111111105,0.23966269841269838,0.23525952380952386,0.23951825396825396,0.2384714285714286,0.24083015873015873,0.23950476190476191,0.25635079365079366,0.25451666666666667,0.254065873015873,0.24956825396825397,0.25170714285714285,0.25292539682539683,0.21347222222222226,0.21840925925925925,0.2180537037037037,0.21665555555555557,0.21840925925925925,0.20411481481481478,0.20307222222222224,0.20356296296296295,0.20129999999999995,0.21495925925925927,0.2137407407407407,0.2148925925925926,0.20871481481481483,0.20527037037037035,0.20649629629629632,0.19533439153439155,0.1945714285714286,0.19307354497354498,0.19688253968253966,0.19874497354497353,0.1887952380952381,0.19298888888888893,0.19036296296296296,0.19114497354497356,0.2006751322751323,0.20009312169312163,0.2030566137566138,0.2069873015873016,0.20249788359788365,0.19908148148148153,Male,28,Adult,Adult,C,C,mms20m28_250Hz_gu2_AEP.conn
EES10M22,EES10M22_250Hz_gu3_AEP.conn,gu3,0.22477777777777777,0.21984074074074078,0.22207037037037036,0.22235555555555556,0.21769259259259263,0.20317037037037036,0.20729629629629628,0.21024074074074073,0.24477407407407412,0.24828148148148146,0.25016666666666665,0.2503814814814815,0.23426296296296298,0.24098148148148146,0.24524074074074073,0.2600044444444444,0.2599488888888889,0.25267555555555554,0.24626888888888887,0.24568000000000004,0.23713333333333333,0.23732444444444445,0.2401977777777778,0.24243111111111112,0.2611688888888889,0.2505422222222222,0.23741555555555557,0.23064666666666667,0.23668222222222224,0.23951555555555554,0.19243555555555555,0.19284222222222222,0.19699999999999998,0.19613777777777777,0.19409111111111113,0.18576444444444445,0.18123333333333333,0.1821888888888889,0.18084666666666668,0.18930222222222226,0.18725333333333333,0.18009999999999998,0.17859333333333333,0.18075777777777777,0.17955555555555555,0.24036190476190478,0.24043888888888892,0.24197460317460315,0.24150396825396828,0.24109285714285716,0.2388357142857143,0.23622301587301586,0.2374063492063492,0.23796825396825394,0.2553492063492064,0.2560031746031746,0.25559047619047615,0.24787857142857148,0.24843253968253975,0.25037380952380955,0.2682648148148148,0.2702592592592592,0.2756092592592593,0.27702592592592595,0.27847777777777777,0.2744333333333333,0.2771518518518518,0.2797222222222222,0.2767037037037037,0.28485555555555553,0.2890166666666667,0.291962962962963,0.2927166666666667,0.2936018518518519,0.2819,0.23398518518518516,0.2339433862433862,0.2300402116402116,0.22730000000000003,0.22700793650793655,0.22809894179894183,0.22665502645502641,0.22574232804232808,0.22450052910052903,0.23826560846560843,0.23497248677248675,0.23277089947089943,0.23895396825396825,0.2380089947089947,0.23218465608465605,Male,22,Adult,Tertiary,E,NC,EES10M22_250Hz_gu2_AEP.conn
EES09M30MU,EES09m30mu_250Hz_gu3_AEP.conn,gu3,0.25660370370370367,0.2587111111111111,0.25405925925925926,0.2590185185185185,0.2589259259259259,0.2554777777777778,0.2511222222222222,0.25295185185185187,0.27547407407407404,0.2785370370370371,0.2731037037037037,0.2772148148148148,0.2688962962962963,0.2705592592592592,0.27387777777777783,0.2781488888888889,0.28065555555555555,0.27644,0.2743711111111111,0.2733933333333333,0.2797733333333334,0.2796711111111111,0.27972,0.2797177777777778,0.2774911111111111,0.2737422222222222,0.27142,0.27109111111111117,0.27198222222222224,0.2734111111111111,0.25316666666666665,0.2592644444444444,0.26263777777777775,0.2658844444444445,0.26964,0.26531777777777776,0.2628844444444445,0.2587777777777778,0.2589844444444444,0.24390666666666666,0.24715333333333334,0.2509,0.2464288888888889,0.24336888888888888,0.2439511111111111,0.2695968253968254,0.26976904761904763,0.270034126984127,0.2715825396825397,0.273284126984127,0.2674055555555555,0.26692460317460315,0.27098253968253966,0.27363730158730154,0.28740158730158727,0.28968412698412704,0.29058095238095233,0.28272142857142857,0.2835801587301587,0.2881896825396826,0.2506388888888889,0.24490555555555557,0.2446351851851852,0.24628703703703703,0.25029444444444443,0.24956481481481477,0.2511240740740741,0.2568092592592593,0.25504074074074073,0.266987037037037,0.2673259259259259,0.26912037037037034,0.26597777777777776,0.26596296296296296,0.27068148148148147,0.21433862433862436,0.21661111111111117,0.2166888888888889,0.21486719576719582,0.2143243386243386,0.2146910052910053,0.21197513227513223,0.2102910052910053,0.2110587301587301,0.2292121693121693,0.23011269841269838,0.22883068783068777,0.22347936507936503,0.22311904761904763,0.23081216931216927,Male,30,Adult,Adult,E,NC,EES09m30mu_250Hz_gu2_AEP.conn
MMS18M36MIX,mms18m36mix_250Hz_gu3_AEP.conn,gu3,0.19440740740740745,0.19327037037037034,0.1927185185185185,0.1948592592592593,0.19513703703703703,0.20716666666666664,0.20391851851851853,0.20737407407407407,0.22577407407407404,0.2122888888888889,0.21288148148148145,0.21303703703703702,0.22574444444444444,0.22664814814814815,0.21267777777777777,0.2335888888888889,0.23374,0.2357311111111111,0.23707777777777778,0.2367844444444444,0.23702444444444443,0.23085555555555554,0.22890000000000002,0.22960666666666665,0.23077333333333333,0.2301044444444444,0.22982444444444444,0.23533777777777778,0.2335222222222222,0.23145333333333334,0.21845777777777778,0.21512888888888893,0.21301333333333333,0.21009555555555556,0.2075333333333333,0.20942444444444447,0.20617999999999997,0.20571111111111112,0.20687333333333333,0.20950444444444444,0.20822222222222223,0.20695111111111114,0.21094666666666667,0.21284444444444445,0.20772000000000004,0.22713571428571427,0.22723253968253965,0.22437857142857145,0.2231642857142857,0.22232857142857143,0.22379365079365082,0.22632063492063495,0.2286277777777778,0.22924126984126983,0.24025396825396825,0.23744682539682538,0.23781904761904765,0.24152380952380947,0.2415928571428572,0.2370087301587302,0.19583333333333333,0.1950166666666667,0.19202222222222223,0.19087592592592592,0.18942037037037032,0.18565925925925927,0.18590555555555555,0.18826666666666667,0.19079629629629632,0.20693703703703703,0.20703888888888888,0.2057537037037037,0.20421666666666663,0.2031518518518519,0.20319444444444443,0.19012275132275133,0.18880317460317458,0.18735185185185185,0.18848042328042328,0.1903068783068783,0.1899962962962963,0.19054656084656088,0.19141111111111112,0.19264973544973543,0.19771851851851854,0.19529365079365077,0.19701111111111108,0.1992375661375661,0.2007253968253968,0.19724497354497353,Male,36,Adult,Adult,C,C,mms18m36mix_250Hz_gu2_AEP.conn
EES24F29,EES24F29_250Hz_gu3_AEP.conn,gu3,0.18527037037037042,0.18734814814814818,0.18891481481481484,0.1964851851851852,0.1961037037037037,0.18671111111111113,0.19211111111111112,0.19614074074074073,0.22878148148148147,0.2205407407407407,0.22123703703703704,0.2264074074074074,0.2238740740740741,0.22825925925925925,0.22254074074074073,0.27426000000000006,0.26980666666666664,0.26615333333333335,0.26294888888888895,0.26472444444444443,0.27118222222222227,0.26842666666666665,0.26546666666666663,0.26147555555555557,0.2659755555555555,0.2613155555555555,0.25970444444444446,0.2683422222222222,0.26610222222222224,0.26558000000000004,0.24564222222222223,0.24362444444444442,0.24392444444444444,0.24305555555555552,0.23947111111111113,0.24435333333333334,0.24454222222222227,0.24159555555555556,0.23971555555555554,0.23641555555555555,0.23836222222222223,0.23552222222222224,0.24224444444444443,0.24231555555555556,0.24201777777777775,0.24899999999999997,0.24671349206349205,0.24485158730158732,0.24434206349206344,0.24533730158730158,0.24711666666666665,0.24767063492063499,0.24410396825396824,0.24233412698412699,0.25962936507936507,0.25837380952380956,0.25745238095238093,0.26328968253968255,0.261647619047619,0.2572357142857143,0.22356296296296296,0.22436111111111112,0.22764814814814813,0.23121111111111112,0.2299314814814815,0.21885,0.21894074074074074,0.21873703703703704,0.21862407407407405,0.2308314814814815,0.23659814814814817,0.2413166666666667,0.23580555555555552,0.24065555555555554,0.23290740740740737,0.20219841269841274,0.20085555555555554,0.19978042328042328,0.19888941798941795,0.1995190476190476,0.20087248677248676,0.19796560846560846,0.19532328042328043,0.19655026455026453,0.206889417989418,0.20706402116402117,0.20705873015873022,0.2104407407407408,0.2066719576719577,0.20753756613756613,Female,29,Adult,Adult,E,NC,EES24F29_250Hz_gu2_AEP.conn
EES20F22,ees20f22_250Hz_gu3_AEP.conn,gu3,0.24903333333333333,0.24698148148148147,0.2484777777777778,0.24371851851851853,0.24602222222222223,0.2538962962962963,0.25332592592592595,0.254,0.26184444444444444,0.26615185185185186,0.2629518518518518,0.2546814814814815,0.2722222222222222,0.27213333333333334,0.2610555555555556,0.26682666666666666,0.2667333333333334,0.2631333333333334,0.2575,0.2570488888888889,0.26357555555555556,0.27055555555555555,0.27346000000000004,0.2719644444444444,0.26615777777777777,0.26036222222222216,0.25606222222222225,0.2723711111111111,0.27534222222222227,0.26485111111111115,0.20141333333333336,0.1988666666666667,0.19372666666666666,0.19443333333333335,0.19466666666666665,0.19546,0.19804,0.19550222222222222,0.19446444444444444,0.18634444444444448,0.18288,0.18454888888888887,0.1842822222222222,0.18429555555555555,0.17992444444444444,0.22949841269841267,0.23075634920634916,0.23396031746031745,0.23758492063492068,0.23847301587301586,0.23325396825396824,0.23258492063492062,0.23495873015873014,0.23752698412698411,0.25211587301587296,0.25353174603174605,0.2537738095238095,0.2466968253968254,0.24927301587301584,0.2556952380952381,0.2332037037037037,0.2329148148148148,0.23988333333333334,0.24494074074074076,0.24623703703703703,0.24739444444444447,0.23606296296296295,0.23427407407407408,0.23489629629629627,0.2512666666666667,0.254887037037037,0.25631851851851856,0.2432888888888889,0.24308703703703705,0.2549592592592593,0.23517089947089947,0.2363835978835979,0.23935820105820108,0.24146455026455027,0.23987513227513227,0.2373132275132275,0.2362386243386244,0.23567089947089945,0.2345613756613757,0.24498465608465608,0.24703968253968256,0.25013597883597877,0.2479772486772487,0.2466724867724868,0.24397830687830688,Female,22,Adult,Tertiary,E,NC,ees20f22_250Hz_gu2_AEP.conn
R16E09G10,R16E09g10_info1_250Hz_gu3_AEP.conn,gu3,0.2395185185185185,0.245,0.24235185185185185,0.24052222222222222,0.24222962962962966,0.2558925925925926,0.2559185185185185,0.24971111111111113,0.27266666666666667,0.2706037037037037,0.265662962962963,0.2670444444444445,0.28028888888888887,0.27295555555555556,0.26711481481481486,0.3088822222222222,0.3122488888888889,0.31534666666666666,0.3132466666666667,0.3117688888888889,0.30870000000000003,0.31184,0.3106755555555556,0.30903111111111115,0.30759555555555557,0.3084911111111111,0.30700444444444447,0.30614,0.30230444444444443,0.3108422222222223,0.2315288888888889,0.23244444444444445,0.2307866666666667,0.22670666666666667,0.2305888888888889,0.23658444444444443,0.22823333333333337,0.22683999999999999,0.22721333333333332,0.23450444444444446,0.23019333333333333,0.22410000000000002,0.22735777777777777,0.2250511111111111,0.2333066666666667,0.2237198412698413,0.22344920634920634,0.2241404761904762,0.22384444444444443,0.22528412698412703,0.22466666666666674,0.22608888888888884,0.2273079365079365,0.22650873015873021,0.23636428571428572,0.23812777777777774,0.23792142857142862,0.23974126984126984,0.23951428571428574,0.23805079365079368,0.23115740740740742,0.23209629629629627,0.2278259259259259,0.221312962962963,0.22153333333333333,0.2261351851851852,0.2237592592592593,0.22511851851851852,0.22709629629629632,0.2368462962962963,0.23283703703703704,0.22494444444444442,0.22544074074074072,0.22283703703703697,0.235974074074074,0.2222724867724868,0.2208968253968254,0.2207269841269841,0.21778730158730156,0.21477724867724868,0.21681587301587302,0.21852116402116398,0.21846878306878306,0.2183587301587302,0.22773915343915346,0.22689470899470904,0.22331375661375663,0.22210582010582017,0.21962169312169313,0.2287756613756613,Female,10,8-12,Elementary,E,NC,R16E09g10_info1_250Hz_gu2_AEP.conn
R16BF04G10,R16BF04g10_info1_250Hz_gu3_AEP.conn,gu3,0.20607037037037038,0.19920000000000004,0.19715925925925928,0.20192962962962965,0.20120740740740742,0.19623333333333334,0.19845185185185185,0.19764444444444443,0.22856296296296297,0.2327851851851852,0.23127037037037038,0.22973333333333334,0.2299037037037037,0.2273925925925926,0.23469629629629632,0.2578666666666667,0.2559133333333333,0.25624222222222226,0.2629755555555556,0.2678711111111111,0.2593911111111111,0.26332,0.26639111111111113,0.2654222222222223,0.26642,0.26683777777777784,0.2737222222222222,0.27220222222222223,0.27405333333333337,0.27486,0.2537177777777778,0.25133333333333335,0.25334666666666666,0.2577733333333333,0.2645266666666667,0.2678466666666667,0.2671044444444445,0.2636088888888889,0.2610733333333334,0.24675777777777777,0.2465,0.2512511111111111,0.26008,0.25689999999999996,0.25379555555555555,0.28216031746031744,0.2822103174603175,0.284765873015873,0.2841396825396826,0.2845936507936508,0.2847634920634921,0.2839079365079365,0.28336587301587296,0.28390396825396824,0.29500238095238096,0.2974420634920635,0.2971134920634921,0.29466984126984125,0.29549047619047614,0.29869285714285715,0.23347777777777778,0.23401296296296295,0.234162962962963,0.2348148148148148,0.23699814814814812,0.2325425925925926,0.22860185185185186,0.22771481481481481,0.2304166666666667,0.24274814814814816,0.24245555555555554,0.24456111111111112,0.2398611111111111,0.2402296296296296,0.24232407407407408,0.23283174603174603,0.2332772486772487,0.23374603174603176,0.2346428571428571,0.2358243386243386,0.2347343915343916,0.2328693121693122,0.231195238095238,0.23027830687830692,0.2432798941798941,0.24281269841269837,0.24193121693121694,0.24524867724867722,0.2429063492063492,0.24293227513227506,Female,10,8-12,Elementary,S,NC,R16BF04g10_info1_250Hz_gu2_AEP.conn
R16E16B7,R16E16b7_info1_250Hz_gu3_AEP.conn,gu3,0.21701111111111113,0.21670000000000003,0.216237037037037,0.21458518518518513,0.21514074074074077,0.21467777777777783,0.2176962962962963,0.22117407407407408,0.2505703703703704,0.25358148148148146,0.2522333333333333,0.24981111111111112,0.25245555555555554,0.2531111111111111,0.25335185185185183,0.27333555555555555,0.27233111111111113,0.26919111111111105,0.26607555555555557,0.26508444444444446,0.26636000000000004,0.26546888888888887,0.26590888888888886,0.2661933333333334,0.27680666666666665,0.27436444444444447,0.27056444444444444,0.2740088888888889,0.2755288888888889,0.2767044444444445,0.27966,0.28015111111111113,0.27991777777777777,0.27790888888888887,0.27823999999999993,0.2773555555555555,0.27649333333333337,0.27533555555555556,0.2789133333333333,0.27563111111111105,0.27675555555555553,0.2773911111111111,0.28152666666666665,0.28226444444444443,0.2805666666666667,0.31586349206349207,0.31503571428571425,0.3145087301587301,0.3151698412698413,0.3152206349206349,0.31740714285714283,0.3172809523809524,0.31795238095238093,0.31777539682539685,0.33134365079365075,0.3303150793650794,0.3309825396825397,0.3307277777777778,0.33059999999999995,0.33104920634920637,0.25556296296296294,0.2555907407407408,0.25705370370370373,0.25509444444444446,0.25295,0.25166481481481484,0.25200925925925927,0.2547425925925926,0.2570444444444444,0.2640722222222222,0.26543333333333335,0.26301296296296295,0.25535,0.25829814814814817,0.2643925925925926,0.24594232804232802,0.24557513227513222,0.24334285714285708,0.24152698412698412,0.24018042328042327,0.24497989417989416,0.24448571428571433,0.24405132275132277,0.24285396825396818,0.2535693121693121,0.25179417989417985,0.25048306878306875,0.2525814814814815,0.2524100529100529,0.2508719576719577,Male,7,5-7,Elementary,E,NC,R16E16b7_info1_250Hz_gu2_AEP.conn
R16E19B5,R16E19b5_info1_250Hz_gu3_AEP.conn,gu3,0.3484925925925926,0.35169629629629634,0.3472,0.3422962962962963,0.34072592592592593,0.3438888888888889,0.3473703703703704,0.3507518518518518,0.3831703703703704,0.37210370370370366,0.36759259259259264,0.36337407407407407,0.368362962962963,0.3718666666666666,0.3578666666666666,0.3545022222222222,0.3580933333333334,0.35887777777777774,0.3614866666666667,0.36065555555555556,0.35066444444444445,0.35231777777777773,0.3519577777777778,0.3475377777777778,0.36671777777777775,0.3644822222222222,0.3629866666666667,0.3672533333333333,0.36552666666666667,0.36627333333333334,0.3044088888888889,0.31092444444444445,0.31501777777777773,0.3109888888888889,0.3027666666666667,0.3044866666666667,0.31220888888888887,0.31821333333333335,0.3175866666666667,0.3157266666666667,0.3218,0.3144644444444444,0.3092577777777778,0.31268222222222225,0.3198022222222222,0.33684841269841265,0.34078253968253963,0.34655238095238106,0.34932380952380954,0.3492936507936508,0.34096269841269844,0.3423063492063492,0.3463253968253968,0.348120634920635,0.3588357142857143,0.3619666666666666,0.3649904761904762,0.35658968253968254,0.3600277777777778,0.3583857142857144,0.28935185185185186,0.29068888888888883,0.29185,0.2937388888888888,0.2911666666666667,0.2877962962962963,0.2925092592592593,0.2934222222222222,0.2898611111111111,0.2829203703703704,0.27697037037037037,0.27758888888888894,0.2830296296296297,0.28052962962962963,0.27070925925925926,0.314468253968254,0.3156206349206349,0.3193544973544973,0.32030899470899477,0.318037037037037,0.30789259259259255,0.3133571428571429,0.31772962962962964,0.3174037037037037,0.3113412698412698,0.31479947089947086,0.3154952380952381,0.31322222222222224,0.3182407407407407,0.310794708994709,Male,5,5-7,Elementary,E,NC,R16E19b5_info1_250Hz_gu2_AEP.conn
R16E17B5,R16E17b5_info1_250Hz_gu3_AEP.conn,gu3,0.2810925925925926,0.2797296296296296,0.28582962962962966,0.28405185185185183,0.2833111111111111,0.29239259259259254,0.28883333333333333,0.28570370370370374,0.31355555555555553,0.29955925925925925,0.3021814814814815,0.3021962962962963,0.3067814814814815,0.30370370370370364,0.2996666666666667,0.3228111111111111,0.32298222222222217,0.3254488888888889,0.3241288888888889,0.32299333333333335,0.3241288888888889,0.32258,0.3239222222222222,0.32375999999999994,0.31713555555555556,0.3179622222222222,0.31744000000000006,0.31448,0.31810222222222223,0.3154088888888889,0.23096666666666668,0.23084222222222223,0.23359333333333338,0.23679555555555556,0.2363755555555555,0.22838666666666668,0.2309888888888889,0.23657777777777778,0.2400488888888889,0.22323999999999997,0.2234577777777778,0.22571111111111114,0.2168466666666667,0.22210666666666667,0.22007333333333334,0.2536,0.25303809523809523,0.2526888888888889,0.25044920634920637,0.2517928571428572,0.2536079365079365,0.25283412698412705,0.253831746031746,0.2558111111111111,0.26581746031746034,0.2654738095238095,0.26391507936507935,0.26453809523809524,0.2641174603174603,0.264581746031746,0.31459629629629626,0.3172833333333333,0.3168518518518519,0.3137111111111111,0.3152,0.3191462962962963,0.32105370370370373,0.3232425925925926,0.32505925925925927,0.33255555555555555,0.33045370370370375,0.32817407407407406,0.3339222222222222,0.33248333333333335,0.33320555555555553,0.2584338624338625,0.2580116402116402,0.2577121693121693,0.2582539682539683,0.2589714285714286,0.2531439153439153,0.25412433862433864,0.2548015873015873,0.25658148148148147,0.26437777777777777,0.26441216931216927,0.2643000000000001,0.26330158730158726,0.26427248677248677,0.2637529100529101,Male,5,5-7,Elementary,E,NC,R16E17b5_info1_250Hz_gu2_AEP.conn
R16A04B8,R16A04b8_info1_250Hz_gu3_AEP.conn,gu3,0.2974481481481482,0.28857037037037037,0.29,0.2924851851851852,0.29161851851851855,0.2938037037037037,0.29238888888888886,0.29562222222222223,0.32862592592592593,0.3275111111111111,0.3246185185185186,0.3311740740740741,0.3179592592592592,0.32360370370370367,0.33107037037037035,0.3367044444444445,0.3326133333333333,0.3299066666666667,0.3284444444444445,0.3313422222222222,0.3361244444444444,0.3342288888888889,0.3280155555555555,0.32196444444444444,0.3361133333333334,0.3232977777777778,0.3174133333333334,0.33054666666666666,0.32341111111111104,0.3241088888888889,0.31754444444444446,0.32293111111111117,0.3220466666666667,0.3162533333333334,0.31475777777777775,0.3195288888888889,0.3241422222222222,0.32651111111111114,0.3248333333333333,0.32427333333333336,0.3233,0.31930000000000003,0.31906444444444443,0.32421777777777777,0.3225644444444444,0.3252809523809523,0.3295920634920635,0.3335976190476191,0.3368912698412698,0.3369904761904762,0.3248626984126984,0.3293007936507936,0.33240555555555557,0.33261190476190466,0.3431198412698412,0.3449365079365078,0.34869920634920637,0.3392428571428571,0.34232063492063486,0.3439468253968254,0.2611925925925926,0.2642851851851852,0.26213148148148147,0.25341296296296295,0.2522611111111111,0.26105555555555554,0.26137407407407404,0.25965185185185186,0.2556888888888889,0.2731425925925926,0.27249074074074076,0.2688037037037037,0.27217407407407407,0.27124444444444445,0.26819814814814813,0.2795746031746032,0.28103597883597886,0.28347460317460316,0.28551428571428566,0.28560582010582014,0.28565925925925917,0.28423439153439156,0.2880814814814815,0.2888560846560846,0.28642222222222224,0.28769841269841273,0.2898867724867725,0.2832656084656085,0.2890756613756614,0.29050476190476193,Male,8,8-12,Elementary,A,NC,R16A04b8_info1_250Hz_gu2_AEP.conn
R16L01SY06,R16L01sy06_info1_250Hz_gu3_AEP.conn,gu3,0.23971851851851853,0.24295555555555556,0.2464259259259259,0.24829999999999997,0.25162222222222225,0.2454185185185185,0.25030370370370375,0.2523555555555556,0.27754814814814815,0.27775185185185186,0.2821185185185185,0.27974074074074073,0.2770925925925926,0.2783555555555555,0.28905185185185184,0.2779955555555556,0.27608000000000005,0.2742555555555556,0.2721044444444444,0.27561111111111114,0.27725555555555553,0.28070888888888884,0.2842888888888889,0.2870044444444444,0.2800933333333333,0.28077777777777785,0.27831555555555554,0.27749555555555555,0.2787711111111111,0.2844933333333333,0.3256466666666667,0.32624444444444445,0.3272022222222223,0.32698666666666665,0.32662444444444444,0.33276,0.3376488888888889,0.34233555555555556,0.34454444444444443,0.3232422222222222,0.32531333333333334,0.32724000000000003,0.32751111111111114,0.3288111111111111,0.3291177777777778,0.3537880952380953,0.3529103174603175,0.3513063492063492,0.3511325396825397,0.3518023809523809,0.3553873015873016,0.35438412698412697,0.353065873015873,0.35192698412698414,0.3607960317460317,0.3595492063492064,0.36064444444444443,0.3591825396825397,0.3569968253968255,0.3611261904761905,0.2259,0.22988333333333333,0.23044629629629632,0.2299462962962963,0.22930925925925924,0.22912592592592596,0.2323518518518519,0.23419074074074078,0.23124629629629626,0.23248703703703702,0.23256296296296294,0.2318388888888889,0.23620555555555553,0.23837407407407407,0.23325000000000004,0.2723719576719577,0.27217989417989424,0.2727492063492064,0.2727952380952381,0.2722169312169312,0.2745174603174603,0.2752968253968254,0.27659682539682545,0.2766899470899471,0.27677989417989424,0.27900158730158725,0.2801798941798942,0.27891693121693123,0.280421164021164,0.27808042328042326,Female,6,5-7,Elementary,S,NC,R16L01sy06_info1_250Hz_gu2_AEP.conn
R16S01Y08B,R16S01y08b_info1_250Hz_gu3_AEP.conn,gu3,0.2565851851851852,0.25258148148148146,0.24955185185185189,0.24334074074074072,0.24224074074074076,0.2513592592592592,0.2476037037037037,0.24122592592592595,0.2580703703703704,0.263937037037037,0.2628111111111111,0.2578111111111111,0.2564444444444445,0.2529518518518518,0.25745555555555555,0.28506,0.28388444444444444,0.2852955555555555,0.2861111111111111,0.2896622222222222,0.28670888888888885,0.2856133333333334,0.28145777777777775,0.2800644444444444,0.27862000000000003,0.28098222222222224,0.27997333333333335,0.27973777777777775,0.2774,0.2814955555555555,0.24475777777777777,0.2432777777777778,0.24423555555555554,0.2426311111111111,0.24217777777777777,0.23825333333333334,0.23800444444444446,0.2397511111111111,0.24102444444444443,0.22818444444444444,0.23274222222222224,0.23202222222222227,0.22808,0.23341777777777778,0.23220444444444444,0.25336984126984124,0.2552484126984127,0.258218253968254,0.25972222222222224,0.25779920634920633,0.25446825396825395,0.2557611111111111,0.2569047619047619,0.2595015873015873,0.27004761904761915,0.27275634920634917,0.273931746031746,0.27133730158730157,0.2723753968253968,0.27128968253968255,0.27546666666666664,0.2746277777777778,0.27327037037037044,0.2705018518518518,0.26890555555555556,0.2770240740740741,0.2758259259259259,0.2766796296296296,0.2758907407407407,0.28328333333333333,0.2849166666666667,0.2848277777777778,0.29488888888888887,0.29667777777777776,0.2898277777777778,0.23722804232804232,0.2363455026455026,0.23730211640211646,0.23674656084656084,0.23758042328042328,0.23907301587301585,0.23929312169312172,0.2397201058201058,0.24046137566137565,0.24685396825396827,0.24909100529100525,0.2486465608465608,0.2499195767195767,0.25059523809523804,0.24829206349206343,Female,8,8-12,Elementary,S,NC,R16S01y08b_info1_250Hz_gu2_AEP.conn
R16S16G11,R16S16g11_info1_250Hz_gu3_AEP.conn,gu3,0.2921740740740741,0.2975851851851852,0.2994222222222222,0.3011185185185185,0.29492222222222225,0.29999629629629626,0.30057777777777783,0.2998333333333334,0.3269666666666667,0.3335962962962962,0.3346925925925926,0.33642222222222223,0.32791111111111115,0.32836296296296297,0.3402407407407408,0.3471355555555556,0.3486488888888889,0.34813777777777777,0.34584000000000004,0.34927777777777774,0.34708666666666665,0.3499577777777778,0.34936222222222224,0.34297555555555553,0.3601866666666667,0.3599333333333333,0.3559022222222222,0.35867777777777776,0.36147555555555555,0.3586333333333333,0.3177644444444444,0.31867111111111107,0.3187533333333333,0.3169177777777778,0.3180311111111111,0.3173977777777778,0.31628222222222224,0.31549777777777777,0.31395333333333336,0.32544222222222224,0.3243111111111111,0.32178,0.3170822222222222,0.31949111111111106,0.32399999999999995,0.2931484126984127,0.2937515873015873,0.2975809523809524,0.3043238095238095,0.3066730158730159,0.295352380952381,0.29442539682539687,0.29607460317460316,0.2991095238095238,0.3099412698412699,0.3106071428571429,0.3136396825396826,0.3078904761904762,0.3077396825396825,0.30785634920634924,0.28954259259259263,0.28744444444444445,0.2871888888888889,0.29088703703703706,0.28946481481481484,0.2819388888888889,0.28295,0.2819888888888889,0.28078703703703706,0.30644629629629627,0.30220185185185183,0.303,0.293487037037037,0.2924111111111111,0.29547962962962965,0.2776809523809523,0.27719206349206355,0.2748301587301587,0.27311216931216936,0.27196349206349213,0.27687989417989417,0.2773349206349206,0.27428941798941797,0.27331587301587307,0.2827216931216931,0.27948941798941795,0.2760682539682539,0.2757449735449735,0.2722671957671957,0.27557142857142863,Female,11,8-12,Elementary,S,NC,R16S16g11_info1_250Hz_gu2_AEP.conn
R16S06G6,R16S06g6_info1_250Hz_gu3_AEP.conn,gu3,0.23334814814814817,0.23508148148148147,0.2258888888888889,0.2220851851851852,0.2222962962962963,0.22735555555555553,0.22755925925925924,0.22338888888888886,0.24780000000000002,0.2569592592592593,0.2503444444444444,0.24813333333333332,0.2551925925925926,0.2526333333333333,0.24941851851851848,0.2173022222222222,0.21508222222222223,0.2130933333333333,0.21011111111111108,0.20989333333333332,0.21443333333333334,0.20951777777777778,0.2058288888888889,0.20473555555555553,0.21436000000000002,0.21449333333333334,0.21456444444444442,0.21297111111111114,0.2130177777777778,0.2138377777777778,0.19219999999999998,0.19166,0.19297555555555557,0.19307777777777774,0.19140888888888888,0.19702222222222224,0.19773111111111108,0.19551777777777776,0.19265555555555555,0.19288,0.19700444444444443,0.1992511111111111,0.20015555555555556,0.1986688888888889,0.19669777777777775,0.28343174603174603,0.28240238095238096,0.2814190476190476,0.2814309523809524,0.2810761904761904,0.2823253968253968,0.2849793650793651,0.28777857142857144,0.2887349206349206,0.29424206349206344,0.29522460317460325,0.29558968253968254,0.2975285714285714,0.29937619047619046,0.29789682539682544,0.24621111111111108,0.23814074074074074,0.23622037037037039,0.2366425925925926,0.23444074074074073,0.23801851851851852,0.24143148148148144,0.2455037037037037,0.24691851851851854,0.2424037037037037,0.2408462962962963,0.24229629629629634,0.24472777777777777,0.24831666666666666,0.24061296296296297,0.20318095238095238,0.20576878306878305,0.20626666666666663,0.2052074074074074,0.20562698412698413,0.20462116402116406,0.20314126984126984,0.199757671957672,0.2006455026455026,0.20931693121693123,0.20838994708994715,0.20777142857142858,0.21158465608465601,0.20907777777777775,0.20761375661375664,Female,6,5-7,Elementary,S,NC,R16S06g6_info1_250Hz_gu2_AEP.conn
R16A05Y08B,R16A05y08b_info1_250Hz_gu3_AEP.conn,gu3,0.2246962962962963,0.2261814814814815,0.23145555555555555,0.23380740740740746,0.23277777777777778,0.21435925925925925,0.2173962962962963,0.22026666666666664,0.24180000000000001,0.24522222222222223,0.24898148148148147,0.25197037037037034,0.2418592592592593,0.2439296296296296,0.24732222222222222,0.2849533333333333,0.28099555555555555,0.2827644444444445,0.28226222222222225,0.2803777777777778,0.2754488888888889,0.2754488888888889,0.27624222222222217,0.27486222222222223,0.2708022222222223,0.2747377777777778,0.27381111111111106,0.27154666666666666,0.2730222222222222,0.2706577777777778,0.24144444444444443,0.24063111111111107,0.24054666666666663,0.23859777777777783,0.23979111111111112,0.23155333333333336,0.2312933333333333,0.2323822222222222,0.2345822222222222,0.22738444444444444,0.22699777777777777,0.22691111111111112,0.22246444444444444,0.22431111111111107,0.22373555555555552,0.2589857142857143,0.2609420634920635,0.26398095238095237,0.2643809523809524,0.26505555555555554,0.2593039682539683,0.258413492063492,0.2599912698412698,0.2617253968253968,0.2661706349206349,0.26961666666666667,0.27077698412698414,0.26856111111111114,0.2676277777777778,0.2677738095238095,0.24568333333333334,0.24394259259259257,0.23840000000000003,0.23434074074074074,0.2334166666666667,0.2348740740740741,0.2346277777777778,0.23412592592592593,0.23523333333333332,0.2535962962962963,0.25207037037037033,0.2506703703703704,0.24401851851851852,0.24397777777777777,0.24947962962962963,0.19933439153439153,0.19864126984126987,0.1995084656084656,0.19960211640211642,0.20146984126984127,0.1914862433862434,0.19137671957671956,0.1934285714285714,0.19405714285714284,0.20500529100529102,0.2068190476190476,0.20653121693121695,0.20009682539682536,0.20162275132275131,0.2057301587301587,Female,8,8-12,Elementary,A,NC,R16A05y08b_info1_250Hz_gu2_AEP.conn
R16E08Y05B5,R16E08y05b5_info1_250Hz_gu3_AEP.conn,gu3,0.31546666666666673,0.31930000000000003,0.32403703703703707,0.3273888888888889,0.3282259259259259,0.32062962962962965,0.3232333333333333,0.32340370370370375,0.346037037037037,0.3433703703703704,0.3446888888888888,0.34701111111111116,0.3473851851851852,0.34917777777777775,0.33978518518518525,0.3410622222222222,0.34472222222222226,0.3514,0.3532111111111111,0.35214,0.3479333333333333,0.3491822222222222,0.3486422222222222,0.3499155555555556,0.3518066666666667,0.3519133333333333,0.34920222222222225,0.3524622222222222,0.35106666666666664,0.35191333333333336,0.3092133333333334,0.30485555555555555,0.30652222222222225,0.30824666666666667,0.3108088888888889,0.3065555555555555,0.3086622222222222,0.3107066666666667,0.3121733333333333,0.29772444444444446,0.2980377777777778,0.2997622222222222,0.2970111111111111,0.2996333333333333,0.2967688888888889,0.3048404761904762,0.3054261904761905,0.30643730158730154,0.30802142857142856,0.3088666666666667,0.3066539682539683,0.3073928571428571,0.30828809523809525,0.30706984126984127,0.31975238095238095,0.3201833333333333,0.32195952380952375,0.32374841269841276,0.3219055555555556,0.32216507936507943,0.2687407407407408,0.26673148148148146,0.2662462962962963,0.2649740740740741,0.2683074074074074,0.27392222222222223,0.2723722222222222,0.2772222222222222,0.27617962962962966,0.2719777777777778,0.2738777777777778,0.2738407407407408,0.2798537037037037,0.2778351851851852,0.27678148148148146,0.27024497354497357,0.27088783068783073,0.2715730158730159,0.27085767195767196,0.27154232804232803,0.2721783068783068,0.27220899470899473,0.2731285714285714,0.27453809523809525,0.27654444444444437,0.2767730158730159,0.27705449735449733,0.2812275132275132,0.2808989417989418,0.2797761904761905,Male,5,5-7,Elementary,E,NC,R16E08y05b5_info1_250Hz_gu2_AEP.conn
R16E18G9,R16E18g9_info1_250Hz_gu3_AEP.conn,gu3,0.2716925925925926,0.2822111111111111,0.28607407407407404,0.28122962962962966,0.2740888888888889,0.28266296296296295,0.2871888888888889,0.2820148148148148,0.30713703703703704,0.31913703703703705,0.3234518518518518,0.31788518518518516,0.3258592592592593,0.32071851851851857,0.32428888888888885,0.33128888888888885,0.33340888888888887,0.3341577777777778,0.32926666666666665,0.32928444444444444,0.33386666666666664,0.33803333333333335,0.3379377777777778,0.3345022222222222,0.33514666666666665,0.33423333333333327,0.33277999999999996,0.3384577777777778,0.3379577777777777,0.33405777777777773,0.26170666666666664,0.26141111111111115,0.25915555555555553,0.2544377777777778,0.2556733333333333,0.2621288888888889,0.26315333333333335,0.2648977777777778,0.2637888888888889,0.26264444444444446,0.25891333333333333,0.25764444444444445,0.2610955555555555,0.2619622222222222,0.2622711111111111,0.2901579365079365,0.2922531746031746,0.29424999999999996,0.29532063492063493,0.2931261904761905,0.2923079365079365,0.29473888888888894,0.2982087301587302,0.29845476190476194,0.3058325396825397,0.30745952380952385,0.3084904761904762,0.3116119047619047,0.31064126984126983,0.306781746031746,0.29242407407407406,0.29431296296296294,0.29795,0.2986111111111111,0.3002925925925926,0.29671296296296296,0.2975574074074074,0.30257962962962964,0.3023796296296296,0.28801296296296297,0.2901925925925926,0.2896166666666667,0.29991666666666666,0.29919444444444443,0.28886296296296293,0.27028571428571424,0.26934656084656083,0.2696497354497354,0.2697730158730159,0.2710814814814815,0.271905291005291,0.2720164021164021,0.2701804232804233,0.2707433862433863,0.27372380952380954,0.27498148148148144,0.2750269841269841,0.27891957671957673,0.2775862433862434,0.2768037037037038,Female,9,8-12,Elementary,E,NC,R16E18g9_info1_250Hz_gu2_AEP.conn
R16S09G6,R16s09g6_info1_250Hz_gu3_AEP.conn,gu3,0.2316851851851852,0.23400370370370369,0.23922962962962965,0.23796666666666666,0.22863703703703706,0.2425074074074074,0.24438888888888888,0.23622962962962965,0.2631074074074074,0.2706148148148148,0.27347777777777776,0.270962962962963,0.2710333333333333,0.2667333333333333,0.27285925925925925,0.26377555555555554,0.26997333333333334,0.2762133333333333,0.2804844444444444,0.28085777777777776,0.26940888888888886,0.26871999999999996,0.26577555555555554,0.2698822222222222,0.2737200000000001,0.28284222222222216,0.28304666666666667,0.26429555555555556,0.26370666666666664,0.28350888888888887,0.21121555555555557,0.22097333333333333,0.2256822222222222,0.22306666666666666,0.22028666666666666,0.23193999999999998,0.23017555555555558,0.22864444444444443,0.23048444444444444,0.22142666666666666,0.22691111111111112,0.22392666666666666,0.2203511111111111,0.2205,0.22686888888888887,0.2318595238095238,0.23155714285714282,0.22726746031746028,0.22938571428571428,0.23257301587301588,0.23680555555555555,0.23464682539682538,0.23034682539682544,0.22816111111111118,0.24603333333333333,0.24895238095238098,0.2502896825396826,0.24802301587301592,0.24462619047619052,0.25025158730158725,0.2215074074074074,0.21900185185185186,0.21511666666666662,0.21861481481481482,0.2240925925925926,0.2268759259259259,0.2241148148148148,0.2197462962962963,0.21681296296296296,0.23519629629629632,0.23550740740740742,0.2367444444444445,0.22405555555555556,0.2173462962962963,0.2302148148148148,0.21445608465608462,0.2126740740740741,0.20982592592592594,0.20857513227513233,0.2099862433862434,0.2107835978835979,0.20849999999999996,0.20936137566137566,0.2108465608465608,0.2156809523809524,0.2147100529100529,0.21455502645502644,0.21774497354497355,0.218562962962963,0.21580264550264547,Female,6,5-7,Elementary,S,NC,R16s09g6_info1_250Hz_gu2_AEP.conn
R16S02B_G6,R16S02b_g6_info1_250Hz_gu3_AEP.conn,gu3,0.37815185185185185,0.3798222222222222,0.3823296296296295,0.3783074074074075,0.384362962962963,0.38278888888888885,0.38688518518518517,0.3875962962962964,0.3960296296296297,0.3963592592592593,0.40112592592592594,0.4007,0.40502592592592596,0.4073333333333334,0.4113185185185186,0.36547999999999997,0.3628066666666667,0.36011111111111116,0.3671688888888889,0.37201111111111107,0.37605333333333335,0.37611333333333336,0.37464444444444445,0.3752977777777778,0.3388577777777777,0.3361533333333333,0.3426533333333333,0.35384000000000004,0.3526000000000001,0.3457533333333333,0.31823777777777773,0.30577777777777776,0.31219555555555556,0.31560222222222223,0.3179844444444444,0.3133288888888889,0.30333333333333334,0.3095777777777778,0.3128755555555556,0.29451777777777777,0.2933533333333333,0.2938177777777778,0.28470222222222225,0.29045333333333334,0.2998266666666667,0.366481746031746,0.36689523809523816,0.3657079365079365,0.3656325396825397,0.36639285714285713,0.3659968253968255,0.3672769841269842,0.36512142857142865,0.36335238095238104,0.3793674603174603,0.3796920634920635,0.3814611111111111,0.381465873015873,0.37987460317460314,0.3810142857142857,0.3234574074074074,0.3237277777777778,0.32773518518518513,0.3302777777777777,0.3322851851851852,0.32775000000000004,0.3282703703703704,0.3296018518518519,0.32944074074074076,0.3309074074074074,0.3354388888888889,0.3366129629629629,0.33544444444444443,0.3354574074074074,0.3360407407407407,0.2800925925925926,0.2811153439153438,0.2814089947089947,0.28143650793650793,0.2795539682539682,0.27996825396825403,0.28042645502645497,0.27841269841269844,0.27833280423280427,0.29083333333333333,0.291178835978836,0.29110687830687837,0.288142328042328,0.2859058201058203,0.29249841269841265,Female,6,5-7,Elementary,S,NC,R16S02b_g6_info1_250Hz_gu2_AEP.conn
R16BF02G9INFO1,R16BF02g9info1_250Hz_gu3_AEP.conn,gu3,0.20706666666666665,0.19571111111111109,0.1959888888888889,0.19392962962962965,0.20287407407407407,0.20606666666666665,0.20980370370370371,0.22021481481481484,0.23855925925925925,0.21695555555555557,0.22282222222222223,0.2187259259259259,0.22468148148148148,0.23127777777777778,0.2214851851851852,0.2648977777777778,0.26531333333333335,0.2654311111111111,0.2628222222222222,0.26002444444444445,0.25724222222222226,0.25411333333333336,0.2565155555555556,0.26815777777777783,0.2566755555555556,0.2653,0.26170666666666664,0.25613777777777774,0.26081777777777776,0.26361999999999997,0.22011333333333333,0.2221666666666667,0.2169488888888889,0.21274,0.21320444444444445,0.22084888888888887,0.21885777777777782,0.2146644444444444,0.21274222222222222,0.20581555555555556,0.20484666666666662,0.20920444444444444,0.21183777777777774,0.20503555555555555,0.19995777777777776,0.2351952380952381,0.23086507936507933,0.22191587301587304,0.21946031746031744,0.2176126984126984,0.2265103174603175,0.22511825396825397,0.22522777777777778,0.22526825396825398,0.24308095238095243,0.23748412698412696,0.23495396825396828,0.2387865079365079,0.24175476190476194,0.24194365079365077,0.2202629629629629,0.21797037037037037,0.21405925925925925,0.2198537037037037,0.2195851851851852,0.22632592592592593,0.22712222222222223,0.22642777777777778,0.2292462962962963,0.22731111111111113,0.22673703703703704,0.23397777777777776,0.22493333333333332,0.22390370370370372,0.2301574074074074,0.21066507936507942,0.20776719576719577,0.2063566137566138,0.20466666666666666,0.2020010582010582,0.21222751322751324,0.2112232804232804,0.20883544973544974,0.2092089947089947,0.21845291005290998,0.21917566137566138,0.21759470899470898,0.21388624338624335,0.21296878306878306,0.22120793650793652,Female,9,8-12,Elementary,S,NC,R16BF02g9info1_250Hz_gu2_AEP.conn
R16E04G10,R16E04g10_info1_250Hz_gu3_AEP.conn,gu3,0.3473851851851852,0.34622592592592594,0.34166666666666673,0.33820740740740735,0.3386703703703704,0.3532296296296296,0.34751481481481483,0.34453703703703703,0.3671333333333333,0.3706740740740741,0.36750370370370367,0.36678518518518516,0.3751296296296296,0.3760555555555556,0.3694037037037037,0.3730866666666667,0.3703711111111111,0.37025111111111114,0.3713911111111111,0.3738044444444445,0.3735222222222222,0.3704888888888889,0.3708488888888889,0.37116444444444446,0.3764533333333333,0.3753888888888889,0.3775444444444445,0.38166222222222224,0.38258222222222227,0.3811177777777778,0.33498666666666665,0.33424444444444446,0.33190444444444445,0.3324022222222222,0.33220000000000005,0.3328133333333333,0.33237777777777777,0.3303622222222222,0.32934,0.33233111111111113,0.33049999999999996,0.33082888888888895,0.3348022222222222,0.3319133333333334,0.3283244444444445,0.34927380952380954,0.349568253968254,0.35193888888888886,0.3557484126984128,0.3579412698412698,0.35079761904761897,0.35154761904761905,0.35101190476190475,0.35190158730158727,0.3602111111111111,0.36012936507936505,0.36184603174603175,0.36156428571428567,0.3624349206349206,0.36175476190476186,0.2869944444444445,0.2871092592592593,0.2893796296296296,0.2904722222222222,0.28819074074074075,0.28530185185185186,0.2818611111111111,0.27862222222222216,0.28077777777777774,0.28706666666666664,0.2873111111111111,0.28765370370370374,0.27512222222222227,0.27565370370370373,0.2817074074074074,0.30132328042328044,0.3018121693121693,0.30150740740740745,0.3018915343915344,0.30139841269841267,0.30138359788359786,0.30332380952380955,0.3041973544973545,0.3037306878306878,0.3037931216931216,0.30138359788359786,0.30222486772486773,0.3034444444444444,0.30410052910052904,0.30037619047619046,Female,10,8-12,Elementary,E,NC,R16E04g10_info1_250Hz_gu2_AEP.conn
R16S21B8,R16S21b8_info1_250Hz_gu3_AEP.conn,gu3,0.2474518518518519,0.24407037037037038,0.24129629629629626,0.24498888888888884,0.2492148148148148,0.23683333333333334,0.23721481481481485,0.2413814814814815,0.2673259259259259,0.262262962962963,0.25983703703703703,0.2643555555555555,0.2618259259259259,0.26588518518518517,0.25495555555555555,0.29747111111111113,0.29631555555555555,0.29531777777777773,0.2936377777777778,0.2937977777777778,0.29959111111111114,0.30248444444444444,0.3021733333333333,0.3017533333333333,0.30040000000000006,0.3003577777777778,0.2974688888888889,0.30329555555555554,0.3030044444444444,0.3026511111111111,0.28541333333333335,0.2869244444444444,0.28541111111111106,0.2831622222222222,0.2820488888888889,0.2792511111111111,0.2818688888888889,0.28532888888888885,0.2854844444444445,0.2835022222222222,0.2837488888888889,0.2807911111111111,0.28327111111111114,0.2856088888888889,0.27882444444444443,0.2657523809523809,0.2667928571428571,0.267584126984127,0.26590793650793654,0.26422301587301583,0.26343253968253966,0.2634444444444444,0.2617579365079365,0.26283333333333336,0.2778785714285714,0.2791357142857143,0.2785896825396826,0.2753111111111112,0.2753349206349206,0.2782166666666667,0.22574074074074077,0.22999999999999998,0.232637037037037,0.23225925925925928,0.23001851851851854,0.2278092592592593,0.2282833333333333,0.22726666666666664,0.22702222222222224,0.24088148148148145,0.2423666666666667,0.2435222222222222,0.23725555555555558,0.23786666666666667,0.24188703703703704,0.20739259259259257,0.20687989417989416,0.20638888888888884,0.20796507936507935,0.20743862433862437,0.20614708994708997,0.20708624338624337,0.2089201058201058,0.21064497354497355,0.21699788359788355,0.21684973544973546,0.216794708994709,0.21676402116402121,0.2168539682539683,0.21942962962962959,Male,8,8-12,Elementary,S,NC,R16S21b8_info1_250Hz_gu2_AEP.conn
R16S17G6,R16S17g6_info1_250Hz_gu3_AEP.conn,gu3,0.3220481481481482,0.3199592592592593,0.3244444444444445,0.3250925925925926,0.3237888888888889,0.3205518518518518,0.3206481481481482,0.3207777777777778,0.3334740740740741,0.32685925925925924,0.33304074074074075,0.3312148148148148,0.33273703703703705,0.33335185185185184,0.3308296296296296,0.3168933333333333,0.31591555555555556,0.3159822222222222,0.31279555555555555,0.3137088888888889,0.31984444444444443,0.3177133333333333,0.31842444444444445,0.31859111111111116,0.30381777777777774,0.30240666666666666,0.2976644444444444,0.31741777777777774,0.3186777777777777,0.3035777777777778,0.22473555555555555,0.22508666666666666,0.22492,0.22001555555555558,0.21921777777777773,0.21451333333333333,0.21762222222222224,0.2134577777777778,0.2110622222222222,0.20855555555555555,0.20681111111111114,0.2022577777777778,0.2085577777777778,0.2053288888888889,0.20036,0.3058634920634921,0.30584841269841273,0.303547619047619,0.3023698412698413,0.305736507936508,0.3061857142857143,0.3053769841269841,0.3081071428571428,0.31096587301587303,0.32017301587301583,0.31774920634920634,0.3173539682539683,0.3198484126984127,0.3227428571428571,0.32095476190476196,0.2927814814814815,0.2906796296296296,0.2907722222222222,0.2922777777777778,0.2942074074074074,0.28928333333333334,0.2864759259259259,0.28579629629629627,0.2870037037037037,0.2934240740740741,0.29279259259259266,0.2925314814814815,0.28901481481481484,0.28979074074074074,0.29752407407407405,0.2898973544973545,0.29337354497354495,0.2940121693121694,0.29247089947089955,0.29165079365079366,0.29517936507936515,0.29364126984126987,0.2907783068783069,0.29021005291005286,0.29973544973544974,0.2988095238095238,0.2972047619047619,0.2994216931216931,0.2966640211640212,0.2982042328042328,Female,6,5-7,Elementary,S,NC,R16S17g6_info1_250Hz_gu2_AEP.conn
R16E07B9,R16E07b9_info1_250Hz_gu3_AEP.conn,gu3,0.2917370370370371,0.284237037037037,0.27952592592592596,0.27891851851851857,0.2788296296296296,0.2879925925925926,0.29047777777777783,0.29356296296296297,0.32394814814814815,0.3215962962962963,0.31405185185185186,0.3065185185185186,0.3216592592592593,0.3233888888888889,0.3199814814814815,0.33793555555555554,0.33499999999999996,0.3311511111111111,0.3297955555555555,0.3320133333333334,0.3344155555555556,0.33191999999999994,0.33646666666666664,0.3390022222222222,0.34595777777777775,0.34208,0.3436444444444445,0.33900888888888886,0.3405755555555556,0.35069333333333336,0.2947711111111111,0.28876,0.2887,0.2878177777777778,0.28791777777777783,0.2900133333333333,0.2896488888888889,0.2923088888888889,0.28644,0.29652666666666666,0.29656666666666665,0.3006088888888889,0.28781777777777784,0.2887844444444444,0.29884,0.293065873015873,0.2946309523809523,0.29348809523809516,0.2917753968253968,0.2908452380952381,0.2982452380952382,0.30160793650793655,0.3015373015873016,0.2986587301587301,0.3050111111111112,0.30548095238095235,0.3061349206349206,0.3119634920634921,0.31263888888888886,0.3057444444444445,0.21449259259259257,0.21887407407407408,0.22010555555555547,0.21874629629629627,0.2105462962962963,0.21367037037037037,0.21823518518518517,0.21771666666666664,0.2151240740740741,0.22119074074074074,0.2237388888888889,0.22402037037037034,0.2212037037037037,0.2205648148148148,0.21969444444444441,0.2507566137566138,0.25139576719576723,0.25022857142857147,0.2500835978835979,0.25100317460317456,0.2492185185185185,0.24817671957671952,0.245373544973545,0.24528412698412697,0.2558005291005291,0.25606402116402116,0.2568275132275132,0.25322275132275135,0.25089523809523806,0.25882645502645507,Male,9,8-12,Elementary,E,NC,R16E07b9_info1_250Hz_gu2_AEP.conn
R16S20G7,R16S20g7_info1_250Hz_gu3_AEP.conn,gu3,0.3232592592592593,0.3280518518518518,0.3311074074074074,0.33089259259259257,0.334925925925926,0.33797407407407415,0.34028888888888886,0.3419259259259259,0.3586185185185185,0.3601703703703703,0.35965555555555556,0.35781851851851854,0.3714074074074074,0.3719851851851852,0.36916666666666664,0.3354,0.33818444444444445,0.34219777777777777,0.34044444444444444,0.33848,0.3347622222222223,0.33502444444444446,0.33628,0.33740222222222227,0.3278955555555555,0.33062444444444444,0.32831333333333335,0.3189355555555556,0.3213288888888889,0.3242422222222222,0.25091111111111114,0.24784888888888892,0.2422022222222222,0.23743111111111115,0.23420444444444444,0.25029555555555555,0.2445688888888889,0.23911777777777782,0.2375911111111111,0.23129111111111111,0.22701777777777782,0.22271111111111114,0.2290888888888889,0.22757111111111109,0.22450888888888887,0.27611349206349206,0.27652777777777776,0.2749134920634921,0.2738888888888889,0.271465873015873,0.2769007936507936,0.2770380952380952,0.277613492063492,0.27621746031746036,0.2922563492063492,0.29082619047619046,0.2912357142857142,0.2896674603174603,0.2900103174603174,0.2897246031746032,0.26101481481481487,0.26269444444444445,0.25898518518518515,0.2578481481481481,0.2597777777777778,0.25575,0.2569074074074074,0.26312592592592593,0.2633407407407407,0.2632407407407407,0.26135185185185184,0.2634037037037037,0.2545351851851852,0.25935925925925923,0.2605833333333333,0.24685873015873014,0.24452645502645498,0.2429915343915344,0.24173544973544972,0.24302857142857143,0.24606666666666666,0.24542275132275138,0.24542539682539685,0.24504603174603173,0.2589206349206349,0.257974074074074,0.2563592592592593,0.2616333333333334,0.2612026455026455,0.2601767195767196,Female,7,5-7,Elementary,S,NC,R16S20g7_info1_250Hz_gu2_AEP.conn
R16S22B10,R16S22b10_info1_250Hz_gu3_AEP.conn,gu3,0.29350000000000004,0.29745925925925926,0.3039444444444444,0.306937037037037,0.3066222222222223,0.2999888888888889,0.29879259259259255,0.3001333333333333,0.32945185185185183,0.33305555555555555,0.3361148148148148,0.3378370370370371,0.33571481481481485,0.33380000000000004,0.333574074074074,0.33731111111111106,0.3353288888888889,0.33481777777777777,0.3342777777777778,0.3392022222222223,0.34084666666666663,0.3380822222222223,0.33327555555555555,0.33226,0.33218444444444445,0.3288422222222222,0.3291577777777778,0.34001111111111115,0.33356888888888886,0.3224222222222222,0.2757222222222222,0.27963777777777776,0.2907666666666667,0.29783333333333334,0.3013822222222222,0.28572666666666663,0.29222000000000004,0.2964511111111111,0.2996155555555555,0.2811866666666667,0.2926711111111111,0.29834000000000005,0.29598,0.30108888888888885,0.29112,0.30837777777777775,0.30836904761904765,0.3093523809523809,0.30777142857142853,0.30588571428571426,0.3120119047619048,0.30908571428571424,0.3060714285714286,0.3047642857142857,0.31894920634920637,0.31990238095238094,0.320234126984127,0.31629682539682547,0.317613492063492,0.31992857142857145,0.22408148148148152,0.22190925925925928,0.22220185185185182,0.22244444444444444,0.22393148148148148,0.22371851851851854,0.22441296296296298,0.22255370370370367,0.21862962962962962,0.22734259259259262,0.22802777777777775,0.22889444444444448,0.23429999999999998,0.23392222222222223,0.23219444444444445,0.24531693121693124,0.24411746031746034,0.2437841269841269,0.2441640211640212,0.24424179894179898,0.2455047619047619,0.24434497354497356,0.2446835978835978,0.2450941798941799,0.25206878306878305,0.2506206349206349,0.2507142857142857,0.2547142857142857,0.25423015873015875,0.2505820105820106,Male,10,8-12,Elementary,S,NC,R16S22b10_info1_250Hz_gu2_AEP.conn
R16E20B4,R16E20b4_info1_250Hz_gu3_AEP.conn,gu3,0.38676666666666665,0.39442592592592596,0.400037037037037,0.3964518518518519,0.3867962962962963,0.39964444444444447,0.39969259259259254,0.3955777777777778,0.4105703703703703,0.4018592592592593,0.40630000000000005,0.4059925925925925,0.4086222222222222,0.4016962962962963,0.3992296296296296,0.36108444444444443,0.3589555555555556,0.3629888888888889,0.3660377777777778,0.3681022222222222,0.37156,0.37142888888888886,0.37084,0.3669711111111112,0.35063111111111106,0.3537822222222222,0.3517311111111111,0.3615377777777778,0.3626111111111111,0.34969111111111106,0.29873777777777777,0.30153111111111114,0.3021288888888889,0.30134444444444447,0.30416222222222217,0.3019866666666666,0.30549111111111116,0.3043266666666667,0.3035555555555555,0.28933555555555557,0.2886333333333333,0.28425333333333336,0.2889577777777778,0.2885377777777777,0.2843866666666667,0.36838253968253964,0.3648214285714286,0.3709349206349207,0.37421746031746034,0.3761,0.3664801587301586,0.3651920634920635,0.36553650793650794,0.3687912698412698,0.3723357142857144,0.3770841269841269,0.38131587301587305,0.369065873015873,0.3689698412698412,0.3771484126984128,0.3663444444444444,0.3683796296296296,0.37080925925925917,0.37719444444444444,0.3831814814814815,0.37160925925925925,0.37448518518518514,0.370474074074074,0.3713222222222223,0.36971481481481483,0.36837222222222227,0.37048333333333333,0.37499629629629627,0.37162222222222224,0.3693555555555556,0.3110899470899471,0.315184656084656,0.3179015873015872,0.31881746031746044,0.31776984126984126,0.310084656084656,0.31227142857142853,0.314437037037037,0.31404444444444446,0.3280873015873016,0.33156137566137567,0.3333169312169312,0.3281037037037037,0.32773492063492066,0.3301444444444444,Male,4,5-7,Elementary,E,NC,R16E20b4_info1_250Hz_gu2_AEP.conn
R16A01BY08,R16A01by08_info1_250Hz_gu3_AEP.conn,gu3,0.24457777777777778,0.24409999999999998,0.24462592592592594,0.2438851851851852,0.24494074074074076,0.255937037037037,0.25825555555555557,0.2567481481481481,0.28105555555555556,0.2756925925925926,0.2815259259259259,0.2749,0.27492222222222223,0.2761740740740741,0.2789333333333333,0.3016088888888889,0.30330666666666667,0.30729111111111107,0.30474888888888885,0.30138444444444445,0.32126888888888894,0.32099111111111106,0.3113,0.3072533333333334,0.3021555555555555,0.30707999999999996,0.30435999999999996,0.31582888888888894,0.3102977777777778,0.31554,0.32847777777777776,0.3263311111111111,0.3247755555555556,0.3249311111111111,0.3330377777777779,0.3411,0.33857777777777776,0.33428,0.3340244444444445,0.31229999999999997,0.31479777777777784,0.31638444444444447,0.3234977777777778,0.31774666666666673,0.3177066666666667,0.29543174603174605,0.297381746031746,0.30163333333333336,0.3027571428571428,0.3053801587301587,0.3004555555555556,0.30520555555555545,0.3107309523809524,0.3126801587301587,0.3079071428571428,0.313415873015873,0.31414603174603173,0.3156555555555555,0.3190047619047619,0.31112222222222224,0.27420555555555554,0.272787037037037,0.27132037037037043,0.27070370370370367,0.2675018518518519,0.2668462962962963,0.2708074074074074,0.26848333333333335,0.2636611111111111,0.2755240740740741,0.27391111111111105,0.27338703703703704,0.2769240740740741,0.2773703703703704,0.27440925925925924,0.25808042328042324,0.2584936507936509,0.2560359788359789,0.25570370370370366,0.256484126984127,0.26678095238095245,0.2705455026455027,0.2700973544973545,0.26840264550264553,0.26996455026455024,0.2663349206349206,0.26510687830687835,0.27749999999999997,0.27454285714285714,0.2705952380952381,Female,8,8-12,Elementary,A,NC,R16A01by08_info1_250Hz_gu2_AEP.conn
R16E10G9,R16E10g9_info1_250Hz_gu3_AEP.conn,gu3,0.2739481481481481,0.2705740740740741,0.27108518518518515,0.2768777777777778,0.2662,0.2681777777777778,0.26439629629629635,0.25819629629629626,0.2773407407407407,0.2884777777777778,0.2902814814814815,0.29431111111111113,0.2909111111111111,0.2852851851851852,0.29843703703703706,0.34572888888888886,0.34657777777777776,0.34604,0.34541555555555553,0.3411133333333334,0.34982,0.3535288888888889,0.3584044444444444,0.3505244444444444,0.3401866666666666,0.33917111111111103,0.3385511111111111,0.34950444444444445,0.35479777777777777,0.3434400000000001,0.3344711111111111,0.34126666666666666,0.3428066666666667,0.34071999999999997,0.3412688888888889,0.33040888888888886,0.33700222222222226,0.33944888888888886,0.34309999999999996,0.32557777777777774,0.3266,0.3253688888888889,0.32626,0.32637555555555553,0.3342044444444444,0.31375238095238095,0.31311428571428573,0.31430317460317464,0.31404841269841277,0.31410317460317455,0.3110174603174603,0.3119515873015872,0.31178333333333336,0.3116055555555555,0.3263738095238095,0.3281968253968254,0.32919761904761907,0.3302031746031746,0.33033095238095234,0.33424841269841277,0.3077611111111111,0.3083111111111111,0.3090703703703704,0.30998888888888887,0.3109907407407407,0.3070833333333333,0.3048462962962963,0.30144444444444446,0.30211296296296297,0.31282037037037036,0.31194259259259255,0.3116277777777778,0.3115111111111111,0.31051851851851847,0.31706851851851847,0.29440529100529095,0.29537195767195773,0.29380211640211645,0.29173015873015873,0.2922677248677248,0.2913746031746032,0.2926301587301587,0.29376137566137567,0.29358571428571434,0.30149999999999993,0.29830052910052907,0.297278835978836,0.3001121693121694,0.3004407407407408,0.3021068783068783,Female,9,8-12,Elementary,E,NC,R16E10g9_info1_250Hz_gu2_AEP.conn
R16S25B8,R16S25b8_info1_250Hz_gu3_AEP.conn,gu3,0.281662962962963,0.2861481481481482,0.29681111111111114,0.29771851851851855,0.2904555555555555,0.28883333333333333,0.2877888888888889,0.2846037037037037,0.3146481481481482,0.31854444444444446,0.32752962962962956,0.3279925925925926,0.3218962962962963,0.32141481481481476,0.32911481481481486,0.3048777777777778,0.30277111111111116,0.3044911111111111,0.30686,0.30596666666666666,0.3087977777777778,0.3050666666666667,0.30486,0.30586222222222226,0.3084111111111111,0.3135,0.31750222222222224,0.3061511111111111,0.30713555555555555,0.3179,0.3175177777777778,0.31355111111111117,0.31093999999999994,0.30893333333333334,0.30851333333333336,0.3122955555555556,0.3099511111111111,0.30949111111111116,0.31021777777777776,0.3043955555555556,0.3028466666666667,0.3019644444444444,0.30248444444444444,0.3019422222222222,0.30129999999999996,0.3326333333333333,0.33338412698412695,0.33165079365079364,0.33268492063492067,0.33493650793650787,0.33392460317460315,0.33481507936507937,0.33358412698412704,0.33321746031746036,0.3447095238095238,0.34472063492063487,0.34517539682539683,0.3474912698412698,0.3484912698412698,0.34944444444444445,0.2806314814814815,0.2816796296296296,0.28057037037037036,0.2794462962962963,0.2815759259259259,0.2848,0.28485,0.28079814814814813,0.27649814814814816,0.2763222222222222,0.2766333333333334,0.2770074074074074,0.2779351851851852,0.28123888888888887,0.2730148148148148,0.2732164021164022,0.27330105820105816,0.27354761904761904,0.2731470899470899,0.27273174603174605,0.27379206349206353,0.27315079365079364,0.27455079365079366,0.2739169312169312,0.2843984126984127,0.2838650793650793,0.2824804232804233,0.284752380952381,0.2854507936507936,0.2833915343915344,Male,8,8-12,Elementary,S,NC,R16S25b8_info1_250Hz_gu2_AEP.conn
R16S03B10,R16S03b10_info1_250Hz_gu3_AEP.conn,gu3,0.21508518518518516,0.2169481481481481,0.21777407407407404,0.22160000000000002,0.22406666666666672,0.20871111111111115,0.21121481481481483,0.21822962962962963,0.25402592592592593,0.2501074074074074,0.2461074074074074,0.2475814814814815,0.24473703703703706,0.24851111111111113,0.256525925925926,0.2565688888888889,0.25948222222222217,0.25352888888888886,0.24715555555555557,0.24512,0.25912888888888885,0.26041777777777775,0.26022222222222224,0.2524777777777778,0.25850888888888884,0.25108444444444444,0.24419111111111116,0.25802888888888886,0.2595777777777778,0.2487,0.2555711111111111,0.2585577777777778,0.2590066666666667,0.2578866666666667,0.25825333333333333,0.26062444444444444,0.2613288888888889,0.2600422222222222,0.2576333333333333,0.24551555555555557,0.24584444444444445,0.24509555555555554,0.2516222222222222,0.25081333333333333,0.24492444444444444,0.25750396825396826,0.25766190476190476,0.25833809523809526,0.25804047619047615,0.2554126984126984,0.25810555555555553,0.2583555555555555,0.25700396825396826,0.2563357142857143,0.267584126984127,0.2670222222222222,0.2660238095238095,0.26864206349206354,0.26810000000000006,0.2665920634920635,0.21386296296296295,0.21375740740740742,0.21136851851851848,0.21096111111111107,0.21086481481481478,0.21301296296296293,0.21083518518518518,0.21012037037037037,0.21339999999999995,0.2176759259259259,0.215587037037037,0.21546481481481483,0.2170425925925926,0.2169425925925926,0.21519444444444444,0.2191576719576719,0.21809788359788362,0.21630423280423278,0.21573650793650792,0.21593227513227517,0.21806772486772485,0.21819153439153438,0.219521164021164,0.22042486772486772,0.22659365079365076,0.2265137566137566,0.22730211640211637,0.22534338624338623,0.2291349206349206,0.22915873015873023,Male,10,8-12,Elementary,S,NC,R16S03b10_info1_250Hz_gu2_AEP.conn
R16S07B8,R16S07b8_info1_250Hz_gu3_AEP.conn,gu3,0.2288,0.23044074074074075,0.23162962962962963,0.2300851851851852,0.22564814814814815,0.23596666666666666,0.2316259259259259,0.22784814814814816,0.26448888888888883,0.2647703703703704,0.2637777777777778,0.25917777777777773,0.2607333333333333,0.2573407407407408,0.2594370370370371,0.2571333333333333,0.2564466666666667,0.25614,0.25338666666666665,0.2490711111111111,0.25605999999999995,0.24925555555555556,0.24978666666666668,0.25325777777777775,0.2556288888888889,0.25509333333333334,0.2534244444444444,0.25526,0.25318,0.24764222222222224,0.25912888888888885,0.25522666666666666,0.2500888888888889,0.2525755555555555,0.2585066666666667,0.26187777777777776,0.2621266666666666,0.26279555555555556,0.26652888888888887,0.26244,0.26093333333333335,0.26315777777777777,0.2630444444444444,0.2634711111111111,0.2632088888888889,0.31213492063492065,0.30789206349206344,0.30395158730158733,0.30325555555555556,0.304618253968254,0.30822619047619043,0.30520158730158725,0.3045261904761905,0.30208968253968255,0.31729920634920633,0.3149888888888888,0.3151960317460317,0.31412222222222225,0.3125380952380952,0.3106007936507937,0.24202777777777776,0.2439648148148148,0.24196666666666666,0.24418703703703704,0.2403888888888889,0.23230555555555557,0.2338407407407407,0.24136851851851857,0.2462148148148148,0.23829074074074078,0.23711666666666664,0.23906666666666668,0.23604074074074075,0.23625185185185182,0.22687592592592595,0.25276719576719575,0.25399365079365077,0.25516137566137564,0.2540634920634921,0.2516111111111111,0.2527888888888889,0.25442645502645506,0.2538888888888889,0.2546021164021165,0.2620074074074074,0.26329788359788364,0.2642730158730159,0.2623296296296297,0.2604671957671958,0.26153174603174595,Male,8,8-12,Elementary,S,NC,R16S07b8_info1_250Hz_gu2_AEP.conn
R16E13B5,R16E13b5_info1_250Hz_gu3_AEP.conn,gu3,0.26894444444444443,0.2712148148148148,0.26736296296296297,0.2624037037037037,0.26255185185185187,0.2545259259259259,0.2565925925925926,0.2590851851851852,0.2843407407407407,0.2836148148148148,0.2800074074074074,0.2797296296296296,0.2788296296296296,0.27970370370370373,0.2725814814814815,0.32142666666666664,0.3230377777777777,0.32391555555555557,0.32311111111111107,0.32172888888888884,0.32331111111111116,0.32405777777777783,0.32267111111111113,0.3240088888888889,0.3257222222222222,0.32394888888888884,0.3219688888888889,0.32533333333333336,0.32405777777777783,0.3219711111111111,0.2804288888888889,0.28008,0.2800577777777778,0.28045555555555557,0.27888,0.2842244444444445,0.2844733333333333,0.2846311111111111,0.2844666666666667,0.28557777777777776,0.2867377777777778,0.2865533333333333,0.2838711111111111,0.2854244444444444,0.28600666666666663,0.3045,0.3046674603174603,0.3060150793650794,0.30637619047619047,0.30588888888888877,0.3059333333333334,0.3061119047619048,0.30713412698412695,0.30617619047619055,0.31920793650793655,0.3175349206349206,0.31812222222222225,0.32206111111111113,0.32100079365079365,0.31781984126984125,0.2556777777777777,0.25545,0.2550777777777778,0.2534796296296296,0.2512907407407407,0.2553240740740741,0.2558814814814815,0.25830000000000003,0.25731666666666664,0.24805925925925928,0.2480851851851852,0.24647592592592593,0.2605851851851852,0.256637037037037,0.25225000000000003,0.29047989417989417,0.28885291005291003,0.2881148148148148,0.28637619047619045,0.2880751322751322,0.290657671957672,0.28958518518518517,0.2878153439153439,0.28763862433862436,0.29643492063492066,0.2960396825396826,0.2938253968253968,0.2978804232804233,0.2960671957671958,0.29890264550264556,Male,5,5-7,Elementary,E,NC,R16E13b5_info1_250Hz_gu2_AEP.conn
R16A02G05B,R16A02g05b_info1_250Hz_gu3_AEP.conn,gu3,0.33476666666666666,0.33251111111111115,0.33068518518518525,0.32730740740740744,0.3206407407407407,0.338262962962963,0.3307703703703704,0.3242851851851852,0.3428333333333333,0.35360740740740737,0.3526740740740741,0.3490740740740741,0.3487518518518518,0.34177037037037045,0.35001481481481483,0.3935533333333333,0.3963111111111111,0.4009533333333334,0.40237777777777783,0.3966555555555556,0.4046444444444445,0.40433111111111114,0.40523555555555557,0.40308444444444447,0.3954022222222222,0.3978711111111111,0.4030155555555555,0.4055022222222222,0.4079488888888889,0.40037777777777783,0.37570222222222227,0.38414666666666664,0.3934266666666667,0.39724,0.39559333333333335,0.3862066666666667,0.3906688888888889,0.3893088888888888,0.3877133333333333,0.3811066666666666,0.3867422222222222,0.39237333333333335,0.3927822222222222,0.3900044444444445,0.3860377777777778,0.40655317460317464,0.40375555555555553,0.4028111111111111,0.4032142857142858,0.40341507936507937,0.40374920634920625,0.4014722222222222,0.39831269841269845,0.39744047619047623,0.4180777777777777,0.4187912698412698,0.41941507936507927,0.4131690476190476,0.4113166666666666,0.416784126984127,0.3698518518518519,0.37100185185185186,0.3690296296296296,0.3649611111111111,0.3604203703703704,0.35642037037037033,0.35811296296296297,0.3544388888888889,0.35209074074074076,0.37725000000000003,0.37493888888888893,0.3719462962962963,0.36640740740740735,0.36559259259259264,0.3727592592592593,0.30525026455026455,0.3046264550264551,0.30478148148148154,0.3066994708994709,0.30764444444444444,0.3088391534391534,0.30917460317460327,0.30685396825396827,0.3064132275132275,0.3152365079365079,0.3130153439153439,0.31342857142857145,0.3130925925925926,0.3136507936507936,0.3136793650793651,Female,5,5-7,Elementary,A,NC,R16A02g05b_info1_250Hz_gu2_AEP.conn
R16BF05B5,R16BF05b5_info1_250Hz_gu3_AEP.conn,gu3,0.2111222222222222,0.20947407407407406,0.20912962962962967,0.2079925925925926,0.20627407407407405,0.21364814814814817,0.2085296296296296,0.1990925925925926,0.21802222222222223,0.22749629629629628,0.23011111111111107,0.22980740740740738,0.22169259259259264,0.21622592592592596,0.2255555555555556,0.25825555555555557,0.2592111111111111,0.2561644444444445,0.25532444444444446,0.2544666666666667,0.2603155555555555,0.25771333333333335,0.2548488888888889,0.25328,0.2543311111111111,0.25581333333333334,0.25920444444444446,0.25524,0.25719333333333333,0.2582133333333333,0.21786000000000003,0.21786222222222223,0.21675777777777777,0.21865777777777778,0.22297777777777777,0.21793111111111113,0.22054,0.2183133333333333,0.21861333333333333,0.20490222222222224,0.20382444444444445,0.20709777777777777,0.2084711111111111,0.20639333333333335,0.20372222222222222,0.2435349206349206,0.2447579365079365,0.24413888888888888,0.24432460317460317,0.24489841269841267,0.24264523809523805,0.2438587301587302,0.24300396825396825,0.24307619047619047,0.2572904761904761,0.2570333333333334,0.25713095238095235,0.25624444444444444,0.25667698412698414,0.25810793650793645,0.2647777777777777,0.2644444444444445,0.26475,0.2644759259259259,0.2661851851851852,0.26060370370370367,0.26439259259259257,0.2632074074074074,0.2630148148148148,0.26490555555555556,0.2649944444444445,0.26527962962962964,0.26797777777777776,0.2694314814814815,0.2673388888888889,0.20272857142857142,0.2049798941798942,0.2067888888888889,0.20441005291005288,0.20404550264550267,0.20384126984126985,0.20406613756613762,0.20496031746031748,0.20527513227513228,0.21316190476190475,0.21545661375661374,0.21314338624338616,0.21062857142857142,0.20955714285714283,0.2151772486772487,Male,5,5-7,Elementary,S,NC,R16BF05b5_info1_250Hz_gu2_AEP.conn
R16S04G5,R16S04g5_info1_250Hz_gu3_AEP.conn,gu3,0.31099629629629627,0.29752962962962964,0.28827037037037034,0.2922296296296296,0.2958851851851852,0.3028111111111111,0.30282222222222227,0.30539629629629633,0.3353666666666666,0.32549629629629634,0.32272962962962964,0.32515185185185186,0.33884444444444445,0.3453703703703704,0.3351592592592592,0.32874,0.3230755555555555,0.3206666666666666,0.31459333333333334,0.3149266666666667,0.30985555555555555,0.31223111111111107,0.31495111111111107,0.31984222222222225,0.3175377777777778,0.31506,0.31022,0.3008533333333333,0.3043577777777778,0.3100711111111111,0.2866155555555555,0.28850222222222227,0.29467333333333334,0.2964088888888889,0.2961311111111111,0.28505111111111103,0.28558222222222224,0.28448444444444443,0.2852733333333334,0.2833711111111111,0.28731111111111113,0.2876222222222222,0.27950444444444444,0.2808377777777778,0.28238888888888886,0.34534603174603173,0.34408174603174607,0.3462674603174603,0.34686666666666666,0.3464388888888889,0.3496238095238095,0.35014047619047617,0.3507119047619048,0.3496507936507936,0.35848492063492066,0.36147619047619056,0.36391111111111113,0.35935396825396826,0.36358174603174603,0.363476984126984,0.33060925925925927,0.32833333333333337,0.33490555555555557,0.33842037037037037,0.33955370370370375,0.3347759259259259,0.33434259259259264,0.33738703703703704,0.340387037037037,0.3244962962962963,0.33053148148148154,0.3315425925925926,0.326187037037037,0.33137037037037037,0.33231666666666665,0.2831428571428571,0.28045661375661385,0.2798687830687831,0.28146031746031747,0.28221693121693125,0.29459047619047624,0.2924359788359788,0.29241005291005284,0.29319576719576723,0.28745291005291,0.2852312169312169,0.28679100529100526,0.29528359788359787,0.2975201058201058,0.2904566137566138,Female,5,5-7,Elementary,S,NC,R16S04g5_info1_250Hz_gu2_AEP.conn
R16E15G5,R16E15g5_info1_250Hz_gu3_AEP.conn,gu3,0.18455925925925923,0.1807,0.18231481481481482,0.17982962962962964,0.17602222222222222,0.1746148148148148,0.17533333333333334,0.17413703703703706,0.19750740740740738,0.21040740740740738,0.20774074074074075,0.2043666666666667,0.20490740740740743,0.20330370370370368,0.2152962962962963,0.24479555555555557,0.24200888888888888,0.2430511111111111,0.24762666666666666,0.25156666666666666,0.24835111111111113,0.2474177777777778,0.2495111111111111,0.25112444444444443,0.24407555555555555,0.24406222222222224,0.2485888888888889,0.2492688888888889,0.2510733333333333,0.2511933333333333,0.24256444444444442,0.2418511111111111,0.2425955555555556,0.24292444444444444,0.2411555555555555,0.24831333333333333,0.24603999999999998,0.2453622222222222,0.24215777777777778,0.23100888888888887,0.23077777777777775,0.23133777777777778,0.23844666666666664,0.23646666666666666,0.2310888888888889,0.23778888888888886,0.2352873015873016,0.2325238095238095,0.22968253968253968,0.22973968253968255,0.2361595238095238,0.23443333333333335,0.2341714285714286,0.2343126984126984,0.2471436507936508,0.2443444444444444,0.24255396825396822,0.2479531746031746,0.2478753968253968,0.24468650793650795,0.2166611111111111,0.21831666666666663,0.21763333333333335,0.21984259259259256,0.2235074074074074,0.21899814814814814,0.2180185185185185,0.21887037037037038,0.22005555555555556,0.2302833333333333,0.2313222222222222,0.23395925925925928,0.22915185185185183,0.2311851851851852,0.23004074074074074,0.17931693121693124,0.18001058201058195,0.17916190476190477,0.17826772486772485,0.1784396825396825,0.18275502645502645,0.18221640211640214,0.1797804232804233,0.17815608465608465,0.18983280423280421,0.18875449735449737,0.1873142857142857,0.18963703703703705,0.18843650793650796,0.18894656084656092,Female,5,5-7,Elementary,E,NC,R16E15g5_info1_250Hz_gu2_AEP.conn
R16S14B5,R16S14b5_info1_250Hz_gu3_AEP.conn,gu3,0.24637407407407408,0.2544370370370371,0.26089999999999997,0.267262962962963,0.26310740740740735,0.264437037037037,0.26235555555555556,0.25491851851851854,0.27401111111111115,0.27215555555555554,0.27988148148148145,0.2839333333333333,0.27704074074074075,0.27240370370370376,0.27698148148148155,0.25927333333333336,0.26039555555555555,0.26037777777777776,0.25813555555555556,0.25615777777777776,0.2767111111111111,0.27559555555555554,0.2692777777777778,0.26474222222222227,0.25973999999999997,0.2588088888888889,0.25606222222222225,0.2680955555555556,0.26481777777777776,0.25374444444444444,0.3217377777777778,0.3273111111111111,0.3266888888888889,0.31951333333333337,0.31314000000000003,0.32396222222222215,0.32159777777777776,0.3194088888888889,0.3179888888888889,0.3210022222222222,0.3220177777777778,0.3197511111111111,0.32493555555555553,0.32018444444444444,0.31721777777777777,0.3911777777777779,0.3902698412698413,0.39446349206349207,0.3937142857142857,0.39076111111111117,0.39234285714285716,0.3908873015873016,0.3880285714285715,0.386534126984127,0.39834603174603184,0.40022698412698415,0.3984103174603174,0.39535873015873013,0.3944539682539682,0.3996452380952381,0.26737962962962963,0.27375370370370367,0.27734444444444445,0.27667222222222226,0.27823888888888887,0.2661722222222222,0.26345555555555555,0.2567888888888889,0.25873703703703704,0.27647407407407404,0.28055,0.2784333333333333,0.26330925925925924,0.26399074074074075,0.27406111111111114,0.27293597883597887,0.2767010582010582,0.2764761904761905,0.27676613756613755,0.27736455026455026,0.27175925925925926,0.26983121693121703,0.268994708994709,0.26949947089947085,0.2872708994708995,0.2860195767195767,0.28663862433862436,0.283426455026455,0.2830343915343915,0.289104761904762,Male,5,5-7,Elementary,S,NC,R16S14b5_info1_250Hz_gu2_AEP.conn
R16A06G10,R16A06g10_info1_250Hz_gu3_AEP.conn,gu3,0.3121296296296296,0.31709259259259254,0.3177925925925926,0.3154333333333334,0.3134148148148148,0.3234666666666666,0.3236,0.32420740740740744,0.34848148148148145,0.3545333333333333,0.3544629629629629,0.3502148148148148,0.3526777777777778,0.35402222222222224,0.35919259259259256,0.39268222222222227,0.3927511111111111,0.39218666666666663,0.38981111111111116,0.3877511111111111,0.3854444444444445,0.3852088888888889,0.3844333333333333,0.3835488888888889,0.39232666666666666,0.39333111111111113,0.39054888888888895,0.37840888888888885,0.37841111111111114,0.3932955555555556,0.3075066666666667,0.30573555555555554,0.3041422222222222,0.3044155555555556,0.30664888888888886,0.30308888888888885,0.29992222222222226,0.3014622222222222,0.3073755555555556,0.29468000000000005,0.2947466666666666,0.2968911111111111,0.27978,0.28152444444444447,0.29262000000000005,0.27342698412698413,0.2727825396825397,0.2702301587301587,0.2686468253968254,0.2680738095238095,0.26969365079365076,0.2713230158730159,0.2728833333333333,0.2728476190476191,0.2839944444444445,0.28167460317460313,0.2813896825396825,0.28473174603174606,0.2850111111111111,0.2821349206349207,0.355325925925926,0.3532888888888888,0.35232777777777774,0.3507222222222222,0.35127962962962966,0.35875555555555555,0.35710000000000003,0.3591777777777778,0.35978518518518515,0.36196296296296304,0.36213333333333336,0.36167962962962963,0.37161111111111117,0.37129814814814815,0.3608722222222222,0.27537936507936506,0.27304920634920626,0.2747830687830688,0.27696031746031746,0.27841693121693123,0.2803095238095238,0.2792015873015873,0.27767301587301585,0.27592169312169323,0.2794682539682539,0.2810412698412698,0.28166402116402117,0.28419206349206344,0.2821238095238095,0.28130687830687834,Female,10,8-12,Elementary,A,NC,R16A06g10_info1_250Hz_gu2_AEP.conn
R16E06Y08G8,R16E06y08g8_info1_250Hz_gu3_AEP.conn,gu3,0.23724074074074075,0.23789999999999997,0.23719629629629632,0.2325222222222222,0.22958888888888887,0.24566296296296294,0.2519074074074074,0.2550962962962963,0.2704111111111111,0.25960740740740745,0.2585592592592593,0.25608888888888887,0.2727407407407408,0.2733481481481482,0.2559814814814814,0.3041711111111111,0.3032444444444444,0.3005244444444445,0.2939711111111111,0.29136666666666666,0.30377333333333334,0.30266888888888893,0.30008666666666667,0.2951911111111111,0.2917955555555556,0.28887333333333337,0.28448,0.29841333333333336,0.29692444444444444,0.2924688888888889,0.28486,0.29114,0.2878844444444445,0.2818377777777778,0.27494222222222225,0.27029333333333333,0.27219777777777776,0.27335777777777776,0.27515999999999996,0.2709488888888889,0.2669577777777778,0.26328666666666667,0.25697555555555557,0.2576688888888889,0.26546888888888887,0.2733380952380953,0.27132539682539686,0.27119126984126984,0.2718007936507936,0.27019999999999994,0.2727047619047619,0.27079126984126983,0.27081190476190475,0.2722896825396825,0.28433333333333327,0.2815269841269841,0.28378730158730153,0.2841579365079365,0.2839722222222222,0.28342698412698414,0.33215185185185186,0.33426481481481485,0.33781481481481485,0.33433333333333337,0.3317777777777778,0.3415574074074074,0.34154444444444443,0.33407222222222227,0.33075740740740744,0.335212962962963,0.3389166666666667,0.3378129629629629,0.3443851851851852,0.3388574074074074,0.33795740740740743,0.24382962962962956,0.24515661375661374,0.24802063492063495,0.2484597883597884,0.24959999999999996,0.25114232804232806,0.25015714285714286,0.2495783068783069,0.249442328042328,0.2548153439153439,0.25643597883597885,0.2567153439153439,0.2543238095238095,0.2536941798941799,0.258773544973545,Female,8,8-12,Elementary,E,NC,R16E06y08g8_info1_250Hz_gu2_AEP.conn
R16S08G10,R16S08g10_info1_250Hz_gu3_AEP.conn,gu3,0.2902777777777778,0.2921481481481482,0.2926814814814815,0.2892037037037037,0.28453703703703703,0.2899629629629629,0.2919296296296296,0.2920555555555555,0.3172333333333333,0.30837037037037035,0.3091296296296296,0.3064555555555555,0.2990296296296296,0.30342592592592593,0.2937037037037037,0.3030555555555555,0.3058777777777778,0.3107444444444445,0.3113133333333333,0.3092111111111111,0.30540888888888884,0.30687777777777786,0.30951999999999996,0.3088666666666667,0.29990666666666665,0.3032444444444445,0.3009733333333333,0.3069133333333333,0.30941555555555555,0.29184000000000004,0.26754222222222224,0.2709666666666667,0.2703311111111111,0.2697688888888889,0.26456444444444444,0.2794977777777778,0.2809933333333333,0.28112000000000004,0.2791311111111111,0.2767533333333333,0.27727111111111113,0.2740333333333333,0.2869911111111111,0.2882977777777777,0.28134000000000003,0.33226984126984116,0.3307103174603174,0.32926666666666665,0.3290619047619047,0.3304920634920635,0.33015476190476195,0.3279976190476191,0.3268603174603175,0.3255769841269842,0.3361380952380953,0.334552380952381,0.3350825396825397,0.3323285714285715,0.33081984126984126,0.3304777777777778,0.2636814814814815,0.2679388888888889,0.2690851851851852,0.26803518518518515,0.26997592592592595,0.2693740740740741,0.2689185185185185,0.26996666666666663,0.26958518518518515,0.2721074074074074,0.27456296296296295,0.27662222222222227,0.26972777777777773,0.2731222222222222,0.2702222222222222,0.2710693121693122,0.27233015873015876,0.27514973544973537,0.27534708994708995,0.2762973544973545,0.271168253968254,0.272558201058201,0.2756698412698413,0.276531216931217,0.27986243386243387,0.2799359788359788,0.28201322751322744,0.2811492063492063,0.2838830687830688,0.2771449735449735,Female,10,8-12,Elementary,S,NC,R16S08g10_info1_250Hz_gu2_AEP.conn
R16S23G8,R16S23g8_info1_250Hz_gu3_AEP.conn,gu3,0.26553333333333334,0.26647777777777776,0.2666296296296296,0.2634407407407407,0.26330370370370376,0.27186666666666665,0.2720888888888889,0.27084074074074077,0.2971444444444444,0.2852666666666666,0.2875111111111111,0.2880444444444445,0.2996888888888889,0.29862962962962963,0.28769259259259256,0.3209022222222222,0.32447777777777775,0.32386222222222216,0.3222577777777778,0.3201111111111111,0.32167777777777773,0.32474666666666663,0.32479555555555556,0.3243288888888889,0.3227377777777778,0.32038222222222223,0.31572,0.3221422222222222,0.32095333333333337,0.3199111111111111,0.28749555555555556,0.2894,0.28900666666666663,0.28622444444444445,0.28324222222222223,0.2944288888888889,0.2891,0.2877088888888889,0.2853266666666666,0.2873377777777778,0.28758222222222224,0.2837711111111111,0.28121111111111113,0.27821555555555555,0.28493999999999997,0.2872103174603175,0.28907142857142853,0.28838253968253974,0.2857785714285714,0.2866706349206349,0.28405,0.28298174603174603,0.28396825396825404,0.28591904761904763,0.29788809523809523,0.29770634920634925,0.2970063492063492,0.301684126984127,0.3009698412698413,0.29917936507936504,0.25833888888888895,0.2591462962962963,0.26143888888888894,0.26333333333333336,0.2615648148148148,0.25826481481481484,0.25719444444444445,0.25825370370370365,0.25695370370370374,0.2682907407407408,0.2670314814814814,0.26896111111111115,0.2626203703703704,0.26209629629629627,0.2598092592592593,0.25768571428571424,0.2596455026455026,0.26063597883597883,0.26302380952380955,0.2632312169312169,0.2559492063492064,0.256489947089947,0.2580571428571429,0.2584671957671958,0.2652015873015873,0.2637936507936508,0.2655783068783069,0.2575089947089947,0.2593920634920635,0.25913597883597883,Female,8,8-12,Elementary,S,NC,R16S23g8_info1_250Hz_gu2_AEP.conn
R16A03G07,R16A03g07_info1_250Hz_gu3_AEP.conn,gu3,0.1829962962962963,0.18077407407407406,0.1826185185185185,0.18365925925925927,0.18354814814814813,0.1972925925925926,0.1935296296296296,0.18375925925925926,0.20862222222222224,0.20943333333333336,0.20917777777777777,0.20813333333333328,0.21521851851851848,0.21194444444444446,0.20964074074074077,0.25515333333333334,0.25328666666666666,0.2504133333333333,0.24547777777777782,0.24446666666666667,0.24603555555555556,0.24355777777777776,0.2406422222222222,0.23875333333333337,0.24169555555555555,0.2383577777777778,0.2320533333333333,0.23345777777777776,0.2301022222222222,0.23238444444444445,0.2269155555555556,0.22267111111111113,0.2183622222222222,0.2151488888888889,0.2168333333333333,0.20863111111111107,0.21142000000000002,0.21375555555555553,0.21408444444444444,0.2138422222222222,0.2122777777777778,0.20825999999999997,0.20641333333333328,0.20727333333333334,0.20960222222222225,0.21453888888888892,0.21579365079365082,0.21450396825396822,0.21250396825396825,0.21252460317460317,0.21482142857142858,0.21396190476190477,0.21596904761904762,0.2161015873015873,0.22576825396825392,0.22464603174603173,0.22268650793650796,0.2297055555555556,0.22806507936507933,0.22578095238095236,0.19005185185185183,0.19397407407407408,0.19861481481481483,0.19827407407407405,0.19821851851851854,0.19562592592592595,0.1971314814814815,0.200862962962963,0.19997962962962965,0.20409074074074074,0.21015925925925924,0.21084074074074075,0.21204074074074075,0.21192037037037037,0.20951851851851852,0.20195767195767195,0.2027952380952381,0.20578095238095237,0.20808783068783065,0.20784021164021158,0.2030878306878307,0.2016343915343915,0.20170370370370372,0.20167460317460315,0.21025449735449733,0.21087460317460324,0.2118671957671958,0.20906878306878302,0.20984497354497356,0.2086613756613757,Female,7,5-7,Elementary,A,NC,R16A03g07_info1_250Hz_gu2_AEP.conn
R16S13B9,R16S13b9_info1_250Hz_gu3_AEP.conn,gu3,0.3317666666666667,0.32892962962962957,0.3240851851851852,0.3228814814814815,0.3232888888888889,0.3280444444444444,0.32628148148148145,0.3219111111111111,0.33558518518518515,0.34820370370370374,0.3436037037037037,0.34364814814814815,0.34291851851851846,0.33878518518518524,0.3350333333333333,0.3470844444444444,0.34788444444444444,0.34550000000000003,0.34410444444444444,0.34665111111111113,0.3414822222222222,0.33773555555555557,0.3354288888888889,0.3360155555555556,0.33679555555555557,0.33405555555555555,0.3316688888888889,0.3297311111111111,0.32801777777777774,0.3298,0.28693111111111114,0.2914822222222222,0.29482444444444444,0.29468222222222223,0.2903955555555555,0.2952133333333334,0.2969466666666667,0.2969688888888889,0.2932244444444444,0.29760888888888887,0.30015777777777775,0.29744000000000004,0.29144444444444445,0.2906422222222222,0.30098888888888886,0.28457380952380956,0.28552857142857146,0.2838912698412699,0.28406825396825397,0.2867047619047619,0.28092539682539686,0.28206111111111115,0.28298095238095244,0.2845063492063492,0.2940166666666667,0.29577142857142863,0.29564523809523807,0.29656984126984126,0.2968007936507937,0.2916896825396825,0.23517037037037036,0.23463333333333333,0.2320425925925926,0.22674629629629628,0.21692222222222224,0.2233314814814815,0.22466111111111112,0.22481851851851853,0.22586666666666666,0.23969259259259257,0.23759629629629628,0.2326111111111111,0.23345555555555556,0.2362388888888889,0.22885740740740743,0.23548148148148146,0.23493280423280424,0.2348449735449736,0.2346259259259259,0.23519947089947088,0.22909629629629635,0.2278978835978837,0.22732116402116403,0.22727407407407407,0.24518412698412698,0.24399735449735444,0.24415873015873016,0.24081005291005303,0.23978148148148146,0.24238730158730162,Male,9,8-12,Elementary,S,NC,R16S13b9_info1_250Hz_gu2_AEP.conn
R16BF06G8,R16BF06g8_info1_250Hz_gu3_AEP.conn,gu3,0.2707185185185185,0.2776666666666667,0.2797407407407408,0.27620370370370373,0.27724444444444446,0.2846333333333333,0.28496666666666665,0.2826777777777778,0.31520370370370365,0.3123962962962963,0.3149037037037037,0.31205185185185186,0.3144962962962963,0.3105888888888889,0.31520370370370365,0.39180666666666664,0.3908022222222222,0.3891866666666667,0.38934888888888897,0.3884444444444445,0.3883066666666667,0.38800666666666667,0.3869711111111111,0.3864444444444445,0.3943555555555555,0.39224222222222216,0.3916688888888889,0.39744888888888885,0.3949866666666667,0.39042444444444446,0.3468933333333334,0.3440977777777778,0.34274,0.3434377777777778,0.3449644444444445,0.34166444444444444,0.3397288888888889,0.3399488888888889,0.34302444444444447,0.3440844444444444,0.34218444444444446,0.34223777777777775,0.3461355555555556,0.3456288888888889,0.34390888888888893,0.3157999999999999,0.3177920634920635,0.31768174603174604,0.31742380952380955,0.3150261904761905,0.31273412698412706,0.313565873015873,0.3142706349206349,0.3120515873015873,0.32523095238095234,0.325334126984127,0.32383095238095233,0.32195793650793647,0.3217714285714286,0.3197912698412698,0.31145,0.30821296296296297,0.30391851851851853,0.3052111111111111,0.3086722222222222,0.3043537037037037,0.3026777777777778,0.3036222222222222,0.3056870370370371,0.31989814814814815,0.31334814814814815,0.31249074074074074,0.3099740740740741,0.31084259259259256,0.30476296296296296,0.29044444444444445,0.28984708994708996,0.28841481481481485,0.28737936507936507,0.28820846560846564,0.2889084656084656,0.2879656084656085,0.28614761904761904,0.28729312169312166,0.2973349206349206,0.2929825396825397,0.29175608465608455,0.2927005291005291,0.2911693121693121,0.2930539682539683,Female,8,8-12,Elementary,S,NC,R16BF06g8_info1_250Hz_gu2_AEP.conn
R16A07B12,R16A07b12_info1_250Hz_gu3_AEP.conn,gu3,0.3009555555555556,0.29732592592592594,0.29976296296296295,0.31880000000000003,0.31799999999999995,0.2952740740740741,0.29256296296296297,0.2980555555555556,0.3202962962962963,0.30116666666666664,0.30348148148148146,0.31935925925925923,0.3026888888888889,0.30273333333333335,0.2868,0.3262111111111111,0.32370444444444446,0.32495555555555555,0.3324577777777778,0.3348022222222222,0.3325933333333333,0.3286911111111111,0.3262711111111111,0.32894888888888885,0.32555111111111107,0.3276044444444445,0.33361777777777774,0.33289777777777774,0.33333555555555555,0.33140444444444445,0.3124822222222222,0.31510888888888894,0.31991555555555556,0.32018,0.3167688888888889,0.3135155555555555,0.3124266666666667,0.3119644444444445,0.3154488888888889,0.3108311111111111,0.3159022222222222,0.31805333333333335,0.30671111111111105,0.31047111111111114,0.31212,0.3272888888888889,0.32218095238095235,0.32365555555555553,0.3218730158730159,0.32262142857142856,0.3243642857142857,0.32509920634920636,0.32484047619047624,0.32201746031746037,0.33320396825396825,0.33434444444444444,0.3317166666666666,0.3368190476190476,0.33738015873015875,0.3315634920634921,0.33879444444444445,0.33077962962962965,0.32587037037037037,0.32390370370370364,0.32490555555555556,0.3346703703703704,0.3376592592592593,0.32962037037037034,0.32700370370370374,0.33885925925925936,0.33618333333333333,0.33580370370370366,0.3528574074074074,0.34848703703703704,0.3337203703703704,0.2743529100529101,0.2710021164021164,0.2668587301587301,0.2646523809523809,0.26365608465608464,0.2654539682539682,0.2632846560846562,0.2641730158730159,0.2662259259259259,0.2767455026455027,0.27421428571428563,0.2731269841269841,0.27326402116402115,0.2777677248677249,0.27428783068783064,Male,12,8-12,Secondary,A,NC,R16A07b12_info1_250Hz_gu2_AEP.conn
R16E01Y10G,R16E01y10g_info1_250Hz_gu3_AEP.conn,gu3,0.3395888888888889,0.3348518518518519,0.33131111111111117,0.33165925925925926,0.339937037037037,0.34248148148148144,0.34445185185185184,0.34416296296296295,0.3516925925925926,0.34793333333333337,0.34185925925925925,0.3432037037037037,0.35645185185185185,0.3545037037037037,0.33896296296296297,0.33931555555555554,0.33568,0.32762888888888886,0.3312711111111112,0.3358511111111111,0.34782,0.34106000000000003,0.3370066666666667,0.3369688888888889,0.32671111111111106,0.31761111111111107,0.32301555555555556,0.3362244444444445,0.3337466666666667,0.3252333333333333,0.3227733333333333,0.32097333333333333,0.3210577777777778,0.3211755555555556,0.31770000000000004,0.32209111111111105,0.3214044444444445,0.3185888888888889,0.3121933333333334,0.30465333333333333,0.3044688888888889,0.30759777777777775,0.31066666666666676,0.30829999999999996,0.30483333333333335,0.32929206349206347,0.32772460317460317,0.3266206349206349,0.3277619047619048,0.33072698412698415,0.33038412698412706,0.3302896825396826,0.3289642857142857,0.3287912698412698,0.34323333333333333,0.34137698412698414,0.3431984126984127,0.34444603174603167,0.34277222222222214,0.34301587301587294,0.2686925925925926,0.2664462962962963,0.26821296296296293,0.2697185185185185,0.26885555555555557,0.26959814814814814,0.27088333333333336,0.2719888888888889,0.27088148148148145,0.2691981481481482,0.26930925925925925,0.27121666666666666,0.27067777777777774,0.2742851851851852,0.26723518518518513,0.2721994708994709,0.27382222222222224,0.27357830687830687,0.2740640211640211,0.27194973544973544,0.2717846560846561,0.27240052910052903,0.27035714285714285,0.27135873015873013,0.28149259259259257,0.28050317460317453,0.28120899470899474,0.27808783068783066,0.2767037037037037,0.28189841269841265,Female,10,8-12,Elementary,E,NC,R16E01y10g_info1_250Hz_gu2_AEP.conn
R16X01S_G10,R16x01S_g10_info1_250Hz_gu3_AEP.conn,gu3,0.22252962962962963,0.2205407407407408,0.21235555555555555,0.21147037037037034,0.21131481481481482,0.21547037037037034,0.22244444444444444,0.22314074074074075,0.25097407407407407,0.24324074074074076,0.23682962962962964,0.23774074074074072,0.2518,0.247437037037037,0.232437037037037,0.2517422222222222,0.25261333333333336,0.24834444444444442,0.2508755555555556,0.25460888888888894,0.24762888888888884,0.24523333333333333,0.2505866666666667,0.2526688888888889,0.26196222222222226,0.2599755555555555,0.2636888888888889,0.2529488888888889,0.25823777777777773,0.2566133333333333,0.2555355555555555,0.25870444444444446,0.26171999999999995,0.25954222222222223,0.2576311111111111,0.26464,0.2662955555555555,0.2675822222222222,0.26287999999999995,0.2471311111111111,0.25043333333333334,0.25244666666666665,0.25671333333333335,0.2639288888888888,0.24953333333333333,0.28888174603174605,0.2874944444444445,0.28907539682539685,0.2899587301587302,0.291218253968254,0.2850888888888889,0.284563492063492,0.28489682539682537,0.2831968253968254,0.30044841269841266,0.3021642857142857,0.3028952380952381,0.2965047619047619,0.2983484126984127,0.300368253968254,0.24963333333333335,0.24874259259259257,0.2508185185185185,0.25031296296296296,0.24715,0.2335611111111111,0.23591111111111107,0.23523518518518516,0.23546296296296299,0.25212962962962965,0.2522518518518519,0.2508222222222222,0.23683703703703704,0.23675185185185188,0.245462962962963,0.2622608465608466,0.26295026455026466,0.2614148148148148,0.26153386243386245,0.26281322751322744,0.25896507936507934,0.2625275132275133,0.26446031746031745,0.26572380952380953,0.27357407407407414,0.27142010582010584,0.2726798941798942,0.2703814814814815,0.27283174603174604,0.27214497354497347,Female,10,8-12,Elementary,S,NC,R16x01S_g10_info1_250Hz_gu2_AEP.conn
R16E02Y06B,R16E02y06b_info1_250Hz_gu3_AEP.conn,gu3,0.3313185185185185,0.3233,0.32152222222222226,0.3226481481481482,0.32471481481481484,0.3333185185185185,0.3299666666666667,0.3265444444444444,0.3461,0.35612962962962963,0.3554851851851852,0.3552074074074074,0.3616111111111111,0.3555888888888889,0.36215925925925924,0.40925333333333336,0.4023333333333333,0.39936,0.3998666666666667,0.40114,0.4157466666666666,0.40635111111111105,0.39644444444444443,0.3973088888888888,0.39967555555555556,0.3954911111111111,0.39531555555555553,0.3999977777777778,0.39015999999999995,0.39703555555555553,0.40502000000000005,0.40221777777777773,0.4037288888888888,0.40628000000000003,0.4073355555555557,0.39858444444444446,0.3998911111111111,0.4052511111111111,0.4064577777777777,0.38985777777777775,0.3892688888888889,0.39026666666666665,0.3878533333333333,0.3905155555555556,0.3906466666666667,0.4135095238095238,0.40984285714285723,0.40854206349206346,0.40637301587301594,0.4058261904761905,0.4091134920634921,0.4103714285714286,0.4068436507936508,0.40943095238095234,0.4165222222222222,0.4167079365079364,0.41517142857142864,0.4138968253968255,0.4144999999999999,0.41926190476190467,0.3483703703703704,0.34418333333333334,0.34153703703703703,0.34076666666666666,0.34084999999999993,0.33878333333333327,0.34019629629629633,0.33051111111111114,0.33055555555555555,0.33589629629629636,0.3305814814814815,0.3290166666666667,0.3249148148148148,0.3239074074074074,0.33593888888888884,0.3935899470899472,0.39516825396825406,0.39627142857142855,0.3952936507936508,0.394389947089947,0.39886243386243386,0.40082380952380964,0.40057936507936515,0.4000835978835979,0.39768835978835976,0.3940185185185185,0.3940216931216931,0.3993820105820106,0.39976190476190476,0.4013539682539683,Female,6,5-7,Elementary,E,NC,R16E02y06b_info1_250Hz_gu2_AEP.conn
R16E14B10,R16E14b10_info1_250Hz_gu3_AEP.conn,gu3,0.18572222222222223,0.18425185185185186,0.18681851851851852,0.1831851851851852,0.18236296296296298,0.18006296296296295,0.18237037037037038,0.1867296296296296,0.22064814814814815,0.21282222222222222,0.21422222222222223,0.2143185185185185,0.21576666666666666,0.2191185185185185,0.21389629629629625,0.23552000000000003,0.2347,0.2374555555555556,0.23823111111111112,0.23869333333333334,0.23362,0.23736000000000002,0.2386222222222222,0.2375755555555555,0.23548888888888891,0.23711777777777776,0.2374422222222222,0.24136444444444444,0.2442111111111111,0.23953555555555556,0.2650555555555556,0.2647822222222222,0.26455555555555554,0.26192444444444446,0.26102666666666663,0.2635311111111111,0.26504222222222223,0.26354222222222223,0.2630911111111111,0.2592022222222222,0.26147333333333334,0.26066,0.2635288888888889,0.2630688888888889,0.2642666666666667,0.2705928571428571,0.2702436507936508,0.26952936507936504,0.2699071428571429,0.2703015873015873,0.26797539682539684,0.2673611111111111,0.26713888888888887,0.2671206349206349,0.2835404761904762,0.2827706349206349,0.2837174603174603,0.2826888888888889,0.2830825396825397,0.2837484126984127,0.22788333333333333,0.2281574074074074,0.22647592592592594,0.22582037037037037,0.22789814814814813,0.2253388888888889,0.22362407407407406,0.22117962962962967,0.22312222222222222,0.22623333333333331,0.22508148148148147,0.22605740740740735,0.22683333333333333,0.22520740740740744,0.22647962962962961,0.17754126984126983,0.17862116402116407,0.180473544973545,0.18109682539682542,0.17997513227513226,0.1774121693121693,0.17737301587301588,0.17851851851851852,0.18019682539682536,0.1874656084656085,0.1886031746031746,0.18967883597883595,0.18607301587301592,0.1873269841269841,0.18824920634920633,Male,10,8-12,Elementary,E,NC,R16E14b10_info1_250Hz_gu2_AEP.conn
R16E11B5,R16E11b5_info1_250Hz_gu3_AEP.conn,gu3,0.20587037037037037,0.2060814814814815,0.20757037037037038,0.20715555555555554,0.20496296296296293,0.2081185185185185,0.21191111111111108,0.21782592592592595,0.24492962962962964,0.2336259259259259,0.22911481481481485,0.23005555555555557,0.2386851851851852,0.24254814814814818,0.23254444444444444,0.28388888888888886,0.28008222222222223,0.2796533333333333,0.2798155555555556,0.2814711111111111,0.2852133333333333,0.2850288888888889,0.28562666666666664,0.28188,0.2821866666666667,0.27786000000000005,0.27529777777777775,0.2845533333333333,0.2837,0.2795666666666667,0.27754,0.2774888888888889,0.27226444444444436,0.2673377777777778,0.26732222222222224,0.2770511111111111,0.2725911111111111,0.26899111111111107,0.26846222222222227,0.28178888888888887,0.27639333333333327,0.27072666666666667,0.27179777777777775,0.2677777777777778,0.2737111111111111,0.26389523809523807,0.2624460317460317,0.26359920634920636,0.26473650793650794,0.2657119047619048,0.26579206349206347,0.26482142857142854,0.2654404761904762,0.265197619047619,0.2728166666666666,0.2730888888888889,0.27295317460317464,0.27650555555555556,0.2758833333333333,0.27157063492063493,0.21928148148148144,0.2160277777777778,0.21863333333333332,0.22278333333333333,0.2267148148148148,0.2237185185185185,0.22141851851851854,0.22546296296296298,0.22970925925925925,0.23421111111111115,0.23579629629629628,0.23839074074074074,0.23772222222222225,0.23997222222222223,0.2364962962962963,0.213278835978836,0.21369047619047618,0.21165661375661374,0.21263386243386245,0.2110793650793651,0.21265079365079373,0.21192645502645505,0.21243015873015872,0.21296878306878303,0.22403809523809523,0.22389735449735454,0.224289417989418,0.2237164021164022,0.22391269841269842,0.226310582010582,Male,5,5-7,Elementary,E,NC,R16E11b5_info1_250Hz_gu2_AEP.conn
R16BF01B10,R16BF01b10_info1_250Hz_gu3_AEP.conn,gu3,0.2635148148148148,0.2634814814814815,0.2665296296296296,0.2602185185185185,0.2572851851851852,0.26633703703703704,0.2652925925925926,0.26242592592592595,0.28253703703703703,0.28724074074074074,0.29145185185185185,0.2846666666666667,0.2852222222222222,0.28117037037037035,0.2821222222222222,0.3229688888888889,0.3220577777777778,0.32188000000000005,0.32624444444444445,0.3250177777777778,0.33183555555555555,0.33170222222222223,0.3418377777777778,0.3371644444444445,0.3181155555555556,0.3200666666666666,0.3220088888888889,0.3243155555555556,0.3341577777777778,0.3204711111111111,0.3074266666666666,0.30689555555555553,0.3043444444444445,0.3032755555555556,0.30469111111111113,0.31183333333333335,0.29876222222222226,0.29769333333333337,0.2967711111111111,0.2989511111111111,0.29715333333333327,0.29954000000000003,0.2966622222222222,0.29555777777777775,0.30224666666666666,0.3812912698412699,0.3869023809523809,0.3879531746031746,0.38858571428571426,0.3892801587301587,0.37351031746031754,0.37204603174603174,0.37383333333333335,0.37573571428571434,0.3950150793650794,0.39539841269841275,0.39808809523809524,0.38597777777777775,0.3883928571428572,0.3956325396825397,0.3403407407407408,0.33622407407407406,0.3341648148148148,0.3371203703703704,0.333737037037037,0.32413148148148146,0.32430555555555557,0.3249925925925926,0.32104629629629633,0.3398018518518519,0.3408222222222222,0.3445240740740741,0.3353518518518519,0.33639074074074077,0.33937962962962964,0.28877248677248674,0.29193544973544977,0.29644920634920635,0.29609894179894186,0.2947306878306879,0.2821460317460317,0.2855867724867725,0.28736825396825394,0.2850756613756613,0.2977169312169312,0.30349047619047614,0.3034820105820106,0.2963767195767197,0.29609153439153435,0.3049941798941799,Male,10,8-12,Elementary,S,NC,R16BF01b10_info1_250Hz_gu2_AEP.conn
R16S12G8,R16S12g8_info1_250Hz_gu3_AEP.conn,gu3,0.3002777777777778,0.29891111111111107,0.2997666666666667,0.30707777777777784,0.30932592592592595,0.30248888888888886,0.3035481481481481,0.3062962962962963,0.3228962962962963,0.3183888888888889,0.3203222222222222,0.32648518518518516,0.3205777777777778,0.32347037037037035,0.32401851851851854,0.29220444444444443,0.29502000000000006,0.29793777777777775,0.29166,0.28982444444444444,0.2930311111111112,0.2907644444444445,0.2902711111111111,0.29003555555555555,0.29221555555555556,0.29536444444444443,0.28647999999999996,0.28452,0.28469777777777777,0.2877644444444444,0.21970666666666666,0.2215444444444444,0.22066,0.21222444444444447,0.20778666666666665,0.20803333333333335,0.20693999999999999,0.2032888888888889,0.20287555555555556,0.21787555555555554,0.21693333333333334,0.20787999999999998,0.20269555555555557,0.20028666666666667,0.21061333333333337,0.2946857142857143,0.2931849206349207,0.2948753968253968,0.294515873015873,0.29460634920634915,0.293615873015873,0.2956190476190476,0.2978960317460318,0.2986412698412698,0.3092261904761905,0.3101873015873015,0.3100642857142858,0.31002857142857143,0.3106515873015873,0.31055,0.25840555555555556,0.2611333333333334,0.2599037037037037,0.2579537037037037,0.2566481481481482,0.25818148148148146,0.2536018518518519,0.25417222222222224,0.2559444444444445,0.2744611111111111,0.2705444444444445,0.2684111111111111,0.2669574074074074,0.2673685185185185,0.2688981481481481,0.20939153439153438,0.20862592592592594,0.2086502645502645,0.20932486772486772,0.21038042328042333,0.20719047619047615,0.20554497354497356,0.20602486772486775,0.20887883597883605,0.22217354497354497,0.22097301587301588,0.22144285714285722,0.22153386243386242,0.22259629629629626,0.22175238095238098,Female,8,8-12,Elementary,S,NC,R16S12g8_info1_250Hz_gu2_AEP.conn
R16S15B10,R16S15b10_info1_250Hz_gu3_AEP.conn,gu3,0.23695555555555556,0.2306703703703704,0.22645555555555555,0.22332962962962966,0.22327407407407407,0.2297,0.22925925925925927,0.22442592592592595,0.2534407407407408,0.25555925925925926,0.2533518518518519,0.25173703703703704,0.254537037037037,0.25259629629629626,0.248262962962963,0.26170444444444446,0.2594955555555556,0.2567622222222222,0.25666,0.2547711111111111,0.2664311111111111,0.26511111111111113,0.26334888888888885,0.25899555555555553,0.26082222222222223,0.2580577777777778,0.25717111111111113,0.2723866666666666,0.2703444444444444,0.2619,0.20261999999999997,0.20335777777777775,0.20353555555555553,0.20781333333333335,0.20896444444444445,0.20136222222222222,0.19986444444444443,0.20257999999999998,0.2020777777777778,0.1978333333333333,0.19723333333333332,0.19886888888888893,0.2028688888888889,0.20559333333333335,0.19861333333333336,0.2406174603174603,0.24215000000000003,0.2415650793650794,0.24024444444444443,0.23898492063492063,0.2400087301587302,0.23879999999999998,0.23651031746031742,0.23679603174603178,0.2557015873015873,0.25602857142857144,0.2552761904761905,0.2523579365079365,0.25144126984126985,0.2578888888888889,0.23573703703703708,0.23416111111111115,0.23286851851851853,0.23068703703703705,0.23247222222222227,0.23236666666666664,0.23185185185185186,0.23194259259259256,0.2322537037037037,0.24324814814814813,0.24354444444444442,0.2421796296296296,0.24635740740740739,0.2452240740740741,0.2473185185185185,0.17371058201058204,0.17446137566137565,0.17305873015873013,0.17081058201058205,0.16874761904761906,0.17585661375661374,0.17572433862433867,0.17214497354497352,0.17023650793650794,0.1812624338624339,0.18225502645502645,0.181721164021164,0.18315026455026454,0.1802740740740741,0.18381693121693116,Male,10,8-12,Elementary,S,NC,R16S15b10_info1_250Hz_gu2_AEP.conn
R16E12B9,R16E12b9_info1_250Hz_gu3_AEP.conn,gu3,0.30824074074074076,0.29782962962962967,0.28122592592592593,0.2818629629629629,0.2937222222222222,0.3144,0.3175777777777778,0.31121481481481483,0.32216666666666666,0.31332592592592595,0.2980333333333334,0.2970259259259259,0.3336666666666667,0.32406666666666667,0.30601111111111107,0.34332666666666667,0.3300444444444445,0.32463333333333333,0.3217866666666666,0.32587777777777777,0.3519244444444445,0.35248222222222225,0.33864222222222223,0.3291822222222222,0.31690888888888885,0.3207555555555556,0.3187444444444444,0.3425533333333334,0.33130888888888893,0.3332177777777778,0.31615111111111116,0.3163911111111111,0.3195955555555555,0.3118288888888888,0.30822,0.2997488888888889,0.3002666666666667,0.3060555555555556,0.3041533333333334,0.30038,0.29947777777777784,0.28842222222222225,0.28836,0.29020888888888885,0.28422222222222226,0.3069563492063492,0.3100563492063491,0.3042587301587302,0.2984976190476191,0.29724761904761904,0.295102380952381,0.29543253968253974,0.2918166666666666,0.28808412698412694,0.31949523809523805,0.3105293650793651,0.30587301587301585,0.30905476190476194,0.30583650793650785,0.30815238095238096,0.31649444444444447,0.31190740740740747,0.30509259259259264,0.3077185185185185,0.31103703703703706,0.30848518518518514,0.30863333333333337,0.31065185185185185,0.31103703703703706,0.31976851851851856,0.3139166666666667,0.31968703703703705,0.32076296296296297,0.3208944444444444,0.3184888888888889,0.2976825396825397,0.2965248677248677,0.29626084656084656,0.2964777777777778,0.2979703703703704,0.30218201058201055,0.30242857142857144,0.3010391534391535,0.30131375661375664,0.30315978835978835,0.3042100529100529,0.3060576719576719,0.3085100529100529,0.30740952380952385,0.3073121693121693,Male,9,8-12,Elementary,E,NC,R16E12b9_info1_250Hz_gu2_AEP.conn
R16E05G10,R16E05g10_info1_250Hz_gu3_AEP.conn,gu3,0.20575925925925928,0.20284814814814814,0.2086962962962963,0.2107,0.211162962962963,0.20504444444444445,0.20551481481481482,0.2064296296296296,0.23277037037037038,0.23365925925925923,0.23528888888888888,0.23570000000000002,0.23768888888888884,0.23852592592592595,0.24406296296296295,0.27221555555555554,0.27389555555555556,0.2764844444444444,0.2763244444444445,0.2734533333333333,0.2686066666666667,0.27334444444444445,0.2750711111111111,0.27938,0.2626288888888889,0.2673933333333333,0.2683622222222222,0.2648511111111111,0.2664222222222222,0.26704666666666665,0.24028222222222223,0.23762222222222223,0.23656666666666668,0.2393755555555556,0.23624444444444442,0.22333111111111115,0.22797111111111112,0.23604666666666665,0.24108000000000004,0.22182,0.22114666666666666,0.22542444444444443,0.21561333333333335,0.2231377777777778,0.21660222222222222,0.26629206349206347,0.2626944444444444,0.25821269841269845,0.2588166666666667,0.26151587301587303,0.26497698412698406,0.26359365079365077,0.2601222222222222,0.2605611111111111,0.2734722222222222,0.2705087301587301,0.2717746031746032,0.27748333333333336,0.27649920634920633,0.27224206349206354,0.24202222222222222,0.24074444444444443,0.2403574074074074,0.23725370370370372,0.2379703703703704,0.2427703703703704,0.25256666666666666,0.24768148148148147,0.24428888888888892,0.23914999999999997,0.23757407407407408,0.23399444444444448,0.2543055555555555,0.2534462962962963,0.23975000000000002,0.203978835978836,0.20489682539682538,0.20587037037037034,0.20815820105820104,0.208610582010582,0.2076132275132275,0.21059735449735448,0.21005132275132277,0.20874867724867727,0.21476772486772489,0.2153957671957672,0.21717883597883597,0.221958201058201,0.22055185185185183,0.21522169312169312,Female,10,8-12,Elementary,E,NC,R16E05g10_info1_250Hz_gu2_AEP.conn
R16S11B10,R16S11b10_info1_250Hz_gu3_AEP.conn,gu3,0.22085555555555558,0.2232333333333333,0.22345555555555555,0.21763703703703705,0.21819999999999998,0.2169777777777778,0.22212592592592592,0.2304185185185185,0.25725185185185184,0.259474074074074,0.25880740740740743,0.25506666666666666,0.2634518518518519,0.2677296296296296,0.26512592592592593,0.27142888888888883,0.27236444444444446,0.27351111111111115,0.2788044444444444,0.28108666666666665,0.2641888888888889,0.26428666666666667,0.2676311111111111,0.2724844444444445,0.2699755555555555,0.27102888888888893,0.2773733333333333,0.26990000000000003,0.27233999999999997,0.2773377777777778,0.25142000000000003,0.2499688888888889,0.25182444444444446,0.25288666666666665,0.25210666666666665,0.24544000000000005,0.24693111111111107,0.2491688888888889,0.2533844444444444,0.25761333333333336,0.25489555555555554,0.25484888888888885,0.2476222222222222,0.24808222222222223,0.2554133333333334,0.2494793650793651,0.24877857142857146,0.25035555555555555,0.2530293650793651,0.253865873015873,0.244815873015873,0.2446190476190476,0.24841031746031747,0.24913095238095237,0.26398095238095237,0.266579365079365,0.2679111111111111,0.2607507936507936,0.2635293650793651,0.26533730158730157,0.2528814814814815,0.24707777777777776,0.24672222222222226,0.2442388888888889,0.24259629629629628,0.24909814814814812,0.24757407407407406,0.2452537037037037,0.24956111111111112,0.25537777777777776,0.25316481481481484,0.2500222222222222,0.25182777777777776,0.24825,0.2534555555555556,0.22257566137566137,0.22300317460317454,0.22068042328042325,0.21971375661375664,0.21796349206349208,0.22114074074074072,0.22142804232804233,0.21971058201058202,0.2176365079365079,0.22731428571428572,0.22738941798941797,0.22544973544973543,0.22752010582010587,0.2252640211640212,0.2264275132275133,Male,10,8-12,Elementary,S,NC,R16S11b10_info1_250Hz_gu2_AEP.conn
R16S19B10,R16S19b10_info1_250Hz_gu3_AEP.conn,gu3,0.32627777777777783,0.3231111111111111,0.3258592592592593,0.3249148148148148,0.32444074074074075,0.32439999999999997,0.3261148148148148,0.3224740740740741,0.3381444444444444,0.3418222222222222,0.3434111111111111,0.3402296296296296,0.3479814814814815,0.3446666666666667,0.3400925925925926,0.32189555555555555,0.32569333333333333,0.3274555555555556,0.32020666666666664,0.31711999999999996,0.3265822222222222,0.32810222222222224,0.3259444444444444,0.32194,0.33666222222222225,0.34072,0.3350711111111111,0.33383111111111113,0.33190444444444445,0.3383555555555556,0.3223533333333333,0.3285288888888888,0.3314977777777778,0.3285688888888889,0.32498666666666665,0.32728,0.3318311111111111,0.33425111111111117,0.3345488888888889,0.3422711111111111,0.34728222222222216,0.34661333333333333,0.3346,0.3375888888888889,0.3458911111111111,0.4074515873015873,0.4055071428571428,0.40515952380952386,0.4049873015873015,0.40454682539682535,0.4107428571428571,0.4092007936507936,0.40882142857142856,0.40971428571428564,0.4181674603174602,0.4182253968253968,0.41873730158730166,0.4232515873015873,0.4227055555555555,0.42598412698412697,0.32292777777777776,0.324412962962963,0.3259888888888889,0.32630000000000003,0.32684444444444444,0.3260277777777778,0.3244370370370371,0.32240555555555556,0.32222222222222224,0.3172814814814815,0.32063518518518513,0.3221851851851852,0.32886111111111116,0.32821851851851847,0.32612037037037034,0.32873597883597877,0.32604021164021163,0.3242047619047619,0.32484603174603166,0.32562116402116403,0.3285179894179894,0.3276603174603175,0.3282486772486773,0.3289185185185186,0.33624126984126984,0.33741111111111116,0.33740634920634915,0.3373227513227513,0.3383539682539683,0.34009629629629634,Male,10,8-12,Elementary,S,NC,R16S19b10_info1_250Hz_gu2_AEP.conn
R16S18G10,R16S18g10_info1_250Hz_gu3_AEP.conn,gu3,0.24808148148148146,0.2506851851851852,0.25069259259259263,0.25196666666666667,0.2528518518518518,0.2578814814814815,0.2609037037037037,0.2622,0.2952925925925926,0.28938148148148146,0.2878555555555556,0.28771111111111114,0.297,0.2973925925925926,0.2929814814814815,0.3139222222222222,0.3108444444444444,0.30890222222222224,0.3064688888888889,0.3075066666666666,0.3122755555555556,0.3108666666666667,0.31103777777777775,0.3082555555555556,0.31077777777777776,0.3074888888888889,0.3054777777777778,0.31032888888888893,0.3111066666666667,0.31019777777777774,0.2903022222222222,0.28744222222222227,0.2871844444444444,0.2836288888888889,0.2822488888888889,0.2841044444444444,0.27886222222222223,0.28008888888888894,0.2820977777777778,0.28369333333333335,0.2834288888888889,0.2809733333333333,0.27628,0.2772533333333333,0.2829755555555556,0.3074253968253968,0.3084142857142857,0.30871190476190474,0.30789682539682545,0.30743095238095236,0.3116079365079365,0.311863492063492,0.3110896825396826,0.31076031746031746,0.3195206349206349,0.3192730158730158,0.31865476190476183,0.31997301587301585,0.32077222222222224,0.3199634920634921,0.24950185185185184,0.24877222222222226,0.2488648148148148,0.24760555555555555,0.24774074074074073,0.25117962962962964,0.2511277777777778,0.2502314814814815,0.25230370370370364,0.26061666666666666,0.2600444444444444,0.2596314814814815,0.25887592592592595,0.2616759259259259,0.26152592592592594,0.2093021164021164,0.2086396825396825,0.2093873015873016,0.21019629629629627,0.20968095238095236,0.21017142857142856,0.20964391534391535,0.2092148148148148,0.20980052910052907,0.21826137566137566,0.22035291005291008,0.2216253968253968,0.22016878306878304,0.22002804232804235,0.21939576719576717,Female,10,8-12,Elementary,S,NC,R16S18g10_info1_250Hz_gu2_AEP.conn
