participant_id,filename,condition,delta_ACtL_ACrL,delta_ACtL_ACaL,delta_ACtL_ACtR,delta_ACtL_ACrR,delta_ACtL_ACaR,delta_ACrL_ACaL,delta_ACrL_ACtR,delta_ACrL_ACrR,delta_ACrL_ACaR,delta_ACaL_ACtR,delta_ACaL_ACrR,delta_ACaL_ACaR,delta_ACtR_ACrR,delta_ACtR_ACaR,delta_ACrR_ACaR,theta_ACtL_ACrL,theta_ACtL_ACaL,theta_ACtL_ACtR,theta_ACtL_ACrR,theta_ACtL_ACaR,theta_ACrL_ACaL,theta_ACrL_ACtR,theta_ACrL_ACrR,theta_ACrL_ACaR,theta_ACaL_ACtR,theta_ACaL_ACrR,theta_ACaL_ACaR,theta_ACtR_ACrR,theta_ACtR_ACaR,theta_ACrR_ACaR,alpha_ACtL_ACrL,alpha_ACtL_ACaL,alpha_ACtL_ACtR,alpha_ACtL_ACrR,alpha_ACtL_ACaR,alpha_ACrL_ACaL,alpha_ACrL_ACtR,alpha_ACrL_ACrR,alpha_ACrL_ACaR,alpha_ACaL_ACtR,alpha_ACaL_ACrR,alpha_ACaL_ACaR,alpha_ACtR_ACrR,alpha_ACtR_ACaR,alpha_ACrR_ACaR,beta_ACtL_ACrL,beta_ACtL_ACaL,beta_ACtL_ACtR,beta_ACtL_ACrR,beta_ACtL_ACaR,beta_ACrL_ACaL,beta_ACrL_ACtR,beta_ACrL_ACrR,beta_ACrL_ACaR,beta_ACaL_ACtR,beta_ACaL_ACrR,beta_ACaL_ACaR,beta_ACtR_ACrR,beta_ACtR_ACaR,beta_ACrR_ACaR,highbeta_ACtL_ACrL,highbeta_ACtL_ACaL,highbeta_ACtL_ACtR,highbeta_ACtL_ACrR,highbeta_ACtL_ACaR,highbeta_ACrL_ACaL,highbeta_ACrL_ACtR,highbeta_ACrL_ACrR,highbeta_ACrL_ACaR,highbeta_ACaL_ACtR,highbeta_ACaL_ACrR,highbeta_ACaL_ACaR,highbeta_ACtR_ACrR,highbeta_ACtR_ACaR,highbeta_ACrR_ACaR,gamma_ACtL_ACrL,gamma_ACtL_ACaL,gamma_ACtL_ACtR,gamma_ACtL_ACrR,gamma_ACtL_ACaR,gamma_ACrL_ACaL,gamma_ACrL_ACtR,gamma_ACrL_ACrR,gamma_ACrL_ACaR,gamma_ACaL_ACtR,gamma_ACaL_ACrR,gamma_ACaL_ACaR,gamma_ACtR_ACrR,gamma_ACtR_ACaR,gamma_ACrR_ACaR,gender,age,age_group,age_group_edu,lang,lang_group,file_name
R16C28M6,R16C28m6_info1_250Hz_gu3_AEP.conn,gu3,0.27473725490196077,0.2738705882352941,0.274664705882353,0.2753745098039216,0.2726450980392156,0.26961960784313727,0.2725156862745099,0.27590784313725486,0.2840901960784314,0.2803,0.2823509803921569,0.28543529411764706,0.29566078431372556,0.29800392156862743,0.29963333333333336,0.320555294117647,0.3202847058823529,0.3191894117647059,0.31729058823529416,0.3189294117647059,0.3194129411764706,0.3202752941176471,0.3213682352941177,0.32281176470588235,0.3181447058823529,0.3183376470588236,0.3171164705882353,0.33063176470588235,0.33076941176470587,0.32922352941176475,0.3143494117647059,0.31495294117647055,0.3124482352941177,0.310215294117647,0.3118094117647059,0.3099470588235294,0.3088729411764706,0.30860470588235295,0.31006705882352953,0.30508235294117647,0.3024670588235295,0.300535294117647,0.30586941176470595,0.30543411764705886,0.3063882352941177,0.3215718487394958,0.32200294117647055,0.3211584033613445,0.3207126050420168,0.32149159663865545,0.32038109243697477,0.3199680672268907,0.31974285714285716,0.3197794117647059,0.32868529411764713,0.32665168067226885,0.3268159663865546,0.3305794117647059,0.33209033613445377,0.331720168067227,0.28794607843137254,0.2883117647058824,0.28769117647058823,0.28892254901960784,0.29091960784313725,0.2913205882352941,0.28921568627450983,0.28767647058823526,0.28753333333333336,0.2943156862745098,0.2923421568627451,0.29243725490196076,0.2963647058823529,0.29615294117647056,0.2908421568627451,0.26908291316526606,0.269309243697479,0.2701126050420168,0.2711991596638656,0.27123221288515403,0.2700207282913165,0.26904649859943974,0.2679019607843137,0.268059943977591,0.2768871148459384,0.27814621848739496,0.2788658263305322,0.2780641456582633,0.27675070028011206,0.279718487394958,Male,6,5-7,Elementary,C,C,R16C28m6_info1_250Hz_gu2_AEP.conn
R16C06B16,R16C06b16_info1_250Hz_gu3_AEP(1).conn,gu3,0.28401372549019616,0.2813176470588235,0.27928039215686273,0.27718039215686274,0.2759039215686275,0.28167843137254905,0.28148235294117646,0.2801352941176471,0.29507647058823533,0.29601372549019606,0.2934980392156863,0.2908843137254902,0.3143,0.3136294117647059,0.3080117647058824,0.33276941176470587,0.33099529411764705,0.32860941176470587,0.32793764705882356,0.3299458823529412,0.3378729411764706,0.33703647058823527,0.3372011764705882,0.33874705882352946,0.3336141176470589,0.33144000000000007,0.33224705882352945,0.3468964705882353,0.3467035294117647,0.34149294117647055,0.23843058823529412,0.2383341176470588,0.2386858823529412,0.23877882352941177,0.24019411764705886,0.2392529411764706,0.23828705882352938,0.23613058823529412,0.2346611764705882,0.2371258823529412,0.23695176470588236,0.23851999999999998,0.22800941176470588,0.22549647058823527,0.2316870588235294,0.2842025210084034,0.2860974789915967,0.28619327731092437,0.28503319327731097,0.28310798319327735,0.28822731092436976,0.2873176470588235,0.2869180672268907,0.2870478991596639,0.29390294117647064,0.29354411764705884,0.29348361344537816,0.30129033613445383,0.3006415966386555,0.3015361344537815,0.2636186274509804,0.26329705882352944,0.26254509803921566,0.26099607843137257,0.26133529411764705,0.2668862745098039,0.26579117647058825,0.265028431372549,0.26340980392156865,0.26900098039215686,0.26735686274509807,0.26519313725490196,0.27257156862745097,0.27265196078431375,0.2714598039215686,0.23661288515406154,0.2364361344537815,0.23703893557422973,0.23570644257703088,0.2358983193277311,0.2378084033613445,0.23827871148459387,0.23839327731092436,0.23788599439775907,0.23692212885154063,0.23833305322128853,0.23833137254901962,0.2412212885154061,0.24100392156862746,0.24084201680672265,Male,16,Teen,Secondary,C,C,R16C06b16_info1_250Hz_gu2_AEP(1).conn
R16MME07GU_F10,R16mme07gu_f10_info1_250Hz_gu3_AEP.conn,gu3,0.30660196078431373,0.3228529411764706,0.31531960784313723,0.31215882352941177,0.3088156862745098,0.31046274509803923,0.3049980392156863,0.3009882352941176,0.3222078431372549,0.33610588235294125,0.33146274509803925,0.3300705882352941,0.33965098039215685,0.3351745098039216,0.3401450980392157,0.36056470588235295,0.3527952941176471,0.3488741176470588,0.36136941176470583,0.3666517647058824,0.3581835294117647,0.3533647058823529,0.36323764705882355,0.3674082352941176,0.35191294117647054,0.35070823529411765,0.3635941176470588,0.3656623529411765,0.37766823529411764,0.35473764705882355,0.32789764705882357,0.315184705882353,0.3165588235294117,0.3380070588235294,0.33454235294117646,0.33754117647058823,0.32905764705882345,0.33496000000000004,0.34172352941176465,0.3326976470588235,0.3334682352941177,0.3513611764705883,0.3456423529411765,0.35342588235294115,0.33987058823529415,0.3580088235294118,0.3549134453781512,0.3522134453781512,0.3556491596638656,0.3531025210084034,0.35839705882352935,0.354759243697479,0.35755084033613443,0.36316470588235295,0.36510966386554616,0.3642613445378151,0.36716974789915974,0.3727957983193278,0.3745533613445379,0.37304369747899163,0.3368245098039216,0.33080980392156867,0.324743137254902,0.33472450980392154,0.32822549019607844,0.3428617647058824,0.3394450980392157,0.3465637254901961,0.3400705882352941,0.33527745098039213,0.3313882352941176,0.34291764705882355,0.3422186274509804,0.3465637254901961,0.33163529411764703,0.2884078431372549,0.28815770308123245,0.2914834733893557,0.29120896358543424,0.2860411764705882,0.28249691876750704,0.28395434173669465,0.2850117647058824,0.28610252100840333,0.29117198879551826,0.29407058823529414,0.2933081232492998,0.2865677871148459,0.288087675070028,0.29329775910364153,Female,10,8-12,Elementary,C,C,R16mme07gu_f10_info1_250Hz_gu2_AEP.conn
R16C18B7,R16C18b7_info1_250Hz_gu3_AEP.conn,gu3,0.3344411764705883,0.3324549019607843,0.3362411764705882,0.33770588235294113,0.3428686274509804,0.3369725490196078,0.33785882352941177,0.33813529411764714,0.35589215686274517,0.35622941176470585,0.3597725490196078,0.3597313725490195,0.3806588235294117,0.37907058823529405,0.3821156862745098,0.38843176470588237,0.38881058823529413,0.38996000000000003,0.39028000000000007,0.3922082352941177,0.38857647058823525,0.38856352941176464,0.3933247058823529,0.3948976470588235,0.39138941176470593,0.39097058823529407,0.3912611764705882,0.4008847058823529,0.4059505882352942,0.4041788235294118,0.37219058823529405,0.37219294117647056,0.37384823529411765,0.3731129411764706,0.3718388235294118,0.37876235294117644,0.3781376470588236,0.3784611764705882,0.37790823529411766,0.3790470588235294,0.3820047058823529,0.3802917647058824,0.38743999999999995,0.38635764705882353,0.38660941176470587,0.41527647058823536,0.4180294117647059,0.41680042016806723,0.41426596638655455,0.41202983193277304,0.4180806722689075,0.41632226890756296,0.41200840336134453,0.4090756302521009,0.4269483193277312,0.42544789915966386,0.41917478991596646,0.4270382352941176,0.4212289915966386,0.42720672268907567,0.3679107843137255,0.3704872549019608,0.37175392156862747,0.3727833333333333,0.3703166666666667,0.36904901960784314,0.37385784313725495,0.38039019607843133,0.3792745098039216,0.36689019607843126,0.3673833333333334,0.3694107843137255,0.37330588235294115,0.3777460784313726,0.37013823529411766,0.32898123249299716,0.32767983193277306,0.32827366946778713,0.32838375350140064,0.32971260504201677,0.3302089635854341,0.3274742296918768,0.32670140056022406,0.3287453781512605,0.332149299719888,0.33383193277310924,0.33387647058823533,0.33290140056022416,0.3321420168067227,0.33510952380952375,Male,7,5-7,Elementary,C,C,R16C18b7_info1_250Hz_gu2_AEP.conn
R16C19G8,R16C19g8_info1_250Hz_gu3_AEP.conn,gu3,0.2530823529411765,0.2775450980392156,0.26771764705882345,0.2789117647058823,0.27672745098039214,0.2563509803921569,0.26601568627450983,0.25197058823529417,0.2651372549019608,0.2920509803921568,0.28353333333333336,0.29532156862745096,0.30605490196078433,0.2928882352941176,0.2873078431372549,0.35565411764705884,0.37173058823529403,0.3557788235294118,0.35749411764705885,0.3577858823529412,0.37083058823529413,0.3752211764705883,0.36971176470588235,0.3617470588235294,0.37207999999999997,0.3601482352941177,0.3623588235294118,0.3785282352941176,0.3760341176470588,0.3532682352941176,0.3128823529411765,0.3174482352941177,0.3067364705882353,0.30643294117647063,0.3085635294117647,0.325915294117647,0.33182823529411765,0.3165129411764706,0.3017211764705882,0.3248929411764706,0.31182705882352935,0.31057882352941174,0.33098235294117645,0.31860235294117645,0.3073541176470588,0.35467983193277314,0.3504537815126051,0.3350508403361344,0.3248226890756302,0.3312310924369748,0.3378978991596639,0.32371008403361345,0.3167920168067227,0.3284449579831933,0.35126050420168076,0.3348331932773109,0.3259575630252101,0.33936554621848736,0.3302399159663865,0.3352525210084033,0.3498725490196078,0.341836274509804,0.3389127450980392,0.3404294117647059,0.3386882352941176,0.33684411764705885,0.3261205882352941,0.3249529411764706,0.32945588235294115,0.3260637254901961,0.32041176470588234,0.31829313725490194,0.31920882352941177,0.3201450980392157,0.3214852941176471,0.29764117647058824,0.30146106442577036,0.3016593837535014,0.3015417366946778,0.30141204481792727,0.2955593837535014,0.29485686274509804,0.2941728291316526,0.2936823529411765,0.30340812324929967,0.3050120448179272,0.3045117647058823,0.3064310924369748,0.30805742296918776,0.30075714285714283,Female,8,8-12,Elementary,C,C,R16C19g8_info1_250Hz_gu2_AEP.conn
R16C36B6,R16C36b6_info1_250Hz_gu3_AEP.conn,gu3,0.2399549019607843,0.2431294117647059,0.24511764705882352,0.24279019607843133,0.23854117647058826,0.2443941176470588,0.24767450980392156,0.24773921568627455,0.2531803921568627,0.25314901960784314,0.2537470588235294,0.25132549019607847,0.27042941176470586,0.268843137254902,0.26925098039215684,0.2926023529411764,0.2959482352941176,0.2966164705882353,0.29381529411764706,0.28983411764705885,0.29175882352941174,0.2930329411764706,0.29212000000000005,0.2904670588235294,0.29261764705882354,0.2934329411764706,0.29143882352941175,0.30318588235294125,0.30257529411764705,0.2999588235294118,0.2780623529411765,0.27652823529411763,0.2754458823529412,0.27596235294117644,0.27627529411764706,0.26786823529411763,0.26948,0.26937411764705876,0.2686129411764706,0.27169058823529413,0.27244352941176475,0.2727858823529411,0.26392000000000004,0.2664023529411765,0.2685729411764706,0.2630806722689076,0.2639331932773109,0.26589243697478987,0.26738991596638656,0.265990756302521,0.268581512605042,0.26884957983193275,0.2698609243697479,0.269798319327731,0.2724785714285714,0.2733760504201681,0.2739962184873949,0.2824621848739496,0.2821281512605042,0.27871218487394955,0.2762852941176471,0.27197352941176467,0.2661833333333334,0.2667617647058823,0.2645264705882353,0.27333921568627456,0.2709754901960784,0.2677813725490196,0.26391764705882353,0.27839705882352944,0.27354215686274513,0.2717617647058823,0.27682156862745094,0.27305098039215686,0.27221470588235297,0.2369560224089636,0.23573753501400554,0.23434005602240898,0.23420980392156865,0.23359439775910365,0.23561036414565825,0.23408487394957986,0.23376694677871152,0.23509243697478996,0.2408680672268908,0.24024089635854343,0.2402481792717087,0.24391708683473387,0.24496974789915965,0.2441154061624649,Male,6,5-7,Elementary,C,C,R16C36b6_info1_250Hz_gu2_AEP.conn
M01Y09CB,M01y09cb_info1_250Hz_gu3_AEP.conn,gu3,0.3116,0.3103254901960784,0.3108431372549019,0.3142156862745098,0.31776078431372545,0.3244490196078431,0.31613725490196076,0.314613725490196,0.32908627450980393,0.32709215686274506,0.3234235294117647,0.32624313725490195,0.34232549019607844,0.3395470588235294,0.3300627450980392,0.3691964705882353,0.3646141176470588,0.36384588235294113,0.36215411764705885,0.3583341176470588,0.37454470588235295,0.3758376470588235,0.37603647058823525,0.37020705882352944,0.3651470588235294,0.3628447058823529,0.3627011764705882,0.38369411764705885,0.3843035294117647,0.3693717647058824,0.35793176470588234,0.35735529411764705,0.36227882352941176,0.36506588235294113,0.3613658823529412,0.3608541176470588,0.36426000000000003,0.36990235294117657,0.36979294117647055,0.3592682352941176,0.3600729411764706,0.35918235294117645,0.34806235294117643,0.35336235294117646,0.3568223529411765,0.3723243697478992,0.3735117647058823,0.37522394957983185,0.3745743697478992,0.3753281512605043,0.3790894957983193,0.3796756302521009,0.37791596638655467,0.37948571428571437,0.3880684873949581,0.39000714285714283,0.3892605042016807,0.39504915966386556,0.39413403361344546,0.4001878151260505,0.348785294117647,0.3515254901960785,0.3520049019607843,0.35334215686274506,0.35249411764705885,0.35179019607843137,0.35476176470588233,0.35064999999999996,0.3458696078431373,0.35379411764705876,0.3536274509803922,0.35455,0.3550049019607843,0.35290490196078433,0.3475813725490196,0.3064467787114847,0.30705406162464993,0.30901652661064427,0.31060896358543416,0.3084605042016807,0.30626442577030816,0.3070414565826331,0.3091680672268907,0.3120053221288516,0.31350392156862744,0.31224789915966383,0.31172296918767506,0.31532857142857146,0.3159834733893558,0.31215826330532215,Female,9,8-12,Elementary,C,C,M01y09cb_info1_250Hz_gu2_AEP.conn
R16C26F10,R16C26f10_info1_250Hz_gu3_AEP.conn,gu3,0.2764509803921568,0.2774254901960785,0.27940588235294117,0.2818549019607843,0.2841882352941177,0.2828725490196078,0.28324705882352946,0.28103921568627444,0.2931450980392157,0.29342745098039213,0.29375098039215686,0.29666666666666663,0.3124117647058824,0.31022352941176473,0.3055803921568627,0.31383999999999995,0.31307882352941185,0.31480117647058825,0.31651294117647055,0.3153164705882353,0.31691882352941175,0.31770588235294117,0.31599529411764704,0.31389058823529414,0.31792705882352945,0.320735294117647,0.3198482352941177,0.331184705882353,0.3293658823529412,0.3352482352941177,0.2520494117647059,0.25036352941176465,0.24836941176470587,0.2481764705882353,0.24828,0.24994235294117653,0.2523705882352941,0.2524588235294118,0.2521141176470588,0.24805529411764704,0.24423058823529414,0.24138117647058827,0.25021176470588236,0.2486070588235294,0.25008352941176476,0.31201974789915965,0.31161008403361345,0.3102361344537815,0.3113159663865547,0.3136189075630252,0.3104411764705882,0.31050378151260505,0.3088327731092437,0.30867773109243696,0.3156466386554622,0.3149281512605042,0.31702605042016796,0.3253218487394958,0.3235680672268907,0.3278,0.3198313725490196,0.31878039215686277,0.31665098039215683,0.3137960784313726,0.3121098039215686,0.31323725490196075,0.31663823529411766,0.3161068627450981,0.3155607843137254,0.3232421568627452,0.3205872549019608,0.31909901960784315,0.3193303921568627,0.3201127450980392,0.3192911764705883,0.25279187675070025,0.25381316526610637,0.2555022408963585,0.25671428571428573,0.2560193277310924,0.2544677871148459,0.25469187675070026,0.2532613445378151,0.2536042016806722,0.2583703081232493,0.25849635854341735,0.25908935574229697,0.2614235294117647,0.2600960784313726,0.2603254901960785,Female,10,8-12,Elementary,C,C,R16C26f10_info1_250Hz_gu2_AEP.conn
R16C23B5,R16C23b5_info1_250Hz_gu3_AEP.conn,gu3,0.23688823529411762,0.23890196078431378,0.2428137254901961,0.24348235294117646,0.2440764705882353,0.2346509803921569,0.23907647058823525,0.24362745098039215,0.26297843137254906,0.24620784313725494,0.249521568627451,0.2528960784313725,0.2616607843137255,0.2667176470588235,0.25995686274509805,0.29488588235294116,0.29453882352941174,0.29425411764705883,0.2937388235294118,0.29480705882352937,0.29294588235294117,0.2926458823529412,0.2941729411764706,0.29620117647058825,0.2946529411764706,0.29419529411764705,0.29228941176470585,0.3039964705882353,0.3052058823529412,0.2982764705882353,0.28455411764705885,0.28421882352941175,0.2824776470588235,0.28138823529411766,0.28176823529411765,0.279275294117647,0.2784317647058824,0.27589176470588234,0.2758176470588235,0.28430352941176473,0.28306235294117643,0.27890470588235294,0.2797658823529412,0.27812470588235294,0.28000588235294116,0.31976680672268903,0.3220743697478992,0.32290336134453773,0.32313109243697485,0.3240268907563025,0.3213214285714286,0.3220567226890756,0.3223037815126051,0.3233941176470588,0.3296483193277311,0.32980168067226895,0.32924495798319325,0.33659495798319333,0.3359088235294117,0.3368470588235294,0.31307549019607844,0.3119029411764706,0.3115127450980392,0.3130205882352941,0.3160382352941176,0.3139578431372549,0.31339411764705877,0.3161382352941176,0.31818431372549016,0.3185411764705882,0.3160470588235294,0.3159078431372549,0.3151058823529412,0.3141392156862745,0.31051960784313726,0.2932504201680673,0.29360644257703084,0.2932282913165266,0.2924341736694678,0.2914187675070028,0.2904397759103642,0.2918848739495799,0.2925355742296919,0.2912487394957983,0.2936302521008403,0.294393837535014,0.29444649859943983,0.29521456582633054,0.2963439775910365,0.2911403361344537,Male,5,5-7,Elementary,C,C,R16C23b5_info1_250Hz_gu2_AEP.conn
R16C09B08,R16C09b08_info1_250Hz_gu3_AEP.conn,gu3,0.2715019607843137,0.2718470588235294,0.271664705882353,0.27257450980392156,0.27166666666666667,0.2779980392156863,0.2789333333333333,0.27708823529411764,0.2899627450980392,0.2895823529411765,0.2887862745098039,0.2919274509803922,0.306964705882353,0.3068980392156862,0.30270784313725496,0.3156741176470588,0.31697411764705874,0.3195576470588235,0.31970705882352934,0.3191176470588235,0.3142788235294118,0.3148764705882353,0.31346235294117647,0.31464470588235294,0.31507411764705884,0.3149082352941176,0.31218705882352943,0.3198388235294118,0.3166811764705882,0.32208235294117643,0.28372705882352944,0.2833776470588235,0.285715294117647,0.2869517647058823,0.2853164705882353,0.27774823529411763,0.2778317647058824,0.27812941176470585,0.28226352941176475,0.28601176470588235,0.2868294117647059,0.2856411764705883,0.27857529411764703,0.27656352941176465,0.28926588235294115,0.33250882352941175,0.33319621848739495,0.33265840336134456,0.33299579831932774,0.3330042016806723,0.33458739495798323,0.3351163865546219,0.33561932773109243,0.3361915966386554,0.3402,0.339455462184874,0.3371184873949579,0.34628193277310926,0.34484831932773113,0.34524747899159663,0.3190392156862745,0.31929215686274515,0.31797745098039215,0.31432745098039216,0.31106176470588237,0.3210441176470588,0.3223960784313725,0.3215764705882353,0.3169176470588235,0.32932549019607843,0.3267088235294118,0.3224774509803922,0.3346833333333334,0.33179705882352944,0.3320049019607843,0.26105350140056033,0.2622918767507003,0.26265490196078434,0.262187675070028,0.2621677871148459,0.26429551820728286,0.26443249299719884,0.2635282913165266,0.2634422969187676,0.2669655462184874,0.26631344537815127,0.26511568627450977,0.27185546218487394,0.2715271708683473,0.26929075630252103,Male,8,8-12,Elementary,C,C,R16C09b08_info1_250Hz_gu2_AEP.conn
R16C39B10,R16C39b10_info1_250Hz_gu3_AEP.conn,gu3,0.2407509803921569,0.23718823529411767,0.2378921568627451,0.2401764705882353,0.24117647058823533,0.23982941176470587,0.23920196078431374,0.24031176470588234,0.25328627450980395,0.2512803921568627,0.2517254901960784,0.2528725490196078,0.2711313725490196,0.2720941176470588,0.26946274509803925,0.3342023529411765,0.33360235294117646,0.33527176470588227,0.3338317647058823,0.3344847058823529,0.33058352941176466,0.33181529411764704,0.3350811764705882,0.3361447058823529,0.32851411764705885,0.3301870588235294,0.328395294117647,0.33723176470588234,0.3398941176470588,0.3406988235294118,0.30076588235294116,0.30097411764705884,0.30430352941176475,0.3062741176470588,0.3086576470588235,0.30075176470588233,0.3012364705882353,0.3033952941176471,0.3042741176470588,0.2930811764705883,0.2953458823529412,0.29539411764705886,0.2934623529411765,0.2960152941176471,0.29639411764705875,0.3014386554621849,0.3025218487394958,0.3047689075630252,0.3044487394957983,0.30328865546218486,0.3031428571428572,0.30453487394957984,0.3041029411764707,0.3033403361344538,0.3093441176470589,0.3117558823529412,0.31091764705882347,0.3175600840336134,0.3164399159663866,0.31680042016806725,0.2880225490196078,0.28731666666666666,0.28673529411764703,0.28430784313725493,0.28468431372549025,0.29282549019607845,0.29049411764705885,0.2877039215686275,0.2861617647058824,0.28822156862745096,0.288814705882353,0.2871519607843137,0.29280784313725494,0.28986078431372553,0.29181666666666667,0.22956638655462186,0.23084761904761902,0.2322831932773109,0.2312834733893558,0.23123305322128845,0.23231512605042012,0.23289215686274506,0.23289187675070025,0.23093669467787117,0.23546526610644256,0.23655518207282913,0.23505518207282913,0.23870420168067225,0.23872100840336136,0.23834257703081235,Male,10,8-12,Elementary,C,C,R16C39b10_info1_250Hz_gu2_AEP.conn
R16C35B06,R16C35b06_info1_250Hz_gu3_AEP.conn,gu3,0.2678058823529412,0.2686568627450981,0.2681392156862745,0.26589019607843134,0.2613098039215686,0.2694333333333333,0.26993529411764705,0.26872156862745095,0.28242549019607843,0.28539411764705885,0.2849980392156862,0.2829294117647058,0.3037490196078431,0.3014607843137255,0.30835686274509805,0.3293023529411765,0.32827294117647055,0.3254705882352941,0.32468235294117653,0.3234835294117647,0.33223294117647056,0.3297305882352941,0.32728941176470583,0.3259270588235294,0.3346176470588235,0.33185294117647063,0.33035764705882353,0.34373176470588235,0.3407341176470589,0.3461964705882353,0.3402317647058824,0.340064705882353,0.3414741176470589,0.34338235294117647,0.34313529411764704,0.3399705882352942,0.34040117647058826,0.3405694117647059,0.34068588235294117,0.3441082352941177,0.34514235294117646,0.34743411764705884,0.33997176470588236,0.34182117647058824,0.3443329411764706,0.3793899159663866,0.37915126050420156,0.3789701680672269,0.3789394957983193,0.37845084033613446,0.37834243697479,0.3774399159663865,0.3754163865546219,0.3747760504201681,0.38654621848739495,0.38613823529411767,0.3836773109243698,0.38613487394957985,0.38582857142857147,0.3882222689075631,0.33370294117647054,0.3314009803921569,0.32958039215686274,0.33073529411764707,0.3316813725490196,0.33473039215686273,0.33081470588235296,0.3274549019607843,0.3278460784313726,0.33141960784313723,0.3297245098039216,0.3306039215686274,0.33039999999999997,0.3295892156862745,0.3322529411764706,0.2947896358543417,0.29545602240896357,0.2952380952380953,0.2953089635854342,0.29727675070028015,0.297940056022409,0.29736246498599445,0.29688487394957985,0.2974719887955182,0.3025579831932773,0.3018450980392157,0.30169075630252096,0.30245434173669467,0.3023450980392156,0.30400616246498596,Male,6,5-7,Elementary,C,C,R16C35b06_info1_250Hz_gu2_AEP.conn
R16C05B13,R16C05b13_info1_250Hz_gu3_AEP.conn,gu3,0.2558745098039216,0.2539686274509804,0.2559686274509804,0.25956666666666667,0.2600764705882353,0.2640607843137255,0.2594921568627451,0.25974901960784313,0.27028823529411766,0.2656156862745098,0.26501176470588234,0.2667450980392157,0.2878058823529412,0.2890274509803921,0.2861,0.3229176470588236,0.3234058823529412,0.32628117647058824,0.3287329411764706,0.32973411764705884,0.3293105882352941,0.32614352941176467,0.32672823529411765,0.32902941176470585,0.32487058823529413,0.32710470588235296,0.32880117647058826,0.3394858823529412,0.3401988235294118,0.33715529411764705,0.25277764705882355,0.2540105882352941,0.25278117647058823,0.25205529411764704,0.2534494117647058,0.25285529411764707,0.2508870588235294,0.2508435294117647,0.24984117647058826,0.24898588235294117,0.24829882352941177,0.24685764705882351,0.24570823529411764,0.24400470588235296,0.24190941176470582,0.2699857142857143,0.2677936974789916,0.2685936974789916,0.2674348739495799,0.26760042016806723,0.26844999999999997,0.2683378151260505,0.26851722689075636,0.27071974789915965,0.27339789915966384,0.2736588235294118,0.2735033613445378,0.2834642857142857,0.2829273109243698,0.2803483193277311,0.29511078431372545,0.2946823529411765,0.2953696078431372,0.29787156862745096,0.2953274509803922,0.29285980392156863,0.2956549019607843,0.2985303921568627,0.3007656862745098,0.29733921568627447,0.29777647058823525,0.3001362745098039,0.2991656862745098,0.3035637254901961,0.29146176470588236,0.23356778711484597,0.23518011204481798,0.23598515406162465,0.23606470588235298,0.23522857142857143,0.23419803921568624,0.23522857142857143,0.2364453781512605,0.23688655462184874,0.24000392156862743,0.24034817927170865,0.2391747899159664,0.24436274509803918,0.2456190476190476,0.24157394957983194,Male,13,Teen,Secondary,C,C,R16C05b13_info1_250Hz_gu2_AEP.conn
R16C17B6,R16C17b6_info1_250Hz_gu3_AEP.conn,gu3,0.24860196078431374,0.2449980392156863,0.24400000000000002,0.24914901960784316,0.2514607843137255,0.2378980392156863,0.23069607843137252,0.22920000000000004,0.2448509803921569,0.25452745098039214,0.2573901960784314,0.26261568627450976,0.25648627450980394,0.25491176470588234,0.27272745098039214,0.31544941176470587,0.31493529411764704,0.31346352941176464,0.3074423529411765,0.30594705882352946,0.30935529411764706,0.31169647058823535,0.30511764705882355,0.2986788235294117,0.31442470588235294,0.31336705882352944,0.3065176470588235,0.32041176470588234,0.31633764705882356,0.31895882352941174,0.2764247058823529,0.2786070588235294,0.27391764705882354,0.2666470588235294,0.26636352941176467,0.2640517647058823,0.26462,0.262544705882353,0.26703647058823526,0.26395411764705884,0.25884117647058824,0.2545811764705882,0.25696588235294116,0.2546647058823529,0.25698235294117644,0.28215168067226887,0.28621218487394956,0.2872067226890756,0.2894710084033614,0.2896113445378151,0.2824878151260504,0.2865705882352941,0.2887571428571429,0.2878201680672269,0.2920575630252101,0.295190756302521,0.29693109243697474,0.29757142857142854,0.3005394957983193,0.3043302521008404,0.3067637254901961,0.3066823529411765,0.3067578431372549,0.3082411764705883,0.3088460784313725,0.31096176470588227,0.3091882352941176,0.30719117647058825,0.3047774509803922,0.3086676470588235,0.30730392156862746,0.305936274509804,0.3092343137254902,0.3099970588235294,0.3039852941176471,0.26582268907563017,0.262458543417367,0.2617173669467787,0.2623366946778712,0.26319803921568635,0.26746918767507,0.26732100840336137,0.2658862745098039,0.26329607843137254,0.26768487394957985,0.2677526610644258,0.2699921568627451,0.26819019607843136,0.2677324929971989,0.26745630252100844,Male,6,5-7,Elementary,C,C,R16C17b6_info1_250Hz_gu2_AEP.conn
R16M09G18,R16M09g18_info1_250Hz_gu3_AEP.conn,gu3,0.28320588235294114,0.28540980392156867,0.2857411764705882,0.2852843137254902,0.2865490196078431,0.2847411764705882,0.28583333333333333,0.2878117647058824,0.3038392156862744,0.3015627450980392,0.30273333333333335,0.30289607843137256,0.3186921568627451,0.32115098039215684,0.32124705882352944,0.33426705882352936,0.3357623529411765,0.3363341176470588,0.3352823529411765,0.3353788235294118,0.3364435294117647,0.33534117647058825,0.3333117647058823,0.3317788235294118,0.3357247058823529,0.3361835294117647,0.33375176470588236,0.34494470588235293,0.3440705882352941,0.34532705882352943,0.2960635294117647,0.2960741176470588,0.29811411764705886,0.29987529411764713,0.30183411764705886,0.29497294117647055,0.2947117647058824,0.29627058823529406,0.2993141176470588,0.28806470588235294,0.2905435294117647,0.2916564705882353,0.28085294117647064,0.28231294117647054,0.2829482352941176,0.29971260504201686,0.29825714285714283,0.29894453781512603,0.30063445378151255,0.2998878151260504,0.3016478991596639,0.3007857142857143,0.30021050420168066,0.2997365546218487,0.30715714285714285,0.30889789915966387,0.312209243697479,0.31553361344537817,0.3148584033613446,0.31972184873949583,0.30644215686274506,0.3050441176470588,0.30293333333333333,0.30234803921568626,0.30401666666666666,0.3070568627450981,0.30732450980392156,0.30594019607843137,0.30425098039215687,0.3157774509803921,0.3170578431372549,0.31620882352941176,0.3142990196078432,0.3119588235294118,0.3184176470588235,0.27681456582633057,0.2771103641456583,0.27802240896358543,0.2800529411764706,0.2803254901960784,0.2778795518207283,0.2777036414565826,0.27898627450980384,0.2805420168067227,0.28307983193277303,0.2850047619047619,0.285744537815126,0.2847126050420168,0.2858904761904762,0.2876901960784314,Female,18,Teen,Secondary,C,C,R16M09g18_info1_250Hz_gu2_AEP.conn
R16C11B09,R16C11b09_info1_250Hz_gu3_AEP.conn,gu3,0.4261764705882353,0.4290647058823529,0.43248235294117654,0.4323019607843137,0.43669607843137254,0.44148235294117644,0.4457352941176471,0.4438745098039216,0.4410156862745098,0.4427745098039216,0.4443764705882353,0.4415647058823529,0.4650196078431373,0.4623372549019608,0.4605980392156863,0.43367999999999995,0.43615176470588235,0.43872470588235296,0.43936705882352933,0.44236000000000003,0.44071294117647053,0.44196117647058825,0.43986117647058826,0.43809176470588235,0.43156235294117645,0.4330588235294117,0.43340823529411765,0.4437741176470588,0.44234235294117646,0.4395694117647059,0.37210470588235295,0.3710129411764706,0.36969882352941175,0.370535294117647,0.3747011764705882,0.37251999999999996,0.3729423529411765,0.3739058823529412,0.37551999999999996,0.36784,0.3667223529411765,0.366084705882353,0.3663282352941177,0.36721529411764703,0.36098352941176465,0.43029243697478997,0.43134579831932773,0.432133193277311,0.4306743697478992,0.4306630252100839,0.43176302521008403,0.4332256302521008,0.4323609243697479,0.43327689075630255,0.43836722689075625,0.4392630252100841,0.43454957983193276,0.44198487394957986,0.44259747899159657,0.4420092436974791,0.41565098039215687,0.4177519607843137,0.41770588235294115,0.4202303921568628,0.41964019607843134,0.4241176470588235,0.4236107843137255,0.4214431372549019,0.42205000000000004,0.4168137254901961,0.4182539215686274,0.4209450980392156,0.41517843137254906,0.4151921568627452,0.4174352941176471,0.3672736694677872,0.3688036414565827,0.36902997198879556,0.37019019607843145,0.3690694677871148,0.37112016806722686,0.3712025210084033,0.36957927170868343,0.36871848739495805,0.37585574229691876,0.37538403361344536,0.37671596638655463,0.3785904761904762,0.3767159663865546,0.3784070028011204,Male,9,8-12,Elementary,C,C,R16C11b09_info1_250Hz_gu2_AEP.conn
R16C14B07,R16C14b07_info1_250Hz_gu3_AEP.conn,gu3,0.3110098039215686,0.3136176470588236,0.314007843137255,0.3137078431372549,0.3120078431372548,0.31034509803921567,0.31121176470588235,0.3108431372549019,0.32425098039215683,0.3257843137254902,0.3241294117647059,0.3219686274509804,0.34026862745098035,0.3394372549019608,0.3363156862745098,0.3474129411764706,0.34858705882352947,0.35092,0.3530682352941176,0.35368117647058817,0.349884705882353,0.3483776470588235,0.35144705882352933,0.354255294117647,0.3511870588235294,0.3518517647058824,0.3508294117647059,0.35916235294117643,0.36193294117647057,0.36117882352941183,0.33761882352941175,0.3395717647058823,0.3385741176470588,0.3382235294117647,0.3382470588235294,0.33967764705882353,0.3370564705882353,0.3378258823529412,0.34151882352941176,0.3405541176470589,0.3393458823529411,0.33618588235294117,0.3378682352941177,0.3381858823529412,0.342024705882353,0.3980655462184874,0.3977936974789915,0.397660924369748,0.3973962184873949,0.3975491596638655,0.3985281512605042,0.39905882352941163,0.39782352941176463,0.3969264705882353,0.404935294117647,0.40482521008403355,0.40183655462184875,0.407840756302521,0.40833781512605033,0.4063298319327731,0.3257911764705882,0.3300882352941177,0.3341843137254901,0.3364,0.3369745098039216,0.3294970588235295,0.33218039215686274,0.3317666666666667,0.33303431372549014,0.3379088235294117,0.34319117647058817,0.3447421568627451,0.33343823529411765,0.33456568627450983,0.34194509803921563,0.3022927170868347,0.30163669467787124,0.30294033613445387,0.30439803921568626,0.30527787114845945,0.30324985994397763,0.30447619047619046,0.30658403361344544,0.3082529411764706,0.30543249299719893,0.306006162464986,0.30817535014005604,0.30601176470588237,0.307644537815126,0.306364705882353,Male,7,5-7,Elementary,C,C,R16C14b07_info1_250Hz_gu2_AEP.conn
R16C34B06,R16C34b06_info1_250Hz_gu3_AEP.conn,gu3,0.2554294117647059,0.25469019607843135,0.25547254901960786,0.2553509803921569,0.25324901960784313,0.2569666666666667,0.25303333333333333,0.25267254901960784,0.2602078431372549,0.263721568627451,0.265443137254902,0.2628980392156863,0.27861372549019614,0.2804450980392157,0.2837313725490196,0.3220317647058823,0.3195835294117647,0.3157705882352941,0.3132552941176471,0.3136894117647059,0.32295058823529416,0.31873764705882357,0.31506470588235297,0.3157023529411765,0.3162082352941177,0.31361764705882356,0.3130858823529412,0.32840823529411767,0.32634117647058825,0.3265211764705882,0.30703294117647056,0.30754470588235294,0.30653176470588234,0.3059788235294118,0.30888,0.31119058823529416,0.31065176470588235,0.3082129411764706,0.30721411764705875,0.3041435294117647,0.30390470588235297,0.30409882352941175,0.30915882352941176,0.3075623529411765,0.3051729411764706,0.3360109243697479,0.3355764705882353,0.3350731092436975,0.3333663865546218,0.3337306722689077,0.33815210084033615,0.33797857142857135,0.33677731092436963,0.3370008403361345,0.34464495798319333,0.34371974789915966,0.33962983193277313,0.3472701680672269,0.3469802521008403,0.34797142857142854,0.3142029411764706,0.3148725490196079,0.3157480392156863,0.3156166666666667,0.3155656862745098,0.3167088235294117,0.31611960784313725,0.3144843137254902,0.31514803921568624,0.32006960784313726,0.32121372549019606,0.32155098039215685,0.3211774509803922,0.3211029411764706,0.32190686274509805,0.2664638655462185,0.2656837535014005,0.2653546218487395,0.2660901960784313,0.26770588235294124,0.2671151260504202,0.2663613445378151,0.2663100840336135,0.2671526610644258,0.2722151260504202,0.2717529411764706,0.2732238095238094,0.2708299719887955,0.2714022408963585,0.27281064425770307,Male,6,5-7,Elementary,C,C,R16C34b06_info1_250Hz_gu2_AEP.conn
R16C31B07,R16C31b07_info1_250Hz_gu3_AEP.conn,gu3,0.2762254901960784,0.27434705882352944,0.27376470588235297,0.2737509803921569,0.27581176470588237,0.2780764705882353,0.2777882352941176,0.2781607843137255,0.2894333333333333,0.2819019607843137,0.2805254901960785,0.27989803921568623,0.3025156862745098,0.3031862745098039,0.29551960784313724,0.33253058823529413,0.332404705882353,0.33075411764705887,0.3296952941176471,0.3295035294117647,0.33610352941176463,0.33751058823529406,0.3361341176470588,0.3361741176470588,0.33139058823529405,0.32884588235294115,0.3278188235294118,0.3465788235294118,0.34591176470588236,0.3436282352941177,0.28931764705882357,0.2882694117647059,0.2860211764705882,0.2846094117647059,0.28518117647058827,0.2862329411764706,0.28501764705882354,0.28472470588235294,0.28890352941176467,0.2799235294117647,0.2777364705882353,0.27768352941176466,0.2786894117647059,0.27865999999999996,0.28034,0.2880932773109244,0.28801638655462186,0.2888466386554622,0.2878558823529412,0.28636428571428574,0.2883638655462185,0.2892096638655462,0.2864336134453782,0.28416932773109244,0.2917529411764706,0.29196428571428573,0.292590756302521,0.3016659663865547,0.2990264705882352,0.2988071428571429,0.273056862745098,0.27166568627450977,0.2685078431372549,0.2675960784313725,0.2690862745098039,0.2706882352941177,0.2689303921568627,0.2667872549019608,0.2681166666666666,0.27031176470588236,0.26910098039215685,0.2693039215686275,0.27147941176470586,0.2731029411764706,0.268256862745098,0.23330644257703076,0.23302352941176466,0.23285042016806723,0.23305714285714285,0.23266722689075636,0.23218459383753504,0.23151764705882352,0.2309806722689075,0.2315442577030812,0.23952969187675072,0.24002324929971988,0.23978459383753506,0.23995098039215687,0.24038543417366948,0.24259607843137254,Male,7,5-7,Elementary,C,C,R16C31b07_info1_250Hz_gu2_AEP.conn
R16C21G7,R16C21g7_info1_250Hz_gu3_AEP.conn,gu3,0.2718490196078431,0.27236862745098045,0.2637156862745098,0.258121568627451,0.25720196078431373,0.25803333333333334,0.2518294117647059,0.25285686274509805,0.2645941176470588,0.27749411764705884,0.26875294117647064,0.2627627450980392,0.2840803921568627,0.2861666666666667,0.28733725490196077,0.3065470588235294,0.30752,0.30648705882352945,0.30256235294117645,0.29978941176470586,0.31137764705882354,0.3075047058823529,0.3022470588235294,0.29732470588235294,0.3095058823529412,0.30932941176470585,0.307575294117647,0.3184258823529412,0.3155694117647059,0.3183811764705882,0.2475811764705882,0.2475552941176471,0.23885176470588232,0.2359658823529412,0.23668823529411762,0.24439411764705882,0.24446117647058824,0.24521058823529404,0.2433070588235294,0.2406458823529412,0.23510117647058829,0.23083411764705883,0.23910117647058815,0.2392129411764706,0.23773411764705882,0.28840168067226896,0.2883542016806723,0.28597689075630256,0.28645042016806727,0.2874264705882353,0.2825752100840336,0.28304453781512606,0.28609831932773105,0.2875621848739495,0.2944726890756302,0.2935340336134454,0.2929760504201681,0.298144537815126,0.30034999999999995,0.29969621848739497,0.310906862745098,0.3114450980392158,0.31574117647058825,0.31669705882352944,0.31488921568627454,0.30782941176470585,0.3038078431372549,0.30275,0.3078509803921569,0.32708725490196083,0.32784901960784313,0.32812156862745095,0.31620588235294117,0.3163225490196079,0.3251264705882353,0.2592120448179272,0.257426330532213,0.25675546218487394,0.25654061624649865,0.2576854341736695,0.25744649859943974,0.25452605042016807,0.2553787114845938,0.2567025210084033,0.26020532212885156,0.2606005602240896,0.26103697478991594,0.26002689075630253,0.26166834733893557,0.2624985994397759,Female,7,5-7,Elementary,C,C,R16C21g7_info1_250Hz_gu2_AEP.conn
R16C29F9,R16C29f9_info1_250Hz_gu3_AEP.conn,gu3,0.21464705882352939,0.21519411764705879,0.21609215686274508,0.21560392156862748,0.2171921568627451,0.22354313725490202,0.2233764705882353,0.22488823529411764,0.23514901960784318,0.22771176470588236,0.225843137254902,0.22816078431372547,0.24883529411764707,0.2510529411764706,0.2545294117647059,0.27522588235294115,0.2714576470588235,0.2701776470588235,0.27123647058823525,0.2720223529411765,0.27974235294117644,0.2824929411764706,0.28271294117647056,0.28465882352941174,0.27220823529411764,0.27099411764705883,0.2731058823529412,0.2889423529411765,0.2889258823529412,0.290155294117647,0.24367882352941175,0.2450964705882353,0.24472,0.2436588235294117,0.24526588235294117,0.2437823529411765,0.2422117647058823,0.24151647058823528,0.24664705882352939,0.2413776470588235,0.24054823529411765,0.23997058823529413,0.2392729411764706,0.23935411764705883,0.2440894117647059,0.2679495798319328,0.26811806722689074,0.27081134453781514,0.2726563025210084,0.27425252100840336,0.27043823529411765,0.2719970588235295,0.2727920168067227,0.2738029411764705,0.27527647058823523,0.27870210084033614,0.2817873949579832,0.2892836134453781,0.2898079831932773,0.2895378151260504,0.26143333333333335,0.26229901960784313,0.26060098039215684,0.25685588235294116,0.2565588235294118,0.2564401960784314,0.2574401960784314,0.25728039215686277,0.255771568627451,0.26161470588235297,0.26188235294117646,0.2603127450980392,0.2622186274509804,0.26333039215686277,0.25792254901960787,0.20683081232492997,0.20687871148459383,0.20543753501400558,0.20574201680672266,0.2065932773109244,0.20588599439775906,0.20742549019607845,0.20848963585434183,0.21060224089635854,0.2131190476190476,0.21189439775910365,0.21206134453781506,0.21621540616246493,0.21657086834733894,0.21489075630252097,Female,9,8-12,Elementary,C,C,R16C29f9_info1_250Hz_gu2_AEP.conn
R16C25B5,R16C25b5_info1_250Hz_gu3_AEP.conn,gu3,0.2532921568627451,0.250643137254902,0.25060784313725487,0.2506294117647059,0.24732156862745094,0.25513137254901963,0.25453333333333333,0.25607450980392155,0.26352745098039215,0.2562117647058823,0.2560568627450981,0.2569196078431372,0.2854411764705882,0.28708039215686276,0.27589803921568623,0.30908117647058825,0.3089694117647059,0.30999176470588236,0.31075647058823536,0.3096658823529412,0.31471058823529413,0.31501529411764706,0.3151129411764706,0.3154141176470588,0.31074,0.3116682352941177,0.3121870588235294,0.32390470588235293,0.3258376470588235,0.32189529411764706,0.269455294117647,0.2674776470588235,0.26547882352941177,0.2647717647058824,0.2675717647058824,0.2683,0.26557294117647057,0.264504705882353,0.26376588235294124,0.2602635294117647,0.26029411764705884,0.25982941176470586,0.2581305882352941,0.2573764705882353,0.25622,0.2903920168067226,0.29021050420168065,0.28937142857142856,0.28808109243697483,0.28721596638655467,0.28710756302521007,0.2874025210084033,0.28899411764705885,0.2902798319327731,0.29389915966386554,0.2940718487394958,0.29295714285714286,0.30028445378151264,0.30070966386554615,0.2984256302521008,0.29434607843137256,0.2921372549019608,0.28984019607843137,0.28719607843137257,0.28343431372549016,0.28687941176470594,0.2867382352941176,0.28587549019607844,0.2855186274509804,0.2843558823529412,0.2853127450980392,0.2840960784313726,0.2885235294117647,0.2880803921568627,0.28759411764705883,0.22933165266106442,0.22742408963585442,0.22500532212885155,0.2255226890756302,0.2262865546218487,0.22754201680672273,0.2274434173669468,0.22801484593837534,0.22869719887955184,0.23105350140056022,0.22864537815126043,0.22888711484593838,0.23556890756302523,0.23611148459383755,0.23350476190476194,Male,5,5-7,Elementary,C,C,R16C25b5_info1_250Hz_gu2_AEP.conn
R16C32B08,R16C32b08_info1_250Hz_gu3_AEP.conn,gu3,0.32407843137254905,0.3224686274509804,0.31840196078431365,0.3233901960784314,0.3269588235294118,0.3323490196078432,0.3291235294117647,0.3302843137254902,0.3493294117647059,0.3437666666666667,0.34101764705882354,0.3461078431372549,0.37047647058823535,0.37180196078431377,0.3613019607843137,0.37757882352941174,0.37490705882352937,0.3769047058823529,0.3801023529411765,0.37750588235294125,0.38152705882352944,0.3795670588235295,0.3782447058823529,0.37601764705882357,0.3778470588235295,0.37891176470588234,0.3809552941176471,0.3874988235294118,0.38720470588235295,0.3906294117647059,0.3235976470588236,0.3251329411764706,0.3250070588235294,0.3274152941176471,0.32551529411764707,0.3231647058823529,0.3234964705882354,0.32288235294117645,0.3250988235294118,0.3228764705882353,0.3213847058823529,0.32502588235294116,0.3213517647058824,0.32047411764705885,0.3235694117647059,0.3282319327731093,0.3297394957983193,0.331113025210084,0.3306915966386555,0.326823949579832,0.32762058823529416,0.3291563025210084,0.3306478991596639,0.3317004201680672,0.33713277310924367,0.3388302521008404,0.34022857142857144,0.34401638655462186,0.34542394957983197,0.3453021008403362,0.3192529411764706,0.32218137254901963,0.32369313725490195,0.3228137254901961,0.3203313725490196,0.3185235294117647,0.32112058823529416,0.3252882352941177,0.3244343137254902,0.32920588235294124,0.3307107843137255,0.32900098039215686,0.3277833333333333,0.3309186274509804,0.329378431372549,0.28583585434173664,0.28516834733893553,0.2852112044817927,0.2857156862745099,0.2851425770308124,0.286246218487395,0.2862501400560224,0.2842913165266106,0.2840481792717086,0.289896918767507,0.2903719887955183,0.2909879551820729,0.29140840336134455,0.28965210084033616,0.2900361344537815,Male,8,8-12,Elementary,C,C,R16C32b08_info1_250Hz_gu2_AEP.conn
R16M04G10,R16M04g10_info1_250Hz_gu3_AEP.conn,gu3,0.3436196078431372,0.34546078431372546,0.34861764705882353,0.3487450980392157,0.3468333333333333,0.3402588235294117,0.34465098039215686,0.3469392156862745,0.35961176470588246,0.35887843137254904,0.3593862745098038,0.358243137254902,0.37588431372549014,0.37666078431372546,0.3735588235294118,0.380255294117647,0.38097882352941176,0.37948470588235295,0.3743494117647059,0.37070117647058826,0.37596588235294115,0.37665529411764703,0.3762823529411765,0.37642117647058826,0.37865882352941177,0.37611176470588237,0.37092235294117654,0.38327764705882356,0.38350000000000006,0.3830164705882353,0.33741176470588236,0.3356988235294117,0.3350152941176471,0.33487411764705877,0.3365341176470589,0.3304447058823529,0.3323729411764706,0.3343094117647059,0.33723411764705885,0.3319352941176471,0.3305905882352941,0.32954,0.3246411764705882,0.3270647058823529,0.32712705882352944,0.3481571428571429,0.3494886554621849,0.3488436974789916,0.34753319327731097,0.3475281512605042,0.34942689075630246,0.3495613445378151,0.34839915966386564,0.3484390756302521,0.3563810924369748,0.3564386554621849,0.35520378151260507,0.3610735294117647,0.3613495798319329,0.3649239495798319,0.355764705882353,0.3562882352941177,0.35404803921568634,0.35289215686274505,0.35363725490196085,0.35466568627450984,0.35282450980392155,0.35175784313725494,0.35519117647058823,0.35865392156862747,0.35494999999999993,0.3547196078431372,0.36067647058823527,0.3608794117647059,0.3610960784313726,0.35041288515406166,0.348286274509804,0.34710112044817926,0.3478333333333333,0.34854593837535014,0.35290728291316525,0.35175910364145657,0.3511974789915966,0.35028179271708676,0.35297226890756306,0.3515689075630252,0.35260448179271714,0.3546235294117648,0.35410896358543414,0.3511649859943978,Female,10,8-12,Elementary,C,C,R16M04g10_info1_250Hz_gu2_AEP.conn
R16C20B9,R16C20b9_info1_250Hz_gu3_AEP.conn,gu3,0.23851372549019603,0.23500784313725487,0.24179607843137255,0.24406862745098037,0.2501803921568628,0.23670980392156862,0.23268431372549023,0.23585294117647057,0.255078431372549,0.2456019607843137,0.24978039215686273,0.250464705882353,0.2618039215686275,0.2647156862745098,0.2685941176470588,0.2887141176470588,0.2861741176470588,0.29202,0.2954294117647059,0.29666705882352945,0.28967529411764703,0.28656588235294117,0.2903223529411765,0.2977694117647059,0.28595647058823526,0.28941764705882356,0.2923,0.29873882352941167,0.3013988235294118,0.2997635294117647,0.2632905882352941,0.2591729411764706,0.25819647058823525,0.2582152941176471,0.25663176470588234,0.2576011764705882,0.25636000000000003,0.26160352941176473,0.26473176470588233,0.25864000000000004,0.2608294117647059,0.2606282352941177,0.2599270588235294,0.26462588235294116,0.26434823529411766,0.30433193277310927,0.3019415966386555,0.300373949579832,0.29939411764705887,0.2986067226890756,0.30939537815126045,0.3064373949579831,0.3047067226890756,0.30281386554621853,0.3122117647058823,0.311255462184874,0.3099983193277311,0.3176310924369748,0.3157810924369748,0.31755042016806717,0.28861470588235294,0.28567745098039216,0.2894735294117647,0.29341960784313725,0.28995,0.28881372549019607,0.289371568627451,0.2921823529411765,0.2922274509803922,0.28905,0.29238039215686273,0.2946529411764706,0.2889813725490196,0.2915686274509804,0.28703333333333336,0.23362268907563027,0.2350112044817927,0.23502633053221292,0.23264817927170864,0.2302263305322129,0.2336994397759104,0.2323798319327731,0.23283501400560225,0.23176414565826337,0.240143137254902,0.2395761904761905,0.23789915966386554,0.2368843137254902,0.23730924369747902,0.23752100840336132,Male,9,8-12,Elementary,C,C,R16C20b9_info1_250Hz_gu2_AEP.conn
R16C06B16,R16C06b16_info1_250Hz_gu3_AEP.conn,gu3,0.29014705882352937,0.2898137254901961,0.28744901960784314,0.28883137254901964,0.29501568627450975,0.29376274509803924,0.29210196078431366,0.2913686274509804,0.3026901960784314,0.3041549019607843,0.30288235294117644,0.30151960784313725,0.32110196078431374,0.3211549019607843,0.32609411764705887,0.3888870588235294,0.3900458823529412,0.38868705882352933,0.3855141176470588,0.38426,0.38948,0.39346352941176466,0.3879094117647059,0.38386941176470585,0.3886588235294117,0.38816470588235297,0.3858423529411764,0.39982,0.39537529411764705,0.39708352941176467,0.37458470588235293,0.37590352941176464,0.3752070588235294,0.3756094117647059,0.37355294117647053,0.37597176470588234,0.37636941176470595,0.3753870588235294,0.37423058823529415,0.3713835294117647,0.3706329411764706,0.3697470588235294,0.37135294117647055,0.37341176470588233,0.3714941176470588,0.3588344537815126,0.3570613445378151,0.35736722689075634,0.35639453781512603,0.356823949579832,0.3568936974789915,0.3545764705882353,0.3552067226890756,0.35600714285714286,0.36498487394957985,0.3655058823529411,0.3632546218487395,0.36940042016806723,0.3712029411764706,0.37180042016806725,0.36533725490196084,0.36579215686274513,0.36634411764705876,0.3665637254901961,0.3659205882352941,0.3606901960784314,0.3590313725490197,0.3597245098039216,0.3609098039215686,0.3719735294117647,0.3705901960784313,0.370271568627451,0.37045196078431375,0.37514705882352944,0.37143725490196083,0.29619159663865546,0.293955462184874,0.29311876750700283,0.2927563025210083,0.2937263305322129,0.29634621848739495,0.29411988795518207,0.29360308123249296,0.29393865546218484,0.3003904761904762,0.29926386554621853,0.29825742296918767,0.30264089635854347,0.3030974789915966,0.30223417366946775,Male,16,Teen,Secondary,C,C,R16C06b16_info1_250Hz_gu2_AEP(1).conn
R16C15B07,R16C15b07_info1_250Hz_gu3_AEP.conn,gu3,0.3299117647058823,0.32603529411764703,0.32450784313725495,0.32445098039215686,0.3224313725490196,0.3368392156862745,0.33931568627450986,0.33834901960784314,0.34287843137254903,0.33190196078431367,0.32986274509803915,0.33069411764705886,0.36027450980392156,0.3578882352941177,0.3440235294117648,0.38844705882352937,0.38804470588235296,0.38790117647058825,0.3899929411764706,0.38953176470588236,0.39318117647058826,0.39491176470588235,0.3937188235294118,0.3942117647058824,0.38334352941176464,0.3832423529411764,0.3851941176470588,0.39872705882352943,0.39798823529411764,0.39334470588235293,0.387184705882353,0.384355294117647,0.38215058823529413,0.38346705882352944,0.38380470588235294,0.3812223529411765,0.3863623529411765,0.387835294117647,0.38691529411764713,0.3801058823529412,0.3782141176470588,0.378955294117647,0.3808247058823529,0.3812317647058824,0.3799882352941176,0.3758894957983194,0.37828949579831933,0.3765390756302521,0.37517478991596637,0.37422478991596636,0.3794012605042017,0.3783718487394957,0.37903739495798316,0.37814537815126054,0.3840491596638655,0.3820714285714285,0.37916848739495806,0.38862689075630247,0.3884449579831933,0.38564285714285707,0.3205696078431372,0.3192970588235294,0.31755588235294113,0.31911666666666666,0.32289509803921573,0.32006372549019607,0.32079313725490194,0.3235725490196078,0.32349999999999995,0.328871568627451,0.32985882352941176,0.33194313725490193,0.3330578431372549,0.3355421568627451,0.3352372549019608,0.2980179271708683,0.2979478991596639,0.29746918767506997,0.29512212885154065,0.2948481792717087,0.2977106442577031,0.2973602240896358,0.2973266106442577,0.296012324929972,0.3040134453781512,0.3037789915966387,0.3016882352941177,0.3043285714285715,0.30397254901960785,0.30694033613445376,Male,7,5-7,Elementary,C,C,R16C15b07_info1_250Hz_gu2_AEP.conn
R16C08G09,R16C08g09_info1_250Hz_gu3_AEP.conn,gu3,0.29110588235294116,0.29492549019607844,0.29886274509803923,0.29843333333333333,0.2975313725490197,0.3005450980392157,0.29998431372549017,0.29992549019607845,0.30740392156862745,0.31163921568627456,0.31450392156862744,0.31473137254901956,0.3285196078431372,0.328,0.33729019607843136,0.3903917647058823,0.3911305882352941,0.394935294117647,0.3972552941176471,0.3994211764705883,0.39270823529411764,0.39409294117647053,0.39421999999999996,0.39196000000000003,0.39496941176470585,0.39851058823529417,0.3979870588235294,0.4113658823529412,0.40886588235294125,0.40824352941176467,0.34236823529411764,0.3420729411764706,0.34342117647058823,0.34421294117647055,0.3434211764705882,0.3406894117647059,0.33956941176470584,0.33808470588235295,0.34125058823529414,0.33723882352941176,0.34043764705882357,0.34193647058823534,0.33872,0.3401858823529412,0.33749882352941174,0.36778277310924373,0.36929663865546214,0.36831848739495804,0.3672126050420168,0.366261344537815,0.3655004201680671,0.3664903361344538,0.36635084033613446,0.36483319327731095,0.37359075630252103,0.37250378151260505,0.37071344537815126,0.3765579831932774,0.37653319327731094,0.3756268907563025,0.3383990196078431,0.3380970588235294,0.33637941176470587,0.3358117647058824,0.3348745098039216,0.3362794117647059,0.34067843137254905,0.3416921568627451,0.34106568627450984,0.335093137254902,0.33351862745098043,0.33460980392156864,0.3352039215686275,0.33339313725490194,0.33484901960784313,0.267587675070028,0.26659915966386555,0.26746274509803925,0.26948963585434177,0.27025266106442575,0.2671745098039216,0.2657577030812325,0.26704453781512605,0.2679795518207283,0.27072352941176475,0.2702789915966386,0.2720450980392157,0.270336974789916,0.2711456582633054,0.27207114845938385,Female,9,8-12,Elementary,C,C,R16C08g09_info1_250Hz_gu2_AEP.conn
R16M06B06,R16M06b06_info1_250Hz_gu3_AEP.conn,gu3,0.2785254901960785,0.2745019607843137,0.2676921568627451,0.2604235294117647,0.25969607843137255,0.2660941176470588,0.2615274509803922,0.25971372549019606,0.2669372549019608,0.27380000000000004,0.267856862745098,0.2686490196078431,0.29063137254901955,0.29075882352941174,0.29332352941176476,0.3211705882352941,0.32067529411764706,0.3252294117647058,0.33051176470588234,0.3351929411764706,0.32625529411764703,0.32775176470588235,0.32863411764705885,0.32534,0.323344705882353,0.3265776470588235,0.3303870588235294,0.34425176470588237,0.34632117647058824,0.34206705882352945,0.3132905882352941,0.30992,0.3096294117647059,0.31034588235294114,0.31362235294117646,0.3160329411764706,0.31553294117647057,0.31294823529411764,0.3129847058823529,0.3159470588235294,0.31582,0.3159176470588235,0.3219388235294117,0.3220235294117647,0.32432941176470587,0.3537256302521009,0.35447394957983186,0.3542365546218487,0.3532226890756303,0.3534659663865546,0.3524609243697479,0.3537567226890757,0.35509663865546226,0.3542537815126051,0.3592197478991596,0.3591369747899161,0.3586521008403361,0.362018487394958,0.3626563025210084,0.36352815126050425,0.3330558823529412,0.334428431372549,0.3346382352941177,0.33365490196078434,0.33324313725490196,0.3261627450980392,0.32599215686274513,0.325178431372549,0.3250617647058824,0.3391637254901961,0.33994019607843134,0.3398274509803922,0.328993137254902,0.3292392156862745,0.33648823529411764,0.2904358543417367,0.2893436974789917,0.2884044817927171,0.28786190476190476,0.2876742296918767,0.28620196078431376,0.2848680672268908,0.28543277310924375,0.2859417366946778,0.2934050420168067,0.2907879551820729,0.2899666666666667,0.29114677871148453,0.2918868347338935,0.2889633053221288,Male,6,5-7,Elementary,C,C,R16M06b06_info1_250Hz_gu2_AEP.conn
R16C03G5,R16C03g5_info1_250Hz_gu3_AEP.conn,gu3,0.28071960784313726,0.27893529411764706,0.2734862745098039,0.2694372549019608,0.26315098039215684,0.27310196078431376,0.2722823529411764,0.26986470588235295,0.27748039215686277,0.29330588235294114,0.2887705882352941,0.2839137254901961,0.3077156862745098,0.3060470588235294,0.30688627450980394,0.32238,0.3294035294117647,0.3331658823529412,0.3332129411764706,0.33213294117647063,0.33054588235294113,0.32492941176470586,0.32241058823529417,0.32519647058823525,0.33619529411764704,0.33732470588235297,0.33267882352941175,0.33906470588235293,0.3385976470588235,0.3462894117647059,0.3004376470588236,0.3003411764705882,0.3051364705882353,0.3115694117647059,0.3074305882352942,0.2982717647058823,0.2989282352941176,0.2983741176470588,0.3072282352941177,0.29810941176470585,0.30019882352941174,0.3045482352941177,0.2847458823529412,0.2882776470588236,0.2932529411764706,0.29637521008403356,0.2978172268907563,0.2990991596638656,0.30298571428571425,0.3040558823529412,0.29919285714285715,0.3022063025210084,0.3043399159663865,0.3081600840336134,0.30714495798319325,0.3093857142857143,0.31393151260504204,0.31309159663865543,0.3160899159663865,0.3147357142857143,0.28777745098039215,0.2990843137254902,0.29968529411764705,0.3064352941176471,0.29648137254901963,0.28524803921568626,0.28717843137254906,0.2868117647058823,0.2908617647058823,0.3085519607843137,0.3079392156862745,0.31084117647058823,0.2860049019607844,0.28868627450980394,0.3030058823529412,0.237233893557423,0.23842997198879548,0.2406551820728291,0.2437008403361344,0.24107675070028015,0.23978851540616242,0.24359383753501407,0.244133893557423,0.24382661064425767,0.24380980392156862,0.24516414565826325,0.24806946778711483,0.24607927170868346,0.2465330532212885,0.24588403361344535,Female,5,5-7,Elementary,C,C,R16C03g5_info1_250Hz_gu2_AEP.conn
R16C33B05,R16C33b05_info1_250Hz_gu3_AEP.conn,gu3,0.22039215686274513,0.21699803921568628,0.21682745098039216,0.2173843137254902,0.21906862745098035,0.21776666666666666,0.21647450980392158,0.2143490196078431,0.22842941176470588,0.2294235294117647,0.22492156862745094,0.22073529411764706,0.24619607843137256,0.24512549019607843,0.24389411764705882,0.2780423529411765,0.27941176470588236,0.2815505882352941,0.2810505882352941,0.2806941176470588,0.2867341176470589,0.28457411764705887,0.2805623529411765,0.2827341176470588,0.2825894117647059,0.2821152941176471,0.2778505882352941,0.2919764705882353,0.2872964705882352,0.2967599999999999,0.24124117647058824,0.24221294117647058,0.24181176470588234,0.24410823529411768,0.2466035294117647,0.2428035294117647,0.24244470588235295,0.24102352941176464,0.24585411764705878,0.24010941176470588,0.23792470588235295,0.2385129411764706,0.23954705882352942,0.23598470588235293,0.24010470588235294,0.2748983193277311,0.27576470588235286,0.2773088235294117,0.2754575630252101,0.2739928571428571,0.2791289915966387,0.27867142857142857,0.2780382352941176,0.2768983193277311,0.28529957983193277,0.2854651260504202,0.2824281512605042,0.2926432773109244,0.29301890756302523,0.2924781512605042,0.2619901960784314,0.2606892156862745,0.2617470588235294,0.26052450980392156,0.2593333333333333,0.2661225490196078,0.26619607843137255,0.2651117647058823,0.26380882352941176,0.2629764705882353,0.2628686274509804,0.26244117647058823,0.27197843137254907,0.2692598039215686,0.26519019607843136,0.20982745098039218,0.21027675070028007,0.2101826330532213,0.2099378151260504,0.20917815126050415,0.21145490196078431,0.21210364145658267,0.20996666666666663,0.20856106442577027,0.2157731092436975,0.2166523809523809,0.2161641456582633,0.2168621848739496,0.21536218487394962,0.2156095238095238,Male,5,5-7,Elementary,C,C,R16C33b05_info1_250Hz_gu2_AEP.conn
R16C22G10,R16C22g10_info1_250Hz_gu3_AEP.conn,gu3,0.26777254901960784,0.2660803921568628,0.26287058823529413,0.26321372549019606,0.26718823529411767,0.2587235294117647,0.25828235294117646,0.26013137254901963,0.27094117647058824,0.27085686274509807,0.26794313725490193,0.2673235294117647,0.28860980392156854,0.2908254901960784,0.28975882352941174,0.3113,0.3106305882352941,0.3077082352941176,0.30529294117647054,0.3039352941176471,0.30261999999999994,0.3021917647058824,0.3008070588235295,0.2977623529411765,0.29587294117647056,0.2950623529411765,0.29457764705882356,0.30516705882352935,0.30577058823529407,0.30030117647058824,0.2610117647058824,0.26009764705882354,0.2584164705882353,0.25812117647058824,0.25878117647058824,0.2555458823529412,0.2563658823529412,0.25671058823529413,0.2566811764705882,0.254984705882353,0.2553341176470588,0.2554988235294118,0.26018,0.26001647058823524,0.26533764705882357,0.2945983193277311,0.2936285714285714,0.29389495798319326,0.2918306722689076,0.2917336134453782,0.29233235294117643,0.29219831932773105,0.2909936974789916,0.29014705882352937,0.30152857142857137,0.3018768907563025,0.30028781512605046,0.3038647058823529,0.3029340336134454,0.3044205882352941,0.29535,0.2984245098039216,0.29835098039215685,0.29804509803921564,0.2967235294117647,0.2986519607843138,0.2982343137254902,0.2991392156862745,0.2980274509803922,0.30849705882352946,0.30836470588235304,0.30720490196078437,0.3005705882352941,0.29825490196078436,0.30196372549019607,0.24589159663865545,0.24423221288515404,0.24249551820728288,0.24278963585434177,0.24285770308123245,0.2442577030812325,0.24402072829131652,0.24537675070028012,0.24545714285714287,0.24925378151260508,0.24954201680672267,0.2494862745098039,0.2522602240896359,0.25245014005602245,0.25208459383753495,Female,10,8-12,Elementary,C,C,R16C22g10_info1_250Hz_gu2_AEP.conn
R16C30M7,R16C30m7_info1_250Hz_gu3_AEP.conn,gu3,0.2405058823529412,0.24211568627450983,0.24505098039215686,0.2447058823529412,0.2424392156862745,0.23988235294117646,0.23840784313725494,0.24022352941176472,0.25503921568627447,0.24592941176470587,0.24987647058823528,0.25071960784313724,0.2652176470588236,0.2698549019607843,0.2651372549019608,0.29893764705882353,0.29881176470588233,0.2993294117647059,0.2982823529411765,0.29647529411764706,0.2974011764705883,0.2964505882352941,0.29463764705882356,0.2930964705882353,0.2922729411764706,0.2927447058823529,0.2917152941176471,0.30936,0.3084352941176471,0.3021552941176471,0.28880352941176474,0.29202,0.2948705882352941,0.2963882352941177,0.2981282352941177,0.29262588235294124,0.2928670588235294,0.29196,0.2914376470588235,0.2852929411764706,0.2884258823529412,0.2896035294117647,0.2867094117647059,0.28818470588235295,0.28272588235294116,0.30891134453781516,0.30752731092436975,0.3061147058823529,0.30563067226890756,0.3066256302521008,0.30415084033613443,0.30445,0.30436176470588233,0.30575336134453784,0.3122512605042017,0.3126252100840336,0.3135117647058824,0.3200747899159664,0.3204008403361344,0.32259411764705875,0.2953137254901961,0.2944549019607843,0.29316470588235294,0.2902078431372549,0.2903519607843137,0.2982666666666666,0.2962352941176471,0.2926980392156863,0.29048431372549016,0.29773235294117645,0.2972892156862745,0.2948107843137255,0.30405196078431374,0.301378431372549,0.30243039215686274,0.2769960784313725,0.2757691876750701,0.274373669467787,0.27483081232492995,0.2751033613445378,0.2789504201680672,0.27793529411764706,0.27786722689075627,0.2767324929971989,0.2811100840336134,0.2796543417366947,0.2796711484593838,0.285953781512605,0.28611876750700277,0.28129523809523815,Male,7,5-7,Elementary,C,C,R16C30m7_info1_250Hz_gu2_AEP.conn
R16ME08_F10,R16me08_f10_info1_250Hz_gu3_AEP.conn,gu3,0.38683137254901956,0.3866156862745098,0.3878372549019608,0.38828431372549027,0.3868039215686275,0.38813137254901964,0.38893921568627454,0.3873901960784314,0.3966862745098039,0.3997529411764706,0.4025254901960785,0.4033450980392157,0.409356862745098,0.40833725490196077,0.41229999999999994,0.42507882352941173,0.42381882352941175,0.4230482352941176,0.42578235294117645,0.42798588235294116,0.42433529411764714,0.42383176470588235,0.4231529411764706,0.42419411764705883,0.42114,0.4205929411764706,0.42441529411764706,0.42727176470588235,0.42618235294117646,0.42993764705882354,0.40466823529411766,0.4040282352941177,0.4039,0.40531058823529414,0.4057023529411765,0.40146,0.4025141176470588,0.40336823529411764,0.4047388235294117,0.40120705882352936,0.40169411764705887,0.40402941176470586,0.40205176470588233,0.40215647058823534,0.4029341176470588,0.38480924369747893,0.3851991596638656,0.38838739495798313,0.38956974789915966,0.38885714285714285,0.3916621848739496,0.3911819327731093,0.39110798319327733,0.3922264705882353,0.3930113445378151,0.3947361344537816,0.39301050420168065,0.39863109243697487,0.39986008403361345,0.40197521008403353,0.39057549019607846,0.39039313725490193,0.3898941176470588,0.38895980392156865,0.3893960784313726,0.3896970588235294,0.3914676470588235,0.3892588235294118,0.3897705882352942,0.39268333333333333,0.39244215686274514,0.392556862745098,0.39019705882352945,0.390514705882353,0.3955411764705883,0.3758490196078431,0.3745151260504202,0.37364789915966384,0.37204565826330527,0.3725134453781513,0.37404985994397755,0.37336218487394957,0.37328095238095244,0.37343501400560225,0.3781033613445378,0.3760148459383753,0.3741703081232493,0.37688963585434176,0.3764560224089636,0.3802579831932773,Female,10,8-12,Elementary,C,C,R16me08_f10_info1_250Hz_gu2_AEP.conn
R16C12G7,R16C12g7_info1_250Hz_gu3_AEP.conn,gu3,0.21633137254901957,0.21253333333333335,0.21149607843137253,0.21163921568627453,0.21274509803921568,0.22036274509803921,0.2178313725490196,0.21684117647058823,0.22935882352941173,0.22823921568627448,0.22771568627450978,0.22829803921568628,0.25152156862745095,0.25011176470588237,0.2496627450980392,0.27319176470588236,0.2734941176470588,0.27621294117647055,0.2767235294117647,0.2769082352941176,0.28325176470588237,0.28282705882352943,0.28251764705882354,0.28316588235294116,0.2772835294117647,0.2808541176470588,0.2820023529411765,0.2971670588235294,0.2971035294117647,0.29674117647058823,0.22475764705882356,0.22702117647058823,0.22658941176470587,0.22569411764705882,0.22553882352941174,0.22475529411764703,0.2252529411764706,0.2271988235294118,0.2279635294117647,0.22497176470588237,0.22650352941176471,0.2266294117647059,0.22597176470588237,0.2269364705882353,0.23082235294117645,0.2300983193277311,0.23154789915966387,0.23285672268907562,0.23226344537815127,0.22993865546218487,0.2315827731092437,0.23280546218487394,0.2344235294117647,0.23302941176470587,0.23825126050420167,0.23938193277310926,0.2376197478991596,0.2462197478991597,0.2472361344537815,0.2477033613445378,0.28911470588235294,0.28905588235294116,0.29059803921568633,0.2922872549019608,0.29244019607843136,0.2948058823529412,0.29307352941176473,0.2928450980392157,0.2913411764705882,0.2909058823529412,0.29182549019607845,0.292478431372549,0.2908970588235294,0.29021176470588234,0.2886656862745098,0.22097759103641465,0.22075126050420166,0.21977198879551824,0.2195985994397759,0.2205224089635854,0.22299411764705887,0.22235630252100844,0.22027338935574234,0.21922717086834734,0.22638767507002797,0.22585658263305325,0.22522156862745094,0.22751904761904762,0.2256655462184874,0.2266495798319328,Female,7,5-7,Elementary,C,C,R16C12g7_info1_250Hz_gu2_AEP.conn
R16C38G6,R16C38g6_info1_250Hz_gu3_AEP.conn,gu3,0.2481960784313726,0.24918039215686272,0.2515568627450981,0.25248235294117644,0.2539882352941177,0.2479431372549019,0.2490980392156863,0.24881176470588237,0.26219411764705886,0.26171568627450986,0.26308235294117643,0.26490588235294116,0.28268823529411763,0.28275882352941173,0.27654117647058823,0.26890823529411767,0.26762588235294116,0.27048823529411764,0.26996117647058815,0.26721058823529414,0.2645094117647058,0.2690376470588235,0.2732870588235294,0.2690847058823529,0.26823294117647056,0.2723764705882353,0.2704494117647058,0.28280941176470586,0.2852094117647058,0.2838482352941176,0.23492470588235292,0.24022117647058824,0.24508235294117647,0.24783411764705882,0.24490235294117646,0.22224,0.22634588235294112,0.22805764705882353,0.23301294117647053,0.24064470588235296,0.2408188235294118,0.24127529411764703,0.23292823529411763,0.23160235294117645,0.2331047058823529,0.2794462184873949,0.27747100840336136,0.27685546218487395,0.2778004201680672,0.28003823529411764,0.2806424369747899,0.28029159663865544,0.28075378151260505,0.28125924369747896,0.2877365546218488,0.2875634453781512,0.29076260504201684,0.2988449579831932,0.29937226890756297,0.2993357142857143,0.2690911764705883,0.2648588235294118,0.2625470588235294,0.26194509803921573,0.264993137254902,0.2738950980392157,0.27180490196078433,0.27343921568627455,0.2769362745098039,0.271856862745098,0.2704245098039215,0.27026666666666666,0.27749117647058824,0.27530392156862743,0.26719117647058827,0.23813501400560225,0.24110224089635857,0.23892689075630252,0.23961596638655464,0.23972156862745098,0.23807647058823528,0.23894061624649857,0.23826890756302516,0.23931008403361337,0.24513277310924367,0.24298935574229694,0.2433487394957983,0.24581680672268907,0.24393977591036414,0.24404397759103644,Female,6,5-7,Elementary,C,C,R16C38g6_info1_250Hz_gu2_AEP.conn
R16C27M9,R16C27m9_info1_250Hz_gu3_AEP.conn,gu3,0.2161607843137255,0.21706470588235294,0.2164156862745098,0.21679607843137258,0.21391176470588236,0.22415490196078433,0.2240862745098039,0.2236980392156863,0.2361980392156863,0.2350823529411765,0.23274705882352942,0.23337450980392152,0.25734117647058824,0.2575705882352941,0.2541,0.27956352941176477,0.2800129411764706,0.2805670588235294,0.28251529411764703,0.2823647058823529,0.28492117647058823,0.28378470588235294,0.28341764705882355,0.2852294117647059,0.2847670588235294,0.2851211764705882,0.2866435294117647,0.29974,0.2998211764705882,0.29930352941176475,0.25234705882352937,0.25333058823529414,0.25521411764705887,0.25598941176470585,0.25746823529411766,0.25813176470588234,0.25897647058823525,0.25672117647058823,0.2559223529411765,0.25289529411764705,0.2543658823529412,0.2554458823529412,0.2624270588235294,0.25990117647058825,0.25664588235294117,0.2893172268907564,0.2903352941176471,0.29036596638655465,0.2904298319327731,0.2902949579831932,0.2884613445378151,0.28943949579831935,0.28993319327731093,0.2907794117647059,0.2979726890756303,0.2988911764705882,0.2992491596638656,0.3028084033613445,0.30426806722689076,0.30724453781512606,0.26886078431372545,0.26991470588235295,0.2702774509803922,0.2703882352941176,0.26972549019607844,0.27596764705882354,0.2729,0.270593137254902,0.2711156862745098,0.27476470588235297,0.275178431372549,0.2758313725490196,0.27162058823529417,0.27233823529411766,0.2763235294117647,0.22776666666666667,0.22690588235294115,0.22649187675070032,0.22667787114845936,0.22724481792717086,0.22952605042016808,0.2295865546218487,0.22914761904761902,0.22814145658263305,0.23337254901960786,0.23292212885154062,0.2327002801120448,0.236624649859944,0.23638879551820732,0.2339417366946779,Male,9,8-12,Elementary,C,C,R16C27m9_info1_250Hz_gu2_AEP.conn
R16C24B7,R16C24b7_info1_250Hz_gu3_AEP.conn,gu3,0.24391176470588236,0.24391568627450977,0.2427058823529412,0.24185098039215683,0.2400529411764706,0.2377490196078432,0.23849607843137255,0.23619411764705878,0.2500588235294117,0.2588196078431373,0.25746470588235293,0.2558137254901961,0.26928823529411766,0.26576666666666665,0.271456862745098,0.29926705882352944,0.2958341176470588,0.29341411764705877,0.29370352941176464,0.297535294117647,0.3035552941176471,0.3043682352941177,0.3062635294117647,0.3062,0.30290117647058823,0.2990376470588235,0.30015058823529417,0.31896470588235293,0.31886235294117643,0.31579647058823535,0.3218917647058823,0.3219047058823529,0.32094117647058823,0.3231552941176471,0.32460352941176474,0.3232576470588236,0.3192376470588235,0.3184741176470588,0.3215929411764706,0.32536,0.3231235294117647,0.32544470588235297,0.3243258823529412,0.3220682352941176,0.3280223529411765,0.29911302521008404,0.2996231092436975,0.29912352941176473,0.29831932773109243,0.2965142857142857,0.2971382352941177,0.2961294117647059,0.2955773109243697,0.29642563025210084,0.3050394957983193,0.30370210084033616,0.3025084033613445,0.3092411764705883,0.30910672268907563,0.31002310924369747,0.26954803921568626,0.2706656862745098,0.27032352941176474,0.2721686274509804,0.2735852941176471,0.26954215686274513,0.2686519607843137,0.26916372549019607,0.27054803921568626,0.2709813725490196,0.2700411764705883,0.27205098039215686,0.27170294117647054,0.27205392156862745,0.26787058823529414,0.23557422969187675,0.23647030812324937,0.23608207282913166,0.23513053221288516,0.23549551820728296,0.23707955182072832,0.23665434173669472,0.23529691876750705,0.23579691876750694,0.24017478991596633,0.2397585434173669,0.23951316526610644,0.24302296918767502,0.24115126050420166,0.24000868347338936,Male,7,5-7,Elementary,C,C,R16C24b7_info1_250Hz_gu2_AEP.conn
R16C37B6,R16C37b6_info1_250Hz_gu3_AEP.conn,gu3,0.2442019607843137,0.24428823529411767,0.2468392156862745,0.2482529411764706,0.2489,0.24286078431372546,0.24077450980392157,0.24045098039215687,0.2529196078431373,0.254021568627451,0.25590980392156865,0.2564901960784314,0.27457647058823526,0.270856862745098,0.2731823529411765,0.2995470588235294,0.3018435294117647,0.3021647058823529,0.3015317647058824,0.30316823529411774,0.2932117647058824,0.28877411764705885,0.2982682352941176,0.30246470588235297,0.3018458823529412,0.3000717647058824,0.29886235294117647,0.30037882352941175,0.30558588235294115,0.3102294117647059,0.24060470588235297,0.24625411764705882,0.24765882352941176,0.2481235294117647,0.24966823529411766,0.24324705882352937,0.24270941176470587,0.2490364705882353,0.2506976470588235,0.2489764705882353,0.25098235294117643,0.25287294117647063,0.24662588235294117,0.25180823529411767,0.2547223529411765,0.2831105042016807,0.2814466386554622,0.27881134453781514,0.2788739495798319,0.27882899159663865,0.28574453781512604,0.2863310924369748,0.28563403361344536,0.2845983193277311,0.29128865546218485,0.2878550420168068,0.28670672268907565,0.2981189075630252,0.2968752100840336,0.2958647058823529,0.2962196078431373,0.29916960784313723,0.2971598039215686,0.299843137254902,0.3047019607843137,0.30162647058823533,0.30579117647058823,0.3090833333333333,0.30473529411764705,0.30277647058823526,0.30178627450980394,0.3036245098039215,0.3082490196078431,0.31425686274509806,0.3045803921568627,0.24944397759103637,0.24804033613445378,0.24837338935574235,0.24869999999999998,0.24911204481792723,0.25124481792717085,0.24999019607843137,0.2508778711484594,0.2504142857142857,0.2549019607843137,0.2557557422969188,0.25557927170868344,0.2556596638655462,0.25588207282913167,0.2571669467787115,Male,6,5-7,Elementary,C,C,R16C37b6_info1_250Hz_gu2_AEP.conn
R16C16B07,R16C16b07_info1_250Hz_gu3_AEP.conn,gu3,0.26259607843137256,0.26111960784313726,0.26399215686274513,0.2661058823529412,0.2663627450980392,0.26348823529411763,0.2671529411764706,0.26551764705882347,0.2781745098039216,0.27631960784313725,0.27276078431372547,0.27433725490196076,0.2912666666666666,0.28929803921568625,0.28457254901960777,0.32144000000000006,0.3169082352941176,0.31864,0.3180776470588235,0.3180070588235294,0.3207317647058823,0.32202705882352944,0.3208364705882353,0.3181247058823529,0.3271141176470588,0.3265588235294118,0.3226611764705883,0.3379976470588235,0.33443882352941173,0.3313294117647058,0.2837752941176471,0.2818258823529412,0.2821458823529412,0.2788,0.2767647058823529,0.2811541176470588,0.2822211764705883,0.28324352941176467,0.28158470588235296,0.2843411764705882,0.28214823529411764,0.27712235294117643,0.2851811764705882,0.2838352941176471,0.28284352941176466,0.2882033613445378,0.2882995798319327,0.28660756302521007,0.2852495798319327,0.2836844537815126,0.28796008403361345,0.28571890756302526,0.283572268907563,0.28158529411764704,0.29346596638655464,0.2920323529411765,0.2927126050420168,0.29670756302521006,0.2943357142857143,0.30024957983193273,0.2681294117647059,0.26665686274509803,0.2635892156862745,0.2623813725490196,0.26298333333333335,0.266271568627451,0.26455980392156864,0.26777843137254903,0.26750686274509805,0.2750480392156863,0.27112450980392155,0.27148431372549026,0.27795294117647057,0.2785519607843137,0.2729921568627451,0.2417280112044818,0.2414229691876751,0.24245154061624652,0.2427296918767507,0.2443596638655462,0.24111988795518202,0.24046554621848737,0.2394333333333334,0.23896862745098046,0.24770672268907573,0.2487859943977591,0.2478663865546219,0.2508638655462184,0.24972408963585432,0.24943753501400556,Male,7,5-7,Elementary,C,C,R16C16b07_info1_250Hz_gu2_AEP.conn
R16M08B09,R16M08b09_info1_250Hz_gu3_AEP.conn,gu3,0.25987647058823526,0.2576686274509804,0.2543058823529412,0.24796666666666667,0.24729999999999996,0.25058039215686273,0.24903333333333333,0.24990980392156867,0.2611019607843137,0.26124901960784314,0.25854313725490197,0.25688627450980395,0.27477254901960785,0.27547647058823527,0.27343333333333336,0.3235058823529412,0.3223823529411765,0.32109411764705886,0.32075882352941176,0.3216023529411765,0.324615294117647,0.3231976470588235,0.32225176470588235,0.32238,0.31948235294117644,0.3177105882352941,0.3181035294117646,0.3299258823529412,0.32916,0.3291388235294118,0.3076482352941176,0.30804117647058826,0.30927647058823526,0.3123552941176471,0.3097576470588235,0.3079941176470588,0.30773882352941173,0.3097764705882353,0.3098647058823529,0.30542470588235293,0.30687764705882353,0.3082588235294118,0.31039529411764705,0.31163411764705884,0.3126188235294118,0.3199239495798319,0.3182689075630252,0.3182697478991597,0.3204394957983193,0.321173949579832,0.3187600840336135,0.31914705882352934,0.3191247899159664,0.32018781512605043,0.32141638655462185,0.322231512605042,0.3253042016806723,0.32952100840336135,0.3294638655462184,0.32870168067226885,0.2952764705882353,0.29388137254901964,0.2923882352941176,0.29358627450980396,0.29520490196078436,0.2903578431372549,0.2890421568627451,0.2883794117647059,0.2886941176470588,0.28897254901960784,0.2887264705882353,0.2893647058823529,0.2869509803921569,0.2852813725490196,0.28721568627450983,0.2632126050420168,0.26449859943977594,0.2642756302521009,0.2629661064425771,0.26488711484593835,0.26332296918767506,0.2629229691876751,0.26236162464985996,0.26277591036414566,0.26833165266106446,0.2686532212885154,0.2686588235294118,0.26958067226890753,0.2692436974789916,0.26952661064425765,Male,9,8-12,Elementary,C,C,R16M08b09_info1_250Hz_gu2_AEP.conn
R16C07G9,R16C07g9_info1_250Hz_gu3_AEP.conn,gu3,0.3046235294117647,0.30415686274509807,0.3052137254901961,0.303121568627451,0.30177254901960787,0.30797450980392155,0.31126078431372556,0.31340980392156864,0.32595294117647056,0.3204196078431372,0.3225274509803922,0.31859607843137255,0.34270392156862745,0.34171176470588244,0.33650392156862746,0.3823305882352941,0.3834929411764706,0.3836788235294118,0.38295529411764706,0.3829376470588235,0.38843176470588237,0.38833294117647055,0.3879882352941177,0.3893341176470588,0.39014000000000004,0.3899270588235294,0.3894458823529412,0.4066929411764706,0.40591411764705887,0.40102000000000004,0.3739035294117647,0.37249529411764704,0.3723788235294117,0.37190823529411765,0.37320117647058826,0.37562588235294114,0.3751023529411765,0.3749882352941177,0.37360470588235295,0.37869882352941175,0.3780317647058824,0.3780035294117647,0.3797505882352941,0.38149647058823527,0.37865176470588235,0.36335882352941173,0.36397352941176475,0.3648411764705883,0.3648928571428572,0.362996218487395,0.3587819327731093,0.36010210084033617,0.360023949579832,0.3604848739495799,0.37030336134453773,0.3716399159663865,0.3697819327731092,0.3676088235294118,0.3669852941176471,0.36952100840336144,0.30341666666666667,0.3068421568627451,0.30662549019607843,0.3052,0.3028058823529412,0.30225294117647056,0.30274411764705883,0.30316078431372545,0.3032872549019608,0.3018558823529412,0.30106666666666665,0.2996490196078431,0.3006480392156863,0.29925098039215686,0.2982205882352941,0.2719470588235295,0.2724324929971989,0.2738296918767507,0.2740126050420168,0.2733075630252101,0.274164705882353,0.27492324929971984,0.2759316526610644,0.2763327731092437,0.27810504201680675,0.27950644257703083,0.27950952380952376,0.2818624649859943,0.28278319327731094,0.28031988795518203,Female,9,8-12,Elementary,C,C,R16C07g9_info1_250Hz_gu2_AEP.conn
R16C04B13,R16C04b13_info1_250Hz_gu3_AEP.conn,gu3,0.27293529411764705,0.27327058823529415,0.2710803921568628,0.269,0.2681549019607843,0.2667803921568628,0.2672098039215687,0.26625882352941177,0.2826901960784314,0.2867294117647059,0.284956862745098,0.28339999999999993,0.30057450980392153,0.300521568627451,0.30444901960784315,0.34864000000000006,0.3502517647058824,0.3516058823529412,0.3524223529411765,0.3522494117647059,0.3531870588235294,0.3535917647058823,0.3536788235294118,0.3523117647058824,0.3516164705882353,0.35201176470588236,0.3513341176470588,0.3649823529411764,0.3634705882352941,0.36634,0.3152376470588235,0.3178576470588236,0.32269882352941176,0.32484,0.32404235294117645,0.31742352941176477,0.3221905882352941,0.32411999999999996,0.32286000000000004,0.31939294117647055,0.3227917647058823,0.32108235294117643,0.31728235294117646,0.31873411764705883,0.3195094117647058,0.3271340336134454,0.3260231092436975,0.3283655462184874,0.32992689075630255,0.32935252100840345,0.33120084033613445,0.33094495798319323,0.3322873949579832,0.3339021008403361,0.33926596638655465,0.33933193277310914,0.3378756302521008,0.3422214285714285,0.343710924369748,0.3428252100840336,0.3135088235294118,0.3109980392156863,0.3084578431372549,0.3097705882352941,0.3119,0.31561372549019606,0.3162392156862745,0.3154637254901961,0.3148225490196079,0.31710686274509803,0.31577254901960783,0.3155176470588235,0.31832745098039217,0.31629411764705884,0.3202421568627451,0.26783837535014005,0.26898235294117645,0.27028459383753506,0.2685532212885154,0.2673086834733894,0.2652731092436975,0.26685658263305323,0.2673081232492997,0.2668386554621849,0.2714638655462185,0.27222745098039214,0.2706420168067227,0.27277619047619045,0.2732787114845939,0.2742879551820729,Male,13,Teen,Secondary,C,C,R16C04b13_info1_250Hz_gu2_AEP.conn
R16TEEN5CB16,R16Teen5Cb16_info1_250Hz_gu3_AEP.conn,gu3,0.29635686274509804,0.29316666666666663,0.28882156862745095,0.28558235294117645,0.2847568627450981,0.29950588235294123,0.2979607843137255,0.29853529411764707,0.31954509803921577,0.31304509803921565,0.3095392156862745,0.3066745098039216,0.3353509803921569,0.3361470588235294,0.3327647058823529,0.3563894117647059,0.3510211764705883,0.34571058823529416,0.34219999999999995,0.3424223529411764,0.35054588235294115,0.3521917647058823,0.35393176470588233,0.354944705882353,0.35140352941176467,0.3453788235294118,0.34248823529411765,0.3582235294117647,0.3603529411764706,0.35505411764705885,0.2947611764705882,0.2916588235294118,0.29154823529411766,0.29751882352941184,0.3000082352941177,0.2989129411764705,0.30050470588235295,0.29758117647058824,0.30091647058823534,0.2949047058823529,0.29470117647058824,0.2972070588235295,0.2978764705882353,0.2961752941176471,0.2992105882352941,0.3074176470588235,0.30944243697478996,0.3090205882352941,0.31046260504201684,0.31035084033613447,0.3069626050420168,0.31009327731092434,0.3118058823529412,0.3112672268907563,0.3176420168067226,0.3170046218487395,0.32020546218487395,0.32512268907563024,0.3265432773109244,0.32542058823529413,0.35192843137254903,0.3512019607843137,0.3495911764705883,0.3515088235294117,0.3519686274509804,0.3497254901960784,0.3534490196078431,0.3579235294117647,0.35828333333333334,0.35896372549019606,0.3590705882352941,0.36015588235294116,0.36501470588235296,0.3651480392156863,0.36155784313725486,0.28815770308123245,0.29112016806722696,0.2930703081232493,0.29408515406162467,0.294003081232493,0.28791008403361334,0.28746302521008404,0.28727114845938384,0.28804117647058824,0.2968128851540617,0.29780308123249294,0.29779075630252094,0.29463697478991596,0.29459299719887955,0.29527086834733884,Male,16,Teen,Secondary,C,C,R16Teen5Cb16_info1_250Hz_gu2_AEP.conn
CSD499K07F21,CSD499K07f21_info1_250Hz_gu3_AEP.conn,gu3,0.257121568627451,0.2588470588235294,0.26211764705882357,0.2640529411764706,0.2648392156862745,0.2577980392156863,0.2598411764705882,0.2637411764705882,0.2722901960784314,0.2660431372549019,0.26971372549019607,0.27166078431372553,0.28571960784313727,0.28734901960784315,0.28733333333333333,0.30322941176470586,0.30423294117647065,0.3038635294117647,0.3011317647058824,0.29938470588235294,0.3002505882352941,0.30058117647058824,0.2986564705882353,0.29630823529411765,0.29842,0.29908117647058824,0.29784470588235296,0.30859882352941176,0.30533411764705887,0.30768117647058824,0.25244470588235296,0.2517070588235294,0.250524705882353,0.2496694117647059,0.25208823529411767,0.24774823529411766,0.24532941176470593,0.24458588235294115,0.2465282352941177,0.24430823529411766,0.24244117647058822,0.24140470588235297,0.2404411764705882,0.2384729411764706,0.24071294117647057,0.26141554621848734,0.26135126050420165,0.260413025210084,0.2605844537815126,0.261531512605042,0.26360504201680673,0.26248613445378155,0.2612138655462185,0.261476050420168,0.270477731092437,0.26948739495798324,0.2700281512605042,0.27838067226890756,0.27791008403361345,0.27829033613445375,0.33780196078431374,0.34050686274509806,0.3390039215686274,0.3378156862745098,0.33634019607843135,0.3365637254901961,0.33824999999999994,0.3349990196078432,0.3346745098039216,0.3426794117647059,0.3438676470588235,0.34316764705882347,0.34272745098039215,0.342406862745098,0.34684019607843136,0.28567366946778705,0.28568823529411763,0.28507787114845934,0.28381988795518204,0.2830355742296919,0.28656106442577034,0.287064705882353,0.2853014005602241,0.28381428571428574,0.2925921568627451,0.2918963585434174,0.2900929971988796,0.29277535014005607,0.29112492997198886,0.29231204481792716,Female,21,Teen,Tertiary,S,NC,CSD499K07f21_info1_250Hz_gu2_AEP.conn
CSD499B8F21,CSD499B8f21_info1_250Hz_gu3_AEP.conn,gu3,0.19789607843137255,0.19154313725490194,0.1903509803921569,0.1911529411764706,0.19393333333333332,0.19545686274509802,0.19491176470588237,0.19443529411764704,0.2065392156862745,0.2068078431372549,0.207,0.20462156862745098,0.22270392156862742,0.22043529411764706,0.22297254901960784,0.2542470588235294,0.25706823529411765,0.2542764705882353,0.25280470588235293,0.2514,0.2560235294117647,0.2552129411764706,0.25408588235294116,0.25272823529411764,0.25745529411764706,0.2558211764705883,0.2526694117647058,0.26408235294117655,0.26509529411764704,0.2653258823529412,0.22972941176470588,0.23155411764705885,0.23005529411764708,0.23002941176470587,0.2326623529411765,0.2311058823529412,0.23175999999999997,0.23374588235294116,0.23256235294117644,0.2353529411764706,0.23405294117647055,0.23417882352941177,0.23423882352941178,0.23467294117647058,0.2348376470588235,0.26761050420168064,0.26947478991596635,0.26743067226890754,0.26672815126050425,0.2674663865546219,0.26866008403361347,0.26939873949579835,0.26911218487394956,0.269013025210084,0.2762126050420168,0.2738340336134453,0.27356302521008397,0.28234873949579836,0.2811109243697479,0.2785373949579832,0.25533823529411764,0.2553137254901961,0.25496862745098037,0.256278431372549,0.254521568627451,0.25366862745098046,0.25377058823529414,0.25571470588235296,0.25677156862745093,0.2554950980392157,0.2554882352941177,0.2565137254901961,0.25176960784313723,0.25071960784313724,0.25357254901960785,0.2213806722689075,0.22001120448179265,0.22002296918767517,0.2194963585434173,0.21988739495798326,0.217147619047619,0.2168201680672269,0.21774005602240898,0.2186621848739496,0.22167563025210088,0.22108683473389354,0.21975238095238098,0.2179280112044818,0.2173831932773109,0.22009551820728288,Female,21,Teen,Tertiary,S,NC,CSD499B8f21_info1_250Hz_gu2_AEP.conn
CSD499AH10F21,CSD499AH10f21_info1_250Hz_gu3_AEP.conn,gu3,0.24066078431372548,0.2445176470588235,0.24680588235294118,0.24890392156862742,0.2482333333333333,0.2567098039215686,0.2616450980392157,0.2630764705882353,0.2763176470588235,0.2649941176470588,0.26735686274509807,0.26833529411764706,0.28941372549019606,0.288921568627451,0.28554313725490194,0.3314858823529412,0.33209647058823527,0.33269529411764703,0.3336858823529412,0.3345858823529412,0.3383070588235294,0.33755647058823524,0.3365364705882353,0.332395294117647,0.32894352941176475,0.32859176470588236,0.3271811764705882,0.3390976470588235,0.3359070588235294,0.3385094117647059,0.26876235294117645,0.27121764705882356,0.2710505882352941,0.2734129411764706,0.2715929411764706,0.2747835294117647,0.27950352941176465,0.2806176470588236,0.2785411764705882,0.26725411764705886,0.2663235294117647,0.26783647058823534,0.27217882352941175,0.27164352941176473,0.26432352941176473,0.28858613445378145,0.2890273109243698,0.28957605042016804,0.28897605042016805,0.2878928571428571,0.28802773109243696,0.28857647058823527,0.2908785714285714,0.29037268907563024,0.2972235294117647,0.29764873949579834,0.2971827731092437,0.305153781512605,0.3060924369747899,0.3033752100840336,0.30538823529411757,0.30246764705882356,0.30188333333333334,0.30224411764705883,0.30375980392156865,0.3049892156862745,0.3075823529411765,0.3085901960784314,0.30780784313725496,0.3004490196078431,0.3005921568627451,0.30122450980392157,0.3066558823529412,0.3071911764705883,0.2940058823529412,0.25471736694677877,0.2546565826330532,0.2533364145658263,0.25142661064425764,0.2503750700280111,0.25613473389355745,0.25663753501400566,0.25574649859943976,0.2546627450980392,0.2610128851540616,0.2592260504201681,0.25702016806722683,0.2615683473389356,0.2607333333333334,0.260790756302521,Female,21,Teen,Tertiary,E,NC,CSD499AH10f21_info1_250Hz_gu2_AEP.conn
CSD499AB04G21,CSD499AB04g21_info1_250Hz_gu3_AEP.conn,gu3,0.19332745098039217,0.19413333333333335,0.1962058823529412,0.1968921568627451,0.19771176470588234,0.19880784313725494,0.19946666666666665,0.20030980392156864,0.20537647058823527,0.1995941176470588,0.20048627450980394,0.19944901960784311,0.22453529411764706,0.22550196078431375,0.21896470588235287,0.28383176470588234,0.2828835294117647,0.28496,0.28697294117647065,0.28741176470588237,0.2874011764705882,0.28784941176470585,0.2898388235294117,0.29249058823529406,0.2843364705882353,0.2857764705882353,0.28786470588235297,0.29550705882352946,0.2985964705882353,0.2979541176470588,0.26923176470588234,0.2699847058823529,0.2679411764705882,0.2699458823529412,0.26873176470588234,0.26568117647058825,0.26525176470588235,0.2674141176470588,0.27234352941176476,0.2689294117647059,0.2703023529411765,0.27308000000000004,0.26721176470588237,0.26799999999999996,0.26546588235294116,0.29487352941176465,0.2941088235294118,0.29328193277310927,0.2954794117647059,0.2964155462184874,0.2961953781512605,0.29607689075630256,0.2949655462184874,0.2952243697478992,0.30317773109243695,0.30328529411764704,0.30501008403361346,0.3154180672268908,0.3142121848739497,0.3138642857142857,0.29414411764705883,0.29440882352941183,0.29395,0.29159019607843134,0.29507058823529414,0.2939872549019608,0.29753823529411766,0.29810784313725486,0.2976490196078431,0.29635490196078434,0.2959480392156863,0.2951872549019608,0.29875392156862746,0.2997176470588236,0.29767450980392157,0.23549019607843139,0.23573557422969188,0.2375008403361344,0.23842661064425774,0.23939411764705879,0.23703641456582633,0.23855042016806724,0.24084593837535012,0.24116442577030806,0.23981932773109246,0.2419064425770308,0.24332324929971993,0.24203277310924373,0.2446403361344538,0.24142072829131653,Female,21,Teen,Tertiary,A,NC,CSD499AB04g21_info1_250Hz_gu2_AEP.conn
CSD499LS06F20,CSD499LS06f20_info1_250Hz_gu3_AEP.conn,gu3,0.21101568627450984,0.2111098039215686,0.21381764705882356,0.21693725490196072,0.21925490196078426,0.20928039215686275,0.21116470588235292,0.21565882352941176,0.2388078431372549,0.231135294117647,0.23598235294117642,0.2397529411764706,0.24510392156862745,0.2495196078431373,0.24948823529411768,0.27922352941176476,0.2788894117647059,0.2778023529411765,0.2788529411764706,0.2787870588235294,0.27785647058823526,0.27518,0.27454588235294114,0.2764,0.27197176470588236,0.2709976470588235,0.27271764705882356,0.27816823529411766,0.2771588235294118,0.27834117647058826,0.22426588235294118,0.2233658823529412,0.2216329411764706,0.22105294117647056,0.22238588235294116,0.21799176470588238,0.21718588235294117,0.21760705882352943,0.21952117647058822,0.2155988235294118,0.21576705882352937,0.2161647058823529,0.21188,0.2142035294117647,0.21750705882352941,0.23923865546218487,0.2366294117647059,0.23613193277310923,0.23777563025210088,0.2393802521008403,0.2391310924369748,0.2383789915966386,0.23944453781512604,0.24011050420168067,0.24162478991596634,0.24147605042016812,0.2454789915966387,0.2535466386554622,0.2547978991596639,0.2498063025210084,0.26888235294117646,0.2671147058823529,0.27047352941176467,0.273443137254902,0.2757862745098039,0.27186764705882355,0.27158529411764704,0.2738156862745098,0.27511470588235293,0.27582352941176463,0.2779323529411764,0.28037549019607844,0.2798009803921569,0.2799294117647059,0.2784264705882353,0.22211736694677872,0.22115154061624645,0.22258851540616245,0.22391036414565826,0.2237067226890756,0.2196019607843137,0.2209742296918767,0.22224425770308123,0.22366106442577025,0.22434341736694677,0.22572857142857142,0.2277859943977591,0.22886498599439772,0.22972016806722687,0.22768095238095237,Female,20,Teen,Tertiary,S,NC,CSD499LS06f20_info1_250Hz_gu2_AEP.conn
R16P02C_G16,R16P02C_g16_info1_250Hz_gu3_AEP.conn,gu3,0.19690980392156865,0.1976607843137255,0.1997313725490196,0.199278431372549,0.2002627450980392,0.19014901960784317,0.1926823529411765,0.19612156862745098,0.21753137254901964,0.2136372549019608,0.21851176470588238,0.21799019607843137,0.23028627450980396,0.2327509803921569,0.2378411764705882,0.29064823529411765,0.2892411764705883,0.29054117647058825,0.29183764705882353,0.29308941176470593,0.28744588235294116,0.28742823529411765,0.29056,0.2927094117647059,0.28704,0.2891470588235294,0.2922070588235294,0.29938000000000003,0.3003988235294118,0.2990247058823529,0.3113964705882353,0.3136988235294118,0.31614941176470585,0.3145235294117647,0.3110482352941176,0.3114294117647059,0.3143576470588236,0.31599058823529413,0.31600823529411765,0.3120905882352941,0.31447647058823536,0.31545882352941174,0.31378235294117646,0.31501647058823534,0.31802,0.2821121848739496,0.2808626050420169,0.2799063025210084,0.27987647058823534,0.280823949579832,0.28259285714285715,0.2830701680672269,0.28117857142857144,0.28083151260504197,0.28821806722689075,0.28752773109243696,0.28688613445378147,0.29575504201680675,0.295890756302521,0.2968172268907563,0.30251176470588237,0.30262352941176474,0.3037862745098039,0.3056313725490196,0.30691568627450977,0.3089950980392157,0.3085147058823529,0.30444901960784315,0.30311960784313724,0.311193137254902,0.31131470588235294,0.3114107843137255,0.31113823529411766,0.3094372549019608,0.31041372549019614,0.24554873949579833,0.24604789915966388,0.24671260504201675,0.24724957983193274,0.246712324929972,0.24791428571428567,0.2476075630252101,0.247424649859944,0.2471787114845938,0.2547638655462185,0.2541843137254902,0.2539019607843137,0.2549176470588236,0.254766106442577,0.2576204481792717,Female,16,Teen,Secondary,C,C,R16P02C_g16_info1_250Hz_gu2_AEP.conn
CSD499DV04F21,CSD499DV04f21_info1_250Hz_gu3_AEP.conn,gu3,0.2743549019607843,0.2783901960784314,0.2808803921568627,0.2830843137254902,0.28315490196078424,0.2697254901960784,0.27029803921568624,0.277456862745098,0.2983823529411765,0.29047254901960784,0.29578039215686286,0.3004,0.30577843137254895,0.312878431372549,0.30526666666666663,0.33560588235294114,0.33716941176470594,0.3377282352941176,0.33750588235294116,0.3374870588235294,0.3385447058823529,0.33986,0.33811176470588233,0.33771764705882357,0.33000235294117647,0.3308976470588235,0.33255999999999997,0.34785058823529413,0.3452764705882353,0.3445235294117648,0.29539058823529407,0.29447764705882357,0.29146235294117645,0.2901788235294117,0.28959411764705884,0.29614117647058824,0.29679529411764705,0.2958,0.29256,0.29227058823529417,0.28829411764705887,0.28698352941176475,0.30235058823529404,0.30173764705882355,0.29507294117647065,0.3080516806722689,0.3070424369747899,0.30724999999999997,0.3077722689075631,0.30912058823529415,0.3049588235294118,0.3050378151260504,0.30579537815126046,0.3067226890756302,0.31271050420168073,0.3128100840336135,0.3128550420168067,0.31810462184873944,0.321744537815126,0.31973319327731087,0.35314803921568627,0.35389803921568624,0.3556960784313725,0.35454509803921574,0.3520715686274509,0.3517137254901961,0.353756862745098,0.35280980392156863,0.3503539215686275,0.35643137254901963,0.35841372549019607,0.3584450980392157,0.3551039215686274,0.3563088235294118,0.36094705882352945,0.3008977591036414,0.3022644257703081,0.3013896358543417,0.298870868347339,0.29671820728291315,0.2990686274509804,0.3002543417366947,0.29883865546218485,0.2970025210084033,0.30573277310924374,0.30575910364145664,0.30365714285714285,0.3077862745098039,0.30673949579831933,0.3059028011204482,Female,21,Teen,Tertiary,S,NC,CSD499DV04f21_info1_250Hz_gu2_AEP.conn
CSD499E9F21,CSD499E9f21_info1_250Hz_gu3_AEP.conn,gu3,0.19188235294117648,0.19704705882352944,0.20764901960784313,0.2171196078431373,0.21424313725490193,0.19642745098039213,0.21001372549019606,0.2184313725490196,0.2249862745098039,0.21009019607843138,0.21353333333333335,0.21689411764705882,0.23069019607843136,0.23562745098039217,0.2236411764705882,0.2919188235294118,0.2936658823529412,0.2948952941176471,0.29728705882352935,0.29390117647058817,0.29370705882352943,0.2975882352941176,0.29691882352941174,0.2955517647058824,0.2996917647058823,0.29806470588235295,0.2955635294117648,0.30795529411764705,0.3085529411764706,0.30276,0.25447764705882353,0.2555047058823529,0.26287058823529413,0.27026823529411764,0.26877529411764706,0.25529999999999997,0.2636011764705882,0.26751882352941175,0.2693729411764706,0.26281529411764704,0.2698270588235294,0.27664470588235296,0.26822705882352943,0.2729317647058824,0.2774682352941177,0.2867336134453781,0.28829327731092436,0.2901088235294118,0.2924231092436975,0.29449159663865554,0.28583781512605044,0.28806680672268914,0.29314285714285715,0.2950563025210084,0.29309117647058824,0.2962810924369748,0.3002176470588235,0.30282647058823525,0.30598403361344545,0.3065596638655462,0.31424019607843134,0.3181460784313725,0.3217803921568627,0.3197754901960784,0.3129803921568628,0.3201872549019608,0.3218647058823529,0.32041470588235293,0.31424705882352943,0.3175382352941177,0.32080000000000003,0.3197186274509804,0.3192186274509804,0.3131166666666667,0.3104382352941177,0.25709187675070017,0.2603257703081232,0.2613565826330532,0.26266162464986,0.2621266106442577,0.25673193277310924,0.2579224089635854,0.2584151260504201,0.2610263305322128,0.2606319327731092,0.26180756302521013,0.26389439775910367,0.2597694677871149,0.2605949579831933,0.26176274509803915,Female,21,Teen,Tertiary,E,NC,CSD499E9f21_info1_250Hz_gu2_AEP.conn
CSD499SL03F20,CSD499SL03F20_info1_250Hz_gu3_AEP.conn,gu3,0.23106078431372554,0.23067843137254904,0.23283333333333334,0.233421568627451,0.23315686274509803,0.23018627450980392,0.22938039215686276,0.23024313725490195,0.24599607843137253,0.249178431372549,0.25088039215686275,0.2492313725490196,0.2639235294117647,0.26429215686274515,0.26752745098039216,0.2895894117647059,0.2908576470588235,0.29208470588235297,0.2917094117647059,0.2921023529411765,0.28899647058823524,0.29144470588235294,0.29077882352941176,0.28951764705882344,0.28534117647058826,0.2872647058823529,0.28731529411764706,0.2968694117647059,0.2965411764705883,0.2921564705882353,0.25093764705882354,0.24958,0.24672235294117648,0.2443611764705882,0.24612588235294117,0.24770588235294116,0.24652117647058827,0.24526705882352937,0.2443011764705882,0.24378235294117645,0.24322470588235295,0.24283882352941175,0.2410058823529412,0.23966470588235297,0.23817294117647064,0.26647605042016803,0.26765252100840337,0.2679924369747899,0.2688785714285714,0.26783571428571434,0.26914285714285713,0.27137268907563034,0.2724789915966387,0.2711084033613445,0.27494789915966383,0.27486848739495795,0.2764298319327731,0.2866168067226891,0.28867268907563026,0.2847163865546218,0.28891470588235296,0.2878529411764706,0.28710686274509806,0.2886735294117647,0.28941078431372547,0.2870098039215686,0.2863313725490196,0.2849872549019608,0.2861166666666667,0.2917647058823529,0.29153823529411765,0.29272745098039216,0.2899911764705882,0.2890009803921569,0.2886225490196079,0.22847843137254897,0.22822128851540613,0.22894257703081236,0.230344537815126,0.2308159663865547,0.22842492997198885,0.22890504201680675,0.22986050420168064,0.23023165266106443,0.2321686274509804,0.23322044817927173,0.23512072829131658,0.23592969187675072,0.23683193277310924,0.23641036414565825,Female,20,Teen,Tertiary,S,NC,CSD499SL03F20_info1_250Hz_gu2_AEP.conn
NIH01C01B17,NIH01C01b17_info1_250Hz_gu3_AEP.conn,gu3,0.34838627450980403,0.344213725490196,0.34661764705882353,0.3501019607843137,0.354243137254902,0.34875882352941173,0.3533509803921569,0.3589745098039216,0.3697725490196078,0.3558470588235294,0.3546666666666667,0.36158431372549016,0.36991176470588233,0.37365882352941177,0.36334509803921566,0.39757176470588235,0.3976776470588235,0.3999482352941176,0.40205294117647056,0.4020576470588235,0.40164823529411764,0.4043294117647059,0.40095999999999987,0.39962941176470584,0.399995294117647,0.39577294117647055,0.39607764705882353,0.40773882352941176,0.40917176470588235,0.40172823529411766,0.36053882352941174,0.35951764705882355,0.3577376470588235,0.3615329411764706,0.36671647058823525,0.3640411764705883,0.3568670588235294,0.3536435294117647,0.3579199999999999,0.3617882352941177,0.35489999999999994,0.3550082352941177,0.36134823529411764,0.35933647058823526,0.35820117647058825,0.38255966386554624,0.382063025210084,0.37976638655462186,0.3782436974789916,0.37931596638655457,0.3807357142857143,0.38162731092436974,0.3831365546218487,0.38093865546218486,0.3934735294117648,0.39119831932773114,0.38897268907563026,0.39604705882352936,0.39647773109243695,0.39697226890756293,0.39510294117647055,0.3899372549019608,0.3835892156862745,0.379306862745098,0.38081568627450985,0.3869117647058824,0.3870313725490196,0.3902088235294117,0.39152745098039216,0.39709901960784316,0.3921686274509804,0.3875333333333333,0.38683725490196075,0.3864323529411764,0.3846117647058824,0.3223649859943978,0.31993837535014,0.3191366946778712,0.3233977591036415,0.3263084033613445,0.3277879551820728,0.32569047619047614,0.3225918767507003,0.31983249299719885,0.32209271708683473,0.3220610644257703,0.32638683473389357,0.3261450980392157,0.32266106442577036,0.3221532212885154,Male,17,Teen,Secondary,C,C,NIH01C01b17_info1_250Hz_gu2_AEP.conn
R16JY24B17,R16jy24b17_info1_250Hz_gu3_AEP.conn,gu3,0.21768235294117644,0.21505294117647059,0.2145039215686275,0.2165176470588235,0.21855882352941178,0.21597058823529414,0.21742745098039218,0.21413725490196078,0.2319509803921569,0.22953725490196075,0.22879999999999998,0.2303686274509804,0.24834509803921567,0.24707647058823531,0.2453823529411764,0.29224,0.28975411764705883,0.28839647058823525,0.29078117647058827,0.2917647058823529,0.2897129411764706,0.29091529411764705,0.29114352941176475,0.29203529411764706,0.2916835294117647,0.2922729411764706,0.29702352941176474,0.30492117647058825,0.3066176470588235,0.30642941176470584,0.29764823529411766,0.29242117647058824,0.29168117647058817,0.2920188235294118,0.29544235294117643,0.2898352941176471,0.28836117647058823,0.2873858823529412,0.28837764705882357,0.2916658823529412,0.29037647058823535,0.29029176470588236,0.28286235294117645,0.2810317647058823,0.2837858823529412,0.2755861344537815,0.2737277310924369,0.2744285714285714,0.2743012605042017,0.27406638655462184,0.27462436974789917,0.27454117647058823,0.27345714285714284,0.2730046218487395,0.27876596638655465,0.2795121848739496,0.2788361344537815,0.2901567226890756,0.2897764705882353,0.2881936974789916,0.2546264705882353,0.25392745098039216,0.25429019607843134,0.25288039215686275,0.251821568627451,0.2531235294117647,0.25302450980392155,0.2514676470588235,0.25078039215686276,0.2533156862745098,0.2533245098039215,0.2520745098039216,0.25156078431372547,0.25169313725490194,0.25095,0.22676050420168067,0.22558207282913167,0.2227904761904762,0.2212901960784314,0.222003081232493,0.22442212885154061,0.2239885154061624,0.2232663865546219,0.2222378151260504,0.23001064425770307,0.22772100840336135,0.22624313725490194,0.23089075630252104,0.22949075630252103,0.23137787114845937,Male,17,Teen,Secondary,C,C,R16jy24b17_info1_250Hz_gu2_AEP.conn
R16CJTEST_B15,R16CjTest_b15_info1_250Hz_gu3_AEP.conn,gu3,0.24309607843137251,0.24075098039215684,0.23955686274509805,0.2337627450980392,0.2336235294117647,0.2388078431372549,0.2397980392156863,0.2371941176470588,0.24608627450980394,0.24849803921568628,0.24710588235294115,0.24211764705882352,0.2676588235294118,0.2635568627450981,0.27001960784313733,0.2977094117647059,0.29709411764705884,0.29538235294117643,0.29368941176470587,0.29290000000000005,0.28972705882352945,0.2890658823529412,0.28850588235294117,0.2913705882352941,0.2955776470588235,0.2959941176470589,0.29394705882352945,0.3012258823529411,0.30014,0.30552117647058824,0.22373882352941177,0.22382470588235295,0.22110470588235293,0.22139176470588237,0.22493294117647059,0.22531411764705883,0.22175411764705882,0.21797411764705882,0.21940352941176472,0.22641058823529417,0.22821764705882353,0.2285211764705882,0.2220176470588235,0.22075058823529412,0.22992705882352943,0.2881319327731093,0.2866857142857143,0.2841344537815126,0.28437647058823534,0.28480840336134455,0.2899247899159664,0.2871525210084033,0.284340756302521,0.2826453781512605,0.29379663865546213,0.2924432773109244,0.2940613445378152,0.3031857142857143,0.2998949579831933,0.3006151260504201,0.3178313725490196,0.31556372549019607,0.311956862745098,0.3114607843137255,0.3117254901960784,0.3149058823529412,0.31205196078431374,0.30964117647058825,0.30759607843137254,0.3267392156862745,0.3220392156862745,0.32002843137254905,0.32519901960784314,0.32054901960784316,0.32540490196078437,0.26312913165266105,0.26317507002801127,0.26475910364145655,0.2647050420168067,0.26650392156862746,0.26703501400560226,0.268443137254902,0.26910392156862745,0.26924173669467794,0.2697008403361344,0.2707610644257703,0.27092801120448184,0.27545966386554616,0.27550392156862746,0.27547086834733897,Male,15,Teen,Secondary,C,C,R16CjTest_b15_info1_250Hz_gu2_AEP.conn
CSD499KK01F21,CSD499KK01f21_info1_250Hz_gu3_AEP.conn,gu3,0.23296666666666668,0.2354862745098039,0.23821176470588235,0.2367,0.23221372549019606,0.2446705882352941,0.24411960784313724,0.2462764705882353,0.25676470588235295,0.2544529411764706,0.25545098039215686,0.2527509803921569,0.27242745098039217,0.27255098039215686,0.27533725490196076,0.28391058823529414,0.28287647058823523,0.28312,0.28200000000000003,0.2801670588235294,0.2895270588235294,0.288495294117647,0.286495294117647,0.2854894117647059,0.2800941176470588,0.2786505882352941,0.2766094117647059,0.2929658823529412,0.2897988235294117,0.29115058823529416,0.25454235294117644,0.2551329411764706,0.2518682352941176,0.25038000000000005,0.24904470588235292,0.2646705882352941,0.2617541176470588,0.25518823529411766,0.2499164705882353,0.25651882352941174,0.2538588235294118,0.2508988235294118,0.25673529411764706,0.2519329411764706,0.25400352941176474,0.2663264705882353,0.2666869747899159,0.2686668067226891,0.2665605042016806,0.26490252100840334,0.2661323529411765,0.2660928571428572,0.2649218487394958,0.2637466386554622,0.2720466386554622,0.274663025210084,0.2749899159663866,0.2824861344537815,0.2810626050420168,0.2801273109243697,0.24971764705882352,0.24879117647058824,0.2518637254901961,0.25084803921568627,0.25137745098039216,0.2527480392156863,0.25053725490196077,0.25284803921568627,0.2549441176470589,0.2535617647058824,0.2567460784313726,0.25688235294117645,0.255035294117647,0.25831372549019604,0.2572480392156863,0.21350532212885145,0.2144375350140056,0.2145439775910364,0.21512072829131654,0.2142871148459384,0.21133753501400557,0.21241960784313724,0.21432240896358545,0.2142697478991597,0.21859047619047628,0.21857535014005597,0.2191344537815126,0.21783417366946775,0.21937647058823528,0.218040056022409,Female,21,Teen,Tertiary,C,C,CSD499KK01f21_info1_250Hz_gu2_AEP.conn
R16CTEEN06G16,R16Cteen06g16_info1_250Hz_gu3_AEP.conn,gu3,0.2681392156862745,0.2694705882352941,0.26710000000000006,0.26523529411764707,0.2655666666666667,0.2689901960784314,0.26858039215686275,0.26903333333333335,0.28548823529411765,0.2915764705882353,0.2885058823529411,0.28555882352941175,0.3010372549019608,0.30307254901960784,0.3057313725490196,0.3213082352941176,0.3201035294117647,0.3191541176470588,0.3191670588235294,0.31908117647058826,0.31337176470588235,0.31453882352941176,0.3150588235294117,0.3130811764705882,0.3206141176470588,0.31984352941176464,0.31984352941176475,0.32912823529411767,0.33150941176470583,0.3309576470588235,0.29548,0.2911423529411764,0.2875658823529411,0.28760117647058825,0.2870435294117647,0.28658941176470587,0.28718470588235295,0.28693176470588233,0.2877129411764706,0.2915423529411764,0.28873529411764703,0.28994470588235294,0.29802,0.2968976470588235,0.29952588235294114,0.2877138655462184,0.2853634453781512,0.2843004201680673,0.2857747899159664,0.2858504201680673,0.2867268907563025,0.28609117647058824,0.28665378151260507,0.287481512605042,0.29220042016806724,0.29037563025210084,0.29019579831932774,0.2963689075630252,0.2954894957983193,0.2960819327731093,0.31361666666666665,0.31540980392156864,0.3161,0.31692647058823525,0.31858921568627446,0.3161794117647059,0.31820784313725486,0.323443137254902,0.32505392156862745,0.31631666666666663,0.31793431372549014,0.31952745098039215,0.31830490196078437,0.3210029411764706,0.31606764705882356,0.28254257703081226,0.28255714285714284,0.28236078431372547,0.2796378151260504,0.277672268907563,0.27952689075630255,0.27907198879551814,0.2787644257703081,0.27858739495798324,0.28316274509803924,0.28381540616246503,0.28233837535014006,0.2835921568627451,0.284253781512605,0.28579943977591044,Female,16,Teen,Secondary,C,C,R16Cteen06g16_info1_250Hz_gu2_AEP.conn
NIH01C02B19,NIH01C02b19_info1_250Hz_gu3_AEP.conn,gu3,0.2270490196078431,0.22661960784313726,0.22635294117647056,0.22649019607843138,0.2210392156862745,0.22902156862745096,0.22750000000000004,0.2218882352941177,0.23792549019607842,0.2383156862745098,0.23689999999999997,0.23841568627450985,0.25799607843137257,0.250264705882353,0.251035294117647,0.3300270588235294,0.3305905882352941,0.3335317647058823,0.3383188235294117,0.3349729411764706,0.3381670588235294,0.34342823529411765,0.3469611764705883,0.34626,0.33524941176470585,0.3374976470588235,0.34347294117647065,0.35768352941176473,0.3591729411764706,0.3548894117647059,0.33082823529411765,0.3311588235294118,0.32941882352941176,0.3285882352941177,0.3262164705882352,0.3308341176470588,0.3331541176470588,0.3335435294117647,0.3324211764705882,0.3303576470588235,0.3292776470588236,0.32898588235294113,0.3254682352941176,0.3260917647058824,0.32602588235294117,0.29194873949579836,0.29185378151260505,0.2917264705882353,0.29258235294117646,0.29390378151260504,0.29258991596638656,0.2934836134453781,0.2959483193277311,0.29597983193277316,0.30005672268907563,0.29947983193277306,0.30024075630252106,0.305594537815126,0.306696218487395,0.3074752100840336,0.30537156862745096,0.3068205882352941,0.30845,0.3069705882352941,0.3043960784313725,0.301,0.3012401960784314,0.3028901960784314,0.3035490196078432,0.3112470588235294,0.31326078431372556,0.31168529411764706,0.308193137254902,0.3099009803921568,0.3119058823529412,0.23489971988795522,0.23514537815126052,0.23559579831932773,0.23618599439775909,0.2361997198879551,0.23330644257703076,0.23463585434173667,0.23507927170868348,0.2359389355742297,0.24259607843137262,0.2426963585434174,0.24264369747899167,0.24355854341736688,0.2447871148459384,0.24490252100840335,Male,19,Teen,Tertiary,C,C,NIH01C02b19_info1_250Hz_gu2_AEP.conn
R16TEENPVB,R16teenPvb_info1_250Hz_gu3_AEP.conn,gu3,0.30914509803921575,0.30866666666666664,0.3073196078431373,0.303892156862745,0.3022941176470589,0.3088549019607843,0.3093666666666667,0.30818039215686277,0.3210490196078432,0.32620784313725487,0.32512941176470583,0.32096470588235293,0.3426058823529412,0.34228431372549023,0.3426235294117647,0.3400694117647059,0.3390035294117647,0.34050823529411767,0.34235176470588236,0.3424694117647059,0.3429364705882353,0.3409305882352941,0.34224470588235295,0.34280235294117645,0.33463764705882354,0.3343082352941177,0.33382352941176474,0.3469082352941177,0.3467694117647059,0.3449976470588235,0.34036823529411764,0.3390729411764706,0.33628470588235293,0.3367529411764706,0.33830000000000005,0.33802117647058816,0.33868,0.33834235294117654,0.33674470588235295,0.33323764705882347,0.33243999999999996,0.3312658823529412,0.3334435294117647,0.3333635294117648,0.33113176470588235,0.37868025210084033,0.3807701680672269,0.38194201680672274,0.38223991596638657,0.38305252100840337,0.3843760504201681,0.38612100840336133,0.3838071428571429,0.3828697478991597,0.3897285714285715,0.39049411764705877,0.38921890756302524,0.3983466386554621,0.3973823529411765,0.39830630252100846,0.4063196078431373,0.4076431372549019,0.40775882352941184,0.40682843137254904,0.4068254901960784,0.41009019607843133,0.4086519607843137,0.4039313725490196,0.40305392156862735,0.40812058823529407,0.4073245098039216,0.40650686274509806,0.40220294117647065,0.40090980392156866,0.40536862745098046,0.3265529411764706,0.32771204481792715,0.32824033613445375,0.3283196078431373,0.3274557422969187,0.33112100840336123,0.3312759103641456,0.3316873949579833,0.33153781512605046,0.33380756302521003,0.33334929971988797,0.33274285714285723,0.33297338935574233,0.33316414565826336,0.3356145658263306,Male,16,Teen,Secondary,E,NC,R16teenPvb_info1_250Hz_gu2_AEP.conn
CSD499CS02F20,CSD499CS02f20_info1_250Hz_gu3_AEP.conn,gu3,0.16517843137254903,0.16350392156862745,0.16250980392156864,0.1612843137254902,0.1597352941176471,0.1566372549019608,0.15554313725490196,0.15605882352941178,0.1702901960784314,0.17411960784313726,0.17430392156862742,0.17389215686274506,0.1874078431372549,0.1877705882352941,0.19074117647058822,0.2327764705882353,0.23294823529411762,0.23346117647058823,0.2344094117647059,0.23368470588235293,0.23046235294117645,0.23116588235294117,0.23508941176470585,0.23404117647058822,0.22715058823529413,0.22826705882352943,0.23100352941176466,0.2383258823529412,0.2415705882352941,0.23588823529411762,0.18301764705882356,0.1805070588235294,0.17987647058823528,0.18001176470588237,0.1819047058823529,0.18527764705882355,0.18453176470588234,0.18451529411764706,0.1863729411764706,0.17924823529411765,0.17866,0.17994352941176467,0.1856494117647059,0.1855635294117647,0.18078705882352938,0.21839789915966387,0.21996848739495797,0.2195302521008404,0.22050084033613443,0.22080756302521012,0.2192873949579832,0.21946092436974787,0.22072815126050419,0.22070798319327736,0.22781806722689074,0.22776596638655464,0.2293050420168067,0.23566638655462185,0.23638109243697478,0.23652731092436977,0.24507450980392154,0.24508431372549014,0.24449509803921568,0.24435784313725492,0.2427892156862745,0.2443392156862745,0.24470980392156863,0.24424313725490196,0.2423450980392157,0.25206078431372547,0.2517411764705882,0.25195686274509804,0.25410098039215695,0.253228431372549,0.2530470588235294,0.20257086834733895,0.20159439775910362,0.20216890756302525,0.20275322128851542,0.20309131652661067,0.20038347338935578,0.20028767507002807,0.20097478991596643,0.20160196078431372,0.20779383753501401,0.2077198879551821,0.20850448179271708,0.20615854341736692,0.2073764705882353,0.20876750700280114,Female,20,Teen,Tertiary,S,NC,CSD499CS02f20_info1_250Hz_gu2_AEP.conn
EES23F24,ees23f24_250Hz_gu3_AEP.conn,gu3,0.2210764705882353,0.22072745098039215,0.22425490196078432,0.22626470588235295,0.22597058823529412,0.22995490196078436,0.2268529411764706,0.22140588235294115,0.22668627450980394,0.23381960784313724,0.23416274509803922,0.23373137254901957,0.25346862745098037,0.2475078431372549,0.25199215686274506,0.28028941176470584,0.28192588235294114,0.28288352941176464,0.28433176470588234,0.28198352941176474,0.2773164705882353,0.27780352941176467,0.27725176470588236,0.2784435294117647,0.2711988235294117,0.2721576470588235,0.27225764705882355,0.2890223529411765,0.28848588235294115,0.2795447058823529,0.24237647058823528,0.24141294117647058,0.2417235294117647,0.241944705882353,0.24229882352941173,0.2388047058823529,0.24046117647058823,0.24294000000000002,0.24744117647058825,0.23857058823529412,0.23708823529411766,0.23426470588235296,0.24227176470588238,0.24404117647058823,0.2377235294117647,0.27791302521008404,0.27833739495798315,0.278509243697479,0.2782457983193278,0.2799159663865546,0.2804226890756302,0.28217857142857145,0.28111344537815125,0.280013025210084,0.28650042016806726,0.28573025210084035,0.28659033613445384,0.29476260504201685,0.2941642857142857,0.2932,0.26576274509803927,0.2671637254901961,0.268078431372549,0.2656294117647059,0.2629941176470589,0.2747911764705883,0.27620490196078434,0.27593725490196075,0.2736186274509804,0.27677450980392154,0.2762058823529412,0.2720911764705882,0.28597941176470587,0.2847372549019608,0.27320980392156863,0.21962605042016806,0.2194733893557423,0.22004565826330535,0.21961204481792718,0.21912100840336135,0.22150224089635856,0.2215991596638655,0.2216658263305322,0.22171484593837543,0.2248036414565826,0.22366974789915967,0.22356890756302525,0.2309193277310924,0.23135770308123246,0.2244316526610644,Female,24,Adult,Adult,E,NC,ees23f24_250Hz_gu2_AEP.conn
EES12F24,ees12f24_250Hz_gu3_AEP.conn,gu3,0.191978431372549,0.19470588235294115,0.19877843137254902,0.2025647058823529,0.21000980392156862,0.2005529411764706,0.1976549019607843,0.18904509803921568,0.20308823529411765,0.2028745098039216,0.20804509803921567,0.21352941176470588,0.23051960784313721,0.22044117647058822,0.23103137254901962,0.2641976470588235,0.25974823529411767,0.2624141176470588,0.2713458823529412,0.28172588235294116,0.27751058823529406,0.2680352941176471,0.2583870588235294,0.25897647058823525,0.2598847058823529,0.26127058823529414,0.26871882352941173,0.2755670588235294,0.26978,0.27636941176470586,0.23387294117647056,0.2300529411764706,0.23473529411764704,0.2427564705882353,0.2458905882352941,0.23966941176470588,0.24498470588235297,0.24788941176470583,0.25337764705882354,0.2311741176470588,0.23258941176470588,0.24222823529411763,0.24371294117647055,0.24676941176470585,0.23547882352941177,0.25510084033613445,0.25452352941176476,0.2531920168067227,0.2548823529411765,0.25645924369747897,0.25370882352941176,0.2516088235294118,0.25253151260504203,0.25478529411764705,0.26624495798319325,0.26097857142857145,0.2584882352941177,0.2628785714285714,0.2621466386554622,0.26372478991596643,0.26607941176470584,0.2701529411764706,0.271856862745098,0.27306470588235293,0.2760764705882353,0.26836960784313724,0.27144313725490193,0.2746519607843137,0.28140588235294123,0.27616078431372554,0.27872843137254905,0.28013529411764704,0.2771323529411765,0.2765343137254902,0.2814745098039215,0.23053697478991594,0.22970196078431376,0.23058235294117646,0.23439159663865547,0.2351131652661064,0.233412324929972,0.23532745098039218,0.23626834733893556,0.23626218487394957,0.2338946778711485,0.23461064425770312,0.2379957983193277,0.2347717086834734,0.23777394957983192,0.2362212885154062,Female,24,Adult,Adult,E,NC,ees12f24_250Hz_gu2_AEP.conn
MMS14F25,mms14f25_250Hz_gu3_AEP.conn,gu3,0.29246470588235296,0.29220196078431376,0.2943196078431372,0.2931549019607843,0.2956058823529412,0.3095098039215686,0.3107098039215686,0.3044529411764706,0.3065078431372548,0.3010607843137255,0.2987372549019608,0.30055882352941177,0.32780000000000004,0.32444901960784317,0.3208725490196079,0.38731529411764704,0.3858494117647059,0.38601647058823535,0.3867235294117647,0.38752235294117654,0.3906258823529412,0.39229294117647057,0.39095294117647067,0.38964823529411763,0.3805070588235294,0.3806176470588235,0.3795894117647059,0.3947188235294118,0.39326,0.39092000000000005,0.3407341176470588,0.33876235294117646,0.3384588235294118,0.3397517647058823,0.3412458823529412,0.33749294117647055,0.33635411764705886,0.33745058823529417,0.34082823529411765,0.3405011764705882,0.3386705882352941,0.3378211764705882,0.3339811764705882,0.3372764705882353,0.33579411764705885,0.3352428571428571,0.33372310924369747,0.3321512605042017,0.3315294117647059,0.33122226890756296,0.3300823529411764,0.33013739495798317,0.3332361344537815,0.33473067226890757,0.3428789915966387,0.34066638655462184,0.3398403361344538,0.3400390756302521,0.34239369747899157,0.341918487394958,0.3154107843137255,0.31651862745098036,0.3176950980392157,0.3168754901960784,0.3178529411764706,0.3212950980392157,0.31913235294117653,0.3195666666666667,0.32009215686274506,0.31721764705882355,0.31735294117647056,0.3178754901960784,0.3127754901960784,0.31702843137254905,0.3137745098039215,0.2860103641456583,0.28542801120448175,0.283681512605042,0.2829417366946779,0.2851778711484594,0.2855775910364146,0.28533557422969186,0.2853809523809524,0.285412324929972,0.28862464985994396,0.2867971988795518,0.2876257703081232,0.28946246498599437,0.28923473389355747,0.290412324929972,Female,25,Adult,Adult,C,C,mms14f25_250Hz_gu2_AEP.conn
EES22M27,EES22M27_250Hz_gu3_AEP.conn,gu3,0.1797313725490196,0.17730588235294117,0.17718235294117646,0.17752745098039213,0.1805607843137255,0.17780588235294115,0.18086470588235293,0.18181372549019606,0.1926352941176471,0.19185882352941178,0.19166666666666665,0.19164313725490198,0.2142549019607843,0.21266470588235295,0.21965686274509807,0.27568352941176466,0.27258235294117644,0.2732729411764706,0.27445411764705885,0.2761329411764706,0.2813611764705882,0.2809070588235294,0.27662117647058826,0.26873882352941175,0.2670870588235294,0.2677505882352941,0.2688058823529412,0.2876211764705882,0.28263529411764704,0.27476235294117646,0.23577999999999996,0.23192941176470586,0.2321741176470588,0.2309364705882353,0.2366694117647059,0.23658117647058824,0.23667764705882352,0.23305647058823534,0.22876235294117642,0.23622823529411768,0.23739882352941183,0.23527294117647055,0.24822941176470587,0.24551764705882353,0.23963647058823528,0.2506441176470588,0.24980126050420168,0.24943949579831934,0.24908781512605044,0.25060084033613444,0.25387857142857145,0.2547466386554622,0.2547495798319328,0.2530390756302521,0.25827689075630256,0.25754285714285713,0.2565747899159664,0.269109243697479,0.26797983193277314,0.2660411764705882,0.2522813725490196,0.25287352941176466,0.2561323529411765,0.2567294117647059,0.25718921568627456,0.25758137254901964,0.2602509803921569,0.2603862745098039,0.261893137254902,0.2589725490196078,0.26133725490196075,0.262428431372549,0.26094901960784317,0.26199215686274513,0.26600784313725495,0.22323893557422975,0.22377170868347343,0.22365182072829132,0.22439103641456584,0.22444705882352942,0.22807591036414565,0.2274028011204482,0.22634705882352946,0.22634677871148462,0.2288904761904762,0.22883697478991596,0.22950616246498598,0.23244117647058826,0.23223333333333335,0.23485378151260514,Male,27,Adult,Adult,E,NC,EES22M27_250Hz_gu2_AEP.conn
MMS10F23,mms10f23_250Hz_gu3_AEP.conn,gu3,0.28389019607843136,0.2836470588235294,0.28129607843137255,0.2814666666666667,0.2867431372549019,0.29138039215686273,0.2954627450980392,0.29896078431372547,0.3131058823529412,0.3020666666666667,0.30088431372549024,0.3013823529411765,0.33120980392156857,0.3325725490196079,0.3211352941176471,0.33467529411764707,0.3291729411764706,0.3244282352941177,0.32154000000000005,0.3211058823529412,0.3327294117647059,0.33660117647058824,0.33533647058823524,0.33115176470588237,0.32488117647058823,0.32163176470588234,0.3189835294117647,0.3432964705882353,0.3421494117647059,0.3350282352941177,0.32193647058823527,0.32384823529411766,0.3238047058823529,0.3200964705882352,0.3169152941176471,0.31856,0.3211376470588235,0.32057647058823535,0.3181870588235294,0.3176670588235294,0.3147894117647058,0.3123835294117647,0.320024705882353,0.31868117647058825,0.3179105882352941,0.3079941176470588,0.30962983193277316,0.30934411764705877,0.30954621848739494,0.3115403361344538,0.3125470588235294,0.31446554621848744,0.3128210084033614,0.31284327731092443,0.31877226890756294,0.31999033613445377,0.31915084033613444,0.32809663865546224,0.32513067226890763,0.32207184873949574,0.29116764705882353,0.28960882352941175,0.28938725490196077,0.2899421568627451,0.29159411764705884,0.29470196078431377,0.2917411764705882,0.28747156862745094,0.28529803921568625,0.29192450980392154,0.29029313725490197,0.29087254901960785,0.2956264705882353,0.29126078431372554,0.28708627450980395,0.25447787114845943,0.25562773109243697,0.25676554621848746,0.2591182072829132,0.2582355742296919,0.2582266106442577,0.2580535014005602,0.2577733893557423,0.2563812324929972,0.258570868347339,0.26146246498599435,0.26490308123249295,0.26319047619047614,0.2623899159663865,0.2611747899159664,Female,23,Adult,Adult,C,C,mms10f23_250Hz_gu2_AEP.conn
MMS08M24,mms08m24_250Hz_gu3_AEP.conn,gu3,0.23782156862745096,0.23248039215686275,0.22694117647058823,0.2300960784313725,0.23206078431372548,0.2306686274509804,0.22910784313725488,0.2318941176470588,0.24196666666666666,0.23311372549019604,0.22881176470588235,0.23320980392156865,0.2462313725490196,0.24918039215686275,0.24766470588235298,0.28858235294117646,0.2854729411764706,0.2824282352941177,0.28241764705882344,0.28337294117647055,0.2871941176470588,0.28315764705882357,0.2844411764705882,0.2854576470588236,0.27417882352941175,0.2707035294117647,0.27109176470588237,0.2896811764705882,0.29107647058823527,0.27822941176470595,0.2750258823529412,0.27326117647058823,0.27018941176470584,0.269995294117647,0.27110823529411765,0.2744729411764706,0.272724705882353,0.27263058823529407,0.2739317647058824,0.2665576470588235,0.2649447058823529,0.26490117647058825,0.2665364705882353,0.2667329411764706,0.2633611764705882,0.2847739495798319,0.28740840336134454,0.28680126050420174,0.28477521008403367,0.2838004201680672,0.28982521008403367,0.29041428571428574,0.2901575630252101,0.28787563025210083,0.2981705882352941,0.29874327731092437,0.297985294117647,0.3085323529411764,0.30728403361344536,0.30858361344537816,0.26768725490196077,0.26559803921568625,0.2629078431372549,0.26297156862745097,0.26369313725490195,0.26665686274509803,0.2659313725490196,0.26701568627450983,0.26877549019607844,0.2737117647058824,0.27093627450980395,0.2703647058823529,0.2706803921568628,0.26984411764705885,0.2696343137254902,0.22173389355742296,0.22048207282913168,0.22005406162464988,0.21885854341736696,0.21748263305322132,0.2222397759103641,0.22047843137254902,0.2184120448179272,0.2178117647058824,0.22677759103641448,0.22681176470588232,0.2262621848739496,0.22947450980392162,0.22832717086834736,0.2301582633053221,Male,24,Adult,Adult,C,C,mms08m24_250Hz_gu2_AEP.conn
MMS12M23,mms12m23_250Hz_gu3_AEP.conn,gu3,0.2706235294117647,0.2658039215686275,0.260578431372549,0.26381764705882355,0.26863333333333334,0.26162941176470594,0.2664843137254902,0.26957450980392156,0.27438235294117647,0.27538627450980396,0.27187058823529414,0.27543529411764706,0.2935745098039216,0.29620980392156865,0.293243137254902,0.30820823529411767,0.30838941176470586,0.3072894117647059,0.30759294117647057,0.3058047058823529,0.3144047058823529,0.3150576470588235,0.31260235294117644,0.3092905882352941,0.3040152941176471,0.30287411764705885,0.3029188235294118,0.3220176470588236,0.31845411764705883,0.3149811764705882,0.24852117647058822,0.2442564705882353,0.24195882352941175,0.24205058823529407,0.24278352941176468,0.24177058823529415,0.241484705882353,0.24308352941176467,0.2447741176470588,0.2433,0.24171529411764708,0.2398611764705882,0.24462705882352945,0.24186823529411763,0.2453023529411765,0.27376974789915964,0.2739735294117648,0.27668655462184866,0.2795142857142857,0.2797394957983193,0.2767676470588235,0.2768966386554622,0.2767226890756302,0.2751991596638656,0.28416344537815125,0.2856487394957984,0.2862021008403362,0.29262352941176467,0.2914495798319328,0.2913739495798319,0.29087843137254904,0.2909529411764706,0.29442843137254904,0.29506078431372545,0.2932676470588235,0.2948676470588235,0.29423529411764704,0.2953735294117647,0.29432941176470584,0.29749901960784314,0.2990156862745098,0.2977029411764706,0.3004676470588235,0.29633529411764703,0.2966019607843137,0.2351084033613445,0.23639103641456588,0.23741792717086832,0.23870644257703083,0.23905070028011202,0.23887563025210087,0.23690252100840334,0.23528207282913166,0.23442240896358546,0.24251204481792724,0.24302745098039216,0.24371400560224088,0.24198319327731088,0.24061708683473387,0.24523361344537817,Male,23,Adult,Adult,C,C,mms12m23_250Hz_gu2_AEP.conn
MMS13F24,mms13f24_250Hz_gu3_AEP.conn,gu3,0.22006470588235294,0.21608627450980392,0.2094137254901961,0.20648627450980395,0.20688431372549018,0.21393137254901964,0.21891568627450977,0.2228549019607843,0.22886862745098038,0.2305098039215686,0.22654901960784313,0.22469803921568623,0.2556392156862745,0.255821568627451,0.2493627450980392,0.2821705882352941,0.28098470588235297,0.2812482352941177,0.27909882352941173,0.275655294117647,0.28141176470588236,0.27902352941176467,0.2826152941176471,0.2806952941176471,0.27606352941176465,0.2774552941176471,0.27713647058823526,0.2862717647058824,0.2884835294117647,0.28869058823529414,0.2402270588235294,0.24062117647058825,0.24605058823529413,0.24830235294117645,0.2523341176470588,0.23993176470588234,0.24307411764705883,0.24686352941176476,0.2500164705882353,0.23943294117647057,0.2463694117647059,0.2488094117647059,0.23753176470588233,0.24204823529411765,0.2513341176470588,0.24509327731092437,0.24209369747899162,0.24200462184873953,0.24401932773109242,0.24733529411764704,0.24110504201680674,0.24270084033613443,0.24463991596638657,0.24697310924369748,0.2504974789915967,0.2524285714285714,0.25384747899159665,0.2542575630252101,0.2569176470588235,0.2585205882352941,0.2525549019607843,0.24945196078431373,0.25101960784313726,0.25245,0.25480294117647057,0.25724705882352944,0.25855686274509804,0.25525686274509807,0.25104313725490196,0.2508911764705882,0.25148921568627447,0.25585294117647056,0.2585009803921569,0.2561950980392157,0.25433333333333336,0.20789579831932775,0.2072756302521008,0.20613193277310926,0.20714257703081232,0.20585406162464986,0.2068333333333333,0.20833193277310927,0.21060308123249294,0.21091820728291316,0.21067254901960786,0.21092689075630253,0.21330896358543416,0.21416554621848738,0.2163201680672269,0.2118949579831933,Female,24,Adult,Adult,C,C,mms13f24_250Hz_gu2_AEP.conn
MMS17M25,mms17m25_250Hz_gu3_AEP.conn,gu3,0.25050784313725494,0.24789411764705882,0.24740588235294117,0.24688627450980394,0.2542607843137255,0.26065882352941183,0.26212745098039214,0.26450588235294115,0.27058823529411763,0.2557352941176471,0.2560627450980392,0.2558901960784314,0.28434901960784315,0.28871960784313727,0.27619215686274506,0.2934482352941176,0.2922105882352941,0.2940105882352942,0.29346,0.2952470588235294,0.3013835294117647,0.3008811764705882,0.29817882352941183,0.2974058823529412,0.2898564705882353,0.29563058823529414,0.2971364705882353,0.3119941176470588,0.3117976470588235,0.3118611764705882,0.3042211764705882,0.30636117647058825,0.30649294117647063,0.3056894117647058,0.30565294117647057,0.30871764705882354,0.3045329411764706,0.3025835294117647,0.3066529411764706,0.2963964705882353,0.30024235294117646,0.30180117647058824,0.29346352941176473,0.29383882352941176,0.30194,0.3368298319327731,0.3380168067226891,0.33940084033613444,0.3396827731092437,0.34051512605042017,0.33655420168067224,0.3367310924369748,0.33817773109243693,0.33843697478991597,0.3488441176470588,0.3505310924369747,0.34897100840336126,0.35100924369747893,0.35082857142857143,0.3543352941176471,0.33350588235294115,0.3363764705882353,0.3332186274509804,0.3293078431372549,0.32693039215686276,0.33061862745098036,0.3331529411764706,0.3342441176470588,0.3311823529411764,0.34385098039215684,0.34092156862745093,0.3388647058823529,0.34130196078431374,0.33896960784313723,0.3381617647058824,0.2877204481792718,0.2883593837535014,0.28896134453781513,0.28934509803921565,0.28767282913165265,0.28782773109243703,0.28619439775910366,0.2848498599439776,0.2867820728291316,0.2923663865546218,0.29365322128851545,0.2944554621848739,0.2951067226890756,0.2947168067226891,0.2951526610644258,Male,25,Adult,Adult,C,C,mms17m25_250Hz_gu2_AEP.conn
EES19F33,EES19f33_250Hz_gu3_AEP.conn,gu3,0.1813117647058823,0.17699411764705883,0.17530196078431373,0.17329607843137254,0.17112941176470586,0.17765294117647057,0.1757941176470588,0.18004901960784317,0.19993333333333332,0.1909411764705882,0.1942254901960784,0.19199019607843137,0.20750196078431374,0.21081568627450978,0.2207019607843137,0.2517635294117647,0.25374588235294115,0.25574941176470595,0.2566894117647059,0.2532458823529412,0.25193176470588236,0.25524588235294116,0.2528211764705882,0.2488141176470588,0.24911294117647054,0.2527811764705882,0.25419764705882353,0.265,0.26542470588235295,0.2657035294117647,0.21341882352941174,0.21523294117647057,0.2152470588235294,0.21701529411764703,0.21880117647058825,0.21292235294117642,0.21535294117647058,0.21634705882352936,0.21527529411764706,0.21156470588235293,0.21299882352941174,0.21611882352941175,0.21298823529411762,0.21392588235294116,0.21605764705882352,0.26860798319327733,0.2710710084033614,0.26935504201680677,0.2697399159663865,0.26971386554621846,0.26399957983193273,0.2633567226890757,0.26501134453781516,0.2645760504201681,0.2748205882352941,0.2737621848739496,0.275144537815126,0.27745252100840334,0.2767752100840336,0.275881512605042,0.26579901960784313,0.27063333333333334,0.2717441176470588,0.2751343137254902,0.27574117647058827,0.2729843137254902,0.27286666666666665,0.27492941176470587,0.27292941176470586,0.27182352941176463,0.2758039215686275,0.27847941176470586,0.2767401960784314,0.27440980392156866,0.2738019607843137,0.22775826330532217,0.22584873949579828,0.2234697478991596,0.22281540616246504,0.22486442577030813,0.22347310924369748,0.22523613445378152,0.22663417366946778,0.22698235294117647,0.22878599439775904,0.2251820728291316,0.22467478991596637,0.23073109243697484,0.23238571428571428,0.227064705882353,Female,33,Adult,Adult,E,NC,EES19f33_250Hz_gu2_AEP.conn
MMS15M25,mms15m25_250Hz_gu3_AEP.conn,gu3,0.247135294117647,0.2471862745098039,0.2482470588235294,0.2531235294117647,0.2558392156862745,0.24865686274509802,0.25126470588235295,0.24909411764705883,0.2564137254901961,0.25099019607843137,0.25289803921568627,0.25548235294117644,0.2718901960784314,0.2719,0.2714549019607843,0.2948305882352941,0.29675058823529415,0.2953270588235294,0.2956482352941176,0.2968541176470588,0.29142823529411765,0.29214235294117646,0.2905847058823529,0.2911494117647059,0.28875529411764705,0.28632117647058825,0.2850552941176471,0.2996435294117647,0.29716,0.29596705882352936,0.2578635294117647,0.2592882352941176,0.2585411764705882,0.2551494117647059,0.25673529411764706,0.26568588235294116,0.2650647058823529,0.2653835294117647,0.2665882352941176,0.25609882352941177,0.25614470588235294,0.25238000000000005,0.2641235294117647,0.26672,0.2597105882352941,0.2751978991596639,0.27477226890756307,0.27404159663865546,0.2737978991596638,0.2744894957983193,0.27618025210084035,0.27508529411764704,0.2775357142857143,0.2782735294117647,0.28098319327731097,0.28081932773109247,0.2809689075630252,0.2873369747899159,0.28882184873949585,0.2856126050420168,0.28807058823529413,0.2883088235294118,0.28841960784313725,0.28847058823529415,0.2880392156862745,0.29085392156862744,0.2891696078431373,0.29347352941176474,0.29444117647058826,0.2984225490196078,0.2970882352941176,0.29736666666666667,0.3011901960784314,0.30187156862745096,0.29648823529411766,0.23510868347338937,0.23569327731092435,0.23658655462184877,0.23565378151260505,0.2350775910364145,0.23431904761904762,0.23331456582633053,0.23292100840336138,0.2320638655462184,0.24136918767507,0.24123193277310917,0.2408002801120448,0.2424145658263305,0.24246890756302517,0.2425473389355742,Male,25,Adult,Adult,C,C,mms15m25_250Hz_gu2_AEP.conn
EES13M27,ees13m27_250Hz_gu3_AEP.conn,gu3,0.2701823529411765,0.27005490196078435,0.26950980392156865,0.2674176470588235,0.26183137254901956,0.2592745098039215,0.26348431372549025,0.26071764705882355,0.2649764705882353,0.28572549019607846,0.283543137254902,0.280178431372549,0.2946156862745098,0.29434509803921577,0.3049862745098039,0.28246470588235295,0.27932352941176475,0.2793129411764706,0.2818435294117647,0.28369529411764705,0.2800764705882353,0.2815258823529412,0.27991058823529413,0.27908823529411764,0.2754211764705882,0.2750341176470589,0.27621294117647055,0.2798470588235294,0.2799211764705883,0.2835576470588236,0.2243141176470588,0.2200058823529411,0.22049529411764707,0.22200823529411767,0.22409294117647055,0.23424705882352942,0.23662941176470587,0.2367035294117647,0.23153647058823523,0.22354235294117647,0.22228823529411765,0.22231529411764708,0.23226705882352944,0.23036588235294123,0.22427882352941175,0.2632298319327731,0.2629033613445378,0.26237352941176467,0.25987857142857146,0.2613995798319328,0.26920672268907564,0.26641512605042017,0.2640214285714286,0.2644336134453782,0.26884327731092433,0.268640756302521,0.26603613445378155,0.2794747899159664,0.27785756302521014,0.27415504201680674,0.2884392156862745,0.2863578431372549,0.2822235294117647,0.28163333333333335,0.2849039215686275,0.2869607843137255,0.28596666666666665,0.2891411764705882,0.29077254901960786,0.29091078431372547,0.28787450980392154,0.2880950980392157,0.2943735294117647,0.2952735294117647,0.28915392156862746,0.24782577030812322,0.24808095238095237,0.24750504201680668,0.2485282913165266,0.25020224089635856,0.24929607843137255,0.2489761904761905,0.24891400560224086,0.2478638655462185,0.25470728291316536,0.2558159663865546,0.25725910364145654,0.25809495798319326,0.2566434173669468,0.25829411764705884,Male,27,Adult,Adult,E,NC,ees13m27_250Hz_gu2_AEP.conn
MMS07F25A,mms07f25A_250Hz_gu3_AEP.conn,gu3,0.18667843137254903,0.1875627450980392,0.19009411764705883,0.19119411764705882,0.19149607843137254,0.19207450980392157,0.19510392156862744,0.20201372549019606,0.21632745098039216,0.20509019607843137,0.20866666666666667,0.2105450980392157,0.23082745098039217,0.23696862745098043,0.22882941176470586,0.2553341176470588,0.25646823529411766,0.25853764705882354,0.2605105882352941,0.2614564705882353,0.25644588235294113,0.2545341176470588,0.25291529411764707,0.25558705882352944,0.25798352941176467,0.2612717647058823,0.2648976470588235,0.26914823529411763,0.26890941176470584,0.27330117647058827,0.23459058823529416,0.23077058823529412,0.22827176470588234,0.22757176470588236,0.22471764705882352,0.22801647058823532,0.22821294117647056,0.22655529411764705,0.2264058823529412,0.2276564705882353,0.22584117647058824,0.22660235294117642,0.23082705882352936,0.2278905882352941,0.22103529411764708,0.2120659663865546,0.21165210084033617,0.2120243697478992,0.21128571428571427,0.21214579831932776,0.20644075630252104,0.20429453781512605,0.2034735294117647,0.20296386554621848,0.2209903361344538,0.22115336134453778,0.22055840336134452,0.2237785714285714,0.21937689075630254,0.227872268907563,0.2437666666666667,0.2442205882352941,0.24518039215686274,0.24553627450980395,0.24236274509803923,0.24343725490196078,0.24116568627450982,0.24082941176470588,0.24143529411764705,0.2540117647058823,0.2546411764705882,0.25397156862745096,0.2526843137254902,0.24908529411764704,0.25024607843137253,0.21056918767507002,0.21058991596638657,0.20917535014005606,0.20720056022408967,0.20680448179271713,0.20866722689075629,0.207690756302521,0.20804789915966387,0.2092204481792717,0.21242689075630253,0.21161792717086833,0.21152885154061626,0.21509299719887953,0.21474509803921565,0.21288823529411763,Female,25,Adult,Adult,C,C,mms07f25A_250Hz_gu2_AEP.conn
EES11M35,ees11m35_250Hz_gu3_AEP.conn,gu3,0.2627941176470588,0.26757450980392156,0.2636450980392157,0.2736509803921568,0.27362941176470584,0.26445098039215686,0.26207254901960786,0.2685588235294118,0.2921843137254902,0.27715882352941174,0.2789450980392157,0.291178431372549,0.2954745098039216,0.30332549019607846,0.2956039215686274,0.3194952941176471,0.3200423529411765,0.31806117647058824,0.3195894117647059,0.3237670588235294,0.3212541176470588,0.323124705882353,0.32314470588235295,0.3256129411764706,0.314735294117647,0.31441176470588234,0.3160317647058823,0.3312070588235294,0.3331517647058823,0.3267682352941176,0.27331764705882355,0.27390470588235294,0.27106117647058825,0.2729082352941176,0.26739529411764706,0.2707635294117647,0.2685576470588235,0.2642141176470588,0.2651117647058824,0.27423882352941176,0.26899294117647055,0.26959999999999995,0.2586117647058824,0.25686588235294117,0.2671105882352941,0.28697100840336137,0.2875533613445378,0.287653781512605,0.28764453781512606,0.2843294117647059,0.2798390756302521,0.2828512605042016,0.2883466386554622,0.2892647058823529,0.298301680672269,0.29683109243697486,0.2987970588235293,0.3000294117647059,0.3064079831932773,0.30388277310924366,0.2919039215686275,0.28558529411764705,0.28858627450980395,0.29160980392156866,0.2951009803921569,0.29477254901960787,0.29062843137254896,0.2922098039215686,0.293678431372549,0.29256666666666664,0.2958794117647059,0.30107058823529415,0.2888509803921569,0.29166176470588234,0.28787254901960785,0.2256316526610644,0.22547114845938376,0.22778879551820735,0.2266106442577031,0.2259464985994398,0.22324705882352938,0.22436918767507003,0.22622128851540618,0.22570952380952378,0.22947647058823523,0.23141848739495802,0.23016050420168066,0.23139467787114848,0.23291876750700283,0.23385350140056022,Male,35,Adult,Adult,E,NC,ees11m35_250Hz_gu2_AEP.conn
EES16F34,EES16f34_250Hz_gu3_AEP.conn,gu3,0.27077647058823523,0.26954117647058823,0.2662509803921569,0.2631725490196079,0.25796274509803924,0.2542843137254902,0.2569764705882353,0.26053333333333334,0.27163333333333334,0.27005686274509805,0.2704254901960785,0.27239215686274515,0.283164705882353,0.2846509803921569,0.28082745098039225,0.3386011764705882,0.33888470588235287,0.3392470588235294,0.34199176470588233,0.34229764705882354,0.33364352941176467,0.33730705882352946,0.34346,0.3444435294117647,0.3368764705882353,0.33775058823529414,0.3389658823529412,0.34898823529411765,0.35106705882352945,0.34743176470588233,0.3169011764705883,0.3166635294117647,0.3183141176470588,0.32184705882352943,0.32306352941176464,0.3200211764705882,0.3192094117647059,0.31867647058823534,0.3182917647058824,0.3069729411764706,0.30597294117647056,0.30864705882352944,0.31093058823529407,0.3088352941176471,0.30016235294117644,0.2811105042016806,0.2786596638655462,0.2769163865546219,0.2768012605042017,0.2760764705882353,0.2744495798319328,0.2757504201680672,0.27553403361344536,0.27412142857142857,0.2849857142857143,0.28511932773109244,0.28306806722689076,0.28507268907563027,0.2850260504201681,0.28616806722689075,0.29189019607843136,0.294071568627451,0.2949068627450981,0.2954892156862745,0.29803235294117647,0.3053029411764706,0.30734901960784317,0.3063754901960784,0.3070627450980392,0.30305784313725487,0.3019892156862745,0.30216274509803925,0.30735196078431376,0.3091225490196079,0.30187843137254905,0.2565386554621848,0.25735518207282915,0.2580014005602241,0.25943249299719895,0.2601156862745098,0.25481316526610637,0.2552378151260504,0.25598627450980393,0.25613137254901963,0.2619957983193278,0.26302296918767504,0.264813725490196,0.2639411764705882,0.2642663865546218,0.26501176470588234,Female,34,Adult,Adult,E,NC,EES16f34_250Hz_gu2_AEP.conn
MMS19F30,mms19f30_250Hz_gu3_AEP.conn,gu3,0.21581568627450984,0.21781568627450978,0.2213254901960784,0.226656862745098,0.22847058823529412,0.22412941176470583,0.22322941176470587,0.22331960784313723,0.24029803921568627,0.2380078431372549,0.24423921568627452,0.2475392156862745,0.2583156862745098,0.2576529411764706,0.26845098039215687,0.31750823529411765,0.3152741176470588,0.3151329411764706,0.3154164705882353,0.3157294117647059,0.31840588235294115,0.3189094117647059,0.31857058823529416,0.31922588235294114,0.3204235294117647,0.31896705882352944,0.3183529411764706,0.3334917647058823,0.33232235294117646,0.33254941176470587,0.28477294117647056,0.2844694117647059,0.2869835294117647,0.2881717647058824,0.2868458823529411,0.2799941176470588,0.2813011764705882,0.2813776470588235,0.2785835294117647,0.2823011764705882,0.28514235294117646,0.2891329411764706,0.28386941176470587,0.28424823529411763,0.2763670588235294,0.2772264705882353,0.2794163865546218,0.27981680672268905,0.2787117647058823,0.2772609243697479,0.27665798319327733,0.27677899159663866,0.2738852941176471,0.2733037815126051,0.28665798319327734,0.28753109243697483,0.28621680672268907,0.2897411764705882,0.2885504201680672,0.29150714285714285,0.30964901960784313,0.3073196078431373,0.30374411764705883,0.3019852941176471,0.30188333333333334,0.30663823529411766,0.3039823529411765,0.3011950980392157,0.29975,0.3118470588235294,0.307914705882353,0.30768823529411765,0.3052901960784314,0.3042764705882353,0.30552745098039213,0.256246218487395,0.2577324929971989,0.2595243697478992,0.25998963585434176,0.2595935574229692,0.2587285714285714,0.25830756302521013,0.2581406162464986,0.25871064425770307,0.26002268907563025,0.2615274509803922,0.26170672268907563,0.262732212885154,0.2635504201680673,0.26461596638655466,Female,30,Adult,Adult,C,C,mms19f30_250Hz_gu2_AEP.conn
MMS09F24,mms09f24_250Hz_gu3_AEP.conn,gu3,0.25569803921568623,0.2550529411764706,0.25394705882352936,0.25301960784313726,0.25390980392156864,0.24837058823529412,0.2517176470588235,0.25318431372549016,0.26050980392156864,0.26723921568627446,0.2634333333333334,0.26075490196078427,0.28216274509803924,0.28099019607843134,0.2774156862745098,0.2699576470588235,0.27162,0.2718294117647059,0.27117529411764707,0.2692623529411765,0.26836941176470586,0.2694517647058824,0.26887176470588237,0.26734352941176465,0.26843529411764705,0.2683494117647059,0.26821647058823533,0.28318941176470586,0.28270235294117646,0.2762541176470588,0.22201529411764706,0.22759647058823532,0.2336129411764706,0.2360905882352941,0.23615529411764707,0.23123058823529413,0.23416352941176471,0.23833764705882352,0.24019882352941177,0.22414823529411762,0.22706235294117647,0.22658000000000006,0.22949647058823527,0.23040235294117645,0.22288000000000002,0.2486071428571429,0.2483046218487395,0.25001512605042026,0.25127941176470586,0.25119201680672265,0.2484974789915966,0.2486382352941177,0.25027100840336136,0.2505113445378151,0.25698613445378155,0.25832605042016804,0.25912184873949584,0.26646764705882353,0.26856218487394956,0.26629705882352944,0.2779803921568627,0.278364705882353,0.27839509803921564,0.2797970588235294,0.27817843137254905,0.28015196078431376,0.27839215686274504,0.27887549019607843,0.2794813725490196,0.28449313725490194,0.28619803921568626,0.2871450980392157,0.292606862745098,0.2939754901960785,0.2906813725490196,0.23831988795518205,0.2391128851540616,0.24005322128851536,0.24027759103641458,0.24172577030812328,0.2398014005602241,0.24057675070028012,0.23982829131652655,0.23846778711484592,0.24636806722689084,0.24720336134453783,0.24650420168067225,0.24815098039215683,0.2481019607843137,0.25010196078431374,Female,24,Adult,Adult,C,C,mms09f24_250Hz_gu2_AEP.conn
EES17F38,EES17F38_250Hz_gu3_AEP.conn,gu3,0.16080392156862744,0.15989019607843138,0.15984705882352943,0.15939607843137252,0.15780000000000002,0.164978431372549,0.16248627450980394,0.16458823529411767,0.18328823529411764,0.17952352941176472,0.17697450980392157,0.1763,0.1914490196078431,0.19549607843137254,0.19121176470588233,0.24887529411764708,0.24773647058823528,0.24804352941176472,0.24914705882352944,0.24977176470588242,0.25856823529411765,0.2596882352941176,0.2592141176470588,0.25829176470588233,0.2492541176470588,0.24865294117647055,0.24964235294117648,0.27092941176470586,0.27109764705882355,0.2557,0.20133058823529412,0.19867764705882351,0.19485294117647056,0.19389764705882354,0.19734941176470594,0.2082129411764706,0.20799647058823528,0.20626588235294113,0.20274705882352945,0.19528941176470588,0.19049764705882355,0.19002588235294118,0.20481764705882352,0.20442235294117647,0.19064470588235297,0.2065974789915966,0.2056029411764706,0.2062890756302521,0.20724159663865546,0.20882016806722695,0.20896596638655465,0.21138697478991594,0.21421176470588238,0.2135886554621849,0.21611806722689075,0.21635252100840338,0.216377731092437,0.22453277310924372,0.2268088235294118,0.2239109243697479,0.24230490196078433,0.24028529411764707,0.2397656862745098,0.24225392156862746,0.2428470588235294,0.2431529411764706,0.24604509803921562,0.24757941176470585,0.24714705882352947,0.24156764705882353,0.23967549019607848,0.24219117647058822,0.24875392156862744,0.24680686274509803,0.23665980392156863,0.19481540616246498,0.194621568627451,0.19659887955182076,0.19784509803921574,0.19671764705882355,0.19626470588235295,0.19468851540616244,0.19513361344537813,0.1962899159663865,0.19860084033613445,0.20093473389355743,0.20194089635854345,0.20215210084033614,0.20399719887955176,0.20450168067226893,Female,38,Adult,Adult,E,NC,EES17F38_250Hz_gu2_AEP.conn
MMS06M22,mms06m22_250Hz_gu3_AEP.conn,gu3,0.19473921568627453,0.19154509803921568,0.18855686274509806,0.18596274509803923,0.1837019607843137,0.18655098039215687,0.1919470588235294,0.19605882352941176,0.20872549019607842,0.2010607843137255,0.19558823529411762,0.19343529411764704,0.2190294117647059,0.22290588235294118,0.21099607843137255,0.22493882352941177,0.22255764705882353,0.22169176470588234,0.2227035294117647,0.2216470588235294,0.21829764705882354,0.2171035294117647,0.21865294117647055,0.22029058823529413,0.2175411764705882,0.21680352941176473,0.21766352941176467,0.22209647058823528,0.22468470588235298,0.22708823529411765,0.2035247058823529,0.20376117647058828,0.20331882352941175,0.20415882352941175,0.2061929411764706,0.20609764705882352,0.20754,0.21192352941176473,0.21323529411764702,0.20730823529411765,0.20636470588235295,0.2034188235294118,0.2073364705882353,0.21019176470588236,0.20920823529411764,0.25517899159663865,0.2553361344537815,0.25462773109243697,0.25453739495798317,0.25607731092436975,0.26044579831932774,0.26094705882352937,0.26168361344537816,0.2614218487394958,0.26607731092436976,0.2650483193277311,0.26408613445378143,0.2769655462184874,0.2780781512605041,0.2762890756302521,0.27101274509803924,0.2706401960784313,0.2697411764705882,0.2703264705882353,0.27175,0.2749333333333333,0.2729901960784314,0.271556862745098,0.271493137254902,0.2753156862745098,0.2758450980392157,0.27601764705882353,0.27608725490196073,0.27551764705882353,0.2736225490196078,0.2228319327731093,0.2224128851540616,0.22064761904761904,0.21902605042016807,0.2201579831932773,0.22239887955182075,0.22127787114845937,0.2203296918767507,0.22113193277310922,0.22770056022408966,0.22594425770308119,0.22513081232492996,0.22914901960784317,0.22855770308123247,0.22708375350140056,Male,22,Adult,Tertiary,C,C,mms06m22_250Hz_gu2_AEP.conn
EES06F24,ees06f24_250Hz_gu3_AEP.conn,gu3,0.24200784313725496,0.23553725490196079,0.23661568627450982,0.24235098039215688,0.2468,0.2501156862745098,0.24616862745098037,0.24898627450980393,0.25696470588235293,0.24939999999999998,0.25229215686274514,0.25737058823529413,0.2746607843137254,0.2739921568627451,0.27358431372549014,0.2672764705882353,0.2672929411764706,0.26821294117647054,0.2690141176470588,0.2684223529411765,0.2541164705882353,0.25541176470588234,0.2593611764705882,0.2604929411764706,0.2575223529411765,0.25719294117647057,0.2562011764705882,0.2582905882352941,0.2618894117647059,0.2634458823529412,0.25556117647058824,0.25780823529411767,0.2568811764705883,0.2533623529411765,0.2511188235294118,0.25054705882352946,0.2506588235294117,0.24928470588235294,0.24731999999999998,0.2441458823529412,0.2451694117647059,0.2438870588235294,0.23619882352941177,0.2356564705882353,0.23985176470588235,0.27379243697479,0.2732915966386555,0.27324075630252104,0.27280546218487395,0.27396932773109245,0.2763773109243698,0.27430840336134454,0.2736247899159664,0.2730735294117647,0.27991890756302523,0.2801008403361344,0.27875672268907564,0.28737310924369747,0.2848974789915967,0.2875739495798319,0.27650196078431377,0.27696960784313723,0.2723480392156863,0.27026078431372547,0.2698460784313726,0.279214705882353,0.2769754901960784,0.28164901960784317,0.28248235294117646,0.2830558823529412,0.28013529411764704,0.2768872549019608,0.28377058823529416,0.28462745098039216,0.2799931372549019,0.24213445378151263,0.24243753501400558,0.2413924369747899,0.24312352941176468,0.24345210084033614,0.24373221288515406,0.244021568627451,0.24274509803921568,0.24193165266106448,0.24629775910364143,0.2459162464985994,0.24758655462184875,0.24830280112044817,0.24669439775910362,0.24673781512605047,Female,24,Adult,Adult,E,NC,ees06f24_250Hz_gu2_AEP.conn
EES08M41,ees08m41_250Hz_gu3_AEP.conn,gu3,0.234178431372549,0.2334862745098039,0.2297470588235294,0.22247058823529411,0.21351568627450979,0.2239960784313726,0.22664313725490196,0.22914705882352937,0.236121568627451,0.24093921568627452,0.2393705882352941,0.2338372549019608,0.25354901960784315,0.2562098039215686,0.25868431372549017,0.2885694117647059,0.28726588235294115,0.2845223529411765,0.2830847058823529,0.2810329411764706,0.28955176470588234,0.2873835294117647,0.28734941176470585,0.2847505882352941,0.2817188235294118,0.28065058823529415,0.2791941176470588,0.29479176470588236,0.2930470588235294,0.2914058823529412,0.24715176470588235,0.2497258823529412,0.2506929411764706,0.24925529411764707,0.25075058823529417,0.25145529411764705,0.24739176470588237,0.24672705882352938,0.2504141176470588,0.252475294117647,0.25244941176470587,0.24828588235294116,0.24496941176470588,0.2447941176470588,0.25340588235294115,0.2645487394957983,0.2644894957983193,0.2645243697478991,0.2653323529411765,0.26625168067226895,0.26544159663865546,0.26509075630252094,0.2657890756302521,0.2663302521008404,0.2736953781512605,0.2728768907563025,0.27258991596638654,0.27975546218487396,0.28000714285714284,0.2832861344537814,0.276406862745098,0.2744970588235294,0.274128431372549,0.2757833333333333,0.2767598039215687,0.2737931372549019,0.273743137254902,0.27452058823529407,0.2768980392156863,0.2775901960784314,0.2781686274509804,0.2812107843137255,0.2797803921568628,0.28315392156862745,0.28036176470588237,0.24763025210084036,0.24938515406162465,0.2496588235294118,0.2500050420168067,0.2505411764705882,0.25184117647058823,0.25162633053221284,0.2504467787114845,0.24879691876750704,0.25329579831932775,0.25281904761904767,0.2523254901960784,0.2573610644257703,0.2564322128851541,0.2537543417366947,Male,41,Adult,Adult,E,NC,ees08m41_250Hz_gu2_AEP.conn
EES07M34,ees07m34_250Hz_gu3_AEP.conn,gu3,0.20068039215686276,0.1969,0.19990392156862744,0.19785490196078434,0.1922764705882353,0.21097254901960785,0.21391960784313727,0.21242156862745096,0.22598039215686275,0.2163607843137255,0.21767647058823533,0.21616666666666662,0.2458490196078432,0.24520980392156863,0.24514705882352947,0.2891329411764706,0.2880211764705882,0.28814,0.29394470588235294,0.2979023529411765,0.29054470588235287,0.28942588235294114,0.2909011764705882,0.29035529411764704,0.2876588235294118,0.28839764705882354,0.29099882352941175,0.30147529411764706,0.3012011764705882,0.30253882352941186,0.24212705882352942,0.24324941176470588,0.24834705882352942,0.25052705882352944,0.24763294117647056,0.23633176470588232,0.23736470588235292,0.2372682352941177,0.2346552941176471,0.24359058823529414,0.2477294117647059,0.25104,0.2392764705882353,0.24012705882352942,0.24825882352941178,0.24536008403361345,0.2437726890756302,0.24178067226890756,0.2425172268907563,0.24227731092436972,0.24334915966386556,0.24223025210084037,0.24158235294117647,0.23984453781512607,0.2501147058823529,0.25100924369747896,0.2511348739495798,0.2550457983193277,0.2561504201680672,0.2563504201680672,0.2534637254901961,0.24922450980392155,0.24861666666666668,0.25085784313725495,0.2540078431372549,0.2532039215686275,0.25176274509803925,0.2508637254901961,0.25022254901960783,0.25668627450980397,0.2554882352941177,0.25415882352941177,0.25233823529411764,0.2512490196078431,0.2546990196078432,0.2001324929971989,0.2011929971988796,0.20232745098039215,0.20283193277310932,0.20148935574229695,0.2054165266106443,0.2040826330532213,0.2033736694677871,0.20345686274509805,0.20490112044817924,0.2058644257703081,0.2070434173669468,0.21091764705882352,0.2103142857142857,0.20916078431372553,Male,34,Adult,Adult,E,NC,ees07m34_250Hz_gu2_AEP.conn
MMS11F22,mms11f22_250Hz_gu3_AEP.conn,gu3,0.21268823529411765,0.21491568627450977,0.21639215686274507,0.21083137254901962,0.20750980392156868,0.21424901960784315,0.21493725490196078,0.22015490196078433,0.23331176470588236,0.22306274509803922,0.22313529411764707,0.22394705882352942,0.2496607843137255,0.2537392156862745,0.23897843137254904,0.2698694117647059,0.2689164705882353,0.26844705882352937,0.2676282352941176,0.2680729411764706,0.27231294117647054,0.2734458823529412,0.27465294117647054,0.2743023529411765,0.2666576470588235,0.26921058823529415,0.2682423529411765,0.2850294117647059,0.2862694117647059,0.28037647058823534,0.2525717647058824,0.2558741176470588,0.25565764705882355,0.2572835294117647,0.25668117647058825,0.2537235294117647,0.25520588235294117,0.2601764705882353,0.26360823529411764,0.2554505882352941,0.2548941176470588,0.25416705882352936,0.25537411764705886,0.2579694117647059,0.2590094117647059,0.2442042016806723,0.24391134453781516,0.24494243697478993,0.24531932773109247,0.2474105042016807,0.2432655462184874,0.2407659663865546,0.24181428571428576,0.24250966386554618,0.2509810924369748,0.25231722689075625,0.24981806722689082,0.25465966386554617,0.2573403361344538,0.2554348739495798,0.2527039215686275,0.2470156862745098,0.24213627450980393,0.23820490196078428,0.24144509803921568,0.25545098039215686,0.25271862745098045,0.24858823529411764,0.24571470588235297,0.25281666666666663,0.24846176470588233,0.24481666666666668,0.25462843137254904,0.25578235294117646,0.2530735294117647,0.22900728291316533,0.22921988795518206,0.22792156862745092,0.22538487394957982,0.22373445378151258,0.2264266106442577,0.2275963585434173,0.2267434173669468,0.2257829131652661,0.23321596638655467,0.23164621848739494,0.22977030812324925,0.23442717086834736,0.23510392156862742,0.23326666666666662,Female,22,Adult,Tertiary,C,C,mms11f22_250Hz_gu2_AEP.conn
MMS16M23,mms16m23_250Hz_gu3_AEP.conn,gu3,0.21439803921568631,0.20887058823529414,0.2079294117647059,0.2042372549019608,0.20123333333333335,0.21016274509803923,0.2129235294117647,0.2160941176470588,0.22144117647058825,0.2190058823529412,0.21401764705882353,0.20924313725490196,0.24453921568627454,0.24436862745098042,0.2363862745098039,0.23392470588235295,0.23296235294117648,0.23290470588235293,0.23451176470588236,0.23867176470588233,0.2422905882352941,0.23929882352941179,0.23574,0.23441058823529412,0.2315505882352941,0.2283635294117647,0.2277,0.24741058823529416,0.24281294117647062,0.24129176470588237,0.21149764705882354,0.21334235294117648,0.21748235294117646,0.22264117647058823,0.22933764705882353,0.22792823529411765,0.2262388235294118,0.22181058823529415,0.21931176470588234,0.21471529411764703,0.21637058823529412,0.22082941176470589,0.22227764705882352,0.21989411764705885,0.22020941176470585,0.2540911764705882,0.2535046218487395,0.25030588235294116,0.24793697478991597,0.24922268907563025,0.2491579831932773,0.25021848739495794,0.2507273109243698,0.25125840336134453,0.26368193277310914,0.26066848739495796,0.2578121848739496,0.26292605042016803,0.2633588235294118,0.26418361344537816,0.2502362745098039,0.2535892156862745,0.2533843137254902,0.2524950980392157,0.25112352941176475,0.25361764705882356,0.25477352941176473,0.2557,0.2559058823529412,0.2614705882352941,0.26102450980392156,0.26143627450980395,0.26118529411764707,0.26004215686274507,0.255321568627451,0.20836610644257703,0.2071347338935574,0.20771064425770314,0.20852296918767507,0.20826750700280117,0.2119736694677871,0.2115165266106442,0.2102476190476191,0.2098176470588235,0.20941092436974787,0.21038403361344538,0.21094761904761905,0.2154170868347339,0.21664957983193275,0.2114243697478992,Male,23,Adult,Adult,C,C,mms16m23_250Hz_gu2_AEP.conn
MMS04F25,mms04f25_250Hz_gu3_AEP.conn,gu3,0.3636764705882353,0.3636745098039216,0.3599647058823529,0.3581823529411765,0.3568843137254902,0.36848431372549023,0.3696039215686275,0.3726843137254902,0.37470980392156855,0.3679980392156863,0.36482352941176477,0.3642666666666667,0.3942411764705882,0.3959882352941177,0.38560196078431375,0.41960470588235294,0.4187894117647059,0.4182905882352941,0.4214741176470588,0.41910823529411767,0.4280764705882353,0.4264823529411765,0.4259223529411765,0.4258988235294118,0.4057858823529412,0.40606705882352934,0.41008235294117645,0.4260552941176471,0.4265058823529412,0.4239929411764706,0.4217788235294118,0.42348823529411767,0.42439411764705887,0.4269705882352941,0.4288894117647059,0.4308470588235294,0.43003058823529416,0.4295223529411765,0.425695294117647,0.4194435294117647,0.42078352941176467,0.421824705882353,0.4245611764705882,0.4246482352941176,0.4278658823529412,0.4351298319327731,0.4362903361344538,0.4375281512605042,0.43952941176470584,0.4401214285714285,0.43793319327731084,0.43958613445378153,0.4393810924369748,0.4385205882352942,0.4507239495798318,0.45029957983193275,0.44800714285714294,0.44290966386554625,0.443322268907563,0.4528512605042016,0.3943333333333334,0.3926058823529412,0.3928882352941176,0.3957,0.3943598039215686,0.39815294117647054,0.3978431372549019,0.3992,0.4007,0.3921303921568627,0.3915578431372549,0.3921529411764706,0.39287254901960783,0.3961705882352941,0.3931686274509804,0.34708795518207286,0.3472436974789916,0.34645658263305323,0.34593557422969184,0.34577647058823524,0.35328739495798317,0.3541624649859944,0.3545358543417367,0.35349551820728287,0.3527372549019608,0.3516271708683473,0.3511582633053221,0.3549635854341736,0.3550025210084033,0.35465882352941175,Female,25,Adult,Adult,C,C,mms04f25_250Hz_gu2_AEP.conn
EES21F20,EES21F20_250Hz_gu3_AEP.conn,gu3,0.2157549019607843,0.21308235294117647,0.21155490196078433,0.21048431372549023,0.2091294117647059,0.22052549019607845,0.22205490196078434,0.2259137254901961,0.23295686274509805,0.2293392156862745,0.22516470588235293,0.22354313725490196,0.25204509803921565,0.25567843137254903,0.24652549019607842,0.2801717647058824,0.28062235294117643,0.2842517647058823,0.28158823529411764,0.2795364705882353,0.2841529411764706,0.28293058823529416,0.28236941176470587,0.2773152941176471,0.2759623529411765,0.27785647058823526,0.27643529411764706,0.293215294117647,0.29337411764705884,0.28585647058823527,0.25429529411764706,0.25183999999999995,0.2547729411764706,0.25724705882352944,0.2573764705882353,0.26152,0.26112235294117647,0.25689882352941174,0.25513882352941175,0.24626117647058826,0.24638235294117647,0.2484435294117647,0.2587270588235294,0.2550058823529412,0.2466305882352941,0.22786008403361344,0.22877605042016808,0.23103781512605043,0.23269285714285717,0.23524201680672266,0.23739285714285716,0.23493697478991596,0.23456302521008401,0.23476470588235293,0.23759747899159667,0.23901512605042022,0.24137268907563023,0.24576596638655462,0.24608697478991592,0.2460617647058823,0.2537950980392156,0.2582549019607843,0.2561225490196078,0.25447450980392156,0.2552843137254902,0.2596980392156863,0.2567980392156863,0.2572029411764706,0.2581970588235294,0.2675186274509804,0.26765686274509803,0.26629607843137254,0.2673539215686275,0.266821568627451,0.2675882352941177,0.202,0.20358851540616246,0.20258487394957983,0.20003445378151266,0.2000952380952381,0.20109299719887955,0.20276750700280108,0.20288319327731094,0.20394761904761907,0.20933585434173668,0.209481512605042,0.20834985994397762,0.21175630252100835,0.21242913165266103,0.2143843137254902,Female,20,Adult,Tertiary,E,NC,EES21F20_250Hz_gu2_AEP.conn
EES15F31,ees15f31_250Hz_gu3_AEP.conn,gu3,0.20208627450980396,0.19760784313725488,0.19357254901960785,0.1954117647058824,0.20206274509803923,0.20505686274509802,0.20276274509803924,0.201978431372549,0.2203176470588235,0.2079843137254902,0.20416666666666664,0.20729803921568626,0.23527254901960784,0.23177647058823528,0.22638823529411767,0.2651164705882353,0.26357176470588234,0.26339999999999997,0.26305647058823534,0.2635964705882353,0.26055058823529414,0.2616117647058824,0.26461411764705883,0.26383058823529415,0.26318117647058825,0.2631482352941176,0.26468823529411767,0.2677176470588235,0.27131058823529414,0.2704070588235294,0.20377411764705883,0.20426117647058822,0.2034141176470588,0.19981411764705884,0.19721764705882353,0.19451058823529407,0.1939541176470588,0.19387764705882354,0.19321294117647056,0.2001,0.20102000000000003,0.19939058823529413,0.19350941176470587,0.19513294117647056,0.20323411764705882,0.2216840336134454,0.21912058823529407,0.21829117647058824,0.2176357142857143,0.218013025210084,0.2194172268907563,0.22081890756302522,0.22323067226890753,0.22305084033613448,0.22648655462184872,0.22701806722689075,0.22664831932773108,0.23667773109243698,0.2370327731092437,0.23808823529411763,0.24956274509803925,0.2503990196078431,0.2507421568627451,0.24663823529411763,0.24087058823529417,0.24936764705882355,0.24654803921568627,0.24994313725490194,0.2531098039215686,0.26066666666666666,0.2604176470588235,0.2559696078431372,0.2541235294117647,0.25417450980392153,0.2556529411764706,0.19084033613445378,0.191618487394958,0.19212913165266107,0.19183529411764705,0.19078515406162463,0.19167226890756306,0.1908313725490196,0.1893834733893557,0.18826470588235295,0.19743837535014006,0.1979106442577031,0.19808179271708676,0.19694313725490192,0.19656862745098036,0.1979089635854342,Female,31,Adult,Adult,E,NC,ees15f31_250Hz_gu2_AEP.conn
MMS05F36,mms05f36_250Hz_gu3_AEP.conn,gu3,0.22416078431372546,0.22233921568627454,0.2214058823529412,0.22077843137254902,0.21834509803921565,0.2109431372549019,0.20778039215686273,0.2088058823529412,0.22603529411764703,0.23761960784313726,0.23698431372549023,0.2379529411764706,0.24376078431372547,0.24131764705882353,0.25123725490196075,0.26233764705882356,0.26306941176470583,0.2663894117647058,0.26845882352941175,0.2699011764705882,0.2626058823529412,0.2629105882352941,0.26800823529411766,0.2689894117647059,0.2628458823529412,0.26565647058823527,0.2678894117647059,0.26661294117647055,0.26965176470588237,0.27084705882352944,0.22019647058823527,0.21861176470588237,0.22183411764705885,0.2219835294117647,0.22142000000000003,0.22483882352941179,0.2235341176470588,0.2258552941176471,0.2264470588235294,0.22221764705882352,0.2247870588235294,0.22529294117647058,0.22366705882352944,0.22585176470588236,0.22670941176470588,0.24481050420168066,0.2464747899159664,0.24439327731092433,0.24246890756302522,0.24207058823529412,0.24550882352941178,0.2445731092436975,0.24430504201680672,0.24497058823529413,0.2521159663865546,0.25176638655462186,0.2509844537815126,0.2566932773109244,0.2568390756302521,0.2577478991596639,0.2504411764705882,0.25043921568627453,0.25033333333333335,0.2506490196078431,0.25116470588235296,0.2506323529411765,0.25223823529411765,0.25378039215686277,0.2531656862745098,0.2558088235294118,0.2570666666666666,0.2574735294117647,0.25478921568627455,0.2545117647058824,0.2563009803921569,0.21922212885154058,0.21970644257703084,0.21835574229691873,0.21903865546218484,0.21948375350140056,0.2217621848739496,0.22123977591036414,0.2218893557422969,0.2209254901960785,0.22469467787114844,0.22429859943977593,0.22473417366946782,0.2286464985994398,0.22842633053221287,0.22731960784313726,Female,36,Adult,Adult,C,C,mms05f36_250Hz_gu2_AEP.conn
EES14F26,ees14f26_250Hz_gu3_AEP.conn,gu3,0.2081235294117647,0.20552156862745097,0.20619411764705883,0.2065686274509804,0.2047607843137255,0.19166862745098043,0.18841960784313727,0.19052745098039214,0.20174117647058823,0.21362156862745096,0.2107509803921568,0.2091313725490196,0.22490784313725495,0.22396078431372549,0.22353137254901964,0.2581482352941176,0.2572,0.25433764705882356,0.2524470588235294,0.25283058823529414,0.23651529411764707,0.23522588235294117,0.2389470588235294,0.24444117647058822,0.25204470588235295,0.24805882352941175,0.2458070588235294,0.2438211764705882,0.24690117647058824,0.26073058823529405,0.22395058823529412,0.22556470588235294,0.2278188235294117,0.22793999999999998,0.22729882352941183,0.22081294117647063,0.22032941176470588,0.22329058823529416,0.2236176470588235,0.21977176470588233,0.2209329411764706,0.21991058823529408,0.21812352941176472,0.2213635294117647,0.2203870588235294,0.23522941176470585,0.23565168067226896,0.23526008403361348,0.23364873949579829,0.23172142857142858,0.2337386554621849,0.23333865546218485,0.23253109243697476,0.23043361344537813,0.24017521008403367,0.24018991596638653,0.2380651260504201,0.24513949579831934,0.2449718487394958,0.24220882352941175,0.24539313725490197,0.24225784313725496,0.24266470588235298,0.2453235294117647,0.24686372549019608,0.23803039215686272,0.24057745098039215,0.24155098039215686,0.24388431372549021,0.24612254901960787,0.24536960784313724,0.2469490196078431,0.25172352941176473,0.25353039215686274,0.2468049019607843,0.20780420168067226,0.20763389355742295,0.20675854341736696,0.20500756302521006,0.20739327731092438,0.20981624649859948,0.2114095238095238,0.2107495798319328,0.20990896358543418,0.21323753501400558,0.2117434173669468,0.2104924369747899,0.21892885154061623,0.21981400560224093,0.21291372549019605,Female,26,Adult,Adult,E,NC,ees14f26_250Hz_gu2_AEP.conn
MMS20M28,mms20m28_250Hz_gu3_AEP.conn,gu3,0.23246666666666663,0.2257,0.2247392156862745,0.22832549019607842,0.2329607843137255,0.2341529411764706,0.23736470588235295,0.23902352941176472,0.24103921568627448,0.2382156862745098,0.24329411764705886,0.2497098039215686,0.26036862745098044,0.26543333333333335,0.26061764705882356,0.3018882352941177,0.29799411764705885,0.29741882352941174,0.2918,0.2887705882352941,0.2955317647058823,0.28900470588235294,0.2881176470588235,0.28307882352941177,0.29491058823529415,0.2982105882352941,0.2933741176470588,0.2848070588235294,0.2885964705882353,0.30895764705882345,0.24916705882352938,0.24944352941176479,0.24156117647058822,0.23329176470588237,0.24307529411764706,0.24304705882352945,0.24471647058823529,0.24276117647058823,0.24060470588235297,0.24585176470588235,0.23906470588235296,0.2307294117647059,0.23874705882352937,0.2389341176470588,0.2450270588235294,0.2561105042016807,0.25613571428571424,0.2508890756302521,0.24879537815126054,0.24729789915966385,0.24980126050420168,0.25113823529411766,0.25105462184873945,0.24955378151260507,0.26563487394957985,0.25927436974789914,0.25744075630252106,0.2611617647058823,0.26213949579831936,0.263646218487395,0.2695607843137255,0.2720892156862745,0.27323725490196077,0.27419607843137256,0.27272843137254904,0.2577754901960785,0.2601343137254902,0.2605696078431372,0.2652725490196079,0.27153823529411764,0.2716049019607843,0.2731813725490196,0.26453529411764704,0.26270882352941183,0.2702764705882353,0.22152913165266103,0.22062717086834738,0.21987843137254903,0.21961428571428573,0.22102212885154066,0.21436610644257706,0.21789971988795515,0.2163011204481793,0.2160235294117647,0.22346330532212888,0.2237260504201681,0.22350140056022405,0.22837815126050418,0.22607787114845945,0.2251196078431373,Male,28,Adult,Adult,C,C,mms20m28_250Hz_gu2_AEP.conn
EES10M22,EES10M22_250Hz_gu3_AEP.conn,gu3,0.2160019607843137,0.21160392156862748,0.21012745098039218,0.21047254901960785,0.20983333333333332,0.21243333333333334,0.21798039215686274,0.21825098039215685,0.2304372549019608,0.221,0.21958627450980392,0.22070588235294117,0.24325098039215684,0.24372745098039217,0.23524509803921567,0.2829,0.28518235294117644,0.2838964705882353,0.2790729411764706,0.27706117647058826,0.2763905882352941,0.27582705882352937,0.27515882352941173,0.2747305882352941,0.2852870588235294,0.2812,0.27124470588235294,0.27881294117647054,0.28011176470588234,0.28243999999999997,0.25067764705882356,0.25221176470588236,0.2597964705882353,0.25970235294117644,0.25588941176470587,0.24716352941176473,0.24927764705882352,0.25139294117647054,0.24907529411764712,0.2509035294117647,0.25486941176470584,0.2520682352941176,0.24962705882352942,0.2522788235294118,0.24995882352941176,0.2587201680672268,0.25933445378151265,0.26089453781512606,0.26173235294117647,0.26148571428571427,0.2622970588235293,0.26026134453781513,0.26216176470588237,0.26201932773109243,0.2685722689075631,0.2698899159663865,0.27269117647058827,0.27533781512605043,0.27752058823529413,0.27974495798319327,0.2833049019607843,0.28738529411764707,0.2903970588235294,0.29096274509803915,0.29196372549019606,0.2935039215686275,0.2940245098039216,0.2959098039215686,0.29378529411764703,0.29445,0.2976666666666667,0.2996558823529412,0.2982911764705882,0.2999578431372549,0.2907794117647059,0.22749243697478996,0.22878263305322136,0.22736134453781515,0.22439579831932768,0.221333893557423,0.22767198879551817,0.22625574229691875,0.22552521008403362,0.22419999999999995,0.2310084033613445,0.23037759103641453,0.22853557422969178,0.23385378151260505,0.23267338935574228,0.22941484593837536,Male,22,Adult,Tertiary,E,NC,EES10M22_250Hz_gu2_AEP.conn
EES09M30MU,EES09m30mu_250Hz_gu3_AEP.conn,gu3,0.2908549019607843,0.2908019607843137,0.2882509803921569,0.28917450980392156,0.2882647058823529,0.2897921568627451,0.28867450980392156,0.29057254901960783,0.3040490196078431,0.30261176470588236,0.29907647058823533,0.29933529411764703,0.3166843137254902,0.31873921568627456,0.3158509803921569,0.2911,0.2906105882352941,0.2879588235294118,0.2874658823529412,0.2876623529411765,0.2892058823529412,0.29076235294117647,0.29175999999999996,0.2906776470588235,0.28641764705882355,0.2826729411764706,0.28065764705882346,0.2943635294117647,0.29485882352941173,0.2923776470588235,0.27164941176470586,0.27176705882352936,0.2728388235294118,0.27616588235294115,0.28006235294117643,0.2768505882352941,0.27230823529411763,0.26958000000000004,0.2693305882352941,0.2654588235294118,0.26702941176470596,0.26969176470588235,0.2629788235294118,0.2600047058823529,0.2664364705882353,0.32881680672268904,0.3290373949579832,0.3286046218487395,0.3279084033613445,0.3272878151260505,0.32643067226890754,0.3258932773109244,0.32929789915966384,0.3322138655462185,0.3384840336134453,0.3394256302521009,0.33878403361344533,0.33706638655462184,0.3381424369747899,0.34171386554621846,0.32045686274509805,0.31665490196078433,0.31697450980392156,0.31915392156862743,0.3233411764705882,0.3197519607843137,0.32163823529411767,0.32460784313725494,0.32537352941176473,0.3263078431372549,0.3278421568627451,0.33087058823529414,0.33220784313725493,0.3322333333333333,0.33465196078431375,0.2544761904761905,0.25554425770308126,0.2552291316526611,0.2543714285714286,0.2538739495798319,0.2514481792717087,0.24951736694677878,0.2487176470588235,0.24978851540616245,0.2607574229691877,0.26237422969187674,0.2614526610644258,0.2571983193277311,0.25781624649859947,0.26380560224089633,Male,30,Adult,Adult,E,NC,EES09m30mu_250Hz_gu2_AEP.conn
MMS18M36MIX,mms18m36mix_250Hz_gu3_AEP.conn,gu3,0.18658823529411764,0.19028823529411765,0.19489019607843136,0.19666470588235296,0.19320980392156864,0.19538823529411764,0.1952019607843137,0.1994862745098039,0.2105705882352941,0.19771960784313727,0.20094901960784314,0.20137450980392158,0.22671372549019608,0.22848823529411763,0.21562941176470588,0.2429235294117647,0.2431058823529412,0.24434588235294114,0.24670235294117648,0.24675411764705885,0.24378470588235296,0.23907999999999996,0.2383247058823529,0.23864470588235295,0.24037764705882353,0.2410470588235294,0.2424952941176471,0.25575647058823525,0.2541494117647059,0.25545882352941174,0.23793764705882353,0.23472705882352943,0.23305176470588237,0.2335682352941176,0.23577882352941174,0.2309364705882353,0.22978,0.22988941176470584,0.2308729411764706,0.2327870588235294,0.23104235294117642,0.23253176470588235,0.2360588235294118,0.2368529411764706,0.23497294117647058,0.2547508403361345,0.25517016806722687,0.2535193277310924,0.25226848739495805,0.2517668067226891,0.2528521008403361,0.25458487394957985,0.2560676470588235,0.2548672268907563,0.26383697478991597,0.2618966386554622,0.2606365546218487,0.268286974789916,0.26872226890756307,0.26700672268907566,0.24150196078431374,0.24163921568627453,0.2416735294117647,0.24255588235294115,0.24170882352941178,0.2365656862745098,0.23797745098039216,0.24040392156862744,0.24187745098039218,0.2465529411764706,0.24874901960784315,0.24815784313725495,0.24777450980392157,0.24913137254901963,0.24923529411764708,0.2038789915966387,0.2032904761904762,0.2031868347338936,0.2037498599439776,0.20326106442577027,0.20168263305322126,0.20300308123249305,0.20362268907563028,0.20381596638655458,0.20852605042016809,0.20762773109243698,0.20861708683473384,0.2094820728291317,0.21068431372549018,0.2093064425770308,Male,36,Adult,Adult,C,C,mms18m36mix_250Hz_gu2_AEP.conn
EES24F29,EES24F29_250Hz_gu3_AEP.conn,gu3,0.22475686274509807,0.22536274509803922,0.23097843137254903,0.23875490196078433,0.2387647058823529,0.22884509803921568,0.23097058823529412,0.23164117647058827,0.24951960784313723,0.24284117647058823,0.24536470588235293,0.2516333333333333,0.2676450980392157,0.2690392156862745,0.2626117647058823,0.2960141176470588,0.2927352941176471,0.29071529411764707,0.28876,0.28931764705882357,0.29094117647058826,0.29051176470588236,0.28971058823529405,0.28790000000000004,0.28646705882352946,0.2843341176470588,0.2844141176470588,0.29978470588235295,0.2993223529411765,0.2961,0.26460823529411764,0.2624811764705882,0.2624870588235294,0.26181294117647064,0.26211529411764706,0.26105294117647054,0.25992000000000004,0.2587541176470588,0.2573258823529411,0.25974823529411767,0.2610047058823529,0.2596470588235294,0.25851882352941175,0.2601435294117647,0.26431529411764704,0.2858294117647059,0.28576764705882346,0.2855903361344537,0.28533823529411767,0.286753781512605,0.28733949579831936,0.2871983193277311,0.2834802521008404,0.2807915966386555,0.2935340336134454,0.29347268907563023,0.29290084033613445,0.30219033613445373,0.298694537815126,0.2980634453781513,0.2776519607843137,0.2791196078431372,0.2799705882352941,0.2813196078431373,0.28110882352941174,0.2713843137254902,0.27389803921568623,0.274356862745098,0.27378823529411767,0.28033921568627457,0.28294411764705885,0.2855754901960784,0.2855019607843137,0.28875686274509804,0.2830323529411765,0.24800644257703078,0.24742156862745096,0.24572549019607837,0.2453327731092437,0.24657226890756304,0.2493719887955182,0.24729775910364143,0.24555182072829135,0.24528207282913161,0.2513859943977591,0.24978459383753504,0.24934341736694682,0.25721792717086833,0.2553210084033613,0.25276918767507,Female,29,Adult,Adult,E,NC,EES24F29_250Hz_gu2_AEP.conn
EES20F22,ees20f22_250Hz_gu3_AEP.conn,gu3,0.2647627450980392,0.2660705882352941,0.26889607843137253,0.2670098039215686,0.26558431372549024,0.2709921568627451,0.2706941176470588,0.2675313725490196,0.26989411764705884,0.2782254901960785,0.2786176470588235,0.27315294117647065,0.300278431372549,0.29913529411764705,0.2968137254901961,0.28708823529411764,0.28594470588235293,0.2853564705882353,0.2833788235294118,0.2855917647058824,0.2877235294117647,0.2920905882352941,0.2935294117647058,0.2899388235294118,0.28533529411764713,0.281215294117647,0.27976117647058824,0.3027388235294118,0.3052905882352941,0.2958705882352941,0.2569894117647059,0.25619882352941176,0.2536941176470588,0.25500823529411765,0.2577105882352941,0.2598129411764706,0.2610835294117647,0.2584682352941176,0.2573458823529412,0.2526588235294117,0.2509305882352941,0.25292470588235294,0.25680000000000003,0.25638235294117645,0.2579694117647059,0.2722126050420168,0.271218487394958,0.27325840336134455,0.2767201680672269,0.27813739495798323,0.2735201680672269,0.2720243697478991,0.2730084033613446,0.2754735294117647,0.2835256302521008,0.28514495798319334,0.28514243697478997,0.28718613445378155,0.2890432773109244,0.2921495798319328,0.27824607843137256,0.27763137254901954,0.28240490196078427,0.286528431372549,0.2880725490196078,0.2888088235294118,0.28401470588235295,0.2836823529411765,0.2839333333333333,0.28667941176470585,0.2894764705882353,0.29180196078431375,0.28738627450980386,0.2851421568627451,0.290835294117647,0.25932941176470586,0.2605633053221289,0.26357282913165264,0.26475910364145666,0.2627190476190476,0.25867422969187676,0.25879103641456586,0.2596193277310925,0.2596173669467787,0.26487787114845945,0.26686526610644257,0.2682392156862745,0.2695700280112045,0.2691680672268908,0.2681921568627451,Female,22,Adult,Tertiary,E,NC,ees20f22_250Hz_gu2_AEP.conn
R16E09G10,R16E09g10_info1_250Hz_gu3_AEP.conn,gu3,0.28487254901960785,0.28917450980392156,0.28721372549019614,0.28617843137254906,0.2835470588235294,0.2877019607843137,0.2909,0.2872058823529412,0.2974098039215686,0.30183333333333334,0.2998568627450981,0.29873137254901955,0.3165803921568628,0.31293921568627453,0.31672352941176474,0.36178352941176467,0.3627835294117647,0.3622294117647059,0.3589764705882353,0.3573670588235294,0.36328352941176467,0.3640529411764707,0.3613647058823529,0.3575329411764706,0.3631882352941177,0.3605129411764706,0.3563341176470588,0.37221882352941177,0.3680352941176471,0.37402470588235304,0.28113647058823527,0.28313058823529413,0.2835223529411765,0.28226000000000007,0.28686,0.2877105882352941,0.2824294117647059,0.28254823529411766,0.28507176470588236,0.2884376470588236,0.28605176470588234,0.28218117647058827,0.2796776470588235,0.2799423529411764,0.28811764705882353,0.2909071428571428,0.291253781512605,0.2902974789915966,0.28952058823529414,0.29052899159663864,0.2905310924369748,0.29023991596638654,0.2903050420168067,0.2906827731092437,0.29889747899159663,0.2990399159663865,0.2972491596638655,0.3042302521008403,0.302916806722689,0.3042798319327731,0.3044617647058824,0.3047254901960785,0.3011274509803921,0.29611176470588235,0.2957078431372549,0.3005058823529412,0.29896274509803916,0.3008392156862745,0.30053823529411766,0.3053421568627451,0.3031009803921569,0.29890098039215685,0.29615490196078437,0.2947431372549019,0.30235686274509804,0.24910588235294115,0.2480238095238095,0.24645882352941173,0.24450112044817923,0.24348991596638653,0.24554481792717092,0.24659327731092442,0.24664901960784316,0.24537366946778716,0.2522957983193277,0.25147114845938373,0.2494859943977591,0.24775854341736694,0.24732072829131652,0.2526249299719888,Female,10,8-12,Elementary,E,NC,R16E09g10_info1_250Hz_gu2_AEP.conn
R16BF04G10,R16BF04g10_info1_250Hz_gu3_AEP.conn,gu3,0.23858431372549016,0.23521568627450984,0.23524901960784317,0.23828039215686272,0.23673137254901966,0.23982352941176474,0.2400450980392157,0.23926666666666666,0.25629607843137253,0.2577470588235294,0.256843137254902,0.2576588235294118,0.27598235294117646,0.2754392156862745,0.2794039215686274,0.2972152941176471,0.2960105882352942,0.29539529411764703,0.29783411764705886,0.30045647058823527,0.3000188235294118,0.3025858823529412,0.30327176470588235,0.30271411764705886,0.3019070588235294,0.30025529411764706,0.3029635294117647,0.3169105882352941,0.3182917647058824,0.3147211764705882,0.2677917647058824,0.26619176470588235,0.26546705882352944,0.26863058823529407,0.27327882352941174,0.27139176470588233,0.2718388235294118,0.27079882352941176,0.2708058823529412,0.2651682352941177,0.26241294117647057,0.2650988235294118,0.2720564705882353,0.2704129411764706,0.26914235294117644,0.3012558823529412,0.3011029411764706,0.3033016806722689,0.30340672268907565,0.30361386554621844,0.30254327731092434,0.3023289915966387,0.3037903361344538,0.3040113445378151,0.30783991596638655,0.3098794117647059,0.30928865546218487,0.31583151260504205,0.3177617647058823,0.3179747899159664,0.2826156862745098,0.2831274509803921,0.2835666666666667,0.2837156862745098,0.2831607843137255,0.28277254901960786,0.2808686274509804,0.28075686274509803,0.2805607843137255,0.2880794117647059,0.28784215686274506,0.2899450980392157,0.290714705882353,0.29115686274509806,0.2899392156862745,0.2597697478991596,0.2595621848739496,0.25917478991596643,0.2601700280112045,0.2609425770308123,0.261790756302521,0.26014453781512603,0.25886134453781506,0.2580868347338936,0.2658047619047619,0.2650899159663865,0.2655929971988796,0.26763193277310915,0.2655229691876751,0.2666341736694678,Female,10,8-12,Elementary,S,NC,R16BF04g10_info1_250Hz_gu2_AEP.conn
R16E16B7,R16E16b7_info1_250Hz_gu3_AEP.conn,gu3,0.24724509803921565,0.24741764705882355,0.2466,0.2447647058823529,0.2460352941176471,0.24586666666666668,0.24997058823529414,0.2527901960784314,0.2659392156862745,0.26614313725490196,0.2652078431372549,0.26356862745098036,0.28630588235294113,0.28631372549019607,0.2847980392156863,0.2957741176470588,0.2953176470588235,0.2926341176470588,0.2898811764705882,0.28919647058823533,0.29401647058823527,0.2922858823529412,0.29238,0.2907988235294118,0.29534,0.29329647058823527,0.29078,0.3036941176470588,0.3040870588235294,0.3046188235294118,0.2890658823529412,0.28982588235294116,0.28828,0.28654588235294115,0.2877870588235294,0.2931129411764706,0.2898082352941177,0.28535058823529413,0.2864423529411765,0.2871223529411765,0.2870682352941177,0.28620352941176475,0.2928223529411764,0.29056,0.2941776470588236,0.33916806722689075,0.33930588235294123,0.33918613445378154,0.3396142857142857,0.3399932773109244,0.33936554621848736,0.3395084033613446,0.33994495798319324,0.3405789915966387,0.3485226890756302,0.3480714285714286,0.34700924369747893,0.35221302521008396,0.3526542016806723,0.35294327731092434,0.32007843137254904,0.3200382352941176,0.3216509803921569,0.3216696078431373,0.321564705882353,0.31950882352941173,0.3199578431372549,0.32250784313725483,0.3246764705882353,0.32551176470588233,0.3269558823529412,0.32722549019607844,0.3196637254901961,0.32288039215686276,0.3234980392156863,0.2738033613445378,0.27336890756302523,0.2721803921568626,0.2716361344537815,0.2714610644257703,0.27292941176470586,0.2717857142857143,0.2718249299719888,0.27155126050420175,0.2787663865546218,0.2775299719887955,0.27655518207282914,0.2759725490196079,0.27597927170868347,0.27500700280112045,Male,7,5-7,Elementary,E,NC,R16E16b7_info1_250Hz_gu2_AEP.conn
R16E19B5,R16E19b5_info1_250Hz_gu3_AEP.conn,gu3,0.33078627450980397,0.3284764705882353,0.325878431372549,0.3184882352941177,0.31479019607843134,0.3304725490196079,0.33328235294117653,0.3352,0.35185686274509803,0.34122156862745096,0.3386960784313726,0.3342901960784313,0.36147647058823534,0.3638235294117647,0.3523823529411765,0.38233764705882356,0.38498117647058827,0.38483647058823534,0.38467882352941174,0.38377999999999995,0.379184705882353,0.3816764705882353,0.3817176470588235,0.3791164705882353,0.38621647058823527,0.38616,0.385675294117647,0.3959258823529411,0.39573647058823525,0.3939211764705882,0.37033647058823527,0.3718117647058824,0.37478941176470587,0.37443058823529407,0.370675294117647,0.3761435294117647,0.3783023529411765,0.378335294117647,0.37938,0.37640588235294115,0.38078117647058823,0.37906705882352937,0.3767376470588235,0.3760952941176471,0.38137764705882354,0.4117785714285714,0.41515042016806725,0.4195281512605042,0.4222752100840336,0.42278319327731084,0.4167894957983193,0.41675126050420175,0.41976722689075635,0.4219945378151261,0.42710084033613444,0.42977436974789923,0.42905588235294106,0.42629201680672263,0.4286113445378152,0.42815420168067225,0.3542627450980393,0.3543980392156863,0.3549598039215686,0.35569411764705877,0.35425588235294114,0.35196176470588236,0.355836274509804,0.35593529411764707,0.3533578431372549,0.35004215686274515,0.3463,0.34604999999999997,0.3552911764705882,0.35227156862745096,0.3459509803921568,0.32553977591036415,0.32651512605042016,0.32942801120448173,0.3302389355742296,0.32914201680672267,0.32337927170868347,0.3259422969187675,0.3284327731092437,0.32755574229691875,0.3250596638655462,0.3276879551820729,0.3277310924369748,0.32787422969187674,0.3306829131652661,0.32691680672268913,Male,5,5-7,Elementary,E,NC,R16E19b5_info1_250Hz_gu2_AEP.conn
R16E17B5,R16E17b5_info1_250Hz_gu3_AEP.conn,gu3,0.2688509803921569,0.26941764705882354,0.27120784313725493,0.2673039215686275,0.26484901960784313,0.2708529411764706,0.27058627450980394,0.2707803921568627,0.2856137254901961,0.281935294117647,0.28043725490196075,0.2770470588235294,0.29937647058823535,0.2985647058823529,0.29470196078431377,0.3133164705882353,0.31605882352941184,0.3180235294117647,0.31617647058823534,0.31508823529411767,0.3128976470588235,0.31184941176470593,0.3132329411764706,0.31330941176470584,0.3138129411764706,0.3146576470588235,0.3131188235294118,0.31621058823529413,0.3182976470588235,0.3194988235294118,0.22968117647058825,0.23069058823529415,0.2325835294117647,0.23476235294117648,0.23418823529411767,0.23002235294117646,0.23054470588235296,0.23210941176470587,0.23193176470588237,0.22666,0.2266141176470588,0.22773294117647058,0.22322941176470593,0.22414117647058823,0.22310823529411766,0.25954159663865545,0.2596218487394958,0.2592294117647059,0.25760546218487396,0.2584865546218488,0.26000294117647055,0.2596218487394958,0.2601899159663866,0.2606033613445378,0.2674668067226891,0.26691008403361344,0.2672974789915966,0.27424663865546217,0.27374201680672267,0.27449621848739497,0.3299421568627451,0.3317529411764706,0.3321794117647059,0.3308284313725491,0.33040784313725485,0.32995392156862746,0.3309490196078431,0.33155588235294114,0.33145196078431377,0.3390039215686274,0.33824607843137255,0.3377696078431372,0.3359666666666667,0.3354843137254902,0.3371549019607843,0.26127478991596637,0.26061204481792716,0.26052212885154064,0.2611330532212885,0.2614042016806722,0.25638179271708683,0.2563453781512605,0.25620224089635857,0.25805658263305326,0.26382577030812326,0.2640543417366946,0.2639204481792717,0.2634767507002801,0.26384005602240895,0.26449103641456573,Male,5,5-7,Elementary,E,NC,R16E17b5_info1_250Hz_gu2_AEP.conn
R16A04B8,R16A04b8_info1_250Hz_gu3_AEP.conn,gu3,0.29881960784313727,0.29682549019607846,0.30042156862745095,0.3017882352941177,0.29863725490196075,0.30608823529411766,0.3062647058823529,0.3053078431372549,0.31672549019607843,0.3179882352941177,0.31843333333333335,0.3219058823529412,0.3275725490196078,0.3282058823529412,0.3272980392156863,0.3589364705882353,0.3555129411764706,0.3524705882352941,0.34872941176470584,0.3469470588235294,0.3561576470588236,0.3497682352941177,0.3444588235294118,0.33868941176470585,0.35898117647058825,0.3501129411764706,0.3439411764705883,0.3563447058823529,0.3501447058823529,0.35644705882352945,0.3374976470588235,0.3401223529411765,0.33905176470588233,0.33803647058823527,0.33938941176470594,0.33974117647058827,0.33980352941176467,0.3411647058823529,0.34237647058823534,0.3438694117647059,0.3414964705882354,0.34104117647058824,0.3405670588235295,0.34409647058823534,0.34205529411764707,0.37669369747899156,0.3787873949579832,0.38211134453781515,0.3829327731092436,0.3831701680672269,0.38065462184873944,0.3829268907563025,0.38429873949579824,0.38313571428571425,0.38836008403361344,0.39137899159663864,0.3912878151260504,0.3909176470588235,0.39263823529411773,0.3950147058823529,0.33358431372549013,0.33746372549019615,0.33776960784313736,0.33435,0.33303627450980394,0.33061568627450977,0.3320029411764706,0.3314872549019608,0.3296343137254902,0.3406941176470588,0.3412911764705882,0.3395774509803922,0.3337147058823529,0.33326960784313725,0.3322568627450981,0.31363585434173674,0.3135380952380952,0.3144644257703081,0.3161439775910364,0.317544537815126,0.3175792717086835,0.31593081232493,0.31837787114845933,0.31870700280112046,0.3188137254901961,0.3199467787114847,0.321266106442577,0.31527899159663864,0.3187089635854342,0.3224308123249299,Male,8,8-12,Elementary,A,NC,R16A04b8_info1_250Hz_gu2_AEP.conn
R16L01SY06,R16L01sy06_info1_250Hz_gu3_AEP.conn,gu3,0.26587058823529414,0.26493333333333335,0.2671588235294118,0.27046862745098044,0.2752019607843137,0.26681176470588236,0.2689627450980392,0.2727921568627451,0.28978431372549024,0.2819921568627451,0.2844745098039216,0.2857254901960784,0.2982431372549019,0.30089803921568625,0.3024647058823529,0.3191341176470589,0.3164447058823529,0.3143635294117647,0.3139176470588235,0.31836,0.32043764705882355,0.32116823529411775,0.3236482352941176,0.32634705882352943,0.31997411764705885,0.3190670588235294,0.3176764705882353,0.32947999999999994,0.33001411764705885,0.3313894117647059,0.3248882352941177,0.3261752941176471,0.3264258823529412,0.32634470588235287,0.32719411764705886,0.3308823529411765,0.33198823529411764,0.3341282352941176,0.33516588235294115,0.3273388235294118,0.32750823529411766,0.32816470588235297,0.3316682352941176,0.3318811764705883,0.3329870588235294,0.34587773109243697,0.3457063025210084,0.34491806722689067,0.34492731092436973,0.34575756302521005,0.3461764705882353,0.3470827731092437,0.34634789915966385,0.3466285714285714,0.3503634453781512,0.3497411764705883,0.3505689075630251,0.3585521008403362,0.3568390756302521,0.3587596638655462,0.33660784313725484,0.33860196078431376,0.3382892156862745,0.3373745098039216,0.33676666666666666,0.33507352941176466,0.33788529411764706,0.3400892156862745,0.33917058823529406,0.3396245098039216,0.33925,0.3374813725490196,0.34199411764705884,0.3439058823529411,0.34057352941176466,0.2900064425770309,0.29057619047619043,0.2905299719887956,0.2902943977591036,0.2904221288515406,0.29088795518207283,0.29178739495798317,0.2925350140056023,0.29249915966386564,0.2939140056022409,0.29490980392156857,0.2949857142857143,0.2941535014005603,0.29490392156862744,0.29344257703081233,Female,6,5-7,Elementary,S,NC,R16L01sy06_info1_250Hz_gu2_AEP.conn
R16S01Y08B,R16S01y08b_info1_250Hz_gu3_AEP.conn,gu3,0.2716235294117647,0.26758627450980393,0.26583725490196075,0.2633980392156863,0.26398235294117645,0.2667549019607843,0.2642588235294117,0.26014313725490196,0.26972352941176475,0.2724725490196079,0.2719862745098039,0.2702764705882353,0.28495686274509807,0.28236470588235296,0.2848882352941177,0.3123,0.3113788235294118,0.31244588235294113,0.31420941176470596,0.31452117647058825,0.31548470588235294,0.3141376470588235,0.3111258823529412,0.30981764705882353,0.30883764705882355,0.3110329411764706,0.31161764705882355,0.32171764705882355,0.32075411764705886,0.3213576470588235,0.24901529411764706,0.2502576470588235,0.2530211764705882,0.2549576470588235,0.25567058823529415,0.24812117647058823,0.2508529411764706,0.2533976470588235,0.2553329411764706,0.24116117647058827,0.24668941176470588,0.24960000000000004,0.2418011764705882,0.24515999999999996,0.24395647058823525,0.25675882352941176,0.25767731092436974,0.26060714285714287,0.26193739495798324,0.2613529411764706,0.26156680672268906,0.26259453781512604,0.2622273109243697,0.26389453781512606,0.26663781512605045,0.26930378151260503,0.27265462184873945,0.2784747899159664,0.2788558823529411,0.28095,0.2941019607843137,0.2950509803921569,0.29615882352941175,0.29744901960784315,0.2985186274509804,0.30115,0.30064117647058825,0.2996490196078431,0.2981843137254902,0.3005401960784314,0.30225392156862746,0.3038117647058824,0.30738627450980394,0.3070441176470588,0.307293137254902,0.2440028011204482,0.24426162464985993,0.2444327731092437,0.24321092436974792,0.24326750700280106,0.24334537815126048,0.2433084033613445,0.24345434173669464,0.24378515406162463,0.2505946778711485,0.2515470588235294,0.2505257703081233,0.2520647058823529,0.2513680672268907,0.2534770308123249,Female,8,8-12,Elementary,S,NC,R16S01y08b_info1_250Hz_gu2_AEP.conn
R16S16G11,R16S16g11_info1_250Hz_gu3_AEP.conn,gu3,0.30662352941176474,0.30859999999999993,0.3078254901960784,0.309143137254902,0.3074686274509804,0.3119176470588235,0.3117176470588235,0.31482745098039217,0.33089019607843134,0.3330156862745098,0.3306647058823529,0.3331470588235294,0.3437862745098039,0.34488823529411766,0.3522411764705882,0.3952517647058823,0.39435882352941176,0.3928094117647058,0.3923352941176471,0.3944929411764706,0.39712352941176465,0.39858352941176467,0.3976564705882353,0.3933141176470588,0.40411294117647056,0.40303058823529414,0.4020705882352941,0.4116411764705882,0.4132811764705882,0.4146235294117647,0.35831411764705884,0.36076,0.3612411764705882,0.3613011764705883,0.36179647058823533,0.36188,0.36246000000000006,0.36234705882352947,0.3615129411764706,0.36598470588235293,0.36601176470588237,0.3654670588235294,0.35988235294117643,0.3606,0.36562705882352936,0.3508995798319327,0.34961764705882353,0.3519991596638657,0.3558810924369748,0.3583037815126051,0.3545415966386554,0.35322184873949586,0.35325084033613446,0.35678109243697476,0.3598449579831933,0.36059789915966384,0.3608605042016807,0.3634344537815126,0.3630978991596639,0.36323865546218487,0.3467088235294118,0.34448235294117646,0.3439264705882353,0.34450196078431367,0.34398725490196086,0.3401539215686275,0.33929607843137255,0.3389745098039216,0.3381539215686275,0.3524892156862745,0.3499245098039216,0.34941960784313725,0.34037450980392164,0.3408843137254902,0.34179411764705886,0.31123333333333336,0.31089635854341735,0.3103812324929972,0.31061092436974796,0.31042072829131645,0.3133448179271709,0.31410616246498596,0.31321120448179274,0.3123882352941177,0.31418711484593836,0.3127680672268907,0.3123226890756302,0.31182521008403363,0.3101801120448179,0.3092641456582633,Female,11,8-12,Elementary,S,NC,R16S16g11_info1_250Hz_gu2_AEP.conn
R16S06G6,R16S06g6_info1_250Hz_gu3_AEP.conn,gu3,0.24330980392156862,0.24221372549019604,0.23621960784313725,0.23345490196078433,0.2352764705882353,0.23146470588235293,0.23206274509803926,0.22990392156862746,0.24221764705882357,0.25373333333333337,0.25081176470588235,0.24952352941176473,0.2639921568627451,0.2625411764705883,0.26937647058823533,0.2745447058823529,0.2746517647058824,0.2736811764705883,0.2719964705882353,0.2708270588235294,0.2769611764705882,0.275164705882353,0.2712517647058824,0.26792470588235295,0.2745470588235294,0.2751352941176471,0.27534117647058826,0.28619529411764705,0.2842235294117647,0.28638,0.2446258823529412,0.2450152941176471,0.24571058823529413,0.24484705882352942,0.24263294117647058,0.24468352941176472,0.2466023529411765,0.2461870588235294,0.24365176470588232,0.24579176470588235,0.2478870588235294,0.24838352941176475,0.24585294117647058,0.24480588235294118,0.24687176470588237,0.2723294117647059,0.2717487394957983,0.27083361344537815,0.2708487394957983,0.27024159663865543,0.27116638655462183,0.27081638655462187,0.2718491596638656,0.27281428571428573,0.2794483193277311,0.2795819327731093,0.27825840336134455,0.2834415966386555,0.28365588235294115,0.2871714285714286,0.26359313725490197,0.26010196078431375,0.2585009803921569,0.25847254901960787,0.2576598039215687,0.25700588235294114,0.2580225490196078,0.26104705882352935,0.26387352941176473,0.26362941176470595,0.26189117647058824,0.2615960784313725,0.25933627450980395,0.26155,0.2642294117647059,0.21429103641456582,0.2151750700280112,0.2150966386554622,0.21390336134453783,0.21461960784313724,0.21479355742296918,0.2141095238095239,0.2122857142857143,0.21216442577030814,0.21766162464985997,0.21668151260504198,0.21611260504201682,0.2204971988795518,0.21917675070028014,0.2196560224089636,Female,6,5-7,Elementary,S,NC,R16S06g6_info1_250Hz_gu2_AEP.conn
R16A05Y08B,R16A05y08b_info1_250Hz_gu3_AEP.conn,gu3,0.22998235294117653,0.23039607843137255,0.23205882352941173,0.23112745098039214,0.23011176470588235,0.22595882352941177,0.22606666666666667,0.226756862745098,0.23726078431372552,0.2381921568627451,0.2376529411764706,0.2377705882352941,0.259078431372549,0.26017058823529415,0.25476666666666664,0.272675294117647,0.26918588235294116,0.2671694117647059,0.2663611764705883,0.2659011764705882,0.2632329411764706,0.26106705882352943,0.26214823529411757,0.2619741176470588,0.2633317647058824,0.2630588235294118,0.26244235294117646,0.2714352941176471,0.2738741176470588,0.2740364705882353,0.24073647058823527,0.24112941176470587,0.24034117647058822,0.23793764705882356,0.23766117647058826,0.23550352941176472,0.23444470588235297,0.2355541176470588,0.23645647058823532,0.23306941176470586,0.23306117647058824,0.23238823529411765,0.22900117647058824,0.23164235294117647,0.2328729411764706,0.29591428571428574,0.296886974789916,0.29793613445378153,0.297436974789916,0.2978483193277311,0.2956231092436975,0.29430882352941173,0.29408739495798314,0.2954794117647059,0.2992436974789916,0.3010079831932773,0.3000840336134454,0.3068680672268908,0.30586134453781516,0.3067415966386554,0.3044333333333334,0.30356764705882355,0.3002519607843137,0.2970421568627451,0.29850882352941177,0.30393039215686274,0.30237254901960786,0.30066176470588235,0.30248431372549023,0.3103264705882353,0.309656862745098,0.30801960784313726,0.310878431372549,0.3099901960784313,0.31331274509803925,0.2364378151260505,0.2367658263305322,0.23711652661064425,0.23736414565826328,0.23884313725490197,0.2344162464985994,0.23407899159663864,0.23469691876750703,0.23555994397759103,0.24108375350140063,0.24193473389355744,0.24164621848739495,0.23913865546218485,0.23960868347338932,0.2428406162464986,Female,8,8-12,Elementary,A,NC,R16A05y08b_info1_250Hz_gu2_AEP.conn
R16E08Y05B5,R16E08y05b5_info1_250Hz_gu3_AEP.conn,gu3,0.3033882352941177,0.3060960784313726,0.3106568627450981,0.3146313725490196,0.3163352941176471,0.3080529411764706,0.30887647058823525,0.31205490196078434,0.3277098039215686,0.32221176470588236,0.3244156862745098,0.3274862745098039,0.338764705882353,0.3413078431372549,0.33899999999999997,0.35270235294117647,0.3534741176470588,0.3550141176470588,0.35410117647058814,0.35237647058823524,0.3534505882352941,0.35300117647058826,0.3530729411764706,0.3563541176470588,0.35861058823529407,0.3570329411764706,0.3540741176470588,0.3645011764705882,0.36508705882352943,0.3686411764705882,0.3207776470588235,0.3186423529411765,0.3183070588235294,0.3176952941176471,0.3183811764705883,0.32139294117647066,0.32129882352941175,0.3215247058823529,0.3223929411764706,0.31625764705882353,0.3152658823529412,0.3148576470588235,0.3131988235294118,0.3131,0.3121694117647059,0.3366739495798319,0.33684411764705885,0.3377642857142857,0.33949495798319335,0.3402815126050421,0.33687394957983197,0.3379466386554622,0.3399773109243697,0.3397193277310925,0.3449176470588235,0.3458016806722689,0.3462815126050421,0.35365714285714284,0.35412815126050423,0.35366470588235294,0.32916862745098036,0.3287745098039216,0.32798333333333335,0.32783823529411765,0.32930882352941176,0.3366970588235294,0.33566274509803923,0.3379107843137255,0.3376764705882353,0.33443627450980395,0.33483431372549016,0.3347225490196079,0.34545784313725497,0.3442088235294118,0.3434529411764706,0.3004380952380953,0.30056022408963584,0.300509243697479,0.30037030812324933,0.3007910364145658,0.3014795518207283,0.30095070028011206,0.3015750700280112,0.3033019607843137,0.3045296918767507,0.3040596638655462,0.30390756302521005,0.3075,0.30726862745098044,0.30517647058823527,Male,5,5-7,Elementary,E,NC,R16E08y05b5_info1_250Hz_gu2_AEP.conn
R16E18G9,R16E18g9_info1_250Hz_gu3_AEP.conn,gu3,0.2991588235294118,0.30514313725490194,0.30705490196078433,0.3042941176470588,0.30055882352941177,0.30693137254901964,0.31140196078431376,0.31144509803921566,0.3274529411764706,0.3300509803921569,0.3311686274509804,0.3272980392156863,0.3477411764705882,0.34768823529411774,0.3538980392156863,0.3751,0.37528705882352936,0.3753,0.3730117647058823,0.37448000000000004,0.3790070588235294,0.38153647058823525,0.38097294117647057,0.37979176470588233,0.3801717647058824,0.378995294117647,0.378355294117647,0.39206705882352944,0.39113294117647057,0.3923035294117647,0.32543999999999995,0.3249811764705882,0.3234564705882353,0.3204835294117647,0.32275882352941176,0.3260317647058824,0.3278529411764707,0.32921647058823533,0.32896,0.32760941176470587,0.32507882352941175,0.32403764705882354,0.3237847058823529,0.32358470588235294,0.32215764705882355,0.3248483193277311,0.32583067226890755,0.32678361344537815,0.32804075630252105,0.3264953781512605,0.3294369747899159,0.33054999999999995,0.3315159663865546,0.3320331932773109,0.3336878151260504,0.334090756302521,0.33531344537815133,0.34272941176470584,0.3415340336134454,0.34198277310924363,0.30870784313725497,0.3078058823529412,0.3082705882352941,0.3080764705882353,0.3080294117647059,0.31234803921568627,0.31141274509803923,0.31277352941176473,0.31157549019607844,0.30671862745098033,0.3070352941176471,0.3063088235294118,0.31459313725490196,0.31339117647058823,0.30969313725490194,0.3029036414565826,0.3026296918767507,0.30269579831932764,0.30252128851540616,0.3033016806722689,0.30390196078431375,0.3042725490196078,0.30342549019607845,0.3041212885154062,0.30617591036414565,0.3068210084033613,0.30660112044817933,0.3089439775910364,0.30866470588235295,0.30906582633053226,Female,9,8-12,Elementary,E,NC,R16E18g9_info1_250Hz_gu2_AEP.conn
R16S09G6,R16s09g6_info1_250Hz_gu3_AEP.conn,gu3,0.24025294117647059,0.24112745098039215,0.2430607843137255,0.24394117647058824,0.23956470588235299,0.2470058823529412,0.25157843137254904,0.2504450980392157,0.26186666666666664,0.26294705882352937,0.26447450980392156,0.26114313725490196,0.28344117647058825,0.2840725490196078,0.2852176470588236,0.30568117647058823,0.30889176470588237,0.31098588235294117,0.31249058823529413,0.3089305882352941,0.3075529411764706,0.30755882352941183,0.3065670588235294,0.30954588235294117,0.31136235294117653,0.3132058823529412,0.31069294117647056,0.3107341176470588,0.3084423529411765,0.32148117647058827,0.2643211764705882,0.27264235294117645,0.27476352941176474,0.2690435294117647,0.26860470588235297,0.2739152941176471,0.27272705882352943,0.2740729411764706,0.2743882352941177,0.2700741176470588,0.2713635294117647,0.2658976470588235,0.2628905882352941,0.26497999999999994,0.26752470588235294,0.2722588235294118,0.2716340336134454,0.26872100840336133,0.2689210084033613,0.27227016806722687,0.2782033613445378,0.27565084033613446,0.2722075630252101,0.2703953781512605,0.2790319327731093,0.2803310924369748,0.2775390756302521,0.28926218487394956,0.2854361344537815,0.2898302521008403,0.28538137254901963,0.2850813725490196,0.28452843137254896,0.28839117647058826,0.2943343137254902,0.2878598039215687,0.29034901960784315,0.2904950980392157,0.2900882352941177,0.2964764705882353,0.2973264705882353,0.29968333333333336,0.28962647058823526,0.289642156862745,0.2970274509803921,0.2358697478991596,0.2367966386554622,0.23664369747899158,0.23742997198879554,0.23907086834733898,0.2348033613445379,0.23425994397759106,0.2356075630252101,0.23697114845938386,0.2360467787114846,0.23672997198879556,0.2382680672268908,0.2389140056022409,0.24079075630252098,0.2381789915966387,Female,6,5-7,Elementary,S,NC,R16s09g6_info1_250Hz_gu2_AEP.conn
R16S02B_G6,R16S02b_g6_info1_250Hz_gu3_AEP.conn,gu3,0.28365882352941174,0.28271176470588233,0.2834156862745098,0.2820843137254902,0.2880921568627451,0.2845294117647059,0.2858862745098039,0.28815294117647056,0.29230196078431375,0.2941764705882353,0.2948803921568628,0.29521764705882353,0.31721960784313724,0.3211509803921569,0.31965490196078433,0.34354000000000007,0.34058941176470586,0.33969764705882355,0.3434317647058823,0.3444188235294118,0.3483376470588236,0.3505870588235295,0.35151529411764704,0.3497411764705883,0.33422117647058824,0.33241176470588235,0.33456588235294116,0.3545282352941176,0.3544694117647059,0.3525176470588235,0.3200258823529412,0.3137894117647059,0.3176764705882353,0.3186788235294118,0.31928470588235286,0.3170541176470588,0.3132623529411765,0.3176800000000001,0.3178082352941177,0.31077176470588236,0.31093176470588235,0.30972941176470586,0.3029741176470588,0.3063282352941176,0.3132376470588235,0.372827731092437,0.3733138655462184,0.3732827731092437,0.37324117647058824,0.3733600840336134,0.3742987394957983,0.3744243697478992,0.3717235294117648,0.3698563025210083,0.38152857142857144,0.38155924369747896,0.3825554621848739,0.38698193277310927,0.38448529411764704,0.38750672268907566,0.34093921568627444,0.341356862745098,0.34322549019607845,0.34433725490196077,0.34666470588235293,0.3420852941176471,0.3430843137254902,0.34307941176470597,0.3441480392156862,0.3467607843137255,0.34938725490196076,0.3490960784313726,0.35113529411764705,0.34925098039215685,0.35396470588235296,0.2789495798319327,0.280752380952381,0.2816067226890756,0.28196778711484594,0.28113809523809524,0.2793081232492997,0.2802809523809524,0.28021008403361347,0.28021316526610646,0.28557955182072825,0.28682941176470583,0.2872557422969187,0.2859775910364145,0.285378431372549,0.2887834733893557,Female,6,5-7,Elementary,S,NC,R16S02b_g6_info1_250Hz_gu2_AEP.conn
R16BF02G9INFO1,R16BF02g9info1_250Hz_gu3_AEP.conn,gu3,0.22386274509803925,0.21838235294117647,0.21831372549019604,0.2187019607843137,0.22555686274509804,0.2248823529411765,0.22548627450980394,0.23125882352941177,0.2431235294117647,0.23228431372549022,0.23806470588235298,0.23825882352941175,0.25771372549019606,0.2629607843137255,0.2611274509803922,0.3204188235294118,0.3183270588235294,0.31785294117647067,0.3163505882352941,0.3143835294117647,0.31128470588235296,0.3106870588235294,0.3126564705882353,0.32046470588235293,0.31384823529411765,0.3188411764705882,0.31747999999999993,0.3268423529411765,0.32975176470588236,0.3279541176470588,0.22976823529411766,0.23175411764705883,0.2293011764705882,0.22801529411764707,0.22958588235294117,0.23383882352941177,0.23445411764705884,0.23218823529411764,0.23323647058823527,0.22337764705882351,0.22294941176470587,0.22748941176470588,0.22849764705882353,0.22575294117647057,0.21608705882352938,0.24237184873949577,0.23920588235294118,0.23425756302521009,0.23338697478991594,0.23506932773109246,0.2374470588235294,0.23689285714285718,0.2350394957983193,0.2343495798319328,0.24525588235294113,0.24209495798319328,0.24075126050420168,0.24998529411764706,0.25013025210084033,0.2501281512605042,0.25543823529411763,0.2535137254901961,0.2504990196078431,0.2552598039215686,0.2576519607843137,0.26237941176470586,0.25918823529411766,0.2548372549019608,0.25546862745098037,0.2577431372549019,0.25745,0.2635901960784314,0.2548754901960784,0.2521323529411765,0.2585578431372549,0.2297565826330532,0.2289563025210084,0.22763501400560227,0.22698095238095237,0.22535574229691874,0.22864509803921568,0.22878543417366948,0.22798403361344538,0.22838235294117645,0.2358224089635855,0.23609299719887955,0.23510196078431375,0.23050980392156864,0.23053669467787113,0.23665154061624655,Female,9,8-12,Elementary,S,NC,R16BF02g9info1_250Hz_gu2_AEP.conn
R16E04G10,R16E04g10_info1_250Hz_gu3_AEP.conn,gu3,0.26219019607843136,0.2623901960784314,0.26238627450980395,0.2617745098039216,0.26434117647058825,0.2629196078431373,0.2589176470588236,0.2593117647058824,0.2757098039215686,0.2803921568627451,0.2798490196078431,0.2787882352941176,0.2944666666666666,0.29742156862745095,0.3041941176470588,0.34660352941176475,0.34705294117647056,0.34998823529411766,0.35210235294117653,0.35230117647058823,0.3459964705882353,0.34321999999999997,0.3451211764705882,0.34790352941176467,0.35235529411764704,0.35329411764705887,0.3549423529411765,0.3592282352941176,0.3608294117647059,0.3682929411764706,0.33485882352941176,0.33646235294117643,0.33940235294117643,0.34122352941176476,0.3392670588235294,0.3336988235294117,0.3359447058823529,0.33644117647058824,0.3353682352941176,0.3389035294117647,0.34051647058823525,0.34168117647058827,0.33884941176470584,0.338155294117647,0.34028470588235293,0.33954957983193285,0.3418794117647058,0.3432542016806722,0.34474201680672273,0.3454289915966387,0.3394596638655462,0.33930546218487395,0.3392021008403362,0.3394205882352942,0.34688823529411766,0.3463626050420167,0.3450327731092437,0.3491542016806723,0.34997268907563034,0.3517239495798319,0.3334921568627451,0.33383823529411766,0.33552647058823526,0.3351843137254902,0.3332941176470588,0.3332450980392157,0.3293019607843137,0.3270637254901961,0.32748529411764704,0.33459803921568626,0.33400392156862746,0.3318696078431373,0.3244813725490196,0.3242539215686275,0.3285892156862745,0.2817033613445379,0.28137507002801115,0.2808795518207282,0.28157002801120445,0.2817431372549019,0.2812159663865546,0.28156190476190485,0.2820778711484594,0.2825602240896358,0.28444425770308124,0.2828652661064425,0.2835806722689076,0.284489355742297,0.2853210084033614,0.2841859943977591,Female,10,8-12,Elementary,E,NC,R16E04g10_info1_250Hz_gu2_AEP.conn
R16S21B8,R16S21b8_info1_250Hz_gu3_AEP.conn,gu3,0.23554705882352941,0.2338176470588235,0.23320392156862746,0.23454117647058823,0.23913333333333334,0.23165686274509809,0.23403529411764704,0.23887254901960783,0.25128823529411765,0.2470078431372549,0.24581372549019606,0.24650196078431375,0.2654686274509804,0.2702254901960784,0.26347843137254906,0.31546117647058824,0.3142023529411765,0.3136670588235294,0.31327176470588236,0.31355764705882355,0.31539529411764705,0.3184117647058823,0.3184647058823529,0.3166341176470589,0.31724,0.3171141176470588,0.3158517647058824,0.33049999999999996,0.3306,0.33084117647058825,0.30277882352941177,0.30227647058823537,0.3013894117647059,0.3016023529411765,0.3012388235294118,0.2999482352941176,0.3017317647058823,0.3046152941176471,0.3049164705882353,0.30252117647058824,0.3032705882352941,0.30112941176470587,0.3050188235294118,0.30676470588235294,0.30412235294117645,0.281323949579832,0.2818932773109244,0.28269621848739496,0.2813810924369748,0.280459243697479,0.28232563025210083,0.28195126050420166,0.28092226890756306,0.28096428571428567,0.2876865546218487,0.2883915966386555,0.28744957983193276,0.2977714285714286,0.29811680672268903,0.2983138655462185,0.2725235294117647,0.27573137254901964,0.27679901960784314,0.2762862745098039,0.2754490196078431,0.2734823529411765,0.2726401960784314,0.27148039215686276,0.27021764705882356,0.2801245098039216,0.2808862745098039,0.2802,0.27264215686274507,0.27254117647058823,0.2764960784313726,0.2323949579831932,0.23217198879551823,0.2320677871148459,0.2327179271708683,0.23247703081232493,0.23229019607843138,0.23285014005602245,0.23344845938375353,0.23366554621848748,0.23638011204481787,0.23652969187675071,0.23641288515406159,0.23683053221288522,0.23667338935574225,0.2353095238095238,Male,8,8-12,Elementary,S,NC,R16S21b8_info1_250Hz_gu2_AEP.conn
R16S17G6,R16S17g6_info1_250Hz_gu3_AEP.conn,gu3,0.2908686274509804,0.29069803921568627,0.2956725490196079,0.29822745098039216,0.2986490196078431,0.2956666666666667,0.29440196078431374,0.29627254901960787,0.30623725490196074,0.29883333333333334,0.30273137254901966,0.30259607843137254,0.32207843137254905,0.3232607843137255,0.3218607843137255,0.3459035294117647,0.34451529411764703,0.3441152941176471,0.34347294117647054,0.3447329411764706,0.34456823529411773,0.34331764705882356,0.3451811764705882,0.3484152941176471,0.33964000000000005,0.33916941176470594,0.3383058823529412,0.3577376470588235,0.36025882352941174,0.35244235294117654,0.2914211764705882,0.29039647058823526,0.29047529411764705,0.28945176470588235,0.28872941176470585,0.28834,0.28790705882352946,0.28558588235294124,0.2840505882352941,0.2821411764705883,0.2807011764705882,0.2797070588235294,0.2797941176470588,0.27877411764705884,0.27522705882352944,0.34294327731092433,0.34324453781512604,0.3426063025210084,0.342068487394958,0.3438567226890756,0.3461247899159664,0.34591386554621845,0.3475617647058824,0.34871386554621847,0.3519735294117647,0.3518105042016807,0.35103529411764706,0.3572306722689076,0.3584210084033614,0.3567096638655463,0.3282872549019608,0.32745882352941175,0.32773529411764707,0.3293274509803922,0.3306921568627451,0.32648921568627454,0.32755980392156864,0.3294862745098039,0.3314372549019608,0.3281058823529412,0.32898823529411764,0.3304941176470588,0.33067450980392155,0.33150098039215686,0.3334,0.294006162464986,0.29644397759103647,0.29658879551820727,0.2956773109243698,0.2950112044817927,0.2972341736694678,0.2962022408963585,0.2947977591036415,0.2946464985994397,0.3008282913165266,0.29952044817927176,0.2983498599439776,0.2982439775910365,0.2968596638655462,0.2985915966386555,Female,6,5-7,Elementary,S,NC,R16S17g6_info1_250Hz_gu2_AEP.conn
R16E07B9,R16E07b9_info1_250Hz_gu3_AEP.conn,gu3,0.3031450980392157,0.29864117647058824,0.29987450980392155,0.30029999999999996,0.3012843137254902,0.3053627450980392,0.3064705882352941,0.30922352941176473,0.32602352941176477,0.3223450980392157,0.32138039215686276,0.3176921568627451,0.337543137254902,0.3387254901960784,0.3390705882352942,0.39474,0.39467411764705884,0.3915741176470588,0.39029294117647056,0.3909317647058824,0.3947458823529411,0.3931870588235294,0.39452117647058826,0.3941941176470588,0.40184823529411756,0.39939058823529405,0.3993470588235294,0.4014882352941177,0.40268941176470585,0.4092635294117647,0.35496,0.3509035294117647,0.3518035294117647,0.3513117647058824,0.3512482352941177,0.3518270588235294,0.3538917647058824,0.35655294117647063,0.35286235294117646,0.3595811764705882,0.3603235294117647,0.361624705882353,0.3561541176470588,0.35692,0.36759764705882353,0.38242184873949575,0.38375,0.3833819327731092,0.3813945378151261,0.38034999999999997,0.3850046218487395,0.38822016806722687,0.38820966386554623,0.3863810924369749,0.3918588235294117,0.3926634453781513,0.38941428571428577,0.39877521008403355,0.39928949579831935,0.3966592436974791,0.30981470588235294,0.3109127450980392,0.3115225490196078,0.3124411764705883,0.310378431372549,0.31598333333333334,0.31808823529411767,0.3174892156862745,0.3142137254901961,0.3140352941176471,0.3156950980392157,0.31792941176470585,0.32010588235294113,0.31884411764705883,0.3128941176470588,0.2911403361344537,0.2913686274509804,0.29180952380952385,0.2915610644257703,0.2918352941176471,0.2936033613445378,0.2923635854341737,0.29066554621848734,0.29038879551820723,0.2950504201680672,0.2967072829131653,0.2970428571428571,0.29563277310924374,0.29452773109243696,0.30007394957983197,Male,9,8-12,Elementary,E,NC,R16E07b9_info1_250Hz_gu2_AEP.conn
R16S20G7,R16S20g7_info1_250Hz_gu3_AEP.conn,gu3,0.2816843137254902,0.28331372549019607,0.2824078431372549,0.2801254901960784,0.28135098039215695,0.2892235294117647,0.2880411764705883,0.2843509803921569,0.2894078431372549,0.30015882352941176,0.2974764705882353,0.2947450980392157,0.3223549019607843,0.31893137254901954,0.323378431372549,0.3102023529411765,0.3121,0.31358,0.31158705882352944,0.3105247058823529,0.30809294117647057,0.30792705882352944,0.30884941176470593,0.30871882352941177,0.30551764705882356,0.30684117647058823,0.30544000000000004,0.3111247058823529,0.31286,0.31521647058823526,0.23610823529411767,0.23661058823529416,0.23416470588235297,0.22985411764705885,0.22722235294117646,0.23793764705882353,0.23298705882352944,0.2281011764705882,0.22575529411764705,0.22523176470588235,0.22322352941176474,0.22012470588235294,0.22353058823529412,0.22256,0.22027999999999995,0.27239285714285716,0.27401176470588234,0.2735634453781512,0.2725172268907563,0.2705642857142857,0.2719752100840336,0.2736306722689076,0.274563025210084,0.273248319327731,0.2825180672268907,0.2824802521008404,0.2823609243697479,0.2864840336134454,0.2868436974789916,0.2871920168067227,0.32998529411764704,0.3305941176470588,0.32852549019607846,0.3294941176470588,0.33181960784313724,0.326278431372549,0.32682352941176473,0.3301254901960784,0.3326372549019608,0.3296029411764706,0.32701372549019603,0.3284323529411765,0.32920784313725493,0.3306745098039216,0.3311892156862745,0.25590084033613447,0.25462072829131654,0.2536739495798319,0.2522904761904762,0.25299523809523816,0.2564128851540616,0.25542436974789917,0.25432072829131663,0.2541980392156863,0.26234509803921574,0.2609431372549019,0.25899635854341735,0.26665630252100847,0.265084593837535,0.26627030812324926,Female,7,5-7,Elementary,S,NC,R16S20g7_info1_250Hz_gu2_AEP.conn
R16S22B10,R16S22b10_info1_250Hz_gu3_AEP.conn,gu3,0.3101470588235294,0.3138137254901961,0.31426470588235295,0.3125235294117647,0.31069411764705884,0.3131313725490196,0.3110294117647059,0.31094313725490197,0.32621176470588237,0.32831960784313724,0.33043333333333336,0.32910784313725494,0.3443960784313726,0.34322941176470584,0.34530588235294113,0.37664588235294116,0.37632941176470586,0.37679294117647066,0.37826941176470585,0.38002470588235293,0.38239058823529415,0.3791741176470589,0.37803882352941176,0.3779317647058823,0.3745423529411765,0.37464235294117654,0.3769752941176471,0.3901105882352941,0.38914235294117644,0.3798517647058824,0.3001435294117647,0.3032317647058823,0.3090682352941176,0.3122270588235294,0.31468588235294115,0.30285764705882356,0.30627058823529413,0.31109764705882353,0.3135317647058823,0.3054905882352941,0.31114,0.31432705882352946,0.3094541176470588,0.3141164705882352,0.30969294117647056,0.36711092436974785,0.3676256302521009,0.3680525210084034,0.36675042016806725,0.3658100840336135,0.3702012605042017,0.3685088235294117,0.3675201680672269,0.36597352941176464,0.3736953781512605,0.37433529411764704,0.3736352941176471,0.3755605042016807,0.37732899159663863,0.3805,0.3455686274509804,0.34199117647058824,0.3403872549019608,0.339286274509804,0.33901470588235294,0.34693235294117647,0.3439627450980392,0.34112745098039216,0.3378166666666667,0.3457333333333334,0.344214705882353,0.34334705882352945,0.34613725490196073,0.34364607843137257,0.3447941176470588,0.2846747899159664,0.2834669467787115,0.28292661064425767,0.28260056022408964,0.2836770308123249,0.2852005602240896,0.2842467787114846,0.2845462184873949,0.2853431372549019,0.28787563025210083,0.2869728291316526,0.28631624649859944,0.289452380952381,0.28918907563025215,0.2859658263305323,Male,10,8-12,Elementary,S,NC,R16S22b10_info1_250Hz_gu2_AEP.conn
R16E20B4,R16E20b4_info1_250Hz_gu3_AEP.conn,gu3,0.37817450980392153,0.3768156862745098,0.37567450980392153,0.3762235294117648,0.379164705882353,0.38163921568627446,0.382156862745098,0.3809803921568628,0.39285686274509796,0.3815941176470588,0.38077058823529414,0.38433333333333336,0.4007843137254903,0.399421568627451,0.39450392156862746,0.38873647058823535,0.3831788235294118,0.3847752941176471,0.38642823529411763,0.3883505882352941,0.3927717647058824,0.3933717647058823,0.3927164705882354,0.3920576470588235,0.37643764705882354,0.37957882352941175,0.38062117647058824,0.3955870588235294,0.3965470588235294,0.38325882352941176,0.3370635294117647,0.33893294117647055,0.33929764705882354,0.33642117647058817,0.33778117647058825,0.3339141176470588,0.3341352941176471,0.33178,0.3353305882352941,0.3297729411764706,0.33029764705882353,0.3264588235294118,0.3275917647058824,0.3267658823529412,0.3282717647058824,0.3561697478991597,0.3546584033613446,0.35631554621848743,0.3566130252100841,0.3566386554621849,0.35690420168067233,0.3554554621848739,0.35341134453781514,0.35498067226890756,0.35896764705882356,0.359063025210084,0.35983403361344546,0.3636109243697479,0.3607529411764706,0.3653617647058823,0.3880676470588236,0.3871735294117647,0.3874196078431373,0.39210392156862744,0.39781666666666665,0.3886705882352941,0.39135980392156866,0.38994803921568627,0.392514705882353,0.3892254901960784,0.3891196078431372,0.3909039215686274,0.3920166666666667,0.3913549019607843,0.3975156862745098,0.34195686274509807,0.34374341736694675,0.34444285714285716,0.3460985994397759,0.34506582633053223,0.34242128851540615,0.34302745098039217,0.3443327731092437,0.34382857142857143,0.3512053221288515,0.3520879551820728,0.3537966386554622,0.3539193277310924,0.3540221288515406,0.3526098039215686,Male,4,5-7,Elementary,E,NC,R16E20b4_info1_250Hz_gu2_AEP.conn
R16A01BY08,R16A01by08_info1_250Hz_gu3_AEP.conn,gu3,0.27097450980392157,0.27147647058823526,0.26690392156862747,0.26227450980392164,0.2605882352941176,0.27153529411764704,0.26977843137254903,0.26944117647058824,0.27899607843137253,0.28716274509803924,0.2849274509803921,0.2775725490196079,0.3003686274509804,0.302143137254902,0.296143137254902,0.3255929411764706,0.33144,0.33733411764705884,0.33364705882352935,0.3304105882352942,0.34032823529411765,0.3405094117647059,0.3343870588235295,0.3310082352941176,0.33178588235294115,0.33784705882352944,0.3332705882352941,0.3496141176470588,0.34509764705882356,0.3507105882352941,0.3141294117647059,0.31294705882352947,0.31252117647058825,0.31229882352941174,0.31591764705882364,0.3207505882352941,0.31741294117647056,0.3142623529411765,0.31581411764705886,0.3096776470588235,0.3117529411764705,0.3119541176470588,0.31275411764705885,0.30792470588235293,0.32217529411764706,0.3006470588235294,0.30258193277310924,0.3046138655462185,0.30662016806722686,0.3065584033613445,0.30243697478991594,0.30489621848739495,0.30741512605042015,0.30920798319327725,0.3088130252100841,0.3122852941176471,0.31344915966386555,0.31851050420168064,0.3198319327731093,0.3168478991596638,0.32994313725490193,0.33106862745098037,0.3300205882352942,0.3287490196078431,0.32739411764705884,0.3240245098039216,0.3278343137254902,0.3256754901960785,0.3209107843137255,0.33237352941176473,0.33146666666666663,0.3304754901960784,0.3330666666666667,0.3327588235294117,0.3317107843137255,0.29679747899159675,0.2964722689075631,0.29384677871148457,0.2920983193277311,0.291559943977591,0.2992949579831932,0.30180700280112044,0.30095602240896363,0.29970224089635855,0.30279719887955175,0.299567787114846,0.29796582633053215,0.3041977591036415,0.30190784313725494,0.2995952380952381,Female,8,8-12,Elementary,A,NC,R16A01by08_info1_250Hz_gu2_AEP.conn
R16E10G9,R16E10g9_info1_250Hz_gu3_AEP.conn,gu3,0.27981764705882356,0.2763705882352941,0.27207058823529406,0.27303333333333335,0.27158431372549025,0.2714823529411765,0.2667568627450981,0.2650333333333333,0.2731921568627451,0.2894725490196079,0.2862549019607843,0.28555490196078426,0.3048176470588235,0.30258235294117647,0.313,0.3643352941176471,0.3643341176470588,0.3635823529411765,0.3628505882352941,0.3599670588235294,0.3654952941176471,0.3683541176470588,0.37076235294117643,0.3648988235294118,0.36395999999999995,0.3623670588235294,0.36151411764705876,0.3813905882352942,0.3842964705882353,0.37884117647058824,0.3497682352941177,0.3522705882352941,0.3518823529411765,0.34948235294117647,0.34918941176470597,0.3488988235294118,0.3524117647058823,0.35121529411764707,0.3507929411764706,0.34351176470588235,0.3422905882352941,0.3405694117647059,0.3411917647058823,0.3388247058823529,0.3429741176470588,0.3190537815126051,0.3175478991596638,0.3181525210084034,0.31927899159663864,0.3206071428571429,0.31659453781512603,0.3163764705882353,0.3183189075630252,0.3186634453781512,0.3265289915966386,0.3278256302521009,0.32907689075630253,0.3333134453781513,0.3350567226890756,0.3369840336134454,0.32441862745098043,0.32402450980392156,0.3244225490196078,0.3231921568627451,0.32425882352941177,0.3205617647058823,0.3183598039215686,0.3176166666666667,0.32118823529411766,0.32859313725490197,0.3288921568627451,0.32654999999999995,0.32826568627450975,0.3284970588235294,0.33686960784313724,0.2969333333333333,0.29838543417366953,0.29613641456582646,0.29485742296918777,0.29571792717086837,0.2960033613445378,0.2973882352941176,0.2968935574229692,0.2964803921568627,0.30312128851540615,0.2998484593837536,0.29908431372549016,0.30315518207282904,0.30202969187675077,0.3046574229691877,Female,9,8-12,Elementary,E,NC,R16E10g9_info1_250Hz_gu2_AEP.conn
R16S25B8,R16S25b8_info1_250Hz_gu3_AEP.conn,gu3,0.31534509803921573,0.3167509803921569,0.32409019607843137,0.3262294117647059,0.32372156862745094,0.322278431372549,0.32542156862745103,0.3282980392156863,0.34556470588235294,0.3374019607843137,0.3427686274509804,0.3440941176470589,0.3606725490196078,0.3623627450980392,0.36343137254901964,0.34123058823529406,0.3411247058823529,0.3431517647058823,0.34606941176470585,0.3457470588235294,0.34340352941176466,0.34414823529411775,0.34631764705882356,0.3482870588235294,0.34542823529411765,0.35109058823529404,0.3548258823529412,0.35629529411764704,0.3585082352941177,0.3668823529411765,0.37198941176470585,0.3690788235294118,0.365455294117647,0.3653070588235293,0.3650058823529412,0.3646070588235294,0.36297764705882357,0.36276588235294116,0.3663435294117647,0.3622435294117647,0.36160470588235294,0.36309647058823524,0.355835294117647,0.35695058823529413,0.3579376470588235,0.38007647058823524,0.37920840336134465,0.3781647058823529,0.3788890756302522,0.3813,0.3840264705882353,0.3838953781512605,0.3815441176470588,0.38185546218487393,0.38605882352941184,0.38541848739495804,0.3845239495798319,0.3926306722689075,0.3914936974789916,0.39248907563025215,0.34450686274509806,0.34532156862745095,0.34559901960784317,0.3436254901960784,0.3432882352941176,0.34697549019607843,0.34827450980392155,0.34803235294117646,0.34652254901960783,0.341356862745098,0.3429617647058824,0.3424843137254902,0.343286274509804,0.34631470588235297,0.3394313725490196,0.30902128851540606,0.30864397759103646,0.30875294117647056,0.3087075630252101,0.308670868347339,0.30985042016806724,0.309952380952381,0.3115700280112045,0.3120666666666667,0.31567619047619044,0.3151719887955181,0.31459551820728293,0.3161932773109244,0.31726022408963583,0.31440224089635854,Male,8,8-12,Elementary,S,NC,R16S25b8_info1_250Hz_gu2_AEP.conn
R16S03B10,R16S03b10_info1_250Hz_gu3_AEP.conn,gu3,0.2407509803921568,0.24052745098039216,0.2363862745098039,0.23670196078431374,0.24076470588235296,0.23951176470588234,0.23905294117647058,0.23977647058823526,0.25650392156862745,0.2556411764705882,0.249956862745098,0.2486568627450981,0.26976666666666665,0.2692274509803922,0.2706549019607843,0.2835129411764706,0.2842176470588236,0.2799670588235294,0.2769764705882353,0.27632235294117646,0.28263176470588236,0.28155176470588233,0.2819188235294118,0.2796023529411765,0.2807694117647059,0.27398,0.2698317647058824,0.2880529411764706,0.2897,0.2816705882352942,0.2713670588235294,0.2718882352941176,0.2694152941176471,0.26879058823529406,0.2690941176470588,0.26798,0.2667317647058824,0.2664811764705882,0.26557294117647057,0.2595235294117647,0.25695764705882357,0.2563505882352941,0.2566482352941176,0.25767647058823534,0.2553823529411765,0.2794361344537815,0.2804163865546219,0.2816823529411765,0.28199117647058825,0.2811096638655462,0.2800970588235295,0.28027184873949584,0.2801579831932773,0.2812714285714286,0.2863936974789916,0.2865726890756303,0.28648781512605037,0.2940920168067227,0.29339201680672267,0.293446218487395,0.2737107843137255,0.2718941176470588,0.2702411764705882,0.26970196078431374,0.2693735294117647,0.27234117647058825,0.2706441176470588,0.2709421568627451,0.2723617647058823,0.27225,0.2704931372549019,0.27005392156862745,0.28095980392156866,0.28044705882352944,0.2727843137254902,0.2479521008403362,0.24726330532212892,0.24428711484593843,0.24266106442577035,0.24184145658263306,0.2448865546218488,0.24482156862745094,0.2451949579831933,0.2456294117647059,0.2526263305322129,0.25103025210084035,0.25053193277310926,0.2500358543417367,0.25190280112044816,0.2533915966386554,Male,10,8-12,Elementary,S,NC,R16S03b10_info1_250Hz_gu2_AEP.conn
R16S07B8,R16S07b8_info1_250Hz_gu3_AEP.conn,gu3,0.2577313725490196,0.2580705882352941,0.25666666666666665,0.2538254901960784,0.2516333333333333,0.2573509803921568,0.2522647058823529,0.2494764705882353,0.27019999999999994,0.2781745098039216,0.2749372549019608,0.2702470588235294,0.2881705882352941,0.286956862745098,0.2917156862745099,0.3019364705882353,0.3019529411764706,0.3005376470588236,0.30182,0.30132000000000003,0.3036482352941176,0.2997658823529412,0.29855529411764714,0.29937176470588234,0.2992811764705882,0.2964541176470588,0.2975505882352941,0.3071352941176471,0.3045423529411765,0.2971576470588236,0.2811105882352941,0.27825058823529414,0.27588352941176464,0.2770576470588235,0.2812352941176471,0.2873670588235294,0.28702235294117645,0.2882235294117647,0.2919058823529411,0.28367764705882353,0.2831705882352941,0.2848,0.2937635294117647,0.29235176470588237,0.2899082352941177,0.34443193277310924,0.3419004201680673,0.34070462184873945,0.3406319327731092,0.34280042016806717,0.34356302521008414,0.3426852941176471,0.341109243697479,0.3403252100840336,0.3468058823529412,0.34664285714285714,0.34675588235294114,0.3517533613445378,0.350096218487395,0.34871260504201684,0.30960588235294123,0.3098529411764706,0.30874411764705884,0.31155294117647064,0.3099990196078431,0.307678431372549,0.30875588235294116,0.3124401960784314,0.3150686274509804,0.3113852941176471,0.3107647058823529,0.3137009803921569,0.3116745098039216,0.311906862745098,0.3024480392156863,0.2644221288515407,0.2658056022408964,0.2670913165266106,0.2673652661064425,0.2653935574229691,0.2639669467787115,0.26441092436974784,0.26491288515406164,0.26602184873949586,0.2694725490196078,0.27061148459383755,0.27193445378151254,0.2709960784313726,0.2709694677871149,0.2698593837535014,Male,8,8-12,Elementary,S,NC,R16S07b8_info1_250Hz_gu2_AEP.conn
R16E13B5,R16E13b5_info1_250Hz_gu3_AEP.conn,gu3,0.26906470588235293,0.2707450980392157,0.2697176470588235,0.26828039215686267,0.2702254901960784,0.26150392156862745,0.26358627450980393,0.26702549019607846,0.2807843137254902,0.2749686274509804,0.27314509803921566,0.2739921568627451,0.2884862745098039,0.290378431372549,0.28453137254901967,0.33304117647058823,0.33240352941176465,0.33201058823529417,0.3316541176470588,0.33030470588235294,0.33285882352941176,0.3342529411764706,0.33307882352941176,0.3335576470588235,0.3350882352941177,0.3329623529411765,0.3310647058823529,0.34582352941176475,0.34418352941176467,0.3443647058823529,0.3393776470588235,0.3395788235294117,0.34118235294117644,0.34232823529411766,0.342095294117647,0.34082,0.34129176470588235,0.34167176470588234,0.34358235294117645,0.34391529411764704,0.34574000000000005,0.34568588235294123,0.3393211764705882,0.34022470588235293,0.34461647058823525,0.3539718487394959,0.3542378151260504,0.3538348739495798,0.353631512605042,0.3532432773109244,0.3546651260504201,0.3554331932773109,0.3551953781512605,0.3544978991596639,0.3607600840336134,0.35931302521008396,0.35838487394957985,0.36838319327731084,0.3669218487394958,0.36468613445378145,0.3355676470588235,0.33388431372549016,0.3330578431372549,0.33314901960784316,0.3325676470588235,0.3351970588235294,0.3356176470588235,0.3364735294117647,0.3356852941176471,0.3297999999999999,0.3295617647058824,0.3302950980392157,0.3375166666666667,0.3355725490196078,0.33154901960784317,0.2984229691876751,0.29634229691876746,0.29649579831932776,0.29612997198879554,0.2973436974789916,0.2979350140056023,0.2964686274509804,0.29585350140056027,0.29689187675070033,0.3007016806722688,0.300996918767507,0.3005299719887955,0.3021924369747899,0.30127450980392156,0.3037997198879552,Male,5,5-7,Elementary,E,NC,R16E13b5_info1_250Hz_gu2_AEP.conn
R16A02G05B,R16A02g05b_info1_250Hz_gu3_AEP.conn,gu3,0.28842549019607844,0.28616862745098043,0.28562549019607847,0.286186274509804,0.28232156862745095,0.29554509803921564,0.28972745098039215,0.285643137254902,0.29320980392156865,0.29568235294117645,0.29819019607843145,0.2989235294117647,0.310756862745098,0.3088686274509804,0.3131294117647059,0.3825482352941176,0.38695411764705884,0.3908752941176471,0.3897952941176471,0.3853411764705882,0.3911435294117648,0.3923188235294118,0.3938705882352941,0.39076235294117645,0.38728823529411766,0.3899058823529412,0.3919411764705882,0.40276705882352937,0.40541647058823527,0.4026964705882353,0.3833023529411764,0.3887588235294118,0.39208470588235295,0.3906223529411765,0.38617529411764706,0.38466588235294125,0.3875470588235294,0.38699999999999996,0.38320941176470585,0.3901811764705882,0.39145176470588233,0.3910282352941177,0.3861741176470588,0.3846247058823529,0.3867847058823529,0.3544470588235294,0.3521197478991596,0.35043109243697473,0.35115882352941175,0.3513075630252101,0.34993361344537816,0.348231512605042,0.34811764705882353,0.34798991596638645,0.36013655462184874,0.3585739495798319,0.3575201680672269,0.36213067226890755,0.3614495798319329,0.3653285714285715,0.37954117647058827,0.380743137254902,0.3793872549019608,0.3767735294117647,0.3747764705882353,0.3772803921568628,0.37743137254901965,0.3746460784313726,0.3722764705882353,0.38411372549019607,0.3832617647058824,0.3820813725490196,0.3848019607843138,0.38300882352941173,0.3863735294117647,0.34244425770308123,0.3436,0.34352997198879553,0.3434084033613445,0.3429131652661064,0.3416672268907563,0.34168235294117644,0.34018571428571437,0.3404588235294118,0.3479647058823529,0.3466918767507003,0.3459705882352941,0.3437952380952381,0.34396666666666664,0.34587478991596643,Female,5,5-7,Elementary,A,NC,R16A02g05b_info1_250Hz_gu2_AEP.conn
R16BF05B5,R16BF05b5_info1_250Hz_gu3_AEP.conn,gu3,0.2306098039215686,0.2291686274509804,0.2267392156862745,0.22577058823529414,0.22510784313725488,0.2281980392156863,0.22711372549019607,0.22336862745098038,0.23497058823529413,0.23861568627450977,0.23741372549019604,0.23534901960784316,0.24771764705882351,0.24540392156862745,0.2519411764705883,0.2831529411764706,0.28567294117647063,0.28532235294117647,0.28619882352941173,0.28534588235294117,0.2842341176470588,0.28359176470588227,0.28414117647058823,0.2853305882352941,0.28359411764705883,0.28431999999999996,0.28666117647058825,0.29134000000000004,0.29453764705882357,0.29549764705882353,0.26120117647058827,0.2633035294117647,0.2630329411764706,0.26437529411764704,0.2648235294117647,0.2613317647058823,0.2624082352941176,0.26163882352941176,0.26061882352941174,0.2544505882352942,0.2518847058823529,0.252735294117647,0.25483647058823533,0.2544164705882353,0.25078117647058823,0.256981512605042,0.2571210084033614,0.2569857142857143,0.25765840336134455,0.2587697478991597,0.2585626050420168,0.2591676470588235,0.2589117647058824,0.2593693277310924,0.26349915966386556,0.26380420168067226,0.2640273109243697,0.26925126050420173,0.2706966386554622,0.27107773109243694,0.2694696078431373,0.27109999999999995,0.2733774509803922,0.27478725490196076,0.274113725490196,0.26501568627450983,0.2691235294117647,0.2711107843137255,0.27097058823529413,0.2727333333333333,0.2744137254901961,0.2742980392156863,0.26944117647058824,0.27334607843137254,0.2728068627450981,0.20995154061624646,0.21222464985994394,0.2152126050420169,0.21439747899159664,0.2132792717086835,0.2100644257703081,0.21116190476190477,0.21198291316526605,0.21206134453781514,0.2162142857142857,0.2192484593837535,0.21901540616246504,0.21592773109243701,0.215881512605042,0.22011820728291318,Male,5,5-7,Elementary,S,NC,R16BF05b5_info1_250Hz_gu2_AEP.conn
R16S04G5,R16S04g5_info1_250Hz_gu3_AEP.conn,gu3,0.2824960784313726,0.2724549019607843,0.2666372549019608,0.2690313725490196,0.2695019607843137,0.2765235294117647,0.27321960784313726,0.27573333333333333,0.2959607843137254,0.2872764705882353,0.2813137254901961,0.28086470588235296,0.3105156862745098,0.31354117647058827,0.3053647058823529,0.3275647058823529,0.32458941176470585,0.3236070588235294,0.3205117647058824,0.32144235294117646,0.3267258823529412,0.3263741176470588,0.32781529411764704,0.33107764705882353,0.3225223529411764,0.3227247058823529,0.32049176470588236,0.33094117647058824,0.33321764705882356,0.3323882352941177,0.26926588235294113,0.27011529411764706,0.27297764705882355,0.27304705882352936,0.26967058823529416,0.272004705882353,0.26940705882352944,0.26569882352941177,0.26237764705882355,0.26602470588235294,0.2674411764705883,0.2665741176470588,0.2658776470588235,0.26238352941176474,0.2656094117647059,0.31733865546218487,0.3149508403361344,0.31462184873949584,0.31534159663865546,0.3154718487394959,0.3171773109243698,0.31631302521008403,0.315840756302521,0.3156701680672268,0.32072142857142866,0.3212168067226891,0.32120252100840335,0.32591176470588235,0.3278310924369748,0.32852352941176477,0.3271980392156863,0.32572058823529415,0.3290450980392157,0.3317029411764706,0.333521568627451,0.3326245098039216,0.33328529411764707,0.33284215686274515,0.333928431372549,0.3267539215686274,0.32984803921568634,0.3301450980392157,0.3312872549019608,0.33297450980392157,0.3361960784313726,0.2700549019607844,0.2688994397759104,0.26964257703081235,0.27028571428571424,0.27090112044817927,0.2752478991596639,0.274663025210084,0.2742263305322129,0.2752033613445378,0.27394341736694683,0.27411960784313727,0.27503333333333335,0.27770756302521005,0.27815322128851544,0.27704593837535013,Female,5,5-7,Elementary,S,NC,R16S04g5_info1_250Hz_gu2_AEP.conn
R16E15G5,R16E15g5_info1_250Hz_gu3_AEP.conn,gu3,0.1852254901960784,0.18473137254901958,0.18754117647058824,0.18817450980392156,0.1867294117647059,0.18242352941176473,0.18480588235294118,0.1848470588235294,0.1958235294117647,0.2023235294117647,0.20320980392156862,0.2033686274509804,0.2158549019607843,0.21669411764705881,0.2268156862745098,0.2476447058823529,0.24738235294117644,0.25006588235294114,0.25383647058823533,0.2570647058823529,0.2496435294117647,0.24945529411764705,0.25150235294117645,0.2536917647058824,0.25064705882352944,0.2523294117647059,0.2562411764705882,0.26475647058823526,0.2662964705882353,0.26999999999999996,0.23719176470588227,0.23737764705882353,0.23811764705882354,0.23952470588235295,0.23917176470588233,0.23963176470588238,0.23863058823529415,0.2381482352941177,0.235604705882353,0.23166117647058826,0.23141764705882356,0.23268470588235296,0.23285529411764708,0.23062588235294124,0.2302211764705882,0.23804537815126053,0.23609327731092436,0.23461260504201684,0.23348193277310927,0.23362352941176465,0.23762100840336137,0.23602605042016805,0.23543865546218493,0.2358466386554622,0.242413025210084,0.24139327731092441,0.24099075630252095,0.24839957983193275,0.24768655462184874,0.2466928571428571,0.252921568627451,0.2540892156862745,0.2544176470588235,0.255928431372549,0.2590843137254902,0.2555421568627451,0.25405392156862744,0.25398039215686274,0.2557745098039216,0.2616,0.263428431372549,0.26596274509803924,0.2609980392156863,0.26110392156862744,0.2658656862745098,0.2193330532212885,0.22012352941176475,0.21995070028011207,0.2190929971988795,0.21851428571428572,0.22135546218487392,0.22050252100840337,0.21851988795518204,0.21747871148459383,0.2249613445378151,0.22423585434173668,0.22289075630252098,0.22614537815126048,0.22450784313725483,0.22492212885154064,Female,5,5-7,Elementary,E,NC,R16E15g5_info1_250Hz_gu2_AEP.conn
R16S14B5,R16S14b5_info1_250Hz_gu3_AEP.conn,gu3,0.26402156862745096,0.2666294117647059,0.26670196078431374,0.2683156862745098,0.27060588235294114,0.27481372549019606,0.2716372549019608,0.26478627450980396,0.27157254901960787,0.2753745098039216,0.2764078431372549,0.2772666666666667,0.2953294117647059,0.2920803921568628,0.28739999999999993,0.3177564705882353,0.31699176470588236,0.315955294117647,0.3171376470588235,0.31722235294117646,0.3255764705882353,0.3202694117647059,0.3182023529411765,0.3171058823529411,0.3122858823529412,0.31192000000000003,0.31408941176470584,0.32422,0.3243764705882354,0.31752588235294116,0.3327835294117647,0.33458705882352935,0.3338682352941177,0.3296270588235294,0.32611764705882357,0.3300670588235294,0.3277964705882353,0.3281188235294118,0.3276976470588236,0.32784,0.32813411764705885,0.32598470588235295,0.3264458823529412,0.3261176470588235,0.32509647058823526,0.376453781512605,0.37496890756302514,0.3766294117647058,0.3747890756302521,0.37448613445378154,0.3758953781512604,0.3760205882352941,0.3740344537815127,0.3742012605042016,0.37926890756302517,0.3793361344537815,0.37543403361344546,0.3839470588235295,0.3823768907563025,0.38739243697479,0.3323127450980392,0.3359245098039216,0.3375960784313725,0.337956862745098,0.3396137254901961,0.3280627450980392,0.3280392156862745,0.3258205882352941,0.3276127450980392,0.33653921568627454,0.3380254901960784,0.3368598039215686,0.32029607843137253,0.32201274509803923,0.32992843137254907,0.2846392156862746,0.2855310924369749,0.2834509803921568,0.28345742296918763,0.2848929971988796,0.28441288515406166,0.28288123249299724,0.2809112044817927,0.2805795518207283,0.29229803921568626,0.28927815126050427,0.2887434173669468,0.2915820728291316,0.29026386554621847,0.2929386554621849,Male,5,5-7,Elementary,S,NC,R16S14b5_info1_250Hz_gu2_AEP.conn
R16A06G10,R16A06g10_info1_250Hz_gu3_AEP.conn,gu3,0.3019411764705882,0.30575294117647056,0.30497843137254904,0.304578431372549,0.30411176470588236,0.30907058823529415,0.30842941176470595,0.30942549019607846,0.32241568627450984,0.32241764705882353,0.321678431372549,0.3201294117647059,0.3383980392156863,0.33812941176470585,0.3423529411764706,0.37316941176470586,0.37496588235294115,0.37546352941176475,0.37462470588235297,0.37232235294117644,0.3708823529411765,0.3708788235294117,0.37176705882352945,0.37136470588235293,0.3761364705882353,0.37643647058823526,0.37444941176470586,0.37706117647058823,0.3781741176470588,0.3889835294117647,0.3287411764705882,0.32847411764705886,0.32882588235294113,0.3296917647058824,0.3291929411764706,0.32785411764705885,0.3244270588235294,0.3262270588235293,0.33043529411764705,0.32329411764705884,0.3234917647058823,0.3251941176470588,0.30994352941176473,0.31215176470588235,0.31686588235294116,0.2917882352941176,0.29139411764705886,0.2904995798319328,0.29056470588235295,0.2909995798319328,0.2935252100840336,0.29470504201680675,0.2956218487394958,0.2959605042016807,0.29894579831932777,0.2976588235294118,0.2989088235294118,0.3065277310924369,0.3072436974789916,0.30558151260504207,0.3521764705882353,0.3515990196078431,0.3521823529411765,0.3519343137254902,0.35302254901960795,0.35234607843137256,0.35095784313725487,0.3520882352941177,0.353121568627451,0.35432254901960786,0.35504509803921563,0.35559607843137253,0.35625196078431376,0.3558745098039216,0.35246176470588236,0.27830504201680667,0.27707366946778716,0.2777436974789915,0.27926554621848737,0.27976050420168064,0.2793862745098039,0.27927647058823535,0.2785182072829131,0.27859887955182067,0.2817887955182073,0.28271428571428575,0.28335294117647053,0.28098487394957977,0.27985154061624645,0.28246554621848735,Female,10,8-12,Elementary,A,NC,R16A06g10_info1_250Hz_gu2_AEP.conn
R16E06Y08G8,R16E06y08g8_info1_250Hz_gu3_AEP.conn,gu3,0.2676372549019608,0.2673705882352941,0.2669960784313726,0.26267450980392154,0.26172941176470593,0.27288039215686277,0.27616078431372554,0.27909411764705877,0.2895921568627451,0.27641176470588236,0.2764313725490196,0.27376470588235297,0.2937450980392157,0.2950843137254902,0.2854196078431373,0.310164705882353,0.30891058823529405,0.3085188235294118,0.30384,0.3017282352941177,0.3114070588235294,0.31150941176470587,0.31175294117647057,0.3077435294117648,0.30338588235294117,0.3028117647058824,0.30112352941176473,0.3162658823529412,0.31666823529411764,0.3128611764705883,0.30097411764705884,0.30470588235294116,0.30166941176470596,0.2988835294117647,0.29581529411764707,0.2898964705882353,0.29101176470588236,0.29630823529411765,0.29695647058823527,0.2922941176470588,0.2894164705882353,0.28947999999999996,0.28229647058823526,0.28602823529411764,0.28903411764705883,0.3115344537815126,0.31165924369747905,0.31149117647058816,0.31258613445378153,0.3116781512605042,0.31184159663865546,0.31098277310924366,0.312377731092437,0.31361554621848736,0.32102605042016813,0.3201033613445378,0.32161050420168064,0.32212857142857143,0.3221340336134454,0.32600084033613447,0.3491676470588236,0.34782549019607845,0.3495235294117647,0.3482029411764705,0.3472127450980392,0.35090392156862743,0.35030392156862744,0.3454137254901961,0.34286666666666665,0.348021568627451,0.34998627450980396,0.3494176470588235,0.35318921568627454,0.3488509803921569,0.3506764705882353,0.27925714285714287,0.2805341736694678,0.2830655462184874,0.28252240896358544,0.28425770308123244,0.28387030812324926,0.2846644257703081,0.28596022408963584,0.2856759103641457,0.2885361344537815,0.29024341736694675,0.28953865546218494,0.28671876750700287,0.28805182072829133,0.28979187675070023,Female,8,8-12,Elementary,E,NC,R16E06y08g8_info1_250Hz_gu2_AEP.conn
R16S08G10,R16S08g10_info1_250Hz_gu3_AEP.conn,gu3,0.27289215686274515,0.27461568627450983,0.2756627450980392,0.2739960784313726,0.27062745098039215,0.2686176470588235,0.2688843137254902,0.2669392156862745,0.2783980392156863,0.2790333333333333,0.2797470588235294,0.278735294117647,0.2858490196078431,0.287343137254902,0.2798588235294117,0.31431411764705885,0.31684,0.3212105882352942,0.3239564705882353,0.3237141176470589,0.31065882352941177,0.3136788235294118,0.31591411764705885,0.31448588235294117,0.3119305882352941,0.31653764705882353,0.3182658823529412,0.32304823529411764,0.32619294117647063,0.31681529411764703,0.26587176470588236,0.26680352941176466,0.26688235294117646,0.26810823529411765,0.26674000000000003,0.2703305882352941,0.2723058823529412,0.27083999999999997,0.2692082352941177,0.26480235294117643,0.26617058823529416,0.26596588235294116,0.2719082352941177,0.2737376470588235,0.2734164705882353,0.31283109243697477,0.31249369747899164,0.31083949579831927,0.31034117647058823,0.3102806722689076,0.3094521008403362,0.3078126050420168,0.30513949579831934,0.3044752100840336,0.3121626050420168,0.31038109243697487,0.30948025210084035,0.31717521008403354,0.31512983193277305,0.3184189075630252,0.2958333333333333,0.29893431372549023,0.2993343137254902,0.2991019607843137,0.30053431372549017,0.29308529411764705,0.2915509803921568,0.294278431372549,0.29613333333333336,0.2948696078431372,0.29669117647058824,0.29858529411764706,0.29101470588235295,0.2944764705882353,0.2949235294117647,0.2761271708683473,0.27800420168067225,0.27893669467787113,0.27939887955182074,0.2803081232492997,0.275919887955182,0.2760865546218487,0.27676974789915965,0.2767526610644258,0.27859019607843144,0.2787408963585434,0.2800876750700281,0.2788512605042016,0.2801817927170869,0.27771680672268895,Female,10,8-12,Elementary,S,NC,R16S08g10_info1_250Hz_gu2_AEP.conn
R16S23G8,R16S23g8_info1_250Hz_gu3_AEP.conn,gu3,0.2728549019607844,0.2726686274509804,0.27409803921568626,0.2729941176470588,0.2710450980392157,0.2784176470588235,0.2793313725490196,0.2802901960784314,0.2938137254901961,0.28574901960784316,0.2872156862745098,0.2879039215686275,0.3072,0.30792156862745096,0.30262941176470587,0.3306411764705882,0.3334329411764706,0.33365176470588237,0.3343023529411765,0.33345764705882347,0.3327,0.3347823529411765,0.33566823529411766,0.3351058823529412,0.33126,0.33040705882352944,0.3286470588235294,0.34124235294117644,0.3400270588235294,0.34141529411764704,0.3117364705882352,0.31166470588235295,0.30952,0.3070847058823529,0.30785294117647055,0.31786705882352934,0.3169576470588235,0.31404823529411763,0.3112152941176471,0.31463882352941175,0.3133270588235294,0.3095035294117647,0.3193494117647059,0.31435647058823524,0.3198070588235294,0.34747058823529414,0.3478189075630252,0.3460210084033614,0.3441079831932773,0.3445764705882354,0.343522268907563,0.34353991596638656,0.3441470588235293,0.34511512605042016,0.3537718487394958,0.3533588235294118,0.34923151260504204,0.3590676470588235,0.3589785714285715,0.35883991596638654,0.3076137254901961,0.30725196078431377,0.3068431372549019,0.30818823529411765,0.3106950980392157,0.30948921568627447,0.30688823529411763,0.3063166666666667,0.30594607843137256,0.3156254901960784,0.31285686274509805,0.31354215686274506,0.31426470588235295,0.31246274509803923,0.3137764705882353,0.2921691876750701,0.29253165266106446,0.29162240896358543,0.29204145658263303,0.29260980392156866,0.2912750700280111,0.2900243697478992,0.29083809523809523,0.29174621848739496,0.29614257703081226,0.29397731092436985,0.293527731092437,0.28929019607843137,0.2898546218487395,0.2892224089635855,Female,8,8-12,Elementary,S,NC,R16S23g8_info1_250Hz_gu2_AEP.conn
R16A03G07,R16A03g07_info1_250Hz_gu3_AEP.conn,gu3,0.202778431372549,0.19950196078431373,0.19755686274509807,0.1959666666666667,0.1943647058823529,0.2052666666666667,0.20092941176470588,0.1953980392156863,0.20841568627450982,0.21760784313725487,0.21653921568627452,0.21291372549019605,0.23177254901960784,0.22930392156862744,0.23615098039215687,0.2827564705882353,0.2831164705882353,0.2826105882352941,0.27861647058823524,0.2772211764705882,0.2761741176470588,0.27392,0.2695694117647059,0.26638823529411765,0.27764941176470587,0.2776164705882353,0.27220000000000005,0.28188352941176464,0.2776929411764706,0.28640588235294123,0.2358847058823529,0.2355670588235294,0.23326941176470584,0.2313364705882353,0.23271176470588237,0.22399529411764701,0.22710588235294119,0.2270235294117647,0.2266505882352941,0.23054941176470592,0.22961882352941174,0.22743176470588233,0.22769294117647054,0.22737764705882352,0.2251529411764706,0.22564411764705886,0.22751848739495803,0.2278571428571429,0.22742310924369755,0.22882100840336134,0.22779789915966386,0.22875714285714285,0.22928907563025205,0.22672226890756297,0.23297689075630254,0.2322151260504202,0.2315768907563025,0.2425046218487395,0.24224873949579825,0.24001848739495799,0.2329921568627451,0.23516960784313726,0.23697549019607844,0.23565000000000003,0.2352911764705882,0.23705098039215688,0.23781470588235296,0.23900000000000002,0.2380313725490196,0.24249607843137252,0.2452970588235294,0.24346568627450982,0.24409999999999998,0.24281764705882355,0.24538725490196078,0.20999467787114842,0.21186974789915972,0.2142019607843137,0.2144694677871149,0.21360868347338935,0.21000728291316526,0.2103016806722689,0.2104005602240896,0.21033193277310924,0.21583781512605046,0.21668123249299723,0.21619411764705881,0.21533865546218484,0.21566470588235295,0.21556722689075633,Female,7,5-7,Elementary,A,NC,R16A03g07_info1_250Hz_gu2_AEP.conn
R16S13B9,R16S13b9_info1_250Hz_gu3_AEP.conn,gu3,0.2682941176470588,0.26876078431372546,0.2671843137254902,0.26735294117647057,0.2679607843137255,0.27053529411764704,0.26663333333333333,0.2628823529411765,0.27075098039215684,0.28391960784313724,0.28151568627450985,0.2818568627450981,0.2945235294117647,0.2890019607843137,0.2944686274509804,0.32644,0.3280423529411765,0.32678117647058824,0.3258835294117647,0.3270882352941176,0.3260105882352941,0.3254270588235294,0.3236,0.32237529411764704,0.3234588235294118,0.3225105882352941,0.3205223529411765,0.3312541176470588,0.32848,0.32952117647058826,0.31227058823529413,0.3130882352941176,0.3137129411764706,0.3141894117647059,0.31498588235294117,0.31442941176470585,0.31388235294117645,0.3141247058823529,0.3147176470588235,0.3163741176470588,0.31718352941176475,0.3160505882352941,0.3154623529411765,0.3147094117647059,0.3210541176470588,0.3090743697478992,0.3111680672268907,0.30933235294117656,0.30763529411764706,0.30917100840336137,0.3078008403361345,0.3095978991596639,0.30991932773109243,0.3103600840336134,0.3173088235294118,0.3171970588235294,0.3176050420168067,0.3251621848739496,0.3244865546218488,0.32173865546218483,0.2917058823529412,0.2938441176470588,0.2935598039215686,0.2890843137254902,0.28357941176470586,0.2848147058823529,0.28667254901960787,0.28502058823529414,0.2843725490196078,0.29863627450980385,0.2981950980392157,0.2939333333333334,0.29456666666666664,0.29461764705882354,0.29415882352941175,0.27151540616246506,0.2720943977591037,0.27221624649859943,0.2721330532212885,0.2715616246498599,0.2695005602240897,0.2683170868347339,0.2682619047619048,0.268366106442577,0.275641456582633,0.2752960784313726,0.27540588235294117,0.2761764705882353,0.27590532212885155,0.27506694677871146,Male,9,8-12,Elementary,S,NC,R16S13b9_info1_250Hz_gu2_AEP.conn
R16BF06G8,R16BF06g8_info1_250Hz_gu3_AEP.conn,gu3,0.34079215686274505,0.34622156862745096,0.34839411764705885,0.3470490196078431,0.3475509803921568,0.3477372549019608,0.34791960784313725,0.34794117647058825,0.368421568627451,0.3631490196078431,0.36630980392156864,0.3652980392156862,0.372721568627451,0.37168431372549016,0.3757764705882353,0.4152482352941176,0.41576941176470583,0.4162105882352941,0.41701764705882355,0.41728000000000004,0.4141470588235294,0.41704823529411766,0.4165094117647059,0.4161764705882353,0.4183823529411764,0.4182047058823529,0.4188458823529412,0.4288564705882353,0.4277764705882353,0.42354352941176476,0.35966470588235294,0.35775529411764706,0.3569211764705882,0.3574329411764706,0.35776588235294116,0.35937294117647056,0.36016705882352945,0.36044,0.36098117647058825,0.3556494117647059,0.35559882352941174,0.35636705882352937,0.3621894117647059,0.36197764705882357,0.3594035294117647,0.3543579831932773,0.35448151260504207,0.3547659663865546,0.35609873949579823,0.3554533613445379,0.35130210084033614,0.35206092436974795,0.35357394957983196,0.3537882352941177,0.35871176470588234,0.35898151260504196,0.3598071428571429,0.364986974789916,0.3666432773109243,0.3648567226890756,0.3641254901960784,0.364143137254902,0.36342156862745095,0.3644,0.36672254901960794,0.3621862745098039,0.3627970588235294,0.36408529411764706,0.3644039215686274,0.37022941176470586,0.36817647058823527,0.3668392156862745,0.3601970588235295,0.36201666666666665,0.3569313725490196,0.334847619047619,0.33348963585434177,0.33210868347338934,0.33196078431372555,0.33284845938375346,0.3344966386554622,0.3342700280112045,0.33406806722689075,0.3356095238095238,0.3383812324929972,0.33572745098039214,0.3354392156862745,0.3383599439775911,0.3374114845938375,0.33902268907563027,Female,8,8-12,Elementary,S,NC,R16BF06g8_info1_250Hz_gu2_AEP.conn
R16A07B12,R16A07b12_info1_250Hz_gu3_AEP.conn,gu3,0.30102745098039213,0.29853529411764707,0.2985196078431373,0.30833137254901966,0.30267254901960783,0.2917607843137255,0.2906607843137255,0.2961254901960784,0.30591764705882357,0.2971803921568627,0.2989960784313726,0.3082098039215686,0.30916666666666665,0.31181568627450984,0.30699019607843137,0.35070941176470594,0.3501152941176471,0.3499576470588236,0.3516717647058824,0.3492988235294118,0.3592694117647059,0.35436235294117646,0.35009058823529415,0.3488247058823529,0.35202,0.35219647058823533,0.35428000000000004,0.3659047058823529,0.3639776470588235,0.363,0.32711764705882357,0.32730470588235294,0.32414705882352934,0.32131176470588235,0.3210964705882353,0.31897176470588234,0.3162164705882353,0.31667764705882356,0.3237811764705882,0.32087294117647064,0.3216647058823529,0.3217564705882353,0.3143388235294117,0.3159811764705882,0.3176941176470588,0.34935546218487395,0.34638571428571424,0.3490214285714286,0.3492865546218487,0.3485596638655461,0.3496516806722689,0.3479180672268908,0.34886092436974797,0.34843067226890756,0.3533226890756302,0.35600756302521,0.3563306722689075,0.36545924369747906,0.3663542016806723,0.36482436974789917,0.341763725490196,0.3357117647058823,0.3339470588235294,0.3353303921568627,0.33566078431372554,0.34432352941176475,0.34134117647058826,0.33484901960784313,0.3349107843137254,0.34371960784313726,0.343856862745098,0.3445960784313726,0.35070686274509805,0.34639117647058826,0.3462676470588235,0.29084033613445376,0.2884173669467787,0.2861422969187674,0.2843165266106443,0.28268795518207285,0.28494173669467787,0.2852574229691876,0.2856266106442577,0.2864728291316527,0.29151176470588236,0.28955882352941176,0.28806778711484593,0.2912408963585434,0.29362492997198875,0.2906806722689076,Male,12,8-12,Secondary,A,NC,R16A07b12_info1_250Hz_gu2_AEP.conn
R16E01Y10G,R16E01y10g_info1_250Hz_gu3_AEP.conn,gu3,0.31445882352941174,0.3143294117647059,0.31493137254901965,0.3141705882352941,0.3172862745098039,0.3135764705882353,0.3149196078431373,0.3154,0.3204549019607843,0.3210470588235294,0.3184098039215686,0.31908823529411756,0.34042549019607843,0.33959803921568626,0.3282196078431373,0.34034235294117643,0.3417776470588235,0.3370658823529412,0.33914352941176473,0.34208470588235296,0.34492352941176474,0.3397082352941177,0.3367129411764706,0.33749411764705883,0.33479647058823525,0.3283082352941176,0.33275176470588236,0.3464141176470589,0.34488588235294115,0.33798117647058823,0.2844729411764706,0.28434470588235294,0.2834035294117647,0.28184,0.283864705882353,0.28823529411764703,0.28785882352941183,0.28500000000000003,0.27946823529411763,0.27831294117647054,0.27791058823529413,0.277275294117647,0.27812470588235294,0.27735176470588235,0.2773835294117647,0.29253361344537815,0.29259957983193274,0.2929306722689076,0.2913941176470588,0.2932004201680672,0.2952058823529412,0.2970042016806723,0.2944067226890756,0.29316344537815126,0.30032815126050416,0.30044957983193277,0.3009436974789916,0.3113172268907563,0.30880966386554626,0.31015378151260503,0.3123215686274509,0.3124764705882353,0.313228431372549,0.31315882352941177,0.31158431372549017,0.31462058823529415,0.31490490196078436,0.31440980392156864,0.3130529411764706,0.31292745098039215,0.3136323529411765,0.31433137254901955,0.31475294117647057,0.31559019607843136,0.31241372549019614,0.2882549019607843,0.28879243697478996,0.28859131652661063,0.2899778711484594,0.2889050420168067,0.2879733893557423,0.288350700280112,0.2879414565826331,0.2883904761904761,0.2934285714285715,0.2924647058823529,0.29309075630252107,0.29188263305322126,0.29082605042016807,0.29329691876750696,Female,10,8-12,Elementary,E,NC,R16E01y10g_info1_250Hz_gu2_AEP.conn
R16X01S_G10,R16x01S_g10_info1_250Hz_gu3_AEP.conn,gu3,0.24488627450980394,0.24077254901960785,0.23382745098039215,0.23039607843137255,0.22817058823529413,0.23911372549019613,0.24077647058823526,0.24027647058823534,0.25237647058823526,0.2540352941176471,0.24760196078431373,0.24570784313725488,0.2719352941176471,0.26860392156862745,0.2631235294117647,0.27152,0.27116588235294115,0.2692141176470588,0.2702235294117647,0.27257411764705886,0.2716329411764706,0.2684811764705882,0.26897411764705886,0.2675776470588235,0.2744505882352941,0.2732423529411765,0.27427058823529415,0.2798011764705882,0.28086470588235296,0.2817200000000001,0.2515447058823529,0.2529529411764706,0.2533505882352941,0.2521905882352941,0.2514752941176471,0.25698117647058827,0.2587976470588235,0.25921294117647065,0.2558011764705882,0.24717764705882353,0.2478929411764706,0.2480941176470588,0.2551482352941176,0.2575270588235294,0.24805294117647056,0.288231512605042,0.28818739495798323,0.28893781512605043,0.2894651260504202,0.2893100840336134,0.28875210084033615,0.2897420168067227,0.2914033613445378,0.29035672268907564,0.2949201680672268,0.29644159663865555,0.2971441176470589,0.30381638655462184,0.3067802521008403,0.3043815126050419,0.2634470588235294,0.26460588235294114,0.26832156862745093,0.26749019607843133,0.2625960784313725,0.2594911764705882,0.2591676470588235,0.258893137254902,0.26002450980392156,0.2665058823529412,0.2695264705882353,0.2687029411764706,0.2607029411764706,0.26159607843137256,0.2671019607843137,0.27400588235294115,0.27321484593837536,0.27117731092436975,0.27108739495798323,0.27127983193277316,0.27169971988795516,0.27335378151260514,0.2737689075630253,0.27403697478991595,0.2781512605042017,0.2762871148459384,0.27718235294117644,0.2798173669467787,0.28067759103641454,0.2791417366946778,Female,10,8-12,Elementary,S,NC,R16x01S_g10_info1_250Hz_gu2_AEP.conn
R16E02Y06B,R16E02y06b_info1_250Hz_gu3_AEP.conn,gu3,0.41519019607843144,0.41272156862745096,0.4131,0.4142470588235294,0.41456078431372556,0.41893725490196076,0.41968235294117645,0.4194058823529412,0.42885294117647055,0.43037254901960775,0.4295274509803922,0.4298176470588235,0.44526274509803915,0.443,0.44002941176470584,0.4499658823529412,0.4466705882352941,0.4469670588235294,0.4490141176470589,0.44872000000000006,0.4587035294117647,0.4544635294117647,0.44818588235294116,0.44719058823529406,0.45437176470588236,0.45177999999999996,0.450955294117647,0.45960470588235297,0.45262352941176476,0.4619011764705882,0.44981529411764704,0.45021411764705893,0.45048941176470586,0.4526823529411764,0.45549058823529415,0.44859647058823526,0.4493764705882353,0.45159764705882355,0.45164705882352935,0.44854470588235296,0.44738,0.44824705882352944,0.44113529411764707,0.44150470588235297,0.44718,0.4246710084033614,0.42324957983193284,0.4232953781512605,0.42184369747899153,0.4217163865546218,0.4255668067226891,0.42656260504201676,0.4237525210084033,0.42430798319327734,0.428936974789916,0.4291815126050421,0.42484411764705887,0.4319155462184874,0.43096386554621846,0.43416134453781513,0.4417117647058823,0.4411421568627451,0.4392901960784314,0.4372941176470588,0.43570098039215693,0.4386872549019607,0.44064803921568624,0.43429803921568627,0.4329421568627451,0.4408627450980392,0.436721568627451,0.43415686274509807,0.4282147058823529,0.42664215686274515,0.4360362745098039,0.4019652661064425,0.4034719887955182,0.40558739495798324,0.40569691876750696,0.4052434173669467,0.40640728291316525,0.4083974789915966,0.4088467787114846,0.40929243697479006,0.4070417366946778,0.4069117647058824,0.4075361344537815,0.40906778711484587,0.4100462184873949,0.4127663865546217,Female,6,5-7,Elementary,E,NC,R16E02y06b_info1_250Hz_gu2_AEP.conn
R16E14B10,R16E14b10_info1_250Hz_gu3_AEP.conn,gu3,0.20040196078431372,0.20062352941176467,0.2027137254901961,0.2006921568627451,0.20114117647058824,0.1975058823529412,0.19946666666666668,0.20197254901960782,0.2198,0.21777647058823527,0.22005882352941178,0.21940392156862745,0.2379549019607843,0.240521568627451,0.2378176470588235,0.2830576470588235,0.2843211764705882,0.28531882352941174,0.28484117647058826,0.2834376470588235,0.28080470588235296,0.2847811764705882,0.2856752941176471,0.2835564705882353,0.2855305882352941,0.2867164705882353,0.28567411764705886,0.2984352941176471,0.30018941176470587,0.296655294117647,0.29757647058823533,0.29805764705882354,0.2987811764705882,0.29748352941176465,0.2979352941176471,0.29709294117647056,0.29918705882352936,0.29813764705882345,0.29675529411764706,0.2982917647058823,0.30083176470588235,0.29981411764705884,0.3019447058823529,0.30243882352941176,0.30444941176470586,0.28176134453781515,0.28204411764705883,0.28156302521008403,0.2815424369747899,0.28210252100840333,0.28045714285714285,0.28020966386554624,0.27982016806722687,0.28047857142857147,0.289896218487395,0.28991722689075633,0.28963697478991596,0.29476470588235293,0.2953327731092437,0.2962390756302521,0.26338823529411765,0.26458137254901964,0.2649794117647059,0.2654019607843137,0.26685980392156866,0.26089705882352937,0.2597450980392157,0.25832058823529414,0.26051176470588233,0.26568235294117654,0.2653196078431372,0.26490490196078437,0.2628411764705883,0.2606892156862745,0.26840588235294116,0.21063781512605045,0.21152240896358543,0.2130478991596639,0.21310840336134457,0.21265574229691878,0.21152072829131646,0.21169411764705887,0.2122879551820728,0.21229327731092437,0.21672969187675073,0.21723249299719888,0.21753697478991604,0.21777955182072833,0.2182056022408963,0.21944369747899162,Male,10,8-12,Elementary,E,NC,R16E14b10_info1_250Hz_gu2_AEP.conn
R16E11B5,R16E11b5_info1_250Hz_gu3_AEP.conn,gu3,0.2710843137254902,0.27069607843137256,0.27164901960784316,0.27296862745098033,0.27316862745098036,0.27176862745098035,0.2739980392156863,0.277121568627451,0.29318627450980395,0.2848392156862745,0.28210392156862746,0.28280392156862744,0.3026274509803922,0.3049705882352941,0.30173529411764705,0.31008470588235293,0.3071070588235294,0.3080188235294118,0.308855294117647,0.31060235294117644,0.3083388235294117,0.3070858823529412,0.30815411764705886,0.3075623529411765,0.3088411764705882,0.30701647058823534,0.30627058823529413,0.31878235294117646,0.31889411764705883,0.3187882352941176,0.29444588235294117,0.29674235294117646,0.29544,0.29337882352941175,0.2926517647058824,0.29712588235294113,0.2943894117647059,0.29237058823529416,0.2920317647058824,0.3008552941176471,0.29886235294117647,0.29641529411764705,0.2968235294117647,0.29536588235294114,0.3029647058823529,0.2977575630252101,0.29790168067226885,0.29942436974789916,0.30167521008403364,0.30335,0.301803781512605,0.30097100840336133,0.30116638655462186,0.3017357142857143,0.30473235294117657,0.30481638655462184,0.306990756302521,0.3135050420168067,0.31325840336134453,0.3111760504201681,0.28962647058823526,0.2885950980392157,0.2908960784313726,0.293071568627451,0.29553725490196076,0.2919088235294118,0.2911686274509804,0.2937754901960784,0.2956549019607843,0.2980774509803921,0.29976470588235293,0.30125882352941175,0.3016137254901961,0.3027549019607843,0.30383627450980394,0.261040056022409,0.2612417366946779,0.259556862745098,0.2602140056022409,0.258815406162465,0.25942184873949575,0.25930084033613443,0.25960896358543417,0.25972240896358545,0.26733641456582624,0.26640140056022416,0.26640280112044823,0.267698319327731,0.2673823529411765,0.26841204481792724,Male,5,5-7,Elementary,E,NC,R16E11b5_info1_250Hz_gu2_AEP.conn
R16BF01B10,R16BF01b10_info1_250Hz_gu3_AEP.conn,gu3,0.2703686274509804,0.27336274509803915,0.27452352941176467,0.2746156862745098,0.2747705882352941,0.2719960784313726,0.2712450980392157,0.2704235294117647,0.27715098039215685,0.2837921568627451,0.2843627450980392,0.2829490196078432,0.2940490196078432,0.29161176470588235,0.29588235294117643,0.31825411764705885,0.32251411764705884,0.32638823529411765,0.32912117647058825,0.32926470588235296,0.31907294117647056,0.3198811764705883,0.32771882352941173,0.3274141176470588,0.32125176470588235,0.3264317647058824,0.32762823529411766,0.32639529411764706,0.33330705882352946,0.3374964705882353,0.3077235294117647,0.3084847058823529,0.31215999999999994,0.31558705882352944,0.3165694117647059,0.31491058823529416,0.3142670588235294,0.31686000000000003,0.3131658823529412,0.30781882352941176,0.3106635294117647,0.3139141176470588,0.3137858823529412,0.31413411764705884,0.31973882352941185,0.3514840336134454,0.35065672268907566,0.35014579831932763,0.35059033613445384,0.353509243697479,0.3489298319327731,0.34408403361344536,0.34531596638655465,0.3469147058823529,0.3545588235294117,0.35331722689075623,0.35474663865546224,0.35800672268907563,0.3598294117647058,0.3596789915966387,0.355371568627451,0.3536950980392157,0.35515,0.3559735294117647,0.3568803921568628,0.3358862745098039,0.33732156862745105,0.3435558823529412,0.34643137254901957,0.35434901960784315,0.3559529411764706,0.35618333333333335,0.34065588235294114,0.3453098039215687,0.3492205882352941,0.2844787114845938,0.28560504201680675,0.2887666666666667,0.28793249299719886,0.2881145658263306,0.2778,0.28091876750700284,0.2826686274509804,0.28288543417366946,0.28850056022408965,0.29346022408963585,0.29294705882352934,0.2898689075630252,0.2902210084033613,0.29625826330532207,Male,10,8-12,Elementary,S,NC,R16BF01b10_info1_250Hz_gu2_AEP.conn
R16S12G8,R16S12g8_info1_250Hz_gu3_AEP.conn,gu3,0.29382156862745096,0.2898117647058823,0.2894470588235294,0.29432745098039215,0.29732745098039215,0.3000803921568627,0.2977058823529412,0.3000607843137255,0.31115490196078427,0.303156862745098,0.3040823529411764,0.3072450980392157,0.3263803921568627,0.3283980392156862,0.32435294117647057,0.3518470588235294,0.35355294117647057,0.35409647058823535,0.3495917647058824,0.3487835294117647,0.3563035294117648,0.35592823529411766,0.35457294117647054,0.35402352941176474,0.3517705882352941,0.3534329411764706,0.3494258823529412,0.36331882352941175,0.36252235294117646,0.36152588235294114,0.3018882352941177,0.30372470588235295,0.3017329411764706,0.29628235294117644,0.29223058823529413,0.29456,0.2960941176470588,0.29321058823529406,0.2911941176470588,0.3015788235294118,0.3015835294117647,0.29519411764705883,0.296704705882353,0.2937,0.3021917647058824,0.34322184873949585,0.3425873949579832,0.3432693277310924,0.3436521008403361,0.3441168067226891,0.34431596638655465,0.34549705882352943,0.3461936974789916,0.3468310924369748,0.35139873949579836,0.352276050420168,0.3506957983193278,0.35602394957983197,0.3553521008403361,0.3548600840336134,0.3131656862745098,0.31358039215686273,0.31124411764705884,0.3116362745098039,0.31140784313725495,0.31292549019607846,0.3096490196078432,0.30851078431372553,0.3087754901960784,0.31950098039215685,0.3168950980392156,0.31760294117647053,0.31925882352941176,0.3187754901960784,0.31919901960784314,0.24116610644257705,0.2405789915966387,0.2402182072829131,0.24073137254901966,0.2416347338935574,0.2400949579831933,0.23919915966386554,0.23901876750700288,0.24042549019607845,0.24905602240896357,0.2482787114845939,0.24886078431372552,0.2510313725490196,0.25139327731092437,0.2515756302521008,Female,8,8-12,Elementary,S,NC,R16S12g8_info1_250Hz_gu2_AEP.conn
R16S15B10,R16S15b10_info1_250Hz_gu3_AEP.conn,gu3,0.21349607843137255,0.20797647058823532,0.2057921568627451,0.20674117647058823,0.20857450980392156,0.21016470588235295,0.2115176470588235,0.21022549019607842,0.2241470588235294,0.22244509803921572,0.2220745098039216,0.2235705882352941,0.24187843137254897,0.24266274509803923,0.23754509803921567,0.2706517647058823,0.27177647058823534,0.27398235294117645,0.2749564705882353,0.2729741176470588,0.2792811764705882,0.2782717647058824,0.27684588235294116,0.27483058823529416,0.2752588235294118,0.2765611764705882,0.2765117647058823,0.29387294117647056,0.2919376470588236,0.29134352941176467,0.25973529411764706,0.26208,0.2622223529411765,0.2654858823529412,0.2651529411764706,0.25960941176470587,0.2588435294117647,0.2595588235294118,0.25970235294117644,0.25936,0.2588576470588235,0.26131882352941177,0.26225176470588235,0.26305411764705877,0.25984705882352943,0.29289495798319326,0.2936449579831933,0.2928470588235294,0.291203781512605,0.29068067226890765,0.2957987394957984,0.29408697478991597,0.29147268907563023,0.29161218487394963,0.30285588235294114,0.3023672268907563,0.30137268907563025,0.30779873949579833,0.30626932773109244,0.31160756302521003,0.2911460784313726,0.2884107843137255,0.2854450980392157,0.2823549019607843,0.28348627450980396,0.2866696078431372,0.28523823529411757,0.2839313725490196,0.2830431372549019,0.2945735294117647,0.29275392156862745,0.29057745098039217,0.2918088235294118,0.2904186274509804,0.29273823529411763,0.20080784313725492,0.201190756302521,0.19951568627450977,0.19829159663865548,0.1978358543417367,0.2034473389355742,0.20336498599439773,0.20114761904761905,0.19946162464985995,0.20471372549019606,0.20462380952380949,0.20455742296918766,0.2072162464985995,0.2056607843137255,0.20523081232493,Male,10,8-12,Elementary,S,NC,R16S15b10_info1_250Hz_gu2_AEP.conn
R16E12B9,R16E12b9_info1_250Hz_gu3_AEP.conn,gu3,0.3354176470588235,0.33045294117647056,0.32302156862745096,0.3240196078431372,0.32973529411764707,0.3319254901960784,0.333543137254902,0.3310098039215687,0.34179999999999994,0.33807058823529407,0.32851372549019603,0.32804901960784316,0.3539372549019608,0.3497411764705882,0.3430803921568628,0.3451835294117647,0.33817882352941175,0.33420941176470587,0.333,0.3343835294117647,0.34862705882352946,0.3464823529411764,0.3378435294117647,0.3355611764705882,0.3323223529411765,0.3330952941176471,0.3328611764705882,0.3494647058823529,0.3433482352941176,0.3487717647058824,0.31983882352941173,0.32062,0.3255835294117647,0.32126705882352946,0.32120823529411763,0.31335999999999997,0.3165435294117648,0.31841882352941175,0.3152976470588235,0.31368705882352943,0.31819882352941176,0.31189764705882356,0.3124305882352941,0.3134329411764706,0.31084117647058823,0.3220495798319328,0.3242651260504202,0.32128235294117646,0.3192516806722689,0.3180155462184874,0.32092689075630254,0.31861596638655465,0.314236974789916,0.31073949579831944,0.3298928571428572,0.3260941176470588,0.324455462184874,0.33142941176470586,0.32736050420168067,0.3303957983193277,0.3700813725490197,0.3694009803921569,0.3645794117647059,0.3670813725490196,0.3682686274509804,0.3679205882352941,0.3649392156862745,0.36337450980392155,0.3655490196078432,0.3751029411764706,0.3729313725490196,0.3782088235294117,0.37169509803921574,0.36847843137254904,0.3751990196078432,0.2952871148459384,0.2950593837535013,0.2956232492997198,0.29818907563025204,0.299327731092437,0.29892941176470594,0.2984700280112045,0.3003025210084034,0.3021697478991597,0.30024257703081236,0.3011075630252101,0.30450336134453787,0.3025221288515406,0.30434677871148463,0.30328935574229693,Male,9,8-12,Elementary,E,NC,R16E12b9_info1_250Hz_gu2_AEP.conn
R16E05G10,R16E05g10_info1_250Hz_gu3_AEP.conn,gu3,0.23174901960784314,0.23069019607843136,0.23530784313725492,0.23704313725490192,0.23978627450980394,0.23427647058823528,0.2340764705882353,0.23744901960784315,0.25229215686274514,0.24828823529411767,0.25042549019607846,0.25104313725490196,0.2720627450980391,0.2730019607843137,0.27528235294117653,0.2812541176470589,0.2831482352941176,0.2859129411764706,0.28612470588235295,0.28571411764705884,0.2814541176470588,0.28364352941176474,0.28379999999999994,0.2869788235294118,0.2764094117647059,0.2802858823529412,0.28188941176470583,0.2907882352941177,0.29112470588235295,0.28988823529411767,0.23318470588235293,0.2298764705882353,0.22827764705882353,0.2311752941176471,0.23267058823529413,0.22645764705882354,0.22758000000000003,0.23187529411764704,0.2371952941176471,0.22304235294117647,0.22289529411764705,0.2260705882352941,0.22142,0.22649882352941178,0.22202941176470592,0.26313865546218496,0.2609281512605042,0.2598306722689075,0.260440756302521,0.2616714285714285,0.26420126050420173,0.26388739495798325,0.2621584033613445,0.2618348739495799,0.2685331932773109,0.26785462184873954,0.26827184873949583,0.27643697478991597,0.2771453781512605,0.274863025210084,0.2884362745098039,0.28736666666666666,0.2896705882352941,0.28866862745098043,0.2887980392156863,0.28846764705882355,0.2944323529411765,0.29289901960784315,0.2920980392156863,0.2873127450980392,0.2886519607843137,0.28767156862745097,0.2967166666666667,0.29746078431372547,0.29010980392156865,0.2401375350140056,0.24125070028011203,0.2422910364145658,0.24318263305322127,0.24226022408963582,0.245004761904762,0.24632745098039216,0.2453266106442577,0.24483977591036415,0.24783529411764707,0.24823137254901967,0.2489299719887955,0.2538327731092437,0.25277058823529414,0.2511960784313725,Female,10,8-12,Elementary,E,NC,R16E05g10_info1_250Hz_gu2_AEP.conn
R16S11B10,R16S11b10_info1_250Hz_gu3_AEP.conn,gu3,0.22703529411764709,0.22977647058823533,0.23164313725490202,0.22990588235294118,0.22836470588235294,0.22709215686274511,0.2315980392156863,0.23729999999999998,0.2540941176470588,0.24623529411764708,0.24662745098039215,0.24698235294117646,0.2723588235294117,0.272756862745098,0.264856862745098,0.2801929411764706,0.2809082352941176,0.28239647058823525,0.28604117647058824,0.28653764705882356,0.27812823529411757,0.2782435294117647,0.2819117647058823,0.2843541176470588,0.27812588235294117,0.28090705882352945,0.2869623529411765,0.29332588235294116,0.2962282352941176,0.2945611764705882,0.25749764705882355,0.2555870588235295,0.2588729411764706,0.25769999999999993,0.2596505882352941,0.25462705882352943,0.25492117647058826,0.25724705882352944,0.2616611764705882,0.2611964705882353,0.26166352941176474,0.26088470588235296,0.25287058823529407,0.2552870588235294,0.2618458823529412,0.29221218487394957,0.2902785714285714,0.2905575630252101,0.2906785714285714,0.2908285714285714,0.28891512605042013,0.2863609243697479,0.287764705882353,0.28904957983193275,0.30009243697478993,0.3005285714285714,0.2994386554621849,0.30138025210084035,0.3019781512605042,0.30363487394957983,0.2848921568627451,0.2816401960784314,0.28011274509803924,0.2779764705882353,0.2755764705882353,0.289456862745098,0.28489313725490195,0.28198823529411765,0.2821352941176471,0.2887725490196078,0.2863274509803922,0.28327450980392155,0.29003235294117646,0.2869049019607843,0.28859705882352943,0.24977843137254904,0.2517963585434173,0.25056190476190476,0.2497218487394958,0.24818347338935579,0.25007030812324926,0.25159887955182075,0.25197619047619046,0.2496663865546219,0.2555565826330532,0.25610252100840336,0.2547714285714286,0.2554675070028011,0.2559394957983193,0.2572649859943977,Male,10,8-12,Elementary,S,NC,R16S11b10_info1_250Hz_gu2_AEP.conn
R16S19B10,R16S19b10_info1_250Hz_gu3_AEP.conn,gu3,0.29974117647058823,0.29772549019607847,0.29842352941176475,0.29700784313725487,0.29851176470588237,0.29679215686274507,0.3004313725490196,0.3004372549019607,0.3090647058823529,0.3041450980392157,0.3066039215686274,0.3055803921568628,0.32408039215686274,0.3251019607843137,0.3210470588235294,0.32014823529411757,0.3213988235294118,0.3192270588235294,0.3134976470588235,0.3111811764705882,0.31809764705882354,0.3185576470588235,0.3171435294117647,0.3148729411764705,0.3275517647058824,0.32787411764705887,0.3244576470588235,0.3333317647058824,0.3325764705882353,0.33853176470588237,0.3437094117647058,0.34724588235294107,0.35033529411764697,0.35095647058823537,0.3500564705882353,0.3524694117647059,0.35525529411764706,0.35689176470588235,0.3556776470588235,0.35349294117647057,0.35817882352941177,0.3605247058823529,0.35333764705882353,0.3554541176470588,0.35830470588235286,0.38148067226890764,0.37956428571428563,0.37910714285714286,0.37971890756302523,0.3799289915966387,0.38423865546218483,0.3840588235294118,0.3844109243697479,0.3849672268907563,0.38662563025210084,0.38669789915966385,0.3875794117647059,0.3988579831932774,0.3986310924369748,0.397746218487395,0.38120588235294117,0.38292745098039216,0.3853235294117647,0.3868745098039215,0.38734019607843134,0.3825166666666666,0.38186470588235294,0.38331764705882354,0.38550490196078435,0.38195784313725495,0.38472352941176474,0.38634509803921563,0.3801833333333333,0.3814470588235294,0.3839882352941177,0.3031100840336134,0.3022935574229692,0.30247282913165274,0.30387619047619036,0.3051490196078432,0.305096918767507,0.304375350140056,0.3041862745098039,0.3050204481792717,0.30833781512605046,0.30946638655462183,0.31044061624649855,0.30996386554621846,0.31047338935574226,0.31364341736694673,Male,10,8-12,Elementary,S,NC,R16S19b10_info1_250Hz_gu2_AEP.conn
R16S18G10,R16S18g10_info1_250Hz_gu3_AEP.conn,gu3,0.2578098039215686,0.2595392156862745,0.25978235294117646,0.2616568627450981,0.2638803921568627,0.27019803921568625,0.2706392156862745,0.2702333333333333,0.2870294117647059,0.2812529411764706,0.2797882352941176,0.28077843137254904,0.30774117647058824,0.3056980392156862,0.3022450980392157,0.3304776470588236,0.32893882352941173,0.32843176470588237,0.3273882352941177,0.3276894117647059,0.3347458823529412,0.3347164705882354,0.3376964705882353,0.33547529411764704,0.33140117647058825,0.32932941176470587,0.3279388235294117,0.3457082352941176,0.3481388235294117,0.3430941176470588,0.2899447058823529,0.2885505882352941,0.28819882352941184,0.2858494117647059,0.28478588235294117,0.28744,0.2844929411764706,0.28576117647058824,0.28692823529411765,0.2871635294117647,0.2859964705882353,0.2837129411764706,0.28283882352941175,0.28343411764705884,0.28623529411764703,0.3096941176470588,0.3115949579831933,0.3119995798319327,0.3105974789915967,0.30968487394957983,0.31525168067226883,0.3158436974789916,0.3145336134453781,0.3141298319327731,0.3180823529411764,0.3178798319327731,0.3167659663865546,0.3272126050420168,0.32706134453781516,0.32633991596638656,0.2826519607843137,0.2806137254901961,0.28082843137254904,0.28105490196078436,0.28290196078431373,0.27995588235294117,0.27886764705882355,0.2808950980392157,0.2839186274509804,0.2871205882352941,0.2867607843137255,0.2869549019607844,0.28353431372549015,0.2854147058823529,0.28897058823529415,0.2303271708683473,0.23010056022408967,0.23041764705882345,0.2304221288515406,0.2303170868347339,0.23260784313725497,0.23197310924369746,0.23120560224089642,0.23107226890756305,0.23715742296918768,0.23776246498599446,0.23798095238095235,0.23990224089635856,0.23937927170868348,0.2389540616246498,Female,10,8-12,Elementary,S,NC,R16S18g10_info1_250Hz_gu2_AEP.conn
