participant_id,filename,condition,delta_ACtL_ACrL,delta_ACtL_ACaL,delta_ACtL_ACtR,delta_ACtL_ACrR,delta_ACtL_ACaR,delta_ACrL_ACaL,delta_ACrL_ACtR,delta_ACrL_ACrR,delta_ACrL_ACaR,delta_ACaL_ACtR,delta_ACaL_ACrR,delta_ACaL_ACaR,delta_ACtR_ACrR,delta_ACtR_ACaR,delta_ACrR_ACaR,theta_ACtL_ACrL,theta_ACtL_ACaL,theta_ACtL_ACtR,theta_ACtL_ACrR,theta_ACtL_ACaR,theta_ACrL_ACaL,theta_ACrL_ACtR,theta_ACrL_ACrR,theta_ACrL_ACaR,theta_ACaL_ACtR,theta_ACaL_ACrR,theta_ACaL_ACaR,theta_ACtR_ACrR,theta_ACtR_ACaR,theta_ACrR_ACaR,alpha_ACtL_ACrL,alpha_ACtL_ACaL,alpha_ACtL_ACtR,alpha_ACtL_ACrR,alpha_ACtL_ACaR,alpha_ACrL_ACaL,alpha_ACrL_ACtR,alpha_ACrL_ACrR,alpha_ACrL_ACaR,alpha_ACaL_ACtR,alpha_ACaL_ACrR,alpha_ACaL_ACaR,alpha_ACtR_ACrR,alpha_ACtR_ACaR,alpha_ACrR_ACaR,beta_ACtL_ACrL,beta_ACtL_ACaL,beta_ACtL_ACtR,beta_ACtL_ACrR,beta_ACtL_ACaR,beta_ACrL_ACaL,beta_ACrL_ACtR,beta_ACrL_ACrR,beta_ACrL_ACaR,beta_ACaL_ACtR,beta_ACaL_ACrR,beta_ACaL_ACaR,beta_ACtR_ACrR,beta_ACtR_ACaR,beta_ACrR_ACaR,highbeta_ACtL_ACrL,highbeta_ACtL_ACaL,highbeta_ACtL_ACtR,highbeta_ACtL_ACrR,highbeta_ACtL_ACaR,highbeta_ACrL_ACaL,highbeta_ACrL_ACtR,highbeta_ACrL_ACrR,highbeta_ACrL_ACaR,highbeta_ACaL_ACtR,highbeta_ACaL_ACrR,highbeta_ACaL_ACaR,highbeta_ACtR_ACrR,highbeta_ACtR_ACaR,highbeta_ACrR_ACaR,gamma_ACtL_ACrL,gamma_ACtL_ACaL,gamma_ACtL_ACtR,gamma_ACtL_ACrR,gamma_ACtL_ACaR,gamma_ACrL_ACaL,gamma_ACrL_ACtR,gamma_ACrL_ACrR,gamma_ACrL_ACaR,gamma_ACaL_ACtR,gamma_ACaL_ACrR,gamma_ACaL_ACaR,gamma_ACtR_ACrR,gamma_ACtR_ACaR,gamma_ACrR_ACaR,gender,age,age_group,age_group_edu,lang,lang_group,file_name
R16C06B16,R16C06b16_info1_250Hz_gu1_AEP(1).conn,gu1,0.21953809523809523,0.22368571428571427,0.22597142857142857,0.22629047619047618,0.24117619047619046,0.2649095238095238,0.2541047619047619,0.24013809523809523,0.22609523809523813,0.2140952380952381,0.21638095238095242,0.21631904761904763,0.28526666666666667,0.2743571428571429,0.2597619047619048,0.33828285714285716,0.3342371428571429,0.33012,0.3388457142857143,0.3557628571428571,0.35028571428571426,0.34783714285714284,0.3467971428571428,0.33903428571428573,0.3302485714285714,0.33033999999999997,0.3375514285714286,0.3534342857142857,0.3523885714285714,0.3599428571428571,0.2871457142857142,0.2793971428571429,0.2685828571428571,0.2837657142857143,0.3022342857142857,0.29436285714285715,0.29491142857142855,0.28788571428571424,0.28687142857142856,0.2750428571428572,0.2692971428571428,0.2740971428571428,0.2936914285714286,0.28398,0.26978571428571424,0.29752142857142866,0.3025520408163266,0.304869387755102,0.310019387755102,0.31164489795918365,0.29667244897959183,0.29382959183673474,0.2918265306122449,0.294484693877551,0.30423367346938773,0.307815306122449,0.3122857142857143,0.3021275510204081,0.29927040816326533,0.30319387755102045,0.25402142857142856,0.2563619047619048,0.25605952380952385,0.2514476190476191,0.24903571428571428,0.26120000000000004,0.24394761904761905,0.24128095238095237,0.24672619047619052,0.2561047619047619,0.26012857142857143,0.25197142857142857,0.25098333333333334,0.24926666666666666,0.2695833333333333,0.24575102040816327,0.2494027210884354,0.250452380952381,0.2545,0.2568891156462585,0.24430204081632656,0.2416979591836735,0.23948775510204076,0.2448836734693878,0.2543360544217687,0.2611122448979592,0.26631360544217686,0.2523442176870748,0.24992993197278912,0.26735578231292517,Male,16,Teen,Secondary,C,C,R16C06b16_info1_250Hz_gu2_AEP(1).conn
R16C05B13,R16C05b13_info1_250Hz_gu1_AEP.conn,gu1,0.19509523809523807,0.18602857142857143,0.20793809523809523,0.21585714285714286,0.22966666666666666,0.2291095238095238,0.22943333333333335,0.22183809523809525,0.21622380952380957,0.19159047619047617,0.21063809523809526,0.2178285714285714,0.2554904761904762,0.24782857142857143,0.26624285714285717,0.3257257142857143,0.31680857142857144,0.32839142857142856,0.33388285714285715,0.3481942857142857,0.34398,0.3474457142857143,0.34267142857142857,0.34162,0.3365542857142857,0.3383771428571428,0.33956,0.3687114285714286,0.3673171428571428,0.37675714285714285,0.29776571428571424,0.29172,0.29808,0.3202685714285714,0.33585714285714274,0.3448457142857143,0.3328685714285714,0.33725428571428573,0.34486,0.28415999999999997,0.28983714285714285,0.31479142857142856,0.34326285714285715,0.34606285714285717,0.3028857142857143,0.2518377551020408,0.2434734693877551,0.24172551020408162,0.2401418367346939,0.2459295918367347,0.26114489795918366,0.25778979591836737,0.25523673469387753,0.25415306122448983,0.24958877551020414,0.24604387755102036,0.24437040816326533,0.2535612244897959,0.25173775510204077,0.2511775510204082,0.2280095238095238,0.22520238095238096,0.2250190476190476,0.22237619047619048,0.22704523809523805,0.2304357142857143,0.2482404761904762,0.2519119047619047,0.2594904761904762,0.2398095238095238,0.24533095238095237,0.2413357142857143,0.2546357142857143,0.2560119047619048,0.25327142857142854,0.2763530612244898,0.2775707482993197,0.2818258503401361,0.2898204081632653,0.29905850340136064,0.3033034013605442,0.3075897959183674,0.30237482993197284,0.29594625850340134,0.2879503401360545,0.29165034013605434,0.2953006802721088,0.32101428571428564,0.3139510204081632,0.30441836734693883,Male,13,Teen,Secondary,C,C,R16C05b13_info1_250Hz_gu2_AEP.conn
R16C39B10,R16C39b10_info1_250Hz_gu1_AEP.conn,gu1,0.17850476190476192,0.17053333333333331,0.16154761904761905,0.16520952380952383,0.1772,0.17256666666666667,0.1680952380952381,0.15641428571428573,0.15143333333333334,0.1716047619047619,0.15995238095238096,0.16029047619047618,0.1931571428571429,0.18634285714285714,0.2001190476190476,0.35895714285714286,0.3528142857142857,0.34644285714285716,0.34582,0.34597714285714287,0.3225542857142857,0.3171171428571428,0.31886285714285717,0.3233457142857143,0.34725142857142854,0.3385971428571428,0.3340114285714285,0.3432714285714285,0.3449971428571429,0.36100285714285707,0.3255657142857143,0.32843428571428573,0.32536571428571426,0.32972285714285715,0.3323571428571429,0.31456285714285714,0.31224285714285716,0.3142628571428571,0.31749428571428573,0.31906,0.3136542857142857,0.31094285714285713,0.30838,0.3118314285714286,0.31709714285714286,0.23810306122448982,0.24131836734693876,0.24136122448979588,0.23909285714285708,0.23915306122448982,0.2370285714285715,0.23297448979591837,0.23050306122448985,0.23002959183673471,0.2456530612244898,0.24718877551020407,0.24231836734693876,0.23520408163265305,0.23438367346938774,0.25067346938775514,0.21338809523809524,0.20404761904761903,0.20578333333333332,0.1964690476190476,0.1917047619047619,0.2171452380952381,0.20704761904761906,0.19961666666666666,0.19989285714285718,0.19880476190476193,0.19787619047619046,0.19095000000000004,0.18981904761904764,0.18947380952380954,0.20876190476190473,0.2429544217687075,0.24092448979591832,0.23524829931972788,0.22756938775510205,0.22480408163265306,0.22592448979591837,0.23140068027210883,0.23480612244897964,0.2386142857142857,0.23994353741496602,0.23504149659863946,0.23115238095238094,0.2398823129251701,0.24180272108843542,0.24129047619047622,Male,10,8-12,Elementary,C,C,R16C39b10_info1_250Hz_gu2_AEP.conn
R16C33B05,R16C33b05_info1_250Hz_gu1_AEP.conn,gu1,0.18048095238095238,0.17795238095238095,0.17775238095238097,0.18216190476190475,0.20417619047619048,0.1770190476190476,0.18115238095238095,0.1800095238095238,0.1800047619047619,0.16414761904761907,0.1729238095238095,0.1785095238095238,0.21953333333333336,0.22651428571428575,0.20344761904761907,0.3213171428571429,0.31648,0.3119257142857143,0.31632571428571427,0.3273085714285714,0.31771142857142853,0.30977714285714286,0.3140942857142857,0.3232285714285714,0.3066028571428571,0.3064514285714285,0.3174857142857143,0.33653428571428573,0.3431114285714286,0.33115142857142854,0.30312857142857147,0.31333428571428573,0.31903714285714285,0.3186285714285714,0.3168114285714286,0.32653714285714286,0.31729142857142856,0.31774,0.3178342857142857,0.30962000000000006,0.31135142857142856,0.3184742857142857,0.29346285714285714,0.3084771428571428,0.3052714285714286,0.22726224489795915,0.2340571428571429,0.2267857142857143,0.21933163265306121,0.2209,0.2268908163265306,0.22485510204081627,0.21732142857142858,0.2114795918367347,0.2316632653061225,0.22325510204081636,0.21403367346938773,0.2233693877551021,0.2177387755102041,0.21173673469387758,0.20245000000000002,0.1941547619047619,0.1973404761904762,0.19747142857142855,0.19975476190476193,0.20632619047619047,0.2126,0.2239452380952381,0.2225047619047619,0.1986690476190476,0.20106904761904762,0.20010714285714284,0.21198095238095238,0.22792380952380953,0.20167619047619045,0.2738986394557823,0.2764721088435374,0.2770544217687075,0.27160204081632655,0.2644619047619048,0.2693455782312925,0.2700278911564626,0.27013605442176875,0.26752585034013615,0.279821768707483,0.2855748299319728,0.28056326530612247,0.28159455782312925,0.2837428571428572,0.2883748299319728,Male,5,5-7,Elementary,C,C,R16C33b05_info1_250Hz_gu2_AEP.conn
R16C03G5,R16C03g5_info1_250Hz_gu1_AEP.conn,gu1,0.3164857142857143,0.3176761904761905,0.31830476190476187,0.3225761904761904,0.32396190476190473,0.34823333333333334,0.31723809523809526,0.29013809523809525,0.2813666666666667,0.33812380952380955,0.3272523809523809,0.31447142857142857,0.3303047619047619,0.31283809523809525,0.372452380952381,0.38495999999999997,0.39179142857142857,0.39405999999999997,0.37557714285714283,0.36922,0.38180571428571425,0.36442285714285716,0.3484085714285714,0.3566371428571428,0.3931942857142857,0.3965314285714286,0.38067428571428574,0.40408,0.39727999999999997,0.41387142857142856,0.37622285714285714,0.3567485714285714,0.3634857142857143,0.36456000000000005,0.37420285714285717,0.33444857142857143,0.3285828571428572,0.3451571428571429,0.3732514285714285,0.3392657142857142,0.3518257142857143,0.35568857142857147,0.30819428571428575,0.3262028571428571,0.3449514285714286,0.33142959183673465,0.3403040816326531,0.34291734693877557,0.33617346938775505,0.32751428571428576,0.3160897959183674,0.31800918367346936,0.321673469387755,0.3228346938775511,0.3334969387755102,0.33733265306122445,0.3317408163265306,0.3190275510204082,0.3159744897959183,0.32844591836734693,0.2542380952380952,0.24509761904761906,0.23660238095238095,0.24202857142857145,0.24477619047619045,0.24185238095238096,0.22412857142857145,0.21523095238095236,0.2163190476190476,0.25575000000000003,0.22278571428571428,0.22419761904761906,0.22375714285714288,0.21488571428571432,0.21457380952380953,0.33297687074829935,0.33474897959183675,0.33630544217687075,0.3385503401360544,0.3416795918367347,0.32499047619047616,0.3279142857142857,0.33201360544217684,0.3353863945578232,0.34219795918367346,0.3432986394557823,0.34870476190476196,0.33387687074829936,0.3363142857142857,0.3443965986394558,Female,5,5-7,Elementary,C,C,R16C03g5_info1_250Hz_gu2_AEP.conn
R16C25B5,R16C25b5_info1_250Hz_gu1_AEP.conn,gu1,0.1561761904761905,0.14714285714285713,0.14668095238095238,0.16501428571428575,0.1651142857142857,0.17582857142857145,0.17940952380952382,0.18074761904761902,0.1736,0.14820952380952382,0.1619047619047619,0.17382857142857144,0.2354285714285714,0.22542380952380955,0.1988952380952381,0.3089028571428571,0.3174342857142857,0.3176,0.31442,0.3077971428571428,0.2983657142857143,0.30582857142857145,0.31146571428571435,0.3132371428571428,0.30613142857142855,0.31216571428571427,0.3166514285714286,0.34050857142857144,0.34665142857142855,0.3235057142857143,0.2928,0.29277714285714285,0.29190285714285713,0.3039142857142857,0.3085171428571428,0.31868285714285716,0.3322,0.34454,0.3532742857142857,0.2895657142857143,0.2890085714285714,0.2962485714285714,0.33070285714285713,0.33078857142857143,0.28466285714285716,0.22475408163265304,0.22269693877551022,0.2232591836734694,0.2254132653061225,0.22941734693877555,0.22133979591836736,0.2211816326530612,0.22229897959183678,0.2283908163265306,0.2250744897959184,0.23048061224489796,0.23054897959183676,0.212419387755102,0.21150408163265308,0.2243163265306123,0.18314523809523808,0.18176904761904758,0.18786190476190476,0.19269761904761903,0.2003261904761905,0.2135261904761905,0.21049285714285715,0.21731190476190476,0.22772857142857147,0.18865238095238093,0.18653095238095238,0.1878,0.19699047619047616,0.21036190476190478,0.1895,0.30094353741496593,0.303221768707483,0.30731700680272106,0.31130408163265305,0.30596802721088434,0.2991360544217687,0.29449251700680273,0.29299591836734695,0.2949918367346939,0.30832380952380956,0.3133448979591837,0.3158537414965987,0.30797959183673473,0.30873401360544217,0.3107013605442177,Male,5,5-7,Elementary,C,C,R16C25b5_info1_250Hz_gu2_AEP.conn
R16M09G18,R16M09g18_info1_250Hz_gu1_AEP.conn,gu1,0.1974190476190476,0.19213809523809525,0.17920952380952382,0.17027619047619047,0.16551428571428572,0.16047619047619047,0.1668047619047619,0.16626666666666667,0.16426190476190475,0.19605238095238095,0.19062380952380953,0.1842095238095238,0.19821904761904763,0.1919,0.23466190476190474,0.30217428571428573,0.3060714285714286,0.3025457142857143,0.2918657142857143,0.28940571428571427,0.2826457142857143,0.28541999999999995,0.2829257142857143,0.27754,0.30347428571428575,0.29932,0.2903942857142857,0.32239142857142855,0.30981714285714285,0.3287257142857143,0.31965999999999994,0.31514571428571425,0.30876857142857145,0.30307428571428574,0.3087542857142857,0.34302857142857146,0.3524828571428571,0.34461714285714284,0.3303485714285714,0.3125,0.30758,0.30166857142857145,0.33569714285714286,0.33268571428571425,0.30983428571428573,0.22166326530612243,0.22291938775510206,0.2296948979591837,0.22928571428571426,0.23111938775510205,0.23951122448979592,0.2417,0.24454183673469387,0.24324081632653055,0.22638469387755106,0.2323714285714285,0.23202653061224485,0.24420102040816324,0.24503571428571427,0.23514897959183673,0.23714047619047618,0.2487,0.2589547619047619,0.2590166666666667,0.2588547619047619,0.2528809523809524,0.2504404761904762,0.25448809523809524,0.2534904761904762,0.2580404761904762,0.26608809523809523,0.26919047619047615,0.25781666666666664,0.2546809523809524,0.25989285714285715,0.32542517006802724,0.32558027210884355,0.3229972789115646,0.3248965986394558,0.32726258503401356,0.33134557823129257,0.3310149659863945,0.3324312925170068,0.33228231292517,0.3304510204081633,0.329017006802721,0.3304408163265306,0.34098435374149655,0.3417020408163266,0.33374965986394556,Female,18,Teen,Secondary,C,C,R16M09g18_info1_250Hz_gu2_AEP.conn
R16C19G8,R16C19g8_info1_250Hz_gu1_AEP.conn,gu1,0.23653809523809524,0.22783333333333333,0.21472857142857146,0.1979857142857143,0.19686666666666666,0.2188,0.2287809523809524,0.22890000000000002,0.2337904761904762,0.20254761904761906,0.2034095238095238,0.20228095238095234,0.2737857142857143,0.2840238095238095,0.2410904761904762,0.3586057142857143,0.3474885714285714,0.3536142857142857,0.35381142857142855,0.34427142857142856,0.3279114285714286,0.3338542857142857,0.33723142857142857,0.33556857142857144,0.33596,0.34466285714285716,0.34699142857142856,0.35384857142857146,0.3621857142857143,0.3613428571428571,0.27162000000000003,0.2748285714285714,0.29108,0.30344,0.29133714285714285,0.27978000000000003,0.27803428571428573,0.27836285714285713,0.2838628571428571,0.27782,0.28256000000000003,0.28504,0.27277142857142855,0.27381714285714287,0.2841285714285714,0.28046530612244897,0.2831367346938775,0.28899285714285716,0.2911938775510204,0.2855938775510204,0.27991122448979594,0.27888673469387754,0.28295612244897955,0.28486938775510207,0.28276428571428575,0.28686020408163265,0.29042244897959185,0.2737632653061225,0.2865275510204081,0.28603469387755104,0.26478571428571424,0.26917142857142856,0.27397857142857146,0.2801071428571429,0.2787928571428571,0.2781952380952381,0.28736666666666666,0.28665,0.2884785714285714,0.28689761904761907,0.2885380952380952,0.29674285714285714,0.29896666666666666,0.29973571428571427,0.286347619047619,0.2874510204081632,0.29221768707483,0.2871265306122449,0.28395918367346934,0.2841714285714286,0.2944333333333333,0.2944183673469388,0.28856530612244896,0.2877775510204082,0.29558163265306125,0.29198367346938775,0.289830612244898,0.2990292517006803,0.30053673469387754,0.2944564625850341,Female,8,8-12,Elementary,C,C,R16C19g8_info1_250Hz_gu2_AEP.conn
R16C37B6,R16C37b6_info1_250Hz_gu1_AEP.conn,gu1,0.23681904761904762,0.22763333333333335,0.21885238095238094,0.2244761904761905,0.21637142857142858,0.23625714285714283,0.23277619047619047,0.23181428571428572,0.22556190476190477,0.22900952380952377,0.23854285714285717,0.23531428571428573,0.2672904761904762,0.26465714285714287,0.2756619047619047,0.3527657142857143,0.3566114285714286,0.3697942857142857,0.3751685714285714,0.37052857142857143,0.36530571428571423,0.3566342857142857,0.34555714285714284,0.3314742857142857,0.3576,0.36733142857142853,0.36932,0.39186,0.3759942857142857,0.3810685714285714,0.3082457142857143,0.31058285714285716,0.31579428571428575,0.31207428571428575,0.30793428571428566,0.31982,0.3202114285714286,0.3166142857142857,0.31473142857142855,0.3199342857142857,0.3178914285714286,0.31045428571428574,0.3047114285714286,0.3132114285714286,0.3073171428571429,0.2049979591836735,0.21226938775510207,0.21294693877551021,0.2081551020408163,0.2024734693877551,0.20586122448979596,0.2029969387755102,0.20184081632653061,0.19923469387755105,0.21059081632653062,0.21023163265306125,0.20851836734693882,0.19419591836734695,0.19481530612244896,0.20092551020408167,0.26234285714285716,0.2665142857142857,0.2671952380952381,0.27506904761904766,0.28005714285714284,0.28334761904761907,0.281297619047619,0.2733761904761905,0.2679785714285714,0.25815952380952384,0.2615119047619047,0.26779285714285717,0.2644952380952381,0.2620928571428571,0.26626190476190476,0.31013809523809527,0.3114884353741497,0.31050816326530617,0.31114965986394555,0.3114360544217687,0.3167666666666667,0.31162585034013607,0.3082299319727891,0.3074748299319727,0.3161768707482994,0.3177857142857143,0.318260544217687,0.32274761904761906,0.3186775510204082,0.3180074829931973,Male,6,5-7,Elementary,C,C,R16C37b6_info1_250Hz_gu2_AEP.conn
R16M06B06,R16M06b06_info1_250Hz_gu1_AEP.conn,gu1,0.18481904761904758,0.1663904761904762,0.16321904761904762,0.17127619047619047,0.19646190476190475,0.1844095238095238,0.20499999999999996,0.22126190476190477,0.21905238095238092,0.1689285714285714,0.16757142857142857,0.1775285714285714,0.24826666666666664,0.24665238095238093,0.24246190476190477,0.33862285714285717,0.34735428571428567,0.3444771428571428,0.33456,0.3416971428571428,0.3256,0.3356714285714286,0.3398942857142857,0.33563428571428566,0.34892285714285715,0.3422142857142857,0.3378771428571429,0.3587371428571428,0.35338,0.36512857142857147,0.3637228571428571,0.36948285714285717,0.3678457142857143,0.3613342857142857,0.3624085714285714,0.35624571428571433,0.37085999999999997,0.38833428571428574,0.38902285714285717,0.38678,0.38296857142857144,0.3708657142857143,0.3679085714285714,0.38808571428571426,0.3840342857142857,0.31466224489795913,0.31864285714285717,0.3268183673469388,0.33218367346938776,0.3255326530612245,0.3154969387755102,0.31997857142857145,0.32220306122448983,0.3212122448979592,0.3221938775510204,0.32958163265306123,0.33471122448979596,0.31275714285714284,0.3169581632653061,0.31966836734693876,0.2530357142857143,0.2643809523809524,0.2736571428571429,0.2817976190476191,0.27913095238095237,0.2613285714285714,0.26192857142857146,0.26175238095238096,0.26682857142857147,0.26066190476190476,0.2776190476190476,0.2941142857142858,0.25701904761904765,0.25183333333333335,0.27932142857142855,0.31983401360544217,0.32140476190476186,0.32444013605442173,0.32800612244897964,0.3305414965986394,0.32132108843537416,0.3182965986394558,0.311147619047619,0.3077972789115647,0.3306034013605443,0.336508843537415,0.33736598639455784,0.3197074829931973,0.31069659863945576,0.3464646258503401,Male,6,5-7,Elementary,C,C,R16M06b06_info1_250Hz_gu2_AEP.conn
R16C34B06,R16C34b06_info1_250Hz_gu1_AEP.conn,gu1,0.1451904761904762,0.12634761904761907,0.11466666666666665,0.1120047619047619,0.12327619047619047,0.13491428571428574,0.14812380952380952,0.14826190476190473,0.14664761904761905,0.11998571428571429,0.11760476190476189,0.11331428571428571,0.17661428571428572,0.1819952380952381,0.1717857142857143,0.26824857142857145,0.2702771428571429,0.26406285714285715,0.2613085714285714,0.2619885714285714,0.25464000000000003,0.25785714285714284,0.26083999999999996,0.2619371428571428,0.27212285714285717,0.26721428571428574,0.2656885714285714,0.27836285714285713,0.28048,0.2879342857142857,0.3610457142857143,0.35837142857142856,0.35224,0.35436285714285715,0.35668,0.3432542857142857,0.3304371428571429,0.33439714285714284,0.3391228571428571,0.35445714285714286,0.34327142857142856,0.33878571428571425,0.3273771428571428,0.33296857142857145,0.3507914285714286,0.275384693877551,0.27895306122448976,0.27614795918367346,0.2782081632653061,0.2825989795918368,0.28334081632653063,0.280269387755102,0.27441530612244897,0.2775520408163265,0.2802051020408163,0.27534285714285717,0.2661908163265306,0.27106632653061224,0.2715408163265306,0.2638316326530612,0.2215047619047619,0.22277380952380954,0.22175,0.2261404761904762,0.23069285714285717,0.23761904761904762,0.23958095238095234,0.2428452380952381,0.2420309523809524,0.2334166666666667,0.23303095238095237,0.2373857142857143,0.24596428571428572,0.24819999999999998,0.23648333333333335,0.2872625850340136,0.2899544217687075,0.2899061224489796,0.2879551020408163,0.2863748299319728,0.28571700680272105,0.2836054421768708,0.2827972789115646,0.2867231292517007,0.2964312925170068,0.2962639455782313,0.2957823129251701,0.28649455782312927,0.28728775510204085,0.3011,Male,6,5-7,Elementary,C,C,R16C34b06_info1_250Hz_gu2_AEP.conn
R16C07G9,R16C07g9_info1_250Hz_gu1_AEP.conn,gu1,0.276152380952381,0.2658714285714286,0.2493857142857143,0.25515238095238096,0.26408571428571426,0.2617714285714286,0.2574714285714286,0.25397142857142857,0.25706666666666667,0.2759476190476191,0.2656904761904762,0.2690095238095238,0.2933428571428571,0.2960095238095238,0.30744285714285713,0.4105485714285714,0.4082514285714285,0.4130771428571428,0.4304342857142857,0.43630571428571424,0.41114285714285714,0.4147171428571429,0.4201971428571428,0.4213800000000001,0.4148685714285715,0.4190085714285715,0.4369257142857143,0.45087428571428567,0.4553342857142858,0.43716857142857146,0.4375714285714286,0.44236,0.4401657142857143,0.44869714285714285,0.44225714285714285,0.4241371428571428,0.4265314285714285,0.4355885714285714,0.4440200000000001,0.4417657142857143,0.43764000000000003,0.4470599999999999,0.4201714285714286,0.4327171428571429,0.4313371428571428,0.30623571428571433,0.3093897959183673,0.3025081632653061,0.29879285714285714,0.2982316326530613,0.29959693877551014,0.3054755102040816,0.3112489795918368,0.3090683673469387,0.30264387755102046,0.29574693877551017,0.2858081632653061,0.2959551020408164,0.3034112244897959,0.2834091836734694,0.2551833333333333,0.2501571428571429,0.23356428571428575,0.22570238095238096,0.23221666666666663,0.24927380952380954,0.23738333333333336,0.22780476190476187,0.23093571428571427,0.25857619047619046,0.24803095238095238,0.24034285714285716,0.23239047619047618,0.22964285714285712,0.2517238095238095,0.3484510204081633,0.3490312925170068,0.3496761904761905,0.34739047619047614,0.3473013605442177,0.34079115646258507,0.3364557823129251,0.3362292517006803,0.33627346938775515,0.3508625850340136,0.34920612244897964,0.34726326530612245,0.34977755102040814,0.35011292517006803,0.35101292517006805,Female,9,8-12,Elementary,C,C,R16C07g9_info1_250Hz_gu2_AEP.conn
R16C18B7,R16C18b7_info1_250Hz_gu1_AEP.conn,gu1,0.3259904761904762,0.3430380952380952,0.3530904761904761,0.3403333333333333,0.3237714285714286,0.28435238095238097,0.2964333333333333,0.3020428571428571,0.3091904761904762,0.3393,0.3556142857142857,0.3492142857142857,0.35460476190476187,0.35595714285714286,0.4055619047619048,0.43458857142857144,0.43295142857142854,0.45184857142857143,0.46180000000000004,0.45843428571428574,0.4334371428571428,0.44271142857142853,0.44571428571428573,0.4633514285714286,0.4275828571428571,0.4489657142857143,0.4528628571428571,0.48189714285714286,0.48546000000000006,0.47530571428571433,0.4295857142857143,0.43526857142857145,0.4316114285714286,0.43332285714285723,0.43171428571428566,0.4380942857142857,0.4381285714285714,0.42917428571428573,0.4383,0.4297971428571429,0.4306742857142857,0.43168285714285715,0.44952571428571425,0.4393285714285714,0.4375914285714286,0.3700448979591836,0.36760714285714285,0.3611397959183674,0.35438775510204085,0.3469428571428571,0.3963510204081632,0.3906785714285715,0.38405510204081633,0.37635612244897965,0.37992346938775506,0.37265204081632647,0.3620489795918367,0.38002346938775505,0.37144693877551027,0.3807142857142857,0.33677380952380953,0.35352142857142854,0.36281428571428576,0.36434285714285713,0.357945238095238,0.3316976190476191,0.3394309523809524,0.3443404761904762,0.34298809523809526,0.34282619047619045,0.3476000000000001,0.3512309523809524,0.34653333333333336,0.3384880952380953,0.34122619047619046,0.3585938775510204,0.35806394557823124,0.35597619047619045,0.3611278911564625,0.36995238095238087,0.36681224489795916,0.36636734693877554,0.364769387755102,0.3672836734693877,0.36342789115646257,0.3625455782312925,0.36824149659863953,0.3733136054421768,0.3703061224489796,0.3658455782312925,Male,7,5-7,Elementary,C,C,R16C18b7_info1_250Hz_gu2_AEP.conn
R16C20B9,R16C20b9_info1_250Hz_gu1_AEP.conn,gu1,0.1863,0.18763809523809524,0.1819666666666667,0.17073809523809524,0.1639190476190476,0.15177142857142856,0.15763333333333332,0.17259047619047618,0.1928761904761905,0.17966190476190477,0.17063333333333333,0.1661952380952381,0.20784761904761906,0.2204142857142857,0.2126285714285714,0.28998,0.2806628571428571,0.27869428571428567,0.28738,0.28827714285714284,0.2999,0.30370285714285716,0.30596285714285715,0.3026142857142857,0.29782857142857144,0.2903657142857142,0.29285428571428573,0.3329114285714286,0.3339914285714286,0.33161142857142856,0.2794657142857143,0.27011142857142856,0.27421142857142855,0.28907142857142853,0.2958228571428571,0.29622857142857145,0.2893057142857143,0.2924857142857143,0.3046714285714286,0.2823685714285714,0.28626571428571423,0.29497142857142855,0.2919257142857143,0.2925028571428571,0.2960771428571428,0.2360040816326531,0.24466938775510205,0.24318061224489798,0.2369193877551021,0.23409693877551024,0.2378785714285714,0.23348265306122448,0.23050612244897958,0.23069591836734693,0.24708265306122446,0.2384336734693878,0.22812959183673473,0.233480612244898,0.22912959183673468,0.22899591836734698,0.18135238095238096,0.18812857142857142,0.19294523809523811,0.19827142857142857,0.1905238095238095,0.19021190476190475,0.19476190476190477,0.19742380952380953,0.19825,0.19855476190476193,0.19860714285714287,0.20222857142857145,0.1958595238095238,0.18944523809523814,0.19504761904761905,0.2692673469387754,0.2720496598639456,0.2750326530612245,0.2797503401360545,0.2752734693877551,0.2727959183673469,0.27642312925170065,0.2780265306122449,0.2760272108843537,0.2815265306122449,0.2813353741496599,0.2839795918367346,0.28343061224489796,0.288004081632653,0.28218639455782324,Male,9,8-12,Elementary,C,C,R16C20b9_info1_250Hz_gu2_AEP.conn
R16C15B07,R16C15b07_info1_250Hz_gu1_AEP.conn,gu1,0.25907619047619046,0.27272857142857143,0.2741476190476191,0.2539571428571428,0.24402380952380953,0.22284761904761904,0.2293333333333333,0.23081428571428572,0.23113333333333333,0.27254285714285714,0.2712857142857143,0.24848571428571428,0.26117619047619045,0.26224285714285717,0.28121904761904765,0.39968857142857145,0.3962171428571429,0.3914942857142857,0.3918428571428572,0.3883485714285714,0.37634,0.36930285714285715,0.3654057142857143,0.3675571428571428,0.3895314285714286,0.3899285714285714,0.38921142857142854,0.38068857142857143,0.38108571428571425,0.39241714285714285,0.3704314285714285,0.38543142857142854,0.39408571428571426,0.40258857142857146,0.40376857142857137,0.39410285714285714,0.38179428571428575,0.3787628571428572,0.3812457142857143,0.3822628571428571,0.3879057142857143,0.3982457142857143,0.3683885714285714,0.36604857142857145,0.38164857142857145,0.280215306122449,0.27763061224489793,0.2788479591836734,0.28441020408163264,0.29100408163265307,0.2870295918367347,0.2800867346938775,0.28022040816326527,0.28214387755102044,0.28281122448979595,0.28234489795918366,0.28221734693877554,0.2744285714285714,0.2733214285714286,0.27633673469387754,0.2832261904761905,0.27210238095238093,0.26107619047619046,0.2631547619047619,0.2656166666666666,0.29865,0.2908309523809524,0.28624047619047616,0.29396666666666665,0.2918904761904762,0.2894761904761905,0.29556190476190475,0.30189523809523816,0.3032309523809524,0.3063238095238095,0.34599047619047624,0.34300272108843544,0.34680680272108855,0.3512496598639456,0.3501510204081632,0.3461829931972788,0.34859727891156467,0.34932244897959186,0.3510612244897959,0.3552401360544218,0.355225850340136,0.3562965986394558,0.3597809523809523,0.3595496598639456,0.36220816326530614,Male,7,5-7,Elementary,C,C,R16C15b07_info1_250Hz_gu2_AEP.conn
R16C23B5,R16C23b5_info1_250Hz_gu1_AEP.conn,gu1,0.2498571428571429,0.23899047619047617,0.24240952380952382,0.2512809523809524,0.24821904761904764,0.24578571428571427,0.2403761904761905,0.23582857142857142,0.24429523809523812,0.23965714285714287,0.23804761904761906,0.24396190476190474,0.2810333333333333,0.27146190476190474,0.2797619047619047,0.37852285714285716,0.38281714285714286,0.3779828571428571,0.3686228571428571,0.3637,0.3656371428571429,0.35883714285714285,0.3481228571428572,0.34118000000000004,0.37587714285714285,0.36839428571428573,0.3628914285714286,0.3905314285714286,0.3792742857142857,0.3641,0.33997714285714287,0.3307714285714286,0.33124571428571425,0.32713714285714285,0.3282942857142857,0.3212285714285714,0.32189428571428574,0.31925428571428577,0.31924857142857144,0.3293342857142857,0.32771142857142854,0.3154942857142857,0.32008000000000003,0.31297142857142857,0.30512571428571433,0.2937510204081632,0.2888061224489796,0.28107653061224486,0.27756326530612246,0.2787918367346939,0.2813275510204082,0.281615306122449,0.28183265306122446,0.28612653061224497,0.2905632653061224,0.28085102040816323,0.2773357142857143,0.27443265306122455,0.28117142857142857,0.2861469387755102,0.28916904761904766,0.29173571428571426,0.29036666666666666,0.2988571428571429,0.3056190476190476,0.2958880952380953,0.2977119047619048,0.30301666666666666,0.30696428571428575,0.2908690476190476,0.29050238095238096,0.2977714285714286,0.293352380952381,0.2957666666666667,0.27601904761904755,0.3664585034013606,0.3656925170068027,0.36539795918367346,0.36583061224489793,0.36570680272108846,0.36209659863945565,0.36103061224489796,0.36202653061224493,0.3600591836734694,0.36460544217687074,0.3670163265306123,0.36652925170068035,0.3605931972789116,0.35995102040816324,0.36321088435374155,Male,5,5-7,Elementary,C,C,R16C23b5_info1_250Hz_gu2_AEP.conn
R16C31B07,R16C31b07_info1_250Hz_gu1_AEP.conn,gu1,0.15899047619047615,0.16027142857142856,0.16401428571428575,0.1692190476190476,0.17652857142857145,0.1724285714285714,0.17843809523809526,0.18612857142857142,0.1884619047619048,0.15684285714285714,0.16622380952380952,0.17483809523809524,0.22210952380952384,0.2212571428571429,0.20857619047619047,0.3297171428571429,0.32869714285714285,0.32910285714285714,0.33443428571428574,0.3411142857142857,0.3467971428571428,0.34820285714285715,0.3588571428571428,0.3512514285714286,0.3391,0.3373771428571429,0.34537428571428574,0.3706114285714286,0.37905714285714287,0.3644914285714285,0.2961114285714286,0.29549142857142857,0.29970571428571435,0.30848,0.3095685714285714,0.29039714285714285,0.2984714285714286,0.3064285714285714,0.31114,0.2839085714285715,0.28754,0.29962857142857147,0.29368571428571427,0.29100857142857145,0.2903885714285714,0.23143571428571427,0.23239591836734694,0.23694387755102042,0.241965306122449,0.24199795918367345,0.2380255102040816,0.23899285714285715,0.24211632653061224,0.23944183673469385,0.2320887755102041,0.2386142857142857,0.2478969387755102,0.2387234693877551,0.24094795918367345,0.24445510204081636,0.2093666666666667,0.21113571428571432,0.2209809523809524,0.2282357142857143,0.22725952380952383,0.19578571428571426,0.1991071428571429,0.2061309523809524,0.20890714285714285,0.21422857142857143,0.2250190476190476,0.22963571428571428,0.1986904761904762,0.20549761904761907,0.2242952380952381,0.2486292517006803,0.2420020408163266,0.24163537414965988,0.2399224489795919,0.24051428571428574,0.25068571428571423,0.25025578231292517,0.25408775510204085,0.2563503401360544,0.250474149659864,0.2508442176870749,0.2504204081632654,0.2600163265306123,0.26733809523809526,0.26104829931972795,Male,7,5-7,Elementary,C,C,R16C31b07_info1_250Hz_gu2_AEP.conn
M01Y09CB,M01y09cb_info1_250Hz_gu1_AEP.conn,gu1,0.3305,0.33910952380952386,0.33307619047619047,0.2983857142857143,0.2839095238095238,0.3047619047619048,0.3168333333333333,0.31633333333333336,0.31960952380952384,0.32334761904761905,0.31494761904761903,0.2821190476190476,0.3450095238095238,0.3542238095238095,0.32375238095238096,0.3919914285714286,0.39762285714285717,0.39227999999999996,0.37850285714285714,0.3749142857142857,0.3764914285714286,0.37816,0.3811257142857143,0.38444571428571434,0.40184571428571425,0.39089428571428575,0.3740771428571429,0.3963257142857143,0.4071657142857143,0.3994742857142857,0.3897114285714286,0.3866257142857143,0.3860228571428571,0.37715714285714286,0.37491428571428564,0.3727,0.3717971428571428,0.37271714285714286,0.3804628571428572,0.3998457142857143,0.39988285714285715,0.3895885714285715,0.3607628571428572,0.3747057142857143,0.3953657142857143,0.33701938775510204,0.333595918367347,0.3307183673469387,0.32913571428571425,0.3274561224489796,0.3488306122448979,0.34830714285714287,0.35178571428571426,0.3473306122448979,0.34430918367346935,0.33994081632653067,0.33730102040816323,0.34633367346938776,0.3508602040816327,0.34751734693877545,0.33201428571428576,0.3415380952380953,0.3451404761904762,0.3488642857142858,0.33821666666666667,0.33579523809523804,0.3350904761904762,0.3365357142857143,0.3353238095238095,0.3555357142857143,0.3493928571428571,0.34669285714285714,0.34786428571428574,0.35340476190476194,0.3373,0.3555476190476191,0.3543639455782313,0.35590816326530605,0.3550170068027211,0.3512183673469388,0.3419680272108843,0.34095102040816333,0.3440183673469388,0.35102244897959184,0.36124693877551023,0.35690068027210886,0.35267346938775507,0.3523272108843538,0.35271972789115646,0.35278231292517004,Female,9,8-12,Elementary,C,C,M01y09cb_info1_250Hz_gu2_AEP.conn
R16C24B7,R16C24b7_info1_250Hz_gu1_AEP.conn,gu1,0.22233809523809522,0.20927619047619048,0.20954285714285714,0.22244285714285714,0.21997619047619046,0.23215238095238097,0.2452238095238095,0.24630000000000005,0.23370952380952378,0.21560476190476188,0.2104952380952381,0.21837142857142855,0.28777619047619046,0.28286666666666666,0.26127142857142854,0.3338914285714286,0.32927142857142855,0.33115714285714287,0.33919714285714286,0.33599142857142855,0.3450457142857143,0.3507314285714286,0.35152857142857147,0.34388857142857143,0.31753714285714285,0.32199428571428573,0.3369485714285715,0.37374,0.37028,0.3474171428571428,0.35720285714285716,0.34020000000000006,0.34657142857142864,0.34497142857142854,0.35260571428571424,0.3778485714285714,0.38104857142857146,0.3725514285714286,0.36229428571428574,0.35018285714285713,0.3569228571428572,0.34663428571428573,0.37750571428571433,0.36731714285714284,0.3568628571428571,0.2196316326530612,0.22082040816326529,0.22604387755102046,0.23082755102040814,0.23283469387755104,0.23514285714285715,0.23579183673469387,0.23560204081632655,0.23096530612244898,0.21435,0.22262142857142853,0.22782551020408162,0.23431938775510203,0.2302102040816326,0.22395204081632653,0.22355714285714287,0.22014761904761904,0.23062380952380954,0.23834523809523808,0.24966428571428576,0.23997142857142859,0.23872380952380956,0.23616428571428572,0.23027857142857144,0.22289761904761904,0.23784047619047619,0.24555238095238097,0.24117857142857144,0.23980238095238093,0.23659761904761903,0.2971755102040816,0.30087551020408165,0.3052047619047619,0.30859523809523814,0.30685986394557824,0.29870816326530614,0.2995047619047619,0.2998789115646258,0.29931768707482986,0.3073476190476191,0.3103272108843538,0.317112925170068,0.30557210884353736,0.3048408163265306,0.31,Male,7,5-7,Elementary,C,C,R16C24b7_info1_250Hz_gu2_AEP.conn
R16C04B13,R16C04b13_info1_250Hz_gu1_AEP.conn,gu1,0.24134761904761903,0.2590666666666667,0.26445238095238094,0.2522285714285714,0.23683333333333334,0.2452142857142857,0.24362857142857144,0.2442619047619047,0.2486190476190476,0.2669095238095238,0.2644904761904762,0.2533714285714286,0.2946142857142857,0.2999523809523809,0.29228095238095236,0.37088,0.3653314285714286,0.3709,0.36970571428571425,0.3759257142857143,0.36492,0.3731657142857143,0.3788,0.3721657142857143,0.3786542857142857,0.37902,0.3760314285714286,0.40106285714285717,0.4095142857142856,0.3947857142857143,0.31957142857142856,0.31629142857142856,0.3200228571428571,0.31877428571428573,0.32310285714285714,0.31877714285714287,0.3254628571428571,0.3260342857142857,0.3265228571428571,0.32086571428571425,0.32696000000000003,0.3248514285714285,0.3095171428571429,0.3075742857142857,0.3248914285714285,0.3082020408163265,0.31442448979591836,0.3118816326530613,0.30905612244897956,0.3129408163265306,0.316704081632653,0.3153418367346938,0.31409081632653063,0.311765306122449,0.3132795918367347,0.31229795918367353,0.31232346938775507,0.2986520408163265,0.29896428571428574,0.3078948979591837,0.30142857142857143,0.2900119047619048,0.2867214285714286,0.2864404761904762,0.28521904761904765,0.297802380952381,0.29527857142857145,0.28874285714285713,0.2948071428571429,0.29192619047619045,0.2913595238095238,0.29158333333333336,0.29645000000000005,0.2915452380952381,0.2968095238095238,0.29539387755102037,0.3008054421768708,0.2991360544217687,0.2973258503401361,0.29778911564625854,0.2959843537414967,0.2976714285714286,0.2952489795918367,0.29241768707482996,0.30786054421768716,0.3068292517006802,0.305195238095238,0.30851088435374147,0.3069428571428572,0.31221768707482994,Male,13,Teen,Secondary,C,C,R16C04b13_info1_250Hz_gu2_AEP.conn
R16C22G10,R16C22g10_info1_250Hz_gu1_AEP.conn,gu1,0.17407142857142857,0.16959999999999997,0.16016190476190473,0.16110476190476186,0.16887142857142856,0.17135238095238095,0.17337142857142854,0.1689238095238095,0.1746047619047619,0.16435238095238094,0.15957619047619045,0.16765714285714287,0.22898095238095237,0.22794761904761907,0.21698095238095239,0.32490857142857144,0.3229685714285714,0.3261914285714286,0.3320142857142857,0.3396028571428571,0.3471571428571429,0.3377428571428571,0.3261428571428572,0.31754000000000004,0.30735999999999997,0.3081285714285714,0.31916,0.35659428571428575,0.3538,0.3312257142857143,0.34088857142857143,0.33528,0.34211714285714284,0.3531114285714286,0.3566542857142857,0.3383771428571429,0.3388257142857143,0.3442828571428571,0.3418542857142858,0.3432428571428572,0.34752,0.3544257142857143,0.3278885714285714,0.33349428571428574,0.3523971428571428,0.2576581632653061,0.2577397959183673,0.2582510204081633,0.2614265306122449,0.2654387755102041,0.25960204081632654,0.2549765306122449,0.2544081632653062,0.25295510204081634,0.26208367346938777,0.26424693877551025,0.2656969387755102,0.25660918367346935,0.25562448979591834,0.2613867346938776,0.2378380952380952,0.23568809523809522,0.23277380952380955,0.23855952380952383,0.23858095238095237,0.2278880952380952,0.22967142857142855,0.23423571428571432,0.23701190476190478,0.2503142857142857,0.2529309523809524,0.25624285714285716,0.2222333333333333,0.2350595238095238,0.24902380952380954,0.29824489795918374,0.2952210884353741,0.29285986394557817,0.29214761904761904,0.2933394557823129,0.29419523809523807,0.2931863945578231,0.2916102040816327,0.29391156462585033,0.3008435374149659,0.2995557823129252,0.30049183673469393,0.3086292517006803,0.30525646258503397,0.3044360544217687,Female,10,8-12,Elementary,C,C,R16C22g10_info1_250Hz_gu2_AEP.conn
R16C26F10,R16C26f10_info1_250Hz_gu1_AEP.conn,gu1,0.2604380952380952,0.24815714285714288,0.2353047619047619,0.2371,0.24787619047619044,0.24344761904761905,0.24723809523809526,0.25783333333333336,0.25475714285714285,0.23993809523809526,0.21824285714285716,0.21946666666666667,0.28514761904761904,0.2851714285714286,0.26085714285714284,0.34007428571428566,0.33868857142857145,0.3300828571428571,0.3255285714285715,0.3360228571428571,0.34180571428571427,0.34802857142857146,0.35552285714285714,0.35497999999999996,0.34781428571428574,0.34099142857142856,0.33560285714285715,0.37536571428571425,0.3798342857142857,0.3708971428571428,0.30266571428571426,0.2956057142857143,0.2870371428571429,0.28362571428571426,0.2856885714285714,0.28382,0.27910857142857143,0.2802314285714286,0.28144,0.27641428571428567,0.2706571428571428,0.2708371428571429,0.2765342857142857,0.2742828571428571,0.2693028571428571,0.25737244897959183,0.2558877551020408,0.2556183673469387,0.256580612244898,0.2592744897959184,0.25962244897959186,0.2638183673469388,0.2640102040816326,0.26363163265306117,0.26178367346938775,0.2546234693877551,0.25377755102040817,0.2701316326530612,0.26987040816326535,0.2559020408163265,0.27031190476190475,0.2743880952380952,0.2911714285714286,0.29660238095238095,0.3009428571428572,0.27922142857142856,0.2751547619047619,0.2760261904761905,0.2810952380952381,0.27836428571428573,0.2885095238095238,0.2862476190476191,0.2879214285714286,0.2823952380952381,0.2846,0.3067625850340136,0.3142727891156463,0.317834693877551,0.3162238095238096,0.31313741496598635,0.3102204081632654,0.3067789115646258,0.31098231292517003,0.3169700680272109,0.3180204081632653,0.3195421768707483,0.3178136054421769,0.324474149659864,0.325221768707483,0.3204680272108843,Female,10,8-12,Elementary,C,C,R16C26f10_info1_250Hz_gu2_AEP.conn
R16C09B08,R16C09b08_info1_250Hz_gu1_AEP.conn,gu1,0.21921428571428572,0.21984761904761907,0.22655238095238092,0.24090476190476193,0.2528619047619048,0.2685952380952381,0.27010952380952374,0.2584571428571429,0.25260476190476194,0.22611904761904764,0.22016666666666665,0.2307809523809524,0.3071857142857143,0.2932952380952381,0.24824285714285713,0.3634114285714286,0.36245714285714287,0.36985999999999997,0.3708542857142857,0.36692285714285716,0.3616771428571429,0.3696885714285715,0.36750857142857135,0.3688971428571429,0.34895714285714285,0.3577057142857143,0.35902857142857136,0.37472857142857147,0.37966,0.36838000000000004,0.33563714285714286,0.3308885714285715,0.3316,0.33461428571428575,0.32750571428571423,0.3356,0.3402685714285715,0.3382857142857143,0.3377285714285715,0.34044857142857143,0.3368542857142857,0.3399228571428571,0.34537999999999996,0.3375028571428571,0.3366542857142857,0.29264591836734694,0.29538571428571425,0.29994897959183675,0.2982469387755102,0.29156734693877556,0.2708316326530612,0.27952346938775513,0.27653775510204076,0.27385714285714285,0.2877295918367347,0.2917387755102041,0.28917448979591837,0.276976530612245,0.2720602040816326,0.2699714285714286,0.29478809523809524,0.2956904761904761,0.2974309523809524,0.29519761904761904,0.2876,0.2945452380952381,0.3030190476190476,0.3029142857142857,0.30287857142857144,0.3084952380952381,0.30972142857142854,0.31213571428571424,0.31710476190476183,0.3239238095238095,0.3088404761904762,0.33286462585034016,0.33546666666666675,0.3381789115646259,0.3292224489795919,0.324974149659864,0.3242755102040817,0.3182136054421769,0.3178421768707483,0.3208687074829932,0.33834489795918365,0.3437693877551021,0.33949455782312926,0.33155510204081634,0.32961972789115646,0.34633741496598636,Male,8,8-12,Elementary,C,C,R16C09b08_info1_250Hz_gu2_AEP.conn
R16MME07GU_F10,R16mme07gu_f10_info1_250Hz_gu1_AEP.conn,gu1,0.22892857142857145,0.2406857142857143,0.24324285714285712,0.24048095238095235,0.23775714285714286,0.22169523809523814,0.22518095238095237,0.23811428571428572,0.24598571428571434,0.24487142857142855,0.23354761904761903,0.22162380952380953,0.26239047619047623,0.2635095238095238,0.25635238095238094,0.34444285714285716,0.3512857142857143,0.35043428571428564,0.34396000000000004,0.34852,0.34028,0.33258,0.33751428571428566,0.34824,0.3545114285714286,0.3596371428571429,0.3507057142857143,0.3546485714285714,0.3609914285714285,0.37575142857142857,0.3804657142857143,0.3768285714285714,0.3747285714285714,0.38164,0.3848828571428572,0.36410857142857145,0.3655314285714285,0.36880857142857143,0.37262571428571434,0.38557714285714284,0.3803114285714286,0.3842085714285714,0.38122,0.38801714285714284,0.3735828571428572,0.31893469387755097,0.3224622448979591,0.3169632653061224,0.3123938775510205,0.31179387755102045,0.3016938775510205,0.30461938775510206,0.30981734693877555,0.31139693877551017,0.32472142857142855,0.31868163265306126,0.32040204081632656,0.3222132653061225,0.32782448979591833,0.3338581632653061,0.2646714285714286,0.2693285714285714,0.2782547619047619,0.2842547619047619,0.2834761904761905,0.2849380952380952,0.2834833333333333,0.28268333333333334,0.28136904761904763,0.26538333333333336,0.27225238095238097,0.26975,0.28485952380952384,0.2779857142857142,0.2740761904761905,0.29017006802721085,0.289921768707483,0.2882904761904762,0.2936401360544218,0.2944721088435373,0.28339591836734696,0.2852061224489796,0.284956462585034,0.2835414965986395,0.2974816326530612,0.29357482993197276,0.2952428571428571,0.2914734693877551,0.29123741496598643,0.29659183673469386,Female,10,8-12,Elementary,C,C,R16mme07gu_f10_info1_250Hz_gu2_AEP.conn
R16C30M7,R16C30m7_info1_250Hz_gu1_AEP.conn,gu1,0.15479047619047617,0.1623238095238095,0.16616666666666666,0.1698666666666667,0.17557619047619047,0.16396190476190478,0.1636142857142857,0.16539047619047617,0.1648619047619048,0.13667619047619048,0.13776190476190478,0.14382857142857142,0.19308095238095238,0.20473809523809525,0.1795,0.29035428571428573,0.2892514285714286,0.29084571428571426,0.2938914285714286,0.28387142857142855,0.2699971428571429,0.27251428571428576,0.2812028571428572,0.2938685714285715,0.2817171428571429,0.28578857142857145,0.2904428571428571,0.3019685714285714,0.30866857142857146,0.3089257142857143,0.3060542857142857,0.3083714285714286,0.3170428571428571,0.323,0.3147942857142857,0.28156000000000003,0.27972,0.2846228571428572,0.28933714285714285,0.28704,0.2967285714285714,0.3063142857142857,0.2655228571428571,0.27669428571428567,0.2851942857142857,0.242865306122449,0.2441408163265306,0.24876734693877553,0.2512663265306122,0.25142040816326533,0.24332244897959182,0.247684693877551,0.2507142857142858,0.2540418367346939,0.2541704081632653,0.26293163265306124,0.26017653061224494,0.24770510204081636,0.25539183673469384,0.26675,0.2542333333333333,0.2505380952380953,0.25270952380952383,0.25614761904761907,0.26153095238095236,0.2676952380952381,0.26053333333333334,0.2606190476190476,0.26187619047619054,0.2604071428571429,0.2607,0.2615309523809524,0.2554142857142857,0.25823333333333337,0.27452380952380956,0.3193551020408163,0.3195496598639455,0.31545782312925175,0.3123061224489796,0.3107333333333334,0.3088319727891156,0.30636666666666673,0.3055285714285715,0.30745442176870746,0.32355034013605444,0.3224442176870748,0.321995918367347,0.3150306122448979,0.31587891156462583,0.3279,Male,7,5-7,Elementary,C,C,R16C30m7_info1_250Hz_gu2_AEP.conn
R16C12G7,R16C12g7_info1_250Hz_gu1_AEP.conn,gu1,0.18128095238095235,0.19074285714285713,0.20026190476190475,0.2015714285714286,0.1934857142857143,0.20612380952380951,0.21384761904761906,0.20643809523809523,0.20379999999999998,0.1958238095238095,0.20167142857142858,0.19986190476190477,0.24646190476190477,0.24204285714285714,0.2427047619047619,0.3437085714285714,0.35016,0.34554,0.33447142857142853,0.3163885714285714,0.3298314285714286,0.3296514285714286,0.324,0.32406285714285715,0.34264571428571433,0.3370285714285714,0.33546,0.3470771428571428,0.3402428571428572,0.36019428571428574,0.28175428571428573,0.29287142857142856,0.3032,0.3082485714285714,0.30148,0.28856,0.27891428571428567,0.27368571428571425,0.27238285714285715,0.2860285714285714,0.2955114285714286,0.3047542857142857,0.27672857142857143,0.2722828571428571,0.2863057142857143,0.19061530612244895,0.19370102040816328,0.20317040816326531,0.20476836734693876,0.21062653061224493,0.18997959183673468,0.1957418367346939,0.20353061224489793,0.2010326530612245,0.19693367346938778,0.19830612244897958,0.19277857142857144,0.1937010204081633,0.20224285714285717,0.19586020408163266,0.2573761904761904,0.25857380952380954,0.2616428571428571,0.26435714285714285,0.26625714285714286,0.25235,0.2552238095238095,0.25634285714285715,0.25252619047619046,0.2553952380952381,0.25503333333333333,0.25800952380952386,0.2649119047619048,0.2703595238095238,0.24459999999999996,0.2739993197278912,0.2695006802721089,0.2700095238095238,0.27321632653061223,0.27337210884353746,0.28549931972789117,0.28430952380952385,0.2797761904761905,0.2771224489795919,0.2717374149659864,0.2706489795918367,0.27579863945578226,0.2955272108843537,0.2904510204081633,0.275521768707483,Female,7,5-7,Elementary,C,C,R16C12g7_info1_250Hz_gu2_AEP.conn
R16C08G09,R16C08g09_info1_250Hz_gu1_AEP.conn,gu1,0.2395047619047619,0.24700476190476192,0.25276190476190474,0.24766190476190478,0.24211428571428573,0.25742857142857145,0.24445714285714285,0.23741904761904764,0.23732857142857144,0.2534571428571429,0.2472857142857143,0.2363333333333333,0.29733809523809523,0.28890952380952384,0.2686095238095238,0.40282285714285715,0.4098514285714286,0.4021285714285714,0.39985142857142864,0.4076028571428571,0.40156285714285717,0.39255428571428574,0.39259714285714287,0.3919142857142857,0.4148371428571429,0.4124257142857143,0.40208000000000005,0.4191457142857143,0.41901714285714287,0.4337771428571428,0.3462257142857143,0.3427685714285714,0.3366742857142857,0.3351257142857143,0.34322571428571436,0.3419628571428572,0.3353457142857143,0.3300228571428571,0.3416571428571429,0.34140000000000004,0.3350771428571429,0.3298828571428572,0.33737428571428574,0.3327657142857142,0.33655142857142856,0.29337653061224495,0.29782142857142857,0.2991377551020408,0.29398673469387754,0.28848367346938775,0.2844255102040817,0.28559999999999997,0.2820479591836735,0.2917489795918367,0.29964591836734694,0.29687142857142856,0.2916826530612245,0.28830408163265303,0.2850377551020408,0.2958061224489796,0.27582619047619045,0.2665595238095238,0.2685666666666667,0.27105,0.2734809523809523,0.28586428571428574,0.2713809523809524,0.25695952380952375,0.2594619047619047,0.2786190476190476,0.279347619047619,0.2792261904761905,0.26809285714285713,0.25890714285714284,0.2882,0.2748748299319728,0.2765448979591837,0.27826666666666666,0.2820231292517007,0.2827986394557823,0.29007687074829935,0.2855462585034013,0.28454353741496596,0.2812877551020408,0.2781687074829932,0.2797367346938775,0.2846591836734694,0.2899306122448979,0.29016666666666663,0.28646598639455784,Female,9,8-12,Elementary,C,C,R16C08g09_info1_250Hz_gu2_AEP.conn
R16M04G10,R16M04g10_info1_250Hz_gu1_AEP.conn,gu1,0.3610190476190476,0.35089523809523815,0.35042857142857137,0.359104761904762,0.3566095238095239,0.3431,0.34533333333333344,0.34915238095238094,0.34449523809523813,0.3416333333333333,0.34397142857142854,0.3540190476190476,0.3819809523809523,0.3886619047619047,0.37046666666666667,0.42801999999999996,0.4248914285714286,0.42355714285714285,0.41444285714285717,0.4127142857142857,0.40674857142857135,0.4030714285714286,0.39962857142857144,0.3987342857142857,0.3995485714285715,0.39644857142857143,0.3942514285714286,0.4239314285714285,0.42563428571428574,0.39941999999999994,0.34329142857142847,0.34332,0.34478857142857144,0.33636,0.3314428571428571,0.34746571428571427,0.34256,0.34050571428571424,0.3348685714285714,0.31920571428571426,0.3153457142857143,0.3139914285714286,0.3216428571428571,0.3210085714285714,0.3078885714285714,0.2894316326530612,0.28918673469387757,0.2947132653061225,0.2977520408163265,0.29989081632653064,0.3049163265306123,0.3033948979591837,0.3008632653061224,0.3065510204081633,0.2958091836734694,0.2958030612244898,0.29481734693877554,0.3044948979591838,0.3040826530612245,0.3001357142857143,0.33656904761904766,0.33248333333333335,0.3276642857142857,0.3277642857142857,0.34178333333333333,0.33521428571428574,0.3331547619047619,0.3369047619047619,0.3390952380952381,0.3497857142857143,0.34587619047619045,0.3459357142857143,0.3472690476190476,0.34714047619047617,0.3536357142857143,0.4074571428571429,0.40852925170068033,0.40722585034013603,0.409012925170068,0.4101299319727891,0.4066979591836735,0.41139591836734696,0.414651700680272,0.4165129251700681,0.4214979591836734,0.4154319727891157,0.4147863945578231,0.41956598639455783,0.4194625850340136,0.4201734693877551,Female,10,8-12,Elementary,C,C,R16M04g10_info1_250Hz_gu2_AEP.conn
R16C11B09,R16C11b09_info1_250Hz_gu1_AEP.conn,gu1,0.37570476190476193,0.3868809523809524,0.4081904761904762,0.40308095238095243,0.37633809523809525,0.3898714285714286,0.3993952380952381,0.4076857142857144,0.4075666666666667,0.38660952380952374,0.39490000000000003,0.3889142857142857,0.43850952380952385,0.44624285714285716,0.42950952380952384,0.4110714285714286,0.4280457142857143,0.43537142857142863,0.43363428571428575,0.4236228571428572,0.41737714285714295,0.41997142857142855,0.42176857142857144,0.4216714285714286,0.4143485714285714,0.42117999999999994,0.41974,0.4299942857142858,0.4270285714285714,0.42216000000000004,0.31785714285714284,0.31447142857142857,0.31839142857142855,0.31726,0.3221771428571429,0.3301457142857143,0.32647714285714285,0.3292971428571429,0.33330285714285723,0.32434285714285715,0.3220371428571428,0.3147371428571429,0.33834285714285717,0.33884857142857144,0.30462,0.39541632653061226,0.39249285714285714,0.39201122448979586,0.38877448979591833,0.39003061224489793,0.3982591836734694,0.3977428571428572,0.4000714285714285,0.39907857142857134,0.3966091836734695,0.39552551020408167,0.38392346938775507,0.38650204081632655,0.38885918367346944,0.3881755102040816,0.35810000000000003,0.3650785714285714,0.3628071428571429,0.35754523809523814,0.36124761904761904,0.34559999999999996,0.35086190476190476,0.3618785714285713,0.3648595238095238,0.3524857142857143,0.3542880952380952,0.3517880952380952,0.34092380952380946,0.3488452380952381,0.36098571428571424,0.37529659863945575,0.3757761904761905,0.37609523809523815,0.37715850340136053,0.37647074829931976,0.3756428571428571,0.37874285714285716,0.37804557823129253,0.3772863945578231,0.3845272108843538,0.3818877551020408,0.38047619047619047,0.3892843537414965,0.3907360544217687,0.3939414965986394,Male,9,8-12,Elementary,C,C,R16C11b09_info1_250Hz_gu2_AEP.conn
R16C38G6,R16C38g6_info1_250Hz_gu1_AEP.conn,gu1,0.2128,0.2198619047619048,0.218347619047619,0.2094047619047619,0.21236666666666668,0.23029047619047618,0.23661428571428567,0.2469761904761905,0.2490619047619048,0.20514285714285715,0.20852857142857148,0.21464285714285714,0.2638619047619048,0.27225714285714286,0.26246190476190473,0.30557142857142855,0.3103485714285714,0.30691142857142856,0.3025942857142857,0.3086,0.28446285714285713,0.29546857142857147,0.30011142857142853,0.29911714285714286,0.2999828571428572,0.3029514285714286,0.2980714285714286,0.32773714285714284,0.3327514285714286,0.3206057142857143,0.2895314285714286,0.2918914285714286,0.29011714285714285,0.2758085714285714,0.28160285714285715,0.24988285714285716,0.25856857142857137,0.2664685714285714,0.2724314285714286,0.27129714285714285,0.27956285714285717,0.2600371428571428,0.26592000000000005,0.27029142857142857,0.26687428571428573,0.23174795918367347,0.23608367346938777,0.23502857142857145,0.2327602040816327,0.23307142857142857,0.2338377551020408,0.23112346938775508,0.22985918367346939,0.22932244897959184,0.24403979591836736,0.24231326530612246,0.24543673469387753,0.2475408163265306,0.24574795918367348,0.24975306122448981,0.2172952380952381,0.20887619047619047,0.20108809523809523,0.19232619047619046,0.18712380952380955,0.1977404761904762,0.20586190476190477,0.20514999999999997,0.20508809523809524,0.21961666666666668,0.2015190476190476,0.19245476190476188,0.19111666666666668,0.19050238095238095,0.21788333333333335,0.2949414965986395,0.28738027210884354,0.28074557823129254,0.27379319727891155,0.2735857142857143,0.2886102040816326,0.2950510204081633,0.30055510204081637,0.30126734693877544,0.2926952380952381,0.29127278911564636,0.28838027210884354,0.31026394557823134,0.312178231292517,0.2988768707482993,Female,6,5-7,Elementary,C,C,R16C38g6_info1_250Hz_gu2_AEP.conn
R16C32B08,R16C32b08_info1_250Hz_gu1_AEP.conn,gu1,0.2580190476190476,0.24615714285714285,0.2478761904761905,0.2463904761904762,0.2450190476190476,0.2262666666666667,0.22422380952380952,0.22560952380952382,0.24206666666666665,0.249,0.2607952380952381,0.26175714285714285,0.2835142857142857,0.27735714285714286,0.3128761904761905,0.37771999999999994,0.3783514285714286,0.37547428571428576,0.3770914285714285,0.3723314285714286,0.3646457142857143,0.36783428571428567,0.36716,0.3700428571428572,0.35729142857142854,0.3662971428571428,0.3774942857142857,0.40590285714285707,0.4017771428571428,0.40240857142857134,0.3778457142857143,0.3770742857142857,0.3806714285714286,0.3833914285714286,0.3718428571428571,0.3611685714285714,0.3607028571428571,0.3641257142857143,0.36914285714285716,0.3737342857142857,0.36381428571428576,0.3632,0.3643657142857143,0.36975428571428576,0.36708,0.27325306122448983,0.2635357142857143,0.26085408163265306,0.26181734693877545,0.2610408163265306,0.2821581632653062,0.2841112244897959,0.28186836734693876,0.2763091836734694,0.2688571428571429,0.2600928571428571,0.26458673469387756,0.28102857142857146,0.27526020408163265,0.279719387755102,0.26798333333333335,0.26812857142857144,0.28235,0.2933523809523809,0.2895238095238095,0.29,0.2918666666666667,0.2828380952380953,0.2714357142857143,0.27860238095238093,0.2871428571428572,0.29927380952380955,0.2970190476190476,0.2891928571428572,0.28035952380952384,0.32512108843537413,0.3244108843537415,0.3253054421768708,0.3269047619047618,0.32702993197278907,0.3242578231292516,0.3263761904761905,0.3322108843537415,0.32557959183673474,0.3260027210884353,0.3280190476190476,0.33326326530612244,0.3370367346938775,0.34172040816326527,0.3385659863945578,Male,8,8-12,Elementary,C,C,R16C32b08_info1_250Hz_gu2_AEP.conn
R16C27M9,R16C27m9_info1_250Hz_gu1_AEP.conn,gu1,0.11578571428571428,0.12574285714285713,0.1460952380952381,0.1616142857142857,0.16997142857142858,0.16404761904761903,0.15408095238095235,0.14312380952380951,0.13945238095238097,0.11619523809523809,0.1436952380952381,0.15733809523809525,0.2034142857142857,0.18697142857142857,0.18624285714285715,0.2844457142857143,0.2789828571428571,0.28818,0.2903742857142857,0.29485142857142854,0.28711714285714285,0.28627142857142857,0.28700571428571425,0.2841514285714285,0.2855657142857143,0.2949171428571429,0.2961114285714285,0.31328,0.31637714285714286,0.32438000000000006,0.3200828571428571,0.30978285714285714,0.29993142857142857,0.28746285714285713,0.2863171428571428,0.2903085714285714,0.2943314285714286,0.29876285714285716,0.30039714285714286,0.30644285714285713,0.2967514285714286,0.2877228571428572,0.28487714285714283,0.28955714285714285,0.29936857142857143,0.2349020408163265,0.23745204081632654,0.2426551020408163,0.24644285714285716,0.24591020408163264,0.2417724489795918,0.2423244897959183,0.2475010204081632,0.24946326530612242,0.23853061224489797,0.24433265306122445,0.24897244897959184,0.24112142857142857,0.24178673469387757,0.24468877551020407,0.21386190476190478,0.2169714285714286,0.2214,0.22178809523809526,0.21353571428571427,0.2130119047619048,0.21388095238095237,0.21932142857142858,0.21569047619047618,0.21618095238095236,0.22204285714285713,0.2223119047619048,0.2050738095238095,0.21487857142857145,0.22221190476190478,0.2567197278911565,0.25789523809523807,0.2581802721088435,0.25760340136054427,0.25933265306122455,0.25086462585034014,0.24712108843537417,0.24561428571428565,0.24622108843537416,0.26531428571428567,0.2659204081632653,0.2651408163265306,0.2558734693877551,0.25313265306122446,0.26687278911564627,Male,9,8-12,Elementary,C,C,R16C27m9_info1_250Hz_gu2_AEP.conn
R16C14B07,R16C14b07_info1_250Hz_gu1_AEP.conn,gu1,0.23366666666666666,0.23608571428571432,0.24391428571428572,0.24835238095238096,0.23796666666666666,0.21462380952380952,0.21597142857142856,0.21877619047619049,0.22328095238095239,0.23548095238095237,0.2529142857142857,0.2528285714285714,0.2584380952380953,0.2563904761904762,0.29062857142857146,0.35931428571428575,0.3756428571428571,0.38393428571428573,0.37699142857142853,0.3656685714285714,0.3712771428571429,0.3613571428571428,0.3519971428571429,0.3485971428571428,0.37164571428571425,0.37598571428571426,0.36660000000000004,0.38282571428571427,0.3795285714285714,0.3967257142857143,0.3548057142857143,0.37395428571428574,0.38687714285714286,0.3897171428571428,0.38884857142857143,0.3608228571428571,0.3544885714285715,0.35026,0.3596942857142857,0.3694571428571428,0.38324,0.3819342857142858,0.35269428571428574,0.35608000000000006,0.38290857142857143,0.32894693877551023,0.32962448979591835,0.32881224489795924,0.33594387755102045,0.3345224489795918,0.33856224489795916,0.3364734693877552,0.32658061224489804,0.33352857142857145,0.3264275510204082,0.32435204081632657,0.32666734693877547,0.33131224489795913,0.32209387755102037,0.3168428571428571,0.2612285714285714,0.2571904761904762,0.25906904761904764,0.2533,0.2609714285714286,0.2765166666666667,0.2751738095238095,0.27050238095238094,0.2606047619047619,0.2725714285714286,0.2644190476190476,0.25944285714285714,0.28363333333333335,0.28291904761904757,0.2685095238095238,0.33983877551020414,0.34284421768707485,0.3470986394557823,0.3460034013605442,0.348165306122449,0.34656530612244896,0.34851292517006804,0.34548911564625856,0.34337346938775504,0.34801496598639453,0.3538789115646259,0.3503530612244897,0.35263741496598644,0.34873537414965994,0.35487619047619046,Male,7,5-7,Elementary,C,C,R16C14b07_info1_250Hz_gu2_AEP.conn
R16C21G7,R16C21g7_info1_250Hz_gu1_AEP.conn,gu1,0.22511904761904764,0.24074761904761907,0.24590952380952383,0.23787619047619046,0.22419523809523811,0.24281904761904763,0.24003333333333332,0.22258571428571428,0.19862380952380954,0.24326190476190476,0.2485952380952381,0.2412,0.2797095238095238,0.2680952380952381,0.2795,0.3444942857142857,0.33609428571428573,0.33674857142857145,0.34256857142857144,0.34326,0.3592371428571429,0.36807999999999996,0.35972857142857145,0.34590571428571426,0.35648857142857143,0.3647742857142857,0.3676857142857143,0.3828828571428572,0.3813457142857143,0.40674,0.34225428571428573,0.3469942857142857,0.33868857142857145,0.3377,0.34368571428571426,0.3630914285714286,0.3484885714285714,0.33989714285714284,0.33416,0.32387142857142853,0.3235028571428571,0.3223742857142858,0.33557428571428577,0.3319885714285714,0.3147942857142857,0.25419897959183674,0.25699693877551016,0.24881122448979595,0.24360714285714286,0.24678571428571433,0.25533979591836736,0.23670306122448978,0.21983469387755103,0.2191336734693877,0.2629704081632653,0.2505020408163266,0.24310408163265304,0.24641938775510203,0.234665306122449,0.25299693877551016,0.2839785714285714,0.29507857142857147,0.29632857142857144,0.28840714285714286,0.2958,0.29798571428571424,0.2887380952380952,0.2821095238095238,0.2812452380952381,0.3178380952380952,0.3038547619047619,0.29087857142857143,0.2907404761904762,0.28908333333333336,0.3126690476190476,0.3264986394557823,0.3245945578231293,0.31867414965986396,0.31705850340136055,0.3236619047619047,0.32533333333333336,0.33287142857142854,0.34515986394557824,0.3456891156462585,0.32212380952380953,0.3180408163265306,0.3148925170068027,0.3421795918367347,0.35091564625850336,0.31970204081632647,Female,7,5-7,Elementary,C,C,R16C21g7_info1_250Hz_gu2_AEP.conn
R16ME08_F10,R16me08_f10_info1_250Hz_gu1_AEP.conn,gu1,0.4609285714285714,0.46163809523809524,0.45751428571428576,0.4722,0.48553809523809527,0.4776952380952381,0.4721380952380952,0.4665095238095238,0.46135714285714285,0.46688095238095234,0.46723809523809523,0.4821571428571428,0.5174952380952381,0.5049238095238096,0.4863904761904762,0.5144057142857142,0.5062771428571428,0.4999028571428571,0.5018800000000001,0.5036228571428573,0.5012371428571429,0.5051285714285714,0.5099428571428573,0.5046257142857142,0.4985028571428572,0.49466285714285707,0.5002771428571429,0.5183171428571428,0.5244800000000001,0.5079342857142857,0.3920057142857143,0.3895028571428571,0.39432857142857136,0.40201714285714285,0.40395714285714285,0.38913428571428577,0.3868285714285714,0.38407142857142856,0.3911828571428571,0.38602857142857144,0.3928142857142857,0.3952742857142857,0.38059714285714286,0.38547142857142863,0.4001828571428572,0.3968918367346938,0.38882959183673466,0.38635612244897954,0.3878551020408163,0.3940836734693877,0.3940132653061225,0.3906540816326531,0.393530612244898,0.3925663265306123,0.39670510204081644,0.3967653061224489,0.3919387755102041,0.3854806122448981,0.3892132653061224,0.4010142857142857,0.3466833333333333,0.3445619047619047,0.33985714285714286,0.33829523809523804,0.34126428571428574,0.35046666666666665,0.3433,0.34564047619047616,0.3445309523809524,0.3545380952380952,0.36103095238095234,0.36520714285714284,0.35229285714285713,0.3499666666666666,0.3625452380952381,0.4258149659863947,0.4303346938775509,0.43410680272108837,0.43478639455782314,0.4380238095238095,0.43163741496598623,0.43042380952380954,0.4306020408163265,0.42868639455782304,0.43871904761904773,0.43731564625850355,0.43507414965986396,0.44489047619047606,0.44625442176870744,0.44475986394557815,Female,10,8-12,Elementary,C,C,R16me08_f10_info1_250Hz_gu2_AEP.conn
R16C16B07,R16C16b07_info1_250Hz_gu1_AEP.conn,gu1,0.2363142857142857,0.2392523809523809,0.24389523809523808,0.23366666666666666,0.22287142857142853,0.23171428571428573,0.22665238095238097,0.21794285714285713,0.21543809523809523,0.23051428571428567,0.22259523809523807,0.21778571428571425,0.2617857142857143,0.25256190476190477,0.2532142857142857,0.33056857142857143,0.3283714285714286,0.33516,0.33749714285714283,0.34306857142857144,0.3116514285714286,0.31886571428571425,0.3188428571428571,0.32793142857142854,0.3426057142857143,0.33796857142857145,0.32470000000000004,0.34653999999999996,0.35174000000000005,0.3597714285714286,0.3218,0.32851428571428576,0.32348571428571427,0.3171114285714286,0.3028942857142857,0.2883742857142857,0.2840114285714286,0.28663142857142854,0.29084571428571426,0.3407142857142857,0.33470285714285714,0.3251885714285715,0.2764885714285715,0.27940000000000004,0.3284657142857143,0.24446836734693878,0.2503214285714286,0.2511234693877551,0.24890918367346937,0.24662959183673472,0.23423469387755097,0.2350581632653061,0.23199591836734693,0.2298418367346939,0.257215306122449,0.258265306122449,0.2584540816326531,0.23549591836734693,0.23435816326530617,0.26833163265306126,0.2130928571428571,0.22250238095238092,0.23979047619047622,0.2482452380952381,0.2521047619047619,0.20673333333333335,0.20928095238095237,0.21100238095238097,0.20950000000000002,0.23398571428571424,0.24674761904761902,0.2573666666666667,0.22957142857142854,0.23286666666666667,0.24133809523809524,0.2942136054421769,0.293178231292517,0.29217891156462583,0.29474489795918374,0.29958435374149656,0.27744285714285716,0.2803272108843538,0.28151088435374155,0.28194353741496603,0.30637619047619047,0.3047108843537415,0.3060367346938775,0.28891700680272114,0.2882197278911564,0.3156680272108844,Male,7,5-7,Elementary,C,C,R16C16b07_info1_250Hz_gu2_AEP.conn
R16C29F9,R16C29f9_info1_250Hz_gu1_AEP.conn,gu1,0.19849999999999998,0.20710952380952383,0.20903809523809525,0.21189999999999998,0.21825238095238095,0.18996190476190478,0.19232380952380954,0.2081047619047619,0.2081142857142857,0.19493333333333332,0.1964095238095238,0.20752380952380953,0.2514809523809524,0.26501904761904765,0.22833333333333336,0.30273999999999995,0.30694,0.3022571428571429,0.30619428571428575,0.31196857142857143,0.3003514285714285,0.3059942857142858,0.3146857142857143,0.3160228571428571,0.3051371428571429,0.30438571428571426,0.3080542857142857,0.3464514285714285,0.35402571428571433,0.3316914285714286,0.2875371428571428,0.2856485714285714,0.2791085714285715,0.2693285714285715,0.26148,0.27924000000000004,0.2884685714285714,0.2827,0.2772257142857143,0.26688285714285714,0.26779714285714284,0.27038,0.2932228571428571,0.29203714285714283,0.26282857142857147,0.20965204081632652,0.21091734693877554,0.21406530612244903,0.2072326530612245,0.20333469387755104,0.19907040816326532,0.19833163265306122,0.19550306122448977,0.20113061224489792,0.21358979591836744,0.21575918367346938,0.21244183673469388,0.21026122448979592,0.2081908163265306,0.21635204081632656,0.19740238095238097,0.1990333333333333,0.19503809523809523,0.1902047619047619,0.18767142857142857,0.17750476190476192,0.18230000000000002,0.19318571428571427,0.19433333333333333,0.1974809523809524,0.19698809523809524,0.1922761904761905,0.20046428571428568,0.2045095238095238,0.19119047619047622,0.2527659863945578,0.25189999999999996,0.25077414965986394,0.2536816326530612,0.2543761904761905,0.25273129251700677,0.25498843537414967,0.25189795918367347,0.25378231292517006,0.25221564625850335,0.25473741496598645,0.25788503401360546,0.2652306122448979,0.26428435374149656,0.26273809523809527,Female,9,8-12,Elementary,C,C,R16C29f9_info1_250Hz_gu2_AEP.conn
R16C17B6,R16C17b6_info1_250Hz_gu1_AEP.conn,gu1,0.20577619047619047,0.22593333333333332,0.23004761904761906,0.22634761904761905,0.2318285714285714,0.23298571428571427,0.2376761904761905,0.2402904761904762,0.2372761904761905,0.2452952380952381,0.24028095238095237,0.22795238095238093,0.2797285714285714,0.2758095238095238,0.299547619047619,0.33592857142857147,0.33441714285714286,0.31770571428571426,0.32180285714285717,0.34151714285714285,0.32814,0.3336571428571428,0.3392,0.36256,0.35146,0.34294,0.33711428571428576,0.36747142857142856,0.36744857142857146,0.37984285714285715,0.3126657142857143,0.3104257142857143,0.30846571428571423,0.3016142857142857,0.3111171428571428,0.2979342857142857,0.29558,0.3036714285714286,0.29744000000000004,0.30312571428571433,0.29938,0.2887514285714286,0.2868085714285714,0.29274,0.2908685714285714,0.25408673469387755,0.24895204081632655,0.2538091836734694,0.24336122448979586,0.2482561224489796,0.2465795918367347,0.25824183673469386,0.25270714285714285,0.24400510204081632,0.253965306122449,0.25441632653061225,0.2374387755102041,0.25057755102040813,0.24802142857142856,0.252688775510204,0.2654095238095238,0.2669547619047619,0.27193571428571434,0.28116428571428576,0.27403571428571427,0.2756404761904762,0.2738690476190476,0.2656833333333333,0.26203809523809524,0.28595714285714285,0.2980952380952381,0.2971214285714286,0.2801119047619048,0.2716642857142857,0.2821738095238095,0.32411972789115645,0.3271319727891156,0.33552653061224497,0.3338047619047619,0.33452380952380956,0.3264687074829933,0.33022857142857137,0.3316149659863946,0.32611904761904764,0.33271088435374147,0.34069523809523816,0.34134285714285717,0.3276571428571428,0.33355374149659867,0.33452857142857145,Male,6,5-7,Elementary,C,C,R16C17b6_info1_250Hz_gu2_AEP.conn
R16C28M6,R16C28m6_info1_250Hz_gu1_AEP.conn,gu1,0.15879047619047618,0.17489999999999997,0.1718285714285714,0.1756,0.17384761904761903,0.16702380952380955,0.1679142857142857,0.1627,0.17070952380952384,0.1744619047619048,0.17266190476190477,0.17312380952380949,0.21482857142857145,0.21407142857142858,0.1966904761904762,0.31923999999999997,0.31686285714285717,0.3161457142857143,0.32810857142857147,0.32732,0.3098485714285714,0.32300285714285715,0.3282171428571429,0.32371142857142854,0.31914857142857145,0.3177685714285714,0.3204485714285714,0.34953999999999996,0.34622571428571425,0.3378657142857142,0.32929714285714284,0.33088285714285715,0.3306657142857143,0.33260000000000006,0.33117714285714284,0.3516742857142858,0.3387142857142857,0.32900285714285715,0.3312371428571429,0.33131428571428573,0.32673142857142856,0.3279971428571429,0.33825428571428573,0.3271857142857143,0.3233971428571428,0.2656806122448979,0.2665571428571428,0.26385306122448976,0.2657357142857143,0.26678367346938775,0.26681836734693876,0.2626234693877551,0.26034591836734694,0.263184693877551,0.2687285714285715,0.2662551020408163,0.2644959183673469,0.2578408163265306,0.2551081632653061,0.2592663265306122,0.25445238095238093,0.24180476190476194,0.23184285714285716,0.21995714285714285,0.21006904761904763,0.23023809523809524,0.22548333333333334,0.22509761904761905,0.23029761904761903,0.25885952380952376,0.2555809523809524,0.2421309523809524,0.23979523809523806,0.23687857142857147,0.2568190476190476,0.30494829931972783,0.3047156462585034,0.3044387755102041,0.3055489795918368,0.3011244897959184,0.30110748299319723,0.298991156462585,0.29763945578231293,0.2954176870748299,0.3092204081632653,0.30921088435374144,0.31071972789115654,0.3139380952380953,0.31582721088435367,0.31598299319727896,Male,6,5-7,Elementary,C,C,R16C28m6_info1_250Hz_gu2_AEP.conn
R16M08B09,R16M08b09_info1_250Hz_gu1_AEP.conn,gu1,0.1471,0.16133333333333333,0.1714238095238095,0.1656047619047619,0.15696190476190477,0.17448095238095238,0.18924761904761903,0.1938095238095238,0.18782857142857146,0.15843333333333334,0.1639857142857143,0.16144285714285714,0.22995714285714286,0.23096190476190478,0.20425238095238096,0.28267428571428577,0.29132857142857144,0.2995542857142858,0.2987257142857143,0.29470285714285716,0.29813999999999996,0.3096542857142857,0.3250228571428571,0.3279657142857143,0.28806,0.30118285714285714,0.3028514285714286,0.3312,0.34054285714285715,0.3342085714285714,0.34291142857142853,0.3429714285714286,0.3397571428571429,0.33381428571428573,0.3285942857142857,0.32915428571428573,0.33411428571428575,0.3436257142857143,0.33330000000000004,0.3470114285714286,0.34672571428571425,0.33902857142857146,0.3293828571428571,0.33450857142857143,0.34754571428571424,0.26210102040816324,0.2657836734693878,0.2648714285714286,0.2537234693877551,0.24698163265306125,0.2591051020408163,0.260119387755102,0.2617397959183673,0.25839591836734693,0.26000612244897964,0.2629326530612245,0.2564622448979592,0.2635255102040816,0.2612306122448979,0.2613204081632653,0.23537857142857144,0.23825714285714283,0.24807142857142853,0.24971904761904762,0.24365,0.2485261904761905,0.24792857142857141,0.24285,0.23529285714285716,0.23667619047619048,0.24221428571428574,0.2416142857142857,0.24738095238095237,0.2417952380952381,0.24582380952380953,0.2930755102040817,0.2929380952380953,0.2979517006802721,0.30196122448979595,0.30316054421768707,0.3094707482993198,0.3111074829931973,0.3076122448979592,0.30606938775510206,0.30673265306122444,0.3090965986394557,0.31034829931972785,0.31760884353741503,0.31421972789115643,0.3165721088435374,Male,9,8-12,Elementary,C,C,R16M08b09_info1_250Hz_gu2_AEP.conn
R16C36B6,R16C36b6_info1_250Hz_gu1_AEP.conn,gu1,0.2381095238095238,0.2377809523809524,0.23022380952380953,0.2185142857142857,0.22392857142857145,0.20954285714285717,0.22605714285714285,0.22572857142857142,0.2103666666666667,0.23291428571428574,0.22300476190476193,0.21858571428571427,0.26711904761904764,0.25889999999999996,0.24934285714285717,0.35422571428571425,0.34622,0.3527457142857143,0.3530628571428571,0.35373999999999994,0.34396857142857146,0.36290285714285714,0.36859714285714296,0.3603942857142857,0.3448771428571428,0.3506142857142857,0.3571571428571429,0.3969914285714286,0.39894,0.3694514285714286,0.33066285714285715,0.3267085714285714,0.3286314285714286,0.34004285714285715,0.3464942857142857,0.32832,0.3304314285714286,0.32754857142857147,0.3267342857142857,0.32836857142857145,0.3152542857142857,0.32190857142857143,0.3127742857142857,0.31352285714285716,0.31523999999999996,0.24302346938775513,0.24277755102040818,0.24752959183673467,0.24902142857142856,0.23697244897959185,0.24192346938775508,0.23850510204081637,0.232819387755102,0.2298367346938776,0.24687755102040815,0.2375857142857143,0.23823673469387754,0.2353530612244898,0.23460612244897963,0.22918877551020406,0.2487285714285714,0.2491047619047619,0.26212857142857143,0.2661023809523809,0.2715785714285714,0.28247619047619044,0.2872142857142857,0.2711,0.2608619047619048,0.27780952380952384,0.2788904761904762,0.2792880952380953,0.2991190476190476,0.2885738095238095,0.28286666666666666,0.3072265306122449,0.3016197278911565,0.29865170068027214,0.3060605442176871,0.3123265306122449,0.2998285714285714,0.3011482993197279,0.30449863945578226,0.31069183673469386,0.31157551020408164,0.30866666666666664,0.3132591836734694,0.3186625850340136,0.3193496598639457,0.31216666666666665,Male,6,5-7,Elementary,C,C,R16C36b6_info1_250Hz_gu2_AEP.conn
R16C06B16,R16C06b16_info1_250Hz_gu1_AEP.conn,gu1,0.20215238095238094,0.19522380952380955,0.19266190476190473,0.2168904761904762,0.2356142857142857,0.22404285714285713,0.23467142857142856,0.23943333333333336,0.2363714285714286,0.1916904761904762,0.19558095238095238,0.21981428571428574,0.27990000000000004,0.27725714285714287,0.23513333333333333,0.33823714285714285,0.34364,0.35318857142857146,0.3656542857142857,0.37608571428571425,0.3901314285714285,0.39359714285714287,0.3970571428571429,0.3954485714285714,0.3511171428571429,0.36364,0.37745428571428574,0.42529428571428574,0.4234885714285713,0.39992857142857147,0.39539142857142856,0.39603714285714287,0.3964571428571429,0.40191999999999994,0.4029771428571428,0.4097628571428572,0.4060114285714286,0.41452285714285714,0.42026571428571435,0.38867714285714283,0.3943771428571428,0.40582571428571435,0.40240857142857145,0.40089142857142857,0.3958457142857143,0.3111887755102041,0.3092897959183674,0.3091622448979591,0.30781938775510204,0.3057785714285714,0.30108061224489796,0.3047765306122449,0.3048265306122449,0.3025163265306122,0.30171122448979587,0.30054387755102047,0.2981214285714286,0.2983336734693878,0.2970030612244898,0.2865979591836735,0.3456000000000001,0.3380928571428572,0.33783333333333326,0.333552380952381,0.3376142857142857,0.33807380952380955,0.339547619047619,0.3410214285714286,0.3408166666666666,0.3426261904761905,0.3454285714285715,0.3451380952380953,0.3424595238095238,0.3457547619047619,0.33841666666666664,0.31577278911564627,0.3144850340136055,0.31434013605442174,0.31739727891156466,0.3132891156462585,0.31833537414965984,0.3193741496598638,0.32098979591836735,0.31851972789115646,0.31638775510204087,0.3166387755102041,0.3190414965986394,0.3269727891156462,0.32637074829931967,0.317626530612245,Male,16,Teen,Secondary,C,C,R16C06b16_info1_250Hz_gu2_AEP(1).conn
R16C35B06,R16C35b06_info1_250Hz_gu1_AEP.conn,gu1,0.20766666666666667,0.20747619047619048,0.20220000000000002,0.19008571428571427,0.18655238095238094,0.20310952380952382,0.19940952380952381,0.2030047619047619,0.20984761904761903,0.21081904761904766,0.20553333333333335,0.20082857142857144,0.22732380952380957,0.22990476190476192,0.2541761904761905,0.3214885714285714,0.32259142857142853,0.3292857142857143,0.33326,0.33262,0.31873999999999997,0.3224285714285714,0.31619142857142857,0.31264000000000003,0.32306571428571423,0.32748857142857146,0.3321057142857143,0.34389714285714285,0.34107714285714286,0.3588142857142857,0.3416485714285714,0.3411228571428571,0.3418371428571429,0.3400057142857143,0.35031142857142855,0.33610285714285715,0.34009142857142854,0.3381742857142857,0.3391228571428571,0.3458171428571429,0.35149142857142857,0.3528314285714285,0.34390857142857145,0.34073428571428577,0.3583742857142857,0.3045602040816327,0.3077367346938776,0.30573775510204076,0.30183979591836735,0.3035081632653061,0.3221612244897959,0.32062142857142867,0.31899693877551016,0.31872857142857136,0.3062132653061225,0.3060285714285714,0.30393571428571425,0.30957653061224494,0.30814897959183674,0.30046836734693877,0.3030690476190476,0.29527857142857145,0.28136428571428573,0.27618571428571426,0.2739428571428571,0.30507857142857137,0.3093904761904762,0.30272857142857146,0.28285,0.2950190476190476,0.28490714285714286,0.2825785714285714,0.3128785714285714,0.3093047619047619,0.28604761904761905,0.34150612244897965,0.34132176870748304,0.34020272108843536,0.3404816326530612,0.34371224489795926,0.3375482993197279,0.338347619047619,0.34111224489795916,0.34447755102040817,0.35518231292517,0.35290272108843534,0.3503707482993197,0.3460986394557823,0.3474414965986395,0.3541380952380953,Male,6,5-7,Elementary,C,C,R16C35b06_info1_250Hz_gu2_AEP.conn
R16P02C_G16,R16P02C_g16_info1_250Hz_gu1_AEP.conn,gu1,0.1702714285714286,0.17124761904761907,0.16127142857142857,0.1513190476190476,0.14318571428571428,0.18287142857142855,0.18860476190476186,0.17536190476190475,0.16065714285714283,0.17466190476190477,0.15453809523809525,0.13922857142857145,0.2224761904761905,0.21991904761904765,0.17479999999999998,0.3012057142857143,0.30014285714285716,0.29148,0.2829257142857142,0.28150857142857144,0.2891485714285714,0.29133714285714285,0.29689714285714286,0.29403714285714283,0.29540285714285713,0.29056000000000004,0.2812485714285714,0.3128542857142857,0.31629428571428575,0.30709428571428576,0.33813714285714286,0.3372685714285714,0.33175999999999994,0.32533999999999996,0.3211542857142857,0.3359657142857143,0.3467942857142857,0.3493171428571428,0.3358371428571429,0.3290571428571429,0.32396,0.3148142857142857,0.34661714285714285,0.35125428571428574,0.3252428571428571,0.2391795918367347,0.23979795918367347,0.2422122448979592,0.2469602040816327,0.24880102040816326,0.2492091836734694,0.24891938775510206,0.24814183673469387,0.2512173469387755,0.24262755102040814,0.24487857142857147,0.24652244897959183,0.2556418367346939,0.25341836734693873,0.2461785714285715,0.30989285714285714,0.3180214285714286,0.31799047619047616,0.3150071428571429,0.30685952380952386,0.31656666666666666,0.3155238095238095,0.3074547619047619,0.3059857142857143,0.32909285714285713,0.32525714285714286,0.32156904761904764,0.3139476190476191,0.30765714285714285,0.3156595238095238,0.303425850340136,0.3004721088435375,0.2972544217687075,0.29708163265306126,0.29710816326530615,0.3114741496598639,0.3069326530612245,0.30362176870748303,0.30538639455782307,0.30945102040816336,0.307091156462585,0.3088612244897959,0.3164938775510204,0.3113863945578232,0.3108149659863945,Female,16,Teen,Secondary,C,C,R16P02C_g16_info1_250Hz_gu2_AEP.conn
CSD499KK01F21,CSD499KK01f21_info1_250Hz_gu1_AEP.conn,gu1,0.19989523809523804,0.19647142857142855,0.1989,0.18779523809523813,0.19113809523809525,0.19157619047619046,0.19439523809523807,0.20259047619047618,0.2036095238095238,0.2101428571428571,0.2176714285714286,0.20756666666666668,0.23827142857142855,0.24017142857142856,0.24794761904761908,0.2866028571428571,0.2821371428571428,0.28189142857142857,0.28414285714285714,0.2913685714285714,0.29353142857142855,0.2907828571428571,0.2896657142857143,0.28588571428571424,0.2784114285714286,0.2835485714285714,0.28564,0.3179457142857142,0.31442571428571425,0.3117057142857143,0.26564,0.27257714285714285,0.2824028571428571,0.27558857142857146,0.26279714285714284,0.27633142857142856,0.2750828571428572,0.2672485714285714,0.2579828571428572,0.26688285714285714,0.2801571428571429,0.27126,0.27569714285714286,0.2699,0.27147714285714286,0.16740102040816326,0.171715306122449,0.18074795918367345,0.18123979591836736,0.17760816326530612,0.17326224489795922,0.16893061224489794,0.17158163265306123,0.17206428571428573,0.16839285714285715,0.17428673469387754,0.17742244897959178,0.17187755102040816,0.18012857142857144,0.16795510204081635,0.18586904761904763,0.17800238095238094,0.16972857142857142,0.17973809523809525,0.17832619047619047,0.16738333333333333,0.1780095238095238,0.17017142857142856,0.16494761904761904,0.1737738095238095,0.16517380952380953,0.16880238095238095,0.17100238095238096,0.16242857142857142,0.15936428571428574,0.24177687074829934,0.24136054421768707,0.2376836734693878,0.24019251700680272,0.24431700680272114,0.24260952380952377,0.24020340136054416,0.24360680272108848,0.2485843537414966,0.2532571428571429,0.24963605442176875,0.25126462585034015,0.24865102040816323,0.2494625850340136,0.2546285714285714,Female,21,Teen,Tertiary,C,C,CSD499KK01f21_info1_250Hz_gu2_AEP.conn
R16TEENPVB,R16teenPvb_info1_250Hz_gu1_AEP.conn,gu1,0.3363904761904762,0.33908571428571427,0.34222380952380954,0.3385190476190476,0.3338190476190476,0.3611095238095238,0.35969999999999996,0.353347619047619,0.35040000000000004,0.33790000000000003,0.3385238095238095,0.34557142857142864,0.3970761904761904,0.39408095238095237,0.37888571428571427,0.42896285714285715,0.4316971428571428,0.4345314285714286,0.43671999999999994,0.4336628571428571,0.45084,0.4459257142857143,0.4356428571428571,0.4337028571428571,0.42912285714285714,0.43262285714285714,0.43300857142857146,0.4577542857142857,0.45024571428571425,0.4668771428571429,0.42074,0.4193885714285714,0.4176285714285714,0.4202485714285714,0.42575142857142856,0.41679714285714287,0.4212457142857143,0.41996571428571433,0.4182457142857142,0.4059171428571429,0.3995028571428571,0.39931142857142854,0.40612000000000004,0.40528571428571425,0.4053742857142858,0.3396285714285714,0.3465642857142857,0.3486091836734694,0.34977653061224484,0.34922142857142857,0.34805510204081636,0.3512275510204082,0.3486826530612244,0.34367448979591836,0.35084693877551026,0.35225408163265304,0.3515755102040816,0.35584591836734697,0.35218775510204076,0.3614836734693877,0.37265,0.36383809523809524,0.35917380952380956,0.3538333333333333,0.35342619047619045,0.38150476190476196,0.3805690476190477,0.3831833333333334,0.38665,0.3637619047619048,0.3581809523809523,0.3558619047619047,0.3663261904761905,0.37259761904761907,0.3536904761904762,0.3615904761904762,0.35734897959183676,0.3534170068027211,0.3576761904761905,0.36197414965986396,0.3660850340136054,0.36479047619047617,0.36282925170068026,0.36454421768707485,0.36840544217687077,0.3641931972789116,0.3648795918367347,0.37453877551020415,0.3734585034013605,0.3778972789115647,Male,16,Teen,Secondary,E,NC,R16teenPvb_info1_250Hz_gu2_AEP.conn
R16TEEN5CB16,R16Teen5Cb16_info1_250Hz_gu1_AEP.conn,gu1,0.29812857142857146,0.3061904761904762,0.302852380952381,0.2963142857142857,0.29183333333333333,0.3082190476190476,0.3024476190476191,0.2991904761904762,0.28753333333333336,0.30290476190476195,0.30882380952380956,0.31733809523809525,0.3519047619047619,0.3462190476190476,0.3456047619047619,0.43026285714285717,0.42607714285714293,0.4219028571428572,0.42184571428571427,0.42116,0.4232285714285714,0.4174485714285715,0.41703142857142855,0.41653714285714283,0.42358285714285715,0.4248457142857143,0.42795999999999995,0.44926000000000005,0.4516742857142857,0.4415914285714286,0.4031371428571428,0.4066057142857143,0.41187428571428575,0.4017657142857143,0.41078000000000003,0.41082857142857143,0.4106685714285715,0.4026057142857143,0.39691714285714286,0.4043542857142858,0.40766,0.39610571428571434,0.4128228571428571,0.4114457142857143,0.39382285714285714,0.26222244897959185,0.2648244897959183,0.27105816326530613,0.278580612244898,0.2755602040816326,0.2734877551020408,0.2828051020408163,0.2874928571428571,0.28365,0.26560510204081633,0.2701693877551021,0.28058571428571427,0.28529795918367346,0.2858418367346939,0.28035918367346946,0.3807261904761905,0.38267619047619045,0.38769285714285723,0.3992571428571429,0.40197857142857146,0.3830714285714285,0.38990238095238094,0.4028619047619048,0.40519523809523816,0.3969642857142857,0.3938166666666667,0.40160476190476185,0.4007642857142857,0.40693571428571435,0.40136666666666665,0.36436190476190483,0.36377891156462594,0.3653625850340137,0.3642442176870748,0.3596455782312925,0.35666938775510204,0.3569210884353741,0.3573238095238095,0.3547496598639455,0.36411428571428567,0.3670340136054423,0.3652619047619048,0.36241632653061223,0.36174285714285714,0.3673598639455783,Male,16,Teen,Secondary,C,C,R16Teen5Cb16_info1_250Hz_gu2_AEP.conn
CSD499AB04G21,CSD499AB04g21_info1_250Hz_gu1_AEP.conn,gu1,0.1742047619047619,0.17155714285714285,0.17731904761904763,0.18434285714285714,0.17648571428571427,0.16480952380952382,0.16258095238095238,0.15772857142857144,0.15357142857142855,0.16906190476190475,0.17176666666666665,0.17697142857142856,0.20240952380952382,0.2000380952380952,0.20772857142857146,0.32176571428571427,0.32882285714285714,0.33255428571428575,0.33690857142857145,0.33804,0.3392657142857143,0.34011142857142856,0.34232000000000007,0.3395057142857143,0.32962857142857144,0.33100285714285715,0.3308942857142857,0.3547857142857143,0.3546685714285714,0.3570685714285714,0.32209714285714286,0.32005428571428574,0.33123142857142857,0.3404571428571429,0.3419714285714286,0.3252685714285714,0.3280571428571429,0.3300857142857142,0.33119142857142864,0.3212542857142857,0.32870285714285713,0.33214,0.32844571428571434,0.33111999999999997,0.33448,0.24211938775510206,0.2408469387755102,0.24155510204081626,0.2449704081632653,0.24824387755102043,0.24698673469387758,0.2446438775510204,0.24889183673469392,0.2522826530612245,0.2396224489795919,0.24037959183673466,0.24275816326530616,0.24321632653061223,0.2500744897959184,0.24630510204081632,0.22099285714285713,0.21450714285714287,0.2165809523809524,0.2182333333333333,0.22599999999999998,0.22719285714285717,0.2257357142857143,0.22952380952380955,0.23218809523809522,0.22513333333333332,0.2232761904761905,0.22205238095238097,0.23342619047619048,0.2362333333333333,0.2266452380952381,0.2893251700680272,0.28671088435374154,0.28314489795918374,0.28417074829931976,0.2844986394557823,0.2820748299319728,0.288178231292517,0.29115918367346943,0.28892448979591834,0.2950462585034013,0.29074353741496595,0.29107210884353735,0.2943462585034014,0.29899387755102047,0.29839455782312924,Female,21,Teen,Tertiary,A,NC,CSD499AB04g21_info1_250Hz_gu2_AEP.conn
R16JY24B17,R16jy24b17_info1_250Hz_gu1_AEP.conn,gu1,0.14632380952380952,0.15801428571428575,0.17316190476190477,0.1725190476190476,0.17014761904761902,0.1511904761904762,0.1458142857142857,0.1636142857142857,0.18918095238095237,0.1592047619047619,0.16973809523809524,0.16863809523809525,0.1935285714285714,0.21301904761904764,0.20752380952380953,0.32633428571428574,0.33068,0.3423457142857143,0.34259428571428574,0.3431314285714286,0.33686,0.34415999999999997,0.34347714285714287,0.3468714285714286,0.32263428571428576,0.33189142857142856,0.3365600000000001,0.3804457142857143,0.38471714285714287,0.35265142857142856,0.28434,0.27509142857142854,0.27831428571428574,0.29013428571428573,0.2938142857142857,0.2946142857142857,0.29224857142857147,0.2885628571428572,0.28611714285714285,0.26637714285714287,0.27009142857142854,0.2783742857142858,0.28668857142857146,0.2789542857142857,0.27503142857142854,0.21574693877551018,0.2118561224489796,0.21157857142857137,0.21357448979591834,0.21613775510204078,0.2095581632653061,0.2085234693877551,0.20582857142857142,0.20781632653061224,0.21113061224489793,0.21398061224489795,0.21467244897959187,0.209065306122449,0.20733877551020405,0.2184408163265306,0.20942380952380948,0.21044523809523807,0.21036428571428575,0.20866190476190474,0.20449285714285717,0.19980714285714285,0.19293333333333332,0.19112142857142858,0.18936904761904763,0.2100238095238095,0.20733809523809524,0.21315238095238095,0.20178809523809518,0.19745238095238093,0.19352380952380951,0.26394965986394553,0.2625448979591837,0.26010340136054416,0.26035374149659857,0.2625231292517006,0.26127414965986395,0.2584292517006802,0.26044625850340136,0.25992448979591837,0.2689285714285714,0.267187074829932,0.26764625850340135,0.27287346938775514,0.27536054421768713,0.27075646258503405,Male,17,Teen,Secondary,C,C,R16jy24b17_info1_250Hz_gu2_AEP.conn
R16CTEEN06G16,R16Cteen06g16_info1_250Hz_gu1_AEP.conn,gu1,0.2909619047619048,0.3155428571428572,0.3427238095238095,0.3391,0.3251428571428571,0.28652857142857147,0.28337142857142855,0.2819,0.2913666666666667,0.3173142857142857,0.33895238095238095,0.3350142857142857,0.33041428571428577,0.3269095238095238,0.36978571428571433,0.3676771428571428,0.38448000000000004,0.40512571428571426,0.41017714285714285,0.4076142857142857,0.37781714285714285,0.3780885714285714,0.3812628571428572,0.3921971428571428,0.38137714285714286,0.39702571428571426,0.3999885714285714,0.3955342857142858,0.40310000000000007,0.41254857142857143,0.3087142857142857,0.31641428571428576,0.32192000000000004,0.31281714285714285,0.3072542857142857,0.3245514285714286,0.32086285714285717,0.3130371428571429,0.30029142857142854,0.3093314285714286,0.3239914285714286,0.31727142857142854,0.3254,0.31845142857142855,0.33049999999999996,0.27696020408163263,0.2799755102040816,0.2855520408163265,0.2844887755102041,0.286565306122449,0.2951959183673469,0.2960714285714286,0.2975030612244898,0.2939285714285714,0.2789142857142857,0.28542551020408163,0.2849510204081633,0.2901316326530612,0.29226938775510203,0.27705204081632656,0.35996190476190476,0.3596333333333333,0.35942619047619045,0.3632547619047619,0.36529523809523806,0.3615595238095238,0.3579095238095238,0.35641904761904764,0.35897857142857137,0.36839761904761903,0.36884761904761904,0.3686214285714286,0.3557166666666667,0.3585904761904762,0.3620904761904762,0.3329238095238095,0.33093741496598644,0.3270231292517007,0.32640680272108846,0.3227163265306122,0.3285136054421769,0.3319884353741497,0.33466530612244894,0.33258299319727896,0.3454850340136054,0.3408455782312925,0.34049115646258504,0.3369292517006803,0.3406693877551021,0.3448224489795918,Female,16,Teen,Secondary,C,C,R16Cteen06g16_info1_250Hz_gu2_AEP.conn
CSD499SL03F20,CSD499SL03F20_info1_250Hz_gu1_AEP.conn,gu1,0.2080809523809524,0.2084142857142857,0.20698571428571425,0.20827619047619042,0.21803333333333333,0.2245904761904762,0.22781428571428575,0.23187619047619046,0.23118095238095238,0.2166666666666667,0.22034761904761901,0.22060952380952378,0.270847619047619,0.2656809523809524,0.26507142857142857,0.32023428571428575,0.3221857142857143,0.32669428571428566,0.32912,0.32795428571428575,0.33084285714285716,0.3350885714285714,0.33616857142857137,0.3323885714285714,0.32016285714285714,0.3247428571428571,0.32646571428571425,0.36273999999999995,0.35418000000000005,0.35492285714285715,0.2829371428571429,0.28622,0.28900000000000003,0.28895714285714286,0.2886714285714286,0.27523714285714285,0.26846285714285717,0.2650571428571429,0.2740028571428571,0.27433428571428575,0.27802571428571426,0.2835571428571429,0.27346000000000004,0.26708857142857145,0.2846857142857143,0.21501428571428569,0.2153520408163265,0.21298061224489798,0.21211530612244897,0.2146357142857143,0.2164234693877551,0.21136632653061224,0.2059112244897959,0.20916224489795918,0.21717755102040817,0.21525204081632654,0.22066530612244903,0.20866224489795918,0.2053734693877551,0.2184244897959184,0.24761904761904763,0.24249523809523818,0.24063571428571429,0.24549999999999997,0.2547285714285714,0.24799523809523807,0.24700238095238095,0.2518333333333333,0.25735476190476186,0.24089285714285713,0.24138571428571423,0.25159761904761907,0.24286428571428575,0.2507952380952381,0.23977619047619045,0.27192517006802713,0.2732210884353741,0.2774972789115646,0.28043945578231294,0.2800319727891156,0.2842823129251701,0.28882040816326526,0.2879517006802721,0.28475850340136055,0.28058299319727886,0.28384149659863944,0.284691156462585,0.30220816326530614,0.2998489795918367,0.29266462585034014,Female,20,Teen,Tertiary,S,NC,CSD499SL03F20_info1_250Hz_gu2_AEP.conn
CSD499DV04F21,CSD499DV04f21_info1_250Hz_gu1_AEP.conn,gu1,0.275352380952381,0.2868,0.2936095238095238,0.28498571428571434,0.2878619047619048,0.2654857142857143,0.25698095238095237,0.2446142857142857,0.24038095238095236,0.2864523809523809,0.29719047619047617,0.29274285714285714,0.2946857142857143,0.2841857142857143,0.33806190476190473,0.3937542857142858,0.4006657142857143,0.4058342857142857,0.40176285714285714,0.3931428571428571,0.39624571428571426,0.3932714285714286,0.38318285714285716,0.38382285714285713,0.3946342857142857,0.39833714285714283,0.39886285714285713,0.4193257142857143,0.41379714285714286,0.4187885714285714,0.3729514285714286,0.3694657142857143,0.3622171428571429,0.3557542857142857,0.35009714285714283,0.37231714285714285,0.36141999999999996,0.34875999999999996,0.35834857142857146,0.37254857142857145,0.3695028571428572,0.3609628571428572,0.3541914285714286,0.3521571428571429,0.37907142857142856,0.2652663265306122,0.2628244897959184,0.26635714285714285,0.2643438775510204,0.26420000000000005,0.2578244897959184,0.2616091836734694,0.26494591836734693,0.26385816326530614,0.25497142857142857,0.2598714285714286,0.25578367346938774,0.27062142857142857,0.26810102040816325,0.2633520408163265,0.28899761904761906,0.29155000000000003,0.29578809523809524,0.29168333333333335,0.30287380952380955,0.28294047619047613,0.29124285714285714,0.31296428571428575,0.31896428571428576,0.3042666666666667,0.30701666666666666,0.3011190476190476,0.30469999999999997,0.3162333333333333,0.3157452380952381,0.3475108843537414,0.3540238095238096,0.3519374149659864,0.3475374149659864,0.34567482993197285,0.3484455782312925,0.3433673469387755,0.34288639455782316,0.34513809523809524,0.36263061224489795,0.3647829931972789,0.36023741496598644,0.35646938775510206,0.3553836734693877,0.36936870748299316,Female,21,Teen,Tertiary,S,NC,CSD499DV04f21_info1_250Hz_gu2_AEP.conn
NIH01C01B17,NIH01C01b17_info1_250Hz_gu1_AEP.conn,gu1,0.34510476190476186,0.3257238095238095,0.3103666666666667,0.32133809523809526,0.32466666666666666,0.3452761904761905,0.3016238095238095,0.294647619047619,0.32012380952380953,0.3177190476190476,0.3252285714285714,0.33476190476190476,0.35263809523809525,0.333747619047619,0.3642809523809523,0.4647571428571428,0.4563771428571429,0.45148,0.4442257142857143,0.44586000000000003,0.46641714285714286,0.46105142857142856,0.46656285714285717,0.45328857142857143,0.4596114285714286,0.45195714285714284,0.44417999999999996,0.48371142857142857,0.4804457142857143,0.4666200000000001,0.4038057142857143,0.4097799999999999,0.41827142857142857,0.41497142857142855,0.40431142857142854,0.43304857142857145,0.43048000000000003,0.42454000000000003,0.41066285714285716,0.41149142857142856,0.41916285714285717,0.41544,0.42046857142857147,0.41096000000000005,0.41886,0.3694938775510204,0.37030510204081635,0.3637724489795919,0.359319387755102,0.36064183673469385,0.3610887755102041,0.3529530612244898,0.35201530612244897,0.3491928571428571,0.3656010204081633,0.35797959183673467,0.35809285714285716,0.3581857142857143,0.35937448979591835,0.36278571428571427,0.4102214285714285,0.4176380952380952,0.4318190476190476,0.42937142857142857,0.42975952380952376,0.40935000000000005,0.42542857142857143,0.43125238095238094,0.4226833333333333,0.4137333333333333,0.42778333333333335,0.43547142857142856,0.4255166666666667,0.43489047619047616,0.4239928571428572,0.3704006802721088,0.3724816326530613,0.37406870748299326,0.3731591836734694,0.37494013605442184,0.37523877551020407,0.376125850340136,0.37782857142857146,0.3765448979591836,0.37863061224489797,0.3807040816326531,0.3808938775510204,0.3875795918367347,0.38769387755102036,0.384321768707483,Male,17,Teen,Secondary,C,C,NIH01C01b17_info1_250Hz_gu2_AEP.conn
CSD499LS06F20,CSD499LS06f20_info1_250Hz_gu1_AEP.conn,gu1,0.2200333333333333,0.2265238095238095,0.22816666666666666,0.2232333333333333,0.2303047619047619,0.22166666666666668,0.22514285714285717,0.22962380952380954,0.24503333333333335,0.21686190476190478,0.2184904761904762,0.21240952380952383,0.26716190476190477,0.2771571428571428,0.25002857142857143,0.3347171428571428,0.32978,0.33456285714285716,0.3411857142857143,0.34594571428571425,0.3212085714285714,0.32570000000000005,0.3242285714285714,0.3273028571428571,0.3221228571428571,0.3217028571428572,0.3318085714285714,0.35106000000000004,0.3599914285714286,0.34184000000000003,0.31248857142857134,0.3130857142857143,0.3148228571428572,0.31314857142857144,0.3161742857142857,0.2984457142857143,0.3041,0.30355714285714286,0.30180285714285715,0.30461142857142864,0.30093714285714285,0.29401714285714287,0.2915685714285714,0.2964657142857142,0.29284,0.1957581632653061,0.18720612244897958,0.18961938775510206,0.19268163265306124,0.1915857142857143,0.20286326530612248,0.2034908163265306,0.20366938775510204,0.2000551020408163,0.193284693877551,0.19063163265306124,0.19488061224489797,0.20282551020408163,0.20212040816326526,0.20201020408163264,0.22578809523809526,0.2294142857142857,0.22652619047619046,0.22709761904761905,0.2207214285714285,0.23785,0.23633095238095236,0.23743809523809523,0.23798571428571433,0.23915238095238098,0.23499523809523812,0.23640238095238095,0.23834047619047616,0.24091428571428572,0.24514761904761906,0.289908843537415,0.28860204081632646,0.28453537414965996,0.2847557823129251,0.28693197278911564,0.28589251700680274,0.2857421768707483,0.2848591836734694,0.2863931972789115,0.29344285714285717,0.29291768707482996,0.2934605442176871,0.3003619047619048,0.29876394557823127,0.30373401360544217,Female,20,Teen,Tertiary,S,NC,CSD499LS06f20_info1_250Hz_gu2_AEP.conn
CSD499CS02F20,CSD499CS02f20_info1_250Hz_gu1_AEP.conn,gu1,0.13904761904761906,0.13853333333333331,0.1284,0.12765238095238096,0.13497142857142855,0.10065714285714285,0.09452380952380952,0.1013952380952381,0.12013333333333333,0.14137619047619046,0.13975238095238096,0.13702857142857142,0.15194285714285716,0.14682380952380952,0.19018095238095234,0.24665714285714285,0.25668857142857143,0.2526542857142857,0.24574285714285712,0.2454771428571428,0.25224857142857143,0.24493428571428572,0.23367714285714286,0.23851428571428573,0.26162,0.2515571428571429,0.24140857142857142,0.26168285714285716,0.2514742857142857,0.28285428571428567,0.21058,0.21555999999999997,0.21679142857142858,0.21743428571428575,0.22254000000000002,0.20763714285714285,0.1975542857142857,0.2031542857142857,0.21718571428571426,0.21979142857142855,0.2205942857142857,0.2141,0.1939685714285714,0.19957714285714284,0.22540857142857146,0.17845714285714287,0.17454795918367344,0.17046632653061225,0.16989591836734697,0.17597244897959183,0.16768265306122448,0.17000816326530613,0.16642551020408164,0.16848877551020405,0.17306836734693878,0.17200714285714286,0.17446836734693877,0.17293469387755103,0.16883061224489795,0.17363673469387758,0.1749857142857143,0.1735285714285714,0.1741261904761905,0.17438333333333333,0.18577619047619046,0.17552380952380953,0.16676666666666665,0.16556904761904764,0.17330238095238096,0.18630238095238094,0.18944523809523808,0.18735238095238094,0.18547380952380954,0.18958333333333333,0.19184761904761904,0.2507945578231292,0.25364761904761907,0.25762653061224483,0.25652993197278906,0.2562034013605442,0.25408843537414966,0.25106666666666666,0.24759795918367344,0.24603061224489797,0.2613292517006802,0.26623537414965986,0.26286122448979593,0.2631136054421769,0.25840068027210883,0.2727340136054422,Female,20,Teen,Tertiary,S,NC,CSD499CS02f20_info1_250Hz_gu2_AEP.conn
NIH01C02B19,NIH01C02b19_info1_250Hz_gu1_AEP.conn,gu1,0.17549523809523807,0.19027619047619046,0.19664285714285712,0.18017142857142857,0.17852380952380953,0.1578047619047619,0.1554047619047619,0.14766666666666667,0.15784285714285715,0.18531428571428574,0.20093809523809525,0.19470952380952378,0.1827,0.18123333333333336,0.22825714285714285,0.3156542857142857,0.3223628571428572,0.3214028571428572,0.3199771428571429,0.32233999999999996,0.3056857142857143,0.2979542857142857,0.29386857142857137,0.3077628571428571,0.3225085714285714,0.32078000000000007,0.32111428571428574,0.3368514285714285,0.3429028571428571,0.35064,0.3001771428571428,0.30534000000000006,0.30855428571428567,0.3091285714285715,0.31062,0.33236,0.3274,0.31890571428571424,0.31553714285714285,0.3047714285714286,0.30946,0.30584,0.32322285714285715,0.3166857142857143,0.3282257142857143,0.23202040816326533,0.2311132653061225,0.23115918367346938,0.22979693877551025,0.23134795918367348,0.2354112244897959,0.22796938775510206,0.22582448979591838,0.225784693877551,0.2321632653061225,0.2357510204081633,0.2371428571428571,0.22185408163265308,0.22253367346938774,0.2413704081632653,0.21993571428571432,0.2088595238095238,0.21128095238095237,0.21960238095238097,0.22496428571428573,0.22654285714285716,0.2221952380952381,0.21261190476190475,0.2113904761904762,0.2198238095238095,0.21898333333333334,0.22283333333333333,0.2139095238095238,0.20755714285714286,0.21851190476190474,0.27768775510204086,0.2752857142857143,0.27215578231292514,0.2704897959183673,0.27105034013605445,0.26710952380952385,0.2723904761904762,0.27647891156462584,0.2804863945578231,0.2773401360544218,0.27943265306122445,0.2810476190476191,0.28455102040816327,0.28991428571428574,0.28109727891156466,Male,19,Teen,Tertiary,C,C,NIH01C02b19_info1_250Hz_gu2_AEP.conn
CSD499K07F21,CSD499K07f21_info1_250Hz_gu1_AEP.conn,gu1,0.20797619047619045,0.20528095238095237,0.2009761904761905,0.1999047619047619,0.2073904761904762,0.22174285714285716,0.22635714285714284,0.22424761904761903,0.2244857142857143,0.20358571428571426,0.19844285714285714,0.19349047619047618,0.27171428571428574,0.2694809523809523,0.23955238095238096,0.32766285714285714,0.3365057142857143,0.3324057142857143,0.3253057142857143,0.32263714285714296,0.3165857142857143,0.3170514285714286,0.3177885714285714,0.3246485714285714,0.3306428571428571,0.3266142857142857,0.31743714285714286,0.34968285714285713,0.34960857142857144,0.34537428571428574,0.27684000000000003,0.27299428571428574,0.2748657142857143,0.2784657142857143,0.27493142857142855,0.29045142857142864,0.28588,0.28016,0.27644,0.2712,0.26692285714285713,0.26596857142857144,0.2824085714285714,0.27641714285714286,0.26923714285714284,0.21750510204081633,0.21955918367346935,0.22104795918367345,0.2205234693877551,0.22187346938775512,0.22584897959183675,0.22082857142857143,0.21370102040816327,0.21242551020408165,0.2266020408163265,0.22654591836734697,0.22771938775510206,0.22441632653061222,0.21651428571428571,0.22759489795918367,0.30791666666666667,0.31125714285714284,0.31420238095238096,0.3145642857142857,0.3068357142857143,0.31551190476190477,0.3101690476190476,0.3036261904761905,0.2975261904761905,0.3125047619047619,0.3131738095238095,0.3116833333333333,0.3111333333333333,0.3092857142857143,0.31989999999999996,0.3237040816326531,0.3295789115646258,0.3262231292517007,0.31948639455782313,0.3101897959183674,0.3117020408163266,0.30844897959183676,0.3063965986394558,0.30393673469387755,0.3344632653061224,0.33032448979591844,0.32090204081632645,0.32337959183673465,0.3212319727891156,0.3345442176870748,Female,21,Teen,Tertiary,S,NC,CSD499K07f21_info1_250Hz_gu2_AEP.conn
CSD499B8F21,CSD499B8f21_info1_250Hz_gu1_AEP.conn,gu1,0.14956666666666665,0.14453809523809527,0.15711428571428573,0.1742952380952381,0.18713333333333337,0.15498571428571428,0.1496952380952381,0.14386190476190477,0.13890952380952382,0.14514761904761905,0.15556190476190476,0.1722047619047619,0.19355714285714284,0.1943285714285714,0.1996619047619048,0.2677,0.2730857142857143,0.2782657142857142,0.27689714285714284,0.27103428571428567,0.26442571428571426,0.2678571428571429,0.26012857142857143,0.26139999999999997,0.27896,0.2777914285714286,0.27248857142857147,0.28940857142857146,0.2889571428571428,0.3084857142857143,0.2625571428571429,0.2655228571428571,0.2744942857142857,0.27692857142857147,0.27642285714285714,0.25024857142857143,0.24837142857142855,0.25217142857142855,0.26368285714285716,0.2757,0.2837914285714286,0.28766857142857144,0.25589142857142855,0.26315428571428573,0.2883942857142857,0.22150204081632655,0.22004285714285715,0.21673265306122444,0.21672448979591838,0.21758265306122446,0.2131234693877551,0.21592142857142854,0.21482857142857142,0.2140938775510204,0.2220377551020408,0.21939897959183674,0.21836938775510203,0.22125102040816327,0.22045918367346937,0.2193112244897959,0.20984761904761903,0.20065476190476192,0.1949761904761905,0.19554523809523808,0.2009452380952381,0.2100809523809524,0.2174142857142857,0.2189595238095238,0.22111666666666666,0.2046285714285714,0.2047595238095238,0.20365,0.2110952380952381,0.21696666666666664,0.214347619047619,0.2876632653061224,0.2867816326530612,0.287595918367347,0.2899836734693878,0.28580680272108844,0.2847312925170068,0.2808054421768707,0.282843537414966,0.2824442176870748,0.28491836734693876,0.28611768707483,0.2886877551020408,0.282543537414966,0.2823306122448979,0.2853748299319728,Female,21,Teen,Tertiary,S,NC,CSD499B8f21_info1_250Hz_gu2_AEP.conn
CSD499AH10F21,CSD499AH10f21_info1_250Hz_gu1_AEP.conn,gu1,0.2537,0.2683857142857143,0.27495238095238095,0.2633285714285714,0.2723190476190476,0.2714666666666667,0.2791571428571428,0.27720000000000006,0.27336190476190475,0.2628619047619048,0.2675666666666667,0.2608238095238095,0.3088714285714285,0.31401904761904764,0.2950809523809524,0.3840657142857143,0.38404285714285713,0.38448000000000004,0.3867885714285714,0.39445142857142856,0.4086542857142857,0.40742,0.3985485714285715,0.40634,0.37883999999999995,0.37910571428571427,0.37913428571428576,0.42038000000000003,0.41280857142857147,0.4040257142857143,0.29574285714285714,0.2935028571428572,0.30836285714285716,0.3143885714285714,0.31101999999999996,0.30294,0.3090085714285714,0.3146514285714285,0.3140914285714286,0.2909542857142857,0.30514571428571435,0.3117885714285714,0.3111771428571428,0.31110857142857146,0.3102885714285714,0.22365918367346938,0.22439897959183677,0.22711938775510204,0.23282551020408165,0.2315775510204082,0.22701938775510205,0.22964489795918366,0.2232051020408163,0.21259999999999998,0.22793571428571432,0.2297918367346939,0.2332377551020408,0.2257887755102041,0.221915306122449,0.23816224489795915,0.2355071428571429,0.2426380952380952,0.24537142857142857,0.24752857142857143,0.23930238095238096,0.2397,0.23140238095238097,0.23080238095238095,0.22835000000000003,0.22870238095238096,0.24355238095238096,0.24936190476190478,0.21147619047619046,0.21404761904761904,0.23186428571428572,0.28804761904761905,0.2827115646258503,0.2821278911564626,0.28131156462585033,0.28316598639455787,0.28749455782312927,0.28406326530612247,0.28198231292517006,0.2802244897959184,0.2893734693877551,0.2890408163265306,0.2919836734693877,0.29104285714285716,0.28883333333333333,0.2934925170068028,Female,21,Teen,Tertiary,E,NC,CSD499AH10f21_info1_250Hz_gu2_AEP.conn
R16CJTEST_B15,R16CjTest_b15_info1_250Hz_gu1_AEP.conn,gu1,0.23844761904761905,0.23551904761904763,0.22708095238095236,0.231,0.225747619047619,0.20777142857142858,0.215,0.22220000000000004,0.22804761904761905,0.2310095238095238,0.21534285714285714,0.21765714285714288,0.26448095238095237,0.2728238095238095,0.2597095238095238,0.35624,0.36814,0.36602,0.3573857142857143,0.35121142857142856,0.35857142857142854,0.35048571428571423,0.34182285714285715,0.33552000000000004,0.39072000000000007,0.38156285714285715,0.3646457142857143,0.3730514285714286,0.3670114285714286,0.3998971428571429,0.2737142857142857,0.2838914285714286,0.27662285714285717,0.2718,0.27417714285714284,0.25566857142857147,0.25324,0.25923428571428575,0.25934571428571424,0.27814571428571433,0.2727342857142857,0.27080571428571426,0.25371142857142853,0.25369714285714284,0.2717428571428572,0.22355204081632649,0.22634795918367348,0.22932959183673468,0.22548061224489796,0.2250755102040816,0.22465204081632653,0.21896938775510205,0.21694795918367352,0.21799081632653064,0.22368673469387754,0.22268469387755102,0.22326632653061224,0.21733163265306119,0.21372551020408162,0.22383979591836733,0.2614904761904762,0.2566428571428571,0.2528166666666667,0.25616904761904763,0.2555214285714286,0.2599095238095238,0.25769523809523814,0.2707071428571428,0.27854523809523807,0.26425714285714286,0.258597619047619,0.26148095238095237,0.26909761904761903,0.27567619047619046,0.2697023809523809,0.2946190476190476,0.2966278911564626,0.30066258503401355,0.3031687074829931,0.3047292517006803,0.2845047619047619,0.28688231292517014,0.2901040816326531,0.29415306122448986,0.30359659863945576,0.3063761904761905,0.3066251700680272,0.3060884353741497,0.30624557823129245,0.31284149659863936,Male,15,Teen,Secondary,C,C,R16CjTest_b15_info1_250Hz_gu2_AEP.conn
CSD499E9F21,CSD499E9f21_info1_250Hz_gu1_AEP.conn,gu1,0.16029047619047618,0.17908095238095237,0.1973904761904762,0.1833857142857143,0.16396190476190475,0.1973952380952381,0.1909952380952381,0.1768952380952381,0.16151904761904765,0.18742857142857142,0.19342857142857142,0.18542857142857141,0.22893333333333335,0.23350476190476188,0.21134761904761903,0.2986542857142857,0.31036571428571424,0.30842285714285717,0.29911714285714286,0.28877142857142857,0.34297428571428573,0.32795428571428564,0.30528000000000005,0.30526857142857144,0.3057142857142857,0.3007371428571429,0.29756857142857146,0.3492857142857143,0.3386285714285714,0.3096885714285714,0.3105914285714285,0.30977428571428567,0.31485142857142856,0.30833999999999995,0.3067228571428572,0.3026771428571428,0.3091542857142857,0.3138742857142857,0.31888,0.30449142857142864,0.32187714285714286,0.3273428571428571,0.3065742857142857,0.30886,0.31554,0.23407959183673466,0.23118061224489797,0.2412112244897959,0.24634897959183677,0.24544693877551021,0.2242989795918367,0.23029591836734697,0.22975000000000004,0.2370887755102041,0.23094183673469387,0.23967755102040816,0.24248469387755103,0.2291551020408163,0.23070816326530613,0.2416785714285714,0.2625642857142857,0.26308095238095236,0.2677404761904762,0.26276666666666665,0.26661904761904764,0.271652380952381,0.26506904761904765,0.24848095238095236,0.24538809523809527,0.24555238095238097,0.25634285714285715,0.26322619047619045,0.26135,0.2456333333333333,0.24375000000000002,0.27540884353741496,0.27749591836734694,0.28128231292517014,0.2830068027210884,0.2836394557823129,0.2756081632653061,0.27851292517006804,0.2840068027210884,0.28377619047619057,0.28607891156462584,0.29031224489795915,0.28948095238095234,0.28151292517006804,0.29066938775510204,0.2865190476190477,Female,21,Teen,Tertiary,E,NC,CSD499E9f21_info1_250Hz_gu2_AEP.conn
MMS06M22,mms06m22_250Hz_gu1_AEP.conn,gu1,0.12102380952380952,0.12119047619047618,0.11513809523809522,0.10832380952380953,0.10704761904761904,0.12716666666666665,0.12505714285714287,0.12059523809523809,0.11599523809523811,0.13572857142857142,0.13035238095238097,0.12076666666666667,0.17250476190476186,0.16697142857142858,0.1841,0.22806571428571426,0.22462,0.22128857142857142,0.22174285714285716,0.22527142857142857,0.22472857142857144,0.2262714285714286,0.22781714285714286,0.2261285714285714,0.22884000000000002,0.22766571428571428,0.23024571428571425,0.25198,0.25266571428571427,0.2510257142857143,0.23476857142857144,0.23945142857142857,0.2421542857142857,0.24379142857142858,0.24447714285714284,0.24229714285714285,0.2470914285714286,0.24696857142857143,0.24164,0.24100000000000002,0.24576285714285717,0.24829714285714286,0.25547428571428576,0.25596285714285716,0.2438742857142857,0.18529387755102042,0.1829448979591837,0.18552346938775513,0.18591938775510203,0.18204183673469387,0.18846428571428575,0.18979489795918367,0.18817346938775512,0.1878122448979592,0.18668469387755102,0.187615306122449,0.18810816326530613,0.19524795918367346,0.19258469387755103,0.19103469387755098,0.21345,0.22116904761904763,0.2261142857142857,0.2247595238095238,0.21655952380952384,0.2070857142857143,0.2107642857142857,0.2101261904761905,0.21287380952380952,0.2229047619047619,0.2285857142857143,0.22861190476190477,0.21722142857142857,0.21621904761904762,0.21271666666666667,0.2863639455782313,0.2864469387755102,0.2858299319727891,0.28249931972789116,0.27690816326530615,0.2766945578231293,0.2751829931972789,0.27915918367346937,0.28268095238095237,0.2896666666666666,0.2903047619047619,0.28951088435374145,0.28739591836734696,0.29015238095238094,0.29296462585034017,Male,22,Adult,Tertiary,C,C,mms06m22_250Hz_gu2_AEP.conn
MMS04F25,mms04f25_250Hz_gu1_AEP.conn,gu1,0.33621904761904764,0.3284238095238095,0.3279190476190476,0.3300190476190476,0.32348095238095237,0.3323285714285714,0.3275904761904762,0.32701904761904765,0.3313190476190476,0.34628571428571425,0.34426666666666667,0.34460952380952375,0.3630238095238096,0.3627428571428572,0.38217619047619045,0.4296171428571428,0.42331714285714284,0.4253628571428571,0.4277514285714286,0.42572857142857135,0.44337142857142864,0.43739428571428574,0.4378971428571429,0.43949999999999995,0.4203057142857142,0.42217142857142853,0.42895428571428573,0.44007428571428575,0.44210000000000005,0.4508400000000001,0.4999942857142857,0.49728571428571433,0.49266571428571426,0.49041428571428564,0.48307714285714287,0.49115142857142857,0.4945885714285715,0.4914828571428572,0.4911257142857143,0.5050428571428571,0.5027657142857143,0.5082428571428571,0.5054828571428571,0.5067628571428571,0.5104514285714286,0.3954908163265306,0.3957255102040817,0.3944857142857143,0.3953775510204081,0.3944755102040816,0.400980612244898,0.3994663265306122,0.39590510204081636,0.3967102040816326,0.40263979591836735,0.40007551020408166,0.3952081632653061,0.38517959183673467,0.3824061224489796,0.38549489795918374,0.31903095238095236,0.3190404761904762,0.3165238095238095,0.32407380952380954,0.33046666666666663,0.3123642857142857,0.32280238095238095,0.3306809523809524,0.33706428571428576,0.32393571428571427,0.3205595238095238,0.3276428571428571,0.3158690476190476,0.3210976190476191,0.32767857142857143,0.3885619047619048,0.3881986394557823,0.38864353741496604,0.3864476190476191,0.3845823129251701,0.37994149659863946,0.38389591836734693,0.3870748299319727,0.3906061224489796,0.3933795918367347,0.39149047619047617,0.3904639455782313,0.38883741496598634,0.39060408163265303,0.38896938775510204,Female,25,Adult,Adult,C,C,mms04f25_250Hz_gu2_AEP.conn
EES22M27,EES22M27_250Hz_gu1_AEP.conn,gu1,0.18663333333333335,0.1794714285714286,0.17404761904761903,0.17559523809523805,0.18858095238095238,0.17462857142857144,0.19260000000000002,0.20497142857142858,0.20527619047619047,0.1801904761904762,0.17500476190476189,0.17464761904761905,0.24019047619047615,0.2520428571428571,0.21930952380952384,0.30935999999999997,0.3010542857142857,0.29684285714285713,0.29855714285714285,0.3053514285714286,0.2956571428571429,0.3053657142857143,0.30953714285714284,0.31088,0.30045714285714287,0.29547142857142855,0.2964514285714286,0.3358457142857143,0.3424514285714285,0.32240857142857143,0.31572285714285714,0.3141142857142857,0.31135142857142856,0.30735428571428575,0.3116657142857143,0.30707428571428574,0.30613714285714283,0.3020171428571429,0.30061142857142864,0.3181171428571429,0.31576571428571426,0.31480571428571424,0.30872857142857146,0.30372857142857146,0.3127114285714286,0.1967438775510204,0.19002040816326532,0.18632244897959183,0.18320408163265306,0.18275612244897957,0.19387755102040813,0.19367448979591836,0.19267857142857145,0.18863061224489794,0.20103571428571426,0.19481836734693878,0.19025204081632646,0.18642142857142857,0.18638673469387754,0.19476122448979588,0.16459047619047618,0.16765952380952379,0.16630714285714285,0.15797857142857144,0.15971904761904762,0.16334999999999997,0.16434761904761905,0.1693,0.16881666666666664,0.17271666666666666,0.1670238095238095,0.15715,0.1718952380952381,0.17349761904761907,0.17210238095238095,0.2805081632653061,0.28334285714285706,0.28427891156462587,0.2804482993197278,0.2780095238095238,0.2816632653061224,0.2861959183673469,0.28361360544217684,0.2798625850340136,0.2902544217687075,0.288547619047619,0.283734693877551,0.3011462585034013,0.2996156462585034,0.29819251700680277,Male,27,Adult,Adult,E,NC,EES22M27_250Hz_gu2_AEP.conn
EES07M34,ees07m34_250Hz_gu1_AEP.conn,gu1,0.1499142857142857,0.15166190476190475,0.1389,0.12914285714285714,0.1256095238095238,0.1421714285714286,0.1328047619047619,0.13610000000000003,0.15164761904761903,0.15118571428571428,0.14003333333333334,0.12711428571428574,0.18093809523809523,0.18320476190476187,0.18222380952380954,0.2748371428571429,0.2837428571428572,0.28724000000000005,0.28621714285714284,0.2762942857142857,0.2861828571428572,0.28084571428571425,0.27580857142857146,0.27477142857142856,0.28290571428571426,0.2867571428571428,0.2857885714285714,0.29856285714285713,0.28983428571428577,0.30688000000000004,0.2734885714285714,0.2701085714285714,0.26279142857142856,0.2668857142857143,0.2619285714285714,0.27941142857142853,0.2683971428571429,0.2714542857142857,0.2742942857142857,0.2828828571428571,0.27822285714285716,0.28299142857142856,0.25680857142857144,0.2526142857142857,0.2833771428571429,0.21178775510204084,0.20863367346938774,0.20505816326530613,0.2068704081632653,0.20802551020408164,0.20064081632653058,0.19933163265306122,0.20148163265306127,0.20561836734693878,0.21031734693877552,0.20875918367346938,0.209330612244898,0.20460816326530612,0.205369387755102,0.20791938775510202,0.18416904761904762,0.18276666666666666,0.17936428571428573,0.18858095238095238,0.18464047619047622,0.18859285714285712,0.18669285714285713,0.18513095238095242,0.18953333333333333,0.19556190476190474,0.2004404761904762,0.2094404761904762,0.20111190476190477,0.19683809523809526,0.21715476190476188,0.2426537414965986,0.2425176870748299,0.24640884353741502,0.24810000000000004,0.24657959183673467,0.25068707482993197,0.2526551020408163,0.25040204081632644,0.24731496598639457,0.25062993197278916,0.2508455782312925,0.24901836734693875,0.25864353741496593,0.25750408163265304,0.25132993197278913,Male,34,Adult,Adult,E,NC,ees07m34_250Hz_gu2_AEP.conn
EES06F24,ees06f24_250Hz_gu1_AEP.conn,gu1,0.16468571428571427,0.1632714285714286,0.15421428571428572,0.1526809523809524,0.14679523809523812,0.16236190476190474,0.16326666666666667,0.16687619047619048,0.16337619047619048,0.16577142857142857,0.16507142857142856,0.16201904761904762,0.22097619047619046,0.22106666666666666,0.21825238095238095,0.2505514285714286,0.2574885714285714,0.2612285714285715,0.25996857142857144,0.2524571428571429,0.25602,0.2511914285714286,0.2520457142857143,0.24197428571428575,0.25197428571428576,0.25874,0.26173714285714283,0.2816485714285714,0.2812857142857143,0.2833257142857143,0.2938371428571428,0.29006,0.2905285714285714,0.2874,0.28974285714285714,0.30101428571428573,0.2987514285714285,0.30149714285714285,0.3062228571428572,0.27427428571428575,0.2736228571428571,0.2777142857142857,0.2851314285714286,0.2932457142857143,0.27436571428571427,0.1994112244897959,0.19609591836734697,0.19302142857142854,0.19348469387755102,0.19633265306122447,0.1862561224489796,0.19092040816326533,0.19460102040816324,0.19537755102040819,0.1907908163265306,0.18807142857142858,0.1909642857142857,0.19857142857142862,0.1999765306122449,0.19308061224489795,0.18339523809523808,0.17473333333333332,0.16712857142857143,0.16465,0.16562857142857143,0.1842166666666667,0.1890738095238095,0.19200476190476193,0.18989761904761907,0.19452380952380952,0.18775238095238098,0.18294047619047618,0.20912142857142857,0.21236190476190478,0.20142380952380956,0.26285782312925177,0.2623877551020409,0.25898775510204086,0.25459455782312923,0.25322176870748303,0.2546204081632653,0.2520380952380952,0.25241292517006797,0.25233061224489794,0.26378911564625857,0.26364081632653064,0.260361224489796,0.2591421768707483,0.2607244897959184,0.264339455782313,Female,24,Adult,Adult,E,NC,ees06f24_250Hz_gu2_AEP.conn
EES08M41,ees08m41_250Hz_gu1_AEP.conn,gu1,0.14159047619047618,0.13473333333333334,0.12430000000000001,0.12425238095238096,0.13494761904761907,0.14848095238095238,0.13466190476190473,0.1268857142857143,0.12966666666666668,0.1466904761904762,0.13653809523809524,0.137,0.17241428571428571,0.16762857142857146,0.18808571428571427,0.29965142857142857,0.29160571428571436,0.28809142857142855,0.28731142857142855,0.29474857142857136,0.2911914285714286,0.2843399999999999,0.2752514285714286,0.27931428571428574,0.2959657142857143,0.29601428571428573,0.2924857142857143,0.31021428571428566,0.29884857142857146,0.3150628571428572,0.2923685714285715,0.29566857142857145,0.29696285714285714,0.2933542857142857,0.291,0.29144571428571425,0.29098,0.28542,0.2797714285714286,0.2945085714285714,0.29015142857142856,0.28152571428571427,0.2969085714285714,0.29434285714285713,0.2924428571428571,0.24612551020408166,0.24550204081632648,0.24260204081632653,0.24006632653061225,0.23705510204081628,0.24190408163265306,0.24031836734693876,0.23748367346938778,0.23713979591836737,0.2465663265306123,0.24355102040816326,0.23929795918367344,0.2425,0.23874693877551026,0.2407214285714286,0.20891666666666667,0.21108095238095237,0.21257142857142855,0.2077285714285714,0.20063571428571428,0.20166666666666666,0.20661904761904762,0.20387142857142856,0.19616190476190476,0.2195547619047619,0.2221761904761905,0.21665238095238096,0.2182690476190476,0.2179690476190476,0.21948809523809523,0.30165578231292517,0.30010136054421765,0.29734149659863945,0.29621088435374154,0.2966945578231292,0.3002795918367347,0.29353197278911564,0.29117074829931977,0.29401768707482984,0.30977755102040827,0.30671292517006804,0.3042319727891156,0.2974,0.2970809523809524,0.30829863945578234,Male,41,Adult,Adult,E,NC,ees08m41_250Hz_gu2_AEP.conn
EES10M22,EES10M22_250Hz_gu1_AEP.conn,gu1,0.18964285714285714,0.1811761904761905,0.18090952380952383,0.18259523809523812,0.17611428571428575,0.21606666666666666,0.21370476190476193,0.21223809523809523,0.20451428571428568,0.19622380952380955,0.18881904761904766,0.18855714285714287,0.24216190476190477,0.24312857142857144,0.2287809523809524,0.32965142857142854,0.3332371428571429,0.3301,0.3194828571428571,0.31774,0.30540285714285714,0.3053057142857143,0.3120171428571429,0.31838571428571427,0.3415057142857143,0.33760857142857137,0.3262542857142857,0.32102571428571425,0.32631714285714286,0.34815999999999997,0.30138,0.30095714285714287,0.30675142857142856,0.3020314285714286,0.30223428571428573,0.2874171428571428,0.29534,0.3072885714285714,0.30490000000000006,0.3053571428571428,0.31030857142857143,0.29967428571428567,0.28940857142857146,0.30839142857142854,0.29441142857142855,0.21596632653061223,0.20993877551020407,0.20767244897959183,0.20888673469387756,0.2059948979591837,0.2139540816326531,0.21600714285714287,0.21483367346938773,0.21314285714285713,0.21227142857142858,0.20803163265306127,0.21371428571428572,0.21618469387755104,0.21485612244897956,0.22147448979591836,0.23935238095238098,0.2302,0.22164285714285714,0.22711666666666666,0.2251119047619048,0.2269642857142857,0.22709047619047618,0.22807619047619046,0.22085,0.23485476190476193,0.22771428571428573,0.23410476190476193,0.2150261904761905,0.2162452380952381,0.22248333333333334,0.2895673469387755,0.2904829931972789,0.2958517006802721,0.2986074829931973,0.29511768707482994,0.2888530612244898,0.28910952380952387,0.28786734693877547,0.28930272108843536,0.29994557823129253,0.3016183673469388,0.2994612244897959,0.3062482993197279,0.30184217687074827,0.3025448979591837,Male,22,Adult,Tertiary,E,NC,EES10M22_250Hz_gu2_AEP.conn
MMS20M28,mms20m28_250Hz_gu1_AEP.conn,gu1,0.17040476190476195,0.16704761904761903,0.16677142857142857,0.19383809523809523,0.21265238095238093,0.18326190476190476,0.17464285714285718,0.1848809523809524,0.20666666666666667,0.16735238095238095,0.17215714285714287,0.20048571428571427,0.20860476190476188,0.2206714285714286,0.2187095238095238,0.27152571428571426,0.27938857142857143,0.28557428571428567,0.28167714285714285,0.2706114285714286,0.27753428571428573,0.28240857142857145,0.28855142857142857,0.29449142857142857,0.28892571428571434,0.2942714285714286,0.27925428571428573,0.3050114285714286,0.30692285714285716,0.32730000000000004,0.25545999999999996,0.25886,0.2618085714285714,0.25551428571428575,0.2718,0.2739228571428572,0.2769857142857143,0.2672142857142857,0.2620142857142857,0.2542057142857143,0.25808285714285717,0.2426428571428571,0.2571428571428572,0.24783142857142856,0.2653885714285714,0.18961224489795916,0.19155204081632654,0.19461020408163265,0.20174999999999993,0.20734591836734692,0.1986397959183674,0.19753877551020405,0.19486224489795917,0.18707244897959183,0.19797551020408163,0.19724489795918365,0.20039285714285712,0.19280408163265306,0.1851948979591837,0.19418265306122448,0.1955285714285714,0.19365238095238094,0.18106666666666668,0.18282619047619045,0.19644761904761907,0.22078095238095238,0.22216666666666665,0.21293571428571426,0.2114547619047619,0.19341428571428573,0.1847047619047619,0.1868857142857143,0.22940000000000002,0.21865714285714286,0.2065880952380952,0.24024285714285717,0.23686122448979594,0.23661088435374153,0.24194149659863945,0.24758027210884354,0.24126530612244895,0.23829931972789112,0.24240068027210887,0.24676666666666666,0.24398639455782317,0.24540680272108842,0.25080952380952376,0.24851768707482988,0.25470748299319723,0.2528462585034013,Male,28,Adult,Adult,C,C,mms20m28_250Hz_gu2_AEP.conn
MMS19F30,mms19f30_250Hz_gu1_AEP.conn,gu1,0.19066190476190473,0.18674761904761908,0.17940952380952382,0.19049523809523808,0.19115238095238096,0.17082857142857144,0.1663047619047619,0.16756666666666667,0.16955714285714285,0.17762857142857144,0.17061428571428572,0.1773714285714286,0.20662857142857147,0.20315714285714284,0.22059047619047623,0.3111285714285714,0.31563142857142856,0.3236942857142857,0.33056285714285705,0.33218857142857144,0.3226971428571429,0.3154971428571428,0.30698285714285717,0.3073714285714286,0.31620857142857145,0.32784285714285716,0.3339914285714286,0.35236285714285714,0.34389142857142857,0.34940000000000004,0.33109714285714287,0.33697142857142853,0.3444571428571429,0.3446885714285714,0.3372942857142857,0.33749142857142855,0.33437142857142854,0.33163714285714285,0.32574571428571425,0.33167142857142856,0.3381200000000001,0.3418971428571429,0.3311942857142857,0.3322657142857143,0.32248857142857146,0.274615306122449,0.27292346938775514,0.272830612244898,0.2690112244897959,0.26849285714285714,0.2670367346938776,0.27186938775510205,0.27892755102040817,0.27884591836734696,0.2748275510204082,0.2767928571428572,0.27321326530612244,0.2698969387755102,0.2792714285714286,0.27796734693877545,0.2738047619047619,0.2697904761904762,0.26935238095238095,0.2660428571428572,0.2695071428571429,0.24774523809523807,0.26376190476190475,0.2710619047619048,0.27236428571428567,0.28002380952380956,0.2795214285714286,0.27587142857142855,0.264747619047619,0.2683261904761905,0.2734738095238095,0.2872734693877551,0.2871612244897959,0.28665578231292516,0.2840047619047619,0.2819911564625851,0.2850054421768708,0.2887891156462585,0.28850000000000003,0.285321768707483,0.2943421768707483,0.29109387755102045,0.2862877551020408,0.298021768707483,0.2978421768707482,0.2948795918367347,Female,30,Adult,Adult,C,C,mms19f30_250Hz_gu2_AEP.conn
MMS18M36MIX,mms18m36mix_250Hz_gu1_AEP.conn,gu1,0.1376238095238095,0.13985238095238095,0.13713809523809525,0.1394857142857143,0.14008571428571429,0.1343047619047619,0.13811428571428572,0.1267952380952381,0.13181428571428574,0.13806190476190475,0.13839047619047617,0.1387809523809524,0.1796857142857143,0.17629999999999998,0.18195238095238095,0.23652857142857142,0.24285142857142858,0.23670857142857143,0.23219714285714285,0.22972,0.2291514285714286,0.22769142857142857,0.2241457142857143,0.22841428571428574,0.2428228571428571,0.2419,0.24219714285714286,0.24936857142857144,0.2519542857142857,0.27256285714285716,0.2786085714285714,0.2832742857142857,0.2775657142857143,0.27177142857142855,0.2631428571428571,0.25273428571428574,0.25364000000000003,0.25752857142857144,0.2611057142857143,0.2838142857142857,0.27564,0.2769142857142857,0.26123142857142856,0.26256285714285715,0.2699571428571429,0.19310204081632656,0.19552244897959187,0.2007061224489796,0.20593979591836734,0.2072224489795918,0.1977918367346939,0.1967877551020408,0.1966204081632653,0.19612244897959183,0.19962551020408165,0.1996683673469388,0.20003061224489802,0.1919938775510204,0.18967857142857142,0.19599387755102038,0.17237380952380954,0.17774047619047617,0.18069761904761905,0.17416666666666666,0.17065714285714284,0.18398095238095238,0.18214523809523808,0.17076190476190475,0.16505714285714287,0.1777904761904762,0.17939047619047618,0.17777142857142858,0.1967309523809524,0.17943571428571428,0.1808642857142857,0.2558149659863946,0.2541551020408163,0.2557367346938775,0.2574503401360544,0.2583945578231293,0.25025238095238095,0.2535557823129252,0.2555537414965987,0.2570687074829932,0.25718367346938775,0.2609428571428571,0.263769387755102,0.26228775510204083,0.2631108843537415,0.2679918367346939,Male,36,Adult,Adult,C,C,mms18m36mix_250Hz_gu2_AEP.conn
MMS16M23,mms16m23_250Hz_gu1_AEP.conn,gu1,0.12166190476190476,0.12671904761904762,0.12367619047619045,0.11873809523809524,0.12219523809523809,0.12041428571428571,0.12860476190476192,0.13477142857142857,0.1371,0.14083333333333334,0.1367761904761905,0.13073333333333334,0.1817904761904762,0.18534285714285714,0.19183809523809522,0.20504571428571428,0.2036,0.20649428571428574,0.21302857142857143,0.2154657142857143,0.21219714285714283,0.21941142857142854,0.22009428571428571,0.2217457142857143,0.21112857142857142,0.21274285714285718,0.21513428571428572,0.24390857142857145,0.24701714285714288,0.24917142857142854,0.23846571428571428,0.24053714285714284,0.24117714285714284,0.23798857142857144,0.24588571428571426,0.2456457142857143,0.24717142857142854,0.24948,0.2511885714285714,0.2463514285714286,0.24450857142857144,0.24338571428571432,0.26504,0.2667114285714286,0.25122857142857147,0.17081326530612248,0.1674989795918367,0.1625591836734694,0.16214285714285714,0.1601938775510204,0.16705204081632655,0.1619030612244898,0.16199081632653062,0.1632530612244898,0.16335714285714284,0.15730204081632654,0.15364897959183677,0.15668979591836735,0.15507346938775513,0.15807857142857146,0.18058809523809527,0.1768809523809524,0.16802142857142857,0.16082142857142856,0.15364523809523808,0.1653214285714286,0.16075476190476193,0.15913809523809525,0.1635595238095238,0.18344999999999997,0.1766452380952381,0.17075714285714286,0.1621047619047619,0.16026666666666664,0.1673785714285714,0.24045442176870743,0.2384925170068027,0.23822176870748296,0.23789183673469388,0.24084489795918368,0.2485986394557823,0.24445034013605446,0.24054353741496606,0.2361986394557823,0.24198911564625847,0.24010340136054423,0.24104353741496598,0.25114829931972793,0.24802108843537418,0.24200476190476192,Male,23,Adult,Adult,C,C,mms16m23_250Hz_gu2_AEP.conn
EES14F26,ees14f26_250Hz_gu1_AEP.conn,gu1,0.17478095238095237,0.17299047619047617,0.16094285714285717,0.1585952380952381,0.1665047619047619,0.1661857142857143,0.17093809523809525,0.17761428571428572,0.1819952380952381,0.17085238095238095,0.16495714285714286,0.16396666666666668,0.20818571428571428,0.21322857142857143,0.20643809523809523,0.2753885714285714,0.2691257142857143,0.26131714285714286,0.25399714285714287,0.2608857142857143,0.2514885714285714,0.2603228571428572,0.2686885714285715,0.2812742857142857,0.26048,0.25791142857142857,0.25369142857142857,0.27974857142857135,0.2873228571428571,0.28147714285714287,0.2721314285714285,0.2760742857142857,0.2759314285714286,0.2747171428571428,0.2743228571428572,0.2646685714285714,0.27030571428571426,0.2649714285714286,0.2618514285714285,0.27749999999999997,0.27816,0.2736457142857143,0.27386285714285713,0.26940857142857144,0.2710057142857143,0.19537040816326529,0.2015479591836735,0.20266734693877556,0.19815408163265308,0.19223265306122453,0.18022346938775513,0.1850877551020408,0.18817755102040815,0.18644183673469386,0.1988234693877551,0.19747755102040815,0.18885612244897956,0.18671938775510205,0.18502653061224494,0.18469387755102037,0.17002380952380955,0.17533333333333334,0.18376904761904764,0.1817857142857143,0.18657380952380953,0.19396428571428573,0.18992857142857145,0.19096190476190475,0.18685238095238096,0.19184285714285718,0.19805952380952377,0.1949,0.19742142857142855,0.20061428571428574,0.20714285714285716,0.28089387755102047,0.28106530612244895,0.28197482993197276,0.28491836734693876,0.2848265306122449,0.2795761904761905,0.2777353741496599,0.2775428571428572,0.27860748299319726,0.2824911564625851,0.2837482993197279,0.2854863945578231,0.29048979591836743,0.28974013605442184,0.28997346938775515,Female,26,Adult,Adult,E,NC,ees14f26_250Hz_gu2_AEP.conn
EES09M30MU,EES09m30mu_250Hz_gu1_AEP.conn,gu1,0.22890476190476186,0.22894761904761907,0.2346571428571429,0.22670476190476188,0.2159095238095238,0.2281238095238095,0.2250761904761905,0.22584761904761905,0.2247904761904762,0.2423809523809524,0.24350952380952381,0.23274285714285714,0.264747619047619,0.2652761904761905,0.27603809523809525,0.26859142857142854,0.2795742857142857,0.2902914285714286,0.2864885714285714,0.28133142857142857,0.26632285714285714,0.26417428571428575,0.2665285714285714,0.2756828571428571,0.2829542857142857,0.28806,0.28596857142857146,0.2930857142857143,0.29229142857142854,0.30724285714285715,0.2738771428571429,0.2831228571428571,0.2864771428571429,0.2840485714285715,0.28263142857142853,0.2879657142857143,0.28648285714285715,0.28311142857142857,0.2815228571428571,0.2707142857142857,0.27444857142857143,0.2805657142857143,0.2763171428571428,0.2754171428571429,0.2748428571428571,0.24142551020408162,0.24403265306122446,0.24190714285714288,0.2397163265306122,0.23636530612244894,0.2303724489795919,0.23148061224489794,0.2310367346938776,0.23143979591836739,0.24241530612244902,0.23778061224489797,0.2336571428571428,0.2287040816326531,0.22915510204081632,0.22987346938775513,0.23804761904761906,0.23983333333333334,0.2510666666666667,0.25918571428571424,0.25862619047619045,0.24076190476190476,0.24083809523809527,0.24364047619047616,0.2519119047619048,0.24610714285714286,0.2549214285714286,0.2625404761904762,0.26140238095238094,0.26184999999999997,0.2631738095238095,0.28022448979591835,0.2818775510204081,0.284369387755102,0.2859244897959184,0.2859190476190476,0.27714217687074827,0.27243537414965985,0.2737918367346938,0.27594897959183673,0.284865306122449,0.2898047619047619,0.29094965986394555,0.28580204081632654,0.28843945578231295,0.29079319727891156,Male,30,Adult,Adult,E,NC,EES09m30mu_250Hz_gu2_AEP.conn
EES23F24,ees23f24_250Hz_gu1_AEP.conn,gu1,0.15255238095238097,0.16211904761904763,0.17092857142857143,0.17590952380952382,0.18021904761904764,0.13674285714285714,0.14703333333333335,0.15353809523809522,0.1573,0.15976190476190477,0.16188095238095238,0.15773333333333334,0.17520952380952381,0.18540952380952377,0.18348095238095238,0.28271999999999997,0.28426285714285715,0.2868428571428571,0.28927142857142857,0.28997142857142855,0.2734857142857143,0.2776742857142857,0.27011714285714283,0.2676085714285714,0.2799028571428571,0.2831542857142857,0.28261714285714284,0.3058742857142857,0.2956971428571428,0.3020057142857143,0.2780714285714285,0.28048285714285714,0.2791,0.2843114285714286,0.2905485714285715,0.2726085714285714,0.2770828571428572,0.27798,0.26986,0.27829714285714285,0.2753,0.27754285714285715,0.28378857142857145,0.28319428571428573,0.2781571428571428,0.22526836734693875,0.22325102040816325,0.22107755102040816,0.22360204081632654,0.22633061224489798,0.22508673469387755,0.22519081632653065,0.22337040816326525,0.22402448979591835,0.2289540816326531,0.2240765306122449,0.22268367346938778,0.2245142857142857,0.22079081632653064,0.22737755102040816,0.18474047619047618,0.18514285714285714,0.18385952380952383,0.18453333333333335,0.19018095238095237,0.1755095238095238,0.17593095238095238,0.16917619047619048,0.16842380952380953,0.18609285714285714,0.18605238095238097,0.18820238095238098,0.19493809523809524,0.18803095238095238,0.17919285714285715,0.2677714285714286,0.26470680272108843,0.26573401360544213,0.2694564625850341,0.2698734693877551,0.2580442176870748,0.26037278911564626,0.26500884353741494,0.26867006802721083,0.2717210884353741,0.2723714285714286,0.27448707482993195,0.26838775510204077,0.27266190476190466,0.2752428571428572,Female,24,Adult,Adult,E,NC,ees23f24_250Hz_gu2_AEP.conn
EES21F20,EES21F20_250Hz_gu1_AEP.conn,gu1,0.15272857142857144,0.15707619047619048,0.15580952380952381,0.16188571428571427,0.1674142857142857,0.1730142857142857,0.17780952380952378,0.1689142857142857,0.1575047619047619,0.15168571428571428,0.15106190476190476,0.15474285714285715,0.2112333333333333,0.20351428571428573,0.1845619047619048,0.2848857142857143,0.29005428571428576,0.29276,0.29972000000000004,0.2942828571428571,0.27468857142857145,0.2800057142857143,0.2809171428571428,0.2793771428571429,0.28668857142857146,0.2890714285714286,0.2926971428571429,0.30304,0.3031542857142857,0.3055914285714286,0.3114942857142857,0.29574,0.29098,0.2961285714285714,0.29788,0.30926857142857145,0.3100914285714286,0.31226000000000004,0.3120857142857143,0.28960285714285716,0.29018,0.29171142857142857,0.3062742857142857,0.3079314285714286,0.28787714285714283,0.19216632653061222,0.19532755102040816,0.19214795918367347,0.18786020408163265,0.18626632653061223,0.20008571428571428,0.19629489795918367,0.19381734693877553,0.1965030612244898,0.19259795918367345,0.1911224489795918,0.18893673469387756,0.19308775510204082,0.19350714285714282,0.1904244897959184,0.21760714285714286,0.21297380952380954,0.20987142857142857,0.21638571428571432,0.2128,0.20233571428571429,0.20347619047619045,0.20013095238095238,0.2000428571428571,0.2192452380952381,0.21655476190476186,0.22871190476190476,0.20394761904761904,0.20856428571428567,0.21311666666666665,0.23164285714285712,0.22925714285714277,0.23352380952380955,0.23555238095238096,0.2329639455782313,0.23062925170068027,0.2308836734693878,0.2317850340136054,0.23339659863945578,0.2372421768707483,0.23966802721088437,0.24069727891156464,0.24720068027210879,0.24699455782312926,0.24279183673469384,Female,20,Adult,Tertiary,E,NC,EES21F20_250Hz_gu2_AEP.conn
EES11M35,ees11m35_250Hz_gu1_AEP.conn,gu1,0.23745714285714284,0.23829999999999998,0.23743333333333336,0.23125714285714283,0.2365238095238095,0.2567285714285715,0.25606190476190477,0.25266666666666665,0.23892380952380954,0.23821428571428568,0.2415761904761905,0.23945238095238094,0.3136714285714286,0.3050333333333333,0.27894285714285716,0.3335457142857143,0.32843714285714287,0.3233285714285714,0.3298628571428572,0.3325714285714285,0.34632857142857143,0.3475285714285714,0.34155714285714284,0.3305142857142857,0.32539142857142855,0.3215,0.3250142857142857,0.3819314285714286,0.37316000000000005,0.3543657142857143,0.27645428571428565,0.27022285714285715,0.2715971428571428,0.27342571428571427,0.2735942857142857,0.2764485714285715,0.2894028571428572,0.2933685714285714,0.28606,0.25957714285714284,0.26306285714285715,0.2687885714285715,0.2858628571428571,0.2886228571428572,0.26965428571428574,0.21236938775510206,0.21784693877551017,0.22528571428571428,0.22705918367346942,0.22468469387755102,0.20432857142857144,0.20990714285714285,0.2149275510204082,0.22094387755102038,0.21630612244897957,0.22115306122448977,0.22185714285714284,0.21547959183673468,0.21954795918367348,0.21561326530612246,0.24104523809523806,0.2372642857142857,0.23700000000000002,0.23498095238095237,0.23545238095238097,0.24750952380952382,0.24935238095238096,0.25294047619047616,0.2455357142857143,0.24686666666666668,0.2499214285714286,0.2515595238095238,0.24911190476190478,0.2528404761904762,0.25363571428571424,0.2679993197278912,0.2695639455782314,0.27033537414965986,0.26863197278911566,0.26646802721088436,0.2565938775510204,0.2574142857142857,0.2580585034013605,0.2570646258503402,0.2739156462585034,0.2725979591836735,0.27292721088435373,0.2726571428571428,0.2729707482993198,0.27789795918367344,Male,35,Adult,Adult,E,NC,ees11m35_250Hz_gu2_AEP.conn
EES20F22,ees20f22_250Hz_gu1_AEP.conn,gu1,0.19018571428571432,0.1996238095238095,0.20110952380952382,0.19687619047619045,0.19194285714285717,0.22921428571428568,0.21391428571428572,0.19283333333333333,0.18513809523809524,0.19215714285714283,0.19366666666666665,0.1846095238095238,0.24341904761904765,0.22700952380952386,0.23648095238095243,0.2927571428571428,0.2919885714285714,0.28842,0.2803542857142857,0.27808857142857146,0.27874857142857146,0.2765942857142857,0.2731685714285714,0.27988857142857143,0.2882342857142858,0.2834,0.2753828571428571,0.3104514285714286,0.3058485714285714,0.3230257142857143,0.3223742857142857,0.3244971428571429,0.3206542857142857,0.3172714285714286,0.30846571428571423,0.30931714285714285,0.3055142857142857,0.3058,0.32192857142857145,0.32059714285714286,0.31648571428571426,0.31113142857142856,0.31438,0.31114857142857144,0.31685714285714284,0.24111734693877548,0.24576020408163268,0.24539591836734695,0.24245306122448979,0.23974183673469388,0.24420612244897957,0.2404081632653061,0.23996122448979595,0.23912551020408165,0.24813775510204078,0.249404081632653,0.24362755102040817,0.24066938775510208,0.24380816326530613,0.24434489795918365,0.23588333333333336,0.23802857142857145,0.23789285714285713,0.2333309523809524,0.23399761904761904,0.2330833333333333,0.23063095238095235,0.23243095238095238,0.23449761904761904,0.24218333333333333,0.24873809523809523,0.24905238095238094,0.2385952380952381,0.2436642857142857,0.2565380952380953,0.28019591836734686,0.2820591836734694,0.2794136054421768,0.2797687074829932,0.28082721088435375,0.2889517006802721,0.287730612244898,0.2842081632653062,0.2799931972789116,0.2896727891156463,0.28779251700680275,0.2863258503401361,0.3014374149659864,0.29831496598639456,0.3013666666666667,Female,22,Adult,Tertiary,E,NC,ees20f22_250Hz_gu2_AEP.conn
MMS05F36,mms05f36_250Hz_gu1_AEP.conn,gu1,0.15967142857142858,0.1514333333333333,0.15616666666666665,0.17594761904761905,0.17890952380952382,0.20344285714285715,0.19808571428571428,0.1878142857142857,0.1786047619047619,0.15588095238095237,0.1631904761904762,0.18571428571428572,0.21735238095238096,0.20686190476190477,0.21033809523809524,0.28333142857142857,0.2931285714285714,0.2933685714285715,0.28949714285714284,0.2744714285714286,0.27982000000000007,0.27547714285714286,0.27074571428571426,0.2669314285714286,0.2943314285714286,0.29400571428571426,0.2868142857142857,0.29269142857142855,0.2832285714285715,0.31215714285714286,0.2632028571428572,0.26732,0.2641314285714286,0.2560857142857143,0.25073428571428574,0.24870285714285711,0.2497028571428571,0.2492228571428572,0.2514171428571429,0.25684,0.2530942857142857,0.24861428571428573,0.24538000000000001,0.24887142857142855,0.2508914285714286,0.1889469387755102,0.1900183673469388,0.1890897959183673,0.19031938775510207,0.18851428571428577,0.1946867346938776,0.19331938775510205,0.19250816326530612,0.19041428571428573,0.1902,0.19251530612244896,0.19309081632653058,0.18459489795918366,0.18610510204081634,0.19033673469387757,0.22039285714285714,0.20884761904761903,0.19773095238095237,0.18955714285714287,0.19082857142857143,0.21604047619047617,0.21221428571428572,0.21078333333333332,0.21509761904761904,0.21529047619047617,0.2095452380952381,0.20177857142857145,0.21946904761904765,0.21797142857142857,0.21956190476190476,0.24789455782312922,0.24923265306122447,0.24987687074829934,0.2529727891156463,0.2539632653061224,0.25331360544217685,0.24910068027210885,0.24549319727891158,0.24203673469387754,0.258112925170068,0.25937755102040816,0.26248639455782313,0.25701088435374153,0.25503333333333333,0.2644108843537415,Female,36,Adult,Adult,C,C,mms05f36_250Hz_gu2_AEP.conn
MMS13F24,mms13f24_250Hz_gu1_AEP.conn,gu1,0.15868095238095237,0.15769523809523808,0.16946190476190473,0.1749666666666667,0.17482857142857142,0.15146190476190477,0.15675238095238095,0.16701904761904762,0.1825095238095238,0.17308095238095236,0.18358095238095237,0.18655714285714287,0.1953904761904762,0.21004285714285711,0.22809047619047618,0.27643999999999996,0.28708285714285714,0.2928057142857142,0.2885714285714286,0.2872942857142857,0.2819542857142857,0.28583142857142857,0.28626285714285715,0.30006,0.28701714285714286,0.29576,0.2947685714285714,0.3140457142857143,0.3160657142857143,0.32756285714285716,0.2793742857142857,0.2794285714285714,0.27999428571428575,0.2785885714285714,0.28009142857142855,0.28662857142857145,0.2952514285714286,0.29391428571428574,0.29810857142857144,0.26523428571428576,0.26667142857142856,0.2743771428571428,0.29454857142857144,0.2901285714285714,0.26596285714285717,0.19648061224489796,0.19295714285714288,0.19261632653061223,0.191369387755102,0.19845510204081634,0.19770306122448983,0.2005357142857143,0.2051244897959184,0.20695,0.19874489795918368,0.19665408163265305,0.18737346938775512,0.20565000000000003,0.20326938775510203,0.19385612244897962,0.1901595238095238,0.18641190476190475,0.1899761904761905,0.19354523809523813,0.1981047619047619,0.18385952380952378,0.1766857142857143,0.18167619047619046,0.18012142857142854,0.17717142857142854,0.17769047619047618,0.18459523809523812,0.17818571428571428,0.1799547619047619,0.165,0.24627414965986397,0.2494448979591836,0.2526027210884353,0.25452789115646257,0.2563666666666667,0.2516557823129252,0.24911700680272103,0.2523802721088435,0.24967142857142863,0.25794897959183677,0.2584823129251701,0.2564952380952381,0.258034693877551,0.2621448979591836,0.2632238095238095,Female,24,Adult,Adult,C,C,mms13f24_250Hz_gu2_AEP.conn
EES19F33,EES19f33_250Hz_gu1_AEP.conn,gu1,0.1814,0.17555714285714286,0.18506666666666668,0.18215238095238093,0.19057142857142859,0.2041857142857143,0.21121428571428572,0.19972380952380955,0.1850238095238095,0.17635714285714285,0.18446666666666667,0.18665714285714285,0.23021904761904763,0.2209809523809524,0.20212857142857144,0.2732914285714286,0.2731257142857143,0.2731314285714285,0.2749114285714286,0.27928,0.27741999999999994,0.2849971428571429,0.2911542857142857,0.2956657142857143,0.26986857142857146,0.27445714285714284,0.2795857142857143,0.3004657142857143,0.30475142857142856,0.29329428571428573,0.23616857142857142,0.2415657142857143,0.23814285714285713,0.24087428571428574,0.24011999999999997,0.23173142857142862,0.2347057142857143,0.23851714285714282,0.23783999999999997,0.24082571428571428,0.24216571428571426,0.24138,0.23048000000000002,0.2293914285714286,0.23777142857142858,0.21336122448979591,0.21378163265306124,0.21243775510204083,0.21318877551020404,0.21402755102040816,0.21717755102040817,0.21233265306122454,0.21387448979591833,0.2161448979591837,0.21845918367346945,0.21712959183673466,0.212654081632653,0.21379999999999996,0.21279897959183675,0.22169183673469386,0.2530880952380952,0.2595928571428571,0.2564190476190476,0.2515833333333333,0.23549761904761904,0.23431666666666665,0.22750476190476188,0.22508333333333333,0.22299761904761906,0.26180714285714285,0.26192857142857146,0.26018095238095235,0.23986666666666664,0.23372619047619045,0.2595976190476191,0.28964557823129256,0.2916761904761905,0.29451360544217686,0.2908714285714286,0.28483945578231284,0.29221496598639457,0.2859510204081632,0.2818272108843537,0.28067210884353744,0.30199319727891155,0.30327210884353745,0.29870952380952387,0.29094013605442176,0.2883605442176871,0.3044836734693878,Female,33,Adult,Adult,E,NC,EES19f33_250Hz_gu2_AEP.conn
MMS14F25,mms14f25_250Hz_gu1_AEP.conn,gu1,0.2511666666666667,0.2532190476190476,0.251,0.24677619047619048,0.24894761904761906,0.25164761904761906,0.25934761904761905,0.2521809523809524,0.24356666666666668,0.2527285714285714,0.24860952380952384,0.24794761904761906,0.2859,0.274347619047619,0.27072380952380953,0.35971714285714285,0.3754828571428571,0.37588,0.3795171428571429,0.38103714285714285,0.37501428571428574,0.37741142857142856,0.37736285714285717,0.38181714285714285,0.38492000000000004,0.3834657142857143,0.38312,0.3932,0.3898428571428571,0.4028285714285714,0.3456942857142857,0.34481142857142866,0.3443028571428572,0.34762857142857145,0.34742285714285714,0.37246285714285715,0.3747457142857143,0.36324000000000006,0.36359142857142857,0.3708342857142857,0.3667485714285714,0.36759714285714284,0.38630571428571425,0.37938571428571427,0.37990571428571424,0.27006938775510203,0.27100816326530613,0.27089183673469386,0.27337755102040817,0.2737520408163266,0.27240612244897955,0.2749469387755102,0.27251836734693874,0.26965612244897963,0.26751938775510203,0.26899591836734693,0.2674408163265306,0.2677387755102041,0.26253979591836735,0.2634561224489796,0.22624761904761903,0.22727142857142854,0.23299761904761906,0.2424071428571429,0.23313809523809523,0.2477857142857143,0.24923333333333333,0.24761666666666668,0.24366666666666667,0.2444142857142857,0.24093571428571428,0.23863809523809523,0.24324761904761907,0.24392380952380951,0.23710238095238098,0.30167006802721086,0.29852721088435374,0.2968231292517007,0.30195034013605443,0.30236530612244894,0.2949823129251701,0.29561564625850345,0.29811632653061226,0.2994721088435374,0.3047367346938775,0.3041190476190477,0.3081700680272109,0.3070795918367348,0.312230612244898,0.31060884353741497,Female,25,Adult,Adult,C,C,mms14f25_250Hz_gu2_AEP.conn
EES24F29,EES24F29_250Hz_gu1_AEP.conn,gu1,0.20672380952380953,0.2094095238095238,0.21373809523809525,0.23030952380952383,0.23759523809523808,0.19618095238095237,0.2124857142857143,0.2145190476190476,0.219347619047619,0.20025238095238093,0.21488571428571426,0.2273047619047619,0.24866666666666667,0.24746666666666664,0.25291904761904765,0.29954,0.29710000000000003,0.30308857142857143,0.3034257142857143,0.30184285714285713,0.2973942857142857,0.29982285714285717,0.29707999999999996,0.29703714285714283,0.29263999999999996,0.3037371428571428,0.30045714285714287,0.31802857142857144,0.31387428571428566,0.3295914285714286,0.27897142857142854,0.2738485714285714,0.2676314285714286,0.26487428571428573,0.2729114285714286,0.29364285714285715,0.2966885714285714,0.2915885714285715,0.28615714285714283,0.27308000000000004,0.26817428571428575,0.2649514285714286,0.2852171428571429,0.28079714285714286,0.26823142857142857,0.22664795918367345,0.22397040816326533,0.2244551020408163,0.22980816326530615,0.23361122448979593,0.22662653061224494,0.2271642857142857,0.23061224489795915,0.229365306122449,0.2234387755102041,0.22375510204081636,0.2273183673469388,0.22692142857142855,0.2266397959183673,0.21955918367346938,0.23508571428571431,0.22794523809523806,0.21916666666666665,0.2233190476190476,0.2287380952380952,0.21325000000000002,0.2118190476190476,0.2182166666666667,0.22556190476190474,0.24345238095238095,0.23550238095238096,0.23852857142857142,0.22735238095238094,0.2283166666666667,0.23207142857142857,0.2796857142857143,0.2854653061224489,0.2875659863945578,0.28568775510204086,0.2860265306122449,0.2778469387755102,0.28073809523809523,0.2836292517006803,0.2849632653061224,0.2835537414965986,0.2854360544217687,0.2854353741496599,0.2889748299319728,0.2909,0.2863775510204082,Female,29,Adult,Adult,E,NC,EES24F29_250Hz_gu2_AEP.conn
MMS10F23,mms10f23_250Hz_gu1_AEP.conn,gu1,0.19344761904761906,0.20416190476190477,0.21616666666666665,0.2223761904761905,0.21113809523809524,0.2034190476190476,0.22631904761904761,0.23911904761904768,0.23739047619047618,0.19485714285714284,0.19751428571428573,0.20435238095238095,0.2669809523809524,0.2674285714285714,0.23397619047619048,0.2690428571428572,0.26628285714285715,0.2766914285714286,0.2854228571428571,0.2792857142857143,0.26571428571428574,0.26617428571428575,0.2797142857142857,0.29259999999999997,0.26084857142857143,0.2770228571428571,0.29108,0.2834342857142857,0.29664285714285715,0.29637142857142856,0.27794857142857143,0.2761142857142857,0.26396000000000003,0.2706857142857143,0.2763428571428571,0.2816657142857143,0.2804,0.2817714285714286,0.27901714285714285,0.27801428571428566,0.27019714285714286,0.2758028571428571,0.2821657142857143,0.2882657142857143,0.27873714285714285,0.2545479591836735,0.2534795918367347,0.24736938775510206,0.24705306122448975,0.24664795918367344,0.2409908163265306,0.2419102040816327,0.24220714285714284,0.2399469387755102,0.2560602040816327,0.24812448979591833,0.2446295918367347,0.23971326530612244,0.23846938775510204,0.24058979591836738,0.1794714285714286,0.17865238095238092,0.17236666666666667,0.1689238095238095,0.16806190476190475,0.16288095238095238,0.1713380952380952,0.17564761904761905,0.17414285714285713,0.18725238095238095,0.17995000000000003,0.17106666666666667,0.19174523809523805,0.19500238095238098,0.17457857142857144,0.25835986394557825,0.2602557823129251,0.2625802721088436,0.26278911564625856,0.25987006802721085,0.25618979591836744,0.25197482993197284,0.2540938775510204,0.25944149659863946,0.268474149659864,0.26775238095238096,0.2660489795918367,0.2613095238095238,0.2633571428571429,0.26971292517006795,Female,23,Adult,Adult,C,C,mms10f23_250Hz_gu2_AEP.conn
MMS15M25,mms15m25_250Hz_gu1_AEP.conn,gu1,0.12371904761904762,0.12941904761904763,0.12757619047619048,0.13346666666666665,0.13364761904761904,0.12686190476190476,0.13284285714285715,0.1340190476190476,0.13141904761904763,0.12924285714285713,0.12886190476190476,0.13228571428571426,0.1703380952380952,0.17431428571428573,0.1798142857142857,0.26699428571428574,0.26604285714285714,0.2662114285714286,0.2672971428571428,0.26679714285714284,0.26342,0.2652057142857143,0.2630142857142857,0.26867428571428575,0.28319142857142865,0.28308,0.27712571428571425,0.29909428571428576,0.2982485714285714,0.3061057142857143,0.29920571428571424,0.30322000000000005,0.3045114285714286,0.2987142857142857,0.29707428571428574,0.28867428571428577,0.29442285714285715,0.29803999999999997,0.2970628571428572,0.3006257142857143,0.3027685714285714,0.29856571428571427,0.30272000000000004,0.3100942857142857,0.30175142857142856,0.18297653061224486,0.1813357142857143,0.18625,0.18709285714285714,0.18880510204081632,0.19349183673469383,0.1960765306122449,0.19533877551020407,0.1913887755102041,0.18478265306122452,0.18644591836734695,0.18542755102040814,0.19366326530612246,0.18950816326530617,0.1873622448979592,0.17955000000000002,0.18837857142857142,0.19431190476190477,0.19267619047619047,0.18989999999999999,0.1933690476190476,0.18776666666666667,0.18139285714285716,0.17091428571428569,0.19217142857142858,0.19319761904761903,0.19484047619047618,0.2030952380952381,0.19947380952380953,0.19154285714285715,0.27628435374149657,0.2777285714285714,0.27751632653061226,0.2803258503401361,0.27934285714285717,0.2857421768707483,0.27893809523809526,0.27625918367346936,0.27607482993197274,0.2823884353741496,0.28297210884353746,0.28475578231292514,0.2906965986394558,0.2904408163265306,0.29051020408163264,Male,25,Adult,Adult,C,C,mms15m25_250Hz_gu2_AEP.conn
EES15F31,ees15f31_250Hz_gu1_AEP.conn,gu1,0.1566,0.16092857142857142,0.16494285714285714,0.18005238095238094,0.1871142857142857,0.15581904761904763,0.1542238095238095,0.14647142857142856,0.14599523809523807,0.15948571428571431,0.1571857142857143,0.16329047619047618,0.20093809523809525,0.1967047619047619,0.19716666666666668,0.28576,0.29247428571428574,0.29401142857142853,0.2937142857142857,0.29613428571428574,0.2787114285714286,0.2820714285714286,0.2851828571428571,0.28495428571428566,0.30792857142857144,0.3030057142857143,0.2985171428571428,0.31914857142857134,0.32124,0.3263971428571429,0.26240857142857144,0.26490571428571424,0.2683485714285715,0.26962285714285716,0.2694057142857143,0.24123714285714284,0.2457885714285714,0.25108285714285716,0.2568628571428571,0.2642685714285714,0.2664428571428571,0.2705457142857143,0.24944285714285713,0.2556085714285714,0.26694,0.1662030612244898,0.16256734693877553,0.15745816326530612,0.15766938775510206,0.15697142857142857,0.1583857142857143,0.1620816326530612,0.16145714285714283,0.16351122448979588,0.16853775510204086,0.1636816326530612,0.16231428571428572,0.16854999999999998,0.1661081632653061,0.1755479591836735,0.1870571428571429,0.19055,0.19301666666666664,0.19078095238095238,0.18955476190476192,0.17692857142857144,0.1786595238095238,0.18744047619047619,0.19432380952380954,0.20408333333333337,0.2064095238095238,0.20676428571428573,0.19903809523809524,0.20394761904761907,0.20096190476190479,0.23074013605442176,0.23380068027210885,0.23948571428571425,0.24062312925170068,0.23772721088435375,0.23066326530612244,0.23303809523809527,0.23511292517006804,0.23571224489795917,0.23397142857142858,0.23969795918367348,0.24398707482993204,0.24483197278911564,0.24591156462585037,0.23898231292517008,Female,31,Adult,Adult,E,NC,ees15f31_250Hz_gu2_AEP.conn
MMS09F24,mms09f24_250Hz_gu1_AEP.conn,gu1,0.20094285714285712,0.18811428571428576,0.1835238095238095,0.18137142857142854,0.18229523809523807,0.2145190476190476,0.21773809523809526,0.21637142857142855,0.2062238095238095,0.17655714285714286,0.17911904761904762,0.17987142857142857,0.2472761904761905,0.25202380952380954,0.22069523809523814,0.25077142857142853,0.2664542857142857,0.26995142857142856,0.2606657142857143,0.2520657142857143,0.2751571428571428,0.2764371428571429,0.2678114285714286,0.25467428571428574,0.27339714285714284,0.2794971428571429,0.27088285714285715,0.3018057142857143,0.29756857142857146,0.29643714285714284,0.25028857142857147,0.25080285714285716,0.24580285714285716,0.24214285714285716,0.2538571428571429,0.25066857142857146,0.25924571428571425,0.26833428571428575,0.2741314285714286,0.24656000000000003,0.24406571428571427,0.23975428571428573,0.26452857142857145,0.26829428571428576,0.24641714285714283,0.1938377551020408,0.19062551020408164,0.19107857142857146,0.19576938775510205,0.19568877551020408,0.19143775510204078,0.1911030612244898,0.18778979591836734,0.1895867346938776,0.1897142857142857,0.18793469387755102,0.18997244897959184,0.19023673469387756,0.18720612244897958,0.18763877551020408,0.22826904761904762,0.22552380952380954,0.21888571428571427,0.2087595238095238,0.20520952380952384,0.2233452380952381,0.2142642857142857,0.2106,0.20983333333333334,0.22588571428571427,0.2227714285714286,0.21890714285714286,0.2411452380952381,0.23858809523809524,0.22992619047619048,0.24233129251700683,0.24317210884353738,0.24516054421768704,0.25064829931972793,0.25367346938775504,0.25130884353741495,0.24988435374149662,0.2496489795918368,0.2475857142857143,0.24757687074829932,0.24695238095238095,0.2510163265306122,0.26219455782312917,0.2633333333333333,0.2588918367346939,Female,24,Adult,Adult,C,C,mms09f24_250Hz_gu2_AEP.conn
MMS11F22,mms11f22_250Hz_gu1_AEP.conn,gu1,0.15384761904761904,0.15013333333333334,0.14777142857142858,0.15132857142857142,0.15524285714285715,0.1348857142857143,0.13964285714285715,0.13679047619047618,0.12657619047619048,0.1548190476190476,0.1516761904761905,0.1561857142857143,0.17505714285714288,0.18473333333333333,0.20174761904761906,0.2582228571428572,0.26395142857142856,0.26410857142857147,0.26441714285714285,0.26442,0.2674942857142858,0.2597942857142857,0.24856857142857142,0.24165714285714285,0.26485142857142857,0.27105999999999997,0.26889714285714283,0.2827285714285715,0.27528285714285716,0.29064,0.2853485714285714,0.2920714285714286,0.29555714285714285,0.2933057142857143,0.2933571428571428,0.28981142857142855,0.29034857142857146,0.28943714285714284,0.28193428571428575,0.3023371428571428,0.3063314285714286,0.30018,0.2884028571428571,0.29432571428571425,0.3034257142857143,0.1889387755102041,0.1894938775510204,0.18807448979591837,0.18282551020408164,0.1854938775510204,0.1911693877551021,0.19297959183673472,0.19124999999999998,0.18786326530612246,0.1856571428571428,0.1835693877551021,0.1834173469387755,0.18158673469387754,0.1765142857142857,0.18285102040816323,0.1625261904761905,0.16245,0.15938095238095237,0.15045238095238098,0.15093809523809523,0.16581904761904764,0.16494285714285714,0.16142619047619047,0.15764999999999998,0.16640476190476192,0.16229761904761905,0.1591904761904762,0.17868809523809523,0.1729571428571429,0.16347380952380952,0.27438911564625856,0.2726272108843537,0.26671904761904763,0.2640278911564626,0.26086598639455777,0.2682183673469388,0.2651938775510204,0.2650517006802721,0.26442721088435367,0.28217959183673463,0.2798897959183674,0.2774353741496598,0.2820428571428572,0.28046938775510205,0.2898231292517006,Female,22,Adult,Tertiary,C,C,mms11f22_250Hz_gu2_AEP.conn
MMS08M24,mms08m24_250Hz_gu1_AEP.conn,gu1,0.12690476190476194,0.13530952380952382,0.13699999999999998,0.1413190476190476,0.15004285714285714,0.13509523809523813,0.12607142857142856,0.12412857142857142,0.13451428571428573,0.12566190476190478,0.12870476190476188,0.1353952380952381,0.17294761904761904,0.1662095238095238,0.17463809523809526,0.2662514285714286,0.27228285714285716,0.2677742857142857,0.2612885714285714,0.26186571428571426,0.2530314285714286,0.24933714285714287,0.24677428571428575,0.24804571428571429,0.26384285714285716,0.26071142857142854,0.2525571428571428,0.28115999999999997,0.27617714285714284,0.27043428571428574,0.31314285714285717,0.31305428571428573,0.3109828571428571,0.30517428571428573,0.30253428571428576,0.3095514285714286,0.30572571428571427,0.30785714285714283,0.3100285714285715,0.3048885714285714,0.2984457142857143,0.29138571428571425,0.3001542857142857,0.29255714285714285,0.2902942857142857,0.2103142857142857,0.21504795918367345,0.21227040816326534,0.20886326530612245,0.2079061224489796,0.21458775510204084,0.2097051020408163,0.20769285714285712,0.20852244897959182,0.21559795918367347,0.21106224489795916,0.20283163265306126,0.20925102040816326,0.20541020408163266,0.2076938775510204,0.19248571428571426,0.1955261904761905,0.19968809523809525,0.2045785714285714,0.2077809523809524,0.1894785714285714,0.1874380952380952,0.1909404761904762,0.18856904761904758,0.19360476190476192,0.19797857142857142,0.20093333333333332,0.19852142857142854,0.20121428571428576,0.19268333333333335,0.2315938775510204,0.23042517006802724,0.22267959183673475,0.21968979591836738,0.2243612244897959,0.22178027210884346,0.22628163265306125,0.2295557823129252,0.22880544217687074,0.23729183673469384,0.2344510204081633,0.22939319727891155,0.23653741496598638,0.23933945578231292,0.24605442176870748,Male,24,Adult,Adult,C,C,mms08m24_250Hz_gu2_AEP.conn
MMS12M23,mms12m23_250Hz_gu1_AEP.conn,gu1,0.18259523809523812,0.18034285714285714,0.1809047619047619,0.17823809523809522,0.1676857142857143,0.19007142857142856,0.18089523809523808,0.17515238095238095,0.1776047619047619,0.17353333333333332,0.17754285714285714,0.17802857142857142,0.2344142857142857,0.22797619047619047,0.22248095238095236,0.2924257142857143,0.29038857142857144,0.29458,0.28741428571428573,0.28437999999999997,0.28359999999999996,0.2753885714285714,0.27736857142857146,0.28151714285714285,0.28474,0.28713999999999995,0.28506,0.3112742857142857,0.3128428571428571,0.3094342857142857,0.3025857142857143,0.30159142857142857,0.30375714285714284,0.29886,0.29645428571428567,0.2898085714285714,0.29814857142857143,0.30716857142857135,0.30702857142857143,0.3054542857142857,0.3103485714285714,0.3101,0.3044914285714285,0.3072742857142857,0.30273428571428573,0.21309795918367344,0.2203255102040816,0.224515306122449,0.2224132653061224,0.2182734693877551,0.21577551020408164,0.21899693877551016,0.21575102040816327,0.21874285714285716,0.2191938775510204,0.2230010204081633,0.21935918367346938,0.2170326530612245,0.21424591836734688,0.21470816326530612,0.2168238095238095,0.2230952380952381,0.23057857142857144,0.23755,0.23652142857142855,0.22580238095238092,0.22759285714285715,0.22558333333333336,0.2225547619047619,0.22383809523809525,0.22827857142857144,0.2306857142857143,0.2281857142857143,0.22566190476190476,0.22224523809523808,0.28311564625850333,0.28349523809523813,0.28457823129251697,0.2849591836734694,0.2822931972789116,0.2900047619047619,0.2906707482993197,0.28877414965986387,0.2862673469387755,0.287548299319728,0.2889925170068027,0.29055578231292517,0.29964421768707483,0.2968176870748299,0.3005244897959184,Male,23,Adult,Adult,C,C,mms12m23_250Hz_gu2_AEP.conn
EES16F34,EES16f34_250Hz_gu1_AEP.conn,gu1,0.19155238095238092,0.18611904761904763,0.17256666666666665,0.17506666666666668,0.18792380952380952,0.18941904761904763,0.1848952380952381,0.1689857142857143,0.1628904761904762,0.18263333333333334,0.17340476190476192,0.1730380952380952,0.22622380952380952,0.2136809523809524,0.21864761904761906,0.3222428571428571,0.31938000000000005,0.31251428571428574,0.3064314285714286,0.3039571428571428,0.32370857142857146,0.3176057142857142,0.31468285714285715,0.31819428571428576,0.3131428571428571,0.3071028571428571,0.30173714285714287,0.34347428571428573,0.33961428571428565,0.33763428571428566,0.31578,0.31460285714285713,0.3147371428571428,0.31392000000000003,0.3017228571428572,0.30730285714285716,0.30544571428571426,0.3032114285714286,0.3040771428571428,0.3084342857142857,0.3109914285714286,0.3066542857142857,0.3050371428571429,0.29778571428571426,0.3200171428571429,0.24734183673469387,0.24761530612244895,0.24428367346938776,0.23781938775510203,0.2286204081632653,0.23601836734693876,0.2372489795918367,0.2362857142857143,0.23580918367346942,0.2461142857142857,0.24396632653061223,0.23647653061224494,0.23468163265306116,0.2299775510204082,0.24176632653061222,0.2442904761904762,0.24121428571428571,0.24231190476190478,0.24873809523809523,0.24641190476190475,0.2411833333333334,0.2473642857142857,0.25092857142857145,0.2581904761904762,0.2654047619047619,0.2637,0.26428095238095234,0.2505428571428571,0.25384761904761904,0.26091904761904766,0.2763891156462585,0.27630816326530616,0.2772993197278912,0.2811952380952381,0.28400136054421776,0.2797251700680273,0.2815136054421769,0.27808095238095243,0.2749428571428572,0.2824775510204081,0.28328775510204085,0.28539523809523815,0.2917721088435374,0.29035782312925174,0.29030680272108844,Female,34,Adult,Adult,E,NC,EES16f34_250Hz_gu2_AEP.conn
EES12F24,ees12f24_250Hz_gu1_AEP.conn,gu1,0.20719999999999997,0.2151142857142857,0.23004285714285713,0.23518571428571433,0.23586190476190474,0.20095238095238097,0.21115714285714285,0.21116666666666664,0.2129952380952381,0.20851428571428568,0.23689047619047618,0.23990476190476193,0.26186666666666664,0.2577095238095238,0.27386666666666665,0.3072457142857143,0.3044428571428571,0.31802857142857144,0.32950285714285715,0.33384,0.3212457142857143,0.32539999999999997,0.32637714285714287,0.3224628571428571,0.29563999999999996,0.3129114285714286,0.32992,0.33620285714285714,0.34025142857142854,0.3357914285714285,0.32654285714285713,0.32289142857142855,0.31798571428571426,0.3180942857142857,0.31144,0.33065428571428573,0.3332685714285714,0.3310914285714286,0.3280314285714286,0.32311428571428574,0.32093142857142853,0.31610857142857146,0.3094428571428572,0.31855428571428573,0.31285999999999997,0.24659285714285714,0.2486295918367347,0.2505704081632653,0.24835102040816331,0.2513071428571429,0.25533367346938773,0.2497642857142857,0.2550183673469387,0.2559469387755102,0.2503948979591836,0.2561316326530612,0.24953265306122452,0.24692755102040814,0.2555693877551021,0.2498877551020408,0.2768333333333333,0.27385952380952383,0.26804761904761903,0.2699761904761904,0.2703619047619048,0.2773047619047619,0.26545714285714284,0.27258809523809524,0.26071904761904763,0.27337857142857147,0.2720214285714286,0.27317142857142857,0.2720952380952381,0.28482619047619046,0.2715261904761905,0.2838503401360544,0.2920802721088436,0.2947149659863945,0.2994306122448979,0.298,0.28626870748299327,0.2887108843537415,0.2888945578231292,0.28896598639455784,0.29511088435374144,0.29560680272108847,0.301147619047619,0.3006210884353742,0.30107959183673466,0.2950993197278911,Female,24,Adult,Adult,E,NC,ees12f24_250Hz_gu2_AEP.conn
EES17F38,EES17F38_250Hz_gu1_AEP.conn,gu1,0.1912904761904762,0.18610476190476188,0.1812142857142857,0.18009523809523809,0.18407142857142858,0.18882857142857143,0.18148571428571428,0.18030476190476188,0.1829761904761905,0.18000000000000002,0.1837,0.18971904761904765,0.2108809523809524,0.20779047619047622,0.22760952380952382,0.3157,0.3138228571428572,0.31726,0.31714000000000003,0.31694,0.2953685714285714,0.29172000000000003,0.2972028571428571,0.30147142857142856,0.31965714285714286,0.32464571428571426,0.32430285714285717,0.3257028571428571,0.3285771428571429,0.34570285714285715,0.2635714285714285,0.26374,0.2658628571428571,0.2651285714285714,0.26194285714285714,0.2620571428571429,0.2673628571428572,0.26064857142857145,0.2572514285714286,0.26845714285714284,0.27656571428571425,0.2741571428571429,0.2689257142857142,0.2632885714285714,0.27923714285714285,0.16829081632653062,0.1661459183673469,0.1697520408163265,0.16824183673469392,0.17063979591836737,0.17741122448979593,0.17740918367346942,0.17570408163265308,0.17430204081632653,0.16885816326530612,0.17281632653061227,0.16791836734693874,0.17865204081632655,0.17837755102040817,0.1764510204081633,0.16196428571428576,0.16961428571428572,0.17054285714285713,0.16151190476190477,0.15799285714285716,0.16365714285714286,0.16518095238095237,0.1603,0.15483809523809525,0.1694595238095238,0.1730904761904762,0.1656357142857143,0.1836595238095238,0.18176666666666663,0.17716904761904761,0.24695034013605438,0.24756054421768708,0.24933333333333332,0.2511619047619048,0.2531285714285715,0.2608931972789116,0.25962380952380953,0.25672312925170065,0.2537244897959184,0.25328639455782315,0.25424013605442175,0.2531687074829932,0.26898707482993195,0.2656850340136054,0.2642836734693878,Female,38,Adult,Adult,E,NC,EES17F38_250Hz_gu2_AEP.conn
EES13M27,ees13m27_250Hz_gu1_AEP.conn,gu1,0.15906190476190477,0.16096666666666667,0.16159047619047617,0.1682714285714286,0.16352857142857144,0.14526666666666668,0.14989047619047619,0.15715714285714286,0.16421904761904763,0.16743809523809525,0.16656190476190477,0.17183333333333337,0.2002857142857143,0.2051142857142857,0.2105047619047619,0.25842,0.26459714285714286,0.2698457142857143,0.2767942857142857,0.26860571428571434,0.27148,0.2724257142857143,0.26728571428571424,0.2625571428571428,0.27722285714285716,0.2771828571428571,0.2800628571428571,0.29802,0.29418,0.3026171428571428,0.2505,0.25764571428571426,0.26411714285714283,0.2657,0.25867428571428575,0.2754485714285715,0.27267142857142856,0.2691085714285714,0.2635,0.27131142857142854,0.27212857142857144,0.2739885714285714,0.2800142857142857,0.27850571428571425,0.27142857142857146,0.20889285714285716,0.20787653061224493,0.20988163265306126,0.20933163265306123,0.20822857142857143,0.2128255102040816,0.2089173469387755,0.20378775510204084,0.20163673469387752,0.20726020408163268,0.20813877551020404,0.20330816326530607,0.20461836734693878,0.2008551020408163,0.19640102040816326,0.25061190476190476,0.2509833333333333,0.2514285714285714,0.250397619047619,0.24756666666666663,0.24119285714285718,0.23307857142857144,0.22898571428571432,0.22514761904761904,0.25411428571428574,0.2545761904761905,0.2519142857142857,0.24300238095238091,0.24038571428571429,0.24473571428571428,0.2621081632653061,0.2653360544217688,0.26694693877551023,0.26725374149659864,0.2634598639455782,0.26168027210884354,0.26235238095238095,0.2632571428571429,0.25962380952380953,0.27637414965986384,0.27748571428571434,0.2773238095238095,0.2692346938775511,0.2703959183673469,0.2799666666666667,Male,27,Adult,Adult,E,NC,ees13m27_250Hz_gu2_AEP.conn
MMS17M25,mms17m25_250Hz_gu1_AEP.conn,gu1,0.21007142857142858,0.19664285714285712,0.18743333333333334,0.19904761904761906,0.19881428571428572,0.1963142857142857,0.19709047619047618,0.20805714285714283,0.21223333333333336,0.1925714285714286,0.18337142857142855,0.1901190476190476,0.24246190476190477,0.24649047619047623,0.22906190476190477,0.27731142857142854,0.27489714285714284,0.27304285714285714,0.2737857142857143,0.27234285714285716,0.2715057142857143,0.2619971428571429,0.26114,0.2699228571428572,0.26362571428571424,0.2592657142857143,0.26,0.2914771428571429,0.28648285714285715,0.28372285714285717,0.33261142857142856,0.3276314285714285,0.32141142857142857,0.3135571428571428,0.3146942857142857,0.3293057142857143,0.32756,0.3295514285714286,0.3305342857142857,0.33652,0.3249942857142857,0.3087971428571429,0.32031428571428566,0.32100285714285715,0.32765714285714287,0.2952265306122449,0.29930204081632655,0.3015397959183673,0.30032755102040815,0.30160612244897955,0.2994642857142858,0.30013265306122455,0.3017142857142857,0.2997265306122449,0.30418061224489795,0.3032908163265306,0.2962551020408163,0.29230204081632655,0.29478673469387756,0.2975622448979592,0.2965166666666667,0.30180476190476185,0.3075071428571428,0.31161428571428573,0.312302380952381,0.3137785714285714,0.30643095238095236,0.30189285714285713,0.30032619047619047,0.30621666666666664,0.3088095238095238,0.31056190476190476,0.31488333333333335,0.30741666666666667,0.31519523809523814,0.3250523809523809,0.3252605442176871,0.325208843537415,0.3236319727891156,0.32128299319727893,0.32522925170068023,0.32385714285714284,0.32737687074829924,0.32851972789115647,0.3270775510204082,0.32890408163265306,0.3278129251700681,0.33623537414965987,0.33823809523809517,0.3339081632653062,Male,25,Adult,Adult,C,C,mms17m25_250Hz_gu2_AEP.conn
MMS07F25A,mms07f25A_250Hz_gu1_AEP.conn,gu1,0.1440095238095238,0.14734761904761903,0.15274285714285712,0.1477047619047619,0.14348095238095238,0.13397619047619047,0.13926666666666668,0.14551904761904763,0.1471095238095238,0.15373809523809523,0.16054761904761905,0.1554047619047619,0.18118571428571428,0.1834761904761905,0.20855238095238096,0.27305999999999997,0.2723857142857143,0.2717542857142857,0.26840857142857144,0.2708171428571428,0.2650857142857143,0.27016285714285715,0.27162,0.2718342857142857,0.27980571428571427,0.27582285714285715,0.26406571428571435,0.3004771428571429,0.3029,0.30626571428571425,0.2596171428571429,0.2655457142857143,0.2770142857142857,0.28223428571428566,0.27628571428571425,0.2730828571428571,0.27178,0.2652428571428571,0.26638571428571434,0.26800857142857143,0.27692000000000005,0.2823257142857143,0.2806342857142857,0.27717142857142857,0.2706057142857143,0.15418367346938777,0.15353469387755103,0.16148163265306123,0.1621877551020408,0.16293673469387754,0.1677234693877551,0.16111734693877547,0.15646020408163266,0.15778061224489798,0.15012755102040815,0.15656224489795917,0.1599448979591837,0.1622030612244898,0.1573785714285714,0.1587857142857143,0.18945238095238096,0.17741666666666667,0.16908333333333334,0.17218571428571428,0.18109761904761904,0.17326428571428573,0.17125476190476188,0.18017857142857144,0.18764761904761906,0.18372857142857144,0.17964047619047618,0.1860190476190476,0.1904809523809524,0.19585476190476192,0.1855595238095238,0.2516673469387755,0.2483095238095238,0.2514394557823129,0.2550122448979592,0.2550380952380953,0.2483863945578231,0.2501340136054422,0.25081904761904766,0.25006666666666666,0.2542918367346938,0.25643401360544216,0.2610693877551021,0.2605877551020408,0.26054557823129254,0.2662170068027211,Female,25,Adult,Adult,C,C,mms07f25A_250Hz_gu2_AEP.conn
R16E05G10,R16E05g10_info1_250Hz_gu1_AEP.conn,gu1,0.23233333333333336,0.24345238095238098,0.23203809523809524,0.2367809523809524,0.23848571428571427,0.2311904761904762,0.2205,0.22332380952380956,0.22726666666666664,0.22393333333333332,0.20846666666666666,0.21310952380952383,0.2584904761904762,0.2543571428571429,0.2453761904761905,0.34297428571428573,0.3480142857142857,0.34211714285714284,0.33503142857142854,0.33824,0.3500657142857143,0.34235142857142864,0.33347714285714286,0.3369371428571429,0.33580571428571426,0.3260085714285714,0.32284,0.3737571428571429,0.36279428571428574,0.3622114285714286,0.27191714285714286,0.27625714285714287,0.2754457142857143,0.2767428571428571,0.27837999999999996,0.2731028571428572,0.28432571428571424,0.28809999999999997,0.28046,0.27884,0.2729457142857143,0.2749285714285714,0.2881057142857143,0.2926742857142857,0.27062857142857144,0.21992346938775512,0.2260377551020408,0.22815306122448978,0.22250714285714282,0.21239591836734692,0.21238367346938775,0.21696632653061226,0.2226734693877551,0.22262346938775512,0.22543979591836738,0.22502448979591838,0.2148336734693877,0.21982448979591837,0.2244265306122449,0.22204795918367348,0.24087857142857141,0.24696190476190474,0.25070238095238095,0.23982380952380955,0.2313166666666667,0.2324142857142857,0.23064761904761907,0.22711666666666672,0.22361666666666666,0.2343357142857143,0.24599523809523804,0.24426904761904764,0.22388809523809525,0.2315785714285714,0.24619285714285719,0.3131394557823129,0.31527891156462584,0.31936666666666663,0.32082993197278914,0.31541972789115647,0.31119251700680267,0.32371224489795913,0.3295265306122449,0.32959523809523805,0.315578231292517,0.32307823129251706,0.32639319727891153,0.3352646258503401,0.3421414965986395,0.32984489795918365,Female,10,8-12,Elementary,E,NC,R16E05g10_info1_250Hz_gu2_AEP.conn
R16E01Y10G,R16E01y10g_info1_250Hz_gu1_AEP.conn,gu1,0.31609523809523815,0.31133809523809525,0.30880476190476186,0.29129047619047616,0.2974952380952381,0.30615238095238095,0.3028190476190477,0.31088571428571427,0.3149,0.3049190476190476,0.2967238095238095,0.2823333333333333,0.33937619047619044,0.3467952380952381,0.3257619047619047,0.34025714285714287,0.33007714285714285,0.3237028571428571,0.3269142857142857,0.3410971428571429,0.3587285714285714,0.35868857142857147,0.35932857142857144,0.35178000000000004,0.33680571428571426,0.3336,0.33337428571428573,0.3693457142857143,0.36928571428571433,0.3584542857142857,0.33821142857142855,0.33758857142857146,0.3394114285714286,0.3435314285714286,0.34415999999999997,0.3536742857142857,0.35829714285714287,0.3503057142857143,0.3501571428571428,0.3387857142857143,0.35111142857142863,0.35864571428571423,0.34658285714285714,0.33812571428571425,0.3541314285714286,0.21439081632653062,0.22065612244897959,0.2155234693877551,0.21226734693877553,0.21162755102040814,0.21661632653061225,0.22180612244897963,0.2152642857142857,0.20648571428571433,0.2163867346938775,0.21588367346938778,0.21751326530612247,0.22865714285714284,0.2225938775510204,0.21433163265306124,0.2578761904761905,0.2633190476190476,0.2594071428571429,0.26243809523809525,0.24845714285714285,0.2741904761904762,0.2706738095238095,0.26967619047619046,0.25951428571428575,0.2615619047619048,0.2656619047619048,0.26312619047619046,0.2635404761904762,0.26409285714285713,0.26113095238095235,0.3396197278911565,0.33483673469387765,0.32868843537414966,0.32386326530612236,0.3215149659863945,0.33195442176870743,0.3297884353741497,0.3319952380952381,0.32734489795918364,0.3427401360544217,0.33321632653061223,0.32742108843537415,0.3326632653061224,0.33608435374149664,0.34028231292517,Female,10,8-12,Elementary,E,NC,R16E01y10g_info1_250Hz_gu2_AEP.conn
R16E20B4,R16E20b4_info1_250Hz_gu1_AEP.conn,gu1,0.37544761904761903,0.3777,0.39568095238095236,0.4114761904761905,0.416252380952381,0.41718571428571427,0.4091238095238095,0.4040857142857143,0.4008428571428571,0.3727,0.38666666666666666,0.40754761904761905,0.42841904761904764,0.4228238095238095,0.4183095238095238,0.4520542857142858,0.45385428571428565,0.46076285714285714,0.46797714285714287,0.47771428571428565,0.4315057142857143,0.43522571428571427,0.43714,0.43146571428571423,0.4424314285714286,0.44722285714285714,0.4502771428571428,0.4297971428571429,0.43422857142857146,0.4486714285714285,0.4011457142857143,0.41178857142857145,0.4058142857142856,0.3974114285714285,0.39706285714285716,0.4327971428571429,0.4364171428571428,0.42462285714285714,0.3976514285714286,0.4026085714285714,0.3900657142857143,0.37863428571428576,0.4112057142857143,0.3922428571428571,0.3874485714285714,0.2783602040816327,0.28025102040816324,0.282384693877551,0.28681530612244893,0.28360816326530613,0.30269489795918364,0.30237551020408165,0.2971204081632653,0.2840602040816327,0.2892244897959184,0.2863663265306123,0.2873683673469388,0.2978816326530612,0.2968755102040816,0.2769979591836735,0.31726666666666664,0.3125309523809524,0.30714285714285716,0.32070000000000004,0.324402380952381,0.32752619047619047,0.32470714285714286,0.3271142857142857,0.3322380952380953,0.3140095238095238,0.31148095238095236,0.3288880952380952,0.3377666666666666,0.33030476190476193,0.33021904761904763,0.37764897959183674,0.37431156462585036,0.3772993197278912,0.3789605442176871,0.379730612244898,0.37399931972789113,0.3762857142857142,0.3775755102040816,0.3853986394557823,0.3858142857142857,0.38849183673469384,0.3911163265306123,0.38777687074829936,0.3875727891156462,0.3973761904761903,Male,4,5-7,Elementary,E,NC,R16E20b4_info1_250Hz_gu2_AEP.conn
R16E09G10,R16E09g10_info1_250Hz_gu1_AEP.conn,gu1,0.3240095238095238,0.32930952380952383,0.34297619047619055,0.3552380952380953,0.3434285714285714,0.3361095238095238,0.3255619047619048,0.3046238095238096,0.2798285714285714,0.33225238095238097,0.3498952380952381,0.35897619047619056,0.3337761904761905,0.3225238095238095,0.3848952380952381,0.40015142857142855,0.40195428571428576,0.4100114285714286,0.4102685714285714,0.41046000000000005,0.41379714285714286,0.4055999999999999,0.39988,0.38358857142857145,0.39262,0.3983542857142857,0.3967142857142857,0.4125228571428572,0.40845428571428577,0.40952,0.33699999999999997,0.32423714285714283,0.31585142857142856,0.3173514285714286,0.32592857142857146,0.3288714285714286,0.3416457142857143,0.33920000000000006,0.33272571428571435,0.3197057142857143,0.3105828571428571,0.3129342857142857,0.3453914285714286,0.3474571428571428,0.3037971428571428,0.2748204081632653,0.27731020408163265,0.28460510204081635,0.2851928571428572,0.27882346938775504,0.279519387755102,0.28014285714285714,0.2812275510204082,0.28140000000000004,0.2798816326530612,0.28728163265306117,0.28548673469387753,0.2800602040816326,0.28156632653061225,0.27900306122448976,0.28368333333333334,0.28564285714285714,0.2841738095238095,0.28855000000000003,0.282897619047619,0.29223095238095237,0.2964,0.2972166666666667,0.2905857142857142,0.28690952380952384,0.2866571428571429,0.29105714285714285,0.2967309523809524,0.2999357142857143,0.27490714285714285,0.3091877551020408,0.31127006802721086,0.3061476190476191,0.3082965986394558,0.3118095238095238,0.3279020408163265,0.3210299319727892,0.3111040816326531,0.30759795918367355,0.3153367346938775,0.31159115646258495,0.31495374149659866,0.32514557823129253,0.31235374149659867,0.3113823129251701,Female,10,8-12,Elementary,E,NC,R16E09g10_info1_250Hz_gu2_AEP.conn
R16S12G8,R16S12g8_info1_250Hz_gu1_AEP.conn,gu1,0.21108095238095237,0.19583333333333333,0.18833333333333335,0.18936666666666668,0.2108047619047619,0.22635714285714284,0.2220857142857143,0.2287095238095238,0.23995238095238094,0.21843333333333334,0.20872380952380953,0.2042047619047619,0.27805238095238094,0.2806761904761905,0.269652380952381,0.34912857142857145,0.34859142857142855,0.34314857142857147,0.3375542857142857,0.34023714285714285,0.34021999999999997,0.34015142857142855,0.34450285714285717,0.3507257142857143,0.36044571428571426,0.3510942857142857,0.3477571428571428,0.36876571428571425,0.37113428571428575,0.38203142857142863,0.3390657142857143,0.3436342857142857,0.3447685714285714,0.3381542857142857,0.33914,0.31348571428571426,0.3083314285714286,0.3124657142857143,0.32363142857142857,0.3425257142857143,0.33806285714285716,0.33653428571428573,0.30982000000000004,0.31823999999999997,0.32968571428571425,0.25329693877551024,0.2529520408163265,0.2536663265306122,0.25033877551020406,0.2522112244897959,0.25823673469387753,0.25913367346938776,0.2586683673469387,0.25957755102040814,0.2510795918367347,0.2507734693877551,0.2463306122448979,0.24898673469387753,0.25078469387755103,0.23955714285714286,0.1939404761904762,0.19875714285714285,0.20522857142857143,0.20652142857142855,0.20394047619047617,0.20864523809523808,0.20951428571428568,0.21027142857142855,0.21466904761904762,0.21492380952380952,0.22108809523809528,0.22322857142857142,0.23944285714285715,0.23744761904761902,0.2309142857142857,0.28623945578231286,0.28860816326530614,0.2871789115646259,0.2859489795918368,0.2860714285714286,0.2845476190476191,0.28653673469387747,0.28962517006802724,0.2918469387755102,0.3002482993197279,0.29749795918367344,0.2934312925170068,0.2974020408163265,0.2996755102040816,0.30246870748299326,Female,8,8-12,Elementary,S,NC,R16S12g8_info1_250Hz_gu2_AEP.conn
R16L01SY06,R16L01sy06_info1_250Hz_gu1_AEP.conn,gu1,0.2789619047619048,0.27457142857142863,0.2654476190476191,0.25536190476190473,0.24767619047619047,0.2618952380952381,0.2620142857142857,0.26062380952380954,0.26136666666666664,0.27894285714285716,0.26894285714285715,0.26708095238095236,0.30243333333333333,0.3012428571428571,0.3089571428571429,0.38380285714285717,0.3878457142857143,0.38546285714285716,0.3910342857142858,0.3884971428571429,0.39634285714285716,0.38776,0.38956285714285716,0.39625714285714286,0.39364857142857146,0.39107428571428576,0.3882257142857143,0.4110171428571429,0.4134428571428571,0.42445428571428573,0.3289914285714286,0.3230457142857143,0.32141714285714285,0.32540571428571424,0.33070571428571427,0.3266742857142857,0.33233999999999997,0.3349628571428571,0.3363114285714286,0.3312857142857143,0.33014,0.3267857142857143,0.3242514285714286,0.3257514285714286,0.33918857142857145,0.24023571428571427,0.24195102040816324,0.24404591836734696,0.2496326530612245,0.2555459183673469,0.25290816326530613,0.24977346938775508,0.2489591836734694,0.2447918367346939,0.24799183673469388,0.24779795918367348,0.25123367346938774,0.2560602040816326,0.25258673469387755,0.25484285714285715,0.33048333333333335,0.3311523809523809,0.33821666666666667,0.3440238095238095,0.3425380952380952,0.3425928571428572,0.34595952380952383,0.3364547619047619,0.32667142857142856,0.3426452380952381,0.3470190476190476,0.3500142857142858,0.35595,0.3515119047619048,0.36239523809523816,0.3024959183673469,0.29879455782312925,0.294543537414966,0.2943741496598639,0.2973503401360544,0.2903108843537416,0.29470204081632645,0.29587891156462587,0.29581496598639456,0.2984510204081633,0.2989428571428572,0.3012353741496599,0.30246530612244904,0.3037571428571429,0.30000612244897956,Female,6,5-7,Elementary,S,NC,R16L01sy06_info1_250Hz_gu2_AEP.conn
R16S17G6,R16S17g6_info1_250Hz_gu1_AEP.conn,gu1,0.18582857142857145,0.1902904761904762,0.1897714285714286,0.19288571428571424,0.19846666666666668,0.21252857142857143,0.20124761904761904,0.18104761904761904,0.17307142857142857,0.19810000000000003,0.19713809523809522,0.20594285714285712,0.24458095238095237,0.22723809523809524,0.24473809523809523,0.3366457142857143,0.33396,0.33860857142857137,0.34299714285714283,0.3435114285714286,0.35877428571428566,0.34664285714285714,0.3372228571428571,0.32702857142857145,0.3362342857142857,0.3400628571428571,0.34583142857142857,0.37336857142857144,0.36366857142857145,0.3584657142857143,0.3252542857142857,0.31713142857142856,0.31122285714285713,0.31825714285714285,0.32645142857142856,0.3272342857142857,0.33474857142857145,0.33521714285714294,0.3271857142857143,0.3243885714285714,0.3175514285714286,0.3203857142857143,0.32804857142857147,0.3274114285714285,0.3241228571428571,0.2708948979591837,0.27512959183673474,0.2752255102040816,0.27779387755102036,0.27515204081632655,0.28028979591836733,0.2896377551020408,0.28829285714285724,0.2831489795918367,0.280038775510204,0.2781561224489796,0.27513163265306123,0.27953061224489795,0.2787683673469387,0.2774489795918368,0.20065476190476186,0.20932142857142857,0.2132238095238095,0.2123952380952381,0.21945714285714282,0.24207142857142858,0.2390142857142857,0.23832380952380952,0.2360404761904762,0.21628095238095238,0.21945714285714282,0.21179523809523812,0.2305690476190476,0.23620952380952379,0.2205285714285714,0.35253537414965985,0.35892380952380953,0.36606870748299314,0.36962789115646255,0.3709591836734694,0.36005102040816317,0.35973741496598644,0.36194625850340134,0.36469591836734694,0.3685557823129252,0.37512653061224494,0.3766891156462585,0.36425170068027213,0.36859863945578236,0.37337210884353744,Female,6,5-7,Elementary,S,NC,R16S17g6_info1_250Hz_gu2_AEP.conn
R16BF06G8,R16BF06g8_info1_250Hz_gu1_AEP.conn,gu1,0.40625714285714287,0.39289523809523813,0.37098571428571425,0.37259523809523803,0.3760333333333333,0.39201904761904754,0.3986095238095238,0.40193809523809526,0.4043047619047619,0.3910333333333333,0.3673809523809524,0.3703666666666667,0.42767142857142854,0.4294571428571429,0.39646190476190474,0.44812,0.45324285714285717,0.4553,0.45712,0.4490314285714286,0.4594628571428571,0.46493142857142855,0.47193142857142856,0.47251714285714286,0.44743428571428573,0.44947428571428577,0.4481628571428572,0.4796885714285716,0.4851885714285714,0.46402,0.3641371428571429,0.37006285714285714,0.3666714285714286,0.35912,0.3513657142857143,0.3742942857142857,0.37849999999999995,0.37582,0.37047142857142856,0.36128857142857146,0.3607085714285715,0.36138857142857145,0.3630657142857143,0.3583828571428571,0.34424857142857146,0.3472265306122449,0.3480408163265306,0.35038367346938776,0.355334693877551,0.3574275510204082,0.3576061224489796,0.35446428571428573,0.35656632653061227,0.3564571428571428,0.3451336734693878,0.3501602040816326,0.3609183673469388,0.3609673469387755,0.36188775510204074,0.3643387755102041,0.3872285714285714,0.39033809523809526,0.3902785714285715,0.3945238095238095,0.38794761904761904,0.39340238095238095,0.39655952380952386,0.40045,0.40135476190476194,0.3962261904761905,0.4026119047619048,0.4106785714285714,0.3974452380952381,0.40038095238095234,0.3914785714285714,0.36727278911564626,0.3692299319727892,0.3715428571428571,0.3694598639455782,0.366391156462585,0.3627353741496599,0.3666020408163265,0.37005714285714286,0.37252176870748294,0.3701299319727891,0.36852653061224483,0.36995850340136044,0.37628639455782315,0.37869727891156457,0.3707802721088435,Female,8,8-12,Elementary,S,NC,R16BF06g8_info1_250Hz_gu2_AEP.conn
R16E02Y06B,R16E02y06b_info1_250Hz_gu1_AEP.conn,gu1,0.45537619047619055,0.4487857142857143,0.45837142857142865,0.45800476190476197,0.45288571428571434,0.4936047619047619,0.4699047619047619,0.4511857142857143,0.43497619047619046,0.44507619047619046,0.458947619047619,0.45350476190476186,0.48719047619047623,0.4740571428571428,0.4817857142857143,0.44642857142857145,0.4436,0.4360771428571429,0.4375457142857143,0.44036857142857144,0.4703114285714286,0.44689428571428574,0.4363028571428572,0.4344857142857143,0.4490742857142857,0.44333999999999996,0.4397514285714286,0.46198285714285714,0.4590228571428572,0.4466228571428571,0.44362571428571423,0.44658857142857145,0.4374142857142857,0.42670285714285716,0.41968285714285714,0.4452542857142857,0.4534114285714286,0.45483142857142855,0.45230571428571426,0.46339428571428576,0.4508171428571429,0.43644571428571427,0.4558114285714286,0.4527057142857143,0.46702571428571427,0.39902755102040816,0.39671020408163266,0.3926244897959184,0.392461224489796,0.39255510204081634,0.4173693877551021,0.4152397959183673,0.4143459183673469,0.42190816326530617,0.4036234693877551,0.3936704081632653,0.3859571428571429,0.40788775510204084,0.40579693877551026,0.38905,0.44252857142857144,0.4427880952380952,0.4389476190476191,0.44145238095238093,0.4532595238095238,0.4554238095238096,0.4285547619047619,0.42375,0.42723809523809525,0.4429285714285714,0.42627857142857145,0.4195,0.41028333333333333,0.40599999999999997,0.4076,0.4531142857142857,0.45357823129251706,0.4499278911564626,0.4508517006802722,0.4477238095238095,0.44721564625850346,0.4436659863945578,0.4484176870748299,0.44812176870748305,0.45522857142857137,0.45258979591836734,0.4554632653061224,0.46062721088435377,0.4644319727891156,0.46245850340136063,Female,6,5-7,Elementary,E,NC,R16E02y06b_info1_250Hz_gu2_AEP.conn
R16A02G05B,R16A02g05b_info1_250Hz_gu1_AEP.conn,gu1,0.23172857142857142,0.22645238095238096,0.21186666666666668,0.18327619047619048,0.1795095238095238,0.2030809523809524,0.19337619047619048,0.2019952380952381,0.23303809523809524,0.21192380952380954,0.20446190476190476,0.19270476190476185,0.2388619047619048,0.26413333333333333,0.23464285714285713,0.3046628571428571,0.29856,0.30236857142857143,0.30759142857142857,0.32517428571428575,0.3324457142857143,0.3246685714285714,0.3367685714285714,0.3528171428571429,0.3074,0.31579999999999997,0.32421142857142854,0.34414000000000006,0.36962571428571434,0.35068571428571427,0.34627428571428565,0.3511114285714286,0.3490028571428571,0.3489885714285714,0.3532485714285714,0.3499657142857143,0.34911428571428565,0.34311428571428576,0.3505542857142857,0.3472257142857143,0.34582857142857143,0.3484742857142857,0.3440971428571429,0.33737428571428574,0.35096,0.2991714285714286,0.29812653061224487,0.2984,0.30293775510204085,0.29906530612244897,0.29234591836734697,0.2949306122448979,0.29313571428571433,0.2879714285714286,0.29254795918367343,0.292784693877551,0.2968928571428572,0.29748163265306127,0.29460918367346933,0.2936765306122449,0.3809166666666666,0.3798452380952381,0.37817619047619044,0.37639047619047616,0.36058571428571434,0.37445,0.3690785714285714,0.35752619047619044,0.3460976190476191,0.3848142857142858,0.3832404761904762,0.3878285714285714,0.38891190476190474,0.37531190476190474,0.38661190476190477,0.4402469387755102,0.4461687074829932,0.44863333333333333,0.44678843537414975,0.4376238095238096,0.4315945578231292,0.4307727891156463,0.4314258503401361,0.4275673469387755,0.44400272108843536,0.44275238095238095,0.44310272108843546,0.43295782312925174,0.4351965986394558,0.43668367346938763,Female,5,5-7,Elementary,A,NC,R16A02g05b_info1_250Hz_gu2_AEP.conn
R16E14B10,R16E14b10_info1_250Hz_gu1_AEP.conn,gu1,0.18978095238095238,0.18414285714285714,0.1856952380952381,0.1890142857142857,0.18487142857142858,0.17533809523809527,0.1761952380952381,0.17855714285714286,0.18989047619047617,0.19714285714285715,0.19581904761904764,0.18967619047619047,0.21087619047619047,0.21207142857142855,0.24352380952380956,0.30905142857142853,0.3126428571428571,0.3103228571428572,0.3089485714285714,0.30956285714285714,0.31404,0.3203057142857143,0.32533142857142855,0.32676571428571427,0.3113228571428571,0.3094514285714286,0.3173457142857143,0.3355085714285714,0.3371085714285715,0.3353342857142857,0.3240228571428571,0.32226571428571427,0.31736285714285717,0.31360571428571427,0.3118657142857143,0.3270457142857143,0.3311257142857143,0.32852000000000003,0.3277885714285714,0.31222285714285714,0.3110257142857143,0.31474,0.3253571428571428,0.3239657142857143,0.3139571428571428,0.21732755102040818,0.21595204081632655,0.22018061224489796,0.22329693877551016,0.22499693877551022,0.21781326530612244,0.21441938775510203,0.2110857142857143,0.2072428571428572,0.21545510204081633,0.21906530612244898,0.22204897959183673,0.21365000000000003,0.21682040816326528,0.2217551020408163,0.18907380952380956,0.17938333333333334,0.18649047619047618,0.20310952380952382,0.21078571428571427,0.21434285714285717,0.21588809523809518,0.21353095238095235,0.2104261904761905,0.1829452380952381,0.19328333333333333,0.2116309523809524,0.22115476190476188,0.22028571428571428,0.20817142857142856,0.27906666666666663,0.2790530612244898,0.2792231292517006,0.28323809523809523,0.2854571428571428,0.27588911564625856,0.27830816326530605,0.2769414965986394,0.27441360544217686,0.2866789115646259,0.28595170068027215,0.28862380952380956,0.29248911564625846,0.2910027210884354,0.2847272108843537,Male,10,8-12,Elementary,E,NC,R16E14b10_info1_250Hz_gu2_AEP.conn
R16A07B12,R16A07b12_info1_250Hz_gu1_AEP.conn,gu1,0.2892857142857143,0.30332857142857145,0.2917095238095238,0.3000714285714286,0.30546190476190477,0.28449047619047624,0.2883428571428571,0.2782904761904762,0.26874761904761907,0.2817904761904762,0.2750333333333333,0.28500952380952377,0.3362809523809524,0.31238095238095237,0.2912095238095238,0.4414257142857142,0.4532457142857143,0.45774857142857145,0.44497142857142863,0.4164771428571428,0.4487457142857143,0.45274285714285717,0.45321428571428574,0.44475428571428577,0.4447228571428571,0.44894285714285714,0.4331942857142857,0.4607200000000001,0.45443428571428574,0.45659142857142865,0.43798571428571426,0.43275428571428576,0.4387657142857143,0.42466857142857134,0.4069342857142858,0.4104571428571429,0.41112000000000004,0.4262257142857143,0.4320142857142857,0.4201485714285714,0.4286771428571428,0.4142771428571429,0.4060657142857143,0.4207371428571428,0.4253971428571428,0.3348673469387755,0.3332357142857143,0.3310336734693878,0.3335051020408163,0.33479591836734696,0.35029591836734697,0.35497142857142855,0.3526571428571429,0.3405183673469387,0.33638571428571434,0.3304683673469388,0.3339500000000001,0.3586244897959183,0.35791836734693877,0.34298265306122444,0.3794952380952381,0.38019285714285717,0.35925238095238093,0.36492142857142856,0.3942714285714286,0.4355,0.42420714285714284,0.3984642857142857,0.37541190476190484,0.39125000000000004,0.3751738095238095,0.3894666666666666,0.42895952380952385,0.40555,0.375047619047619,0.3640843537414965,0.3522034013605442,0.3518129251700681,0.35348639455782316,0.36009387755102046,0.36493469387755106,0.36727210884353745,0.3695945578231292,0.37321700680272113,0.3650931972789116,0.3616496598639456,0.3613877551020408,0.3742884353741496,0.3785598639455782,0.37837278911564626,Male,12,8-12,Secondary,A,NC,R16A07b12_info1_250Hz_gu2_AEP.conn
R16S18G10,R16S18g10_info1_250Hz_gu1_AEP.conn,gu1,0.23876666666666665,0.24455714285714283,0.23782380952380952,0.2274857142857143,0.2265761904761905,0.22459523809523807,0.22665238095238097,0.2315904761904762,0.24339047619047618,0.24708095238095237,0.24164285714285713,0.23007142857142857,0.2719666666666667,0.27078571428571424,0.2653761904761905,0.36934000000000006,0.37620000000000003,0.37666857142857146,0.3724685714285714,0.37471714285714286,0.3700314285714286,0.3678285714285714,0.36554000000000003,0.3660571428571428,0.3795,0.3821542857142858,0.38009428571428566,0.39133714285714283,0.39107714285714285,0.4048457142857143,0.32589714285714283,0.3236542857142857,0.31571142857142853,0.3114914285714286,0.3084114285714285,0.33295142857142856,0.3303628571428572,0.31699428571428573,0.31232,0.32387714285714286,0.3204257142857143,0.31629428571428575,0.31187714285714285,0.30652,0.3241914285714286,0.2463887755102041,0.24756020408163265,0.2429948979591837,0.23593367346938776,0.2310030612244898,0.26189489795918364,0.26137244897959183,0.256945918367347,0.25122755102040817,0.24892653061224487,0.24862142857142858,0.24540408163265304,0.2606765306122449,0.255465306122449,0.2450071428571429,0.21256666666666665,0.21160714285714285,0.20821190476190474,0.20819761904761905,0.21513333333333332,0.2307714285714286,0.23079761904761906,0.22691666666666666,0.2194547619047619,0.22685,0.2217785714285714,0.22327619047619043,0.23428809523809524,0.22774047619047622,0.22412142857142858,0.26698299319727886,0.264952380952381,0.26356666666666667,0.2651095238095238,0.26650952380952375,0.2700299319727891,0.2676231292517007,0.2659965986394558,0.2647340136054422,0.2727292517006803,0.27189455782312927,0.27194285714285715,0.28460952380952376,0.2825074829931972,0.27472653061224495,Female,10,8-12,Elementary,S,NC,R16S18g10_info1_250Hz_gu2_AEP.conn
R16E06Y08G8,R16E06y08g8_info1_250Hz_gu1_AEP.conn,gu1,0.30191904761904764,0.3038666666666667,0.29733809523809523,0.2922047619047619,0.29864285714285715,0.29773333333333335,0.29244285714285717,0.28188571428571424,0.27722380952380954,0.30241904761904764,0.307,0.3037095238095238,0.3059619047619048,0.27976666666666666,0.33105238095238093,0.4048742857142857,0.39164,0.37994,0.3799257142857143,0.3903685714285715,0.3837342857142857,0.3699828571428571,0.3622114285714286,0.3666285714285714,0.3792114285714286,0.3732942857142857,0.3682914285714286,0.3751457142857143,0.37040285714285714,0.4014885714285715,0.34068,0.3353342857142857,0.36220857142857144,0.37298285714285717,0.37118285714285715,0.3541371428571428,0.35848285714285716,0.3725428571428572,0.3766057142857143,0.3512371428571428,0.3617971428571429,0.3471485714285714,0.3311428571428571,0.3252657142857143,0.3832542857142857,0.26802448979591836,0.2712265306122449,0.27371428571428574,0.27355,0.265634693877551,0.27876020408163266,0.28220510204081634,0.286045918367347,0.28307346938775513,0.2694836734693878,0.27569387755102037,0.27087755102040817,0.28231938775510207,0.27215,0.29138877551020403,0.3106714285714286,0.31720476190476193,0.32628809523809527,0.3285333333333333,0.33046904761904766,0.3165,0.3112333333333333,0.302747619047619,0.299852380952381,0.31819523809523803,0.3379023809523809,0.34554761904761905,0.31389761904761904,0.3067333333333333,0.34748571428571434,0.3787346938775511,0.38407823129251706,0.3838979591836735,0.3805278911564626,0.3770136054421769,0.376543537414966,0.3683530612244898,0.3676877551020409,0.3681598639455782,0.39460136054421757,0.39080408163265307,0.3817823129251701,0.3781646258503402,0.3794013605442177,0.3928931972789116,Female,8,8-12,Elementary,E,NC,R16E06y08g8_info1_250Hz_gu2_AEP.conn
R16E19B5,R16E19b5_info1_250Hz_gu1_AEP.conn,gu1,0.24603333333333335,0.24656666666666668,0.27314761904761903,0.28552857142857146,0.28305238095238094,0.3053904761904762,0.30606666666666665,0.31808095238095246,0.3225571428571428,0.2646523809523809,0.28918571428571427,0.2993619047619048,0.3360999999999999,0.354252380952381,0.323352380952381,0.4194771428571428,0.42258571428571423,0.4300942857142857,0.44084857142857137,0.44392000000000004,0.46185142857142863,0.45987999999999996,0.4484971428571428,0.44464,0.43909714285714285,0.44600285714285715,0.4477771428571429,0.4685714285714286,0.4708057142857143,0.4524571428571429,0.41674285714285714,0.43044285714285707,0.43963142857142856,0.44253428571428566,0.43302000000000007,0.43151714285714293,0.4424742857142857,0.44513428571428565,0.4372057142857143,0.42475428571428575,0.4419657142857143,0.4497771428571428,0.4362257142857143,0.44017714285714293,0.4292228571428571,0.3825581632653061,0.3842795918367348,0.38261224489795914,0.38752959183673463,0.38676836734693876,0.37259591836734696,0.3797,0.38210612244897957,0.3822969387755103,0.38608877551020404,0.3822010204081633,0.38100918367346953,0.3746051020408164,0.3704448979591836,0.3819785714285714,0.3013619047619048,0.31198333333333333,0.3194547619047619,0.31740714285714283,0.3176380952380952,0.30960238095238096,0.3148214285714286,0.31688571428571427,0.3110785714285714,0.3129595238095238,0.31761666666666666,0.3162190476190476,0.3256547619047619,0.32646904761904755,0.33267142857142856,0.3521074829931973,0.3516877551020408,0.3602707482993197,0.3653346938775511,0.36532857142857145,0.35286734693877553,0.3579605442176871,0.3589884353741497,0.3530210884353741,0.3528748299319727,0.35318571428571427,0.35169727891156466,0.3655598639455782,0.3703136054421769,0.35565306122448975,Male,5,5-7,Elementary,E,NC,R16E19b5_info1_250Hz_gu2_AEP.conn
R16S04G5,R16S04g5_info1_250Hz_gu1_AEP.conn,gu1,0.28730952380952385,0.27284285714285716,0.2777809523809524,0.28528571428571425,0.28905238095238095,0.2666142857142857,0.2717333333333333,0.2829190476190476,0.29012857142857146,0.27578571428571425,0.2746714285714286,0.2757142857142857,0.3064523809523809,0.31334761904761904,0.30783809523809524,0.37126285714285717,0.36888857142857145,0.3597314285714286,0.3607742857142857,0.3503514285714286,0.36608857142857143,0.37297714285714284,0.38205999999999996,0.3767371428571428,0.36156,0.34710857142857143,0.3412571428571428,0.38629714285714284,0.39436,0.37741142857142856,0.35338857142857144,0.34398,0.34186000000000005,0.336,0.32785142857142857,0.34544857142857144,0.3462914285714286,0.34099999999999997,0.33605999999999997,0.32852,0.32454571428571427,0.31929428571428564,0.3394142857142857,0.33934857142857144,0.32543999999999995,0.2787489795918367,0.2811326530612245,0.27771224489795915,0.27243367346938774,0.2734122448979592,0.2684877551020408,0.27794897959183673,0.286,0.2893989795918368,0.27690204081632647,0.27877244897959186,0.2759295918367347,0.2701091836734694,0.2753367346938776,0.28540714285714286,0.23973809523809528,0.2308214285714286,0.22886190476190474,0.23008333333333333,0.23432380952380952,0.24358809523809524,0.23035714285714282,0.23165952380952382,0.23409285714285713,0.2403523809523809,0.24205,0.23746190476190476,0.22962857142857143,0.2326595238095238,0.2551880952380952,0.2984462585034014,0.2930857142857143,0.2886367346938775,0.29238027210884354,0.2929755102040816,0.3117591836734694,0.3092789115646259,0.3094353741496598,0.30413605442176866,0.3070829931972789,0.30192653061224484,0.29840748299319725,0.31045918367346936,0.30661020408163264,0.3117952380952381,Female,5,5-7,Elementary,S,NC,R16S04g5_info1_250Hz_gu2_AEP.conn
R16S25B8,R16S25b8_info1_250Hz_gu1_AEP.conn,gu1,0.26722380952380953,0.2771952380952381,0.29145714285714286,0.2837809523809524,0.24821428571428572,0.29475238095238093,0.295247619047619,0.297,0.29391428571428574,0.28921904761904754,0.29577619047619047,0.29220952380952386,0.32170000000000004,0.3202238095238095,0.3319666666666667,0.3582257142857143,0.3605742857142857,0.36328285714285713,0.3615571428571429,0.3511,0.368,0.3799257142857143,0.3808285714285714,0.36022857142857145,0.3610428571428571,0.36344571428571426,0.35545142857142853,0.40880571428571433,0.41128285714285717,0.39755428571428575,0.37838,0.3852114285714286,0.3870228571428571,0.37997142857142857,0.3735171428571428,0.3857828571428571,0.3877428571428571,0.36355714285714286,0.3551171428571428,0.37130285714285716,0.37276,0.36400571428571427,0.3715914285714286,0.35024571428571427,0.3681142857142857,0.3388928571428572,0.3315234693877551,0.330545918367347,0.3369234693877551,0.339034693877551,0.34061428571428565,0.33445816326530614,0.3301489795918368,0.3273397959183673,0.33296122448979587,0.33029387755102035,0.3350071428571428,0.3333142857142857,0.32826632653061233,0.3261336734693878,0.29219047619047617,0.27912619047619047,0.2807,0.27690476190476193,0.2696238095238095,0.2711452380952381,0.26809761904761903,0.27571190476190477,0.2790952380952381,0.28573333333333334,0.28263095238095237,0.27599999999999997,0.2775547619047619,0.2846952380952381,0.2786452380952381,0.3511258503401361,0.3469006802721089,0.3426585034013605,0.33850408163265305,0.33728231292517,0.35643129251700684,0.35870680272108846,0.3533469387755102,0.346043537414966,0.35632857142857144,0.352087074829932,0.34727482993197273,0.3600721088435374,0.35566666666666663,0.3539605442176871,Male,8,8-12,Elementary,S,NC,R16S25b8_info1_250Hz_gu2_AEP.conn
R16E15G5,R16E15g5_info1_250Hz_gu1_AEP.conn,gu1,0.13586666666666666,0.13285714285714287,0.13635714285714287,0.1302714285714286,0.13194285714285714,0.12470476190476192,0.13610476190476192,0.1395809523809524,0.13586190476190477,0.14855238095238096,0.14427142857142858,0.1330285714285714,0.17771904761904764,0.1759857142857143,0.19072857142857144,0.27797714285714287,0.2784057142857143,0.28174571428571427,0.28927142857142857,0.2904657142857142,0.26484571428571424,0.2760485714285715,0.28626,0.29127428571428576,0.28134000000000003,0.2853914285714286,0.29690285714285714,0.30319714285714283,0.31436857142857144,0.3205628571428571,0.28108857142857147,0.2789685714285714,0.26958571428571426,0.2682114285714286,0.2765714285714286,0.2956114285714285,0.3013914285714286,0.3023257142857143,0.30038,0.26990857142857144,0.2577514285714286,0.26046,0.28031428571428574,0.2814057142857142,0.25885714285714284,0.18033775510204084,0.18110000000000004,0.17610510204081634,0.17735204081632655,0.17905816326530613,0.1762938775510204,0.17271326530612247,0.1704448979591837,0.17562755102040814,0.18197448979591838,0.17397755102040816,0.17321122448979592,0.16966326530612247,0.1729183673469388,0.17555612244897958,0.1939857142857143,0.18767380952380952,0.18386666666666665,0.17853095238095237,0.17907619047619047,0.17285952380952382,0.17759999999999998,0.18230238095238094,0.18439047619047622,0.20406190476190478,0.19741428571428574,0.19385476190476192,0.19214285714285717,0.20015238095238094,0.20673333333333332,0.284669387755102,0.28416938775510203,0.2829061224489796,0.28890748299319724,0.288534693877551,0.28431904761904764,0.28915374149659856,0.28878231292517004,0.2857326530612246,0.2904149659863946,0.2907517006802721,0.2956442176870747,0.2921646258503402,0.29389047619047615,0.2995571428571429,Female,5,5-7,Elementary,E,NC,R16E15g5_info1_250Hz_gu2_AEP.conn
R16A01BY08,R16A01by08_info1_250Hz_gu1_AEP.conn,gu1,0.26794285714285715,0.28426190476190477,0.27612857142857145,0.2801571428571428,0.2773428571428571,0.25442857142857145,0.26674285714285717,0.27954285714285715,0.27586190476190475,0.2901190476190476,0.2818571428571428,0.27049523809523807,0.32235714285714284,0.33293809523809526,0.303447619047619,0.37142285714285717,0.38788857142857147,0.38837714285714287,0.3967428571428572,0.3936114285714286,0.35879714285714287,0.36598571428571425,0.3848742857142857,0.39037428571428573,0.3945657142857143,0.40845999999999993,0.4184285714285714,0.40666285714285716,0.42056000000000004,0.43314571428571436,0.3702,0.3754542857142857,0.3964371428571429,0.4098285714285714,0.39899142857142855,0.3919257142857143,0.3874742857142857,0.39103999999999994,0.3951057142857143,0.36276285714285716,0.38911714285714283,0.4049514285714285,0.38216,0.3895285714285714,0.39601428571428576,0.2708877551020409,0.2657663265306122,0.2698204081632653,0.26597448979591837,0.26140714285714284,0.2712663265306123,0.2750938775510204,0.289265306122449,0.2965061224489796,0.26574489795918366,0.26610612244897963,0.26005306122448973,0.267119387755102,0.2826408163265306,0.26551734693877554,0.36233095238095236,0.3581404761904761,0.35594047619047625,0.34978333333333333,0.3388642857142857,0.3361476190476191,0.34201428571428577,0.34326428571428574,0.33258095238095237,0.3766333333333333,0.3814095238095238,0.3697095238095238,0.3614880952380952,0.35941428571428574,0.3698690476190476,0.35190204081632653,0.3543462585034014,0.3536455782312926,0.34279455782312923,0.33693945578231294,0.3550068027210884,0.3499469387755102,0.3464380952380952,0.3454448979591837,0.36115646258503403,0.36305510204081637,0.35288095238095235,0.3533999999999998,0.3554605442176871,0.356269387755102,Female,8,8-12,Elementary,A,NC,R16A01by08_info1_250Hz_gu2_AEP.conn
R16E11B5,R16E11b5_info1_250Hz_gu1_AEP.conn,gu1,0.2782142857142857,0.2849952380952381,0.2770333333333333,0.26876666666666665,0.26657619047619047,0.26763333333333333,0.27304761904761904,0.2764380952380952,0.28226666666666667,0.27945714285714285,0.27454761904761904,0.27813809523809524,0.31503333333333333,0.31953809523809523,0.3234714285714286,0.36786857142857143,0.37802857142857144,0.3776857142857143,0.37914571428571425,0.36991428571428575,0.3647628571428572,0.3749628571428572,0.3757428571428571,0.37152,0.37518571428571434,0.3737742857142857,0.37730857142857144,0.3964028571428571,0.4081485714285714,0.3967742857142857,0.3259028571428571,0.31361999999999995,0.3060771428571429,0.30545999999999995,0.3043257142857143,0.31441142857142856,0.30510857142857145,0.3016057142857143,0.30802571428571424,0.31198,0.3102371428571429,0.31417428571428574,0.3029514285714286,0.3080457142857143,0.3098914285714286,0.22939387755102042,0.2247938775510204,0.2210734693877551,0.22279897959183673,0.2203765306122449,0.22769081632653063,0.22508061224489798,0.22490306122448978,0.22562346938775507,0.22632040816326532,0.22622755102040815,0.2300663265306123,0.23575408163265305,0.23363571428571425,0.23569387755102045,0.27445238095238095,0.27175,0.27304999999999996,0.2767071428571429,0.2745380952380953,0.2586285714285714,0.2571309523809524,0.25933333333333336,0.26435238095238095,0.2893452380952381,0.2814357142857143,0.2847690476190476,0.2706071428571429,0.26949761904761904,0.28109047619047617,0.32632040816326535,0.32408367346938777,0.3258496598639456,0.32472448979591834,0.32489115646258504,0.32227551020408157,0.3280081632653061,0.3287523809523809,0.3327959183673469,0.3357095238095238,0.33825850340136054,0.3365666666666667,0.33423129251700684,0.33632585034013607,0.3426891156462585,Male,5,5-7,Elementary,E,NC,R16E11b5_info1_250Hz_gu2_AEP.conn
R16S13B9,R16S13b9_info1_250Hz_gu1_AEP.conn,gu1,0.15626190476190477,0.16739523809523812,0.1721285714285714,0.18224761904761907,0.17331428571428567,0.16444761904761906,0.1717904761904762,0.17149999999999999,0.17971904761904764,0.1705,0.18217142857142857,0.19423333333333334,0.21855714285714287,0.21634285714285717,0.2189095238095238,0.3362142857142857,0.34746571428571427,0.3429,0.33307714285714285,0.31714571428571425,0.3175057142857143,0.3141285714285714,0.3168714285714286,0.32473142857142856,0.33580571428571426,0.3331685714285714,0.32735142857142857,0.33136857142857146,0.3441657142857143,0.34688857142857144,0.38915714285714287,0.39135714285714285,0.3849542857142857,0.3845142857142857,0.38089714285714293,0.36782,0.36044857142857134,0.35598571428571424,0.3631657142857142,0.3910228571428572,0.38817142857142856,0.3873742857142857,0.3542257142857143,0.3538142857142857,0.3858371428571429,0.2421367346938776,0.24633877551020408,0.2500336734693878,0.25419285714285716,0.25112142857142855,0.24256938775510203,0.24024795918367348,0.23482755102040814,0.23681734693877549,0.24193265306122447,0.24192755102040817,0.24473367346938782,0.23962755102040817,0.2424979591836735,0.24513877551020408,0.2337452380952381,0.22742142857142858,0.22626428571428572,0.23331190476190475,0.24335714285714286,0.24643809523809523,0.24736904761904763,0.2502,0.24534285714285717,0.24281666666666668,0.2349190476190476,0.23761904761904762,0.2632380952380952,0.2694833333333333,0.2476547619047619,0.30983333333333335,0.3059054421768708,0.300112925170068,0.3020503401360544,0.30008367346938775,0.3092612244897959,0.308852380952381,0.3051115646258503,0.3021857142857143,0.3070877551020408,0.30314081632653067,0.3058986394557823,0.3143394557823129,0.31013333333333337,0.30765918367346934,Male,9,8-12,Elementary,S,NC,R16S13b9_info1_250Hz_gu2_AEP.conn
R16S16G11,R16S16g11_info1_250Hz_gu1_AEP.conn,gu1,0.28003333333333336,0.28160476190476186,0.2900095238095238,0.2874333333333333,0.2737952380952381,0.27428095238095235,0.26899999999999996,0.2666952380952381,0.2630142857142857,0.2910238095238096,0.2927142857142857,0.2875952380952381,0.3145952380952381,0.3094,0.3332333333333333,0.43785428571428564,0.4337771428571428,0.43284,0.4384485714285714,0.43575428571428576,0.43110857142857134,0.4312285714285715,0.42809428571428565,0.42436000000000007,0.4408714285714286,0.4400685714285714,0.4395885714285714,0.44654,0.4498914285714286,0.4576257142857143,0.39169714285714285,0.3861771428571429,0.3937771428571429,0.40626285714285715,0.41368,0.4143628571428571,0.40037142857142854,0.39559714285714287,0.38839999999999997,0.40438285714285715,0.40510285714285715,0.4105971428571428,0.40671428571428575,0.4055142857142857,0.40563714285714286,0.3433428571428571,0.3396928571428572,0.3340091836734694,0.33226632653061217,0.33533163265306115,0.3278071428571429,0.3225112244897959,0.3313153061224489,0.3242561224489796,0.3400234693877552,0.3327632653061225,0.3289908163265306,0.31873061224489796,0.32343775510204076,0.3274918367346939,0.34882619047619046,0.33949761904761905,0.32958809523809524,0.32680238095238096,0.3347452380952381,0.32700476190476185,0.3459428571428571,0.3478357142857143,0.3407880952380952,0.3550547619047619,0.3403023809523809,0.33703095238095243,0.338502380952381,0.34127619047619046,0.35282142857142856,0.3853578231292517,0.3857972789115647,0.3857299319727891,0.38963945578231296,0.3913476190476191,0.3800659863945578,0.3856061224489796,0.3899517006802722,0.39364965986394557,0.39023061224489797,0.38985646258503404,0.38852653061224485,0.4026122448979591,0.4043142857142857,0.3950986394557824,Female,11,8-12,Elementary,S,NC,R16S16g11_info1_250Hz_gu2_AEP.conn
R16E10G9,R16E10g9_info1_250Hz_gu1_AEP.conn,gu1,0.16940952380952382,0.18096666666666664,0.18166666666666667,0.1867095238095238,0.18518095238095236,0.21284761904761904,0.20547619047619048,0.2045809523809524,0.19534285714285715,0.17606190476190475,0.17010952380952382,0.18243333333333334,0.2308,0.23176190476190475,0.22093809523809527,0.35965142857142857,0.35923142857142853,0.35768285714285714,0.3677942857142857,0.36814285714285716,0.3684657142857143,0.3604228571428571,0.3634685714285714,0.36536857142857143,0.34934285714285707,0.35252285714285714,0.3639971428571428,0.3815542857142857,0.3783857142857143,0.37854,0.40136857142857146,0.39141142857142863,0.3895885714285714,0.39421999999999996,0.38708,0.3931514285714286,0.38845999999999997,0.3849542857142857,0.3820857142857143,0.3816657142857143,0.37523142857142855,0.3754542857142857,0.3910828571428572,0.3804857142857143,0.37427714285714286,0.28350000000000003,0.28073979591836734,0.2817071428571428,0.27903775510204076,0.28503061224489795,0.2922387755102041,0.2892724489795918,0.28911530612244896,0.28862551020408167,0.2825132653061225,0.28346428571428567,0.2857479591836735,0.294034693877551,0.2950489795918367,0.2871928571428572,0.2886380952380952,0.2864761904761905,0.29896904761904763,0.2902880952380953,0.2867976190476191,0.2864380952380952,0.2913738095238095,0.29191428571428574,0.2847880952380952,0.2901714285714286,0.30058095238095234,0.2977642857142857,0.3040809523809524,0.3002190476190476,0.29031428571428575,0.35416326530612247,0.35459455782312926,0.3555646258503402,0.35349183673469387,0.35080272108843535,0.3480380952380953,0.3469442176870749,0.34815442176870753,0.34801768707482994,0.35902721088435363,0.3586136054421769,0.35726734693877554,0.36797755102040813,0.36729659863945574,0.3642027210884353,Female,9,8-12,Elementary,E,NC,R16E10g9_info1_250Hz_gu2_AEP.conn
R16E04G10,R16E04g10_info1_250Hz_gu1_AEP.conn,gu1,0.1888238095238095,0.1925285714285714,0.19513809523809525,0.19492380952380953,0.17926666666666669,0.19260476190476192,0.20160476190476193,0.20425238095238096,0.20225238095238096,0.19678095238095236,0.20306666666666665,0.2062952380952381,0.24035238095238096,0.23977142857142855,0.25074285714285716,0.33889714285714284,0.32826571428571427,0.3289371428571428,0.3335771428571429,0.3308742857142857,0.3527085714285715,0.34843142857142856,0.34612571428571426,0.3463114285714285,0.3246657142857143,0.3353085714285714,0.3400228571428572,0.37716,0.3849485714285714,0.36805999999999994,0.3182457142857143,0.32474857142857144,0.3287771428571428,0.3280657142857143,0.32640285714285716,0.303,0.31335142857142856,0.31582857142857146,0.3254028571428571,0.31132000000000004,0.3162257142857142,0.3175085714285714,0.31094000000000005,0.3161,0.30844857142857146,0.27483469387755105,0.2781234693877551,0.284354081632653,0.2885755102040816,0.2851877551020408,0.2899132653061224,0.28684081632653063,0.27910408163265304,0.2769091836734694,0.27601938775510204,0.2817010204081633,0.2874367346938775,0.27583571428571435,0.26838979591836737,0.2864724489795919,0.2848642857142857,0.2841785714285714,0.2856238095238095,0.29075476190476196,0.29692857142857143,0.2791142857142857,0.2799404761904762,0.2763880952380952,0.2648904761904762,0.28855476190476187,0.292647619047619,0.29746428571428574,0.27098333333333335,0.2775357142857143,0.2941285714285714,0.31249795918367346,0.31258367346938776,0.3131340136054422,0.3134394557823129,0.31478027210884363,0.31031972789115647,0.3091795918367347,0.3087503401360544,0.30908367346938775,0.31142312925170074,0.3106353741496599,0.31346258503401364,0.31936258503401355,0.3218775510204081,0.3149340136054421,Female,10,8-12,Elementary,E,NC,R16E04g10_info1_250Hz_gu2_AEP.conn
R16BF01B10,R16BF01b10_info1_250Hz_gu1_AEP.conn,gu1,0.17197142857142855,0.1949952380952381,0.21118571428571428,0.21657142857142855,0.21006666666666665,0.15204761904761904,0.15995238095238098,0.18250476190476195,0.20426666666666668,0.16564285714285715,0.1756047619047619,0.19092857142857142,0.19817142857142855,0.22334285714285715,0.2041666666666667,0.2849514285714286,0.29056571428571426,0.3082942857142857,0.31769428571428565,0.3270057142857143,0.27498,0.28118,0.2997457142857143,0.31544,0.29090571428571427,0.30221428571428566,0.3047171428571428,0.31044,0.32909428571428573,0.3335914285714286,0.2727514285714286,0.26013714285714284,0.2790742857142857,0.2954257142857143,0.29924285714285714,0.2733257142857143,0.30201142857142854,0.3291371428571429,0.3198885714285714,0.2632085714285714,0.27999714285714283,0.29546571428571433,0.31474,0.33074857142857145,0.2927885714285714,0.3124989795918367,0.3146561224489796,0.32389183673469385,0.3286683673469388,0.32436020408163263,0.3125397959183674,0.32412448979591835,0.3321112244897959,0.3256173469387756,0.320984693877551,0.3211051020408163,0.323365306122449,0.3334234693877551,0.3367428571428571,0.33047448979591837,0.33043809523809525,0.3475809523809524,0.3552166666666667,0.3456523809523809,0.3309809523809524,0.3047666666666667,0.29759523809523813,0.2908428571428571,0.2888904761904762,0.3476857142857143,0.35444285714285706,0.3420809523809523,0.2852142857142857,0.29048809523809527,0.3349880952380952,0.33551836734693874,0.33106598639455787,0.3290442176870748,0.32722517006802715,0.3293925170068027,0.343539455782313,0.35033673469387755,0.3534727891156462,0.35156122448979593,0.33418163265306117,0.335670068027211,0.3395823129251701,0.35444489795918366,0.3571319727891157,0.34603197278911557,Male,10,8-12,Elementary,S,NC,R16BF01b10_info1_250Hz_gu2_AEP.conn
R16S08G10,R16S08g10_info1_250Hz_gu1_AEP.conn,gu1,0.23306666666666667,0.2219809523809524,0.2313285714285714,0.2439095238095238,0.26676190476190476,0.2509619047619048,0.25503809523809523,0.2509047619047619,0.2555619047619047,0.2129952380952381,0.21113809523809524,0.22717619047619045,0.2949333333333333,0.29254285714285716,0.26803333333333335,0.3675171428571428,0.36009714285714284,0.36527714285714286,0.36983714285714286,0.37438857142857146,0.3548457142857143,0.3546057142857143,0.36298571428571436,0.3762885714285714,0.3401342857142857,0.34289142857142857,0.3417742857142857,0.3648828571428572,0.37315714285714285,0.34986285714285714,0.3307771428571428,0.32651142857142856,0.3265,0.3292771428571429,0.32859714285714287,0.33779714285714285,0.33486857142857146,0.33275142857142864,0.33239428571428575,0.3312142857142857,0.3294714285714286,0.3210571428571429,0.32627428571428574,0.31822285714285714,0.3248457142857143,0.27356224489795916,0.2728020408163265,0.27407857142857145,0.2732642857142857,0.2687775510204082,0.2717214285714286,0.26885408163265306,0.271119387755102,0.2715714285714286,0.2637714285714286,0.266184693877551,0.26541836734693874,0.2566204081632653,0.2652061224489796,0.2670255102040816,0.2392761904761905,0.23097619047619045,0.22626428571428572,0.2251833333333333,0.22947619047619053,0.21859285714285717,0.22351666666666667,0.22750714285714282,0.22845000000000001,0.23344285714285715,0.22824523809523808,0.2254071428571429,0.236002380952381,0.2369,0.23782380952380952,0.2905122448979592,0.2909360544217687,0.29222925170068026,0.29135034013605443,0.29368027210884357,0.2940673469387755,0.2897469387755102,0.2905319727891157,0.29130476190476196,0.28893945578231295,0.2865163265306122,0.28733401360544214,0.2876544217687074,0.2847299319727892,0.288252380952381,Female,10,8-12,Elementary,S,NC,R16S08g10_info1_250Hz_gu2_AEP.conn
R16A03G07,R16A03g07_info1_250Hz_gu1_AEP.conn,gu1,0.21278571428571427,0.20249999999999999,0.2227380952380952,0.23371428571428568,0.23564761904761902,0.2185190476190476,0.224647619047619,0.2212952380952381,0.21585238095238093,0.20766190476190474,0.2217285714285714,0.23185238095238092,0.26010952380952385,0.26311904761904764,0.27110000000000006,0.3223885714285714,0.3294371428571428,0.3223485714285715,0.3055542857142857,0.31216571428571427,0.3000685714285714,0.30451428571428574,0.31222,0.3140314285714286,0.32510285714285714,0.3198628571428571,0.3125228571428572,0.33324857142857145,0.3381742857142857,0.34435714285714286,0.27675428571428573,0.28453428571428574,0.2820542857142857,0.2761914285714286,0.26618857142857144,0.2820228571428572,0.27845142857142857,0.29136571428571434,0.29421714285714284,0.28881999999999997,0.28531428571428574,0.28523714285714286,0.2834657142857143,0.2953657142857143,0.28416857142857144,0.19573469387755105,0.19655612244897955,0.19637551020408162,0.19974693877551022,0.19391122448979595,0.19588775510204084,0.1937683673469388,0.19465510204081635,0.19812244897959183,0.18824591836734697,0.1899714285714286,0.19754693877551024,0.19501020408163264,0.19060816326530614,0.19160000000000002,0.17514285714285713,0.1731404761904762,0.17430714285714285,0.1755404761904762,0.16588333333333333,0.18610476190476188,0.19346428571428573,0.19763333333333333,0.18812142857142858,0.17248571428571427,0.16956428571428572,0.17149999999999999,0.19422142857142857,0.198597619047619,0.17408095238095242,0.2847639455782313,0.28784081632653064,0.2908265306122449,0.2862904761904761,0.2764707482993197,0.2895816326530612,0.2929142857142857,0.2884802721088436,0.2837074829931973,0.28997959183673466,0.2932755102040816,0.2883333333333333,0.29836666666666667,0.2925938775510204,0.29452312925170065,Female,7,5-7,Elementary,A,NC,R16A03g07_info1_250Hz_gu2_AEP.conn
R16S14B5,R16S14b5_info1_250Hz_gu1_AEP.conn,gu1,0.24218095238095239,0.2383857142857143,0.22707619047619051,0.2134047619047619,0.2068714285714286,0.22684285714285715,0.2224142857142857,0.21816666666666665,0.2267809523809524,0.2278095238095238,0.2178,0.20486666666666667,0.2757809523809524,0.2689238095238095,0.23933809523809524,0.34106857142857144,0.33639142857142856,0.33710285714285715,0.3360485714285714,0.32597714285714285,0.32517142857142856,0.3389257142857142,0.34737142857142855,0.33466285714285715,0.33039142857142856,0.33242857142857146,0.33012571428571424,0.35859428571428575,0.3629228571428571,0.36051714285714287,0.35843428571428565,0.3522657142857143,0.3560085714285714,0.3542485714285714,0.35481714285714283,0.3561485714285714,0.3583,0.37082,0.3764257142857143,0.36193714285714285,0.3671171428571429,0.35337428571428575,0.3602257142857143,0.37247142857142856,0.37089714285714287,0.30195,0.3005071428571428,0.29713775510204077,0.29675,0.2959295918367347,0.3036867346938776,0.30656734693877546,0.30390204081632655,0.3013908163265306,0.30093673469387755,0.2982183673469388,0.29825918367346943,0.29657653061224487,0.29631326530612245,0.29451020408163264,0.3102404761904762,0.30803571428571425,0.29955952380952383,0.301397619047619,0.3042404761904762,0.2826666666666666,0.28869285714285714,0.3024904761904762,0.30575714285714284,0.2900238095238095,0.2816238095238095,0.28685,0.27149285714285715,0.2864857142857143,0.2691547619047619,0.3169414965986394,0.311412925170068,0.30694693877551027,0.31108911564625846,0.31277414965986394,0.31212108843537417,0.3076544217687075,0.3022210884353741,0.30362312925170065,0.32002721088435376,0.3197442176870749,0.3190619047619048,0.3214775510204082,0.3179945578231293,0.32884965986394565,Male,5,5-7,Elementary,S,NC,R16S14b5_info1_250Hz_gu2_AEP.conn
R16E08Y05B5,R16E08y05b5_info1_250Hz_gu1_AEP.conn,gu1,0.2151047619047619,0.21479523809523807,0.2147285714285714,0.2064714285714286,0.20602857142857145,0.245,0.25902857142857144,0.25534285714285715,0.2492952380952381,0.22812857142857143,0.22881904761904762,0.2245,0.30797142857142856,0.3033,0.27067619047619046,0.3707285714285714,0.3663828571428571,0.36905714285714286,0.3645314285714286,0.35266857142857144,0.3528714285714286,0.3653085714285714,0.37108285714285716,0.37279714285714294,0.3733828571428571,0.37308571428571424,0.3640685714285714,0.4087485714285714,0.40963142857142865,0.39720857142857147,0.3428371428571429,0.34152285714285713,0.3403314285714286,0.34754571428571424,0.3548857142857143,0.34729714285714286,0.34258,0.34194285714285716,0.34566571428571424,0.3272285714285714,0.32329714285714284,0.33095714285714284,0.33773714285714285,0.33846571428571426,0.3257828571428571,0.2969387755102041,0.2988979591836735,0.29467244897959183,0.29386326530612245,0.3004724489795918,0.3032663265306122,0.3049051020408164,0.3092091836734694,0.3133795918367347,0.29842040816326526,0.29874591836734693,0.29737755102040814,0.3086632653061225,0.31081530612244895,0.3044377551020408,0.3028666666666667,0.30768809523809526,0.30243095238095236,0.29169761904761904,0.2959857142857143,0.2940380952380952,0.3007095238095238,0.30415476190476187,0.3099904761904762,0.3068785714285714,0.31145,0.30720714285714285,0.31410476190476194,0.31746904761904765,0.3283928571428571,0.3337925170068027,0.3352727891156463,0.3353190476190476,0.33373469387755106,0.3319319727891156,0.3223367346938776,0.3236619047619048,0.3277108843537415,0.332721768707483,0.337404081632653,0.3411557823129252,0.33922176870748294,0.3391156462585034,0.3423013605442177,0.3365156462585034,Male,5,5-7,Elementary,E,NC,R16E08y05b5_info1_250Hz_gu2_AEP.conn
R16E18G9,R16E18g9_info1_250Hz_gu1_AEP.conn,gu1,0.3166571428571428,0.3162904761904762,0.32579047619047613,0.3288285714285714,0.33355714285714283,0.3239904761904762,0.3241380952380953,0.32932857142857147,0.33495238095238095,0.31733333333333336,0.3357333333333334,0.3404428571428572,0.37191904761904765,0.378452380952381,0.38609999999999994,0.4008514285714286,0.4124885714285714,0.41948285714285716,0.4139571428571429,0.41191714285714287,0.4036828571428572,0.3985485714285715,0.39618571428571425,0.3988514285714285,0.40490000000000004,0.4076828571428571,0.40556000000000003,0.4220085714285714,0.42162571428571427,0.43082571428571426,0.33057428571428576,0.3362628571428571,0.3410942857142857,0.34429714285714286,0.34038571428571424,0.33846571428571426,0.33542571428571427,0.33699714285714283,0.32855142857142855,0.33222857142857143,0.3401914285714286,0.34537142857142855,0.32397714285714285,0.32029142857142856,0.34362857142857145,0.2668173469387755,0.26649693877551023,0.2664030612244898,0.2656357142857143,0.26939693877551024,0.279515306122449,0.27214387755102043,0.2701744897959184,0.27347346938775513,0.2669724489795918,0.26763163265306117,0.2650408163265306,0.27106326530612246,0.26694999999999997,0.27076122448979595,0.24040238095238095,0.2519571428571428,0.2559904761904762,0.25107380952380953,0.24888571428571427,0.2461285714285714,0.24866428571428567,0.25192857142857145,0.2494452380952381,0.2392809523809524,0.25285238095238094,0.2516523809523809,0.23852857142857142,0.23780238095238096,0.25210952380952384,0.3757448979591837,0.37654217687074826,0.3732789115646258,0.3750680272108843,0.37549387755102054,0.376291156462585,0.37942517006802723,0.38179591836734705,0.3826598639455782,0.3817149659863946,0.3800312925170069,0.38090204081632656,0.386143537414966,0.3869734693877551,0.38485034013605446,Female,9,8-12,Elementary,E,NC,R16E18g9_info1_250Hz_gu2_AEP.conn
R16S07B8,R16S07b8_info1_250Hz_gu1_AEP.conn,gu1,0.26533809523809526,0.2592428571428571,0.25234285714285715,0.2513190476190476,0.24183333333333334,0.22290000000000001,0.2150809523809524,0.22677619047619046,0.22809523809523813,0.26348571428571427,0.2604571428571429,0.25514285714285717,0.25199523809523805,0.2569238095238095,0.2932619047619048,0.37420285714285717,0.37702285714285716,0.37637714285714285,0.3715,0.3645285714285714,0.35156857142857145,0.3486142857142857,0.35687428571428575,0.3741,0.38814571428571426,0.3856914285714286,0.37769714285714284,0.38151142857142856,0.38946,0.3990857142857143,0.36302285714285715,0.3577914285714286,0.35090285714285707,0.3381857142857143,0.3292942857142857,0.3584142857142857,0.3527600000000001,0.33917428571428576,0.3293685714285714,0.3650142857142857,0.3650257142857143,0.3553314285714285,0.36861714285714287,0.36375142857142856,0.3745228571428571,0.3086816326530612,0.3044979591836735,0.30537040816326533,0.30615000000000003,0.3137091836734694,0.3038836734693877,0.30482959183673464,0.3008275510204082,0.2999224489795918,0.2996040816326531,0.29638265306122447,0.2955857142857143,0.29615816326530614,0.29459387755102034,0.28920918367346937,0.26825952380952384,0.2623714285714286,0.25355,0.24871666666666667,0.2648761904761905,0.2689619047619047,0.26062857142857143,0.25582857142857146,0.25993571428571427,0.26966428571428575,0.26430714285714285,0.2625619047619048,0.28010714285714283,0.27748095238095244,0.2733761904761905,0.3382142857142857,0.3355285714285715,0.333165306122449,0.32962857142857144,0.3311414965986394,0.33301156462585035,0.33099047619047617,0.3290761904761905,0.329678231292517,0.34536054421768714,0.34461156462585024,0.3413884353741497,0.3380537414965986,0.3376054421768708,0.3534625850340136,Male,8,8-12,Elementary,S,NC,R16S07b8_info1_250Hz_gu2_AEP.conn
R16S03B10,R16S03b10_info1_250Hz_gu1_AEP.conn,gu1,0.21801904761904758,0.20474285714285714,0.20659523809523808,0.22591428571428573,0.2220095238095238,0.21915238095238096,0.21875238095238095,0.20951904761904763,0.21019523809523807,0.2020952380952381,0.19634761904761908,0.20798095238095238,0.2840142857142857,0.27208095238095237,0.2396666666666666,0.31514857142857144,0.3194314285714286,0.32668285714285716,0.33495428571428565,0.3313085714285714,0.33090857142857144,0.3227971428571429,0.31632571428571427,0.32106571428571423,0.3159257142857143,0.31838571428571427,0.3291914285714285,0.3465771428571428,0.34122571428571435,0.3353857142857143,0.30284285714285714,0.3008628571428571,0.2987142857142857,0.29134571428571426,0.2937885714285714,0.2906228571428571,0.28586857142857147,0.28387714285714283,0.2773942857142857,0.29414285714285715,0.2884942857142857,0.28613142857142854,0.2712914285714285,0.26951714285714284,0.27284285714285716,0.21497142857142856,0.22065816326530613,0.22505000000000003,0.22454285714285716,0.22468367346938778,0.2279683673469388,0.22825714285714288,0.22603775510204085,0.22291938775510203,0.2247357142857143,0.22858979591836737,0.22562040816326534,0.2255204081632653,0.22434897959183675,0.22859693877551018,0.26403809523809524,0.26084047619047623,0.2519047619047619,0.2449690476190476,0.2505952380952381,0.25557142857142856,0.2505452380952381,0.2442738095238095,0.24603809523809525,0.26624761904761907,0.254002380952381,0.2497904761904762,0.2566238095238096,0.24813095238095242,0.26023095238095245,0.30001904761904763,0.29708979591836737,0.2924802721088434,0.29117687074829923,0.29716938775510204,0.2987680272108844,0.3012897959183673,0.29708163265306126,0.29144625850340133,0.30104897959183674,0.29929591836734704,0.30260136054421766,0.3065326530612245,0.3031136054421768,0.31142108843537414,Male,10,8-12,Elementary,S,NC,R16S03b10_info1_250Hz_gu2_AEP.conn
R16A06G10,R16A06g10_info1_250Hz_gu1_AEP.conn,gu1,0.19292380952380953,0.1959428571428571,0.17567142857142856,0.1723714285714286,0.1966714285714286,0.20042857142857143,0.21236666666666668,0.20558571428571426,0.19254285714285713,0.18796666666666664,0.18054285714285714,0.17741428571428575,0.23934761904761903,0.22120952380952383,0.219852380952381,0.31680285714285716,0.3197228571428571,0.33158857142857145,0.3353542857142857,0.33918857142857145,0.3219057142857143,0.3375714285714286,0.34616,0.33739714285714284,0.31796857142857143,0.33534571428571425,0.3359857142857143,0.3611114285714286,0.3717142857142857,0.35861428571428566,0.3665257142857143,0.36320285714285716,0.36272285714285707,0.3717771428571429,0.3748371428571428,0.37279428571428574,0.38367142857142855,0.3855057142857143,0.36916285714285724,0.3575457142857143,0.34711428571428576,0.34969142857142854,0.37484285714285714,0.3779457142857143,0.3549457142857143,0.25361326530612244,0.2487255102040816,0.2465408163265306,0.2548948979591837,0.2522948979591837,0.2622673469387755,0.2553326530612245,0.25009591836734696,0.2463448979591837,0.2522275510204081,0.2465714285714286,0.2560316326530612,0.2569918367346939,0.2517285714285714,0.24563877551020408,0.34138571428571424,0.35189047619047614,0.34158333333333335,0.3431619047619048,0.331602380952381,0.34664999999999996,0.3273380952380952,0.31757857142857143,0.29851190476190476,0.35503095238095234,0.33869047619047615,0.3379880952380952,0.3369785714285715,0.33593809523809526,0.3309428571428572,0.3303700680272109,0.3251666666666666,0.3200877551020408,0.32261836734693883,0.3350911564625851,0.3173680272108844,0.3125945578231293,0.30942585034013614,0.32533945578231294,0.33761156462585035,0.3291333333333334,0.32801360544217684,0.32448231292517005,0.3227136054421769,0.3381265306122449,Female,10,8-12,Elementary,A,NC,R16A06g10_info1_250Hz_gu2_AEP.conn
R16S02B_G6,R16S02b_g6_info1_250Hz_gu1_AEP.conn,gu1,0.2636428571428571,0.24959999999999996,0.25222857142857147,0.25375238095238095,0.2559285714285714,0.263347619047619,0.27594285714285716,0.2766619047619048,0.27294285714285715,0.2625095238095238,0.25335238095238094,0.2552190476190476,0.31492380952380955,0.3203428571428571,0.3114857142857143,0.4367142857142857,0.43797428571428565,0.4240857142857143,0.4173,0.4122228571428571,0.4346914285714286,0.4436228571428572,0.4525771428571429,0.4482571428571428,0.4199514285714286,0.41309428571428575,0.4017885714285715,0.4629714285714286,0.4671085714285715,0.44754285714285713,0.4165857142857143,0.4187828571428572,0.42967714285714287,0.43702857142857143,0.4296914285714286,0.44005142857142865,0.43148857142857133,0.4249657142857143,0.4181057142857143,0.40570571428571434,0.4146114285714286,0.41837999999999986,0.42143428571428565,0.41319999999999996,0.4233885714285714,0.34772755102040814,0.3496173469387755,0.34931224489795915,0.3485530612244898,0.34928469387755107,0.3547969387755103,0.35955408163265307,0.3614397959183674,0.3624530612244898,0.3509612244897959,0.34734285714285723,0.3438469387755102,0.35536326530612244,0.35842244897959186,0.3498561224489795,0.26850952380952386,0.2720261904761905,0.27537380952380947,0.28031904761904763,0.29109999999999997,0.26385238095238095,0.2727047619047619,0.27727857142857143,0.26547380952380956,0.2735714285714286,0.27313333333333334,0.27681190476190476,0.2906666666666667,0.2983190476190476,0.2689761904761905,0.3309666666666667,0.32786462585034015,0.3259312925170068,0.32455782312925174,0.32235646258503403,0.327734693877551,0.3286530612244898,0.3289510204081633,0.3299340136054421,0.33141768707483,0.33029115646258506,0.3290176870748299,0.3287414965986394,0.3310285714285714,0.3346251700680273,Female,6,5-7,Elementary,S,NC,R16S02b_g6_info1_250Hz_gu2_AEP.conn
R16S15B10,R16S15b10_info1_250Hz_gu1_AEP.conn,gu1,0.12526190476190477,0.1333047619047619,0.1472,0.14725714285714286,0.1465857142857143,0.12953333333333333,0.12175238095238095,0.11338095238095237,0.1129142857142857,0.13102380952380951,0.13710476190476192,0.13511428571428571,0.17253809523809527,0.17039523809523807,0.1653,0.2602857142857143,0.26308571428571426,0.26300285714285715,0.2604685714285714,0.2666542857142857,0.27004857142857147,0.27426000000000006,0.27396000000000004,0.2736085714285714,0.26503428571428567,0.27085714285714285,0.2697142857142857,0.29387428571428564,0.3036142857142857,0.29665714285714284,0.26723714285714284,0.2629571428571429,0.26099428571428573,0.2619457142857143,0.27345142857142857,0.2701885714285714,0.2787942857142857,0.28666571428571425,0.28489428571428566,0.27130857142857145,0.2673657142857143,0.2659571428571429,0.27870285714285714,0.28506,0.2749057142857143,0.24798673469387753,0.2500714285714286,0.25122244897959184,0.2493530612244898,0.24766020408163264,0.2609173469387755,0.25672040816326536,0.24963571428571427,0.24238775510204083,0.25480816326530614,0.2551857142857143,0.2529857142857143,0.2552704081632653,0.25196122448979597,0.2660724489795918,0.22719761904761906,0.2273452380952381,0.23760238095238098,0.2473857142857143,0.2567738095238095,0.24260238095238096,0.23902619047619048,0.23128333333333337,0.21997857142857144,0.23988333333333334,0.24724047619047615,0.25139047619047616,0.24960952380952384,0.2410190476190476,0.24328809523809525,0.24203877551020408,0.24339523809523805,0.24151020408163262,0.23696054421768709,0.23950816326530616,0.24785170068027207,0.2488231292517007,0.24587346938775512,0.24451428571428574,0.2539789115646259,0.2505829931972789,0.24650748299319727,0.2556170068027211,0.2538115646258504,0.25307278911564624,Male,10,8-12,Elementary,S,NC,R16S15b10_info1_250Hz_gu2_AEP.conn
R16E12B9,R16E12b9_info1_250Hz_gu1_AEP.conn,gu1,0.3240095238095238,0.3249380952380953,0.3375952380952381,0.3387047619047619,0.3254809523809523,0.35625714285714283,0.3687619047619048,0.38072857142857147,0.37716190476190475,0.3209714285714285,0.3347571428571429,0.3385619047619048,0.4086809523809524,0.41877142857142857,0.36865714285714285,0.3745628571428571,0.38369714285714285,0.38639999999999997,0.38024285714285716,0.37193714285714286,0.3630942857142857,0.3711171428571428,0.37647714285714284,0.38679428571428576,0.3630742857142857,0.3697371428571429,0.3688885714285714,0.3761885714285714,0.37864571428571436,0.3922085714285714,0.3456142857142857,0.34202285714285713,0.34466285714285716,0.34417428571428577,0.34339714285714285,0.33095142857142856,0.35071714285714284,0.36200571428571426,0.36699999999999994,0.3459257142857143,0.33180857142857145,0.33200571428571424,0.34076,0.3542914285714286,0.32309142857142853,0.27367142857142857,0.26985204081632647,0.2728744897959184,0.26553061224489793,0.2620295918367347,0.2973295918367347,0.2810255102040816,0.275815306122449,0.27827346938775505,0.27484591836734695,0.27433775510204084,0.2652183673469388,0.2778775510204082,0.27041530612244896,0.2862489795918367,0.32642142857142864,0.3220976190476191,0.31280476190476186,0.3089690476190476,0.32425476190476193,0.33004523809523806,0.3239714285714286,0.3165142857142857,0.30999047619047615,0.32388333333333336,0.32230952380952377,0.32507619047619046,0.34451190476190474,0.3325642857142857,0.32520714285714286,0.3488034013605442,0.3462476190476191,0.3449925170068026,0.34573401360544215,0.34663877551020406,0.3432503401360544,0.34712448979591837,0.34651292517006804,0.3450510204081632,0.34736190476190476,0.3502122448979592,0.3530108843537415,0.3541931972789116,0.35046122448979594,0.3522394557823129,Male,9,8-12,Elementary,E,NC,R16E12b9_info1_250Hz_gu2_AEP.conn
R16S22B10,R16S22b10_info1_250Hz_gu1_AEP.conn,gu1,0.23513809523809526,0.22958095238095236,0.21905238095238097,0.22149523809523808,0.21068095238095239,0.22271428571428573,0.2401857142857143,0.23792380952380954,0.2360095238095238,0.22876666666666667,0.22838095238095235,0.22869047619047614,0.29369523809523806,0.29319047619047617,0.26914285714285713,0.35046857142857146,0.3553,0.34731999999999996,0.3447142857142857,0.33446857142857145,0.31245142857142855,0.32301142857142856,0.32796857142857144,0.33395714285714284,0.35368,0.3544714285714286,0.3536028571428571,0.3531685714285714,0.35115714285714283,0.3805599999999999,0.3409742857142857,0.34719142857142854,0.35132857142857143,0.3526485714285714,0.3522885714285714,0.3478514285714286,0.35076,0.3538028571428572,0.3470714285714286,0.34490857142857145,0.35187714285714283,0.35112571428571426,0.34826,0.3495257142857143,0.35353142857142855,0.3116377551020408,0.3113979591836734,0.31206122448979595,0.30902551020408164,0.309065306122449,0.2951244897959184,0.300761224489796,0.3051397959183673,0.30974489795918364,0.31594489795918373,0.3139418367346939,0.30458367346938775,0.2993826530612245,0.30780102040816326,0.3219183673469388,0.32599523809523806,0.31287857142857145,0.3040642857142857,0.31197380952380954,0.32971190476190476,0.3139404761904762,0.30940952380952386,0.31574761904761905,0.32072619047619044,0.31984285714285715,0.3089976190476191,0.31197380952380954,0.3021214285714286,0.30708571428571424,0.30808809523809527,0.3186020408163265,0.3214108843537416,0.32298231292517,0.3269360544217687,0.32694761904761915,0.32378503401360553,0.3201469387755102,0.32185306122448987,0.3313040816326531,0.32959319727891156,0.33001836734693873,0.33144217687074834,0.3312823129251701,0.33085374149659863,0.3270850340136055,Male,10,8-12,Elementary,S,NC,R16S22b10_info1_250Hz_gu2_AEP.conn
R16BF02G9INFO1,R16BF02g9info1_250Hz_gu1_AEP.conn,gu1,0.21219523809523808,0.2262238095238095,0.23886190476190475,0.22497142857142857,0.22883333333333333,0.17753809523809524,0.19251904761904762,0.1980142857142857,0.20634761904761903,0.21283333333333332,0.23232380952380952,0.22162857142857142,0.2295095238095238,0.23131428571428572,0.26285238095238095,0.3661742857142857,0.3588228571428571,0.35513142857142854,0.3614114285714286,0.37224571428571424,0.36006285714285713,0.36642285714285716,0.36881142857142857,0.3579942857142857,0.3627,0.35829714285714287,0.3607257142857143,0.3927342857142857,0.38706857142857143,0.39315999999999995,0.2776457142857143,0.28336285714285714,0.2945514285714286,0.29376285714285716,0.29813428571428574,0.2969,0.29583714285714285,0.30135428571428574,0.2914685714285714,0.27492,0.2831457142857142,0.2803942857142857,0.28152857142857146,0.2833257142857143,0.28250571428571425,0.196665306122449,0.19722448979591836,0.19639387755102042,0.20295816326530614,0.19857857142857144,0.19464081632653066,0.1942887755102041,0.20277857142857145,0.19623979591836732,0.1997326530612245,0.19803469387755102,0.19928163265306123,0.20258163265306123,0.20874795918367348,0.20484795918367346,0.2352809523809524,0.22650238095238096,0.21660476190476188,0.22506428571428572,0.20298809523809525,0.2111428571428571,0.2175952380952381,0.22540238095238097,0.23443095238095238,0.23211904761904764,0.22066428571428573,0.2258238095238095,0.22724285714285716,0.2329380952380952,0.2188642857142857,0.2896197278911564,0.27894489795918365,0.27728299319727895,0.2807401360544218,0.2766727891156463,0.27818503401360545,0.28254149659863936,0.28477755102040825,0.2830469387755102,0.2804231292517007,0.28091972789115643,0.28517074829931977,0.2986408163265306,0.29733129251700674,0.28146190476190475,Female,9,8-12,Elementary,S,NC,R16BF02g9info1_250Hz_gu2_AEP.conn
R16S06G6,R16S06g6_info1_250Hz_gu1_AEP.conn,gu1,0.2811952380952381,0.27937619047619044,0.2779238095238095,0.2709095238095238,0.24926666666666666,0.25812380952380953,0.2623380952380952,0.2607238095238095,0.2718380952380952,0.2699761904761905,0.2734380952380952,0.28050476190476187,0.29039047619047614,0.28854761904761905,0.3040714285714286,0.30738571428571426,0.3070571428571428,0.30361142857142853,0.3135685714285715,0.30663999999999997,0.304,0.3003228571428571,0.29204857142857144,0.29263428571428574,0.3001942857142857,0.29886,0.30799714285714286,0.3108485714285714,0.3122571428571429,0.33685142857142863,0.30097428571428575,0.2983571428571429,0.2923971428571429,0.2815085714285714,0.27895714285714285,0.29118571428571427,0.27880857142857146,0.26768571428571425,0.26756,0.28871714285714284,0.28727142857142857,0.28865142857142856,0.28997142857142855,0.27732,0.28452571428571427,0.25301326530612245,0.2546704081632653,0.2545193877551021,0.25446734693877554,0.24983877551020406,0.24624489795918364,0.25011020408163265,0.2502591836734694,0.25153163265306117,0.2488877551020408,0.2501887755102042,0.2488448979591837,0.2430448979591837,0.23934183673469384,0.23761326530612245,0.21383571428571427,0.20258809523809526,0.20261190476190474,0.2010023809523809,0.21104523809523812,0.21848571428571428,0.2257809523809524,0.22744761904761904,0.22478095238095233,0.2054952380952381,0.21084999999999998,0.2128595238095238,0.23309999999999997,0.2441404761904762,0.22193571428571426,0.27801836734693874,0.2786435374149659,0.27891632653061227,0.27734489795918366,0.27675646258503406,0.2800666666666667,0.2796979591836736,0.27858707482993195,0.2765292517006803,0.28143605442176867,0.27709047619047616,0.2778979591836735,0.28689523809523804,0.2871210884353741,0.2855210884353741,Female,6,5-7,Elementary,S,NC,R16S06g6_info1_250Hz_gu2_AEP.conn
R16BF05B5,R16BF05b5_info1_250Hz_gu1_AEP.conn,gu1,0.23976190476190476,0.23264285714285715,0.23440476190476192,0.24658095238095237,0.2622380952380952,0.21876666666666666,0.22037142857142858,0.2215666666666667,0.21872380952380954,0.23088095238095238,0.23645238095238097,0.25341428571428576,0.2365047619047619,0.2402952380952381,0.26807142857142857,0.35334857142857146,0.3515828571428572,0.33731999999999995,0.3237542857142857,0.33107428571428577,0.33280571428571426,0.3323114285714286,0.33034857142857144,0.33531428571428573,0.33930571428571427,0.33573714285714285,0.33798000000000006,0.3479285714285715,0.3452828571428571,0.36064857142857143,0.2676085714285715,0.2574,0.2530485714285714,0.26568857142857144,0.27705428571428575,0.27776285714285714,0.28063714285714286,0.2808371428571429,0.27274,0.2581942857142857,0.2519057142857143,0.26208571428571426,0.27201714285714285,0.26739999999999997,0.2766342857142857,0.2163622448979592,0.21416530612244894,0.2158795918367347,0.21808163265306119,0.22116530612244897,0.23017346938775513,0.2305673469387755,0.22986632653061226,0.22413775510204084,0.21180204081632653,0.2192438775510204,0.2169877551020408,0.22637244897959183,0.22155714285714284,0.21892755102040812,0.29246190476190476,0.2897404761904762,0.2882547619047619,0.2856666666666666,0.29175476190476185,0.2861190476190476,0.2901047619047619,0.2918690476190476,0.2855619047619048,0.29542142857142856,0.2890595238095238,0.28205714285714284,0.2918285714285714,0.28703571428571434,0.2799214285714286,0.26168231292517,0.2619795918367347,0.2627809523809524,0.25985034013605446,0.2582163265306122,0.25588163265306124,0.2531047619047619,0.2577244897959184,0.2615619047619048,0.2561877551020408,0.2580054421768708,0.26034353741496596,0.26687142857142854,0.2717006802721088,0.26599999999999996,Male,5,5-7,Elementary,S,NC,R16BF05b5_info1_250Hz_gu2_AEP.conn
R16E07B9,R16E07b9_info1_250Hz_gu1_AEP.conn,gu1,0.2866571428571429,0.28174285714285713,0.27981428571428574,0.2811095238095238,0.28446190476190475,0.2582809523809524,0.2605904761904762,0.2689333333333333,0.2757238095238095,0.2864952380952381,0.27514285714285713,0.2836809523809524,0.29705714285714285,0.3132142857142857,0.29450952380952383,0.42770857142857144,0.43184000000000006,0.4331257142857143,0.43912571428571423,0.44309142857142864,0.42778,0.4235914285714286,0.4129142857142858,0.41127142857142857,0.4474942857142857,0.4449285714285714,0.4461542857142858,0.4593857142857143,0.4453714285714286,0.4512714285714286,0.3731771428571429,0.36864571428571424,0.36282000000000003,0.3721914285714286,0.38030285714285716,0.3839714285714286,0.38595428571428564,0.3883942857142858,0.3852285714285714,0.39156285714285716,0.38610285714285714,0.38110857142857146,0.3928628571428571,0.3891942857142857,0.3919028571428571,0.37568979591836726,0.3743591836734694,0.36994897959183676,0.3734214285714286,0.37375510204081636,0.3538479591836735,0.36232244897959187,0.35462142857142853,0.3517336734693877,0.3783734693877551,0.37631938775510204,0.3726826530612245,0.3584163265306123,0.3538632653061225,0.37114183673469386,0.2434452380952381,0.24734761904761904,0.23553095238095242,0.24033333333333332,0.24846190476190477,0.24705,0.2517642857142857,0.2502261904761905,0.2471095238095238,0.2632357142857143,0.2534190476190476,0.25271190476190475,0.26870238095238097,0.2681952380952381,0.2522952380952381,0.33194081632653066,0.32408911564625853,0.32201156462585034,0.3259054421768708,0.32784353741496597,0.31761768707482996,0.3152748299319728,0.316778231292517,0.3173421768707484,0.3290959183673469,0.3271537414965986,0.3292326530612245,0.328091156462585,0.3308659863945578,0.32927891156462585,Male,9,8-12,Elementary,E,NC,R16E07b9_info1_250Hz_gu2_AEP.conn
R16A05Y08B,R16A05y08b_info1_250Hz_gu1_AEP.conn,gu1,0.16333809523809525,0.16654761904761906,0.15985714285714284,0.16448571428571426,0.1538857142857143,0.1322857142857143,0.1302047619047619,0.13558095238095239,0.13759999999999997,0.15646190476190477,0.15316190476190475,0.16234285714285715,0.17593809523809523,0.17424285714285714,0.18631428571428574,0.2818171428571429,0.2827028571428571,0.28707142857142853,0.2827285714285714,0.2797342857142857,0.26111428571428574,0.2596114285714286,0.25712857142857143,0.25727714285714287,0.2905171428571428,0.2936542857142857,0.28871714285714284,0.29324,0.2892057142857143,0.31429999999999997,0.24310857142857145,0.2640028571428571,0.27889142857142857,0.2745171428571428,0.26983999999999997,0.2499885714285714,0.2450771428571429,0.24464285714285716,0.25172857142857147,0.2589942857142857,0.2702885714285715,0.2614485714285714,0.24615428571428571,0.25128000000000006,0.2670828571428572,0.19873061224489796,0.20778367346938773,0.21485612244897956,0.2158377551020408,0.21145408163265308,0.22001734693877556,0.216965306122449,0.21590408163265304,0.21556224489795922,0.20666632653061226,0.20820714285714287,0.2023,0.21595408163265306,0.2132551020408163,0.20078061224489793,0.23156190476190477,0.2292047619047619,0.22945952380952384,0.23215714285714287,0.23576666666666665,0.23685714285714285,0.2311214285714286,0.22722857142857142,0.22910238095238097,0.24664285714285716,0.24395476190476187,0.24315238095238093,0.24577857142857143,0.24120714285714284,0.24500000000000002,0.24853809523809522,0.24460952380952378,0.25002176870748294,0.2533857142857143,0.2566646258503401,0.24364557823129254,0.23877414965986393,0.23523537414965984,0.23468707482993198,0.2488285714285714,0.25258639455782317,0.2570918367346939,0.25079659863945575,0.24642585034013603,0.2573095238095238,Female,8,8-12,Elementary,A,NC,R16A05y08b_info1_250Hz_gu2_AEP.conn
R16X01S_G10,R16x01S_g10_info1_250Hz_gu1_AEP.conn,gu1,0.22462857142857143,0.23203809523809524,0.23424761904761904,0.23069047619047622,0.23344285714285715,0.20976190476190473,0.2161238095238095,0.23541904761904764,0.24422380952380954,0.23503809523809524,0.23515714285714284,0.22412380952380953,0.24607619047619048,0.2654095238095238,0.26304285714285713,0.31369428571428565,0.30950285714285714,0.3087971428571429,0.3097971428571428,0.30384,0.28936,0.2918428571428572,0.30892857142857144,0.3096514285714286,0.3142971428571429,0.31182857142857145,0.30122857142857146,0.32812857142857144,0.3404742857142857,0.3309514285714286,0.2903485714285714,0.29570571428571435,0.2983228571428571,0.29517714285714286,0.29416000000000003,0.31470857142857145,0.3074514285714286,0.29782285714285717,0.29450571428571426,0.2922057142857143,0.29632,0.28890571428571427,0.3005342857142857,0.28388,0.31226571428571426,0.27518673469387755,0.27427142857142855,0.27124897959183675,0.26695918367346944,0.26478265306122445,0.259330612244898,0.2558683673469388,0.2563724489795918,0.2577020408163265,0.2628795918367347,0.2624683673469388,0.2592755102040816,0.26009081632653064,0.2591683673469388,0.2591836734693877,0.21470238095238095,0.21795,0.2167404761904762,0.23135000000000003,0.22556428571428574,0.2079857142857143,0.21181190476190473,0.22010952380952378,0.2135952380952381,0.2286452380952381,0.21709047619047617,0.2268309523809524,0.22008333333333338,0.22340952380952384,0.21700238095238097,0.355556462585034,0.3521292517006803,0.350995918367347,0.35121564625850343,0.3531598639455782,0.36195306122448984,0.3605625850340136,0.36051496598639454,0.36076462585034014,0.35416938775510204,0.35209659863945575,0.35105918367346944,0.3664367346938776,0.3686653061224489,0.35495646258503405,Female,10,8-12,Elementary,S,NC,R16x01S_g10_info1_250Hz_gu2_AEP.conn
R16S09G6,R16s09g6_info1_250Hz_gu1_AEP.conn,gu1,0.23900952380952378,0.26581904761904757,0.2656476190476191,0.23433809523809523,0.22814761904761904,0.2658333333333333,0.25956666666666667,0.24052857142857142,0.2423,0.25572857142857147,0.2656952380952381,0.23884285714285713,0.3027571428571429,0.28735714285714287,0.2867190476190476,0.35114285714285715,0.3436057142857143,0.3374657142857143,0.34072,0.34061714285714284,0.3258485714285714,0.33451142857142857,0.33972857142857144,0.3403,0.3546714285714285,0.35046,0.3548171428571429,0.35976571428571436,0.3622114285714285,0.3632485714285714,0.36122571428571426,0.35486000000000006,0.34729714285714286,0.36762,0.36349142857142863,0.35202857142857147,0.3431714285714286,0.35312571428571427,0.35315142857142856,0.35790571428571427,0.3410228571428572,0.34697428571428574,0.3367257142857143,0.3471514285714286,0.3413771428571428,0.29035204081632654,0.28581020408163266,0.2842520408163265,0.2951632653061224,0.29343775510204084,0.27870408163265303,0.2812224489795918,0.2840142857142857,0.2803357142857143,0.2762663265306122,0.28308469387755103,0.29063163265306124,0.2738948979591837,0.276184693877551,0.2770255102040816,0.2607857142857143,0.25460714285714287,0.25951428571428575,0.2735904761904762,0.2718642857142857,0.28586428571428574,0.29050476190476193,0.2873380952380952,0.28903809523809526,0.2618095238095239,0.2664380952380952,0.27412142857142857,0.29737857142857144,0.298952380952381,0.29069999999999996,0.3044755102040816,0.3073925170068027,0.3053190476190476,0.3054006802721088,0.29841632653061223,0.2991877551020408,0.3032095238095238,0.3040278911564626,0.30750544217687076,0.32235986394557825,0.31649727891156454,0.3106680272108844,0.30811292517006805,0.3083326530612245,0.31597551020408166,Female,6,5-7,Elementary,S,NC,R16s09g6_info1_250Hz_gu2_AEP.conn
R16S01Y08B,R16S01y08b_info1_250Hz_gu1_AEP.conn,gu1,0.18595238095238095,0.17990000000000003,0.1925904761904762,0.18396190476190477,0.18342380952380952,0.18830952380952382,0.20059523809523813,0.21032857142857142,0.21225238095238094,0.17602857142857142,0.1827952380952381,0.17943333333333333,0.22876666666666667,0.23745238095238097,0.2151809523809524,0.31130571428571424,0.30598571428571425,0.3160914285714286,0.3250742857142857,0.3310342857142857,0.3493857142857143,0.35087999999999997,0.3486542857142857,0.33583428571428564,0.31628571428571434,0.32063142857142857,0.3300171428571429,0.3744657142857143,0.36877428571428567,0.34654,0.2657771428571428,0.2690914285714286,0.2781628571428572,0.2910628571428572,0.2963028571428571,0.27557714285714285,0.28189142857142857,0.28857714285714287,0.2863857142857143,0.2681685714285714,0.27540000000000003,0.2854371428571429,0.2869428571428571,0.28353142857142855,0.26864000000000005,0.23143469387755103,0.23186938775510205,0.23263673469387755,0.2326836734693878,0.23115612244897957,0.23249795918367347,0.2224469387755102,0.22400714285714288,0.2282051020408163,0.23331938775510203,0.23354489795918368,0.2330734693877551,0.22923265306122448,0.22728163265306126,0.2355030612244898,0.27292619047619043,0.27110952380952386,0.2757880952380952,0.2825595238095238,0.27299047619047623,0.26846190476190473,0.2525190476190476,0.25520952380952383,0.25797619047619047,0.26163095238095235,0.2681761904761905,0.27658571428571427,0.2564404761904762,0.26045238095238094,0.2783785714285714,0.3136802721088435,0.31335442176870754,0.31268843537414964,0.31593129251700675,0.3123034013605442,0.3131285714285714,0.3121299319727891,0.31125442176870743,0.31117074829931973,0.31618299319727894,0.3210673469387755,0.32749999999999996,0.3286149659863946,0.3238877551020408,0.32297346938775506,Female,8,8-12,Elementary,S,NC,R16S01y08b_info1_250Hz_gu2_AEP.conn
R16E17B5,R16E17b5_info1_250Hz_gu1_AEP.conn,gu1,0.2304571428571429,0.23665238095238095,0.23416190476190477,0.23245714285714283,0.23533333333333337,0.24105714285714286,0.25335238095238094,0.25611428571428574,0.24428095238095238,0.23082857142857147,0.24098571428571428,0.25016666666666665,0.29292380952380953,0.290347619047619,0.2885857142857143,0.3171171428571429,0.32144000000000006,0.3251057142857142,0.32496857142857144,0.3256428571428571,0.3202771428571428,0.3290628571428571,0.33506285714285716,0.33376285714285714,0.3348457142857143,0.3329371428571429,0.33087999999999995,0.34594,0.3547228571428572,0.3689542857142857,0.29823714285714287,0.2865742857142857,0.27975142857142854,0.2813171428571428,0.28436,0.2799028571428571,0.2819257142857142,0.29393428571428576,0.2983142857142857,0.2863942857142857,0.2799685714285714,0.28199142857142856,0.2663,0.2782057142857143,0.28121999999999997,0.23345408163265308,0.22630102040816327,0.22086224489795922,0.21586734693877555,0.21515714285714285,0.21922959183673466,0.22415918367346938,0.22742142857142858,0.22606122448979593,0.22524387755102035,0.22295816326530613,0.22175408163265306,0.21978673469387755,0.22152040816326532,0.22797959183673466,0.2930571428571429,0.2924785714285714,0.29114999999999996,0.28943571428571424,0.2917166666666667,0.28814285714285715,0.28321666666666667,0.27929999999999994,0.27336666666666665,0.3080857142857143,0.30419761904761905,0.29463333333333336,0.28226190476190477,0.27360238095238093,0.30987619047619047,0.30876190476190485,0.3115115646258503,0.3115714285714286,0.31005850340136043,0.3104231292517006,0.3035380952380953,0.3076482993197279,0.3106231292517007,0.3158299319727891,0.31410136054421767,0.31339387755102044,0.3128857142857144,0.31990884353741494,0.3236244897959184,0.3158149659863946,Male,5,5-7,Elementary,E,NC,R16E17b5_info1_250Hz_gu2_AEP.conn
R16S11B10,R16S11b10_info1_250Hz_gu1_AEP.conn,gu1,0.1896809523809524,0.19346190476190475,0.19886190476190477,0.19775238095238093,0.19761428571428571,0.19396190476190478,0.2001952380952381,0.20116190476190474,0.2058047619047619,0.19455714285714287,0.19606190476190474,0.19816190476190476,0.22780476190476193,0.22038095238095237,0.25053333333333333,0.29129714285714287,0.2847285714285714,0.2759857142857142,0.26959714285714287,0.2838542857142857,0.3039942857142857,0.3063828571428572,0.28891999999999995,0.28307714285714286,0.30276,0.29370857142857143,0.2798,0.3253857142857143,0.3239971428571429,0.3302457142857143,0.30448285714285717,0.30114571428571424,0.2900542857142857,0.2848285714285714,0.2929,0.2972828571428571,0.31456,0.31933428571428574,0.31269142857142856,0.29269142857142855,0.28971142857142856,0.2870742857142857,0.30384,0.3116857142857143,0.2988885714285714,0.2941938775510204,0.28769183673469395,0.2823612244897959,0.28194693877551014,0.29632551020408165,0.2856673469387755,0.28441734693877546,0.28921326530612246,0.298838775510204,0.29405714285714285,0.2854010204081633,0.28343469387755105,0.282530612244898,0.2871418367346939,0.2980448979591836,0.2535214285714286,0.24570714285714287,0.23246904761904763,0.22591428571428573,0.22770714285714286,0.2637619047619047,0.25131190476190474,0.2576595238095238,0.2473404761904762,0.25948571428571426,0.25795714285714283,0.2524690476190476,0.25310238095238097,0.2482714285714286,0.26034285714285715,0.31967959183673467,0.319495918367347,0.3183789115646259,0.31953469387755107,0.32078367346938785,0.3179911564625851,0.3181986394557823,0.3163863945578231,0.3129829931972789,0.32936734693877556,0.3254102040816327,0.32472857142857137,0.3256680272108844,0.32427142857142854,0.32882108843537405,Male,10,8-12,Elementary,S,NC,R16S11b10_info1_250Hz_gu2_AEP.conn
R16S20G7,R16S20g7_info1_250Hz_gu1_AEP.conn,gu1,0.2663047619047619,0.2622238095238096,0.26629047619047624,0.26935714285714285,0.26585238095238095,0.2851047619047619,0.30012857142857147,0.2889285714285714,0.26461428571428575,0.26453333333333334,0.27016666666666667,0.27647142857142853,0.34803333333333336,0.3312428571428571,0.3151142857142857,0.30304000000000003,0.3097314285714286,0.31309714285714285,0.32441714285714285,0.33744857142857143,0.32751714285714284,0.32701714285714284,0.3205828571428571,0.3160228571428571,0.30643714285714285,0.31438000000000005,0.32395428571428575,0.3472885714285715,0.3363314285714286,0.34646285714285713,0.26476285714285713,0.2647857142857143,0.2651971428571429,0.2596742857142857,0.26205142857142855,0.2768857142857143,0.2825885714285714,0.27984857142857145,0.27242571428571427,0.2593828571428571,0.2566114285714286,0.25408857142857144,0.28073428571428577,0.2806942857142857,0.2619657142857143,0.23183571428571428,0.22821734693877552,0.23001530612244897,0.23212551020408165,0.2303367346938776,0.22909387755102043,0.2311397959183674,0.22895102040816326,0.22661020408163265,0.22802040816326533,0.22948367346938778,0.22994999999999996,0.22999591836734695,0.2232663265306123,0.22436836734693874,0.253552380952381,0.2531857142857143,0.2501452380952381,0.2523952380952381,0.2528428571428571,0.26299047619047616,0.26297857142857145,0.2552642857142857,0.2544738095238095,0.25365952380952383,0.24881428571428574,0.24931428571428568,0.2738547619047619,0.2657452380952381,0.2623309523809524,0.30660680272108837,0.30486870748299316,0.3035122448979592,0.30190544217687065,0.30019999999999997,0.3057448979591837,0.30398027210884354,0.3009993197278912,0.3010897959183674,0.3140231292517007,0.3140537414965986,0.31076122448979593,0.31640680272108845,0.310738775510204,0.32581768707483,Female,7,5-7,Elementary,S,NC,R16S20g7_info1_250Hz_gu2_AEP.conn
R16E16B7,R16E16b7_info1_250Hz_gu1_AEP.conn,gu1,0.20948095238095243,0.21116666666666664,0.20938095238095236,0.19916666666666663,0.19375238095238098,0.18705714285714284,0.1801095238095238,0.18625714285714287,0.19359523809523807,0.21968095238095234,0.21272857142857146,0.20000000000000004,0.22426190476190477,0.22993333333333332,0.24696190476190472,0.31483142857142854,0.3142771428571428,0.3164285714285714,0.3165657142857143,0.31325142857142857,0.3079714285714285,0.3109171428571429,0.3184,0.31540285714285715,0.32268857142857144,0.32015714285714286,0.31831714285714285,0.3380428571428572,0.3355314285714286,0.3444714285714286,0.3198085714285714,0.30674,0.30429428571428574,0.3068914285714286,0.30046000000000006,0.3184657142857143,0.3155485714285714,0.3118942857142858,0.30925428571428576,0.29131142857142855,0.2868371428571429,0.28228,0.3179485714285714,0.3148228571428572,0.29349142857142857,0.28060510204081635,0.28322244897959187,0.28620612244897964,0.2872255102040816,0.2828969387755102,0.2956816326530612,0.29434897959183676,0.29049081632653057,0.2901816326530612,0.28556020408163263,0.28836734693877547,0.2870826530612245,0.2915591836734694,0.2883295918367347,0.2860132653061224,0.29505714285714285,0.2896761904761905,0.2802404761904762,0.2724404761904762,0.2649357142857143,0.29323809523809524,0.2922380952380952,0.286702380952381,0.2843047619047619,0.2928880952380952,0.28085714285714286,0.2709095238095238,0.2931119047619048,0.2909452380952381,0.2721619047619047,0.31291564625850343,0.31304489795918367,0.3097299319727891,0.30839931972789114,0.31062176870748304,0.31155306122448984,0.3081829931972789,0.30302585034013607,0.3035272108843537,0.3173455782312925,0.31529387755102045,0.31465510204081637,0.3126775510204081,0.3089510204081633,0.3172170068027211,Male,7,5-7,Elementary,E,NC,R16E16b7_info1_250Hz_gu2_AEP.conn
R16BF04G10,R16BF04g10_info1_250Hz_gu1_AEP.conn,gu1,0.18333333333333335,0.18148571428571428,0.18941428571428573,0.19428095238095236,0.19333333333333333,0.1917619047619048,0.20860952380952383,0.20727619047619047,0.1948047619047619,0.17841428571428572,0.19367619047619053,0.19921904761904763,0.2511952380952381,0.2537619047619048,0.22473809523809526,0.32378,0.3328285714285714,0.3407857142857143,0.34646,0.34401714285714285,0.3220657142857143,0.34222,0.35440000000000005,0.3417142857142857,0.3293828571428571,0.3324571428571429,0.3370828571428572,0.36557142857142855,0.3778314285714286,0.35351999999999995,0.3304314285714286,0.3380085714285715,0.33797714285714286,0.33753142857142854,0.33379428571428577,0.33210285714285714,0.33368571428571425,0.34452857142857146,0.3520314285714286,0.3227457142857143,0.31827428571428573,0.3211114285714286,0.3270342857142857,0.3382742857142857,0.32163714285714284,0.2785642857142857,0.2769244897959184,0.27591428571428567,0.2797275510204082,0.28421326530612245,0.25972653061224493,0.26228061224489796,0.266045918367347,0.26500510204081634,0.2726183673469388,0.27115408163265303,0.267115306122449,0.2594867346938775,0.26434693877551024,0.2685826530612245,0.26861428571428575,0.2605095238095238,0.25505952380952385,0.2515285714285714,0.25125,0.26181190476190475,0.2447047619047619,0.23995238095238094,0.23983571428571426,0.2648690476190476,0.2609309523809524,0.2621595238095238,0.2620833333333333,0.2581166666666667,0.2660214285714286,0.3119952380952381,0.3075387755102041,0.3043238095238095,0.30211700680272113,0.3063142857142857,0.30125918367346943,0.30194965986394556,0.30894625850340135,0.3099510204081632,0.312273469387755,0.3128231292517007,0.3111931972789116,0.3132863945578232,0.3134115646258503,0.3117088435374149,Female,10,8-12,Elementary,S,NC,R16BF04g10_info1_250Hz_gu2_AEP.conn
R16A04B8,R16A04b8_info1_250Hz_gu1_AEP.conn,gu1,0.2883952380952381,0.3117285714285714,0.33240476190476187,0.341852380952381,0.32562857142857143,0.2913809523809524,0.31225238095238095,0.31397142857142857,0.2960857142857143,0.3403380952380952,0.3374,0.32562857142857143,0.33859047619047616,0.34413333333333335,0.35477142857142857,0.3956142857142857,0.3925057142857143,0.40915714285714283,0.4150028571428572,0.3955714285714286,0.39498285714285714,0.38849999999999996,0.37704,0.3799885714285714,0.40601714285714285,0.4153142857142857,0.4177257142857143,0.4040514285714285,0.38264571428571426,0.41678571428571426,0.3482485714285714,0.3329685714285714,0.33745142857142857,0.3374142857142857,0.34817714285714285,0.3454285714285714,0.3443,0.3508857142857143,0.37000571428571427,0.34241142857142853,0.34643714285714283,0.34285142857142853,0.3507085714285714,0.3615771428571429,0.3576714285714286,0.3502938775510204,0.3449683673469388,0.34880918367346936,0.348715306122449,0.36126326530612246,0.3549510204081633,0.3486142857142857,0.3471091836734694,0.35717755102040816,0.34498469387755104,0.34029081632653063,0.34043469387755104,0.34847653061224493,0.34756122448979593,0.34340612244897967,0.336602380952381,0.33840000000000003,0.3414547619047619,0.31944285714285714,0.3114071428571428,0.32353809523809524,0.3343095238095239,0.3395285714285714,0.33460952380952386,0.3421833333333333,0.338402380952381,0.31410238095238097,0.3318261904761905,0.33391428571428566,0.3135309523809524,0.3565945578231293,0.35971292517006803,0.3534115646258503,0.3552836734693879,0.35837210884353743,0.36172585034013605,0.3644054421768707,0.37371632653061226,0.3743680272108844,0.37196326530612245,0.36881088435374143,0.37105646258503405,0.37675986394557825,0.37454625850340134,0.3744299319727891,Male,8,8-12,Elementary,A,NC,R16A04b8_info1_250Hz_gu2_AEP.conn
R16S19B10,R16S19b10_info1_250Hz_gu1_AEP.conn,gu1,0.23760952380952383,0.2414952380952381,0.2448857142857143,0.23612857142857144,0.22351904761904762,0.21930476190476192,0.2335047619047619,0.24194285714285715,0.2467142857142857,0.2383142857142857,0.2368666666666667,0.2286857142857143,0.27117619047619046,0.27664761904761903,0.2663619047619048,0.3106142857142857,0.3059857142857143,0.3001742857142857,0.30614285714285716,0.3108142857142857,0.3140942857142857,0.31841714285714284,0.31656,0.31325714285714285,0.31703714285714285,0.3119,0.3124342857142857,0.34698857142857137,0.3424285714285714,0.3429228571428572,0.37302,0.37183999999999995,0.3755057142857143,0.3776,0.3812857142857143,0.37235999999999997,0.37286,0.37020285714285717,0.36425142857142856,0.36762285714285714,0.37135428571428575,0.37460857142857146,0.3586257142857142,0.35564,0.3617485714285714,0.30501020408163265,0.30841020408163267,0.3112948979591837,0.30604795918367345,0.302554081632653,0.30162142857142854,0.29509183673469386,0.2924959183673469,0.2936520408163265,0.3080581632653061,0.31113877551020414,0.3110428571428571,0.3034642857142857,0.30191224489795926,0.3124081632653062,0.3500690476190476,0.34862142857142864,0.35269047619047617,0.35571428571428565,0.3577047619047619,0.3575547619047619,0.356152380952381,0.3588333333333334,0.35999047619047614,0.3448357142857143,0.34573571428571426,0.34868809523809524,0.3241023809523809,0.3266380952380953,0.3344190476190476,0.3144333333333333,0.3126455782312925,0.3145863945578232,0.3187782312925169,0.3212850340136055,0.31862925170068024,0.32018775510204084,0.32116258503401357,0.32296938775510203,0.3225244897959184,0.3267374149659863,0.3310938775510204,0.32015782312925173,0.32062721088435375,0.3321571428571429,Male,10,8-12,Elementary,S,NC,R16S19b10_info1_250Hz_gu2_AEP.conn
R16S21B8,R16S21b8_info1_250Hz_gu1_AEP.conn,gu1,0.17517142857142856,0.18087142857142857,0.19371428571428573,0.20015238095238094,0.21661904761904763,0.17687142857142857,0.1804714285714286,0.17883333333333332,0.18572857142857138,0.1845619047619048,0.19360952380952381,0.19667619047619045,0.22201904761904764,0.21919999999999998,0.2264761904761905,0.3142028571428571,0.3187914285714286,0.3328942857142857,0.33638,0.3426057142857143,0.3262485714285714,0.32166285714285714,0.31283714285714287,0.3125285714285714,0.3285571428571428,0.33756285714285716,0.3361657142857143,0.3555314285714286,0.34788285714285716,0.35821142857142857,0.2936371428571428,0.3017971428571429,0.31819714285714285,0.3199142857142857,0.32312571428571435,0.32379714285714284,0.32291714285714285,0.3237285714285715,0.32633999999999996,0.31052857142857143,0.32709142857142853,0.3269771428571429,0.32005714285714293,0.32429142857142856,0.3279542857142857,0.2450908163265306,0.24816224489795918,0.25588979591836736,0.2572561224489796,0.25215,0.2295061224489796,0.23269591836734696,0.23749285714285714,0.23623367346938773,0.2466234693877551,0.2525214285714285,0.2550306122448979,0.23638367346938774,0.2389102040816327,0.25231530612244896,0.2809428571428571,0.2759666666666667,0.2670547619047619,0.25787857142857146,0.26001666666666673,0.2677285714285715,0.2664166666666667,0.2626690476190476,0.25743333333333335,0.28818809523809524,0.2803761904761904,0.2721738095238095,0.2734452380952381,0.2669428571428572,0.27777142857142856,0.29584149659863945,0.2971081632653062,0.2978455782312925,0.294443537414966,0.29227074829931976,0.2896857142857143,0.2846727891156462,0.28160952380952387,0.28514761904761904,0.30611972789115643,0.30253741496598635,0.29895782312925173,0.29383333333333334,0.2928523809523809,0.29274353741496595,Male,8,8-12,Elementary,S,NC,R16S21b8_info1_250Hz_gu2_AEP.conn
R16S23G8,R16S23g8_info1_250Hz_gu1_AEP.conn,gu1,0.2391190476190476,0.23306190476190478,0.22476190476190475,0.21560952380952383,0.22244285714285716,0.2288619047619048,0.21982380952380953,0.2226285714285714,0.2279,0.22962380952380954,0.2210952380952381,0.2091333333333333,0.26348571428571427,0.26554285714285714,0.260952380952381,0.33988285714285715,0.3525828571428572,0.3560057142857143,0.3618,0.36581142857142857,0.3483314285714286,0.3533114285714286,0.3677028571428571,0.3726,0.35192,0.35042,0.35279714285714286,0.3762057142857143,0.38824571428571425,0.36992285714285716,0.3314971428571428,0.33048,0.3317314285714286,0.34286285714285714,0.3493628571428572,0.3444285714285714,0.3475657142857143,0.35136,0.36134,0.33397714285714286,0.3259742857142857,0.3339942857142857,0.33592571428571427,0.3327171428571429,0.3410714285714286,0.33587040816326535,0.3289367346938775,0.3293622448979591,0.3269765306122449,0.3263010204081633,0.3091795918367347,0.30676326530612247,0.31226734693877545,0.3196918367346938,0.3304316326530613,0.32472346938775515,0.3179204081632653,0.3068530612244898,0.3098948979591837,0.3111959183673469,0.2723404761904762,0.2777095238095238,0.27514047619047616,0.2712785714285714,0.25835,0.2542738095238095,0.2525095238095238,0.24937142857142858,0.2507238095238095,0.30023333333333335,0.29416904761904766,0.28567380952380955,0.26713809523809523,0.2621952380952381,0.28378333333333333,0.3740517006802721,0.3696768707482993,0.3686068027210884,0.365038775510204,0.3548619047619047,0.3497557823129251,0.3505231292517007,0.3512789115646259,0.3504265306122448,0.37045918367346936,0.36830612244897953,0.36339523809523805,0.3494034013605442,0.35281904761904764,0.3603176870748299,Female,8,8-12,Elementary,S,NC,R16S23g8_info1_250Hz_gu2_AEP.conn
R16E13B5,R16E13b5_info1_250Hz_gu1_AEP.conn,gu1,0.22737619047619048,0.2222761904761905,0.22025238095238095,0.2156761904761905,0.20470476190476192,0.22587142857142858,0.22251428571428575,0.21951904761904764,0.2230238095238095,0.21584761904761904,0.2165904761904762,0.21471428571428572,0.2687523809523809,0.26123809523809527,0.26008571428571425,0.36933714285714286,0.36251999999999995,0.3556085714285715,0.3624371428571429,0.3640028571428572,0.36035142857142854,0.3619085714285714,0.3679085714285714,0.3683257142857143,0.36702285714285715,0.3637571428571429,0.3707542857142857,0.38678285714285715,0.38823714285714284,0.3902285714285714,0.38721714285714287,0.3912657142857142,0.39085142857142857,0.39251142857142857,0.3857285714285714,0.37783428571428573,0.3784657142857143,0.3786771428571429,0.3804228571428571,0.39787714285714293,0.3928742857142857,0.3928257142857142,0.3816942857142857,0.37918285714285715,0.3857942857142857,0.3227408163265307,0.32471122448979595,0.3234173469387755,0.32089285714285726,0.32197653061224496,0.32714183673469394,0.3234867346938775,0.3240806122448979,0.3295367346938776,0.32220306122448983,0.3191887755102041,0.3104510204081633,0.3310673469387755,0.33114081632653064,0.32086632653061214,0.29671190476190473,0.29319523809523806,0.28528095238095236,0.27850238095238095,0.2770452380952381,0.30479761904761904,0.30650238095238097,0.3043595238095238,0.2955238095238096,0.2872119047619048,0.2814785714285714,0.27585,0.3053119047619048,0.29651190476190475,0.2865809523809523,0.33006734693877554,0.3280721088435373,0.32538503401360536,0.3278972789115647,0.330486394557823,0.3377333333333334,0.3322272108843538,0.32708503401360545,0.3251231292517007,0.3334122448979591,0.329291156462585,0.329804081632653,0.334243537414966,0.3314115646258503,0.33270612244897957,Male,5,5-7,Elementary,E,NC,R16E13b5_info1_250Hz_gu2_AEP.conn
