participant_id,filename,condition,delta_ACtL_ACrL,delta_ACtL_ACaL,delta_ACtL_ACtR,delta_ACtL_ACrR,delta_ACtL_ACaR,delta_ACrL_ACaL,delta_ACrL_ACtR,delta_ACrL_ACrR,delta_ACrL_ACaR,delta_ACaL_ACtR,delta_ACaL_ACrR,delta_ACaL_ACaR,delta_ACtR_ACrR,delta_ACtR_ACaR,delta_ACrR_ACaR,theta_ACtL_ACrL,theta_ACtL_ACaL,theta_ACtL_ACtR,theta_ACtL_ACrR,theta_ACtL_ACaR,theta_ACrL_ACaL,theta_ACrL_ACtR,theta_ACrL_ACrR,theta_ACrL_ACaR,theta_ACaL_ACtR,theta_ACaL_ACrR,theta_ACaL_ACaR,theta_ACtR_ACrR,theta_ACtR_ACaR,theta_ACrR_ACaR,alpha_ACtL_ACrL,alpha_ACtL_ACaL,alpha_ACtL_ACtR,alpha_ACtL_ACrR,alpha_ACtL_ACaR,alpha_ACrL_ACaL,alpha_ACrL_ACtR,alpha_ACrL_ACrR,alpha_ACrL_ACaR,alpha_ACaL_ACtR,alpha_ACaL_ACrR,alpha_ACaL_ACaR,alpha_ACtR_ACrR,alpha_ACtR_ACaR,alpha_ACrR_ACaR,beta_ACtL_ACrL,beta_ACtL_ACaL,beta_ACtL_ACtR,beta_ACtL_ACrR,beta_ACtL_ACaR,beta_ACrL_ACaL,beta_ACrL_ACtR,beta_ACrL_ACrR,beta_ACrL_ACaR,beta_ACaL_ACtR,beta_ACaL_ACrR,beta_ACaL_ACaR,beta_ACtR_ACrR,beta_ACtR_ACaR,beta_ACrR_ACaR,highbeta_ACtL_ACrL,highbeta_ACtL_ACaL,highbeta_ACtL_ACtR,highbeta_ACtL_ACrR,highbeta_ACtL_ACaR,highbeta_ACrL_ACaL,highbeta_ACrL_ACtR,highbeta_ACrL_ACrR,highbeta_ACrL_ACaR,highbeta_ACaL_ACtR,highbeta_ACaL_ACrR,highbeta_ACaL_ACaR,highbeta_ACtR_ACrR,highbeta_ACtR_ACaR,highbeta_ACrR_ACaR,gamma_ACtL_ACrL,gamma_ACtL_ACaL,gamma_ACtL_ACtR,gamma_ACtL_ACrR,gamma_ACtL_ACaR,gamma_ACrL_ACaL,gamma_ACrL_ACtR,gamma_ACrL_ACrR,gamma_ACrL_ACaR,gamma_ACaL_ACtR,gamma_ACaL_ACrR,gamma_ACaL_ACaR,gamma_ACtR_ACrR,gamma_ACtR_ACaR,gamma_ACrR_ACaR,gender,age,age_group,age_group_edu,lang,lang_group,file_name
R16C28M6,R16C28m6_info1_250Hz_gu3_AEP.conn,gu3,0.14046190476190476,0.13778571428571426,0.13338095238095238,0.13600476190476193,0.13615714285714287,0.1383904761904762,0.13885238095238095,0.14013333333333333,0.1406952380952381,0.13614285714285715,0.1335047619047619,0.13743333333333332,0.1808809523809524,0.1824380952380952,0.17735714285714285,0.2939428571428572,0.2939742857142857,0.2913228571428571,0.28660857142857143,0.28802571428571433,0.2852771428571429,0.2882485714285714,0.2913485714285714,0.29256,0.2978085714285715,0.2977914285714286,0.29317714285714286,0.31987142857142853,0.3223285714285714,0.3235342857142857,0.33449428571428574,0.33294,0.3302342857142857,0.32811142857142855,0.33099142857142855,0.3283628571428571,0.3301171428571429,0.33074000000000003,0.33293142857142854,0.3242342857142857,0.31944,0.3168742857142857,0.32023714285714283,0.3211657142857143,0.3219371428571428,0.25298163265306123,0.25085408163265305,0.24808061224489797,0.24756224489795914,0.24966632653061227,0.25061428571428573,0.24936530612244898,0.24917959183673463,0.24841020408163267,0.24993673469387753,0.2452010204081633,0.2456744897959184,0.24314693877551022,0.2442295918367347,0.24192040816326535,0.2111452380952381,0.21086190476190478,0.20903333333333332,0.21132857142857145,0.21432142857142855,0.21426904761904764,0.2109452380952381,0.20919047619047623,0.20986666666666665,0.21424761904761905,0.21089285714285713,0.21246190476190477,0.21478333333333333,0.21358571428571427,0.20773333333333333,0.2792183673469388,0.2783612244897959,0.27903061224489795,0.2804761904761905,0.2800673469387755,0.2793428571428571,0.27670748299319725,0.2761945578231293,0.2783312925170068,0.2857755102040816,0.28695442176870745,0.2893530612244898,0.2901204081632653,0.28900272108843533,0.29503673469387753,Male,6,5-7,Elementary,C,C,R16C28m6_info1_250Hz_gu2_AEP.conn
R16C06B16,R16C06b16_info1_250Hz_gu3_AEP(1).conn,gu3,0.2762571428571428,0.2767047619047619,0.27535238095238096,0.2739095238095238,0.2732380952380952,0.27918095238095236,0.27599999999999997,0.2725619047619047,0.27183809523809527,0.2786380952380953,0.2757952380952381,0.2731952380952381,0.31430952380952376,0.3117761904761905,0.3118714285714286,0.37215999999999994,0.37141714285714283,0.3711742857142857,0.37257142857142855,0.37413714285714283,0.3841685714285714,0.38028285714285714,0.3773142857142857,0.3773457142857143,0.37483428571428573,0.3737285714285714,0.3757742857142857,0.4001,0.39656571428571424,0.39596285714285717,0.2602971428571429,0.25960857142857147,0.25971999999999995,0.2622171428571428,0.2678057142857143,0.2616914285714286,0.26017428571428575,0.2578085714285715,0.2579,0.2518457142857143,0.25143142857142864,0.2552257142857143,0.2458142857142857,0.2439485714285714,0.25157714285714283,0.1740183673469388,0.17655102040816326,0.17618673469387755,0.1747112244897959,0.17287346938775514,0.18029897959183674,0.17865102040816325,0.17751938775510204,0.17650204081632653,0.1753704081632653,0.17564693877551021,0.17737448979591838,0.18090714285714288,0.18001122448979592,0.17918775510204082,0.18441666666666667,0.1808642857142857,0.17865714285714285,0.17603333333333335,0.1800357142857143,0.18314285714285714,0.18505238095238094,0.1839738095238095,0.18097857142857143,0.18645714285714285,0.18516666666666667,0.18221666666666667,0.19207857142857143,0.19277619047619046,0.19103571428571428,0.24918775510204083,0.2486517006802721,0.25097346938775505,0.252591156462585,0.2531380952380952,0.2514360544217687,0.25348571428571426,0.25530884353741495,0.25570612244897956,0.25612517006802726,0.258612925170068,0.25897006802721084,0.2694911564625851,0.2704163265306122,0.2693163265306122,Male,16,Teen,Secondary,C,C,R16C06b16_info1_250Hz_gu2_AEP(1).conn
R16MME07GU_F10,R16mme07gu_f10_info1_250Hz_gu3_AEP.conn,gu3,0.209647619047619,0.23797142857142858,0.23943809523809523,0.21980476190476186,0.20073809523809527,0.22379047619047618,0.1982857142857143,0.20626190476190476,0.20760952380952383,0.23271904761904758,0.2357761904761905,0.21885238095238094,0.24890476190476196,0.2539142857142857,0.2785428571428572,0.3444971428571429,0.3360514285714286,0.32284857142857143,0.3370971428571429,0.3283857142857143,0.34583714285714284,0.3374342857142857,0.33793999999999996,0.3321771428571429,0.33487999999999996,0.32376285714285713,0.33476571428571433,0.3628914285714286,0.3626485714285714,0.3552571428571428,0.3753742857142857,0.36188571428571426,0.3470685714285714,0.36931714285714284,0.3728085714285715,0.3797285714285714,0.36306285714285713,0.35426,0.37263999999999997,0.37506,0.3614571428571428,0.37832857142857146,0.3747857142857143,0.36786285714285716,0.36427428571428566,0.31090408163265304,0.3047081632653061,0.29781836734693873,0.31052142857142856,0.3092316326530612,0.30578163265306124,0.30781530612244895,0.3085775510204081,0.32545510204081635,0.306065306122449,0.30185816326530607,0.3155775510204082,0.3202918367346939,0.3193295918367348,0.3109285714285715,0.2861190476190476,0.2689833333333333,0.2607833333333333,0.2766071428571429,0.2726619047619047,0.2879714285714286,0.2750666666666667,0.2731404761904762,0.2813785714285714,0.2596833333333333,0.25553571428571425,0.27312857142857144,0.2726119047619047,0.2690047619047619,0.26629047619047613,0.2779748299319727,0.2724217687074829,0.27651768707482993,0.27807278911564626,0.2794108843537415,0.2716231292517007,0.27362857142857144,0.27593673469387753,0.2749680272108844,0.2777993197278912,0.28177959183673473,0.28390544217687064,0.28051904761904767,0.2846081632653061,0.2804795918367347,Female,10,8-12,Elementary,C,C,R16mme07gu_f10_info1_250Hz_gu2_AEP.conn
R16C18B7,R16C18b7_info1_250Hz_gu3_AEP.conn,gu3,0.2920619047619048,0.29074285714285714,0.30114285714285716,0.3046761904761905,0.3085666666666667,0.2936571428571429,0.29786666666666667,0.2985285714285714,0.3087761904761905,0.3061428571428572,0.31275714285714284,0.3122142857142857,0.3581904761904762,0.3547190476190476,0.3639857142857143,0.42449714285714285,0.43226000000000003,0.4372342857142857,0.43770571428571436,0.4359828571428571,0.4276685714285714,0.4331371428571429,0.44664000000000004,0.44988857142857147,0.426,0.42861142857142853,0.43016571428571426,0.45160857142857136,0.46358571428571427,0.4532057142857143,0.4130971428571429,0.4158542857142857,0.4158457142857143,0.41306571428571426,0.4083457142857143,0.41053428571428574,0.41033714285714284,0.41262857142857146,0.4178085714285714,0.41612,0.4151971428571429,0.4123457142857143,0.40985714285714286,0.4102771428571429,0.4160971428571429,0.3669244897959184,0.36921836734693875,0.3679336734693877,0.36405306122448977,0.3616173469387755,0.3598173469387755,0.3565938775510204,0.35236020408163266,0.34812346938775507,0.3711224489795918,0.36892346938775505,0.35741938775510196,0.35635816326530606,0.35046836734693876,0.36102142857142866,0.3405785714285714,0.33825,0.3373404761904762,0.33673095238095246,0.33732142857142855,0.33929285714285723,0.3379595238095238,0.3387857142857143,0.33684761904761906,0.33209047619047616,0.32868333333333327,0.3271785714285714,0.33698809523809525,0.33745476190476187,0.3312309523809524,0.34887142857142867,0.3491006802721088,0.34829863945578227,0.3474095238095238,0.3494809523809524,0.3455700680272109,0.34354829931972786,0.34262176870748295,0.3456687074829932,0.35444693877551015,0.35439659863945583,0.3520204081632653,0.35514421768707494,0.3523578231292517,0.3573047619047619,Male,7,5-7,Elementary,C,C,R16C18b7_info1_250Hz_gu2_AEP.conn
R16C19G8,R16C19g8_info1_250Hz_gu3_AEP.conn,gu3,0.19674285714285714,0.24461428571428576,0.23989523809523813,0.2392761904761905,0.23212857142857146,0.1746904761904762,0.1762190476190476,0.2101380952380952,0.21164761904761906,0.24783809523809522,0.24351904761904763,0.24492380952380952,0.22504761904761902,0.2572952380952381,0.2916714285714286,0.3473857142857143,0.37576,0.3671457142857143,0.3715028571428572,0.3565028571428571,0.3840085714285715,0.39846000000000004,0.3902828571428572,0.38214000000000004,0.40490571428571426,0.40185714285714286,0.40152857142857135,0.4316485714285715,0.42854285714285706,0.42755714285714286,0.3070942857142857,0.3281685714285715,0.3211485714285714,0.32185428571428576,0.34496857142857146,0.3144942857142857,0.3286685714285715,0.3209114285714286,0.3243257142857143,0.3493799999999999,0.3417514285714286,0.3356199999999999,0.33076,0.3251057142857143,0.3281657142857143,0.34504489795918364,0.3392989795918367,0.3215540816326531,0.301715306122449,0.3120520408163266,0.30588061224489793,0.2997816326530612,0.28855714285714285,0.29001122448979594,0.321219387755102,0.3007479591836734,0.2844163265306122,0.2913469387755102,0.2771336734693878,0.28576632653061224,0.33618333333333333,0.3307404761904762,0.3253404761904762,0.3285904761904762,0.3264452380952381,0.3115619047619047,0.2880952380952381,0.2804857142857142,0.2970642857142857,0.3156357142857143,0.3076547619047619,0.30788571428571426,0.28923333333333334,0.2837904761904762,0.3182714285714286,0.3260639455782314,0.3278428571428571,0.3211605442176871,0.3230836734693877,0.32031904761904767,0.3265020408163265,0.3156625850340136,0.3120768707482993,0.3141938775510204,0.3190836734693877,0.3165170068027212,0.31860476190476195,0.3198040816326531,0.319208843537415,0.31128707482993195,Female,8,8-12,Elementary,C,C,R16C19g8_info1_250Hz_gu2_AEP.conn
R16C36B6,R16C36b6_info1_250Hz_gu3_AEP.conn,gu3,0.15203333333333335,0.15437619047619047,0.15616190476190478,0.1506142857142857,0.14016190476190474,0.16221904761904762,0.16646666666666665,0.15953333333333333,0.15084761904761904,0.1576809523809524,0.15094285714285716,0.14272380952380956,0.20215238095238094,0.19194761904761906,0.1902095238095238,0.3177142857142857,0.32242000000000004,0.32342571428571426,0.32111999999999996,0.31154,0.3156285714285715,0.3190914285714285,0.31684,0.3147742857142857,0.3248942857142857,0.32436000000000004,0.31789428571428574,0.3451914285714285,0.3418057142857143,0.34468857142857134,0.3215971428571428,0.32026,0.3193914285714286,0.3204257142857143,0.3206457142857143,0.30689142857142854,0.3055514285714286,0.30571428571428577,0.30387142857142857,0.31067999999999996,0.31345142857142855,0.31132,0.29157714285714287,0.29656,0.30376,0.18889183673469387,0.18900612244897957,0.19198469387755104,0.19360918367346938,0.19376734693877554,0.19600102040816328,0.19632857142857144,0.19916122448979587,0.19894387755102041,0.19307244897959186,0.19412857142857143,0.19416734693877552,0.19761734693877547,0.1989816326530612,0.1929010204081633,0.23831190476190478,0.23162380952380957,0.2213857142857143,0.21819999999999998,0.21347380952380957,0.2294261904761905,0.22281190476190474,0.2151142857142857,0.20931190476190475,0.23779285714285714,0.22850952380952386,0.22180714285714287,0.2280452380952381,0.22181428571428574,0.22774285714285714,0.27535442176870756,0.2710734693877551,0.2671469387755102,0.2663795918367347,0.2666489795918367,0.2711959183673469,0.2675918367346939,0.2674823129251701,0.26773469387755106,0.2779544217687075,0.2758265306122449,0.27498707482993195,0.2832918367346938,0.2854585034013606,0.2857863945578232,Male,6,5-7,Elementary,C,C,R16C36b6_info1_250Hz_gu2_AEP.conn
M01Y09CB,M01y09cb_info1_250Hz_gu3_AEP.conn,gu3,0.2998904761904762,0.2853761904761905,0.28468095238095237,0.2914666666666666,0.3010095238095238,0.3146238095238095,0.30605238095238096,0.2966904761904762,0.2899095238095238,0.27581904761904763,0.2678809523809524,0.27517619047619046,0.32689999999999997,0.31595238095238093,0.29713809523809526,0.3913257142857143,0.38356,0.3814828571428571,0.37896571428571424,0.3711942857142857,0.38357714285714284,0.37970000000000004,0.3729542857142857,0.3622657142857143,0.3771542857142857,0.3685171428571429,0.36567142857142854,0.39179714285714284,0.38714857142857145,0.38135714285714284,0.3743914285714286,0.3722457142857143,0.3755171428571429,0.38297428571428577,0.38767142857142856,0.3832114285714286,0.3875114285714285,0.3875657142857143,0.3807885714285714,0.3705057142857143,0.3713685714285714,0.37765428571428566,0.35988857142857145,0.35914,0.3581057142857143,0.3124581632653061,0.3172540816326531,0.3197275510204082,0.3214989795918367,0.3225234693877551,0.3256877551020408,0.3259255102040817,0.3279642857142857,0.33211836734693884,0.3219612244897959,0.3275204081632653,0.33142857142857146,0.3287877551020409,0.3290010204081633,0.3319102040816327,0.3296547619047619,0.33526428571428574,0.33555476190476186,0.33941666666666664,0.3398452380952381,0.3278690476190476,0.33108571428571426,0.33194761904761905,0.32952857142857145,0.3445619047619048,0.3440000000000001,0.3487476190476191,0.3345309523809523,0.33564761904761903,0.3346642857142857,0.338434693877551,0.3404421768707484,0.34305374149659856,0.33951088435374155,0.3388530612244899,0.3353278911564626,0.33896462585034015,0.3428639455782313,0.34481904761904764,0.34601632653061226,0.345870068027211,0.34283333333333343,0.35446326530612243,0.35707619047619044,0.3525639455782313,Female,9,8-12,Elementary,C,C,M01y09cb_info1_250Hz_gu2_AEP.conn
R16C26F10,R16C26f10_info1_250Hz_gu3_AEP.conn,gu3,0.24209999999999998,0.24203333333333332,0.24725714285714284,0.2501809523809524,0.24992380952380955,0.2499714285714286,0.2504238095238095,0.2456,0.24392380952380954,0.23762380952380954,0.24134761904761906,0.24896190476190475,0.28764285714285714,0.2853761904761905,0.27546190476190474,0.3298028571428572,0.32786857142857145,0.33252571428571426,0.33592285714285713,0.3357428571428572,0.33036000000000004,0.32881428571428567,0.3247428571428571,0.3226,0.3296171428571429,0.3378457142857143,0.3396314285714286,0.3648571428571429,0.3625028571428571,0.3685285714285714,0.26895142857142856,0.26503714285714286,0.26336,0.26276,0.26124,0.2633085714285714,0.26095999999999997,0.25878,0.25685428571428576,0.2570085714285715,0.2560685714285714,0.25374285714285716,0.2621257142857143,0.2596142857142857,0.26296285714285716,0.25152857142857143,0.25031734693877555,0.24821530612244896,0.24802346938775507,0.24857142857142858,0.24924591836734694,0.24871938775510202,0.24751938775510207,0.24741836734693878,0.24706122448979592,0.24551122448979593,0.25014591836734695,0.2570836734693877,0.2545489795918367,0.2551938775510204,0.266552380952381,0.2641547619047619,0.2574785714285714,0.25568809523809527,0.257052380952381,0.26457857142857144,0.2701357142857143,0.2744166666666667,0.273902380952381,0.27298809523809525,0.26438333333333336,0.2617809523809524,0.2684809523809524,0.27059285714285713,0.26258571428571426,0.296521768707483,0.29495782312925173,0.2976394557823129,0.29723537414965984,0.2964836734693878,0.29605714285714285,0.2978442176870749,0.2971401360544218,0.2967829931972789,0.30021156462585036,0.3008489795918367,0.3008333333333333,0.30612789115646255,0.3049591836734694,0.30329183673469384,Female,10,8-12,Elementary,C,C,R16C26f10_info1_250Hz_gu2_AEP.conn
R16C23B5,R16C23b5_info1_250Hz_gu3_AEP.conn,gu3,0.2178095238095238,0.22264761904761907,0.2242952380952381,0.2184190476190476,0.21655238095238097,0.22522380952380952,0.22534285714285715,0.2232761904761905,0.2218285714285714,0.21962380952380953,0.22110476190476192,0.21888571428571427,0.2568333333333333,0.25648095238095237,0.25516190476190476,0.34414285714285714,0.3475314285714285,0.3455314285714286,0.3416685714285714,0.34142285714285714,0.3358657142857143,0.3379628571428571,0.3387142857142857,0.33898285714285714,0.34619428571428573,0.34441428571428573,0.33636857142857146,0.36089142857142853,0.36273714285714287,0.3521285714285714,0.2972142857142857,0.29909142857142856,0.2995057142857143,0.2943142857142857,0.29347999999999996,0.28463714285714287,0.2848457142857143,0.2813171428571429,0.27850857142857144,0.29427428571428565,0.2948657142857143,0.28416,0.2760314285714286,0.2752685714285714,0.2761571428571428,0.2561122448979592,0.2578244897959184,0.2591540816326531,0.2606479591836735,0.26395,0.259415306122449,0.26044387755102033,0.25992448979591837,0.26091530612244895,0.26046326530612246,0.26166428571428574,0.2611979591836735,0.2570316326530612,0.2582632653061224,0.2612642857142857,0.2731404761904762,0.27183571428571435,0.27166666666666667,0.2712404761904762,0.27367619047619046,0.27196190476190474,0.2699833333333333,0.26946190476190474,0.2703666666666667,0.28183571428571424,0.2802428571428572,0.2776571428571429,0.2664261904761905,0.2652738095238095,0.26698809523809525,0.33999659863945586,0.3418224489795919,0.34286530612244903,0.343265306122449,0.3428653061224489,0.3383619047619047,0.3407442176870748,0.34153333333333336,0.33851768707482993,0.34267959183673474,0.3459013605442177,0.3462625850340136,0.34244557823129246,0.3425367346938775,0.34014149659863946,Male,5,5-7,Elementary,C,C,R16C23b5_info1_250Hz_gu2_AEP.conn
R16C09B08,R16C09b08_info1_250Hz_gu3_AEP.conn,gu3,0.21814285714285717,0.2174380952380952,0.21668571428571426,0.21700476190476192,0.21504761904761907,0.21975714285714285,0.22020952380952377,0.21693333333333334,0.21515238095238096,0.21775714285714284,0.21508095238095237,0.21921904761904765,0.25474285714285716,0.2542809523809524,0.2503761904761905,0.3357571428571428,0.3383714285714286,0.34407999999999994,0.34474857142857146,0.34467428571428577,0.32998,0.33303142857142853,0.33396571428571425,0.33364285714285713,0.3343771428571428,0.3362428571428571,0.33338285714285715,0.35271428571428565,0.35323714285714286,0.35591428571428574,0.3082942857142857,0.31246,0.3129857142857143,0.31065714285714285,0.30762285714285714,0.2988314285714286,0.2985,0.29946285714285714,0.30576571428571425,0.32110857142857147,0.3204857142857143,0.3158485714285714,0.29665142857142857,0.29844,0.31607142857142856,0.2526510204081633,0.2521051020408163,0.25051734693877553,0.2521448979591836,0.25424897959183673,0.2543275510204081,0.25150510204081633,0.2499469387755102,0.25093775510204075,0.2523224489795918,0.24966122448979594,0.2450336734693878,0.24318367346938777,0.24103367346938773,0.2462061224489796,0.2690261904761904,0.2659642857142857,0.2632547619047619,0.25811428571428574,0.25542380952380955,0.26920952380952384,0.2713142857142858,0.26799761904761904,0.26175714285714285,0.29121904761904766,0.28640714285714286,0.27996190476190475,0.2955333333333333,0.29209047619047623,0.29437380952380954,0.3043517006802721,0.3067707482993197,0.30743809523809523,0.30587755102040814,0.3063428571428571,0.3087489795918367,0.3093115646258503,0.30893605442176864,0.308587074829932,0.3124374149659865,0.3118979591836736,0.3100061224489796,0.3169755102040816,0.31655374149659865,0.31849047619047616,Male,8,8-12,Elementary,C,C,R16C09b08_info1_250Hz_gu2_AEP.conn
R16C39B10,R16C39b10_info1_250Hz_gu3_AEP.conn,gu3,0.1547952380952381,0.14977619047619048,0.1450904761904762,0.14868095238095239,0.15374285714285715,0.15712380952380953,0.15807619047619045,0.16102857142857144,0.1640047619047619,0.14801428571428574,0.14704285714285717,0.15260000000000004,0.19633333333333333,0.19706190476190477,0.1855,0.33451714285714285,0.33335714285714285,0.33172857142857143,0.32714,0.3290828571428571,0.33286571428571426,0.3337342857142857,0.3341685714285714,0.3338257142857143,0.3286085714285714,0.3277171428571428,0.3212085714285715,0.35274,0.35365428571428575,0.3512571428571429,0.3178457142857143,0.3145,0.3193028571428572,0.32228,0.3250085714285714,0.30975428571428576,0.3130428571428572,0.31871428571428567,0.3221714285714286,0.3051571428571429,0.30728857142857147,0.3051371428571429,0.30044,0.30484571428571433,0.3074228571428571,0.21684795918367344,0.21623979591836734,0.2173785714285714,0.2170479591836735,0.21772755102040817,0.220465306122449,0.22115204081632656,0.22045510204081634,0.22134489795918372,0.21789489795918368,0.21927857142857143,0.21709795918367347,0.21787448979591836,0.2166122448979592,0.21645816326530606,0.20216904761904764,0.20198095238095237,0.19843095238095235,0.19482142857142856,0.19685,0.20145000000000002,0.19711190476190477,0.19447857142857142,0.19542857142857142,0.19523809523809524,0.1933809523809524,0.19129761904761908,0.19950714285714288,0.19800952380952383,0.1961119047619048,0.21613061224489796,0.2205802721088435,0.22105102040816332,0.21934081632653063,0.21825306122448979,0.21999523809523816,0.2197244897959184,0.22085510204081638,0.21827482993197278,0.22533401360544217,0.2260748299319728,0.2226591836734694,0.2299462585034014,0.23018163265306124,0.23011020408163269,Male,10,8-12,Elementary,C,C,R16C39b10_info1_250Hz_gu2_AEP.conn
R16C35B06,R16C35b06_info1_250Hz_gu3_AEP.conn,gu3,0.16402857142857144,0.16431904761904761,0.1668047619047619,0.16939523809523813,0.16327619047619046,0.17627142857142855,0.17763809523809526,0.1766857142857143,0.17146666666666666,0.16676190476190478,0.17005714285714288,0.17140952380952382,0.22150000000000003,0.21911428571428573,0.22142380952380955,0.30659714285714285,0.3044885714285714,0.3003628571428571,0.2970085714285714,0.29232571428571424,0.30174857142857137,0.2983657142857143,0.2960571428571429,0.2955257142857143,0.30177714285714285,0.29861714285714286,0.2946,0.3182628571428571,0.3152342857142857,0.3226514285714286,0.3170085714285714,0.31764285714285717,0.3196457142857143,0.3226257142857143,0.32076,0.3133228571428572,0.31418857142857143,0.3167257142857142,0.3155,0.3182571428571429,0.32046857142857144,0.32348857142857146,0.30981142857142857,0.31467999999999996,0.31866285714285714,0.296865306122449,0.29739999999999994,0.2968857142857143,0.2942938775510204,0.29150000000000004,0.2937448979591837,0.2943397959183673,0.2928887755102041,0.28996836734693876,0.29643265306122446,0.29525102040816326,0.28738061224489797,0.28615714285714283,0.2860795918367347,0.2861673469387755,0.271697619047619,0.2696214285714285,0.2663952380952381,0.2663761904761905,0.2636904761904762,0.27101904761904755,0.2638738095238095,0.26107857142857144,0.26236428571428566,0.27500238095238094,0.2716595238095238,0.2713666666666667,0.2708642857142857,0.26909285714285713,0.2744666666666667,0.3137884353741497,0.31443197278911567,0.3141489795918368,0.3145972789115646,0.3166326530612245,0.3179224489795918,0.31747346938775506,0.31692448979591836,0.3171802721088436,0.32444353741496595,0.3233054421768707,0.3236551020408164,0.32508435374149663,0.3247408163265306,0.32511020408163266,Male,6,5-7,Elementary,C,C,R16C35b06_info1_250Hz_gu2_AEP.conn
R16C05B13,R16C05b13_info1_250Hz_gu3_AEP.conn,gu3,0.16977142857142857,0.1702809523809524,0.17455238095238093,0.17673809523809525,0.17493809523809523,0.18963809523809524,0.1813857142857143,0.1816809523809524,0.17844761904761905,0.18006666666666668,0.18092380952380951,0.17754285714285714,0.22118571428571432,0.22425714285714285,0.2300095238095238,0.30659714285714285,0.3089942857142857,0.31233428571428573,0.31408285714285716,0.3144314285714286,0.3158485714285715,0.31092,0.31371714285714286,0.3219,0.32794,0.33124000000000003,0.3324771428571428,0.35153428571428574,0.35514,0.3601142857142857,0.3054971428571428,0.3059685714285714,0.30054,0.2959228571428572,0.2961142857142857,0.2989857142857143,0.29902571428571434,0.3014514285714286,0.29594,0.29856000000000005,0.29675714285714283,0.2916142857142857,0.29751428571428573,0.29725428571428575,0.29032857142857144,0.20048979591836735,0.19958775510204083,0.20169795918367345,0.20217448979591837,0.20239285714285712,0.20435816326530612,0.2034061224489796,0.20299081632653063,0.2058642857142857,0.1958469387755102,0.1977530612244898,0.19819693877551017,0.19627448979591836,0.19699489795918362,0.19171632653061219,0.2008904761904762,0.20616904761904764,0.20622619047619048,0.20774285714285715,0.20479761904761906,0.1982880952380952,0.20079999999999998,0.20087619047619046,0.20002142857142857,0.20584047619047618,0.2073904761904762,0.20852857142857142,0.19725,0.2013261904761905,0.19686190476190477,0.2535741496598639,0.2551034013605442,0.25448367346938777,0.25284557823129256,0.25170544217687074,0.24864897959183668,0.24974965986394557,0.25274829931972786,0.2537170068027211,0.26134489795918364,0.25945918367346943,0.25724489795918365,0.2667687074829932,0.2692013605442177,0.267134693877551,Male,13,Teen,Secondary,C,C,R16C05b13_info1_250Hz_gu2_AEP.conn
R16C17B6,R16C17b6_info1_250Hz_gu3_AEP.conn,gu3,0.1972333333333333,0.19541904761904763,0.18832857142857148,0.18218095238095236,0.17291428571428571,0.1779238095238095,0.17008571428571428,0.17573809523809525,0.19088571428571424,0.18885714285714286,0.18768571428571432,0.19031428571428574,0.21424285714285718,0.22264285714285714,0.22602857142857144,0.30892,0.31094571428571427,0.31119714285714284,0.30605142857142853,0.30476857142857144,0.2913485714285714,0.2911657142857143,0.2893514285714286,0.29328857142857145,0.3198057142857143,0.32143714285714287,0.3145485714285714,0.3229371428571429,0.3215342857142858,0.3417314285714285,0.25846,0.2642142857142857,0.26664857142857146,0.26278,0.26701142857142857,0.24613428571428572,0.2571828571428571,0.2591342857142857,0.26352000000000003,0.24857142857142858,0.2499314285714286,0.24590857142857145,0.2517714285714286,0.25462571428571423,0.2499542857142857,0.20686734693877548,0.21117857142857144,0.21209591836734695,0.21722244897959178,0.22120102040816328,0.2039408163265306,0.21024285714285715,0.21245612244897955,0.21521938775510208,0.20777857142857145,0.21111836734693876,0.21781734693877555,0.2104673469387755,0.2154867346938775,0.21840612244897964,0.2364071428571429,0.23127142857142857,0.2281142857142857,0.22429047619047618,0.21969761904761906,0.2294976190476191,0.22998809523809524,0.22660714285714287,0.21764523809523809,0.2395142857142857,0.23490476190476192,0.23322380952380953,0.23324761904761904,0.23648571428571427,0.22600952380952385,0.2926551020408163,0.2893183673469387,0.2875931972789116,0.2901442176870748,0.29175918367346937,0.29370884353741494,0.29380136054421774,0.29047482993197277,0.2877006802721089,0.29765714285714284,0.2976374149659864,0.30247210884353737,0.2978972789115646,0.29720612244897965,0.29835102040816325,Male,6,5-7,Elementary,C,C,R16C17b6_info1_250Hz_gu2_AEP.conn
R16M09G18,R16M09g18_info1_250Hz_gu3_AEP.conn,gu3,0.16357142857142856,0.16572857142857142,0.17194761904761904,0.17695238095238097,0.17934761904761906,0.15630952380952381,0.15987142857142855,0.16566190476190476,0.1681,0.15839999999999999,0.16492380952380953,0.16931428571428572,0.20002857142857142,0.20604285714285717,0.2021333333333333,0.27196857142857145,0.2737,0.27558571428571427,0.27653999999999995,0.2787028571428571,0.28089142857142857,0.2805371428571429,0.2797428571428571,0.2773428571428571,0.27464000000000005,0.27765142857142855,0.2747257142857143,0.30409142857142857,0.30460571428571426,0.3047542857142857,0.3043657142857143,0.3056714285714286,0.3093742857142857,0.30755714285714286,0.30518285714285714,0.29996285714285714,0.29964857142857143,0.3017971428571428,0.30723142857142854,0.2924628571428571,0.2955571428571429,0.29279428571428573,0.28188285714285716,0.2865371428571429,0.2886857142857142,0.21708061224489797,0.21697551020408165,0.21769081632653062,0.21855714285714287,0.21711122448979592,0.21621020408163266,0.2161714285714286,0.21736938775510203,0.21884795918367347,0.21767755102040814,0.22054081632653064,0.2248122448979592,0.21825000000000003,0.22040204081632653,0.22438367346938776,0.23868095238095235,0.2406809523809524,0.24198571428571425,0.24275000000000002,0.24119047619047618,0.23898333333333335,0.24000714285714286,0.23980476190476194,0.23611428571428572,0.2479,0.2527333333333333,0.2531738095238095,0.24453333333333335,0.24405714285714286,0.2495285714285714,0.3095530612244897,0.3096224489795919,0.3103904761904762,0.31141904761904765,0.30963673469387765,0.31162040816326536,0.3115578231292517,0.312921768707483,0.31407959183673473,0.3183040816326531,0.32055782312925174,0.3204789115646258,0.32293605442176876,0.32394013605442173,0.3240510204081633,Female,18,Teen,Secondary,C,C,R16M09g18_info1_250Hz_gu2_AEP.conn
R16C11B09,R16C11b09_info1_250Hz_gu3_AEP.conn,gu3,0.38966190476190476,0.39168095238095235,0.39654285714285714,0.39385714285714285,0.39656190476190484,0.3997380952380953,0.4058142857142857,0.40201904761904766,0.39142380952380945,0.3939571428571429,0.39768571428571425,0.39087142857142854,0.4350857142857143,0.43159047619047614,0.42582380952380955,0.40306857142857144,0.40911428571428576,0.4124428571428571,0.41068571428571427,0.4111285714285714,0.4067971428571428,0.4093742857142857,0.4071714285714285,0.39870285714285714,0.3975428571428571,0.3996799999999999,0.39398857142857147,0.4080914285714286,0.40611428571428565,0.40732,0.28847428571428574,0.28794,0.288,0.2868428571428571,0.2936714285714286,0.2903914285714285,0.2902571428571429,0.29228571428571426,0.2942171428571429,0.2920771428571428,0.2937085714285714,0.2902057142857143,0.2930657142857143,0.2954457142857143,0.29331142857142856,0.3797928571428571,0.3811010204081633,0.3797530612244898,0.3757224489795919,0.3747948979591837,0.37547448979591846,0.37617755102040806,0.3755918367346938,0.3776183673469388,0.3808591836734694,0.38045306122448974,0.36946122448979585,0.3664642857142857,0.36911530612244897,0.3683316326530613,0.35963809523809526,0.3649190476190476,0.36726666666666663,0.36713095238095234,0.36235476190476196,0.3667452380952381,0.3651452380952381,0.36225714285714283,0.35900714285714286,0.36388809523809523,0.3674380952380952,0.3681714285714286,0.35136190476190476,0.35053571428571434,0.35946904761904763,0.3580462585034013,0.3603496598639456,0.3600136054421769,0.361743537414966,0.3610353741496598,0.3617585034013605,0.361656462585034,0.3596959183673469,0.3593231292517006,0.36960884353741497,0.3680285714285715,0.36958571428571435,0.3753585034013606,0.3739965986394557,0.37453197278911565,Male,9,8-12,Elementary,C,C,R16C11b09_info1_250Hz_gu2_AEP.conn
R16C14B07,R16C14b07_info1_250Hz_gu3_AEP.conn,gu3,0.18515714285714288,0.18843809523809527,0.19144761904761906,0.1975,0.2040809523809524,0.18189047619047619,0.18531428571428574,0.18711904761904763,0.18910000000000002,0.19155238095238095,0.19332857142857143,0.1964904761904762,0.2288285714285714,0.2301619047619048,0.2333761904761905,0.3501885714285714,0.35025142857142855,0.3568142857142857,0.3601342857142857,0.3601828571428572,0.34713142857142854,0.34924,0.35403428571428575,0.35785999999999996,0.3521685714285714,0.35878,0.3555514285714286,0.3718485714285714,0.37764857142857144,0.37861142857142854,0.34855142857142857,0.35137428571428575,0.35059142857142855,0.35219714285714276,0.35275142857142855,0.34943714285714284,0.3486228571428571,0.3529657142857143,0.35753142857142856,0.34890571428571426,0.34834857142857145,0.34381142857142855,0.34936571428571433,0.3515114285714285,0.34762,0.31834081632653055,0.3170377551020408,0.3174071428571429,0.31899795918367346,0.3202061224489796,0.31452551020408154,0.31629999999999997,0.31675918367346945,0.31761836734693877,0.31557551020408164,0.3151908163265306,0.3080663265306122,0.31126938775510204,0.31225102040816327,0.30870204081632646,0.24794523809523808,0.2523976190476191,0.2574214285714286,0.25745714285714283,0.2547047619047619,0.24886428571428568,0.2528928571428571,0.2550071428571428,0.2526142857142857,0.2710690476190476,0.27468809523809523,0.273447619047619,0.2621047619047619,0.2633761904761905,0.272702380952381,0.3208571428571429,0.3219374149659864,0.3229421768707483,0.32483809523809526,0.32470068027210885,0.32214353741496593,0.324012925170068,0.3260197278911564,0.327021768707483,0.33116122448979596,0.3303986394557823,0.3327013605442176,0.3306414965986395,0.33185510204081636,0.33132721088435374,Male,7,5-7,Elementary,C,C,R16C14b07_info1_250Hz_gu2_AEP.conn
R16C34B06,R16C34b06_info1_250Hz_gu3_AEP.conn,gu3,0.11062380952380953,0.11466666666666668,0.11569523809523809,0.11478571428571428,0.11116666666666668,0.11101904761904761,0.10596666666666665,0.10586666666666666,0.10751904761904763,0.10949047619047618,0.10967142857142857,0.1078238095238095,0.14987142857142857,0.15074761904761905,0.14705714285714286,0.24153714285714284,0.24011714285714283,0.23782,0.23460285714285717,0.23755714285714288,0.23693142857142857,0.23572,0.23448285714285716,0.23836857142857143,0.23749142857142855,0.23435999999999998,0.2328657142857143,0.2651514285714286,0.26526571428571427,0.2615914285714286,0.34358571428571427,0.34626571428571423,0.34991714285714287,0.35064285714285715,0.35351999999999995,0.3443171428571429,0.34665142857142855,0.3488657142857143,0.3485342857142857,0.33943142857142855,0.3426,0.34491428571428573,0.34318,0.3441828571428572,0.34082,0.26508775510204086,0.2633775510204082,0.26231632653061226,0.2602520408163266,0.2615051020408163,0.26323061224489797,0.2637816326530612,0.26378673469387753,0.2647295918367347,0.26226020408163264,0.2618173469387755,0.25336938775510204,0.25345510204081634,0.25413265306122446,0.2526632653061225,0.2167261904761905,0.21705714285714292,0.21828571428571428,0.21780476190476192,0.2144952380952381,0.21427142857142856,0.2140904761904762,0.21427380952380956,0.21364523809523808,0.22835714285714284,0.2289547619047619,0.2275047619047619,0.22549761904761903,0.2263357142857143,0.23143095238095238,0.2748421768707482,0.27333469387755105,0.2711292517006803,0.27064149659863945,0.2720040816326531,0.27233809523809527,0.2703231292517007,0.2696578231292517,0.27004149659863946,0.27956054421768706,0.27688979591836727,0.27684149659863955,0.279812925170068,0.2810489795918367,0.28133741496598647,Male,6,5-7,Elementary,C,C,R16C34b06_info1_250Hz_gu2_AEP.conn
R16C31B07,R16C31b07_info1_250Hz_gu3_AEP.conn,gu3,0.1561857142857143,0.1562904761904762,0.16024761904761906,0.16166190476190478,0.1626,0.1633238095238095,0.1641047619047619,0.16149999999999998,0.1626095238095238,0.1592619047619048,0.16180000000000003,0.1643238095238095,0.20576666666666668,0.20497142857142855,0.20385238095238098,0.3325457142857143,0.33303142857142853,0.3322542857142857,0.3302371428571429,0.3291257142857143,0.3365314285714286,0.33779714285714285,0.3360857142857143,0.3354285714285714,0.33296285714285717,0.33143142857142854,0.32948571428571427,0.36184,0.3594542857142857,0.36071428571428565,0.2857828571428571,0.2848542857142857,0.2832685714285714,0.28298285714285715,0.28535999999999995,0.28526285714285715,0.28364,0.2843542857142857,0.2884257142857143,0.2760314285714286,0.2742428571428571,0.2747942857142857,0.2752171428571428,0.27601714285714285,0.2782628571428572,0.22601428571428572,0.2258102040816326,0.22735204081632654,0.22529285714285704,0.22269285714285716,0.22216326530612246,0.2243061224489796,0.2222714285714286,0.21964897959183674,0.22486734693877547,0.2262816326530612,0.22851224489795913,0.2298622448979592,0.22580306122448984,0.2295765306122449,0.19788333333333333,0.1979857142857143,0.19451190476190475,0.19267619047619047,0.19281428571428572,0.19324285714285716,0.1886547619047619,0.18855714285714287,0.1904380952380952,0.19988333333333333,0.19835,0.1972261904761905,0.19934285714285713,0.2009904761904762,0.19891904761904758,0.23139319727891158,0.23240952380952382,0.23200680272108845,0.23115918367346938,0.23056802721088432,0.23300408163265302,0.23237959183673468,0.23106938775510202,0.23046258503401362,0.23798163265306121,0.2398727891156463,0.2379646258503402,0.24468231292517006,0.24311564625850338,0.2447319727891156,Male,7,5-7,Elementary,C,C,R16C31b07_info1_250Hz_gu2_AEP.conn
R16C21G7,R16C21g7_info1_250Hz_gu3_AEP.conn,gu3,0.21176666666666666,0.21292857142857144,0.20135714285714287,0.19006666666666663,0.19132380952380953,0.19619047619047617,0.19473809523809527,0.1915,0.1867952380952381,0.21025238095238097,0.19796666666666662,0.19104285714285715,0.23830476190476194,0.23869523809523807,0.2425190476190476,0.3184342857142857,0.3167857142857143,0.3145942857142857,0.31340857142857137,0.3103228571428572,0.3161085714285714,0.31508857142857144,0.3112857142857143,0.30323714285714287,0.3285857142857143,0.3254742857142857,0.3274457142857143,0.3470885714285714,0.3454314285714286,0.34912,0.31871142857142865,0.31361714285714287,0.3018942857142857,0.30245714285714287,0.3040114285714286,0.3115171428571429,0.30772,0.30995999999999996,0.31158857142857144,0.30092857142857143,0.28852,0.28750571428571425,0.2941857142857143,0.2955085714285714,0.2867657142857143,0.21954591836734694,0.2193214285714286,0.21864897959183674,0.22073775510204083,0.2229918367346939,0.2084255102040816,0.20820714285714284,0.21081938775510206,0.2111132653061225,0.2178989795918367,0.21694285714285716,0.2192061224489796,0.21817244897959182,0.2202908163265306,0.21751938775510204,0.2678452380952381,0.26946190476190474,0.27721904761904764,0.2776666666666667,0.2758309523809524,0.2736071428571429,0.2703976190476191,0.26279761904761906,0.26409047619047615,0.29363809523809525,0.2971547619047619,0.29860000000000003,0.2818357142857143,0.2803047619047619,0.2905833333333333,0.29797074829931974,0.2992789115646259,0.2996687074829931,0.29943945578231296,0.30038571428571426,0.2975802721088436,0.2949863945578231,0.2958598639455783,0.2956816326530612,0.30206326530612243,0.30428843537414973,0.3041421768707483,0.30631836734693885,0.3066925170068028,0.3113612244897959,Female,7,5-7,Elementary,C,C,R16C21g7_info1_250Hz_gu2_AEP.conn
R16C29F9,R16C29f9_info1_250Hz_gu3_AEP.conn,gu3,0.10731428571428571,0.10693809523809523,0.11049999999999999,0.11940952380952381,0.12145238095238094,0.11566190476190476,0.11666666666666665,0.12168095238095238,0.1257285714285714,0.1163952380952381,0.11361904761904762,0.1262142857142857,0.16084285714285715,0.1687047619047619,0.16856666666666667,0.25916285714285714,0.2543657142857143,0.25564,0.25884,0.25869714285714285,0.26755142857142855,0.2704971428571429,0.2695314285714286,0.27072857142857143,0.2609942857142857,0.2626342857142857,0.2674571428571429,0.29264571428571423,0.29569428571428574,0.30353714285714284,0.2476457142857143,0.24827714285714292,0.24794285714285716,0.2487,0.24987428571428572,0.25123428571428574,0.25085714285714283,0.25305428571428573,0.2561857142857143,0.24779714285714283,0.24688857142857143,0.24902857142857143,0.2513371428571428,0.2530257142857143,0.25064,0.18294183673469386,0.1833826530612245,0.1835765306122449,0.18469897959183673,0.18455204081632653,0.18330714285714286,0.1844928571428571,0.18566224489795918,0.1863295918367347,0.18302857142857146,0.18291224489795918,0.1866755102040816,0.19287346938775513,0.19250816326530612,0.18900918367346936,0.16465476190476191,0.16623095238095237,0.16740476190476195,0.16559761904761902,0.16212142857142856,0.15755,0.16074285714285716,0.16069761904761903,0.1606357142857143,0.16572142857142858,0.16631666666666667,0.16629285714285713,0.16356428571428572,0.16346666666666665,0.15981190476190477,0.22804693877551022,0.2275272108843537,0.22651700680272113,0.2269006802721089,0.22910544217687073,0.22256938775510204,0.22625714285714288,0.23100748299319732,0.2345768707482993,0.2331721088435375,0.2345482993197279,0.23559047619047616,0.239521768707483,0.2434632653061225,0.24,Female,9,8-12,Elementary,C,C,R16C29f9_info1_250Hz_gu2_AEP.conn
R16C25B5,R16C25b5_info1_250Hz_gu3_AEP.conn,gu3,0.1334095238095238,0.12574761904761908,0.12361904761904761,0.12877142857142856,0.1295666666666667,0.1306857142857143,0.12326190476190475,0.12128095238095238,0.12022380952380951,0.12196666666666667,0.11684285714285714,0.12168095238095238,0.16658095238095239,0.1635047619047619,0.15928571428571428,0.2685828571428571,0.2646914285714286,0.2638257142857142,0.26672285714285715,0.26986857142857146,0.27112857142857144,0.26986,0.2700714285714286,0.2699971428571429,0.27900285714285716,0.2783857142857143,0.27953142857142854,0.3038514285714286,0.3066,0.30237428571428576,0.26406,0.26383714285714294,0.26028571428571423,0.2581285714285714,0.26552000000000003,0.26759714285714287,0.26357714285714284,0.2615571428571429,0.25849428571428573,0.2595085714285714,0.2579342857142857,0.2558628571428571,0.2580857142857143,0.25509714285714286,0.25192857142857145,0.18282857142857142,0.18456020408163268,0.18393571428571429,0.1827591836734694,0.1815744897959184,0.17859693877551022,0.1793,0.18035,0.18251632653061226,0.17700816326530608,0.1781469387755102,0.17553877551020405,0.1723826530612245,0.1740459183673469,0.17208571428571431,0.15252857142857143,0.1528880952380952,0.1520047619047619,0.15108809523809527,0.14694761904761905,0.1532547619047619,0.15151190476190476,0.15041904761904762,0.1515690476190476,0.15041666666666667,0.15191904761904762,0.1517857142857143,0.15616190476190475,0.15655,0.1552690476190476,0.2553918367346939,0.2539972789115646,0.2522224489795919,0.25190884353741494,0.2512986394557823,0.2524054421768708,0.24965782312925172,0.24972585034013609,0.25031428571428566,0.25842312925170075,0.2560714285714286,0.25596530612244905,0.26292312925170064,0.2630326530612245,0.2640469387755102,Male,5,5-7,Elementary,C,C,R16C25b5_info1_250Hz_gu2_AEP.conn
R16C32B08,R16C32b08_info1_250Hz_gu3_AEP.conn,gu3,0.22034761904761901,0.2120904761904762,0.20409047619047618,0.2125047619047619,0.21955238095238094,0.23089523809523813,0.2202952380952381,0.22106190476190477,0.2277809523809524,0.20818571428571428,0.2012857142857143,0.2124047619047619,0.2679761904761904,0.2699238095238095,0.25047619047619046,0.35604285714285716,0.35281428571428575,0.35833714285714285,0.36188000000000003,0.3558742857142857,0.3655342857142857,0.3609171428571428,0.36019428571428574,0.35688571428571425,0.35209428571428575,0.35436000000000006,0.3569171428571428,0.38032285714285713,0.38135142857142856,0.3839514285714286,0.34797142857142854,0.34961428571428577,0.34936571428571433,0.3520828571428571,0.34898,0.34812857142857145,0.34962,0.3468914285714286,0.34914000000000006,0.34008571428571427,0.33999999999999997,0.34488285714285716,0.3417228571428571,0.33786857142857146,0.34002000000000004,0.2390683673469387,0.24373775510204085,0.2452857142857143,0.24546938775510202,0.24183673469387754,0.2384642857142857,0.24402244897959185,0.24689897959183674,0.24788673469387756,0.24427857142857148,0.24645612244897958,0.24984285714285717,0.24923877551020407,0.25218673469387753,0.24793265306122447,0.2503547619047619,0.2532047619047619,0.25666190476190476,0.260102380952381,0.258197619047619,0.25129523809523807,0.2525190476190477,0.2570452380952381,0.25530952380952376,0.26699999999999996,0.26970714285714287,0.2698809523809524,0.2600571428571428,0.26492619047619054,0.2660595238095238,0.29770612244897954,0.29816326530612247,0.2986,0.29734965986394557,0.296560544217687,0.2987353741496597,0.29632721088435376,0.2945544217687076,0.2951510204081632,0.3048986394557823,0.3056285714285714,0.30377755102040804,0.3099040816326531,0.3086258503401361,0.3111789115646258,Male,8,8-12,Elementary,C,C,R16C32b08_info1_250Hz_gu2_AEP.conn
R16M04G10,R16M04g10_info1_250Hz_gu3_AEP.conn,gu3,0.33508571428571426,0.33630476190476194,0.3423047619047619,0.34320476190476185,0.33740952380952377,0.33221904761904764,0.3371476190476191,0.3403285714285715,0.3415095238095238,0.3350904761904762,0.33480952380952383,0.334652380952381,0.37503333333333333,0.3760380952380952,0.36169047619047623,0.4052657142857143,0.40456285714285717,0.4016457142857143,0.39464285714285713,0.39089714285714283,0.4008028571428571,0.40026571428571434,0.3982771428571429,0.39756,0.4025114285714285,0.3969857142857142,0.38859999999999995,0.41123714285714286,0.41266857142857144,0.4114914285714285,0.31497714285714284,0.31156285714285714,0.3127914285714286,0.31321714285714286,0.31603142857142863,0.3105514285714286,0.30982000000000004,0.3088485714285714,0.3101857142857143,0.3024514285714286,0.30272,0.29958571428571423,0.29342571428571423,0.2934228571428571,0.3009057142857143,0.2703551020408163,0.2736255102040816,0.2748255102040816,0.2733561224489796,0.27362346938775506,0.27523265306122446,0.27416428571428575,0.27334285714285717,0.2736673469387755,0.2785795918367347,0.2797530612244898,0.2763816326530612,0.2763510204081633,0.2756265306122449,0.2839255102040816,0.3212833333333333,0.3226190476190476,0.32108571428571425,0.31947619047619047,0.32006666666666667,0.3168785714285714,0.31694761904761903,0.3207238095238096,0.3250190476190476,0.3292833333333334,0.3291190476190476,0.3298880952380952,0.33325714285714286,0.33621190476190477,0.33718333333333333,0.3976816326530613,0.39467755102040813,0.39307346938775517,0.3938727891156462,0.3955299319727892,0.3993102040816326,0.39765646258503407,0.39717142857142856,0.39681088435374157,0.4010639455782313,0.3991931972789115,0.39996462585034015,0.40376530612244904,0.4032829931972789,0.402391836734694,Female,10,8-12,Elementary,C,C,R16M04g10_info1_250Hz_gu2_AEP.conn
R16C20B9,R16C20b9_info1_250Hz_gu3_AEP.conn,gu3,0.14376666666666668,0.14538095238095236,0.15062380952380952,0.14796190476190474,0.15915714285714286,0.14343809523809523,0.1373095238095238,0.1394,0.14872857142857143,0.13464285714285715,0.1384238095238095,0.13426666666666667,0.17781904761904763,0.17312380952380954,0.17339523809523807,0.26723142857142856,0.2651685714285715,0.2671571428571428,0.2681342857142857,0.27558571428571427,0.27677999999999997,0.27281428571428573,0.2704285714285714,0.2744542857142857,0.26135714285714284,0.26298857142857146,0.26477142857142855,0.30000857142857146,0.2965342857142857,0.2916657142857143,0.25976285714285713,0.2555685714285714,0.2613371428571428,0.2689085714285714,0.2670028571428572,0.25599142857142854,0.2576485714285714,0.26824,0.27668,0.2511028571428572,0.26050285714285715,0.2670457142857143,0.25933428571428574,0.2714714285714286,0.2630942857142857,0.22978061224489799,0.22529795918367346,0.22258265306122452,0.2220102040816327,0.22015714285714288,0.22648061224489796,0.22458979591836734,0.22167448979591836,0.2201887755102041,0.22496938775510203,0.22386122448979592,0.22029183673469394,0.21815714285714288,0.21556020408163262,0.22078061224489795,0.18073333333333333,0.17763571428571426,0.18288571428571432,0.18557380952380953,0.18115238095238095,0.18037857142857142,0.17749285714285712,0.17931428571428573,0.18383333333333332,0.1847952380952381,0.18729761904761907,0.1881642857142857,0.18058571428571427,0.1798404761904762,0.1778142857142857,0.2580693877551021,0.2588061224489796,0.2576306122448979,0.2525204081632653,0.24949387755102043,0.2539204081632653,0.25491564625850344,0.25303673469387755,0.24986870748299322,0.2643068027210885,0.26213741496598636,0.258278231292517,0.2648285714285714,0.2631789115646258,0.2617448979591837,Male,9,8-12,Elementary,C,C,R16C20b9_info1_250Hz_gu2_AEP.conn
R16C06B16,R16C06b16_info1_250Hz_gu3_AEP.conn,gu3,0.21506190476190476,0.21624285714285715,0.2126333333333333,0.21096666666666666,0.20765714285714287,0.20985714285714285,0.21000476190476192,0.20969523809523807,0.2099333333333333,0.2194142857142857,0.21599523809523805,0.2122571428571429,0.2564142857142857,0.2567952380952381,0.2632047619047619,0.3716457142857143,0.37120285714285717,0.37166857142857135,0.3678514285714286,0.36390571428571433,0.3743142857142857,0.3766971428571429,0.36864285714285716,0.3625571428571428,0.37605714285714287,0.3744657142857143,0.36996,0.4065971428571428,0.3990942857142857,0.4003742857142857,0.3872885714285714,0.3917857142857143,0.3920257142857143,0.39222,0.38910000000000006,0.39464571428571427,0.39834285714285717,0.3992514285714286,0.39914285714285713,0.3860314285714286,0.38837428571428567,0.3871142857142857,0.39527999999999996,0.39764571428571427,0.38798,0.2823387755102041,0.28138367346938775,0.28091734693877546,0.27888775510204084,0.28125408163265303,0.28892346938775504,0.2828551020408164,0.28114285714285714,0.28077959183673473,0.2820448979591837,0.28167346938775506,0.2764510204081633,0.27726836734693877,0.275945918367347,0.278480612244898,0.2994833333333333,0.3024880952380952,0.30370238095238095,0.3041833333333333,0.3004047619047619,0.29960238095238095,0.2979119047619047,0.3040095238095238,0.30755952380952384,0.3176952380952382,0.3145476190476191,0.3124357142857143,0.31514285714285717,0.3217690476190476,0.318597619047619,0.28981768707482986,0.289791156462585,0.29040068027210886,0.2907156462585035,0.29157959183673476,0.2917156462585034,0.29104897959183673,0.29049251700680273,0.2903517006802721,0.2982190476190476,0.2990380952380952,0.2982326530612245,0.30489319727891157,0.3038183673469388,0.3103380952380953,Male,16,Teen,Secondary,C,C,R16C06b16_info1_250Hz_gu2_AEP(1).conn
R16C15B07,R16C15b07_info1_250Hz_gu3_AEP.conn,gu3,0.21053333333333332,0.19893809523809525,0.1951571428571428,0.19629047619047615,0.20151904761904763,0.21750000000000003,0.21742857142857144,0.21679523809523812,0.21666666666666667,0.1980952380952381,0.19795714285714286,0.2016,0.2558428571428571,0.2523714285714285,0.24302857142857145,0.35178571428571426,0.35016857142857144,0.3501942857142857,0.3525714285714286,0.3542885714285714,0.3573857142857143,0.35705714285714285,0.35757714285714287,0.3619771428571429,0.35025142857142855,0.3493685714285714,0.35261714285714285,0.3772714285714286,0.37668285714285715,0.37131428571428576,0.3675142857142857,0.36683142857142853,0.3679914285714286,0.37394857142857146,0.37606285714285714,0.36703714285714284,0.37954,0.3852085714285714,0.3860657142857143,0.3641142857142857,0.3640257142857143,0.37007142857142855,0.37489142857142865,0.3807628571428571,0.3629257142857143,0.27027551020408164,0.27363877551020405,0.2724612244897959,0.27238877551020413,0.2714632653061225,0.27709387755102044,0.27626836734693877,0.27868265306122453,0.27857755102040815,0.27327448979591834,0.2725918367346939,0.2699295918367347,0.2734816326530612,0.2742663265306123,0.264884693877551,0.2689452380952381,0.2651642857142857,0.2591547619047619,0.259597619047619,0.2658142857142857,0.2589333333333333,0.2587309523809524,0.2600547619047619,0.2593404761904762,0.2735238095238095,0.2685952380952381,0.2701357142857143,0.2709547619047619,0.2719238095238095,0.2767928571428571,0.3320027210884354,0.33007346938775506,0.3276646258503402,0.3253523809523809,0.3259401360544218,0.3288476190476191,0.33038911564625845,0.33172380952380953,0.3313707482993198,0.33970136054421773,0.33630952380952384,0.33339591836734694,0.3428414965986395,0.343591156462585,0.34558299319727886,Male,7,5-7,Elementary,C,C,R16C15b07_info1_250Hz_gu2_AEP.conn
R16C08G09,R16C08g09_info1_250Hz_gu3_AEP.conn,gu3,0.19796190476190478,0.2041952380952381,0.21523333333333336,0.21509047619047617,0.21561904761904763,0.20794285714285712,0.20407142857142854,0.2040857142857143,0.20310000000000003,0.2104142857142857,0.21795714285714285,0.21854285714285715,0.2528238095238095,0.25234761904761904,0.2628761904761905,0.37242,0.37585714285714283,0.3799514285714286,0.38086857142857145,0.38296,0.37066285714285707,0.36876000000000003,0.37062285714285714,0.3696885714285715,0.3755942857142857,0.37934,0.3747228571428572,0.39845142857142857,0.39825999999999995,0.3983285714285715,0.3230342857142857,0.32462285714285716,0.32739428571428575,0.32663142857142863,0.3246457142857143,0.3230485714285714,0.32008,0.3137857142857143,0.3119057142857143,0.31452571428571424,0.3164485714285714,0.31254571428571426,0.31481714285714285,0.31361714285714287,0.3101257142857143,0.2734744897959184,0.2772918367346939,0.2770479591836735,0.27453673469387757,0.2704510204081632,0.26734285714285716,0.2677010204081633,0.26588061224489795,0.2624836734693877,0.2756448979591837,0.272684693877551,0.2687948979591837,0.26379693877551025,0.2636540816326531,0.2643010204081633,0.2532952380952381,0.25575238095238095,0.25539761904761904,0.25780714285714285,0.2578095238095238,0.24874999999999994,0.25510000000000005,0.25999285714285714,0.262097619047619,0.25926428571428567,0.25511190476190476,0.2561857142857143,0.24521190476190477,0.24643809523809523,0.2527928571428571,0.24367687074829933,0.24505918367346938,0.24970952380952377,0.2539911564625851,0.2557632653061224,0.2444850340136054,0.24375374149659865,0.24789523809523806,0.24947755102040817,0.24719591836734697,0.2512571428571429,0.2562843537414966,0.24800272108843538,0.2517462585034014,0.25419455782312933,Female,9,8-12,Elementary,C,C,R16C08g09_info1_250Hz_gu2_AEP.conn
R16M06B06,R16M06b06_info1_250Hz_gu3_AEP.conn,gu3,0.1636904761904762,0.15824285714285716,0.15031904761904763,0.1447238095238095,0.14500000000000002,0.14928571428571427,0.1458,0.13631428571428572,0.13175714285714288,0.1435238095238095,0.13492380952380953,0.13593333333333332,0.1863809523809524,0.17809047619047622,0.1844380952380952,0.29710857142857144,0.29731142857142856,0.30143714285714285,0.30512285714285714,0.31187714285714285,0.2976971428571428,0.2979857142857143,0.2990371428571429,0.2950628571428572,0.2906542857142857,0.2946485714285714,0.29613428571428574,0.3268685714285714,0.33024571428571436,0.32202571428571425,0.33505714285714283,0.3331,0.33130571428571426,0.33020857142857146,0.3308628571428571,0.3355257142857143,0.3350857142857143,0.33135428571428577,0.33078571428571424,0.3347028571428572,0.33545428571428565,0.3336171428571429,0.33537428571428574,0.33418000000000003,0.33696000000000004,0.29488367346938776,0.2956173469387755,0.29582857142857144,0.2932622448979592,0.29118265306122443,0.28959081632653066,0.2935928571428571,0.29695102040816324,0.29458877551020407,0.2956510204081632,0.29595816326530605,0.2934102040816327,0.2880979591836735,0.2913591836734694,0.29257755102040817,0.23058333333333336,0.23689761904761905,0.24212619047619047,0.23865238095238095,0.23622142857142858,0.23016904761904763,0.23413809523809523,0.23479523809523808,0.2339595238095238,0.24767380952380957,0.2537857142857143,0.2533809523809524,0.23712380952380954,0.23894285714285715,0.24537857142857145,0.3061673469387755,0.30678435374149654,0.30795442176870746,0.3062809523809523,0.30663605442176867,0.30139251700680275,0.30202244897959185,0.3051027210884354,0.30619319727891153,0.3113836734693877,0.3099414965986394,0.308225850340136,0.3075823129251701,0.3097102040816327,0.3114666666666667,Male,6,5-7,Elementary,C,C,R16M06b06_info1_250Hz_gu2_AEP.conn
R16C03G5,R16C03g5_info1_250Hz_gu3_AEP.conn,gu3,0.25315714285714286,0.2481809523809524,0.2430333333333333,0.24380000000000002,0.23214285714285712,0.24578571428571427,0.24320952380952385,0.23463809523809523,0.2351761904761905,0.23915714285714285,0.23671904761904763,0.23719047619047617,0.277152380952381,0.27630952380952384,0.27094285714285715,0.31820857142857145,0.3272142857142857,0.33054857142857136,0.3293914285714285,0.32572,0.3144285714285714,0.32263142857142857,0.32202,0.32143142857142853,0.33638,0.3362685714285714,0.33069999999999994,0.35821428571428576,0.35961999999999994,0.3576114285714286,0.30110000000000003,0.2979142857142857,0.29790285714285714,0.3051285714285714,0.31880000000000003,0.30361142857142853,0.30294571428571426,0.3005285714285714,0.30040857142857147,0.29335714285714287,0.28759428571428575,0.2903514285714286,0.2851685714285714,0.28682285714285716,0.2859457142857143,0.2538397959183673,0.2547142857142857,0.2532051020408163,0.26206020408163266,0.2679244897959184,0.2682591836734694,0.26583673469387753,0.2656918367346939,0.2694306122448979,0.2579081632653061,0.25714999999999993,0.2703479591836735,0.2671734693877551,0.2690142857142857,0.26131020408163264,0.17545238095238094,0.18235,0.18559523809523812,0.1942642857142857,0.1815547619047619,0.1754380952380952,0.1731547619047619,0.17530476190476194,0.16979285714285716,0.1897,0.19538095238095235,0.20125952380952383,0.16938809523809525,0.17098809523809524,0.19017857142857142,0.2678292517006803,0.2726836734693877,0.27377142857142855,0.2766952380952381,0.2746360544217687,0.2690619047619047,0.2771013605442177,0.2766795918367347,0.27691496598639453,0.27778707482993203,0.27846054421768707,0.28297074829931973,0.2830210884353741,0.2825210884353742,0.28097074829931973,Female,5,5-7,Elementary,C,C,R16C03g5_info1_250Hz_gu2_AEP.conn
R16C33B05,R16C33b05_info1_250Hz_gu3_AEP.conn,gu3,0.15888095238095237,0.15242380952380952,0.15068571428571428,0.15847142857142857,0.16204285714285716,0.16913809523809523,0.16544761904761904,0.1594095238095238,0.15114285714285713,0.15304761904761907,0.14510476190476193,0.14970952380952382,0.20373809523809525,0.19719047619047622,0.18975238095238098,0.29764857142857143,0.2992285714285714,0.29668857142857147,0.2937628571428571,0.29087428571428575,0.31046285714285715,0.3057314285714286,0.29981142857142856,0.3027285714285714,0.30608857142857143,0.30294000000000004,0.29720285714285716,0.3287285714285714,0.32451142857142856,0.3345657142857143,0.2855285714285714,0.2858657142857143,0.2839028571428571,0.2881657142857143,0.28555428571428576,0.2872142857142857,0.28808,0.28821714285714284,0.28902571428571433,0.2807342857142857,0.2772742857142857,0.27928857142857144,0.27705714285714284,0.27632857142857137,0.2747857142857143,0.20082346938775508,0.20269285714285715,0.20258163265306123,0.19966428571428577,0.19738775510204082,0.2021397959183673,0.20550306122448983,0.2041520408163265,0.20178673469387756,0.20295408163265302,0.20144591836734696,0.19684081632653064,0.20353163265306123,0.20417857142857146,0.19677346938775514,0.18263571428571426,0.18114761904761903,0.18201190476190476,0.17976904761904763,0.17841904761904762,0.18506666666666668,0.18378809523809522,0.18289761904761903,0.1810047619047619,0.1883904761904762,0.18923571428571428,0.18550476190476192,0.18924761904761903,0.18642619047619047,0.19091666666666665,0.241869387755102,0.24259863945578233,0.24120952380952382,0.23880408163265304,0.23844557823129256,0.2430122448979591,0.24309183673469392,0.24124829931972788,0.24017142857142856,0.2492714285714286,0.2512884353741497,0.24959863945578226,0.2556278911564626,0.25420408163265307,0.25842653061224496,Male,5,5-7,Elementary,C,C,R16C33b05_info1_250Hz_gu2_AEP.conn
R16C22G10,R16C22g10_info1_250Hz_gu3_AEP.conn,gu3,0.15615714285714286,0.1503809523809524,0.14176666666666668,0.14354285714285717,0.1513190476190476,0.14543333333333333,0.14355714285714286,0.14511904761904762,0.14611904761904762,0.15478571428571428,0.14736190476190475,0.14674761904761904,0.1959428571428571,0.19779999999999998,0.2005809523809524,0.32768571428571425,0.3230828571428571,0.31619714285714284,0.3124085714285715,0.3108742857142857,0.30454857142857145,0.3024285714285714,0.30189999999999995,0.30204,0.30844571428571427,0.3048257142857143,0.3018914285714286,0.3276657142857143,0.32753714285714286,0.32870857142857146,0.34809428571428574,0.3470457142857143,0.3434085714285714,0.34236,0.34580857142857147,0.34046857142857145,0.3392114285714286,0.33723428571428565,0.3380685714285714,0.34042000000000006,0.34058571428571427,0.3407857142857143,0.3348971428571429,0.3334942857142857,0.3402914285714286,0.25025204081632657,0.24897142857142854,0.2494857142857143,0.2480316326530612,0.24936530612244903,0.24820816326530615,0.24748367346938777,0.24652142857142859,0.24583469387755102,0.2489938775510204,0.24805510204081635,0.2439397959183673,0.24558265306122457,0.24378571428571427,0.2408969387755102,0.21500476190476192,0.21856190476190474,0.22049761904761903,0.2213238095238095,0.22015476190476188,0.2197785714285714,0.22206666666666663,0.2238880952380952,0.2183452380952381,0.22836666666666663,0.22813809523809525,0.2267309523809524,0.22358809523809528,0.22025238095238095,0.2241928571428571,0.28313469387755097,0.2816836734693878,0.2791006802721088,0.27972448979591835,0.28097006802721075,0.27783741496598635,0.2768190476190476,0.2774421768707483,0.2779517006802721,0.2851666666666666,0.28609047619047623,0.2865714285714285,0.29067482993197274,0.2908238095238095,0.29253809523809526,Female,10,8-12,Elementary,C,C,R16C22g10_info1_250Hz_gu2_AEP.conn
R16C30M7,R16C30m7_info1_250Hz_gu3_AEP.conn,gu3,0.1504714285714286,0.14679999999999996,0.14846190476190477,0.1510857142857143,0.15178571428571427,0.14098571428571427,0.1371904761904762,0.1375095238095238,0.1411,0.126152380952381,0.1288714285714286,0.1312809523809524,0.17455238095238093,0.17815714285714288,0.17553809523809524,0.26768857142857144,0.2688342857142857,0.2718257142857142,0.2694371428571428,0.26449142857142854,0.25712285714285715,0.2577028571428571,0.25768285714285716,0.25630857142857144,0.25446,0.2543714285714286,0.25073142857142855,0.28343714285714283,0.2847057142857143,0.27866285714285716,0.28054,0.2839285714285714,0.2850371428571429,0.28566857142857144,0.2893742857142857,0.2797314285714286,0.2804114285714286,0.28104285714285715,0.2822857142857143,0.26631142857142853,0.2691228571428571,0.2692342857142857,0.2572314285714286,0.26242857142857146,0.26057428571428576,0.23929489795918366,0.23635714285714288,0.2344367346938776,0.23489285714285715,0.23692346938775508,0.2355071428571429,0.23392346938775513,0.2351734693877551,0.2386938775510204,0.238380612244898,0.23755408163265299,0.23875918367346935,0.23982653061224488,0.240784693877551,0.2435173469387755,0.2491190476190476,0.24357857142857142,0.24060714285714283,0.2348,0.23443809523809525,0.25128809523809525,0.244102380952381,0.2380309523809524,0.23432142857142857,0.25331428571428577,0.25085952380952375,0.24561666666666662,0.26011666666666666,0.25293333333333334,0.2657833333333333,0.2966945578231292,0.2960850340136054,0.2937360544217687,0.294161224489796,0.2956319727891157,0.3006802721088435,0.2981503401360544,0.29769387755102045,0.29572585034013604,0.3003510204081633,0.2996163265306122,0.299952380952381,0.30940068027210876,0.3075775510204081,0.30740476190476196,Male,7,5-7,Elementary,C,C,R16C30m7_info1_250Hz_gu2_AEP.conn
R16ME08_F10,R16me08_f10_info1_250Hz_gu3_AEP.conn,gu3,0.4539095238095238,0.45109047619047615,0.45311428571428575,0.4532380952380952,0.452847619047619,0.46226666666666666,0.463652380952381,0.4637238095238095,0.46427619047619045,0.458,0.46347619047619043,0.4647095238095238,0.48895714285714287,0.4896380952380952,0.4926285714285714,0.49229142857142866,0.4909742857142857,0.4907685714285715,0.49380857142857143,0.4968514285714285,0.5040714285714286,0.5026485714285714,0.49945428571428574,0.49859428571428566,0.4911028571428571,0.4894114285714285,0.49374857142857154,0.5109057142857142,0.50314,0.5090142857142858,0.3795257142857143,0.37931142857142863,0.3791342857142857,0.3802628571428571,0.38058571428571425,0.38378,0.38351999999999997,0.3828457142857143,0.38319714285714285,0.37839428571428574,0.37676,0.37802857142857144,0.38715142857142854,0.3833371428571429,0.3832028571428571,0.37485102040816326,0.37616836734693876,0.3782,0.37871428571428567,0.37946938775510203,0.3820071428571428,0.38102244897959187,0.3837734693877551,0.3865295918367347,0.38303367346938766,0.38411938775510207,0.3782969387755103,0.3846714285714286,0.38718061224489786,0.38123775510204083,0.33650714285714284,0.3384952380952381,0.33705,0.3312880952380952,0.3293023809523809,0.344697619047619,0.3467166666666666,0.34454761904761905,0.3429928571428571,0.3508952380952381,0.3502214285714285,0.34662857142857145,0.3513690476190476,0.35061666666666663,0.3470904761904761,0.41671156462585024,0.4160897959183673,0.4149387755102041,0.41422244897959193,0.4147285714285714,0.4171646258503401,0.4162551020408164,0.4172891156462586,0.41836870748299326,0.42304149659863943,0.4186999999999999,0.4184510204081633,0.4265428571428571,0.42679455782312914,0.42687142857142846,Female,10,8-12,Elementary,C,C,R16me08_f10_info1_250Hz_gu2_AEP.conn
R16C12G7,R16C12g7_info1_250Hz_gu3_AEP.conn,gu3,0.17739047619047618,0.1750238095238095,0.1755047619047619,0.17456666666666665,0.17619047619047615,0.18052857142857145,0.17911904761904762,0.18207142857142858,0.18145714285714287,0.18072857142857143,0.18377619047619045,0.18639523809523809,0.22593333333333332,0.22920952380952384,0.23088095238095238,0.2958485714285714,0.29637142857142856,0.2990771428571429,0.2979057142857143,0.2957199999999999,0.30470571428571425,0.3038,0.3043171428571429,0.3026971428571429,0.3039485714285714,0.30576,0.30621428571428577,0.33448571428571433,0.3339085714285714,0.34082285714285715,0.2564828571428571,0.25934285714285715,0.25738,0.25360285714285713,0.2542457142857143,0.25913142857142857,0.2586685714285714,0.2608971428571429,0.26198571428571427,0.2533142857142857,0.2516971428571429,0.2505514285714286,0.25098000000000004,0.25342857142857145,0.2562657142857143,0.1688602040816327,0.17000612244897959,0.16976020408163264,0.16779591836734695,0.16702551020408166,0.17399081632653063,0.17213979591836734,0.17107653061224487,0.1682734693877551,0.16553469387755101,0.16652448979591836,0.1640387755102041,0.16648469387755105,0.1660908163265306,0.16416020408163265,0.23286190476190474,0.23196428571428573,0.23376428571428573,0.23587619047619046,0.23417142857142856,0.24436904761904765,0.23945238095238097,0.2360595238095238,0.23093809523809525,0.2356690476190476,0.23718571428571425,0.23928333333333332,0.23697857142857146,0.2338380952380952,0.23170000000000002,0.25346598639455786,0.2522632653061224,0.2513544217687075,0.24998911564625848,0.25022653061224487,0.25263129251700683,0.25281768707483,0.24996938775510205,0.2486013605442177,0.2604081632653061,0.26082857142857147,0.2597122448979592,0.2629081632653061,0.26085782312925176,0.26410748299319725,Female,7,5-7,Elementary,C,C,R16C12g7_info1_250Hz_gu2_AEP.conn
R16C38G6,R16C38g6_info1_250Hz_gu3_AEP.conn,gu3,0.198247619047619,0.20143809523809522,0.21175714285714287,0.22308095238095238,0.2232857142857143,0.2116904761904762,0.21407142857142858,0.2122238095238095,0.20676190476190479,0.19864285714285712,0.2101666666666667,0.22054285714285715,0.25311904761904763,0.2508714285714286,0.24038095238095236,0.2545,0.25680000000000003,0.26782285714285714,0.2719114285714285,0.26784857142857144,0.2464714285714286,0.2537142857142857,0.2662285714285714,0.25898,0.25810285714285713,0.2695885714285714,0.26858000000000004,0.28464,0.2926485714285714,0.2939628571428571,0.23986000000000002,0.24366285714285713,0.2460485714285714,0.24502571428571426,0.24110857142857145,0.2197542857142857,0.22395142857142858,0.22575714285714282,0.2259314285714286,0.23662,0.2357942857142857,0.23365714285714287,0.22669999999999998,0.22480000000000003,0.22511714285714288,0.20955510204081632,0.20529795918367344,0.20378265306122453,0.20858877551020405,0.21345612244897957,0.2141765306122449,0.21131938775510203,0.21058367346938775,0.21206020408163265,0.206134693877551,0.2058367346938775,0.2142704081632653,0.22248877551020407,0.22215612244897961,0.21588163265306118,0.16122380952380952,0.15589761904761903,0.1622714285714286,0.17412142857142854,0.17959047619047622,0.17223333333333335,0.16869761904761904,0.1724904761904762,0.17522380952380953,0.16126666666666667,0.16769285714285712,0.17798809523809522,0.16930238095238095,0.17228571428571426,0.1633238095238095,0.2615462585034014,0.2621591836734694,0.26129319727891154,0.26319591836734696,0.2631537414965986,0.2556727891156463,0.2546088435374149,0.25442857142857145,0.25872312925170066,0.268178231292517,0.2665020408163265,0.26713877551020404,0.2678687074829932,0.2664578231292517,0.27101700680272106,Female,6,5-7,Elementary,C,C,R16C38g6_info1_250Hz_gu2_AEP.conn
R16C27M9,R16C27m9_info1_250Hz_gu3_AEP.conn,gu3,0.11721428571428572,0.11342857142857142,0.10783809523809525,0.10638095238095237,0.10062857142857141,0.11783809523809524,0.12077619047619048,0.12207619047619045,0.11902857142857144,0.11964761904761904,0.11471904761904761,0.11310476190476189,0.16517619047619048,0.16771904761904763,0.16081428571428572,0.2753257142857143,0.27605999999999997,0.2745742857142857,0.2736171428571429,0.2718257142857142,0.27406285714285716,0.27334571428571425,0.2734342857142857,0.2769628571428571,0.2822714285714286,0.2818514285714286,0.2801542857142857,0.30926571428571425,0.30920285714285717,0.3119571428571428,0.28297428571428573,0.2827942857142857,0.28541142857142854,0.28762571428571426,0.29059142857142856,0.28742,0.2861228571428571,0.28235714285714286,0.2812857142857143,0.2754885714285714,0.2806314285714286,0.2834285714285715,0.28655714285714284,0.28300000000000003,0.2798171428571429,0.22820918367346935,0.22954693877551027,0.23009183673469394,0.2301214285714286,0.2299683673469388,0.22331530612244896,0.2265428571428571,0.22961428571428572,0.23213163265306122,0.2287826530612245,0.2315438775510204,0.23309897959183676,0.2246857142857143,0.22807551020408165,0.23282653061224487,0.18845238095238095,0.19433809523809523,0.1957738095238095,0.1962142857142857,0.19352619047619046,0.1966,0.19688095238095238,0.1962047619047619,0.1944404761904762,0.19952857142857142,0.19948333333333332,0.2005785714285714,0.19641904761904763,0.19526666666666667,0.19765714285714284,0.2321312925170068,0.23142925170068032,0.2310510204081633,0.23145238095238096,0.23193877551020411,0.23432380952380952,0.23365102040816327,0.23405986394557826,0.23540952380952376,0.23911768707482992,0.23749387755102044,0.23781020408163261,0.24445238095238095,0.2446789115646259,0.24058775510204083,Male,9,8-12,Elementary,C,C,R16C27m9_info1_250Hz_gu2_AEP.conn
R16C24B7,R16C24b7_info1_250Hz_gu3_AEP.conn,gu3,0.21246190476190477,0.22005238095238097,0.22355238095238097,0.2220095238095238,0.21635238095238093,0.20129047619047621,0.20365238095238092,0.20676666666666668,0.20924285714285715,0.22355238095238095,0.22549523809523808,0.22062380952380953,0.2451,0.24487619047619047,0.2597904761904762,0.30648857142857144,0.3044257142857143,0.3015571428571429,0.2999257142857143,0.30324,0.31395142857142855,0.3133971428571428,0.3131685714285714,0.3105285714285714,0.3140742857142857,0.3103485714285714,0.3116885714285714,0.34355142857142856,0.3410742857142858,0.34320285714285714,0.35371142857142857,0.35264285714285715,0.3520085714285714,0.3561371428571428,0.35757142857142854,0.35901714285714287,0.3560714285714286,0.35732285714285716,0.3598742857142857,0.36383714285714286,0.36034571428571427,0.3669485714285714,0.36368857142857136,0.3633,0.3656114285714286,0.21878775510204082,0.21950408163265303,0.22004795918367345,0.2202204081632653,0.21795816326530612,0.2217632653061225,0.21930204081632657,0.21696836734693875,0.21777959183673465,0.22027040816326532,0.21992959183673472,0.22019285714285713,0.2176989795918367,0.21662244897959185,0.21917346938775514,0.22438809523809525,0.2258404761904762,0.22287380952380953,0.22340000000000002,0.2243452380952381,0.2284738095238095,0.22657380952380948,0.2265642857142857,0.22547380952380955,0.23035238095238095,0.2252833333333333,0.22604285714285713,0.2248690476190476,0.22578571428571426,0.21912142857142858,0.27927619047619046,0.28004489795918375,0.2802129251700681,0.28007755102040816,0.27989251700680273,0.2812068027210884,0.28012448979591836,0.27876190476190477,0.2786387755102041,0.2854795918367347,0.28573197278911566,0.2856809523809523,0.2860251700680272,0.28560340136054424,0.2811823129251702,Male,7,5-7,Elementary,C,C,R16C24b7_info1_250Hz_gu2_AEP.conn
R16C37B6,R16C37b6_info1_250Hz_gu3_AEP.conn,gu3,0.2150142857142857,0.2183952380952381,0.21453809523809522,0.20920952380952382,0.20471428571428574,0.20444285714285715,0.19387142857142856,0.19775238095238099,0.206,0.2117,0.2069761904761905,0.20395714285714284,0.24193809523809526,0.2413047619047619,0.24479523809523815,0.32982285714285714,0.33971142857142855,0.33897428571428573,0.3395485714285714,0.3375285714285714,0.32219714285714285,0.31724571428571424,0.32917142857142856,0.34028285714285716,0.34617714285714285,0.34018,0.33926,0.3463571428571429,0.3476685714285714,0.36056571428571427,0.2721942857142857,0.2840314285714286,0.2904342857142857,0.29277142857142857,0.2894914285714286,0.2778342857142857,0.28274285714285713,0.28677428571428576,0.28357428571428567,0.28422285714285717,0.29120285714285715,0.29215142857142856,0.28813714285714287,0.29003999999999996,0.29541428571428574,0.1836540816326531,0.18113469387755105,0.17716836734693878,0.17451326530612246,0.17455204081632658,0.18595306122448976,0.1862887755102041,0.18279081632653063,0.1820193877551021,0.18272551020408165,0.1791428571428571,0.17472244897959183,0.18314285714285708,0.17961836734693876,0.181819387755102,0.25389285714285714,0.255047619047619,0.2514190476190476,0.252097619047619,0.2544071428571429,0.24386666666666668,0.24892619047619047,0.2545857142857143,0.2499214285714286,0.24939761904761903,0.24816666666666667,0.24791428571428567,0.2482238095238095,0.2560428571428571,0.24848095238095236,0.28837414965986397,0.2874911564625851,0.288504081632653,0.2886136054421769,0.2886748299319728,0.29143741496598635,0.29117414965986393,0.29216394557823133,0.29244897959183674,0.29765374149659857,0.29912789115646266,0.2994918367346938,0.3037224489795918,0.3036122448979591,0.30672244897959183,Male,6,5-7,Elementary,C,C,R16C37b6_info1_250Hz_gu2_AEP.conn
R16C16B07,R16C16b07_info1_250Hz_gu3_AEP.conn,gu3,0.213647619047619,0.21532380952380956,0.2128285714285714,0.20685714285714285,0.19490952380952378,0.20861904761904762,0.21647142857142854,0.21427619047619048,0.20765714285714287,0.20893333333333333,0.20777142857142858,0.20256666666666667,0.2379,0.23727619047619045,0.22826666666666665,0.31669714285714284,0.31425142857142857,0.3141228571428571,0.3131399999999999,0.31530285714285716,0.3082542857142857,0.30951999999999996,0.30870857142857144,0.3092142857142857,0.3220428571428572,0.32162285714285715,0.3153714285714286,0.3422457142857144,0.34099142857142856,0.34075714285714287,0.2990371428571429,0.30096,0.3011028571428571,0.29399142857142857,0.28827714285714284,0.29458857142857137,0.29749714285714285,0.29611714285714286,0.29081428571428575,0.2996742857142857,0.3008571428571428,0.2921742857142857,0.29599142857142857,0.2948257142857143,0.2904485714285714,0.2305142857142857,0.22957142857142854,0.22756530612244896,0.224819387755102,0.2197938775510204,0.2324612244897959,0.22796224489795922,0.22026632653061223,0.21675102040816327,0.22951836734693876,0.2283142857142857,0.2314173469387755,0.22810102040816327,0.22241938775510203,0.23331530612244894,0.20243809523809522,0.20070714285714283,0.1963809523809524,0.19286666666666666,0.18983095238095238,0.20750000000000002,0.20313095238095244,0.19771666666666665,0.19245714285714285,0.2147904761904762,0.2089238095238095,0.20379285714285714,0.2078952380952381,0.2043904761904762,0.2119452380952381,0.27017891156462587,0.2702000000000001,0.2717823129251699,0.27169183673469394,0.2709775510204081,0.2661122448979592,0.2633122448979592,0.26239931972789104,0.26261972789115645,0.27281564625850346,0.27682857142857137,0.2775414965986394,0.2729734693877551,0.27270204081632654,0.2775136054421769,Male,7,5-7,Elementary,C,C,R16C16b07_info1_250Hz_gu2_AEP.conn
R16M08B09,R16M08b09_info1_250Hz_gu3_AEP.conn,gu3,0.1308095238095238,0.13343333333333332,0.1359904761904762,0.12985238095238097,0.1306238095238095,0.13333809523809523,0.13259047619047618,0.1340809523809524,0.1376238095238095,0.13422857142857142,0.13466190476190476,0.1306904761904762,0.17806666666666668,0.1788809523809524,0.17820952380952382,0.2794142857142857,0.2799771428571428,0.28191142857142854,0.28478000000000003,0.28714,0.28568571428571427,0.28562571428571426,0.28702000000000005,0.28845714285714286,0.2819628571428571,0.28368571428571426,0.2857485714285714,0.3141971428571429,0.31399428571428567,0.3147114285714286,0.31253142857142857,0.31267142857142854,0.3106971428571429,0.3123971428571429,0.31079142857142855,0.3130657142857143,0.31131714285714285,0.31428,0.3128685714285714,0.3118971428571428,0.3103828571428571,0.30986,0.3133114285714286,0.31591142857142857,0.3134228571428571,0.2376214285714286,0.23717142857142856,0.23780612244897958,0.241080612244898,0.24137244897959184,0.23786122448979594,0.23803469387755108,0.23628367346938778,0.23646224489795917,0.2367734693877551,0.2383091836734694,0.24106734693877555,0.23695816326530617,0.2372469387755102,0.23875612244897956,0.22240000000000001,0.22109761904761904,0.21768095238095242,0.21817142857142857,0.2195095238095238,0.21740952380952383,0.21525238095238095,0.2109833333333333,0.2105095238095238,0.2153333333333333,0.21276666666666666,0.2117595238095238,0.21238095238095236,0.20522142857142855,0.20991666666666667,0.28152448979591843,0.2830904761904762,0.2812891156462585,0.28104829931972786,0.28443673469387754,0.2812748299319728,0.28091360544217686,0.28209523809523807,0.28373129251700685,0.2882061224489796,0.2866972789115646,0.2876054421768708,0.2896836734693877,0.29031632653061223,0.2887557823129252,Male,9,8-12,Elementary,C,C,R16M08b09_info1_250Hz_gu2_AEP.conn
R16C07G9,R16C07g9_info1_250Hz_gu3_AEP.conn,gu3,0.22418095238095237,0.2263952380952381,0.22701428571428572,0.22438095238095238,0.22456666666666666,0.22674285714285713,0.22976190476190475,0.2294952380952381,0.23014761904761905,0.23146190476190479,0.23248571428571427,0.2258,0.27540000000000003,0.2726190476190476,0.27086190476190475,0.4017257142857143,0.3996028571428572,0.3974257142857144,0.39715142857142854,0.40038285714285715,0.4025742857142857,0.39719142857142853,0.3928342857142857,0.39489142857142856,0.40174571428571426,0.3997828571428571,0.4010971428571429,0.42289999999999994,0.4208971428571428,0.42329142857142854,0.42006,0.41506571428571426,0.41292,0.4117857142857143,0.4118085714285714,0.4264314285714286,0.42390285714285714,0.42302285714285714,0.42270571428571435,0.42147428571428575,0.42041428571428563,0.42264,0.42404000000000003,0.4254085714285714,0.42710857142857145,0.289330612244898,0.2880979591836735,0.28590816326530616,0.2839357142857143,0.2805969387755102,0.2769244897959183,0.27763571428571426,0.27700918367346933,0.27821632653061223,0.2852224489795918,0.2847683673469387,0.2792255102040816,0.2677704081632653,0.26805918367346937,0.27320102040816324,0.21885238095238094,0.22275238095238095,0.22134761904761904,0.21966190476190475,0.21838809523809524,0.22466428571428573,0.22108095238095238,0.2176595238095238,0.21573809523809526,0.21996904761904765,0.2193238095238095,0.21734285714285714,0.2201047619047619,0.21604285714285718,0.2249952380952381,0.31708367346938776,0.32125850340136053,0.3242442176870749,0.32430952380952377,0.3209578231292517,0.31901972789115646,0.3223442176870749,0.32472108843537417,0.3240278911564626,0.3260836734693877,0.32759319727891156,0.3276619047619048,0.32860272108843536,0.3310299319727892,0.33161632653061224,Female,9,8-12,Elementary,C,C,R16C07g9_info1_250Hz_gu2_AEP.conn
R16C04B13,R16C04b13_info1_250Hz_gu3_AEP.conn,gu3,0.2237190476190476,0.22525714285714285,0.22578571428571434,0.22483809523809528,0.22075238095238095,0.22606666666666664,0.22504761904761902,0.22225714285714285,0.21813333333333332,0.21963333333333335,0.22113333333333332,0.21929999999999997,0.26416190476190476,0.2617904761904762,0.2638238095238095,0.3597742857142857,0.3600657142857143,0.3609971428571428,0.3630857142857143,0.3615514285714286,0.35292285714285715,0.35294857142857144,0.3576114285714286,0.35764,0.36118857142857147,0.36234,0.3616657142857143,0.3795,0.38133999999999996,0.39203142857142864,0.2976342857142857,0.3011657142857143,0.30437142857142857,0.30824285714285715,0.3103457142857143,0.30182285714285706,0.3069571428571428,0.30860571428571426,0.3050342857142857,0.3033457142857142,0.30736571428571424,0.30492571428571424,0.29925999999999997,0.2994342857142857,0.3054057142857143,0.2924367346938776,0.2918193877551021,0.2932275510204082,0.29691122448979584,0.2977775510204082,0.2986704081632653,0.29772959183673464,0.2992724489795918,0.29998673469387754,0.2985816326530612,0.29809591836734695,0.29733673469387745,0.29367551020408167,0.2945438775510204,0.29394795918367345,0.2850047619047619,0.2836309523809524,0.27993333333333337,0.28282619047619045,0.2856,0.29185476190476195,0.29075238095238093,0.2871095238095238,0.2855857142857143,0.29015714285714284,0.28779285714285713,0.2896166666666667,0.2936095238095238,0.28845952380952383,0.29427380952380955,0.2830251700680272,0.28372925170068025,0.2847530612244898,0.2848653061224489,0.285665306122449,0.2817619047619048,0.2827061224489796,0.28268163265306123,0.28236462585034017,0.28801224489795924,0.2880333333333333,0.288543537414966,0.2931027210884354,0.29340204081632654,0.2940680272108844,Male,13,Teen,Secondary,C,C,R16C04b13_info1_250Hz_gu2_AEP.conn
R16TEEN5CB16,R16Teen5Cb16_info1_250Hz_gu3_AEP.conn,gu3,0.26902380952380955,0.26772380952380953,0.26876190476190476,0.2607904761904762,0.25375714285714285,0.26955714285714283,0.2683047619047619,0.26613809523809523,0.26243333333333335,0.2751047619047619,0.2756476190476191,0.27302380952380956,0.3183714285714285,0.318547619047619,0.3221142857142857,0.4028428571428571,0.4029342857142858,0.3986828571428571,0.39380857142857145,0.3889228571428571,0.39194285714285715,0.3935828571428571,0.3963028571428572,0.39249428571428574,0.40750857142857144,0.40368571428571426,0.4010771428571428,0.42171714285714285,0.42448857142857144,0.4292342857142858,0.3874714285714286,0.38356,0.3813514285714285,0.38346,0.3834228571428571,0.3791457142857143,0.3790885714285714,0.37533714285714287,0.37961428571428574,0.3729971428571429,0.36957428571428574,0.3700828571428571,0.3670342857142857,0.36347428571428575,0.35798571428571424,0.24739387755102035,0.24663775510204083,0.24690816326530612,0.24841122448979588,0.249884693877551,0.24637959183673472,0.249319387755102,0.25193469387755096,0.2532030612244898,0.2508112244897959,0.25106938775510196,0.25620306122448977,0.24982244897959188,0.2514112244897959,0.25547448979591836,0.3752333333333333,0.3761190476190477,0.37297857142857144,0.3744095238095238,0.3741952380952382,0.3710857142857143,0.37267619047619044,0.3730761904761904,0.37021666666666664,0.38865476190476195,0.3871880952380953,0.3882309523809524,0.38099761904761903,0.37853571428571425,0.3945404761904761,0.340221768707483,0.3460047619047619,0.3472380952380952,0.34748299319727893,0.3445204081632654,0.3351054421768708,0.3329108843537415,0.33175034013605437,0.33276666666666666,0.34812993197278913,0.34904353741496597,0.34951700680272113,0.3413462585034013,0.3407721088435374,0.3432761904761904,Male,16,Teen,Secondary,C,C,R16Teen5Cb16_info1_250Hz_gu2_AEP.conn
CSD499K07F21,CSD499K07f21_info1_250Hz_gu3_AEP.conn,gu3,0.19857142857142854,0.20187619047619046,0.20201904761904763,0.2039952380952381,0.2088095238095238,0.1960142857142857,0.19989999999999997,0.2036904761904762,0.2039952380952381,0.1997047619047619,0.19961428571428572,0.20086190476190477,0.2459190476190476,0.24445714285714285,0.24142857142857144,0.32485142857142857,0.32358571428571425,0.3235257142857143,0.32213142857142857,0.3205742857142857,0.3127371428571429,0.31366285714285713,0.3141171428571429,0.31168571428571423,0.32071142857142854,0.3217428571428571,0.32134285714285715,0.34258,0.3393342857142857,0.3431742857142857,0.26651142857142857,0.2653828571428571,0.2657628571428571,0.2634914285714286,0.26663714285714285,0.25802285714285716,0.25411428571428574,0.25464285714285717,0.25685428571428565,0.2644685714285714,0.26117714285714283,0.2569028571428572,0.25372,0.25246,0.25842571428571426,0.19528979591836734,0.19582857142857146,0.19493061224489797,0.19496632653061224,0.1958469387755102,0.1996744897959184,0.1986418367346939,0.1977051020408163,0.19608367346938774,0.20160816326530615,0.20007551020408165,0.20030816326530612,0.2045132653061224,0.2034959183673469,0.2052673469387755,0.2947119047619048,0.29863333333333336,0.2985309523809524,0.2984,0.2990547619047619,0.28874047619047616,0.29024047619047616,0.29139523809523804,0.29560714285714285,0.3007190476190477,0.3036357142857143,0.30470238095238095,0.2994547619047619,0.3019428571428571,0.31071666666666664,0.30841700680272116,0.30913333333333337,0.30951564625850336,0.3079897959183673,0.3059755102040817,0.3076795918367347,0.30902789115646256,0.3072897959183674,0.3060462585034014,0.3144326530612245,0.3150081632653062,0.3140721088435374,0.3189176870748299,0.31730408163265306,0.31972721088435374,Female,21,Teen,Tertiary,S,NC,CSD499K07f21_info1_250Hz_gu2_AEP.conn
CSD499B8F21,CSD499B8f21_info1_250Hz_gu3_AEP.conn,gu3,0.12785714285714286,0.12293333333333334,0.12437142857142858,0.12415238095238096,0.12004285714285713,0.11885238095238095,0.11618095238095238,0.11617619047619047,0.1195047619047619,0.12384761904761904,0.12356190476190476,0.11824761904761905,0.15711428571428573,0.15444761904761903,0.15821904761904762,0.2411,0.2415914285714286,0.23921142857142857,0.23685428571428574,0.23528000000000002,0.23368000000000003,0.2352257142857143,0.2325,0.23128,0.24417428571428573,0.24216,0.23618571428571428,0.25983142857142855,0.26018285714285716,0.2654714285714286,0.25916,0.2595342857142857,0.25693714285714286,0.25866,0.2637085714285714,0.2558542857142857,0.25258857142857144,0.25304000000000004,0.2552657142857143,0.26952000000000004,0.26816285714285715,0.26868,0.2524371428571428,0.2502257142857143,0.2625857142857143,0.20456224489795916,0.2078734693877551,0.20696734693877547,0.20222551020408158,0.20119897959183672,0.207469387755102,0.2086673469387755,0.2074785714285714,0.20544387755102042,0.20998877551020406,0.20674081632653066,0.20205918367346934,0.20909081632653065,0.20721734693877553,0.2043857142857143,0.19441428571428573,0.19449523809523808,0.19263809523809525,0.1965309523809524,0.19325,0.19072142857142857,0.19151666666666667,0.19073809523809526,0.18753095238095238,0.19140238095238096,0.18854523809523813,0.19216666666666668,0.1849357142857143,0.1829047619047619,0.18731190476190476,0.2717598639455782,0.27284217687074835,0.27311768707482986,0.26921904761904764,0.26517210884353737,0.26458775510204086,0.2645469387755102,0.2649197278911565,0.2634775510204082,0.2731523809523809,0.27242857142857146,0.26802312925170074,0.2683176870748299,0.2669843537414966,0.2710156462585034,Female,21,Teen,Tertiary,S,NC,CSD499B8f21_info1_250Hz_gu2_AEP.conn
CSD499AH10F21,CSD499AH10f21_info1_250Hz_gu3_AEP.conn,gu3,0.2491952380952381,0.25394761904761903,0.2517142857142857,0.25006190476190476,0.24883333333333332,0.25602380952380954,0.2601238095238095,0.26015238095238097,0.2612142857142857,0.2495333333333333,0.25166666666666665,0.2537761904761905,0.2888904761904762,0.2898476190476191,0.2882238095238095,0.37691142857142856,0.37830285714285716,0.37896,0.3826571428571429,0.38419714285714285,0.38663142857142857,0.3826314285714286,0.38263428571428576,0.38009999999999994,0.37159142857142863,0.37020571428571436,0.37401142857142855,0.39242285714285713,0.38886571428571426,0.3913885714285715,0.28666,0.28907142857142853,0.2892485714285714,0.2938542857142857,0.2886714285714286,0.2902,0.2902828571428571,0.2908428571428571,0.29321142857142857,0.2905771428571428,0.28794,0.29151714285714286,0.2869114285714286,0.28556857142857145,0.2929942857142857,0.21118775510204085,0.2110918367346939,0.210969387755102,0.2103081632653061,0.21001632653061228,0.21000816326530614,0.20915918367346942,0.21167653061224487,0.2144724489795918,0.21124591836734694,0.21050306122448978,0.20858469387755105,0.2109010204081633,0.21032346938775512,0.20948061224489795,0.22817142857142858,0.22794761904761904,0.22752142857142857,0.22505476190476192,0.2237904761904762,0.21930238095238097,0.22280714285714284,0.2253785714285714,0.22358809523809522,0.2144952380952381,0.21840952380952383,0.21793809523809524,0.20600952380952378,0.20928333333333335,0.20168333333333333,0.2709673469387755,0.2700387755102041,0.26812789115646257,0.26786734693877545,0.2672380952380952,0.2736714285714286,0.2721489795918367,0.26973061224489797,0.2696904761904761,0.2791897959183674,0.2763122448979592,0.2755183673469388,0.2816544217687075,0.27852040816326534,0.2815435374149659,Female,21,Teen,Tertiary,E,NC,CSD499AH10f21_info1_250Hz_gu2_AEP.conn
CSD499AB04G21,CSD499AB04g21_info1_250Hz_gu3_AEP.conn,gu3,0.15287619047619047,0.1549095238095238,0.15530476190476192,0.15743333333333334,0.1628047619047619,0.16298571428571426,0.16423809523809527,0.1620095238095238,0.15798095238095236,0.1490904761904762,0.1495142857142857,0.1507666666666667,0.2065190476190476,0.20455238095238096,0.1928142857142857,0.3133171428571428,0.3105485714285715,0.3099057142857143,0.3169428571428572,0.32202571428571425,0.3127142857142857,0.3174257142857143,0.3205857142857143,0.32368857142857144,0.3103542857142857,0.31136857142857144,0.31725714285714285,0.3355,0.34389714285714285,0.34224,0.3158657142857143,0.31955428571428574,0.3208485714285714,0.32323142857142856,0.32012,0.3201342857142857,0.32252571428571425,0.3240828571428571,0.3299971428571428,0.3198,0.3238,0.3278828571428571,0.3269971428571429,0.32804857142857136,0.31910571428571427,0.2328397959183674,0.23159897959183676,0.23075714285714286,0.23270102040816323,0.2332020408163265,0.23298469387755105,0.23316632653061223,0.23274081632653063,0.23340408163265303,0.23399285714285714,0.23408877551020413,0.2361561224489796,0.24220102040816327,0.24098163265306125,0.23903061224489797,0.2147095238095238,0.21236666666666668,0.20988571428571431,0.20650476190476189,0.2082547619047619,0.2049214285714286,0.21128095238095237,0.2121238095238095,0.21118095238095236,0.21812380952380953,0.21714761904761903,0.2155809523809524,0.21513809523809524,0.21635714285714283,0.2201642857142857,0.2718836734693878,0.2732591836734694,0.2757503401360545,0.2773789115646259,0.276991156462585,0.2764544217687075,0.2778312925170068,0.281595918367347,0.2804714285714286,0.2780979591836735,0.2803578231292517,0.28215578231292515,0.28547142857142865,0.28906462585034015,0.2821210884353742,Female,21,Teen,Tertiary,A,NC,CSD499AB04g21_info1_250Hz_gu2_AEP.conn
CSD499LS06F20,CSD499LS06f20_info1_250Hz_gu3_AEP.conn,gu3,0.21772857142857147,0.21606666666666663,0.21668571428571426,0.22052380952380954,0.2259190476190476,0.21009999999999998,0.21312380952380958,0.21932857142857143,0.22581428571428572,0.21539523809523808,0.21735714285714283,0.22208095238095238,0.24777619047619048,0.2547857142857143,0.24954285714285715,0.32779142857142857,0.32736571428571426,0.3293371428571429,0.33483714285714283,0.33749142857142855,0.3252028571428571,0.3239885714285714,0.3278114285714286,0.33474000000000004,0.32618857142857144,0.3281914285714286,0.33243999999999996,0.34609999999999996,0.34785714285714286,0.35039428571428577,0.29015714285714284,0.2897914285714286,0.2914342857142857,0.2934942857142857,0.29636,0.28391142857142854,0.28350285714285717,0.2885114285714286,0.29452,0.28232285714285715,0.2855142857142857,0.28646,0.27387428571428574,0.28005142857142856,0.28256000000000003,0.1727704081632653,0.17233877551020407,0.1720612244897959,0.1731326530612245,0.1755030612244898,0.1752683673469388,0.17401428571428573,0.17408979591836737,0.17461224489795918,0.16952857142857147,0.1701091836734694,0.1776387755102041,0.1782642857142857,0.18002448979591837,0.1764510204081633,0.2157166666666667,0.21606190476190476,0.21614999999999998,0.2175904761904762,0.21997619047619046,0.21205952380952378,0.21111428571428573,0.2117095238095238,0.21179523809523812,0.2177666666666667,0.2199928571428571,0.22372857142857142,0.21627142857142856,0.21622142857142856,0.2202547619047619,0.2745197278911565,0.27493401360544223,0.27590000000000003,0.2770442176870748,0.2763986394557823,0.2711156462585034,0.27340612244897955,0.2753312925170068,0.27493537414965985,0.276265306122449,0.277578231292517,0.2793646258503401,0.28647346938775503,0.2871666666666667,0.2847761904761905,Female,20,Teen,Tertiary,S,NC,CSD499LS06f20_info1_250Hz_gu2_AEP.conn
R16P02C_G16,R16P02C_g16_info1_250Hz_gu3_AEP.conn,gu3,0.13796190476190476,0.14065714285714284,0.14763809523809523,0.14924285714285715,0.14927142857142858,0.12921904761904762,0.13649999999999998,0.14652857142857142,0.1525952380952381,0.13581428571428572,0.14518095238095238,0.1484714285714286,0.18198571428571428,0.1888904761904762,0.18727142857142862,0.27625428571428573,0.27372571428571435,0.2753028571428572,0.2734714285714286,0.2740571428571429,0.2732257142857143,0.27377142857142855,0.27757714285714286,0.27738857142857143,0.27061999999999997,0.2741257142857143,0.27732,0.30154571428571425,0.30337142857142857,0.30169428571428575,0.32778857142857143,0.3290342857142857,0.32820571428571427,0.3232685714285714,0.3181228571428571,0.32925142857142864,0.32781714285714286,0.32550285714285715,0.3228028571428571,0.3218371428571429,0.3219485714285714,0.3227428571428571,0.32563142857142857,0.3238,0.3292285714285715,0.2421622448979592,0.24031938775510206,0.23771632653061228,0.2374571428571429,0.2378857142857143,0.246865306122449,0.24690102040816325,0.24361122448979594,0.2417479591836735,0.24246836734693883,0.24010102040816328,0.23822040816326526,0.24608979591836738,0.24571530612244902,0.24287959183673472,0.29775476190476186,0.29735,0.29745952380952373,0.2965357142857143,0.2957595238095238,0.30704523809523815,0.3038857142857143,0.29932857142857144,0.2951190476190476,0.3119547619047619,0.31201428571428574,0.30984523809523806,0.30700952380952384,0.303997619047619,0.3093309523809524,0.28864557823129244,0.2896959183673469,0.2900170068027211,0.2902897959183674,0.28990340136054416,0.290708843537415,0.2904632653061224,0.2904231292517007,0.29140000000000005,0.3008258503401361,0.29862380952380957,0.29785034013605444,0.2996333333333333,0.29943129251700684,0.30317687074829935,Female,16,Teen,Secondary,C,C,R16P02C_g16_info1_250Hz_gu2_AEP.conn
CSD499DV04F21,CSD499DV04f21_info1_250Hz_gu3_AEP.conn,gu3,0.2719428571428572,0.2804523809523809,0.2845333333333333,0.28259523809523807,0.27793333333333337,0.27011904761904765,0.2706904761904762,0.27478095238095235,0.2784190476190476,0.2757857142857143,0.27784761904761907,0.27778571428571425,0.3066857142857143,0.31014761904761906,0.30557619047619045,0.38615714285714287,0.39029428571428576,0.39140857142857144,0.39264857142857146,0.3905485714285714,0.38977999999999996,0.39400571428571435,0.3977857142857143,0.40122857142857143,0.38988,0.3906314285714286,0.39396571428571425,0.41888571428571436,0.41793142857142856,0.42017428571428567,0.34449142857142856,0.34322,0.34142285714285714,0.34076285714285715,0.3405485714285714,0.34191714285714286,0.33961714285714284,0.3417171428571429,0.34411142857142857,0.3416971428571428,0.3374,0.33930285714285713,0.35292,0.35320571428571423,0.3474342857142857,0.24500510204081632,0.24242755102040817,0.2397438775510204,0.2394969387755102,0.2422612244897959,0.23800816326530613,0.2366734693877551,0.2390438775510204,0.23991428571428572,0.23583877551020407,0.23425204081632653,0.2343285714285714,0.2374857142857143,0.2413734693877551,0.24077755102040818,0.29259523809523813,0.294347619047619,0.2970333333333333,0.296947619047619,0.29207619047619054,0.29115238095238094,0.2940595238095238,0.2977619047619048,0.2994833333333333,0.2972619047619048,0.3000214285714286,0.30315714285714285,0.30405952380952384,0.3070285714285714,0.30446190476190477,0.34619795918367346,0.3468578231292518,0.34531700680272104,0.3440292517006803,0.3402741496598639,0.3455455782312925,0.3471353741496598,0.3472619047619048,0.3462183673469387,0.35331700680272105,0.35309591836734694,0.3516605442176871,0.3570047619047618,0.3574659863945578,0.3550108843537415,Female,21,Teen,Tertiary,S,NC,CSD499DV04f21_info1_250Hz_gu2_AEP.conn
CSD499E9F21,CSD499E9f21_info1_250Hz_gu3_AEP.conn,gu3,0.15477142857142856,0.16345714285714286,0.16725714285714285,0.16814761904761907,0.16957619047619046,0.16043333333333332,0.16812380952380954,0.16336666666666666,0.15924285714285716,0.1633619047619048,0.1587714285714286,0.1554,0.1892380952380952,0.18731428571428574,0.17823333333333335,0.3026314285714286,0.2992142857142857,0.30168,0.30747142857142856,0.30658857142857143,0.3059342857142857,0.30433714285714286,0.30100000000000005,0.30019142857142855,0.31489142857142854,0.31172857142857147,0.3068142857142857,0.32680857142857145,0.32529142857142856,0.32435142857142857,0.2782285714285714,0.2723742857142858,0.26950285714285716,0.27680285714285713,0.27847428571428573,0.28118,0.28240857142857145,0.2792257142857143,0.2790657142857143,0.27340285714285717,0.2729714285714286,0.2829542857142857,0.2792314285714286,0.2843171428571428,0.27986,0.21519387755102043,0.21786530612244895,0.22269387755102046,0.22854183673469392,0.2307877551020408,0.21186734693877549,0.2151673469387755,0.22316530612244898,0.22389897959183674,0.2181,0.22440000000000002,0.2342295918367347,0.21548367346938777,0.22442653061224488,0.2238948979591837,0.2412261904761905,0.24581666666666668,0.24678333333333335,0.24390714285714285,0.23995714285714284,0.24314761904761906,0.2417047619047619,0.23656190476190475,0.2297690476190476,0.24833571428571424,0.2476452380952381,0.24564285714285716,0.22893333333333335,0.2252261904761905,0.22578333333333334,0.2678068027210885,0.2721408163265306,0.2733210884353741,0.2729156462585034,0.27167619047619046,0.2624897959183673,0.2652523809523809,0.2675918367346939,0.27185850340136053,0.2740074829931973,0.27706938775510204,0.27939183673469387,0.2767666666666666,0.2806265306122449,0.28026938775510196,Female,21,Teen,Tertiary,E,NC,CSD499E9f21_info1_250Hz_gu2_AEP.conn
CSD499SL03F20,CSD499SL03F20_info1_250Hz_gu3_AEP.conn,gu3,0.19702857142857144,0.19993333333333332,0.20074761904761904,0.19899047619047616,0.19801904761904762,0.19203333333333336,0.1913,0.1922666666666667,0.19040476190476194,0.20174761904761906,0.20280476190476193,0.1999142857142857,0.23650000000000002,0.23689523809523805,0.24843333333333337,0.31548571428571426,0.31527714285714287,0.3129314285714285,0.3090428571428571,0.30922857142857146,0.31381714285714285,0.3125057142857143,0.30906,0.3082828571428572,0.30826285714285717,0.30756285714285714,0.30626,0.33324000000000004,0.3323771428571428,0.3312057142857142,0.27125714285714286,0.2696485714285714,0.26796000000000003,0.2643257142857143,0.2642542857142858,0.2705228571428572,0.2689685714285714,0.2660942857142857,0.26501428571428576,0.2683257142857142,0.26857142857142857,0.26730571428571426,0.2678,0.26668857142857144,0.26982285714285714,0.1991306122448979,0.20327346938775512,0.20529387755102044,0.2051704081632653,0.20351326530612246,0.20435612244897958,0.2094377551020408,0.20942346938775508,0.2073918367346939,0.20457857142857142,0.20729183673469387,0.20892959183673473,0.21117244897959184,0.2127071428571429,0.21252653061224486,0.2277785714285714,0.22900238095238093,0.2309809523809524,0.23411190476190477,0.23589523809523813,0.2351595238095238,0.23376904761904763,0.23189523809523807,0.23233809523809523,0.23739047619047615,0.2375857142857143,0.23876428571428568,0.2346666666666667,0.2307404761904762,0.23698095238095238,0.2690557823129252,0.2705925170068027,0.2717823129251701,0.2726204081632653,0.2707353741496598,0.27070136054421773,0.2715836734693877,0.271387074829932,0.2708421768707483,0.27910544217687083,0.2798727891156462,0.27992789115646255,0.2835836734693878,0.28322585034013603,0.2856877551020408,Female,20,Teen,Tertiary,S,NC,CSD499SL03F20_info1_250Hz_gu2_AEP.conn
NIH01C01B17,NIH01C01b17_info1_250Hz_gu3_AEP.conn,gu3,0.3106857142857143,0.30661428571428573,0.30755238095238097,0.3144333333333334,0.3240095238095238,0.3003190476190476,0.3143857142857143,0.32442857142857146,0.32204285714285713,0.31488571428571427,0.3125904761904762,0.3209142857142857,0.34477142857142856,0.35090952380952384,0.3475714285714286,0.4446171428571429,0.44558,0.4451142857142857,0.4443371428571429,0.44659714285714286,0.4507257142857143,0.4518885714285714,0.44717142857142866,0.43850285714285714,0.4446257142857143,0.44502857142857144,0.44416857142857147,0.45912857142857144,0.4538371428571429,0.46326285714285714,0.40267428571428565,0.3980371428571428,0.39026571428571427,0.38938,0.3886857142857143,0.39194571428571434,0.38645428571428575,0.38542571428571426,0.3868285714285714,0.3978542857142857,0.38888,0.3877542857142857,0.38793714285714287,0.38317428571428575,0.3924142857142857,0.348784693877551,0.3504836734693878,0.3416377551020408,0.3342724489795919,0.3341755102040817,0.35288571428571436,0.35379897959183676,0.34964591836734693,0.3383755102040817,0.35311020408163263,0.34383469387755106,0.33846122448979604,0.3555367346938776,0.3502244897959184,0.3460989795918367,0.4166714285714285,0.4107047619047619,0.4060095238095238,0.4013738095238095,0.4007880952380953,0.41181428571428574,0.4050071428571429,0.40363333333333334,0.4061452380952381,0.416,0.4155190476190476,0.41324999999999995,0.3954166666666666,0.3977714285714285,0.3998952380952381,0.35993673469387755,0.3592054421768708,0.35788299319727895,0.35790952380952384,0.3587176870748299,0.3616278911564626,0.35878435374149664,0.35793605442176873,0.3607530612244898,0.36342108843537413,0.36468911564625844,0.3657442176870748,0.3665979591836735,0.3669285714285715,0.3668156462585034,Male,17,Teen,Secondary,C,C,NIH01C01b17_info1_250Hz_gu2_AEP.conn
R16JY24B17,R16jy24b17_info1_250Hz_gu3_AEP.conn,gu3,0.14806666666666668,0.14166190476190477,0.1391857142857143,0.14237619047619046,0.14572380952380956,0.1528190476190476,0.14913333333333334,0.14202380952380952,0.14106190476190475,0.14054761904761906,0.13718571428571427,0.1384952380952381,0.18646190476190475,0.18145714285714284,0.1831095238095238,0.3139,0.31463714285714284,0.3159685714285714,0.3160628571428572,0.31693714285714286,0.32038,0.32096285714285716,0.3197914285714286,0.31993428571428567,0.31485142857142856,0.31801142857142856,0.32182857142857146,0.34846285714285713,0.3488342857142857,0.3528657142857143,0.29917999999999995,0.29384571428571427,0.29599714285714285,0.2956685714285714,0.29697999999999997,0.28742285714285715,0.2860114285714286,0.28395142857142863,0.28337999999999997,0.2866228571428572,0.2879,0.2863485714285714,0.27694857142857143,0.27464000000000005,0.27995714285714285,0.20486938775510205,0.20120408163265302,0.19979489795918368,0.19951020408163264,0.19969795918367347,0.20669489795918364,0.20455612244897958,0.20234489795918367,0.20268979591836733,0.20034999999999997,0.19896224489795916,0.19760510204081633,0.20503979591836735,0.20249183673469387,0.20119897959183672,0.18206666666666668,0.1808523809523809,0.18289285714285716,0.18151190476190474,0.1797214285714286,0.18332857142857142,0.18085952380952378,0.1792166666666667,0.17673333333333333,0.18431666666666666,0.18606904761904763,0.18644761904761906,0.1790738095238095,0.17879285714285717,0.1763404761904762,0.23787959183673463,0.23765578231292514,0.23504693877551014,0.23258775510204083,0.234108843537415,0.23702312925170071,0.23599863945578237,0.23572380952380947,0.2346843537414966,0.24457346938775512,0.24199319727891155,0.24043265306122447,0.24577891156462583,0.24534761904761906,0.24758979591836736,Male,17,Teen,Secondary,C,C,R16jy24b17_info1_250Hz_gu2_AEP.conn
R16CJTEST_B15,R16CjTest_b15_info1_250Hz_gu3_AEP.conn,gu3,0.20176190476190478,0.20068095238095238,0.20096666666666665,0.19483809523809525,0.1949142857142857,0.20316190476190477,0.20753809523809522,0.20755238095238096,0.20434285714285716,0.20128095238095237,0.19870000000000002,0.19391904761904763,0.24472380952380948,0.2419238095238095,0.25097619047619046,0.32392571428571426,0.32448,0.32276571428571427,0.32564000000000004,0.3287542857142857,0.3207857142857143,0.3212,0.32311428571428574,0.32907142857142857,0.32488857142857147,0.3246314285714285,0.32652857142857145,0.34695428571428566,0.34924285714285713,0.3497142857142857,0.23758000000000004,0.23702285714285715,0.23424,0.23759714285714284,0.24463142857142856,0.23711714285714286,0.22958857142857142,0.22458285714285714,0.2298742857142857,0.2432142857142857,0.24283428571428572,0.24289428571428567,0.2297685714285714,0.22962857142857143,0.2407171428571429,0.2155795918367347,0.2150020408163265,0.21146530612244896,0.21112551020408163,0.2121510204081633,0.21385918367346937,0.2098173469387755,0.2046826530612245,0.20309081632653064,0.21352040816326534,0.21096836734693883,0.2142612244897959,0.2113489795918367,0.20591734693877553,0.21216020408163264,0.26261428571428574,0.2602047619047619,0.25545238095238093,0.25356428571428574,0.25390952380952375,0.2576285714285714,0.2533190476190476,0.2507166666666667,0.25116428571428573,0.2748404761904762,0.26961428571428575,0.26771904761904763,0.2731119047619048,0.27063571428571426,0.27370238095238103,0.2756557823129252,0.27428027210884354,0.2766530612244898,0.27861564625850344,0.2813517006802721,0.28140408163265307,0.2827659863945578,0.2837319727891157,0.28534965986394556,0.2840517006802721,0.2844312925170068,0.28523333333333334,0.2935510204081632,0.2931782312925171,0.2950020408163266,Male,15,Teen,Secondary,C,C,R16CjTest_b15_info1_250Hz_gu2_AEP.conn
CSD499KK01F21,CSD499KK01f21_info1_250Hz_gu3_AEP.conn,gu3,0.1612,0.16412857142857143,0.16595238095238096,0.16987142857142856,0.17030952380952383,0.16861904761904764,0.16797142857142858,0.16921428571428568,0.17198095238095237,0.17019523809523807,0.1686142857142857,0.16848571428571427,0.21250952380952381,0.21100952380952384,0.2147095238095238,0.2714885714285714,0.2709142857142857,0.27127142857142855,0.2721314285714286,0.2681342857142857,0.27842571428571433,0.2766342857142857,0.27520285714285714,0.27322857142857143,0.2714942857142857,0.2675371428571428,0.2647914285714285,0.2897600000000001,0.2876342857142857,0.2909285714285714,0.23958285714285715,0.2421542857142857,0.24400857142857144,0.2432514285714286,0.2384485714285714,0.2545542857142857,0.25214,0.24860857142857143,0.24536000000000002,0.2481285714285714,0.24871428571428572,0.2457457142857143,0.25238857142857146,0.25178285714285714,0.24987428571428566,0.1366938775510204,0.13956836734693878,0.14574795918367345,0.14358673469387753,0.14251122448979592,0.13840408163265305,0.13806836734693878,0.1403826530612245,0.14007551020408165,0.1371734693877551,0.14409897959183676,0.14519285714285715,0.13887755102040816,0.14028061224489793,0.14064999999999997,0.14267857142857143,0.1422190476190476,0.1496452380952381,0.14685,0.1467738095238095,0.14397619047619048,0.14121190476190476,0.14081666666666667,0.1397904761904762,0.14311190476190475,0.15055238095238094,0.1484595238095238,0.13849285714285714,0.13849999999999998,0.1466952380952381,0.21530612244897962,0.2169897959183673,0.2175482993197279,0.21896938775510205,0.2200238095238095,0.21620544217687074,0.21679931972789115,0.21954421768707486,0.2196537414965986,0.22396122448979594,0.22367891156462583,0.22457619047619048,0.22848911564625846,0.22992925170068026,0.22752653061224484,Female,21,Teen,Tertiary,C,C,CSD499KK01f21_info1_250Hz_gu2_AEP.conn
R16CTEEN06G16,R16Cteen06g16_info1_250Hz_gu3_AEP.conn,gu3,0.28581904761904764,0.28249523809523813,0.28172380952380954,0.28313809523809524,0.2828333333333333,0.28498571428571434,0.2851714285714286,0.28313809523809524,0.28205714285714284,0.28272380952380954,0.28309047619047617,0.2836571428571429,0.3123,0.313647619047619,0.3256190476190476,0.3745371428571428,0.37132000000000004,0.36965142857142863,0.36936,0.3675085714285714,0.3695085714285714,0.3699914285714286,0.3688171428571429,0.36259714285714284,0.3670114285714286,0.366,0.3664885714285714,0.39120285714285713,0.3935428571428571,0.39175714285714286,0.2990028571428572,0.2964457142857143,0.2937857142857143,0.29631714285714283,0.2956628571428571,0.2907085714285714,0.2928571428571428,0.29193714285714284,0.29235714285714287,0.3024485714285714,0.29754857142857144,0.2997142857142857,0.30209142857142857,0.3017314285714286,0.3117542857142857,0.2715295918367346,0.26966428571428575,0.2688051020408163,0.2708408163265306,0.27096734693877556,0.2732020408163266,0.2732255102040816,0.2732938775510204,0.2717704081632653,0.272580612244898,0.2707377551020408,0.2691071428571429,0.2672734693877551,0.26794999999999997,0.2696724489795918,0.33615,0.338702380952381,0.33938571428571424,0.34322857142857144,0.3483904761904762,0.3388285714285714,0.3426238095238095,0.3473523809523809,0.3504261904761905,0.3477952380952381,0.34805714285714284,0.35185714285714287,0.3423523809523809,0.3463690476190476,0.34367857142857144,0.30455170068027215,0.3057299319727892,0.30691360544217683,0.3052931972789116,0.3035482993197279,0.30709319727891154,0.307352380952381,0.3067877551020408,0.30676938775510204,0.314452380952381,0.31484013605442174,0.3145156462585034,0.31854761904761913,0.3188387755102041,0.3209034013605442,Female,16,Teen,Secondary,C,C,R16Cteen06g16_info1_250Hz_gu2_AEP.conn
NIH01C02B19,NIH01C02b19_info1_250Hz_gu3_AEP.conn,gu3,0.13826190476190475,0.13673333333333335,0.14159047619047618,0.1491761904761905,0.14252857142857142,0.14206190476190475,0.13831904761904765,0.13885714285714287,0.1392095238095238,0.12931428571428571,0.13142857142857142,0.13889523809523807,0.17653809523809527,0.17593333333333336,0.1692761904761905,0.2896885714285714,0.2877914285714286,0.2874771428571429,0.2936142857142857,0.2862457142857143,0.2987514285714286,0.3018,0.30499714285714286,0.2990371428571429,0.28890000000000005,0.28924285714285713,0.29702,0.33105142857142855,0.3312914285714286,0.32802,0.29862,0.29731142857142856,0.2966,0.2998142857142857,0.29575714285714294,0.3008571428571428,0.3062742857142857,0.3077514285714285,0.3071371428571429,0.2942,0.29485142857142865,0.29881142857142856,0.30136285714285715,0.30262571428571433,0.2996657142857143,0.20267755102040821,0.2018571428571428,0.20255408163265307,0.2043765306122449,0.20611020408163266,0.20344897959183675,0.20543775510204082,0.20693673469387758,0.2077867346938775,0.20444081632653058,0.20467959183673465,0.20742959183673465,0.20663367346938774,0.20813265306122447,0.21107142857142858,0.20321666666666668,0.2027,0.19990238095238097,0.19903333333333337,0.19856904761904762,0.19298571428571432,0.19055238095238095,0.18901428571428572,0.19304285714285715,0.20213095238095238,0.20152619047619047,0.2007952380952381,0.19183095238095238,0.19104047619047618,0.1983666666666667,0.2586183673469387,0.257069387755102,0.25630068027210884,0.2563340136054422,0.25648707482993194,0.25911496598639455,0.25911836734693877,0.2602149659863945,0.2612061224489796,0.26598911564625854,0.26570544217687075,0.2657489795918367,0.2711959183673469,0.2728761904761905,0.2724863945578231,Male,19,Teen,Tertiary,C,C,NIH01C02b19_info1_250Hz_gu2_AEP.conn
R16TEENPVB,R16teenPvb_info1_250Hz_gu3_AEP.conn,gu3,0.34488095238095234,0.3474952380952381,0.3477333333333334,0.34154761904761904,0.33880952380952384,0.3456047619047619,0.3511,0.35111904761904755,0.3455714285714286,0.35112857142857146,0.3523619047619048,0.34769999999999995,0.3905285714285714,0.38867619047619045,0.388552380952381,0.42572,0.42464571428571424,0.42648285714285716,0.42687428571428565,0.4277,0.43163999999999997,0.4322457142857143,0.4344257142857143,0.4333228571428571,0.42099714285714285,0.42211999999999994,0.4209657142857143,0.44707714285714284,0.44880285714285717,0.4503571428571428,0.4164428571428571,0.4148828571428571,0.41297999999999996,0.41047142857142854,0.4087714285714285,0.41140571428571426,0.4117828571428571,0.4119542857142857,0.4106885714285714,0.39970285714285714,0.39972285714285716,0.39682,0.39935142857142863,0.4010657142857143,0.3987885714285714,0.3344285714285714,0.33869183673469383,0.34040306122448977,0.34011428571428576,0.3402295918367347,0.34179693877551026,0.3438285714285714,0.3418897959183674,0.33945918367346933,0.34574183673469383,0.34744387755102035,0.34393571428571423,0.3497857142857143,0.3479591836734694,0.3500530612244898,0.3662047619047619,0.3697380952380953,0.3705452380952381,0.3688833333333334,0.3683166666666667,0.3709357142857143,0.3696285714285714,0.36957857142857137,0.3677714285714286,0.3758880952380952,0.37480476190476186,0.37244761904761897,0.3643476190476191,0.3623166666666667,0.3729333333333333,0.35497891156462585,0.3568285714285714,0.3575319727891157,0.35755170068027214,0.35565714285714284,0.35760340136054414,0.35764557823129256,0.35717551020408156,0.35705034013605447,0.3653149659863945,0.364121768707483,0.3636244897959184,0.36652721088435375,0.36575850340136046,0.37080816326530613,Male,16,Teen,Secondary,E,NC,R16teenPvb_info1_250Hz_gu2_AEP.conn
CSD499CS02F20,CSD499CS02f20_info1_250Hz_gu3_AEP.conn,gu3,0.09704285714285714,0.10309047619047618,0.1016952380952381,0.09922380952380953,0.09591904761904763,0.09183809523809523,0.09143809523809525,0.09059047619047618,0.09167619047619047,0.1003095238095238,0.09747142857142858,0.09428571428571429,0.1320095238095238,0.1322857142857143,0.1398047619047619,0.22985714285714284,0.2306285714285714,0.23007714285714287,0.23027714285714285,0.22687142857142856,0.22904285714285716,0.22654000000000002,0.23229428571428573,0.2321771428571428,0.22652285714285716,0.22752285714285714,0.23007999999999998,0.24757428571428575,0.2526771428571428,0.24838857142857146,0.19554857142857143,0.19432285714285713,0.1937942857142857,0.19383714285714287,0.19588285714285716,0.19790285714285719,0.19630857142857142,0.1976628571428571,0.2039285714285714,0.18728,0.18510285714285715,0.18713142857142856,0.19019142857142857,0.19112,0.1853742857142857,0.1469469387755102,0.14872959183673468,0.14923979591836734,0.15026734693877547,0.1516826530612245,0.14862755102040817,0.14794285714285715,0.15054285714285712,0.15220714285714282,0.148434693877551,0.14806632653061222,0.15017857142857144,0.14911836734693878,0.15123979591836736,0.1483826530612245,0.17073333333333332,0.16943571428571427,0.16586904761904764,0.16287142857142853,0.1629952380952381,0.17304047619047616,0.17063095238095238,0.16666190476190473,0.16393095238095237,0.17393095238095238,0.1721095238095238,0.17149999999999999,0.1775428571428571,0.1763214285714286,0.1759047619047619,0.2331020408163265,0.23347823129251696,0.23429387755102038,0.23250204081632658,0.22890272108843537,0.23205714285714285,0.23201768707482998,0.23288911564625858,0.23306190476190478,0.24200952380952379,0.24093673469387752,0.23888639455782318,0.24385850340136062,0.2440312925170068,0.24615578231292515,Female,20,Teen,Tertiary,S,NC,CSD499CS02f20_info1_250Hz_gu2_AEP.conn
EES23F24,ees23f24_250Hz_gu3_AEP.conn,gu3,0.13835238095238092,0.13880952380952383,0.13906190476190475,0.13664761904761905,0.13266666666666668,0.13624761904761903,0.13518571428571427,0.12968095238095237,0.1290619047619048,0.13947619047619048,0.13759047619047618,0.1326142857142857,0.17174761904761904,0.17051428571428573,0.17753333333333332,0.27087714285714287,0.26916,0.26932,0.2680057142857143,0.2645457142857143,0.25814,0.2576657142857143,0.25908857142857145,0.2671257142857143,0.2629657142857143,0.2634714285714286,0.26154,0.2816885714285714,0.2856171428571429,0.2900485714285714,0.27500285714285716,0.2717057142857143,0.26983999999999997,0.2653314285714286,0.26634285714285716,0.26956857142857144,0.26959714285714287,0.26899142857142855,0.2721657142857143,0.2718285714285714,0.26809428571428573,0.26362857142857143,0.2741228571428571,0.2758057142857143,0.2696657142857143,0.21093061224489795,0.21078265306122446,0.2123510204081632,0.21315918367346942,0.2168510204081633,0.21312040816326533,0.21324999999999997,0.2108081632653061,0.20745918367346936,0.21541326530612243,0.21293877551020407,0.21234489795918368,0.21261326530612243,0.2138081632653061,0.21530918367346938,0.17562380952380952,0.1728738095238095,0.17029285714285713,0.16121666666666667,0.15433571428571427,0.16601666666666667,0.17021190476190476,0.17349523809523812,0.1720666666666667,0.18661666666666668,0.18274285714285718,0.17266666666666666,0.18415,0.18809047619047622,0.1824904761904762,0.25586190476190473,0.25732517006802724,0.25718367346938775,0.25598707482993194,0.2551149659863945,0.25701700680272105,0.25520136054421766,0.2561544217687075,0.25703469387755107,0.26134557823129256,0.26109727891156465,0.26094421768707476,0.26350408163265304,0.26573061224489797,0.2635612244897959,Female,24,Adult,Adult,E,NC,ees23f24_250Hz_gu2_AEP.conn
EES12F24,ees12f24_250Hz_gu3_AEP.conn,gu3,0.1308095238095238,0.1342714285714286,0.13813333333333333,0.14984761904761904,0.16474285714285714,0.1537857142857143,0.1517333333333333,0.14613809523809526,0.1479142857142857,0.13000952380952382,0.1291190476190476,0.14013333333333333,0.18408095238095235,0.17848571428571428,0.18108095238095237,0.26340857142857144,0.2630057142857143,0.2632314285714286,0.26866857142857137,0.27815142857142855,0.28998285714285715,0.28143142857142855,0.26433999999999996,0.25908857142857145,0.26054,0.2574628571428571,0.2672542857142857,0.2915514285714286,0.27894285714285716,0.28231428571428574,0.26089142857142855,0.2621742857142857,0.26569714285714285,0.2704371428571429,0.2751,0.28245714285714285,0.29002285714285714,0.2867314285714285,0.2882142857142857,0.2600457142857143,0.2625657142857143,0.27328857142857144,0.29171142857142857,0.2890371428571429,0.25929428571428575,0.1768122448979592,0.1713,0.16894591836734693,0.17286122448979593,0.1753918367346939,0.1751908163265306,0.1793561224489796,0.1838255102040816,0.1874938775510204,0.1781938775510204,0.16990102040816327,0.1667275510204082,0.17491326530612245,0.17798367346938776,0.16591632653061225,0.19727142857142857,0.20107857142857144,0.1985785714285714,0.1981047619047619,0.20729047619047622,0.19892142857142855,0.20857857142857142,0.2133690476190476,0.22190714285714286,0.2194547619047619,0.22214761904761904,0.21730000000000002,0.2184666666666667,0.21552619047619048,0.2286357142857143,0.25823809523809527,0.2558149659863945,0.2567210884353741,0.2616891156462586,0.26098707482993194,0.2559224489795918,0.2567272108843537,0.2599394557823129,0.2636877551020408,0.26228707482993197,0.2635530612244898,0.26732176870748303,0.26091768707483004,0.26451632653061224,0.2623278911564626,Female,24,Adult,Adult,E,NC,ees12f24_250Hz_gu2_AEP.conn
MMS14F25,mms14f25_250Hz_gu3_AEP.conn,gu3,0.23098571428571427,0.23186666666666667,0.23884285714285713,0.2420095238095238,0.2532238095238095,0.2505380952380952,0.2454857142857143,0.23781428571428573,0.23614761904761905,0.24159047619047622,0.24240000000000003,0.25003333333333333,0.27885714285714286,0.27758095238095243,0.28104761904761905,0.3774142857142857,0.3789828571428571,0.3789228571428571,0.3810457142857143,0.3837428571428571,0.3782857142857143,0.3785,0.37524857142857143,0.3744657142857143,0.37013428571428575,0.37195999999999996,0.3738685714285714,0.40162571428571425,0.39860285714285715,0.39351714285714284,0.35498,0.35393142857142856,0.35466571428571425,0.3594057142857143,0.3627228571428572,0.35726285714285716,0.3550914285714286,0.35642285714285715,0.3606971428571429,0.3654742857142857,0.36558857142857143,0.3681285714285714,0.3752542857142857,0.37663142857142856,0.3734314285714286,0.2664704081632653,0.2653408163265306,0.26439081632653066,0.2661306122448979,0.2686959183673469,0.26391938775510204,0.26524183673469387,0.26782857142857147,0.2678265306122449,0.26716122448979596,0.2660265306122449,0.26570612244897956,0.2593948979591837,0.2614448979591837,0.2608959183673469,0.22371666666666665,0.22052380952380948,0.22298571428571431,0.2219595238095238,0.22699047619047621,0.2263666666666667,0.21989285714285714,0.21671428571428572,0.21872142857142854,0.2126,0.2173452380952381,0.22065952380952378,0.20595714285714287,0.20689761904761905,0.21244761904761908,0.2903224489795918,0.2920625850340136,0.2915068027210885,0.29375238095238093,0.2962224489795919,0.2937190476190476,0.2928986394557824,0.2922897959183674,0.2943421768707483,0.29724625850340136,0.2961414965986394,0.300039455782313,0.3060170068027211,0.3056639455782313,0.3062755102040815,Female,25,Adult,Adult,C,C,mms14f25_250Hz_gu2_AEP.conn
EES22M27,EES22M27_250Hz_gu3_AEP.conn,gu3,0.17938571428571426,0.17547619047619048,0.17426190476190476,0.17276190476190476,0.17487142857142857,0.16826666666666665,0.16634761904761905,0.1671,0.17064285714285712,0.17895714285714284,0.17738571428571426,0.17338095238095239,0.21150476190476186,0.21190476190476193,0.22688571428571427,0.3011457142857143,0.2985399999999999,0.29473714285714286,0.28928857142857145,0.28866571428571425,0.29238,0.29502,0.2916971428571428,0.2873342857142857,0.29587428571428576,0.2919742857142857,0.2860514285714285,0.32605142857142855,0.3247857142857143,0.3222371428571429,0.3093828571428571,0.3049514285714286,0.30134285714285713,0.2945885714285714,0.30061142857142853,0.30172,0.29998571428571424,0.29932857142857144,0.3001742857142857,0.3013742857142857,0.2980028571428571,0.2900028571428571,0.29996285714285714,0.30057142857142854,0.2930028571428571,0.1856734693877551,0.18485408163265307,0.18437653061224488,0.18368265306122453,0.1864663265306123,0.1878469387755102,0.18898367346938777,0.1886091836734694,0.18609081632653063,0.19110510204081632,0.18900408163265303,0.18407857142857145,0.18941836734693876,0.18854591836734694,0.1869642857142857,0.1472952380952381,0.14871190476190477,0.15230714285714286,0.15518333333333334,0.1570547619047619,0.1423452380952381,0.1450809523809524,0.14772619047619048,0.15383333333333335,0.15982857142857143,0.1611595238095238,0.1644809523809524,0.1558,0.1571880952380952,0.16852857142857144,0.27031768707483,0.26965374149659865,0.26954081632653065,0.269678231292517,0.2683238095238096,0.2686612244897959,0.26873129251700684,0.26893129251700676,0.27067891156462587,0.2751401360544218,0.2755646258503402,0.27612721088435377,0.28301292517006804,0.2840462585034013,0.28325374149659865,Male,27,Adult,Adult,E,NC,EES22M27_250Hz_gu2_AEP.conn
MMS10F23,mms10f23_250Hz_gu3_AEP.conn,gu3,0.20883809523809524,0.21094761904761905,0.21295238095238098,0.21721428571428572,0.22001428571428572,0.21698571428571434,0.21816190476190478,0.2202952380952381,0.22217142857142855,0.20994285714285713,0.21358571428571427,0.22199999999999998,0.2502142857142857,0.2538761904761905,0.24570476190476195,0.27449142857142855,0.27432,0.2737342857142857,0.27079142857142857,0.2705657142857143,0.26723714285714284,0.2675914285714286,0.26640571428571425,0.26118571428571424,0.2697485714285714,0.27090285714285717,0.26832571428571433,0.2801571428571429,0.27860285714285715,0.28278285714285717,0.2761628571428571,0.2793085714285714,0.27830857142857146,0.27003714285714286,0.26856857142857143,0.27754285714285715,0.27836571428571427,0.27583714285714284,0.27812857142857145,0.2774857142857143,0.26836571428571426,0.25857428571428576,0.2721628571428571,0.2672485714285714,0.27373714285714285,0.24455102040816332,0.24809897959183672,0.24524183673469388,0.24201428571428565,0.24602346938775507,0.24161326530612243,0.2418581632653061,0.2418326530612245,0.24328877551020403,0.2525591836734694,0.25113061224489797,0.24475408163265305,0.24398061224489795,0.24130918367346937,0.24884489795918366,0.15821666666666667,0.15597619047619046,0.15312380952380952,0.15930238095238097,0.16555714285714285,0.16789047619047617,0.1621952380952381,0.1562547619047619,0.14964999999999998,0.1565595238095238,0.15151666666666666,0.15806428571428568,0.16589047619047617,0.16185000000000002,0.15520952380952382,0.24298979591836728,0.24424285714285715,0.2459775510204082,0.2493503401360544,0.24981564625850336,0.24542925170068033,0.24539115646258505,0.2433448979591836,0.24189115646258505,0.2498455782312925,0.2538319727891157,0.25814149659863944,0.2595163265306123,0.25859727891156464,0.2599877551020408,Female,23,Adult,Adult,C,C,mms10f23_250Hz_gu2_AEP.conn
MMS08M24,mms08m24_250Hz_gu3_AEP.conn,gu3,0.13622380952380955,0.13236666666666666,0.12675714285714287,0.13382857142857144,0.1369047619047619,0.1200047619047619,0.11617619047619047,0.11635238095238094,0.11748571428571426,0.12610476190476191,0.1214952380952381,0.12956666666666664,0.14911428571428573,0.14698571428571428,0.1655142857142857,0.25939999999999996,0.25574857142857144,0.2505257142857143,0.24433428571428575,0.24395714285714284,0.25005428571428573,0.24606285714285708,0.24332285714285717,0.2398742857142857,0.24897428571428573,0.24301142857142857,0.23735142857142857,0.2745457142857143,0.2749542857142857,0.26040857142857143,0.2975685714285714,0.3001028571428571,0.29925714285714283,0.2955,0.29209142857142856,0.2960771428571428,0.2917714285714285,0.2899514285714285,0.28887142857142856,0.2927942857142857,0.2927657142857143,0.2916057142857143,0.2856942857142857,0.28258857142857147,0.2841542857142857,0.1999734693877551,0.20175,0.20117448979591837,0.19960816326530612,0.19717040816326528,0.20259795918367346,0.20323673469387754,0.20065918367346938,0.1983673469387755,0.20156836734693878,0.2029602040816326,0.20528571428571427,0.20757653061224488,0.20326122448979594,0.2077030612244898,0.18374761904761905,0.18018809523809523,0.17722619047619048,0.1786952380952381,0.17923809523809522,0.18118333333333334,0.1737642857142857,0.17420000000000002,0.18109761904761904,0.1854404761904762,0.18384285714285717,0.18465,0.17610952380952383,0.17700238095238094,0.18640238095238093,0.2143312925170068,0.21127482993197277,0.21028571428571427,0.21135578231292515,0.21239251700680273,0.21363605442176872,0.21228231292517005,0.21147823129251705,0.21217414965986392,0.21818979591836732,0.21803197278911565,0.21995918367346934,0.22365034013605442,0.22313945578231292,0.22869455782312922,Male,24,Adult,Adult,C,C,mms08m24_250Hz_gu2_AEP.conn
MMS12M23,mms12m23_250Hz_gu3_AEP.conn,gu3,0.1764238095238095,0.17259047619047618,0.16864285714285712,0.17282380952380952,0.17707142857142857,0.17042380952380953,0.17378095238095237,0.17642857142857146,0.1756095238095238,0.1701142857142857,0.16799047619047622,0.17537619047619046,0.22401904761904765,0.22452380952380954,0.2146904761904762,0.2793771428571429,0.28217714285714285,0.28238,0.2813257142857143,0.2785685714285714,0.28318000000000004,0.27926285714285715,0.27505428571428575,0.2728371428571429,0.2795971428571429,0.27638285714285715,0.2714057142857143,0.3054428571428571,0.3002657142857143,0.3041285714285714,0.28501428571428566,0.28310285714285716,0.28074571428571427,0.2807,0.2831971428571428,0.27770571428571433,0.27963714285714286,0.2826457142857143,0.2868314285714286,0.2920714285714286,0.28902571428571433,0.28452857142857146,0.292,0.2909085714285714,0.29359428571428575,0.20537448979591838,0.20533265306122447,0.20733163265306123,0.20949693877551018,0.20975510204081632,0.20740306122448976,0.20708571428571426,0.20590204081632654,0.20549183673469387,0.19970612244897956,0.20128775510204083,0.20057448979591835,0.20419591836734696,0.20372142857142858,0.19981836734693875,0.2170761904761905,0.2153738095238095,0.21361190476190475,0.21188809523809526,0.21508809523809524,0.21621428571428572,0.21421666666666664,0.21052380952380953,0.21102857142857145,0.21147380952380948,0.20901666666666666,0.20597380952380953,0.21480238095238094,0.20962380952380952,0.2080309523809524,0.2779585034013606,0.2795721088435374,0.27961088435374154,0.2786666666666666,0.2784768707482993,0.2800210884353741,0.2787884353741496,0.27586598639455784,0.27256530612244895,0.2872224489795919,0.28636938775510207,0.285504081632653,0.2889421768707483,0.285438775510204,0.2948707482993198,Male,23,Adult,Adult,C,C,mms12m23_250Hz_gu2_AEP.conn
MMS13F24,mms13f24_250Hz_gu3_AEP.conn,gu3,0.15194761904761903,0.14719523809523807,0.14114761904761905,0.14082380952380955,0.14480952380952383,0.14760476190476188,0.1534,0.1575857142857143,0.15235714285714286,0.15684761904761904,0.15135238095238096,0.1506761904761905,0.20591904761904764,0.20784761904761906,0.19697142857142858,0.27102857142857145,0.27274000000000004,0.2768314285714285,0.2758485714285714,0.27053142857142853,0.2794714285714286,0.28014571428571433,0.2811257142857143,0.27847714285714287,0.2756571428571429,0.27844857142857143,0.2825371428571429,0.3038171428571429,0.30881714285714285,0.31480857142857144,0.2822457142857143,0.2795371428571429,0.27990000000000004,0.28313714285714287,0.28726,0.27692,0.2798342857142857,0.28149714285714283,0.2807542857142857,0.26784285714285716,0.27149999999999996,0.27794285714285716,0.27584,0.2759057142857143,0.2777314285714286,0.1898510204081633,0.1887091836734694,0.19037142857142858,0.19062551020408164,0.19227142857142857,0.19081632653061226,0.19215918367346935,0.1962744897959184,0.20075612244897956,0.18778877551020406,0.19338163265306124,0.19141428571428573,0.18623673469387755,0.19152551020408162,0.19106326530612244,0.17199285714285714,0.16801428571428575,0.16996190476190476,0.17126666666666668,0.17383809523809524,0.17316666666666666,0.17294047619047617,0.16872380952380953,0.1635761904761905,0.16438571428571433,0.16625238095238096,0.17022380952380955,0.1699166666666667,0.16619285714285714,0.16617619047619048,0.23846326530612244,0.24158911564625848,0.2413081632653061,0.24120476190476192,0.23873809523809525,0.2422102040816326,0.24270884353741498,0.24277074829931972,0.24161904761904762,0.2455714285714286,0.2460795918367347,0.2481734693877551,0.252743537414966,0.2509224489795918,0.2490571428571428,Female,24,Adult,Adult,C,C,mms13f24_250Hz_gu2_AEP.conn
MMS17M25,mms17m25_250Hz_gu3_AEP.conn,gu3,0.1896904761904762,0.18954761904761908,0.19797142857142858,0.20354285714285714,0.2042047619047619,0.20717142857142856,0.2073095238095238,0.2068095238095238,0.2073238095238095,0.1926142857142857,0.19417619047619047,0.19428571428571428,0.24152857142857143,0.2448095238095238,0.24041904761904762,0.2672485714285714,0.2647942857142857,0.25945999999999997,0.25414,0.25834,0.26554,0.2635942857142857,0.25869142857142857,0.2601428571428571,0.2633342857142857,0.2618771428571428,0.26045142857142856,0.29150857142857145,0.2898314285714286,0.28624,0.3171257142857143,0.31805714285714287,0.31688,0.3130114285714286,0.3120942857142857,0.3262942857142857,0.3232114285714286,0.3216,0.3205942857142857,0.30873428571428574,0.3116057142857143,0.30873142857142855,0.31584,0.3146685714285714,0.31533714285714287,0.29412142857142853,0.2961561224489796,0.29717346938775513,0.29835510204081644,0.2997755102040816,0.28824795918367346,0.2878857142857143,0.2873173469387755,0.2882959183673469,0.2950969387755102,0.2960877551020408,0.29392959183673467,0.28578775510204085,0.28511530612244895,0.2919663265306123,0.3065690476190476,0.3033857142857143,0.3020547619047619,0.3021309523809524,0.30247857142857143,0.2934452380952381,0.29551666666666665,0.29345,0.29306666666666664,0.29924761904761904,0.2988190476190476,0.3009309523809524,0.3038380952380953,0.3042952380952381,0.2909095238095238,0.32302108843537414,0.3233054421768708,0.32213129251700684,0.3203578231292517,0.31918231292517013,0.32177074829931973,0.3218836734693878,0.3189639455782313,0.3190639455782313,0.32707551020408165,0.3277421768707483,0.32670680272108843,0.3338666666666667,0.3318829931972789,0.33166734693877553,Male,25,Adult,Adult,C,C,mms17m25_250Hz_gu2_AEP.conn
EES19F33,EES19f33_250Hz_gu3_AEP.conn,gu3,0.15901904761904762,0.15246666666666667,0.1486047619047619,0.1452,0.14209047619047618,0.1495095238095238,0.15673809523809523,0.1638666666666667,0.16325238095238095,0.13856190476190475,0.14122857142857143,0.14196666666666666,0.19438571428571427,0.20010476190476192,0.18884285714285717,0.26443428571428573,0.25717142857142855,0.25467142857142855,0.25114000000000003,0.24664571428571427,0.2580942857142857,0.26101142857142856,0.26193428571428573,0.25397142857142857,0.25937428571428567,0.2612657142857143,0.25839142857142855,0.28684,0.2893085714285714,0.29725714285714283,0.22567142857142858,0.22465142857142859,0.22244571428571427,0.22306285714285715,0.2252857142857143,0.21410857142857145,0.21703428571428568,0.22039428571428568,0.22367428571428571,0.2294542857142857,0.23237428571428573,0.2318457142857143,0.21788857142857143,0.22331142857142855,0.23787714285714284,0.20468367346938776,0.21058673469387754,0.20916530612244894,0.20756122448979591,0.2072234693877551,0.19520714285714286,0.1903591836734694,0.1891234693877551,0.1881928571428572,0.20520714285714284,0.20701428571428573,0.20628367346938775,0.18888673469387757,0.18729183673469388,0.2011969387755102,0.23090238095238094,0.23056190476190475,0.22996904761904766,0.2334047619047619,0.23493809523809525,0.24134761904761906,0.23885714285714285,0.23443333333333335,0.22915714285714286,0.22701666666666667,0.22848809523809524,0.23365952380952382,0.2405952380952381,0.2368190476190476,0.22222857142857144,0.27762653061224496,0.2755884353741496,0.2749503401360544,0.2734687074829931,0.27558367346938767,0.2815360544217687,0.27968707482993194,0.27803741496598644,0.2748244897959184,0.28080748299319724,0.27863673469387756,0.2775258503401361,0.28770340136054423,0.2870013605442177,0.28428163265306117,Female,33,Adult,Adult,E,NC,EES19f33_250Hz_gu2_AEP.conn
MMS15M25,mms15m25_250Hz_gu3_AEP.conn,gu3,0.11396666666666667,0.11816666666666666,0.12283809523809525,0.1323904761904762,0.13493809523809522,0.12872380952380955,0.12964285714285714,0.1254142857142857,0.12343809523809525,0.11885238095238097,0.12443809523809524,0.13101428571428572,0.16707142857142857,0.16681428571428572,0.16896190476190479,0.2653485714285714,0.2664885714285714,0.2630485714285714,0.25806285714285715,0.25991714285714285,0.2563028571428571,0.25739428571428574,0.2574257142857143,0.2591514285714286,0.26933714285714283,0.26450285714285715,0.2561,0.2856171428571429,0.2838342857142857,0.28856,0.2785485714285715,0.2796114285714285,0.2762342857142857,0.2693428571428571,0.2728114285714286,0.2895142857142857,0.29015142857142856,0.2920942857142857,0.2910571428571429,0.2896142857142857,0.2875742857142857,0.2804771428571428,0.30207428571428574,0.30611714285714287,0.3004914285714285,0.18582142857142858,0.18574387755102043,0.18435204081632653,0.1828040816326531,0.18280000000000002,0.1853591836734694,0.1830704081632653,0.18511326530612246,0.18588673469387754,0.1812061224489796,0.18160204081632653,0.17977551020408164,0.17935408163265307,0.18103571428571427,0.177269387755102,0.17611904761904765,0.17974523809523812,0.1810690476190476,0.17714523809523808,0.1762952380952381,0.18094285714285716,0.17550476190476194,0.17272857142857143,0.1726190476190476,0.18714047619047616,0.18580952380952379,0.1828809523809524,0.18954523809523807,0.18916666666666668,0.18889999999999998,0.2669510204081632,0.2678809523809524,0.2705809523809523,0.2704965986394558,0.27026258503401357,0.27179999999999993,0.27024489795918377,0.2697673469387755,0.26719795918367356,0.2742503401360544,0.2749687074829932,0.27499455782312926,0.2816176870748299,0.2829632653061225,0.2810884353741497,Male,25,Adult,Adult,C,C,mms15m25_250Hz_gu2_AEP.conn
EES13M27,ees13m27_250Hz_gu3_AEP.conn,gu3,0.14383333333333334,0.15069047619047618,0.15605714285714287,0.15331428571428574,0.14076666666666668,0.1383,0.1435857142857143,0.14157142857142857,0.13992380952380953,0.1577142857142857,0.1609095238095238,0.1582666666666667,0.1916809523809524,0.19154285714285715,0.20220476190476191,0.24423142857142857,0.24224857142857142,0.24531428571428573,0.2533885714285714,0.2573742857142857,0.25296285714285716,0.25477142857142854,0.2500857142857143,0.24749428571428575,0.24476285714285714,0.24725428571428573,0.25316,0.2812428571428572,0.27825142857142854,0.2707857142857143,0.2237942857142857,0.22146857142857143,0.22088000000000002,0.22049142857142856,0.22190285714285712,0.23642857142857143,0.24071714285714285,0.24051428571428574,0.23217142857142856,0.2221457142857143,0.22166285714285716,0.22303428571428568,0.2496114285714286,0.24536285714285713,0.22319714285714287,0.18523571428571425,0.1861673469387755,0.18774591836734697,0.18666836734693876,0.1882204081632653,0.19581836734693878,0.19177448979591838,0.18923061224489796,0.18923265306122447,0.18691326530612246,0.18941326530612246,0.18847551020408163,0.1923561224489796,0.1908275510204082,0.18780918367346938,0.22589523809523807,0.22073095238095242,0.2173095238095238,0.21724761904761902,0.21883333333333332,0.23004047619047618,0.22499285714285713,0.22681190476190474,0.2278261904761905,0.23111904761904764,0.23054047619047616,0.23168809523809522,0.23949999999999996,0.23766428571428574,0.22938809523809522,0.2782925170068027,0.2797829931972789,0.27946938775510205,0.28042108843537417,0.2805863945578231,0.28101428571428566,0.2797904761904762,0.27790816326530604,0.2771353741496599,0.2875503401360544,0.29091768707482996,0.29252448979591833,0.2922693877551021,0.28909795918367354,0.2948598639455782,Male,27,Adult,Adult,E,NC,ees13m27_250Hz_gu2_AEP.conn
MMS07F25A,mms07f25A_250Hz_gu3_AEP.conn,gu3,0.1357142857142857,0.13959047619047618,0.14055714285714285,0.13717619047619048,0.13434285714285712,0.13958571428571429,0.13476190476190475,0.13241904761904763,0.13231904761904764,0.1328952380952381,0.13582380952380949,0.13623333333333335,0.1775,0.17525714285714286,0.18113333333333334,0.25976857142857146,0.2601714285714286,0.2588142857142858,0.26005142857142854,0.26051714285714284,0.24505142857142856,0.24301714285714288,0.24281142857142854,0.25113142857142856,0.25642857142857145,0.25968285714285716,0.26312857142857143,0.2726857142857143,0.27479142857142863,0.2883514285714286,0.2663714285714286,0.26164571428571426,0.2596742857142857,0.2588857142857143,0.2572742857142857,0.2557285714285714,0.2562285714285714,0.2582714285714286,0.2619114285714286,0.2587742857142857,0.25765142857142853,0.25810285714285713,0.2643514285714286,0.26267999999999997,0.25651714285714283,0.15314999999999998,0.15272142857142854,0.1565734693877551,0.1555622448979592,0.1568704081632653,0.1463826530612245,0.14110510204081633,0.1415755102040816,0.14438367346938774,0.15461530612244895,0.15661020408163265,0.15618061224489796,0.14058979591836737,0.13850510204081634,0.15533061224489791,0.18800714285714284,0.19288333333333338,0.1937309523809524,0.19201904761904762,0.1870571428571428,0.17826428571428574,0.17720714285714287,0.1734309523809524,0.17559999999999998,0.19825238095238093,0.19897857142857142,0.19688809523809525,0.1941142857142857,0.19234285714285715,0.1925785714285714,0.23694557823129253,0.23720000000000005,0.23535918367346936,0.23290748299319727,0.23433197278911566,0.23464829931972786,0.23402108843537417,0.2372136054421769,0.2372074829931973,0.24034013605442178,0.2393163265306123,0.23876122448979592,0.24638231292517004,0.2479734693877551,0.24328299319727892,Female,25,Adult,Adult,C,C,mms07f25A_250Hz_gu2_AEP.conn
EES11M35,ees11m35_250Hz_gu3_AEP.conn,gu3,0.2353761904761905,0.2279095238095238,0.22430952380952382,0.23515714285714284,0.23167619047619045,0.24147142857142856,0.2332,0.23066190476190476,0.23181428571428572,0.2302238095238095,0.23122380952380953,0.2413428571428571,0.27442380952380946,0.27581904761904763,0.27787619047619044,0.33979714285714285,0.33812857142857144,0.33845142857142857,0.3419714285714286,0.3364028571428571,0.33636857142857146,0.3388171428571429,0.34393714285714283,0.34036,0.33189142857142856,0.33301428571428565,0.33678857142857144,0.3641257142857142,0.36880857142857143,0.35731999999999997,0.2859114285714286,0.29291999999999996,0.28403142857142855,0.2812942857142857,0.27927428571428575,0.2812314285714286,0.27148285714285714,0.26680000000000004,0.2675342857142857,0.28262571428571426,0.2730485714285714,0.2715485714285715,0.2628428571428571,0.26245714285714283,0.27090571428571425,0.20572959183673473,0.21032551020408158,0.20763061224489796,0.21067551020408162,0.21166326530612248,0.20741020408163266,0.20716836734693875,0.21266530612244902,0.21019897959183673,0.21461632653061224,0.2092561224489796,0.2130571428571429,0.2131010204081633,0.21791632653061227,0.21610102040816329,0.24703571428571428,0.24106190476190478,0.2408,0.24585238095238093,0.2514214285714285,0.25078809523809525,0.24756428571428568,0.24494761904761905,0.24634047619047617,0.2571238095238095,0.2541761904761905,0.2588214285714286,0.24581428571428568,0.24209999999999998,0.2396285714285714,0.24996394557823132,0.2508517006802722,0.2536625850340136,0.2551829931972789,0.25492993197278907,0.24927891156462584,0.25048299319727896,0.24979455782312932,0.2512598639455782,0.2533312925170068,0.25588095238095243,0.25775986394557826,0.26575238095238096,0.2637993197278911,0.26118027210884354,Male,35,Adult,Adult,E,NC,ees11m35_250Hz_gu2_AEP.conn
EES16F34,EES16f34_250Hz_gu3_AEP.conn,gu3,0.19007619047619048,0.18405714285714284,0.18204285714285715,0.18085238095238096,0.17392857142857143,0.16601904761904762,0.16679523809523808,0.1668333333333333,0.1721095238095238,0.17884285714285716,0.18294761904761903,0.18685714285714283,0.20554285714285714,0.20092857142857143,0.21830476190476192,0.3145085714285714,0.31685714285714284,0.32275714285714285,0.3281914285714286,0.3274057142857143,0.3137314285714286,0.31828285714285715,0.3296742857142857,0.33168571428571425,0.32334571428571424,0.3289114285714285,0.3317457142857143,0.34831999999999996,0.3530228571428572,0.35474,0.2962457142857143,0.2968342857142857,0.30097142857142856,0.30876000000000003,0.3108257142857143,0.30985428571428575,0.30959714285714285,0.3087285714285714,0.30925142857142857,0.2907342857142857,0.29011428571428566,0.2941057142857143,0.3170428571428572,0.3124342857142857,0.2961314285714286,0.23523979591836727,0.23381326530612243,0.23371632653061222,0.23609795918367346,0.24011836734693878,0.23341734693877547,0.23464795918367345,0.23373979591836733,0.23166836734693882,0.23416428571428569,0.23347857142857142,0.2304908163265306,0.23279285714285716,0.2327387755102041,0.22828061224489796,0.22801428571428572,0.2366547619047619,0.2379690476190476,0.23673333333333335,0.2375904761904762,0.2513261904761905,0.25439523809523806,0.25275714285714285,0.24679047619047623,0.25021190476190475,0.24791428571428573,0.2452547619047619,0.26270714285714286,0.26552857142857145,0.24128333333333338,0.2718142857142857,0.2725455782312925,0.27375442176870746,0.27449863945578235,0.27522448979591835,0.27339591836734695,0.2760401360544218,0.2769707482993197,0.27534149659863943,0.2797768707482994,0.2812204081632653,0.28158503401360546,0.2877,0.2875721088435374,0.2877006802721088,Female,34,Adult,Adult,E,NC,EES16f34_250Hz_gu2_AEP.conn
MMS19F30,mms19f30_250Hz_gu3_AEP.conn,gu3,0.16342857142857145,0.16764285714285712,0.16979523809523808,0.1744904761904762,0.17722380952380953,0.16284285714285715,0.1618333333333333,0.16114761904761907,0.1601714285714286,0.16326666666666667,0.16897142857142855,0.17157619047619047,0.19569047619047616,0.19617142857142858,0.2108190476190476,0.30910571428571426,0.3081257142857143,0.31107142857142855,0.31494,0.31410285714285713,0.30883714285714287,0.31102285714285716,0.3138114285714286,0.31294,0.3157285714285714,0.3155057142857142,0.31813714285714284,0.3469285714285714,0.3463171428571428,0.34468,0.3247714285714286,0.3254314285714286,0.3242885714285714,0.3223142857142857,0.31732571428571427,0.31504,0.31780571428571425,0.3195914285714286,0.3166285714285714,0.32480571428571425,0.32379714285714284,0.32327428571428574,0.33222571428571424,0.33315428571428574,0.3212371428571429,0.26666632653061223,0.2666591836734694,0.2649336734693878,0.26472448979591834,0.2639142857142857,0.2656989795918367,0.2645816326530613,0.26203061224489793,0.26268673469387754,0.26595102040816326,0.26518571428571425,0.26598877551020406,0.2618408163265306,0.2606030612244898,0.2689193877551021,0.2731952380952381,0.2673761904761905,0.2608357142857143,0.2575809523809524,0.25879523809523813,0.26153571428571426,0.26103571428571426,0.2606142857142857,0.25805952380952374,0.2714904761904761,0.2676952380952381,0.26713809523809523,0.26371666666666665,0.2627333333333333,0.2610452380952381,0.27056394557823127,0.27159319727891157,0.27342517006802725,0.27422789115646257,0.2742115646258504,0.27594081632653056,0.2754911564625851,0.27465782312925174,0.27468571428571426,0.2767408163265306,0.27946054421768707,0.27961292517006797,0.2860891156462585,0.28718163265306124,0.28440136054421766,Female,30,Adult,Adult,C,C,mms19f30_250Hz_gu2_AEP.conn
MMS09F24,mms09f24_250Hz_gu3_AEP.conn,gu3,0.18500952380952382,0.18439523809523808,0.1861142857142857,0.19014285714285714,0.1917190476190476,0.18667619047619047,0.1864,0.18494761904761906,0.1804619047619048,0.1883809523809524,0.18432857142857142,0.18498095238095238,0.231,0.22830952380952382,0.22706666666666667,0.22826857142857143,0.23284571428571432,0.23768571428571433,0.24161714285714284,0.2404457142857143,0.23560571428571428,0.23438571428571428,0.23562571428571427,0.23487142857142856,0.23804571428571428,0.23853428571428573,0.23933142857142858,0.2695228571428571,0.2719457142857143,0.26472857142857137,0.2354457142857143,0.23851714285714287,0.24502000000000002,0.2531485714285714,0.2575885714285714,0.24024,0.24294285714285713,0.24621714285714283,0.24466000000000002,0.23364857142857148,0.2401114285714286,0.2447,0.24860000000000002,0.24684571428571433,0.23971142857142858,0.1834887755102041,0.18296122448979588,0.18510918367346937,0.1876540816326531,0.18998061224489796,0.18761632653061228,0.18617959183673466,0.186865306122449,0.18417755102040814,0.18412653061224488,0.18605204081632656,0.1883561224489796,0.1906642857142857,0.18930918367346944,0.18743367346938775,0.21215952380952377,0.21524761904761905,0.21808095238095238,0.22026904761904764,0.22170238095238093,0.21824999999999997,0.21652142857142856,0.21593809523809526,0.21880476190476186,0.22785000000000002,0.23406904761904765,0.2323952380952381,0.2417857142857143,0.24242857142857144,0.25021190476190475,0.2374986394557823,0.23868707482993198,0.2420816326530612,0.24324217687074834,0.2437857142857143,0.23909591836734692,0.23798027210884354,0.23603809523809524,0.2351843537414966,0.24473741496598642,0.24753605442176868,0.24830408163265305,0.24721088435374144,0.2469945578231293,0.2577877551020409,Female,24,Adult,Adult,C,C,mms09f24_250Hz_gu2_AEP.conn
EES17F38,EES17F38_250Hz_gu3_AEP.conn,gu3,0.17283809523809524,0.16901904761904762,0.1698333333333333,0.16490000000000002,0.16352380952380954,0.17236666666666667,0.17795714285714284,0.18253333333333335,0.18398095238095238,0.17834285714285714,0.17617619047619046,0.17194761904761904,0.2083142857142857,0.21447142857142856,0.2136761904761905,0.3032171428571429,0.29719428571428574,0.29853428571428575,0.30097428571428575,0.30264,0.30062285714285714,0.3042257142857143,0.3083457142857143,0.30950285714285714,0.30626571428571425,0.3086285714285714,0.31133999999999995,0.3348457142857143,0.33877714285714283,0.32642,0.2710742857142857,0.26622285714285715,0.2606085714285714,0.25851142857142856,0.2593342857142857,0.2666571428571428,0.26845428571428565,0.2683885714285714,0.26746857142857144,0.2609742857142857,0.25478285714285714,0.2549828571428571,0.2670542857142857,0.2690714285714286,0.25438,0.16210918367346935,0.16210816326530614,0.1613673469387755,0.16237244897959185,0.16602244897959184,0.16357040816326526,0.1674173469387755,0.17105612244897958,0.16950408163265304,0.15941632653061225,0.1594326530612245,0.1623969387755102,0.1649224489795918,0.16679285714285713,0.16072448979591836,0.16563333333333333,0.16500238095238096,0.1653690476190476,0.16968809523809525,0.17051666666666668,0.16277380952380954,0.16495714285714289,0.16371190476190475,0.16750714285714285,0.16399285714285713,0.1640047619047619,0.17177380952380952,0.16779761904761906,0.16492619047619048,0.15955000000000003,0.24965986394557824,0.24809455782312928,0.24708231292517008,0.2456612244897959,0.2439673469387755,0.24352312925170075,0.24019999999999997,0.24058299319727888,0.24225442176870746,0.2512081632653061,0.25054217687074826,0.2501000000000001,0.2527823129251701,0.2550625850340136,0.2575612244897959,Female,38,Adult,Adult,E,NC,EES17F38_250Hz_gu2_AEP.conn
MMS06M22,mms06m22_250Hz_gu3_AEP.conn,gu3,0.12358095238095239,0.11878571428571429,0.11665238095238095,0.11584761904761905,0.11870952380952382,0.1164142857142857,0.12025238095238096,0.11914761904761906,0.11458571428571429,0.11769047619047619,0.11089047619047616,0.11053809523809523,0.15942380952380952,0.1585095238095238,0.15110476190476188,0.2221142857142857,0.22128285714285717,0.22081142857142858,0.22192285714285714,0.21610000000000004,0.2157,0.21152571428571426,0.21271428571428572,0.21474,0.21773714285714285,0.21928857142857142,0.22167714285714285,0.23391142857142855,0.2353542857142857,0.24570285714285714,0.22808571428571428,0.2275657142857143,0.2228971428571429,0.22325142857142857,0.22490571428571426,0.2318,0.23318285714285714,0.2392542857142857,0.2435628571428571,0.24126857142857144,0.23777428571428572,0.23630285714285715,0.24078,0.24632571428571426,0.24331142857142854,0.17383469387755102,0.17155510204081634,0.16981020408163264,0.1693795918367347,0.17062142857142856,0.17903877551020406,0.17941836734693878,0.18069897959183676,0.1801448979591837,0.17669489795918367,0.17439591836734694,0.1727530612244898,0.1833561224489796,0.18462244897959182,0.1814408163265306,0.19725714285714283,0.20137142857142862,0.20296904761904763,0.20449285714285717,0.20274047619047617,0.2079904761904762,0.20447380952380953,0.19937142857142856,0.19717380952380956,0.20386190476190472,0.20748333333333335,0.21003809523809525,0.20977380952380953,0.2066261904761905,0.20175,0.2749068027210885,0.2744408163265306,0.27166258503401364,0.269112925170068,0.2711972789115646,0.2751775510204082,0.2725775510204082,0.2698421768707483,0.26911564625850337,0.2799734693877551,0.27737074829931974,0.27721360544217694,0.2866938775510204,0.2842387755102041,0.2818108843537415,Male,22,Adult,Tertiary,C,C,mms06m22_250Hz_gu2_AEP.conn
EES06F24,ees06f24_250Hz_gu3_AEP.conn,gu3,0.14605714285714289,0.14086666666666667,0.14249523809523812,0.14884285714285717,0.14827619047619048,0.15592857142857142,0.1491190476190476,0.14677619047619048,0.14684285714285714,0.14724761904761904,0.15245714285714287,0.15819999999999998,0.19610952380952384,0.19150476190476193,0.19906666666666664,0.24669714285714286,0.2478771428571429,0.24925999999999998,0.24890571428571429,0.24380857142857143,0.22671428571428573,0.23166857142857142,0.2380857142857143,0.23996285714285714,0.24861714285714287,0.24917142857142854,0.2483685714285714,0.26316571428571434,0.2690742857142857,0.27257428571428566,0.3107114285714286,0.3111371428571429,0.30710000000000004,0.30225714285714284,0.30038,0.29221714285714284,0.29525428571428575,0.29276285714285716,0.28714285714285714,0.29580285714285715,0.29434857142857146,0.28982,0.2816457142857143,0.2799542857142857,0.29127142857142857,0.1860683673469388,0.1860979591836735,0.18572244897959184,0.1858071428571429,0.18651938775510205,0.1846642857142857,0.18305204081632653,0.17951836734693877,0.17922551020408162,0.1811438775510204,0.18208469387755105,0.18089591836734692,0.18979795918367345,0.1858020408163265,0.18684591836734693,0.18004047619047622,0.1793714285714286,0.1743309523809524,0.17242380952380953,0.17087857142857144,0.1865904761904762,0.1828333333333333,0.18078571428571424,0.18122380952380954,0.1900452380952381,0.18769761904761903,0.18452857142857146,0.20006666666666664,0.1978142857142857,0.1928452380952381,0.2527925170068026,0.25234217687074834,0.2504353741496599,0.25133809523809525,0.25273129251700677,0.24701224489795914,0.24587823129251704,0.24409863945578228,0.24539795918367346,0.25405646258503406,0.25394557823129255,0.25442517006802723,0.25345102040816325,0.2512891156462585,0.2579884353741497,Female,24,Adult,Adult,E,NC,ees06f24_250Hz_gu2_AEP.conn
EES08M41,ees08m41_250Hz_gu3_AEP.conn,gu3,0.1497238095238095,0.15121904761904761,0.14437142857142857,0.13180952380952382,0.12088571428571426,0.12602380952380954,0.12654285714285715,0.12546190476190477,0.12383333333333334,0.14473333333333335,0.14097619047619048,0.12806190476190474,0.17398095238095243,0.17115238095238094,0.18086190476190475,0.28491714285714287,0.28536285714285714,0.28315714285714283,0.28241714285714287,0.2810285714285714,0.2858171428571429,0.28316857142857144,0.28124000000000005,0.2752942857142857,0.28114285714285714,0.27878857142857144,0.2756,0.3089257142857143,0.30598285714285717,0.30364571428571424,0.2727885714285715,0.2768085714285714,0.28074000000000005,0.2829514285714286,0.2879828571428572,0.2800771428571428,0.27260571428571423,0.2718942857142857,0.27868571428571426,0.2842571428571429,0.2850742857142857,0.28166,0.2824285714285715,0.28326,0.2870142857142857,0.22845816326530607,0.22744591836734696,0.22682346938775513,0.22835816326530614,0.23262857142857138,0.23002755102040817,0.23026836734693876,0.23126122448979594,0.22925816326530615,0.2295204081632653,0.22754183673469391,0.2270377551020408,0.2311530612244898,0.23048571428571427,0.23073775510204078,0.19018333333333334,0.18944761904761906,0.19067857142857145,0.19338333333333332,0.19604285714285716,0.18806904761904764,0.1852309523809524,0.18674523809523805,0.19039285714285714,0.1979261904761905,0.20026666666666662,0.2027119047619048,0.20210952380952382,0.20636428571428575,0.20922380952380956,0.28895850340136053,0.29002993197278915,0.29035306122448984,0.29168775510204076,0.2938714285714285,0.2957170068027211,0.2962925170068027,0.29480272108843536,0.29202176870748303,0.29616598639455777,0.29578639455782313,0.29557142857142854,0.30201496598639455,0.30245646258503395,0.29758095238095245,Male,41,Adult,Adult,E,NC,ees08m41_250Hz_gu2_AEP.conn
EES07M34,ees07m34_250Hz_gu3_AEP.conn,gu3,0.12634285714285717,0.12516666666666668,0.1283952380952381,0.13113333333333335,0.12514285714285714,0.12523333333333334,0.13092857142857142,0.1315142857142857,0.12832857142857143,0.1324095238095238,0.13007619047619046,0.12946666666666667,0.1671095238095238,0.16854761904761906,0.17355714285714285,0.25628285714285715,0.2533142857142857,0.25341714285714284,0.26303714285714286,0.27188,0.2596342857142857,0.2612171428571428,0.2599542857142857,0.2617028571428571,0.25659428571428566,0.26002000000000003,0.26615428571428573,0.2836228571428571,0.2820285714285714,0.29514285714285715,0.2658057142857143,0.2657142857142857,0.26685428571428566,0.2659628571428571,0.2661885714285714,0.26134857142857143,0.26633142857142855,0.2624485714285715,0.25629142857142856,0.26682285714285714,0.2706657142857143,0.2733742857142857,0.2625257142857143,0.2606285714285715,0.27422,0.19446632653061227,0.19368571428571427,0.19143877551020405,0.19075102040816327,0.19179285714285715,0.19395408163265307,0.19427755102040817,0.19406530612244902,0.1921387755102041,0.1913438775510204,0.192180612244898,0.18854897959183672,0.1916918367346939,0.1915265306122449,0.18733877551020406,0.18462142857142858,0.18085476190476188,0.17783571428571424,0.17858333333333332,0.17658571428571426,0.18286666666666665,0.18078333333333338,0.18099285714285715,0.1824619047619048,0.1977047619047619,0.19443095238095234,0.19085,0.18662380952380953,0.18378095238095238,0.19475,0.23313537414965982,0.2348734693877551,0.23892585034013608,0.24080476190476188,0.23921904761904766,0.2384632653061224,0.23745034013605443,0.23563537414965988,0.23482244897959184,0.23840680272108847,0.23922108843537418,0.24061972789115652,0.2485727891156463,0.24788707482993194,0.24326326530612247,Male,34,Adult,Adult,E,NC,ees07m34_250Hz_gu2_AEP.conn
MMS11F22,mms11f22_250Hz_gu3_AEP.conn,gu3,0.13333333333333333,0.1363047619047619,0.13640952380952379,0.12941904761904763,0.12906666666666666,0.12925238095238095,0.1371904761904762,0.14161428571428572,0.1443190476190476,0.12608095238095238,0.12699047619047618,0.13256190476190474,0.19257142857142853,0.19527142857142857,0.1661,0.23395714285714284,0.23714285714285716,0.23891714285714288,0.23931428571428573,0.23963714285714283,0.2354457142857143,0.23847142857142858,0.24048571428571427,0.2467257142857143,0.23524571428571428,0.23952857142857137,0.23812571428571427,0.2704885714285714,0.27495142857142857,0.2675371428571428,0.2639714285714286,0.2663514285714285,0.27233714285714283,0.27644,0.27752857142857146,0.2698342857142857,0.26796571428571425,0.2707942857142857,0.2759142857142857,0.27584,0.2809542857142857,0.2815857142857143,0.2739228571428572,0.27668000000000004,0.28728571428571426,0.17084591836734694,0.1705418367346939,0.17339285714285715,0.17443979591836736,0.17924489795918366,0.17559999999999998,0.1732112244897959,0.17286020408163266,0.1700295918367347,0.1714765306122449,0.1737979591836735,0.1689959183673469,0.16784897959183676,0.17066530612244898,0.16792448979591837,0.14783095238095237,0.14481904761904763,0.14391190476190477,0.1396047619047619,0.1407880952380952,0.15068571428571428,0.14800714285714286,0.14329999999999998,0.1370833333333333,0.1550047619047619,0.1539309523809524,0.15073333333333333,0.1538452380952381,0.15402857142857143,0.15970952380952383,0.2658013605442177,0.26511360544217694,0.2624224489795918,0.25845986394557824,0.25534081632653066,0.26120884353741497,0.2651319727891156,0.2644340136054422,0.26436802721088437,0.2698068027210884,0.2677659863945578,0.2653020408163265,0.2781319727891156,0.27729523809523815,0.27169251700680275,Female,22,Adult,Tertiary,C,C,mms11f22_250Hz_gu2_AEP.conn
MMS16M23,mms16m23_250Hz_gu3_AEP.conn,gu3,0.132,0.12959047619047617,0.1345904761904762,0.1250904761904762,0.1218904761904762,0.13317142857142858,0.1343952380952381,0.13208571428571428,0.12857142857142856,0.13645714285714286,0.1363047619047619,0.12783333333333335,0.18855714285714287,0.18154761904761907,0.18402857142857143,0.19989142857142855,0.20264571428571432,0.2048342857142857,0.20359428571428576,0.2044542857142857,0.2068485714285714,0.20477428571428571,0.20338857142857142,0.2011028571428571,0.20771428571428568,0.20774571428571428,0.20749142857142858,0.2370342857142857,0.23512,0.2330742857142857,0.2342742857142857,0.2373485714285714,0.24298857142857147,0.24477142857142864,0.2470714285714286,0.2566285714285714,0.2538885714285714,0.25374,0.24924,0.24521714285714286,0.2494857142857143,0.2518228571428571,0.2544228571428572,0.25554,0.2492085714285714,0.15682857142857146,0.1568938775510204,0.1528408163265306,0.14913061224489796,0.14880816326530608,0.15118979591836737,0.1540469387755102,0.15371836734693875,0.1537714285714286,0.15445510204081633,0.1502887755102041,0.14537448979591835,0.14820408163265308,0.14950408163265308,0.1431734693877551,0.1445547619047619,0.14846904761904764,0.15190714285714288,0.1521095238095238,0.15215238095238096,0.14767142857142856,0.15014761904761906,0.15392619047619047,0.15325238095238095,0.1637857142857143,0.16634761904761905,0.1651452380952381,0.16237857142857146,0.16416428571428573,0.1601357142857143,0.23676462585034017,0.23565646258503406,0.23855714285714288,0.24023673469387755,0.24126530612244898,0.2394823129251701,0.2389408163265306,0.23811564625850346,0.23579659863945585,0.24037619047619044,0.24372517006802716,0.24457074829931974,0.25075646258503403,0.2519517006802721,0.2461557823129252,Male,23,Adult,Adult,C,C,mms16m23_250Hz_gu2_AEP.conn
MMS04F25,mms04f25_250Hz_gu3_AEP.conn,gu3,0.2933333333333333,0.2998857142857143,0.3021,0.2964,0.28421904761904765,0.31116190476190475,0.3115,0.3132952380952381,0.3158571428571429,0.30322380952380956,0.3035238095238095,0.3004333333333333,0.3617714285714286,0.36191904761904753,0.3365809523809524,0.4124542857142857,0.41237142857142856,0.41398,0.41440857142857146,0.4053857142857143,0.4262714285714286,0.42423142857142865,0.42269428571428563,0.42381142857142856,0.4020028571428572,0.4034942857142857,0.40650285714285717,0.43586285714285716,0.4377771428571429,0.42925142857142856,0.4723857142857143,0.4730885714285714,0.47302857142857146,0.4757371428571428,0.4791971428571428,0.4821142857142857,0.4811228571428572,0.48090857142857146,0.48401714285714287,0.48127999999999993,0.4784114285714286,0.48108000000000006,0.4907628571428571,0.49069714285714294,0.4809914285714285,0.3917040816326531,0.39186428571428567,0.39024795918367355,0.3906785714285715,0.38881938775510205,0.3952091836734694,0.3974877551020408,0.39915714285714277,0.3963,0.3999704081632654,0.39638979591836737,0.38714999999999994,0.384304081632653,0.3847520408163265,0.3863051020408164,0.3017238095238095,0.30087619047619046,0.2997214285714285,0.3036190476190476,0.3041857142857143,0.3007476190476191,0.2991333333333333,0.3059928571428572,0.31080714285714284,0.3091190476190477,0.30651190476190476,0.306947619047619,0.3059285714285714,0.30776190476190474,0.30661190476190475,0.36713469387755093,0.36531360544217684,0.3649571428571428,0.36514013605442175,0.364369387755102,0.36601496598639455,0.3681108843537415,0.369912925170068,0.3709265306122448,0.37055442176870745,0.369808843537415,0.36893877551020415,0.37459115646258506,0.3740598639455782,0.3709823129251701,Female,25,Adult,Adult,C,C,mms04f25_250Hz_gu2_AEP.conn
EES21F20,EES21F20_250Hz_gu3_AEP.conn,gu3,0.14756190476190476,0.14441428571428572,0.1425,0.14244761904761907,0.1434095238095238,0.14306666666666668,0.14160952380952382,0.13963333333333336,0.13347619047619044,0.14334285714285713,0.13683333333333333,0.13259047619047618,0.18884285714285712,0.18821428571428575,0.17954761904761904,0.26808571428571426,0.27196,0.27872571428571424,0.27875714285714287,0.2732514285714286,0.27131142857142854,0.26802000000000004,0.2664257142857143,0.2594142857142857,0.27412857142857144,0.2807685714285714,0.2824114285714286,0.30107142857142855,0.3012228571428571,0.3001085714285714,0.30569714285714283,0.30306,0.30130285714285715,0.29973428571428573,0.3012457142857143,0.31202285714285716,0.3087971428571429,0.3001,0.2936657142857143,0.29792285714285716,0.29293714285714284,0.2921571428571429,0.3098057142857143,0.3023342857142858,0.29614285714285715,0.18490918367346937,0.186634693877551,0.18789183673469387,0.18535102040816326,0.18575510204081633,0.19849285714285708,0.19227448979591838,0.18987959183673464,0.1878204081632653,0.18963775510204078,0.18640714285714285,0.18686632653061225,0.18946632653061227,0.1872897959183673,0.18708163265306124,0.19552619047619046,0.19731190476190474,0.19126190476190477,0.18643095238095234,0.1890666666666667,0.1955285714285714,0.1938,0.19110238095238097,0.1890547619047619,0.21369285714285713,0.21042380952380957,0.20677857142857145,0.2074904761904762,0.20126666666666668,0.20760476190476193,0.2229299319727891,0.22225578231292514,0.21991360544217683,0.21917278911564625,0.2210945578231293,0.2227517006802721,0.2266823129251701,0.2252598639455782,0.22372244897959184,0.23195578231292519,0.2321544217687075,0.23180612244897958,0.2410278911564626,0.24103333333333335,0.24111496598639456,Female,20,Adult,Tertiary,E,NC,EES21F20_250Hz_gu2_AEP.conn
EES15F31,ees15f31_250Hz_gu3_AEP.conn,gu3,0.14425238095238094,0.14188095238095236,0.13985714285714287,0.1426857142857143,0.14978095238095238,0.1433809523809524,0.14049523809523812,0.1427142857142857,0.1499,0.1304047619047619,0.12734285714285712,0.13391428571428574,0.18132857142857142,0.1803809523809524,0.17554285714285714,0.2790371428571428,0.2753085714285714,0.27523714285714285,0.2778085714285714,0.2803142857142857,0.26431428571428567,0.2676628571428571,0.2707114285714286,0.26826285714285714,0.28352000000000005,0.28126285714285715,0.2856657142857143,0.2974771428571429,0.3017228571428571,0.3059342857142857,0.25684571428571423,0.25485714285714284,0.25227428571428573,0.24911714285714287,0.25009714285714285,0.2447657142857143,0.24321142857142858,0.23979142857142857,0.23866571428571431,0.2534142857142857,0.25111428571428573,0.24902285714285713,0.24235428571428574,0.2422314285714286,0.25192000000000003,0.1586612244897959,0.15799081632653064,0.15726020408163266,0.15510510204081632,0.15612346938775512,0.15763877551020408,0.15773775510204083,0.15842448979591836,0.16103979591836734,0.15823469387755099,0.1592673469387755,0.15643877551020405,0.15990408163265307,0.16213163265306124,0.1669142857142857,0.18222619047619049,0.18521666666666667,0.1846690476190476,0.17737142857142854,0.17197380952380956,0.18534047619047622,0.18217619047619046,0.18214285714285716,0.18210714285714288,0.1991071428571429,0.19887142857142856,0.1909547619047619,0.19461666666666666,0.19364761904761907,0.19787619047619046,0.21960408163265305,0.21812108843537412,0.21798979591836737,0.21937619047619045,0.22053469387755106,0.22283197278911565,0.22111564625850338,0.21820952380952377,0.21758027210884348,0.22589319727891155,0.22599795918367346,0.22705442176870752,0.23167006802721088,0.22976394557823124,0.23360952380952382,Female,31,Adult,Adult,E,NC,ees15f31_250Hz_gu2_AEP.conn
MMS05F36,mms05f36_250Hz_gu3_AEP.conn,gu3,0.17524761904761907,0.1758047619047619,0.1713714285714286,0.16975238095238096,0.1669095238095238,0.1645904761904762,0.1461,0.1404095238095238,0.13966666666666666,0.17566190476190477,0.17517142857142856,0.17504761904761904,0.1785142857142857,0.1737904761904762,0.20934285714285714,0.25849714285714287,0.2641,0.27232,0.27564571428571427,0.2770542857142857,0.25991142857142857,0.2561742857142857,0.26274,0.2657285714285714,0.26708000000000004,0.27534000000000003,0.2796828571428571,0.27492,0.2798514285714286,0.2916828571428572,0.24265142857142857,0.23998857142857144,0.24341714285714286,0.24133999999999997,0.23927428571428572,0.2492542857142857,0.25259428571428566,0.2520714285714286,0.25087714285714285,0.23967714285714287,0.2430685714285714,0.24305428571428572,0.2500542857142857,0.25094285714285713,0.2447542857142857,0.18314183673469384,0.18359897959183677,0.18224897959183675,0.18112244897959187,0.18080612244897962,0.18285408163265301,0.18101632653061223,0.17808775510204083,0.1771010204081632,0.18400918367346938,0.1842489795918367,0.18496224489795918,0.17791122448979585,0.17695408163265305,0.18291224489795918,0.21046666666666666,0.21059999999999998,0.21033095238095237,0.21214285714285716,0.21270714285714287,0.19840714285714287,0.20117857142857143,0.20562380952380951,0.2061690476190476,0.2155190476190476,0.21725000000000003,0.2207761904761905,0.20706190476190475,0.20830714285714283,0.2158952380952381,0.24038231292517007,0.2413619047619048,0.2411061224489796,0.2417802721088436,0.241130612244898,0.23848979591836733,0.23919591836734688,0.24001496598639455,0.2391625850340136,0.24723265306122452,0.24741292517006808,0.24843129251700682,0.24688639455782313,0.24845986394557823,0.24923469387755098,Female,36,Adult,Adult,C,C,mms05f36_250Hz_gu2_AEP.conn
EES14F26,ees14f26_250Hz_gu3_AEP.conn,gu3,0.16237142857142856,0.16292380952380953,0.1675047619047619,0.1719857142857143,0.1659333333333333,0.14744285714285713,0.15077619047619048,0.15378095238095238,0.1568142857142857,0.1561142857142857,0.15742857142857145,0.16002380952380954,0.19636190476190477,0.19944285714285717,0.19067619047619053,0.2547085714285714,0.25232,0.2552485714285714,0.2588085714285714,0.25556285714285715,0.2423514285714286,0.24686857142857144,0.25070285714285717,0.25658000000000003,0.24793428571428572,0.24704285714285718,0.24794,0.26456857142857143,0.2703914285714285,0.27402,0.2529228571428571,0.2540685714285714,0.2571685714285714,0.2588742857142857,0.25779142857142856,0.2536971428571429,0.25797714285714285,0.2619114285714285,0.2616657142857143,0.24588571428571432,0.24628857142857147,0.24648000000000003,0.24640285714285715,0.2540857142857143,0.24781714285714282,0.18219489795918367,0.1826602040816327,0.18302551020408164,0.18043367346938774,0.1796357142857143,0.18015816326530615,0.17711734693877554,0.17804591836734693,0.1773928571428571,0.17554489795918368,0.1770887755102041,0.1748734693877551,0.17030102040816328,0.1744061224489796,0.17036734693877548,0.17585952380952383,0.17270952380952384,0.17152380952380955,0.17331904761904762,0.17807857142857145,0.17885952380952383,0.18354761904761904,0.18377142857142859,0.18335714285714286,0.18381666666666666,0.1829452380952381,0.18477380952380953,0.20159523809523808,0.20224047619047622,0.1927952380952381,0.2648557823129252,0.26651428571428576,0.2667612244897959,0.26342653061224497,0.264647619047619,0.2663775510204081,0.2690122448979592,0.27153265306122454,0.2721258503401361,0.27210952380952386,0.27240340136054425,0.26969999999999994,0.2840870748299319,0.2882020408163265,0.2791496598639456,Female,26,Adult,Adult,E,NC,ees14f26_250Hz_gu2_AEP.conn
MMS20M28,mms20m28_250Hz_gu3_AEP.conn,gu3,0.1762285714285714,0.18337142857142855,0.1895904761904762,0.19886666666666666,0.20264761904761905,0.1872142857142857,0.19905238095238098,0.20636190476190477,0.20423809523809525,0.18195238095238095,0.1941190476190476,0.2052952380952381,0.22991428571428574,0.24188571428571434,0.22263809523809522,0.2770914285714286,0.2820257142857142,0.28616285714285716,0.2772,0.2692514285714286,0.28058285714285713,0.28237999999999996,0.2803114285714286,0.27070285714285713,0.28372857142857144,0.29629714285714287,0.28816,0.2929942857142857,0.29659714285714284,0.32717999999999997,0.2581542857142857,0.25597142857142857,0.25006285714285714,0.2331771428571429,0.24692285714285714,0.25033714285714287,0.2533571428571429,0.2454542857142857,0.2440542857142857,0.2513685714285715,0.2476971428571429,0.2289942857142857,0.2468857142857143,0.24105714285714286,0.2532542857142857,0.20297653061224488,0.19765714285714284,0.18817142857142857,0.18118061224489798,0.18200408163265308,0.18543367346938777,0.18471734693877553,0.18168673469387756,0.1843377551020408,0.1966877551020408,0.18605102040816326,0.17970918367346939,0.17902959183673467,0.17856530612244895,0.17826836734693877,0.19418809523809524,0.20142142857142856,0.20206904761904762,0.20438809523809523,0.21134523809523809,0.1829738095238095,0.18915714285714288,0.18790714285714286,0.19238333333333335,0.20625000000000002,0.20772142857142858,0.20822142857142859,0.19511428571428568,0.1913595238095238,0.21513809523809524,0.23833129251700683,0.236861224489796,0.23684965986394552,0.23966802721088434,0.23994693877551018,0.2384095238095238,0.23786598639455778,0.23568707482993195,0.23508027210884347,0.23967959183673468,0.24110340136054426,0.2438476190476191,0.24918911564625854,0.24695986394557826,0.2431700680272109,Male,28,Adult,Adult,C,C,mms20m28_250Hz_gu2_AEP.conn
EES10M22,EES10M22_250Hz_gu3_AEP.conn,gu3,0.18120952380952382,0.17408095238095236,0.1719333333333333,0.17159523809523813,0.17085238095238095,0.1877904761904762,0.1910047619047619,0.18694761904761906,0.18298095238095238,0.17021428571428573,0.16894761904761904,0.1674285714285714,0.22895714285714286,0.22680476190476187,0.21930952380952382,0.3033685714285714,0.3045771428571429,0.29908285714285715,0.2888942857142857,0.2847142857142857,0.2802142857142857,0.2814342857142857,0.28092285714285714,0.2825942857142857,0.3136285714285714,0.3077542857142857,0.28905714285714285,0.3064514285714286,0.30826571428571425,0.31768571428571424,0.27656857142857144,0.2774628571428571,0.28741714285714287,0.2875628571428571,0.28496285714285713,0.26171428571428573,0.27570285714285714,0.2865457142857143,0.2790942857142857,0.28411714285714285,0.28892571428571434,0.28138857142857143,0.2767057142857143,0.2893342857142857,0.2764514285714286,0.19922653061224485,0.2017683673469388,0.2048908163265306,0.20362346938775508,0.20065204081632654,0.20121020408163268,0.199415306122449,0.20081224489795918,0.1983571428571429,0.2051204081632653,0.20880306122448977,0.21311632653061224,0.20051224489795919,0.2000316326530613,0.21221020408163266,0.20146428571428573,0.20185,0.20899285714285712,0.21467142857142854,0.2194404761904762,0.21710952380952384,0.2139857142857143,0.21482619047619048,0.21537142857142855,0.21104761904761904,0.2168595238095238,0.21974285714285713,0.21936190476190479,0.22005476190476192,0.2107285714285714,0.27622380952380954,0.2779462585034014,0.2778857142857143,0.2758850340136054,0.27107346938775506,0.2793707482993198,0.2778972789115646,0.27831972789115644,0.27724353741496593,0.2839285714285714,0.2848544217687075,0.2831251700680272,0.28681768707482996,0.28865374149659867,0.2874,Male,22,Adult,Tertiary,E,NC,EES10M22_250Hz_gu2_AEP.conn
EES09M30MU,EES09m30mu_250Hz_gu3_AEP.conn,gu3,0.21782857142857145,0.20976190476190473,0.20655238095238096,0.20956666666666668,0.21432380952380956,0.21986666666666668,0.22467142857142855,0.2279904761904762,0.2305761904761905,0.21132857142857145,0.21052857142857143,0.21368571428571428,0.2644571428571429,0.2668142857142857,0.25397619047619047,0.26224,0.2601714285714286,0.2597457142857143,0.2600085714285714,0.25879428571428575,0.24919714285714284,0.25447714285714285,0.2579228571428572,0.25937142857142853,0.26079714285714284,0.25868857142857143,0.2571514285714286,0.2738142857142857,0.27690000000000003,0.2818257142857143,0.27396000000000004,0.27516571428571424,0.2790971428571429,0.2809857142857143,0.28006571428571425,0.27264857142857146,0.26905428571428575,0.26711142857142856,0.2691485714285714,0.26682,0.27123142857142857,0.2728942857142857,0.25445142857142855,0.25149714285714286,0.26901142857142857,0.22554081632653059,0.22583673469387758,0.22273673469387756,0.22244285714285714,0.22221632653061224,0.225784693877551,0.2264204081632653,0.2313795918367347,0.2377122448979592,0.22550816326530604,0.22450510204081633,0.22433571428571428,0.22614081632653063,0.22890102040816326,0.2257561224489796,0.24283333333333332,0.23927142857142858,0.24072619047619045,0.24099285714285712,0.24062857142857144,0.2413023809523809,0.24350952380952376,0.24150000000000005,0.2419619047619048,0.23967857142857144,0.2445761904761905,0.24695238095238095,0.2577333333333333,0.2562595238095238,0.25655,0.2683557823129251,0.2691986394557823,0.26996190476190474,0.2700959183673469,0.27061360544217683,0.2668197278911565,0.2661850340136055,0.26994829931972786,0.27289183673469386,0.2712993197278912,0.2757925170068028,0.2770496598639456,0.28101496598639464,0.28347482993197276,0.28319863945578233,Male,30,Adult,Adult,E,NC,EES09m30mu_250Hz_gu2_AEP.conn
MMS18M36MIX,mms18m36mix_250Hz_gu3_AEP.conn,gu3,0.10954285714285712,0.11178095238095238,0.1184142857142857,0.12513809523809524,0.12241428571428574,0.11478095238095239,0.11372857142857144,0.11806190476190476,0.1221047619047619,0.09942380952380953,0.10466666666666664,0.10945238095238097,0.1626904761904762,0.16214761904761904,0.13959523809523808,0.21512285714285712,0.2140457142857143,0.21074571428571426,0.21018857142857145,0.21193714285714288,0.2120942857142857,0.20710285714285712,0.2061257142857143,0.20970285714285714,0.21071428571428572,0.20789428571428573,0.20562,0.24337142857142857,0.24223428571428568,0.23979142857142857,0.25266857142857146,0.2455285714285714,0.2390885714285714,0.23852571428571429,0.24349142857142855,0.24973428571428574,0.25050285714285714,0.2539057142857143,0.25692,0.2504171428571429,0.24328,0.24253428571428573,0.2589228571428571,0.2623057142857143,0.25208,0.1953918367346939,0.19486938775510207,0.19121938775510203,0.189304081632653,0.19001224489795923,0.19199897959183673,0.19389183673469385,0.19599897959183674,0.1943683673469388,0.19618265306122448,0.19250714285714282,0.18978571428571428,0.1884234693877551,0.19044285714285714,0.18979081632653058,0.1716452380952381,0.17001190476190475,0.1681380952380952,0.16898333333333335,0.17229523809523808,0.17026904761904763,0.17389285714285715,0.17306190476190475,0.17168333333333333,0.17427857142857142,0.1761880952380952,0.17391666666666664,0.17825714285714286,0.1780952380952381,0.18075714285714287,0.24824625850340135,0.24644421768707483,0.24604149659863944,0.24692244897959187,0.2463585034013605,0.243291156462585,0.24587006802721087,0.2451625850340136,0.24369795918367346,0.2501816326530612,0.2498544217687075,0.251112925170068,0.255443537414966,0.2545013605442177,0.25310136054421767,Male,36,Adult,Adult,C,C,mms18m36mix_250Hz_gu2_AEP.conn
EES24F29,EES24F29_250Hz_gu3_AEP.conn,gu3,0.1934809523809524,0.19051428571428572,0.19276190476190477,0.19868571428571427,0.1967952380952381,0.19056666666666666,0.20005714285714285,0.2032142857142857,0.2000428571428571,0.19333333333333333,0.19354761904761905,0.19643333333333332,0.24220476190476192,0.2448904761904762,0.23021904761904757,0.2895085714285715,0.28388857142857143,0.27875428571428573,0.27216,0.26854857142857147,0.2803457142857143,0.28329714285714286,0.2855628571428571,0.285,0.2780857142857142,0.27356285714285716,0.26796285714285717,0.30626,0.3076314285714286,0.2998657142857143,0.2725657142857143,0.2724714285714286,0.2683028571428571,0.2604285714285715,0.25681428571428566,0.2609342857142857,0.2607542857142857,0.2601171428571428,0.2606171428571429,0.26344857142857137,0.2622228571428572,0.2569485714285714,0.2652028571428572,0.26633999999999997,0.26892857142857146,0.21656632653061222,0.2133938775510204,0.21163061224489793,0.2093132653061225,0.20951530612244898,0.2105642857142857,0.20802959183673472,0.20271530612244895,0.1991377551020408,0.2085979591836735,0.20851938775510206,0.20682551020408166,0.21227551020408164,0.20611326530612245,0.20687551020408163,0.21670476190476187,0.21516904761904762,0.2133904761904762,0.21265952380952383,0.21286904761904765,0.20100952380952378,0.2068833333333333,0.20848095238095235,0.2084547619047619,0.22384285714285712,0.2221357142857143,0.22224285714285716,0.23138095238095235,0.23647619047619048,0.22563333333333332,0.27101836734693874,0.27008639455782313,0.2680952380952381,0.2671380952380953,0.26827210884353747,0.2683843537414966,0.2681530612244898,0.26802653061224496,0.2683707482993198,0.2690387755102041,0.2672469387755103,0.26691700680272107,0.28129115646258507,0.2797469387755102,0.27051088435374154,Female,29,Adult,Adult,E,NC,EES24F29_250Hz_gu2_AEP.conn
EES20F22,ees20f22_250Hz_gu3_AEP.conn,gu3,0.1747904761904762,0.17928571428571427,0.18617142857142857,0.18512857142857142,0.18398095238095236,0.17118095238095235,0.17473333333333332,0.17977619047619045,0.18223809523809523,0.1805142857142857,0.18703333333333336,0.18225238095238097,0.22677619047619046,0.23001904761904765,0.2256190476190476,0.27018,0.2685485714285714,0.2688342857142857,0.26711999999999997,0.2662742857142857,0.27228285714285716,0.27368571428571425,0.2766914285714286,0.2758857142857143,0.27888,0.2748342857142857,0.27178,0.30777428571428567,0.31016,0.3050085714285714,0.30850571428571427,0.3091142857142857,0.3076514285714285,0.3039857142857143,0.30541714285714283,0.3116685714285714,0.3115571428571428,0.3090914285714286,0.3109085714285714,0.30929142857142855,0.30672000000000005,0.3052085714285714,0.30647714285714284,0.30582571428571426,0.3175514285714286,0.23109489795918373,0.23125714285714288,0.23438673469387752,0.23757959183673466,0.23995510204081633,0.23254591836734698,0.23228979591836735,0.2345530612244898,0.23733061224489796,0.2381826530612245,0.23853061224489797,0.23802857142857148,0.2303224489795918,0.23381122448979594,0.23837755102040817,0.22180476190476192,0.22336904761904763,0.22689285714285712,0.2293452380952381,0.22892142857142858,0.21875714285714287,0.21870714285714285,0.22215,0.22544285714285714,0.2298095238095238,0.23275238095238096,0.2361904761904762,0.2291619047619048,0.22720952380952383,0.2348095238095238,0.2691605442176871,0.26953265306122454,0.27336870748299325,0.27566326530612245,0.27247210884353745,0.2746571428571429,0.27452380952380956,0.27280612244897956,0.2729904761904762,0.27387687074829925,0.27591564625850334,0.2793843537414966,0.2909183673469388,0.2888489795918367,0.28285646258503394,Female,22,Adult,Tertiary,E,NC,ees20f22_250Hz_gu2_AEP.conn
R16E09G10,R16E09g10_info1_250Hz_gu3_AEP.conn,gu3,0.29528095238095237,0.2999190476190476,0.30097619047619045,0.29088095238095235,0.28690952380952384,0.29263333333333336,0.30134285714285713,0.2961714285714286,0.28745714285714286,0.29237142857142856,0.2939619047619048,0.2882428571428572,0.33004285714285714,0.3248666666666667,0.32594761904761904,0.37450571428571433,0.37664285714285717,0.37484285714285714,0.3663428571428572,0.3679342857142857,0.37720285714285706,0.38224,0.3780742857142857,0.3749685714285714,0.36966,0.36806857142857147,0.36356,0.3986342857142857,0.3923914285714286,0.39437142857142854,0.3062342857142856,0.3095771428571429,0.3057742857142858,0.2937057142857143,0.2929085714285714,0.30825714285714284,0.3047885714285714,0.3042485714285714,0.30500000000000005,0.31644,0.3120771428571429,0.30115714285714285,0.3091571428571428,0.30894571428571427,0.3133342857142857,0.2555724489795918,0.25703673469387756,0.25561938775510207,0.2519071428571429,0.2508173469387755,0.2498428571428571,0.24898877551020412,0.24788367346938772,0.2481367346938775,0.25633469387755103,0.2546989795918367,0.24798775510204077,0.250884693877551,0.25002755102040813,0.25114489795918366,0.2702547619047619,0.27080476190476194,0.26986666666666664,0.26513809523809523,0.2632761904761905,0.2640357142857143,0.2605047619047619,0.26312380952380954,0.26116904761904763,0.2728119047619048,0.2729619047619048,0.2685666666666667,0.2575047619047619,0.2539928571428571,0.2649142857142857,0.2837367346938776,0.281747619047619,0.2802775510204082,0.27814829931972784,0.27539727891156457,0.28339659863945577,0.28477891156462587,0.2871156462585034,0.28668435374149664,0.2937081632653062,0.29301768707482995,0.28937142857142856,0.2900911564625851,0.2922605442176871,0.296739455782313,Female,10,8-12,Elementary,E,NC,R16E09g10_info1_250Hz_gu2_AEP.conn
R16BF04G10,R16BF04g10_info1_250Hz_gu3_AEP.conn,gu3,0.15623809523809526,0.1503142857142857,0.15044761904761905,0.15834761904761904,0.1594809523809524,0.1637142857142857,0.16145714285714288,0.16072857142857142,0.1603095238095238,0.16023333333333334,0.15798571428571428,0.16192857142857142,0.20991428571428572,0.20791904761904764,0.2101142857142857,0.30150285714285713,0.30292285714285716,0.3048857142857143,0.3100428571428571,0.30941142857142856,0.3092085714285714,0.31058857142857144,0.31389428571428574,0.3160571428571428,0.3096742857142857,0.30961714285714287,0.3147714285714286,0.34122571428571424,0.3449542857142857,0.3362571428571429,0.30721714285714286,0.3042742857142857,0.30618857142857137,0.3104571428571429,0.31209714285714285,0.31129714285714283,0.3121628571428571,0.31231714285714285,0.31281714285714285,0.2931685714285714,0.2950571428571429,0.3018314285714286,0.3023571428571429,0.30333142857142853,0.3000571428571429,0.25033469387755103,0.25075612244897955,0.25255306122448984,0.25193673469387756,0.2518663265306123,0.2524520408163265,0.2542755102040816,0.255619387755102,0.2557867346938775,0.2517755102040816,0.2538765306122449,0.2510071428571429,0.2507704081632653,0.2526551020408163,0.25602755102040814,0.2273238095238095,0.22667142857142855,0.22798571428571426,0.229747619047619,0.22677380952380952,0.23263333333333333,0.23193809523809525,0.23347142857142858,0.23152857142857144,0.23423095238095235,0.2345238095238095,0.23751190476190476,0.24748333333333336,0.2496952380952381,0.2463047619047619,0.29238095238095235,0.28977959183673474,0.2880700680272109,0.2893523809523809,0.29149115646258494,0.2962455782312925,0.2932578231292517,0.2900380952380952,0.28953333333333336,0.2967897959183674,0.29622176870748307,0.29668163265306113,0.3052170068027211,0.30067959183673465,0.3012748299319728,Female,10,8-12,Elementary,S,NC,R16BF04g10_info1_250Hz_gu2_AEP.conn
R16E16B7,R16E16b7_info1_250Hz_gu3_AEP.conn,gu3,0.16959999999999997,0.16754761904761906,0.16578571428571426,0.1653142857142857,0.16943333333333332,0.16561428571428571,0.1688047619047619,0.1714190476190476,0.16999047619047616,0.16761428571428572,0.16761428571428572,0.1661190476190476,0.21207142857142855,0.2119904761904762,0.2161,0.3014028571428572,0.30195714285714287,0.3012828571428572,0.29975999999999997,0.29972857142857146,0.30047142857142856,0.3004228571428571,0.29744857142857145,0.29231142857142856,0.29843142857142857,0.2975571428571428,0.2934542857142857,0.3202885714285714,0.31753714285714285,0.32275714285714285,0.3026714285714286,0.3055714285714285,0.3077228571428572,0.30790857142857136,0.3081857142857143,0.31583714285714287,0.3124885714285714,0.3056257142857143,0.3029571428571428,0.29218571428571427,0.2941742857142857,0.29310285714285716,0.29500571428571437,0.2912199999999999,0.29244,0.2839244897959184,0.2846520408163265,0.28474795918367346,0.2842704081632653,0.28478265306122447,0.2854142857142857,0.2853938775510204,0.28659387755102034,0.2867275510204082,0.2856224489795919,0.2856530612244898,0.2820418367346939,0.2812571428571428,0.28262653061224485,0.27946530612244896,0.2819142857142857,0.2819190476190476,0.28026190476190477,0.2787214285714286,0.2778047619047619,0.2800857142857142,0.28039285714285717,0.2823309523809524,0.283597619047619,0.2876690476190476,0.2855571428571429,0.2858047619047619,0.27754285714285715,0.28036904761904763,0.2793738095238096,0.3017877551020409,0.30064149659863953,0.3003224489795918,0.30135782312925175,0.3015945578231293,0.3038027210884354,0.302365306122449,0.3030836734693877,0.3035210884353741,0.3088945578231292,0.3074414965986395,0.30722108843537416,0.30918163265306126,0.3092612244897959,0.30522925170068027,Male,7,5-7,Elementary,E,NC,R16E16b7_info1_250Hz_gu2_AEP.conn
R16E19B5,R16E19b5_info1_250Hz_gu3_AEP.conn,gu3,0.24744285714285716,0.2426238095238095,0.2433,0.22623809523809527,0.20987619047619047,0.24320476190476192,0.2509333333333333,0.25601904761904765,0.2557238095238095,0.2470333333333333,0.24765714285714288,0.23571428571428574,0.28990476190476194,0.2944952380952381,0.2829095238095238,0.40978000000000003,0.4177828571428572,0.4213857142857143,0.4228885714285714,0.42084,0.40802000000000005,0.4085142857142857,0.4066657142857143,0.39936857142857146,0.4241342857142857,0.42861714285714286,0.42934857142857147,0.43497714285714295,0.43451428571428563,0.43729428571428575,0.4028257142857143,0.40171999999999997,0.4025600000000001,0.40514857142857147,0.41105714285714284,0.41572571428571425,0.4062314285714286,0.39810285714285715,0.40156857142857144,0.41068,0.4108599999999999,0.40924571428571427,0.4090457142857143,0.4025828571428571,0.41316571428571425,0.3531438775510204,0.3605397959183673,0.36521938775510204,0.36953469387755095,0.3705051020408163,0.3602836734693878,0.36235408163265304,0.3668530612244898,0.3703571428571429,0.36322142857142853,0.3665561224489795,0.36201428571428573,0.35077346938775505,0.35702244897959173,0.35495918367346935,0.2830595238095238,0.28235000000000005,0.2813833333333333,0.28276666666666667,0.28115,0.27940952380952383,0.28034285714285717,0.2766285714285714,0.27334285714285717,0.27735,0.27282142857142855,0.2715214285714286,0.2817619047619047,0.2761761904761904,0.2731,0.3265285714285715,0.3274136054421769,0.33263401360544215,0.3348619047619048,0.3314095238095238,0.3290680272108843,0.3306707482993197,0.3318986394557823,0.32863197278911566,0.32841700680272107,0.33326598639455784,0.33447823129251697,0.3365353741496599,0.33825034013605443,0.335969387755102,Male,5,5-7,Elementary,E,NC,R16E19b5_info1_250Hz_gu2_AEP.conn
R16E17B5,R16E17b5_info1_250Hz_gu3_AEP.conn,gu3,0.2256952380952381,0.23235238095238095,0.23581904761904762,0.22984285714285713,0.22640476190476191,0.23141904761904764,0.2343952380952381,0.23790476190476192,0.2387047619047619,0.23195714285714286,0.23102857142857144,0.22656666666666667,0.271152380952381,0.2734809523809524,0.2603142857142857,0.3042485714285714,0.30777428571428567,0.31094571428571427,0.31162285714285715,0.3131085714285714,0.3021771428571428,0.3011742857142857,0.30548857142857144,0.30856,0.3096857142857143,0.3105285714285714,0.3105428571428571,0.32787714285714287,0.3337257142857143,0.3352114285714286,0.2656428571428572,0.26872571428571435,0.2708314285714285,0.2734885714285714,0.2724742857142857,0.27041142857142864,0.2714371428571429,0.2732,0.2735057142857143,0.25461999999999996,0.25545428571428574,0.2602171428571428,0.25886857142857145,0.25968285714285716,0.2510685714285715,0.19811530612244901,0.19732959183673465,0.19635,0.1938357142857143,0.19481326530612245,0.1977173469387755,0.1969561224489796,0.19582448979591832,0.19562551020408164,0.20185612244897963,0.2002489795918367,0.2015469387755102,0.2016255102040816,0.19878877551020407,0.2044734693877551,0.27405,0.27463571428571426,0.2733047619047619,0.2746071428571429,0.2747428571428571,0.275652380952381,0.27762380952380955,0.2781666666666667,0.2768333333333333,0.28119523809523805,0.28068095238095236,0.28215714285714294,0.2768023809523809,0.27777142857142856,0.27868095238095236,0.28992517006802715,0.28987074829931975,0.2901265306122449,0.29147006802721087,0.29189523809523804,0.2854163265306123,0.284269387755102,0.28411768707483,0.2864863945578231,0.29614421768707483,0.2977095238095238,0.29888367346938777,0.2978251700680272,0.29868843537414974,0.30228231292517005,Male,5,5-7,Elementary,E,NC,R16E17b5_info1_250Hz_gu2_AEP.conn
R16A04B8,R16A04b8_info1_250Hz_gu3_AEP.conn,gu3,0.2455857142857143,0.2505476190476191,0.2571952380952381,0.2589857142857143,0.25966666666666666,0.25035238095238094,0.2520380952380952,0.24965238095238096,0.24919047619047627,0.26113333333333333,0.2663952380952381,0.2725904761904762,0.27109047619047616,0.27311904761904765,0.29341904761904763,0.36648000000000003,0.3620742857142858,0.36100857142857146,0.3584771428571428,0.3573,0.35407428571428573,0.3537485714285714,0.35259714285714294,0.35479428571428573,0.3696342857142857,0.36332285714285717,0.35743142857142857,0.3594257142857143,0.3608085714285715,0.3774942857142857,0.33844571428571424,0.3418571428571429,0.34364285714285714,0.3435828571428571,0.3432371428571429,0.3448971428571429,0.34552285714285713,0.34557142857142853,0.34722571428571436,0.3502914285714286,0.34920000000000007,0.3515,0.35138857142857144,0.35337428571428575,0.3468657142857142,0.33079795918367344,0.33117755102040825,0.33271836734693877,0.3314551020408163,0.33217755102040813,0.33913061224489793,0.3377091836734694,0.33479285714285717,0.3310102040816326,0.33641224489795923,0.3398255102040816,0.33695204081632646,0.33301734693877544,0.33187244897959184,0.3396377551020408,0.2817476190476191,0.2850738095238095,0.28821904761904765,0.28672380952380955,0.27965,0.27589761904761906,0.27581904761904763,0.2751095238095238,0.2736547619047619,0.28886666666666666,0.2891547619047619,0.286847619047619,0.2794857142857143,0.27873333333333333,0.2713690476190476,0.3264156462585034,0.32754353741496595,0.3254829931972789,0.3248755102040817,0.3253122448979592,0.3310673469387755,0.32767210884353737,0.33211632653061224,0.33182653061224493,0.33763877551020405,0.33531564625850335,0.33331020408163264,0.33417346938775505,0.33785646258503393,0.34041020408163264,Male,8,8-12,Elementary,A,NC,R16A04b8_info1_250Hz_gu2_AEP.conn
R16L01SY06,R16L01sy06_info1_250Hz_gu3_AEP.conn,gu3,0.2511904761904762,0.24942380952380952,0.2510428571428572,0.25483333333333336,0.2589285714285714,0.24731904761904763,0.24594285714285716,0.24992857142857142,0.2559285714285714,0.25282857142857146,0.2542809523809524,0.25727142857142854,0.2891333333333333,0.29204761904761906,0.29287619047619046,0.3813314285714286,0.37980571428571425,0.3800342857142857,0.37993714285714286,0.3864828571428572,0.3801742857142857,0.38008285714285717,0.38313714285714284,0.38590571428571424,0.3833742857142858,0.38373142857142856,0.38123142857142855,0.4022542857142857,0.40242000000000006,0.4057542857142857,0.31517142857142855,0.3173542857142857,0.31946285714285716,0.31664,0.31607999999999997,0.3113257142857143,0.3148428571428572,0.3177142857142857,0.3173914285714286,0.3154571428571429,0.31664,0.3161828571428571,0.31158,0.31352857142857143,0.3130542857142857,0.2353295918367347,0.23498469387755103,0.23316530612244898,0.23382857142857144,0.23514285714285715,0.2306377551020408,0.23203265306122448,0.23232755102040817,0.23348979591836744,0.23517244897959183,0.2335581632653061,0.2356357142857143,0.23690510204081633,0.23553877551020405,0.23800612244897962,0.3405952380952381,0.33968809523809523,0.3369761904761905,0.3328595238095238,0.3305547619047619,0.33453333333333335,0.3349452380952381,0.3362476190476191,0.33530952380952384,0.33936666666666665,0.33579761904761907,0.33132142857142854,0.3474047619047618,0.3472952380952381,0.3390071428571429,0.27396666666666664,0.2757646258503401,0.27555374149659867,0.2751646258503401,0.27535646258503405,0.27380884353741497,0.27569115646258513,0.27604013605442174,0.2761027210884354,0.28085782312925167,0.28279455782312923,0.28325850340136055,0.284752380952381,0.2849544217687075,0.28260884353741494,Female,6,5-7,Elementary,S,NC,R16L01sy06_info1_250Hz_gu2_AEP.conn
R16S01Y08B,R16S01y08b_info1_250Hz_gu3_AEP.conn,gu3,0.16210952380952381,0.1604809523809524,0.16304285714285713,0.16468095238095237,0.16689999999999997,0.15843333333333334,0.15822380952380952,0.1572285714285714,0.1578952380952381,0.15766190476190475,0.16290476190476194,0.16277619047619044,0.19519047619047622,0.19534761904761902,0.1953666666666667,0.3089885714285714,0.3065657142857143,0.30815714285714285,0.3090828571428572,0.30980857142857143,0.3081285714285714,0.30423999999999995,0.29966,0.29874,0.30779428571428574,0.3101771428571428,0.30591714285714283,0.3275142857142857,0.32475714285714286,0.32902571428571425,0.26601714285714284,0.26642857142857146,0.27123714285714284,0.2741971428571429,0.27413714285714286,0.2642685714285714,0.2675314285714286,0.2697,0.2695285714285714,0.25951142857142856,0.26684571428571424,0.2678314285714286,0.2533142857142857,0.25792571428571426,0.26303714285714286,0.2004867346938775,0.19988163265306125,0.20358979591836732,0.20455816326530615,0.20328469387755102,0.20412244897959184,0.2056326530612245,0.2038061224489796,0.20415714285714287,0.20295612244897956,0.20827346938775507,0.21505510204081638,0.21276836734693877,0.21174183673469388,0.2196112244897959,0.23953333333333335,0.23572619047619048,0.23480476190476188,0.23657142857142857,0.23789285714285713,0.2440547619047619,0.24414761904761906,0.23950476190476191,0.23679999999999998,0.2360809523809524,0.23630952380952377,0.24058333333333334,0.2434047619047619,0.2395095238095238,0.23964761904761908,0.2912646258503402,0.29127959183673474,0.2903489795918367,0.2878081632653061,0.2874108843537415,0.29163469387755103,0.29023197278911567,0.2912789115646259,0.2920156462585034,0.2962183673469388,0.2965108843537415,0.29575578231292515,0.30015714285714284,0.30061836734693875,0.3015108843537415,Female,8,8-12,Elementary,S,NC,R16S01y08b_info1_250Hz_gu2_AEP.conn
R16S16G11,R16S16g11_info1_250Hz_gu3_AEP.conn,gu3,0.2539666666666667,0.25866190476190476,0.25779523809523813,0.2606761904761905,0.25927142857142854,0.2581571428571428,0.2577809523809524,0.26242380952380956,0.26334285714285716,0.26876190476190476,0.2639857142857143,0.2666190476190476,0.29721904761904766,0.29780476190476196,0.3025857142857143,0.41893714285714284,0.4194171428571429,0.42253428571428575,0.4205228571428571,0.4200571428571429,0.41174857142857146,0.41380285714285714,0.41597142857142855,0.4119314285714285,0.4273057142857143,0.4293314285714286,0.4273285714285714,0.4346,0.44037428571428583,0.44308000000000003,0.3962971428571429,0.3958085714285714,0.3941342857142857,0.39011428571428575,0.3915285714285714,0.4001542857142857,0.4011542857142857,0.40272571428571424,0.4007428571428571,0.40217714285714284,0.40091142857142853,0.39672,0.39218285714285717,0.39553714285714286,0.40321428571428564,0.32113673469387755,0.3183051020408163,0.3186673469387755,0.3223295918367347,0.3265714285714285,0.32074897959183674,0.31824285714285716,0.318330612244898,0.3215265306122449,0.3189091836734694,0.3195306122448979,0.3188755102040816,0.3111663265306122,0.31378367346938774,0.31183469387755103,0.31639047619047617,0.32104523809523805,0.3223666666666667,0.3179261904761905,0.3128166666666667,0.3157666666666667,0.3130833333333333,0.309747619047619,0.3055547619047619,0.3302833333333333,0.33308095238095237,0.3343285714285715,0.31481428571428566,0.31716666666666665,0.3209952380952381,0.3698380952380952,0.37169319727891165,0.37202380952380953,0.37043741496598637,0.36844149659863945,0.3745170068027211,0.3748965986394556,0.373412925170068,0.3713163265306122,0.37923741496598645,0.37947551020408166,0.3772761904761905,0.3799625850340136,0.3766795918367346,0.3831387755102041,Female,11,8-12,Elementary,S,NC,R16S16g11_info1_250Hz_gu2_AEP.conn
R16S06G6,R16S06g6_info1_250Hz_gu3_AEP.conn,gu3,0.24934285714285717,0.2466,0.24290476190476193,0.2407952380952381,0.23673809523809522,0.2455333333333333,0.25097142857142857,0.2521904761904762,0.24546190476190477,0.24111428571428573,0.2427809523809524,0.24251904761904763,0.2853666666666667,0.2870714285714286,0.2815714285714286,0.28510571428571424,0.28748,0.2899657142857143,0.28583428571428576,0.28152,0.2924485714285715,0.29147428571428574,0.2894485714285714,0.2853171428571429,0.28514285714285714,0.2892457142857143,0.2877685714285715,0.31943142857142853,0.31793142857142864,0.31672571428571433,0.2684171428571428,0.27109714285714287,0.2716685714285714,0.27198,0.2681314285714286,0.26984857142857144,0.27220857142857147,0.27164857142857135,0.2661742857142857,0.2762542857142857,0.27874571428571426,0.27952,0.2785885714285714,0.27582285714285715,0.28031428571428574,0.23171020408163265,0.23157857142857144,0.23179489795918373,0.23095612244897962,0.22700306122448982,0.2289714285714286,0.22794183673469387,0.23123673469387754,0.23090306122448978,0.23165612244897957,0.23100000000000004,0.22690102040816323,0.22397244897959184,0.22676530612244897,0.22724387755102043,0.20597857142857143,0.20843333333333333,0.21127619047619048,0.21088809523809518,0.2067095238095238,0.1994047619047619,0.20385,0.2101357142857143,0.21658333333333335,0.21589761904761906,0.2159404761904762,0.21573809523809526,0.21052857142857143,0.21680714285714286,0.21769047619047618,0.2559945578231293,0.256817006802721,0.25656054421768704,0.2556170068027211,0.25413741496598635,0.2568401360544218,0.25803061224489793,0.25447687074829933,0.25301292517006807,0.25967551020408164,0.25931768707482994,0.25945170068027207,0.266591156462585,0.26323265306122445,0.26457823129251695,Female,6,5-7,Elementary,S,NC,R16S06g6_info1_250Hz_gu2_AEP.conn
R16A05Y08B,R16A05y08b_info1_250Hz_gu3_AEP.conn,gu3,0.11434761904761907,0.11242380952380954,0.11317142857142859,0.11155238095238094,0.10756190476190479,0.11182857142857143,0.1114142857142857,0.11278095238095237,0.11385714285714284,0.11156190476190476,0.1089952380952381,0.1107857142857143,0.1632904761904762,0.16567142857142855,0.15774761904761905,0.2455257142857143,0.24557142857142855,0.24511142857142856,0.24268571428571425,0.23991142857142855,0.23482285714285714,0.23251714285714287,0.2321342857142857,0.23248285714285716,0.24933428571428573,0.24831142857142857,0.24403999999999998,0.26502857142857145,0.26774285714285717,0.2713885714285714,0.23975428571428573,0.24162000000000003,0.23808285714285712,0.23320571428571424,0.23610857142857147,0.23311428571428575,0.22930857142857142,0.2245857142857143,0.2237057142857143,0.2351257142857143,0.23377428571428566,0.23136285714285715,0.22528857142857142,0.22369714285714282,0.2307885714285714,0.19166326530612246,0.19288061224489791,0.19314081632653063,0.19230510204081636,0.19462551020408164,0.19169795918367344,0.18953979591836737,0.18928061224489792,0.19247857142857144,0.1890091836734694,0.18969285714285714,0.18739795918367347,0.1885295918367347,0.1874367346938776,0.18757346938775513,0.2194095238095238,0.21946190476190475,0.21955714285714287,0.21703333333333333,0.21820476190476193,0.22557380952380954,0.223647619047619,0.22343095238095237,0.22533333333333339,0.24160714285714283,0.24275952380952381,0.24052380952380956,0.2470238095238095,0.24881904761904763,0.2531761904761905,0.22398979591836737,0.22488707482993192,0.22530340136054422,0.22582380952380957,0.22748367346938775,0.2184687074829932,0.21914149659863943,0.22170544217687074,0.22377482993197279,0.22898707482993197,0.23092721088435372,0.23060816326530614,0.22475374149659866,0.22732176870748302,0.23040000000000005,Female,8,8-12,Elementary,A,NC,R16A05y08b_info1_250Hz_gu2_AEP.conn
R16E08Y05B5,R16E08y05b5_info1_250Hz_gu3_AEP.conn,gu3,0.20868571428571428,0.20631904761904762,0.20762380952380954,0.21217142857142857,0.21509523809523812,0.21213809523809524,0.21241904761904762,0.21516190476190475,0.21724285714285715,0.2113142857142857,0.21387142857142857,0.21755714285714287,0.24962380952380955,0.2518,0.25057142857142856,0.3520057142857143,0.35273714285714286,0.35134571428571426,0.3495057142857143,0.3471114285714286,0.35323714285714286,0.3557485714285714,0.35766,0.35930000000000006,0.36971999999999994,0.366,0.36265428571428576,0.38198,0.38382,0.39272285714285715,0.3281,0.32852000000000003,0.33028571428571424,0.33007142857142857,0.3300457142857143,0.33558571428571426,0.3361885714285714,0.3370171428571429,0.3358885714285714,0.32920000000000005,0.33056857142857143,0.33012571428571424,0.3228514285714286,0.32186,0.3306257142857143,0.2817285714285714,0.2821612244897959,0.28463979591836736,0.28707551020408156,0.28751734693877545,0.2894908163265306,0.291795918367347,0.29375918367346937,0.293084693877551,0.28844081632653057,0.290434693877551,0.289934693877551,0.29088775510204073,0.29340612244897957,0.29288265306122446,0.28478571428571425,0.28391428571428573,0.28195238095238095,0.2848142857142857,0.28407619047619054,0.2929761904761905,0.2908595238095238,0.29037619047619045,0.29244285714285717,0.29368571428571427,0.2925904761904762,0.2942547619047619,0.3042714285714286,0.3047976190476191,0.3074857142857143,0.31358095238095246,0.3131687074829932,0.314643537414966,0.3144795918367348,0.31405714285714287,0.3110380952380952,0.31084829931972785,0.31158299319727895,0.3138952380952381,0.3172068027210884,0.3188585034013605,0.3192081632653061,0.32174353741496603,0.32168231292517,0.32395850340136056,Male,5,5-7,Elementary,E,NC,R16E08y05b5_info1_250Hz_gu2_AEP.conn
R16E18G9,R16E18g9_info1_250Hz_gu3_AEP.conn,gu3,0.3266238095238095,0.3311523809523809,0.3283095238095238,0.3261380952380953,0.31900476190476196,0.32876666666666665,0.32842857142857135,0.32563333333333333,0.32344761904761904,0.3405619047619048,0.33621904761904764,0.3327809523809524,0.37464761904761906,0.37216190476190475,0.38080476190476187,0.39441714285714286,0.3916428571428571,0.39320857142857146,0.39348285714285713,0.39474857142857145,0.40206857142857144,0.40477714285714284,0.4049314285714286,0.4018314285714286,0.3963457142857143,0.39406285714285716,0.39645142857142857,0.4245771428571429,0.4222457142857142,0.42441142857142855,0.3244057142857143,0.3231657142857143,0.32296285714285716,0.3171685714285714,0.31840857142857143,0.3308628571428571,0.33548,0.3384085714285714,0.3355028571428572,0.3249542857142857,0.32214857142857134,0.32124857142857144,0.3321657142857143,0.33280571428571426,0.32340857142857143,0.25975816326530615,0.2590816326530612,0.2600071428571429,0.2635734693877551,0.26321428571428573,0.2661571428571429,0.26469897959183675,0.2653295918367347,0.2675795918367347,0.26337040816326535,0.26261020408163266,0.2671428571428572,0.26257755102040814,0.2626010204081633,0.271730612244898,0.24230952380952384,0.24061904761904765,0.23934999999999998,0.23698571428571427,0.2340047619047619,0.24780000000000002,0.24353809523809525,0.23914285714285718,0.23403333333333334,0.24149285714285715,0.24182142857142855,0.23997857142857146,0.24553571428571427,0.24195714285714287,0.24577380952380953,0.37493605442176875,0.3780115646258504,0.3792442176870748,0.37966054421768697,0.3800428571428571,0.38038367346938773,0.3812482993197278,0.38134081632653066,0.38249047619047616,0.38409727891156464,0.38579795918367343,0.38701700680272116,0.3885544217687074,0.38978775510204083,0.38941972789115653,Female,9,8-12,Elementary,E,NC,R16E18g9_info1_250Hz_gu2_AEP.conn
R16S09G6,R16s09g6_info1_250Hz_gu3_AEP.conn,gu3,0.18386190476190478,0.19405238095238095,0.20476666666666665,0.20406190476190478,0.19083809523809525,0.1885904761904762,0.1977,0.20655238095238096,0.20356190476190475,0.19899523809523811,0.20825238095238097,0.20300952380952383,0.23814285714285713,0.24981428571428574,0.2511047619047619,0.30972857142857146,0.3153085714285715,0.3194742857142857,0.31805428571428573,0.30747142857142856,0.29370285714285715,0.30190571428571433,0.30704857142857145,0.3154771428571429,0.32002285714285716,0.32180285714285717,0.31110571428571426,0.3198885714285714,0.31969142857142857,0.33777999999999997,0.3104285714285714,0.3168285714285714,0.31910285714285713,0.31589428571428574,0.3146942857142857,0.31051142857142855,0.31437142857142863,0.3212371428571429,0.3192542857142857,0.31029999999999996,0.3146971428571429,0.31083428571428573,0.3056371428571429,0.30924285714285715,0.3131628571428572,0.22339897959183677,0.22398775510204083,0.2238408163265306,0.22065306122448983,0.22324489795918365,0.2259214285714286,0.22638571428571427,0.2216704081632653,0.21537244897959185,0.2229122448979592,0.2225683673469388,0.21443367346938777,0.226184693877551,0.22127040816326526,0.22558265306122446,0.2089857142857143,0.2164904761904762,0.22365714285714286,0.22870238095238096,0.23431190476190475,0.21954285714285712,0.22739285714285717,0.23214047619047617,0.23247142857142858,0.2331642857142857,0.2385452380952381,0.2447857142857143,0.2432642857142857,0.24700238095238095,0.24619761904761905,0.255630612244898,0.25874761904761906,0.2579965986394558,0.2579979591836734,0.2568374149659864,0.2601809523809524,0.2603,0.2622265306122449,0.26215918367346935,0.2618115646258503,0.2603210884353741,0.25965442176870746,0.2693170068027211,0.27169115646258507,0.265561224489796,Female,6,5-7,Elementary,S,NC,R16s09g6_info1_250Hz_gu2_AEP.conn
R16S02B_G6,R16S02b_g6_info1_250Hz_gu3_AEP.conn,gu3,0.21653809523809522,0.22012380952380953,0.21939047619047622,0.21213333333333337,0.21969047619047619,0.22259047619047623,0.2179809523809524,0.2177428571428571,0.2214,0.22300476190476193,0.22355714285714287,0.2217761904761905,0.2702095238095238,0.2729047619047619,0.2757380952380952,0.39541714285714286,0.3893457142857143,0.38542,0.39129142857142857,0.39261999999999997,0.4039114285714286,0.4020028571428572,0.39971428571428574,0.40027428571428575,0.3767114285714286,0.37050285714285713,0.37655142857142854,0.42076571428571424,0.4173971428571429,0.40654,0.3961771428571428,0.38277714285714287,0.3909857142857143,0.39300857142857143,0.3963257142857143,0.4000257142857143,0.38785714285714284,0.39434571428571435,0.3988971428571429,0.3834342857142857,0.38132,0.3792542857142857,0.37507714285714283,0.3826942857142857,0.3837457142857143,0.33033571428571434,0.3314734693877551,0.33065102040816324,0.33057551020408166,0.33210306122448985,0.33203163265306124,0.3323744897959183,0.3305102040816326,0.32893163265306125,0.3331448979591837,0.33178571428571424,0.33330510204081637,0.33398367346938773,0.33122959183673467,0.3320857142857143,0.2339309523809524,0.23282857142857147,0.23568809523809528,0.23725714285714286,0.24163333333333328,0.2305761904761905,0.2310309523809524,0.23309047619047618,0.2384952380952381,0.24124523809523812,0.24504761904761907,0.24563095238095242,0.24734761904761904,0.24502380952380953,0.25148571428571426,0.3060510204081633,0.307078231292517,0.30736802721088435,0.30846666666666667,0.3066360544217687,0.30701700680272104,0.30763469387755105,0.3054047619047619,0.30422925170068027,0.311865306122449,0.3108068027210884,0.31286938775510215,0.315121768707483,0.31195578231292515,0.3133183673469388,Female,6,5-7,Elementary,S,NC,R16S02b_g6_info1_250Hz_gu2_AEP.conn
R16BF02G9INFO1,R16BF02g9info1_250Hz_gu3_AEP.conn,gu3,0.18850476190476192,0.18731428571428568,0.1809857142857143,0.1790571428571429,0.18324761904761902,0.17972857142857146,0.18292380952380952,0.1888238095238095,0.1913857142857143,0.18490000000000004,0.18613333333333335,0.18865714285714288,0.22854285714285716,0.2341857142857143,0.23679047619047622,0.3656628571428572,0.3596057142857143,0.3558314285714285,0.3469885714285714,0.33890571428571425,0.34598000000000007,0.34246,0.34508285714285714,0.3476228571428571,0.34914,0.3460457142857143,0.33625999999999995,0.36747142857142856,0.36709142857142857,0.3686342857142857,0.2683971428571429,0.27033142857142856,0.26835142857142863,0.2650514285714286,0.2614142857142857,0.27721428571428575,0.2794285714285714,0.2758,0.26922571428571423,0.25977142857142865,0.25949428571428573,0.2560428571428571,0.26353714285714286,0.25948571428571426,0.24874000000000002,0.19255816326530614,0.19230612244897957,0.19119795918367344,0.19234387755102042,0.19540714285714286,0.18831938775510207,0.18729591836734696,0.18966122448979592,0.19100816326530615,0.19066836734693876,0.18993367346938772,0.19111938775510207,0.18992346938775512,0.1937091836734694,0.18930714285714287,0.21610714285714286,0.21617619047619044,0.21126428571428577,0.22180238095238095,0.22095714285714285,0.2136619047619048,0.20448809523809527,0.1990642857142857,0.19984285714285713,0.2155571428571429,0.21606666666666666,0.22761190476190474,0.20035000000000003,0.1971738095238095,0.2124952380952381,0.27039319727891153,0.26850408163265305,0.265356462585034,0.26508639455782307,0.26391428571428566,0.2597360544217687,0.26217074829931974,0.26166938775510207,0.26398571428571427,0.27747959183673465,0.27535918367346945,0.2745496598639456,0.27099727891156455,0.2705401360544218,0.27837891156462574,Female,9,8-12,Elementary,S,NC,R16BF02g9info1_250Hz_gu2_AEP.conn
R16E04G10,R16E04g10_info1_250Hz_gu3_AEP.conn,gu3,0.1735142857142857,0.17179999999999998,0.17784761904761903,0.18489047619047616,0.19247619047619047,0.17489047619047618,0.17270476190476192,0.1781190476190476,0.1863,0.17126190476190475,0.17880952380952378,0.18616190476190475,0.21494285714285713,0.22367619047619047,0.22631904761904761,0.32374571428571425,0.3251571428571428,0.32880857142857145,0.33330000000000004,0.33449999999999996,0.3314971428571428,0.329,0.33167428571428575,0.33455142857142856,0.3232428571428571,0.3265485714285714,0.33261714285714283,0.36077714285714285,0.36401142857142854,0.36084571428571427,0.29920857142857143,0.30252,0.30332,0.3088285714285714,0.30896285714285715,0.30541428571428575,0.31329714285714283,0.3158171428571429,0.3142857142857143,0.3026142857142857,0.30401999999999996,0.3092085714285714,0.31127142857142853,0.31246,0.3087857142857143,0.26773163265306127,0.2729908163265306,0.2728489795918368,0.2720469387755102,0.2718591836734694,0.2675142857142857,0.26729285714285717,0.26717959183673473,0.26809387755102043,0.27186530612244897,0.2710112244897959,0.26682346938775503,0.2623397959183673,0.2621765306122449,0.26588571428571434,0.26320952380952384,0.2680333333333333,0.27144999999999997,0.26807857142857144,0.26495,0.26985476190476193,0.26649523809523806,0.26495,0.26466666666666666,0.28166428571428576,0.2809380952380952,0.2743880952380952,0.26817857142857143,0.26820952380952384,0.2677952380952381,0.30045510204081627,0.3000632653061224,0.2995965986394558,0.30004625850340133,0.29898435374149657,0.30056258503401356,0.2992319727891157,0.2988204081632653,0.2997176870748299,0.305965306122449,0.30413265306122456,0.30497551020408165,0.30857959183673467,0.30877755102040816,0.30612721088435374,Female,10,8-12,Elementary,E,NC,R16E04g10_info1_250Hz_gu2_AEP.conn
R16S21B8,R16S21b8_info1_250Hz_gu3_AEP.conn,gu3,0.15432857142857145,0.1501333333333333,0.14543333333333333,0.14511904761904762,0.15264761904761903,0.1538190476190476,0.1545047619047619,0.1579952380952381,0.15876666666666664,0.1536,0.14869523809523807,0.1497047619047619,0.20425714285714283,0.20734285714285713,0.1933142857142857,0.3088657142857143,0.3068057142857143,0.3065685714285714,0.3028885714285714,0.30164,0.3064342857142857,0.3086657142857143,0.3047885714285714,0.3015057142857143,0.3101028571428571,0.3099628571428571,0.30584857142857147,0.33634857142857144,0.3319371428571429,0.33487999999999996,0.3032,0.30316,0.29996285714285714,0.29898285714285716,0.2999742857142857,0.3045657142857143,0.3056885714285714,0.30754571428571426,0.3066028571428571,0.30485999999999996,0.30543142857142863,0.2991857142857143,0.30192857142857144,0.30508285714285716,0.30414285714285716,0.23022448979591834,0.23092244897959185,0.23038979591836733,0.23017346938775507,0.2295459183673469,0.2298785714285714,0.22994387755102044,0.2302520408163265,0.22972448979591836,0.22700714285714288,0.22777244897959187,0.2282612244897959,0.2283520408163265,0.22967448979591837,0.22955612244897955,0.24763095238095242,0.24856428571428577,0.24987619047619047,0.25005,0.24947619047619043,0.24912857142857145,0.24821666666666664,0.24760238095238096,0.24549761904761902,0.25547142857142857,0.2575904761904762,0.25783333333333336,0.24413571428571432,0.24370714285714287,0.24860000000000002,0.2786081632653061,0.2781972789115646,0.27872925170068025,0.27945170068027214,0.27860408163265304,0.2775360544217686,0.279325850340136,0.2794435374149659,0.2797428571428571,0.28122857142857144,0.2822816326530613,0.2836952380952381,0.2844673469387755,0.2840142857142857,0.27793809523809526,Male,8,8-12,Elementary,S,NC,R16S21b8_info1_250Hz_gu2_AEP.conn
R16S17G6,R16S17g6_info1_250Hz_gu3_AEP.conn,gu3,0.179347619047619,0.18665714285714285,0.1931142857142857,0.19400952380952377,0.1888238095238095,0.19197142857142857,0.1934095238095238,0.1986904761904762,0.20187142857142856,0.1902238095238095,0.1941238095238095,0.18897619047619044,0.23584761904761908,0.23804761904761906,0.2385238095238095,0.32199714285714287,0.32267142857142855,0.3195657142857143,0.3134885714285714,0.3115,0.3138371428571428,0.31010571428571426,0.31212285714285715,0.3172114285714286,0.32256285714285715,0.31963428571428565,0.31257714285714283,0.34669428571428573,0.34981142857142855,0.3484457142857143,0.3019142857142857,0.3018428571428572,0.30364,0.3019828571428571,0.2989457142857143,0.29837142857142857,0.2969142857142857,0.2982,0.29941142857142855,0.29754285714285716,0.29832571428571425,0.29820857142857143,0.29830285714285715,0.3010085714285714,0.29816857142857145,0.25680612244897955,0.25722244897959184,0.2580826530612245,0.2583244897959183,0.2593744897959184,0.25834183673469385,0.2585071428571428,0.26155918367346936,0.26247755102040815,0.25725918367346934,0.2576510204081633,0.2556744897959184,0.2543071428571429,0.2566469387755102,0.2514795918367347,0.19737380952380953,0.1970047619047619,0.19512142857142858,0.19624047619047622,0.2000833333333333,0.1932,0.19302380952380951,0.19771666666666668,0.2015595238095238,0.19557380952380954,0.19379285714285713,0.19509047619047618,0.19920000000000002,0.2009119047619048,0.20006904761904762,0.3499312925170069,0.3522639455782314,0.3512469387755101,0.3506714285714286,0.35055374149659857,0.35009659863945586,0.3491897959183673,0.3485360544217687,0.3497517006802721,0.35967210884353745,0.3577068027210884,0.357265306122449,0.35617823129251697,0.3547965986394558,0.35759319727891153,Female,6,5-7,Elementary,S,NC,R16S17g6_info1_250Hz_gu2_AEP.conn
R16E07B9,R16E07b9_info1_250Hz_gu3_AEP.conn,gu3,0.24583809523809527,0.24275238095238094,0.25147142857142857,0.2533761904761905,0.25445238095238093,0.25162380952380947,0.2514523809523809,0.2510857142857143,0.25452380952380954,0.2528190476190476,0.2602047619047619,0.2541380952380952,0.2842809523809524,0.2790809523809524,0.29655238095238096,0.39723142857142857,0.40134,0.4016685714285714,0.40092857142857136,0.40251142857142863,0.39115714285714287,0.3905714285714286,0.3929971428571429,0.39806857142857144,0.4072628571428571,0.40712000000000004,0.4112314285714286,0.41176,0.41495999999999994,0.4257485714285715,0.34950285714285717,0.34173142857142863,0.34094,0.3367485714285714,0.3380485714285714,0.34546571428571426,0.3462942857142857,0.34860857142857143,0.34621999999999997,0.35778571428571426,0.3554542857142857,0.35613142857142854,0.35796285714285714,0.3601885714285714,0.3725828571428571,0.33718367346938777,0.3377551020408163,0.33714387755102043,0.3373744897959184,0.3382938775510204,0.3411724489795917,0.3449602040816326,0.3444948979591836,0.34254489795918364,0.338834693877551,0.3405448979591837,0.3352673469387755,0.34046938775510205,0.34101938775510204,0.33446020408163263,0.23389523809523807,0.2357190476190476,0.23019761904761904,0.23143095238095238,0.2318309523809524,0.23544285714285718,0.23914047619047618,0.24168809523809523,0.23979523809523814,0.24640714285714285,0.24400476190476192,0.24549047619047615,0.24845000000000003,0.24933333333333332,0.2412119047619048,0.29492108843537423,0.29516530612244896,0.29570952380952376,0.29579251700680276,0.2956775510204082,0.29764965986394554,0.2984020408163265,0.2978224489795918,0.2992448979591837,0.3018380952380953,0.30358503401360537,0.3036108843537414,0.30572380952380956,0.3054721088435374,0.3092809523809524,Male,9,8-12,Elementary,E,NC,R16E07b9_info1_250Hz_gu2_AEP.conn
R16S20G7,R16S20g7_info1_250Hz_gu3_AEP.conn,gu3,0.25079999999999997,0.25148571428571426,0.24755238095238094,0.24141428571428572,0.2424952380952381,0.2568142857142857,0.25429047619047623,0.24713333333333332,0.24080476190476194,0.2681333333333334,0.26070476190476194,0.25347142857142857,0.3101809523809524,0.30300476190476194,0.3135523809523809,0.2958742857142857,0.29618857142857147,0.2992457142857143,0.2990285714285714,0.2976114285714286,0.2933,0.2924142857142857,0.29431142857142856,0.29712,0.2996342857142857,0.30104857142857144,0.3017714285714286,0.3214714285714286,0.3228685714285714,0.3298028571428572,0.24525428571428573,0.24328000000000002,0.24426,0.2432742857142857,0.24348857142857144,0.25003714285714285,0.24241142857142858,0.2370514285714286,0.24074285714285715,0.23659142857142856,0.23713142857142855,0.23846285714285714,0.23847142857142858,0.24018857142857142,0.23985428571428571,0.2114336734693877,0.21408775510204084,0.21442346938775508,0.21167448979591835,0.20991122448979596,0.20787040816326535,0.2102224489795918,0.2116673469387755,0.21168673469387755,0.21162040816326527,0.21117142857142857,0.2094061224489796,0.2070765306122449,0.2078132653061224,0.20217857142857146,0.24147619047619048,0.24081428571428573,0.2386404761904762,0.2410238095238095,0.24345952380952385,0.24028333333333338,0.24162142857142854,0.24237857142857144,0.24490238095238095,0.23339047619047618,0.22987380952380954,0.2314738095238095,0.24668333333333334,0.24489285714285716,0.24691904761904762,0.284791156462585,0.2831673469387755,0.28225578231292525,0.2813544217687075,0.28130272108843546,0.28627687074829933,0.28318911564625854,0.28228367346938765,0.28268639455782313,0.2912170068027211,0.2893551020408164,0.2866986394557823,0.29990612244897963,0.29845170068027216,0.29849387755102047,Female,7,5-7,Elementary,S,NC,R16S20g7_info1_250Hz_gu2_AEP.conn
R16S22B10,R16S22b10_info1_250Hz_gu3_AEP.conn,gu3,0.2184142857142857,0.2198,0.2139857142857143,0.21367619047619046,0.21150952380952381,0.22301904761904764,0.21254285714285714,0.2082761904761905,0.21306190476190476,0.20945714285714287,0.20667619047619046,0.20901904761904758,0.2514857142857143,0.24474761904761907,0.25072857142857147,0.3096714285714286,0.3098371428571429,0.31048857142857145,0.3132057142857143,0.31737714285714286,0.32516,0.32330571428571425,0.3230828571428571,0.3237857142857143,0.3082257142857142,0.3080342857142857,0.3130085714285714,0.3488771428571429,0.34607714285714286,0.33302571428571426,0.3158171428571429,0.31378571428571433,0.3172028571428572,0.31790857142857143,0.32104000000000005,0.31874,0.32148857142857146,0.32224857142857144,0.3167628571428572,0.31676000000000004,0.3232542857142857,0.32481142857142864,0.32334571428571424,0.3237685714285714,0.3252628571428572,0.2863602040816326,0.29033265306122447,0.2925010204081633,0.29157244897959184,0.29024081632653065,0.2952030612244898,0.29563469387755104,0.29462040816326535,0.28999591836734695,0.2944877551020409,0.2976479591836734,0.2957122448979592,0.28698775510204083,0.2890775510204081,0.29632040816326527,0.2938047619047619,0.2899142857142856,0.2904857142857143,0.2892547619047619,0.2863857142857143,0.29519761904761904,0.2929309523809524,0.2936261904761905,0.2907190476190476,0.3018047619047619,0.30109761904761906,0.2986142857142857,0.29567857142857146,0.29338333333333333,0.2922666666666667,0.3071496598639455,0.30649591836734696,0.3058428571428571,0.30499251700680274,0.3054768707482993,0.30952993197278916,0.3088836734693878,0.30837551020408166,0.30930748299319727,0.3161877551020408,0.31342585034013604,0.3115489795918368,0.31704489795918367,0.31665646258503405,0.3132265306122449,Male,10,8-12,Elementary,S,NC,R16S22b10_info1_250Hz_gu2_AEP.conn
R16E20B4,R16E20b4_info1_250Hz_gu3_AEP.conn,gu3,0.38356190476190477,0.3731428571428572,0.3634571428571429,0.3675761904761905,0.37812380952380953,0.38023809523809526,0.3836619047619047,0.3878095238095238,0.39218095238095235,0.37150952380952385,0.3651571428571428,0.37233333333333335,0.4130619047619048,0.41990952380952384,0.41364285714285715,0.44708,0.44027714285714276,0.4386685714285714,0.43554000000000004,0.4350485714285714,0.44621428571428573,0.44896,0.45099999999999996,0.44797142857142863,0.42854000000000003,0.43064857142857144,0.4302314285714286,0.45606285714285716,0.4593285714285714,0.44253428571428577,0.3730114285714286,0.37602857142857143,0.38128285714285715,0.38036,0.3781085714285715,0.3647371428571428,0.36857428571428563,0.3691514285714285,0.36877428571428567,0.3630057142857143,0.36813142857142855,0.36354285714285717,0.3571142857142857,0.35322571428571425,0.36156,0.25284693877551023,0.2541948979591837,0.25281224489795917,0.2538020408163265,0.25367244897959185,0.2552295918367347,0.2554683673469388,0.2522081632653061,0.25214693877551025,0.2536173469387755,0.25101734693877553,0.2517448979591837,0.2507122448979592,0.24674693877551018,0.24959591836734693,0.31331666666666663,0.3100428571428572,0.3068095238095238,0.3109285714285714,0.3256333333333334,0.3152952380952381,0.3228571428571429,0.32322857142857137,0.32580238095238095,0.3136261904761905,0.31184761904761904,0.31484761904761904,0.3207,0.32067142857142855,0.32665000000000005,0.3546557823129251,0.3561931972789116,0.35516190476190473,0.3576904761904761,0.35796802721088433,0.36245170068027205,0.3622802721088435,0.362491156462585,0.3607428571428572,0.36688095238095236,0.36592925170068025,0.3687095238095238,0.3722197278911564,0.37145510204081633,0.3678843537414967,Male,4,5-7,Elementary,E,NC,R16E20b4_info1_250Hz_gu2_AEP.conn
R16A01BY08,R16A01by08_info1_250Hz_gu3_AEP.conn,gu3,0.2569952380952381,0.2556333333333333,0.24,0.22784761904761905,0.22862857142857143,0.23926666666666666,0.23873809523809522,0.23670952380952381,0.2294190476190476,0.24239999999999998,0.22953333333333334,0.21934761904761904,0.2852,0.2852952380952381,0.26744285714285715,0.34929714285714286,0.3569657142857143,0.36014,0.35896285714285714,0.3547971428571429,0.3661257142857143,0.36382571428571425,0.35481714285714283,0.3534514285714286,0.3477942857142857,0.34754,0.3411085714285714,0.38040857142857143,0.3757657142857143,0.3702857142857143,0.35967714285714286,0.35884285714285713,0.3616114285714286,0.3556257142857143,0.3545371428571429,0.3579942857142857,0.3585142857142857,0.3597971428571428,0.3600485714285714,0.34656571428571425,0.3520657142857143,0.34713714285714287,0.34832571428571424,0.34700000000000003,0.35986,0.23424489795918366,0.23232244897959184,0.23311122448979593,0.23403367346938778,0.2321408163265306,0.2329673469387755,0.23587244897959186,0.2381387755102041,0.2406816326530612,0.23492755102040816,0.2360418367346939,0.23532959183673466,0.23442142857142853,0.23608163265306123,0.23347448979591837,0.3147357142857143,0.31721428571428567,0.3210547619047619,0.31816904761904763,0.3122761904761905,0.3094142857142857,0.3131785714285714,0.312797619047619,0.3073547619047619,0.32380238095238095,0.3262380952380952,0.32286428571428566,0.3260642857142857,0.3262333333333333,0.32874285714285717,0.3177585034013604,0.3202503401360544,0.3186265306122449,0.31675714285714285,0.3147367346938776,0.3189857142857143,0.32354149659863946,0.3230340136054422,0.3215877551020408,0.3283061224489795,0.3276585034013605,0.3259074829931972,0.33077074829931974,0.329291156462585,0.32447006802721096,Female,8,8-12,Elementary,A,NC,R16A01by08_info1_250Hz_gu2_AEP.conn
R16E10G9,R16E10g9_info1_250Hz_gu3_AEP.conn,gu3,0.14751904761904763,0.1432190476190476,0.13791428571428574,0.14683333333333334,0.14122857142857145,0.1474190476190476,0.13849999999999998,0.1314142857142857,0.12124761904761905,0.14276666666666668,0.13883333333333334,0.14434285714285713,0.18192380952380952,0.1745047619047619,0.1900142857142857,0.3274114285714286,0.3297171428571429,0.33124285714285717,0.3320142857142857,0.32881714285714286,0.3302142857142857,0.3341371428571428,0.3426142857142857,0.3350142857142857,0.32488285714285714,0.3271914285714286,0.32850285714285715,0.36116,0.3698542857142857,0.3601571428571429,0.3774514285714286,0.38684571428571424,0.38752,0.3849685714285715,0.3876428571428572,0.3819142857142857,0.3903857142857143,0.39059714285714286,0.3907485714285714,0.37068571428571423,0.37329428571428575,0.37271999999999994,0.37731428571428566,0.3737142857142857,0.3753257142857143,0.2699408163265306,0.26662959183673474,0.26712551020408165,0.26880306122448977,0.27277142857142855,0.26195408163265305,0.2627132653061225,0.2673316326530612,0.27056938775510203,0.26856020408163267,0.2707734693877551,0.27365510204081633,0.26760306122448985,0.2703969387755102,0.2746091836734693,0.26830476190476193,0.2707380952380953,0.26871666666666666,0.2628190476190476,0.2673666666666667,0.26615,0.2669095238095238,0.26797380952380956,0.26904523809523806,0.2760238095238095,0.27626904761904764,0.2711119047619048,0.27998571428571434,0.28213333333333335,0.2897119047619047,0.3313605442176871,0.33202857142857145,0.33195782312925176,0.33098979591836736,0.3305789115646259,0.33272040816326537,0.3351816326530613,0.33513061224489793,0.33386666666666664,0.3419115646258503,0.3391176870748299,0.33809795918367347,0.3530564625850341,0.35111904761904755,0.35314013605442174,Female,9,8-12,Elementary,E,NC,R16E10g9_info1_250Hz_gu2_AEP.conn
R16S25B8,R16S25b8_info1_250Hz_gu3_AEP.conn,gu3,0.26699523809523806,0.2647523809523809,0.26595238095238094,0.2644333333333333,0.2627714285714286,0.26231428571428567,0.26419047619047614,0.26594761904761904,0.2640619047619048,0.2681571428571429,0.26808571428571426,0.26707619047619047,0.31043809523809524,0.3112476190476191,0.3141,0.3523171428571429,0.3532885714285714,0.34944857142857144,0.34640000000000004,0.34344285714285716,0.34254,0.34156571428571425,0.3390714285714286,0.3364,0.3525771428571428,0.35171142857142856,0.35067714285714285,0.36852285714285715,0.3676685714285714,0.3769914285714286,0.3542828571428571,0.3512828571428571,0.3499514285714286,0.3505571428571429,0.35163714285714287,0.3420914285714286,0.33984000000000003,0.34107714285714286,0.34765142857142856,0.3361571428571429,0.3354114285714286,0.3376685714285715,0.33461428571428575,0.33544857142857143,0.33220285714285713,0.32187040816326534,0.32095,0.3206081632653061,0.3209928571428572,0.3233244897959184,0.32620714285714286,0.32565,0.3253316326530613,0.3262173469387756,0.3238285714285714,0.32327244897959184,0.3202744897959183,0.32159693877551015,0.3205377551020408,0.3258734693877551,0.27955238095238094,0.2809738095238095,0.2795047619047619,0.27696666666666664,0.2761095238095238,0.27633095238095234,0.27764523809523806,0.27945000000000003,0.27784761904761907,0.2820119047619048,0.28472380952380955,0.28441428571428573,0.28104999999999997,0.2839333333333333,0.28298571428571423,0.3401476190476191,0.340982993197279,0.3420251700680272,0.34046530612244896,0.3399421768707483,0.34106394557823133,0.3421510204081633,0.3439877551020408,0.34341428571428567,0.3492333333333333,0.35113401360544216,0.34931428571428574,0.35021428571428576,0.3512503401360544,0.35154353741496597,Male,8,8-12,Elementary,S,NC,R16S25b8_info1_250Hz_gu2_AEP.conn
R16S03B10,R16S03b10_info1_250Hz_gu3_AEP.conn,gu3,0.20408095238095236,0.20117619047619048,0.19266190476190473,0.1868666666666667,0.1856809523809524,0.19642857142857142,0.19641428571428574,0.19655238095238095,0.1975380952380952,0.19386666666666663,0.18523809523809523,0.17741904761904762,0.2347,0.23126190476190475,0.22656190476190483,0.3096,0.3080314285714285,0.3038171428571429,0.30148285714285716,0.30134,0.29809142857142856,0.29700000000000004,0.2988342857142857,0.2971342857142857,0.30402,0.2978657142857143,0.29406857142857146,0.32342,0.3249142857142857,0.3232257142857143,0.2852,0.29098285714285715,0.29226571428571424,0.2892942857142857,0.28750571428571425,0.27998285714285714,0.2842314285714286,0.2846885714285714,0.2812942857142857,0.2712857142857143,0.27194285714285715,0.26838571428571434,0.26509428571428567,0.26718571428571425,0.2704457142857143,0.1999857142857143,0.20014795918367348,0.20093979591836736,0.20064183673469385,0.1997326530612245,0.20043061224489797,0.20124795918367347,0.20176020408163264,0.20186122448979593,0.20102551020408166,0.20104081632653065,0.2001642857142857,0.20220918367346938,0.2031479591836735,0.20154387755102038,0.2444571428571429,0.23957857142857142,0.23532619047619044,0.22839285714285715,0.22671666666666665,0.2436547619047619,0.24254999999999996,0.24112619047619047,0.23877380952380953,0.24882142857142855,0.24422857142857138,0.23790476190476184,0.26307857142857144,0.2601428571428572,0.24881666666666666,0.27802312925170064,0.2777904761904762,0.27420612244897963,0.271430612244898,0.2712836734693878,0.27894829931972787,0.276112925170068,0.2749721088435375,0.27502585034013605,0.28563877551020406,0.2830380952380952,0.28128027210884354,0.2863496598639455,0.2863299319727891,0.2878061224489796,Male,10,8-12,Elementary,S,NC,R16S03b10_info1_250Hz_gu2_AEP.conn
R16S07B8,R16S07b8_info1_250Hz_gu3_AEP.conn,gu3,0.20956666666666668,0.2057238095238095,0.20304761904761903,0.19897142857142858,0.19579999999999997,0.2055095238095238,0.19795714285714286,0.19541904761904763,0.19494761904761904,0.20886666666666664,0.20536666666666667,0.19991428571428574,0.24150952380952384,0.24359999999999996,0.25111428571428573,0.34436285714285714,0.3433285714285714,0.3444342857142857,0.3458542857142858,0.34663428571428573,0.34403428571428574,0.3402228571428571,0.33978285714285716,0.3422942857142858,0.35696000000000006,0.35523428571428567,0.35483714285714285,0.3674085714285715,0.36508,0.36674285714285715,0.3287542857142857,0.3279485714285714,0.32584,0.32930000000000004,0.33349142857142855,0.3362428571428571,0.33784000000000003,0.3403514285714286,0.3426028571428571,0.33934857142857144,0.3398942857142857,0.3427714285714285,0.34835142857142865,0.3511628571428572,0.3418457142857143,0.28904387755102035,0.28810714285714284,0.28733265306122446,0.287765306122449,0.2923183673469388,0.2836326530612245,0.2823704081632653,0.2790897959183673,0.2786969387755102,0.28076326530612244,0.2792591836734694,0.27808571428571427,0.2707275510204082,0.26932244897959184,0.2726224489795918,0.24444761904761902,0.2452952380952381,0.24368095238095236,0.24602142857142859,0.24305714285714286,0.24203571428571427,0.24065238095238095,0.24038809523809523,0.24369285714285716,0.2547857142857142,0.25270952380952383,0.25364523809523815,0.2503547619047619,0.25030714285714284,0.2520261904761905,0.3146972789115646,0.31531904761904767,0.3142190476190476,0.3148863945578232,0.31376394557823134,0.31165918367346945,0.3099945578231292,0.30922517006802724,0.31093877551020405,0.31718911564625846,0.3160945578231293,0.31663061224489797,0.31603333333333333,0.31514285714285717,0.3157863945578231,Male,8,8-12,Elementary,S,NC,R16S07b8_info1_250Hz_gu2_AEP.conn
R16E13B5,R16E13b5_info1_250Hz_gu3_AEP.conn,gu3,0.20496666666666666,0.2106333333333333,0.21400476190476192,0.21380476190476191,0.2152857142857143,0.20755714285714288,0.21155238095238096,0.2135,0.21442380952380954,0.2097190476190476,0.2091761904761905,0.2108428571428571,0.24662857142857145,0.24793333333333334,0.24764285714285714,0.3481714285714285,0.3446828571428571,0.3451457142857143,0.3461142857142857,0.3446542857142857,0.3472342857142857,0.3475685714285714,0.3453514285714286,0.34833428571428576,0.34941714285714287,0.34740571428571426,0.3451828571428571,0.3719914285714286,0.37219142857142856,0.37422857142857147,0.36412,0.3666142857142857,0.36889714285714287,0.37042857142857144,0.37079142857142855,0.3658485714285714,0.36580857142857137,0.3673228571428571,0.3705085714285714,0.37123999999999996,0.37374,0.3726285714285714,0.36425714285714283,0.3685428571428571,0.37227999999999994,0.316761224489796,0.31608469387755106,0.3130377551020408,0.31085612244897964,0.3089755102040816,0.31671632653061227,0.31544387755102044,0.31208979591836733,0.30941020408163267,0.31271020408163264,0.3096632653061225,0.30567142857142854,0.3123142857142857,0.3097877551020408,0.3107244897959184,0.2805190476190476,0.2779214285714286,0.27776190476190477,0.2790142857142857,0.28218095238095237,0.2789238095238095,0.2788761904761905,0.27790952380952383,0.2767190476190476,0.2767119047619047,0.27552857142857146,0.2790428571428572,0.27837619047619044,0.2789857142857142,0.2746928571428571,0.31445986394557823,0.31279455782312926,0.31329455782312926,0.3119537414965986,0.31244013605442184,0.311938775510204,0.31089999999999995,0.3111482993197278,0.3118775510204082,0.31771496598639454,0.31769319727891154,0.3160612244897959,0.3193408163265306,0.31966462585034006,0.31949047619047616,Male,5,5-7,Elementary,E,NC,R16E13b5_info1_250Hz_gu2_AEP.conn
R16A02G05B,R16A02g05b_info1_250Hz_gu3_AEP.conn,gu3,0.18571428571428572,0.1818238095238095,0.1769952380952381,0.17765714285714285,0.17006190476190475,0.18672380952380951,0.1809047619047619,0.1757904761904762,0.1729238095238095,0.18035238095238096,0.17807142857142857,0.17686190476190478,0.20426190476190476,0.2019857142857143,0.21929047619047623,0.2984171428571429,0.3027942857142857,0.3057114285714285,0.30796,0.3077628571428571,0.31144285714285713,0.30838571428571426,0.3075971428571429,0.3053914285714286,0.3032228571428571,0.3048542857142857,0.31044857142857146,0.32785142857142857,0.32865714285714287,0.3385485714285714,0.3247228571428572,0.3309114285714286,0.33440000000000003,0.3343885714285714,0.33392857142857146,0.32823714285714284,0.3292942857142857,0.32690857142857144,0.3224885714285714,0.32958857142857145,0.33013714285714285,0.3334142857142857,0.3272628571428572,0.3238114285714286,0.32678,0.2799030612244898,0.27657040816326534,0.2755591836734694,0.27792244897959184,0.27863061224489793,0.2741102040816326,0.2733704081632653,0.27708571428571427,0.27766734693877554,0.28016734693877543,0.2767530612244898,0.2729744897959184,0.27718571428571426,0.2771173469387755,0.28003163265306125,0.36420238095238094,0.3626119047619048,0.36189047619047615,0.35900952380952383,0.35790000000000005,0.36368333333333336,0.36224523809523806,0.3615238095238095,0.3590976190476191,0.3772452380952381,0.37867142857142855,0.37797619047619047,0.38643809523809525,0.38780476190476193,0.3869119047619048,0.418174149659864,0.41968503401360546,0.4205897959183674,0.41962448979591843,0.4179353741496599,0.416730612244898,0.4183469387755102,0.4180006802721089,0.4185714285714286,0.4210190476190475,0.41875170068027207,0.41847074829931974,0.42427346938775495,0.4252156462585035,0.42178707482993194,Female,5,5-7,Elementary,A,NC,R16A02g05b_info1_250Hz_gu2_AEP.conn
R16BF05B5,R16BF05b5_info1_250Hz_gu3_AEP.conn,gu3,0.2018095238095238,0.2003857142857143,0.1962761904761905,0.1966142857142857,0.19668571428571427,0.1981238095238095,0.19752857142857141,0.19854761904761906,0.20419999999999996,0.20157142857142854,0.19782857142857144,0.19545714285714286,0.23401428571428573,0.23607142857142857,0.23636190476190477,0.30707428571428574,0.3085428571428571,0.3054314285714286,0.3041571428571429,0.30404285714285717,0.3064285714285714,0.30437714285714285,0.3015457142857143,0.30105142857142864,0.30872,0.3050342857142857,0.30588857142857145,0.3276,0.3251771428571429,0.32575999999999994,0.25813428571428576,0.2620114285714286,0.26566,0.2708342857142857,0.27126857142857147,0.2689485714285714,0.27233142857142856,0.2691914285714286,0.2645828571428571,0.25410571428571427,0.2554228571428571,0.26062571428571435,0.25430571428571425,0.2529657142857143,0.24863142857142856,0.20917755102040814,0.20825000000000005,0.206234693877551,0.20650102040816326,0.20845,0.20874387755102042,0.20817959183673468,0.20789081632653064,0.20914183673469394,0.2057204081632653,0.20464285714285713,0.2049530612244898,0.2044510204081633,0.20572346938775513,0.20240714285714284,0.2608595238095238,0.2608333333333333,0.2626738095238096,0.2651880952380952,0.2637785714285714,0.2535928571428571,0.25969761904761907,0.26361428571428575,0.26234285714285716,0.2629857142857143,0.2646428571428571,0.26466428571428574,0.2577690476190476,0.26290238095238094,0.2591571428571428,0.22766122448979592,0.23125986394557824,0.2359863945578231,0.2355482993197279,0.232908843537415,0.22905578231292517,0.2324768707482993,0.23251700680272108,0.23063061224489792,0.2350360544217687,0.2409850340136054,0.24248027210884354,0.24107551020408163,0.24093673469387752,0.24482244897959185,Male,5,5-7,Elementary,S,NC,R16BF05b5_info1_250Hz_gu2_AEP.conn
R16S04G5,R16S04g5_info1_250Hz_gu3_AEP.conn,gu3,0.28502857142857146,0.26927619047619045,0.2626,0.26821428571428574,0.27236666666666665,0.2701238095238095,0.26221904761904763,0.2652333333333334,0.2726571428571429,0.28317142857142863,0.2749285714285714,0.2743952380952381,0.32000476190476185,0.3219190476190476,0.3289809523809524,0.37070857142857144,0.3694685714285714,0.37169142857142856,0.36456857142857146,0.36241428571428574,0.36888857142857145,0.3676685714285714,0.36825714285714284,0.3685971428571429,0.36624,0.3696828571428571,0.3630257142857143,0.38662571428571424,0.3884028571428571,0.3953857142857143,0.31741714285714284,0.31843714285714286,0.31904857142857146,0.3163314285714286,0.31392571428571425,0.32797714285714286,0.3260657142857143,0.32138571428571433,0.31180285714285716,0.31162000000000006,0.3066457142857143,0.30193142857142863,0.31726857142857146,0.31058,0.3026371428571428,0.26678367346938775,0.2618,0.2605867346938776,0.26199285714285714,0.2634102040816327,0.2648561224489796,0.26586938775510205,0.26657346938775517,0.26725102040816323,0.25943673469387757,0.2589102040816326,0.25761224489795914,0.26034591836734694,0.2635663265306122,0.2579173469387755,0.2071309523809524,0.20030000000000003,0.20148809523809522,0.20454999999999998,0.2087142857142857,0.20815000000000003,0.2087690476190476,0.2055880952380952,0.20762380952380954,0.20717619047619049,0.2069738095238095,0.20713571428571428,0.22041904761904763,0.21817857142857144,0.22023571428571428,0.2928367346938775,0.293478231292517,0.2950496598639455,0.29687755102040814,0.29835510204081633,0.2956727891156462,0.29421700680272106,0.2919972789115647,0.29376122448979586,0.30287278911564625,0.3016034013605442,0.30380408163265304,0.3008326530612244,0.29982585034013604,0.3051374149659864,Female,5,5-7,Elementary,S,NC,R16S04g5_info1_250Hz_gu2_AEP.conn
R16E15G5,R16E15g5_info1_250Hz_gu3_AEP.conn,gu3,0.10389523809523811,0.10691904761904762,0.10729523809523811,0.10595714285714286,0.10559047619047619,0.1143,0.11658571428571428,0.11344285714285714,0.11045714285714286,0.11184761904761904,0.11101904761904763,0.10963809523809524,0.15874285714285716,0.1594047619047619,0.1589095238095238,0.2512942857142857,0.2538371428571429,0.25607714285714284,0.2609542857142857,0.26459142857142853,0.25744,0.2574457142857143,0.2559885714285714,0.2561685714285714,0.26066857142857147,0.26239428571428575,0.2674142857142857,0.2888342857142857,0.2884171428571428,0.29397428571428574,0.25929142857142856,0.25986857142857145,0.2630742857142857,0.26652,0.2643257142857143,0.26259428571428567,0.2582657142857143,0.2553142857142857,0.2521857142857143,0.2463657142857143,0.24982285714285712,0.25412000000000007,0.24866571428571427,0.24424285714285712,0.24465714285714285,0.15463469387755105,0.15275714285714284,0.152534693877551,0.15199591836734694,0.15067755102040817,0.15397346938775508,0.15249897959183675,0.15087244897959184,0.1513795918367347,0.15166020408163264,0.15233877551020408,0.15240714285714288,0.15111122448979591,0.14860408163265307,0.14824081632653058,0.1607333333333333,0.16085476190476192,0.16102142857142857,0.16138809523809525,0.1636142857142857,0.16160952380952381,0.1580857142857143,0.15636666666666668,0.15970952380952383,0.1728738095238095,0.1741,0.17681904761904763,0.16967619047619045,0.1670904761904762,0.1758761904761905,0.2671823129251701,0.2676428571428571,0.2679496598639456,0.26877959183673467,0.26950204081632656,0.26818639455782317,0.26837278911564627,0.2663809523809524,0.26561156462585034,0.27331428571428573,0.2730795918367348,0.2729006802721089,0.2785272108843537,0.2764639455782313,0.27676666666666666,Female,5,5-7,Elementary,E,NC,R16E15g5_info1_250Hz_gu2_AEP.conn
R16S14B5,R16S14b5_info1_250Hz_gu3_AEP.conn,gu3,0.2224047619047619,0.2214904761904762,0.2193952380952381,0.22538571428571427,0.22338095238095237,0.22873333333333337,0.22920952380952384,0.2247095238095238,0.2146904761904762,0.22555714285714287,0.2205904761904762,0.21933809523809522,0.2621809523809524,0.2602333333333333,0.25898095238095237,0.3226457142857143,0.3229714285714286,0.32452571428571436,0.32565999999999995,0.3251057142857143,0.3241457142857143,0.32183142857142855,0.3208514285714286,0.3215028571428572,0.31842571428571426,0.3217828571428571,0.3224542857142857,0.3396657142857143,0.3412857142857143,0.34615999999999997,0.3701314285714286,0.37276,0.37167428571428573,0.3610685714285714,0.3507485714285714,0.35826285714285716,0.3570457142857143,0.35662571428571427,0.35710857142857144,0.36138,0.3613142857142857,0.3556485714285714,0.35846857142857147,0.35626857142857143,0.36282,0.29859285714285716,0.2935030612244898,0.28920408163265304,0.28584897959183675,0.2892255102040816,0.2946744897959183,0.29242040816326526,0.2904673469387755,0.2907867346938775,0.2963571428571429,0.29166326530612247,0.28291428571428573,0.2852071428571428,0.2841336734693877,0.29070306122448974,0.29896428571428574,0.30213571428571423,0.30847142857142856,0.3088,0.31192142857142857,0.28723571428571426,0.2865285714285714,0.28677857142857144,0.29016904761904766,0.2990333333333333,0.30614047619047613,0.30294999999999994,0.2702,0.27358095238095237,0.2867785714285714,0.30151292517006806,0.3014102040816326,0.29961564625850334,0.3012836734693877,0.3059972789115647,0.3012095238095237,0.299730612244898,0.29747482993197283,0.29952312925170066,0.3100421768707483,0.3078639455782313,0.30810884353741497,0.3121285714285714,0.310638775510204,0.3157319727891157,Male,5,5-7,Elementary,S,NC,R16S14b5_info1_250Hz_gu2_AEP.conn
R16A06G10,R16A06g10_info1_250Hz_gu3_AEP.conn,gu3,0.1700047619047619,0.1724380952380952,0.16849999999999998,0.16832380952380954,0.1666190476190476,0.1686,0.16482857142857144,0.1613095238095238,0.1566857142857143,0.16496666666666665,0.1623095238095238,0.1627142857142857,0.20509523809523814,0.20176666666666665,0.2039857142857143,0.3006257142857142,0.3074057142857143,0.3135257142857143,0.31508857142857144,0.30923428571428574,0.30108,0.3013457142857143,0.3024628571428571,0.30209714285714284,0.30585999999999997,0.3099228571428571,0.3098457142857143,0.33118,0.33212857142857144,0.34088285714285715,0.37283999999999995,0.37224857142857143,0.37336857142857144,0.3741342857142857,0.3716285714285714,0.37479428571428575,0.3707114285714286,0.36976571428571425,0.37078571428571433,0.35988000000000003,0.3590514285714285,0.36080285714285715,0.35316000000000003,0.3519485714285714,0.35487714285714284,0.2237571428571429,0.22294795918367344,0.2231234693877551,0.22397551020408163,0.22558775510204082,0.23088163265306122,0.23269795918367345,0.2331816326530612,0.2329918367346939,0.22489897959183672,0.2242938775510204,0.22772346938775515,0.22946122448979595,0.23017448979591837,0.22932040816326535,0.31934761904761905,0.31908571428571425,0.32216904761904763,0.32424285714285717,0.3258857142857143,0.3246571428571428,0.32326666666666665,0.3263142857142857,0.3287238095238095,0.3268380952380953,0.32879047619047613,0.3304452380952381,0.32739523809523813,0.3301904761904762,0.3266047619047619,0.30573945578231293,0.30540272108843536,0.3064285714285714,0.3086204081632653,0.30981972789115647,0.305930612244898,0.3075809523809524,0.3100034013605442,0.31180204081632645,0.3136448979591837,0.3144931972789116,0.31566394557823124,0.3156952380952381,0.3175843537414966,0.3199884353741496,Female,10,8-12,Elementary,A,NC,R16A06g10_info1_250Hz_gu2_AEP.conn
R16E06Y08G8,R16E06y08g8_info1_250Hz_gu3_AEP.conn,gu3,0.2736523809523809,0.27494285714285716,0.27528095238095235,0.2729857142857143,0.27301904761904766,0.27628571428571425,0.28267619047619047,0.2812333333333334,0.27939523809523803,0.27535714285714286,0.2784333333333333,0.2789714285714286,0.31053333333333333,0.30950000000000005,0.3087333333333333,0.3731685714285714,0.37323428571428574,0.3722971428571429,0.3684685714285714,0.3689628571428571,0.3694257142857143,0.3728857142857143,0.36808571428571435,0.3611142857142857,0.3610342857142857,0.36031142857142856,0.35733714285714285,0.3815857142857143,0.3780314285714286,0.38156285714285704,0.35621714285714284,0.3578714285714285,0.35126285714285715,0.3498257142857143,0.3453171428571428,0.3456057142857143,0.34881142857142855,0.34721714285714284,0.3440542857142857,0.34609428571428574,0.3378285714285714,0.33743142857142855,0.3349914285714286,0.3356685714285714,0.3426828571428572,0.25669183673469387,0.2550561224489796,0.25411938775510207,0.25536530612244895,0.2557663265306122,0.2578204081632653,0.25893673469387757,0.2618918367346938,0.26397142857142863,0.2610836734693877,0.2587622448979591,0.2590469387755102,0.25788469387755103,0.25938469387755103,0.2633,0.30935714285714283,0.31015,0.3098238095238095,0.3070833333333334,0.3037785714285714,0.30684047619047616,0.3086333333333333,0.3072571428571429,0.30403809523809516,0.31586190476190473,0.31694285714285714,0.31437619047619053,0.3122833333333333,0.31367380952380947,0.3201023809523809,0.35481156462585045,0.35615782312925176,0.35857891156462585,0.35873673469387746,0.35990612244897957,0.36076258503401365,0.3643054421768707,0.36618095238095244,0.3656170068027211,0.36698367346938776,0.36980612244897965,0.3699789115646258,0.36941632653061224,0.37097482993197284,0.36688163265306123,Female,8,8-12,Elementary,E,NC,R16E06y08g8_info1_250Hz_gu2_AEP.conn
R16S08G10,R16S08g10_info1_250Hz_gu3_AEP.conn,gu3,0.24484761904761906,0.2507333333333333,0.2513904761904762,0.2506904761904762,0.24552857142857146,0.2346,0.23583333333333334,0.23773333333333335,0.237,0.24605238095238094,0.24651428571428569,0.24555238095238097,0.2678333333333333,0.26767142857142856,0.27567619047619046,0.35665142857142856,0.35503714285714283,0.35766285714285717,0.36124285714285714,0.36135142857142855,0.34810285714285716,0.34847142857142854,0.3494085714285714,0.34903142857142855,0.33988857142857143,0.3435542857142857,0.3434914285714285,0.36132571428571425,0.36342857142857143,0.35430571428571433,0.3209428571428571,0.32377428571428574,0.32548,0.32957142857142857,0.3267685714285714,0.3191085714285714,0.3201657142857143,0.32032,0.3253142857142857,0.3131142857142858,0.31283428571428573,0.3113457142857142,0.3097171428571429,0.3117942857142857,0.3073971428571428,0.25653979591836734,0.25502244897959186,0.25409591836734696,0.2557724489795918,0.25497142857142857,0.25339183673469384,0.249934693877551,0.24528979591836736,0.2465704081632653,0.24708571428571427,0.2454959183673469,0.2437704081632653,0.24574591836734697,0.24400408163265302,0.24818673469387756,0.22624285714285716,0.2281857142857143,0.23038571428571428,0.23178809523809527,0.23336904761904761,0.21334047619047616,0.21009999999999998,0.21225952380952381,0.2152690476190476,0.22415714285714286,0.22710714285714287,0.2283952380952381,0.220497619047619,0.22370476190476193,0.22624761904761903,0.2841272108843538,0.284060544217687,0.2844469387755102,0.28652993197278914,0.2895319727891156,0.2791605442176871,0.27790408163265307,0.27849455782312926,0.27845306122448976,0.2814285714285715,0.28042108843537417,0.2840925170068027,0.2776285714285714,0.28051836734693875,0.2780809523809523,Female,10,8-12,Elementary,S,NC,R16S08g10_info1_250Hz_gu2_AEP.conn
R16S23G8,R16S23g8_info1_250Hz_gu3_AEP.conn,gu3,0.2003857142857143,0.205,0.21007619047619044,0.20894285714285712,0.20812857142857144,0.22047142857142857,0.22449047619047616,0.22395714285714285,0.21825714285714284,0.21067619047619046,0.21119999999999997,0.2132047619047619,0.26448095238095237,0.261247619047619,0.2511714285714286,0.33160285714285714,0.3354628571428571,0.33906285714285717,0.34406000000000003,0.3449514285714286,0.34439714285714285,0.3479028571428572,0.3474885714285715,0.34308285714285713,0.3434857142857143,0.34391714285714287,0.3438028571428572,0.3683142857142857,0.36713428571428575,0.3744828571428572,0.32911428571428575,0.3269514285714286,0.32375999999999994,0.32191714285714285,0.32258,0.33753142857142854,0.33336,0.3276714285714286,0.3221571428571429,0.3340685714285715,0.3322,0.3256171428571429,0.32800857142857137,0.3226657142857142,0.33851428571428566,0.3122551020408163,0.31353367346938776,0.31150102040816313,0.3060081632653061,0.30676632653061225,0.3057071428571429,0.30603673469387754,0.3051989795918368,0.30546428571428574,0.3097316326530612,0.3097438775510204,0.2984265306122449,0.3007561224489796,0.2992122448979591,0.2998438775510203,0.2392,0.24074761904761907,0.2427047619047619,0.2424166666666667,0.24504761904761904,0.24378809523809522,0.24290476190476187,0.24254047619047622,0.24062857142857141,0.25921666666666665,0.26035,0.2603619047619048,0.26466190476190476,0.2650095238095238,0.2642690476190476,0.34324965986394557,0.34376462585034007,0.34100748299319733,0.34097959183673476,0.33968707482993193,0.33699047619047623,0.33689387755102046,0.3409721088435373,0.34387210884353747,0.34565578231292515,0.34071700680272105,0.3402,0.33852448979591837,0.34113401360544215,0.33595578231292517,Female,8,8-12,Elementary,S,NC,R16S23g8_info1_250Hz_gu2_AEP.conn
R16A03G07,R16A03g07_info1_250Hz_gu3_AEP.conn,gu3,0.18277142857142858,0.17868095238095238,0.17334285714285716,0.17056190476190478,0.16696666666666662,0.18374285714285712,0.17486190476190475,0.16762380952380954,0.16331428571428572,0.17734761904761906,0.17373809523809525,0.17045714285714286,0.21662380952380952,0.2099714285714286,0.21553333333333333,0.2986,0.2992457142857143,0.2978571428571429,0.29394,0.29342,0.28863428571428573,0.28483714285714284,0.28033142857142856,0.2752428571428571,0.2915457142857143,0.2908685714285714,0.28476571428571423,0.31092571428571425,0.30526285714285717,0.3149514285714286,0.25794,0.2563714285714286,0.25510285714285713,0.2576771428571429,0.26182285714285713,0.23936285714285715,0.2402457142857143,0.24151142857142854,0.24635714285714286,0.2580714285714286,0.2564457142857143,0.25448857142857145,0.25251428571428575,0.2509314285714286,0.25529142857142856,0.1662,0.1662234693877551,0.16691326530612247,0.16817142857142858,0.1721183673469388,0.1713622448979592,0.17242653061224494,0.17059489795918364,0.16624693877551017,0.16906122448979594,0.16842755102040813,0.1685010204081633,0.1691642857142857,0.16837857142857146,0.16800510204081634,0.16058333333333333,0.16182619047619046,0.15692619047619047,0.15018571428571428,0.15166666666666664,0.16313333333333332,0.16174761904761906,0.15837619047619048,0.15743809523809527,0.16589285714285718,0.16431190476190474,0.1569190476190476,0.16216190476190476,0.15789761904761904,0.16614285714285715,0.25459115646258496,0.2578721088435374,0.2592904761904762,0.2580353741496599,0.25654081632653064,0.2503190476190476,0.2521333333333333,0.2529455782312925,0.25456190476190477,0.265378231292517,0.26561836734693883,0.2629367346938775,0.2623421768707483,0.2632673469387755,0.26645646258503397,Female,7,5-7,Elementary,A,NC,R16A03g07_info1_250Hz_gu2_AEP.conn
R16S13B9,R16S13b9_info1_250Hz_gu3_AEP.conn,gu3,0.1570047619047619,0.1578809523809524,0.15767619047619047,0.15856666666666666,0.16187142857142858,0.1630047619047619,0.15583333333333335,0.15265238095238096,0.1558761904761905,0.17321428571428574,0.1732761904761905,0.17422380952380953,0.20068095238095238,0.19574761904761906,0.2165095238095238,0.31863714285714284,0.3229571428571429,0.32452000000000003,0.3221428571428572,0.32145142857142855,0.3181771428571428,0.31802571428571424,0.31769428571428565,0.3165228571428571,0.31909999999999994,0.32085142857142857,0.3160857142857143,0.3339457142857143,0.33326,0.33406571428571424,0.3723571428571428,0.3758714285714285,0.37757714285714283,0.37842285714285706,0.38022,0.3749571428571429,0.3734514285714286,0.37302285714285716,0.37394,0.38006,0.37896857142857143,0.3765685714285714,0.3667771428571428,0.36766,0.36764857142857144,0.22682653061224486,0.2298438775510204,0.22898367346938778,0.22535306122448984,0.22768979591836733,0.22343571428571427,0.22697755102040817,0.22674897959183676,0.2244979591836734,0.22636326530612247,0.22503367346938777,0.22755612244897963,0.23232244897959187,0.23053979591836732,0.2327071428571428,0.2312952380952381,0.2358071428571428,0.2356357142857143,0.23150476190476188,0.23164761904761907,0.22462380952380953,0.22479285714285713,0.22222380952380957,0.22220714285714285,0.2393928571428571,0.24189285714285713,0.23853809523809524,0.23625238095238096,0.23427619047619044,0.24478095238095235,0.28875850340136056,0.28974217687074827,0.2898020408163265,0.2902571428571428,0.2891238095238095,0.2865265306122449,0.2865040816326531,0.2872979591836735,0.28653741496598634,0.2902163265306122,0.29039999999999994,0.29116666666666663,0.2911639455782313,0.29174421768707476,0.29048027210884353,Male,9,8-12,Elementary,S,NC,R16S13b9_info1_250Hz_gu2_AEP.conn
R16BF06G8,R16BF06g8_info1_250Hz_gu3_AEP.conn,gu3,0.36455714285714286,0.3715523809523809,0.37423333333333336,0.3684619047619047,0.3688238095238095,0.3626047619047619,0.3602714285714286,0.3563571428571429,0.35717142857142853,0.36837142857142857,0.37283333333333335,0.3681904761904762,0.38578571428571434,0.3813190476190476,0.3969047619047619,0.44109428571428577,0.43989142857142854,0.4410571428571429,0.44385714285714284,0.4438514285714287,0.43749714285714286,0.4386657142857143,0.43761142857142854,0.4359171428571428,0.4403657142857143,0.4397371428571429,0.44048571428571426,0.45578,0.45312,0.4550885714285714,0.34473428571428577,0.3447971428571429,0.34441714285714287,0.34397714285714287,0.3452142857142857,0.3557742857142857,0.3574657142857143,0.35622,0.35146285714285713,0.33336857142857146,0.3330285714285714,0.33327428571428575,0.34531428571428574,0.3452857142857143,0.33206285714285716,0.3263806122448979,0.3276459183673469,0.3285938775510204,0.3292265306122449,0.32875816326530616,0.3196316326530612,0.3209908163265306,0.3242724489795919,0.3252469387755102,0.32248877551020405,0.32342857142857145,0.32582653061224487,0.3222030612244899,0.3235183673469388,0.31973367346938775,0.3537095238095238,0.3551357142857143,0.3592571428571429,0.36275952380952375,0.36585,0.3548357142857143,0.3576,0.3615357142857143,0.3610976190476191,0.37231428571428565,0.3741785714285714,0.3725690476190476,0.35546666666666665,0.36021666666666663,0.35715,0.3349244897959184,0.3329666666666667,0.3314517006802721,0.33113129251700674,0.3310945578231292,0.3312639455782313,0.332287074829932,0.3326884353741497,0.3316959183673469,0.34031700680272114,0.33635850340136053,0.3355931972789115,0.3432163265306122,0.3413333333333333,0.3438578231292518,Female,8,8-12,Elementary,S,NC,R16BF06g8_info1_250Hz_gu2_AEP.conn
R16A07B12,R16A07b12_info1_250Hz_gu3_AEP.conn,gu3,0.26092857142857145,0.25482857142857146,0.25238571428571427,0.26210952380952385,0.2511380952380952,0.2463428571428572,0.23588571428571428,0.2380428571428572,0.24192380952380954,0.24560476190476188,0.24409999999999998,0.25403333333333333,0.2672047619047619,0.2716809523809524,0.2701571428571428,0.38286,0.38453714285714286,0.3850371428571428,0.38115142857142853,0.3674314285714286,0.38377428571428573,0.3788828571428572,0.37602285714285716,0.3771628571428572,0.3808657142857143,0.37817142857142855,0.37537428571428566,0.39857714285714285,0.3983914285714286,0.3944342857142857,0.39032,0.38878285714285715,0.3859485714285714,0.38618857142857144,0.38993714285714287,0.37647142857142846,0.3795657142857143,0.3772257142857143,0.3782628571428571,0.37325714285714284,0.3737314285714286,0.37589999999999996,0.3663942857142858,0.3671028571428572,0.3681828571428572,0.3053683673469388,0.3046530612244898,0.30863877551020413,0.3091285714285714,0.3089581632653062,0.3074571428571428,0.30599795918367345,0.30534285714285714,0.30557346938775515,0.3070785714285714,0.3107877551020408,0.3120785714285715,0.31135102040816326,0.3091826530612245,0.3158928571428571,0.3314214285714286,0.33194999999999997,0.33765952380952385,0.33800476190476186,0.32917857142857143,0.3428595238095238,0.3374928571428571,0.33096666666666663,0.3321238095238095,0.34519285714285713,0.3531071428571429,0.3540666666666667,0.3459833333333333,0.34110238095238093,0.35103333333333336,0.33058503401360545,0.33024625850340134,0.32685782312925166,0.3225006802721088,0.3204775510204082,0.3250829931972789,0.32627482993197277,0.3259782312925171,0.32674965986394566,0.3374877551020409,0.3322374149659864,0.32839387755102045,0.33468979591836734,0.33693469387755104,0.3385401360544218,Male,12,8-12,Secondary,A,NC,R16A07b12_info1_250Hz_gu2_AEP.conn
R16E01Y10G,R16E01y10g_info1_250Hz_gu3_AEP.conn,gu3,0.2915285714285714,0.29514761904761905,0.29922857142857145,0.29350952380952383,0.2964380952380952,0.2948523809523809,0.2869952380952381,0.28641904761904763,0.28874285714285713,0.2933047619047619,0.292847619047619,0.2905904761904762,0.3281666666666667,0.32734285714285716,0.3202904761904762,0.32696285714285717,0.3312942857142857,0.32209714285714286,0.3234571428571429,0.32613142857142857,0.3363314285714286,0.3303628571428572,0.3275742857142857,0.32986,0.3322714285714286,0.32154285714285713,0.32369714285714285,0.3576142857142857,0.3555628571428572,0.34527142857142856,0.3128457142857143,0.31442,0.3196542857142857,0.3245,0.32881714285714286,0.33031428571428567,0.3332742857142857,0.33439428571428575,0.3288514285714286,0.3143,0.3200885714285714,0.3243714285714286,0.3304742857142858,0.3313885714285714,0.32818,0.1874051020408163,0.18688163265306126,0.1857561224489796,0.18258367346938778,0.18591326530612245,0.1882551020408163,0.191515306122449,0.18811938775510204,0.18597448979591835,0.18614285714285714,0.18549183673469388,0.1866918367346939,0.19737244897959186,0.19406530612244902,0.19106632653061226,0.2409,0.24002619047619048,0.23936190476190478,0.23851666666666668,0.23617857142857146,0.23661428571428575,0.23965,0.24370476190476187,0.24014285714285713,0.23548095238095237,0.23509761904761903,0.235002380952381,0.22901190476190478,0.23477857142857142,0.22992619047619045,0.3105333333333333,0.3110884353741496,0.31111292517006806,0.30944965986394546,0.30817210884353735,0.3086530612244898,0.3067857142857143,0.3064217687074831,0.30789863945578233,0.3180836734693877,0.3159795918367347,0.31425986394557825,0.3132687074829932,0.3108374149659864,0.3166687074829932,Female,10,8-12,Elementary,E,NC,R16E01y10g_info1_250Hz_gu2_AEP.conn
R16X01S_G10,R16x01S_g10_info1_250Hz_gu3_AEP.conn,gu3,0.21561428571428568,0.21139523809523808,0.20726190476190476,0.2009,0.1925809523809524,0.2084285714285714,0.21262857142857147,0.21095238095238097,0.2018047619047619,0.20443333333333333,0.1983,0.19534285714285715,0.23932857142857142,0.23539523809523807,0.23155238095238095,0.2801028571428571,0.28008285714285713,0.28071714285714283,0.28139142857142857,0.28274857142857146,0.2835142857142857,0.27946000000000004,0.2813942857142857,0.27868857142857145,0.2890885714285715,0.2901028571428571,0.28994285714285717,0.30354000000000003,0.30678,0.30950857142857136,0.2785228571428572,0.27653142857142854,0.27733714285714284,0.27834000000000003,0.27910857142857143,0.28318000000000004,0.2868771428571429,0.28708857142857147,0.28359428571428574,0.2695285714285714,0.2714114285714285,0.2708028571428572,0.28017714285714285,0.2816142857142857,0.27531428571428573,0.24284489795918368,0.24270102040816327,0.24306122448979597,0.24231224489795916,0.2391540816326531,0.2423265306122449,0.2418428571428571,0.2439377551020408,0.24351020408163268,0.2404275510204082,0.24291632653061224,0.24297244897959178,0.24524081632653064,0.24696224489795918,0.24255816326530616,0.1909428571428571,0.1930047619047619,0.19708809523809523,0.19538333333333333,0.18930476190476186,0.19614761904761904,0.1939142857142857,0.19528095238095236,0.19606666666666664,0.20077619047619047,0.2047952380952381,0.20035238095238095,0.2025904761904762,0.20371666666666668,0.20545238095238094,0.3464476190476191,0.34443197278911564,0.34516666666666657,0.3460489795918367,0.34545374149659863,0.3458673469387755,0.348025850340136,0.3490149659863946,0.34892108843537417,0.3490088435374149,0.34919795918367347,0.3495925170068027,0.35441020408163276,0.3556163265306122,0.3544680272108843,Female,10,8-12,Elementary,S,NC,R16x01S_g10_info1_250Hz_gu2_AEP.conn
R16E02Y06B,R16E02y06b_info1_250Hz_gu3_AEP.conn,gu3,0.4522761904761905,0.4540619047619048,0.45658095238095237,0.45512380952380954,0.4528428571428571,0.4503,0.4544047619047619,0.4523,0.44953809523809524,0.46034285714285716,0.4593285714285715,0.454552380952381,0.47012857142857145,0.46380952380952384,0.4725142857142857,0.42301142857142854,0.4238828571428571,0.42607999999999996,0.42908285714285715,0.4272228571428571,0.42657999999999996,0.42812,0.42188,0.4240457142857143,0.44110285714285713,0.43916857142857146,0.43833714285714287,0.4403428571428571,0.4324714285714286,0.45429142857142857,0.42076,0.42326571428571425,0.4278114285714286,0.42938,0.42926285714285717,0.42055999999999993,0.42096857142857136,0.4246885714285714,0.4271857142857143,0.4207257142857143,0.42298857142857144,0.42353428571428575,0.4122057142857143,0.4111285714285714,0.42109428571428575,0.38641224489795917,0.38033673469387747,0.38031836734693886,0.37799285714285713,0.37868163265306126,0.38232755102040816,0.38305510204081633,0.3822826530612245,0.3841255102040817,0.38551326530612245,0.38478367346938763,0.3759234693877551,0.37708061224489803,0.3756765306122448,0.37613673469387754,0.4321119047619048,0.4292857142857143,0.4305285714285714,0.4296142857142857,0.4305857142857143,0.4235976190476191,0.42225952380952386,0.4216,0.4229761904761904,0.4282214285714286,0.42658095238095234,0.42313095238095233,0.4080142857142857,0.4079,0.4170261904761905,0.4311918367346938,0.4348714285714285,0.4375795918367347,0.4385108843537416,0.4387401360544218,0.43282789115646264,0.43550544217687076,0.4362666666666667,0.43495578231292514,0.4449258503401361,0.4425639455782313,0.44346326530612246,0.4443170068027211,0.44499727891156454,0.4482945578231292,Female,6,5-7,Elementary,E,NC,R16E02y06b_info1_250Hz_gu2_AEP.conn
R16E14B10,R16E14b10_info1_250Hz_gu3_AEP.conn,gu3,0.16780476190476193,0.16977142857142857,0.17090952380952384,0.16897619047619047,0.17020000000000002,0.1617142857142857,0.1618857142857143,0.16575714285714285,0.16995238095238097,0.17043333333333333,0.17478095238095237,0.17714761904761908,0.2098,0.21382380952380955,0.21649523809523807,0.31566285714285713,0.31776571428571426,0.31794,0.3162571428571429,0.3138971428571428,0.3070885714285715,0.3088485714285715,0.31078285714285714,0.3100342857142857,0.3120428571428572,0.31347142857142857,0.3119914285714286,0.3341742857142857,0.33619714285714286,0.33392,0.31491714285714284,0.3167942857142857,0.31841142857142857,0.31409428571428577,0.31248,0.3077142857142857,0.31003142857142857,0.3113885714285714,0.3083828571428572,0.3103742857142857,0.3148342857142857,0.31104571428571426,0.30646,0.3105714285714286,0.31789142857142855,0.20069897959183672,0.20206122448979594,0.2028867346938775,0.20266122448979593,0.20322448979591834,0.2023714285714286,0.20181632653061227,0.2023561224489796,0.20457959183673471,0.2042469387755102,0.2058673469387755,0.20469795918367348,0.20250816326530607,0.20372755102040813,0.20656326530612246,0.18393809523809526,0.18881190476190476,0.19159761904761904,0.1926,0.19183333333333333,0.18463809523809524,0.18250000000000002,0.18153571428571427,0.1865904761904762,0.19438809523809522,0.19820714285714283,0.19854523809523808,0.19486904761904764,0.19156190476190474,0.2072333333333333,0.2667034013605442,0.2680482993197279,0.270043537414966,0.27010680272108845,0.26943741496598633,0.268408843537415,0.2683857142857143,0.2690006802721089,0.26858027210884355,0.27502585034013605,0.2763081632653061,0.27575238095238097,0.2789306122448979,0.279295918367347,0.28102993197278914,Male,10,8-12,Elementary,E,NC,R16E14b10_info1_250Hz_gu2_AEP.conn
R16E11B5,R16E11b5_info1_250Hz_gu3_AEP.conn,gu3,0.25764761904761907,0.2543142857142857,0.25497619047619047,0.2602571428571428,0.2644571428571429,0.26502380952380955,0.26899047619047617,0.2695476190476191,0.2716904761904762,0.2563190476190476,0.2529619047619048,0.25602857142857144,0.3005380952380952,0.3018285714285714,0.2979,0.3429514285714286,0.3374057142857143,0.3390171428571428,0.34256285714285717,0.3443057142857143,0.34218000000000004,0.3427114285714286,0.3453342857142857,0.3448371428571429,0.34050571428571424,0.3387714285714286,0.34033428571428576,0.37105714285714286,0.3740257142857143,0.37010857142857145,0.2979942857142857,0.2972,0.2895057142857143,0.28565142857142856,0.2860371428571428,0.3006714285714286,0.2941857142857143,0.28981142857142855,0.2889285714285714,0.3035857142857143,0.2977314285714286,0.2943685714285714,0.2964342857142857,0.2916371428571429,0.29448,0.20208673469387756,0.20228571428571432,0.20500000000000002,0.2090204081632653,0.21186326530612248,0.20948571428571428,0.20971224489795914,0.20956224489795922,0.21091530612244896,0.20582755102040817,0.207784693877551,0.21126224489795922,0.21608877551020406,0.21437142857142857,0.2141316326530612,0.2350595238095238,0.23576904761904763,0.2416238095238095,0.2466642857142857,0.24648571428571428,0.23590238095238095,0.23755952380952383,0.2417142857142857,0.2447452380952381,0.24369285714285716,0.25093095238095237,0.2564238095238095,0.2546380952380953,0.25832380952380957,0.2604166666666667,0.30427074829931977,0.3041462585034013,0.30379931972789115,0.30562993197278904,0.30290476190476195,0.30307551020408163,0.3021401360544217,0.3019149659863945,0.3013911564625851,0.3128877551020408,0.3124918367346939,0.3126993197278911,0.3127659863945578,0.31229387755102034,0.31723673469387753,Male,5,5-7,Elementary,E,NC,R16E11b5_info1_250Hz_gu2_AEP.conn
R16BF01B10,R16BF01b10_info1_250Hz_gu3_AEP.conn,gu3,0.1383857142857143,0.15147619047619046,0.15566190476190475,0.1610095238095238,0.16256190476190477,0.1520809523809524,0.1491761904761905,0.15045714285714287,0.15342857142857144,0.1454095238095238,0.15252857142857143,0.15582857142857143,0.18317619047619046,0.18107142857142855,0.19454761904761905,0.26589999999999997,0.27334,0.2783057142857143,0.2921542857142857,0.2922742857142857,0.2696314285714286,0.26582,0.2781885714285714,0.27671428571428575,0.2794914285714286,0.2871742857142857,0.29900000000000004,0.2936628571428571,0.30497142857142856,0.3153714285714285,0.25553714285714285,0.2580142857142857,0.26248285714285713,0.26192000000000004,0.2604057142857143,0.2553657142857143,0.25386285714285717,0.2563342857142857,0.2537828571428571,0.26152285714285717,0.26679142857142857,0.26788,0.24956,0.25334285714285715,0.27425714285714287,0.3237387755102041,0.32349285714285714,0.31830816326530614,0.3127622448979592,0.31660408163265313,0.31523673469387753,0.31011836734693876,0.30975714285714284,0.3105081632653061,0.3223142857142857,0.3175132653061225,0.31273163265306125,0.3092255102040817,0.31165000000000004,0.31717653061224477,0.30929285714285715,0.3111404761904762,0.31465000000000004,0.31343095238095237,0.31884761904761905,0.283247619047619,0.28446190476190475,0.2911,0.2982761904761904,0.31751666666666667,0.32011904761904764,0.3189809523809524,0.2831952380952381,0.28937142857142856,0.3106166666666666,0.31574285714285716,0.3166802721088436,0.3187394557823129,0.31691156462585035,0.3153496598639456,0.30317823129251703,0.30587619047619047,0.3093115646258503,0.31372993197278914,0.3193877551020408,0.3249659863945578,0.3244482993197279,0.31764421768707485,0.3211639455782313,0.3304666666666667,Male,10,8-12,Elementary,S,NC,R16BF01b10_info1_250Hz_gu2_AEP.conn
R16S12G8,R16S12g8_info1_250Hz_gu3_AEP.conn,gu3,0.1903,0.18658095238095238,0.18669523809523805,0.19643809523809522,0.20007619047619052,0.2023285714285714,0.19906666666666664,0.2011238095238095,0.20806666666666665,0.2024285714285714,0.20628095238095234,0.2130142857142857,0.2545142857142857,0.2569,0.26434285714285716,0.3333685714285714,0.3337685714285714,0.33462285714285717,0.3270342857142857,0.32783428571428574,0.33961428571428576,0.33680571428571426,0.3349228571428572,0.3330142857142857,0.3340057142857143,0.3391457142857143,0.33096000000000003,0.35955714285714285,0.3582371428571428,0.3649857142857143,0.3283114285714286,0.3310571428571428,0.33248,0.3256114285714286,0.3215342857142858,0.3227514285714286,0.32666,0.3253542857142857,0.3210485714285714,0.3299485714285714,0.33167142857142856,0.32149142857142854,0.32002571428571425,0.31737714285714286,0.3250885714285714,0.2450520408163265,0.24541938775510205,0.24593163265306123,0.2468173469387755,0.2467561224489796,0.24733265306122454,0.24635306122448977,0.24714897959183668,0.24672346938775508,0.2464969387755102,0.24711632653061225,0.24406530612244895,0.24012448979591836,0.24101224489795917,0.23866224489795917,0.1950142857142857,0.19330714285714287,0.19128333333333333,0.1975,0.1998857142857143,0.20191190476190476,0.19910952380952376,0.19805238095238095,0.1990333333333333,0.20547619047619048,0.20287619047619046,0.2095357142857143,0.21494761904761905,0.2160738095238095,0.20978333333333332,0.26748095238095243,0.2662986394557823,0.26586326530612236,0.26512176870748305,0.2654904761904762,0.26481156462585037,0.26354897959183676,0.2623006802721089,0.2641210884353742,0.2748340136054422,0.272860544217687,0.27183877551020413,0.27588367346938775,0.2752823129251701,0.28033469387755106,Female,8,8-12,Elementary,S,NC,R16S12g8_info1_250Hz_gu2_AEP.conn
R16S15B10,R16S15b10_info1_250Hz_gu3_AEP.conn,gu3,0.09791428571428572,0.08999523809523809,0.0857904761904762,0.09020952380952381,0.09588571428571428,0.10297142857142856,0.10413809523809521,0.10362380952380952,0.10212857142857142,0.09278571428571429,0.09175238095238093,0.0947047619047619,0.14666666666666667,0.14862380952380952,0.13872857142857142,0.25416,0.25479142857142856,0.2569257142857143,0.26363714285714285,0.26327142857142855,0.25754857142857146,0.2562685714285714,0.258,0.2570571428571429,0.25597714285714285,0.25905999999999996,0.2630685714285714,0.28718,0.2878742857142857,0.28987999999999997,0.2660257142857143,0.26503428571428567,0.26338285714285714,0.2687171428571429,0.2671314285714285,0.2620257142857143,0.26206857142857143,0.26548285714285713,0.26593999999999995,0.26163714285714285,0.2606085714285714,0.26376857142857146,0.26202571428571425,0.26694285714285715,0.2652542857142857,0.23677959183673467,0.23508775510204086,0.23237653061224492,0.23236938775510202,0.2334642857142857,0.2440642857142857,0.2428438775510204,0.23933061224489796,0.23893673469387752,0.23861020408163264,0.23767244897959183,0.23829795918367344,0.2440204081632653,0.24263979591836732,0.24242142857142854,0.22747142857142855,0.22287619047619045,0.21816666666666665,0.21384285714285714,0.21274047619047617,0.22368809523809527,0.22003809523809523,0.21773333333333333,0.21665476190476193,0.2312642857142857,0.22675238095238096,0.22390714285714286,0.2205309523809524,0.21937380952380955,0.21894047619047619,0.221930612244898,0.2204469387755102,0.21768231292517,0.21677278911564626,0.21681632653061217,0.22207482993197286,0.22124489795918367,0.21842721088435374,0.21682176870748301,0.22595714285714294,0.22422925170068023,0.2235040816326531,0.23171768707482998,0.22907619047619052,0.22707414965986397,Male,10,8-12,Elementary,S,NC,R16S15b10_info1_250Hz_gu2_AEP.conn
R16E12B9,R16E12b9_info1_250Hz_gu3_AEP.conn,gu3,0.30914761904761906,0.3128190476190476,0.31678095238095233,0.3125428571428572,0.31849047619047616,0.29505714285714285,0.30164285714285716,0.3104571428571429,0.31293333333333334,0.3061809523809524,0.3082619047619048,0.31076666666666664,0.33809523809523806,0.3464666666666667,0.33813333333333334,0.34675142857142854,0.34527714285714284,0.34492857142857136,0.33748,0.3455628571428571,0.34721428571428564,0.34646571428571427,0.3404314285714286,0.33646,0.3284542857142857,0.33056857142857143,0.32473714285714284,0.3632171428571429,0.36036,0.35149428571428565,0.32670571428571427,0.32739428571428575,0.3359285714285714,0.32639714285714283,0.3246514285714286,0.3076428571428571,0.31172571428571433,0.3216028571428571,0.31911999999999996,0.32205142857142854,0.3245057142857143,0.30795999999999996,0.3073485714285714,0.31429714285714283,0.31719428571428565,0.23532653061224493,0.2384265306122449,0.23894795918367348,0.23953877551020408,0.2391969387755102,0.24866530612244903,0.25044285714285713,0.24084591836734695,0.23429387755102044,0.24199183673469388,0.2411908163265306,0.2412918367346939,0.24903265306122455,0.24209999999999998,0.24292142857142857,0.28818095238095237,0.28686428571428574,0.28306190476190474,0.289802380952381,0.293352380952381,0.27734285714285717,0.27793571428571423,0.27872380952380954,0.28239285714285717,0.30534761904761903,0.30500238095238097,0.31139761904761903,0.2944738095238095,0.2917071428571429,0.30769761904761905,0.3191591836734694,0.32091360544217684,0.32110204081632654,0.32276326530612254,0.3220095238095238,0.3194088435374149,0.3197462585034014,0.3196870748299319,0.3221918367346939,0.3315231292517007,0.3320993197278911,0.33338775510204083,0.33318095238095236,0.33375306122448983,0.33765646258503396,Male,9,8-12,Elementary,E,NC,R16E12b9_info1_250Hz_gu2_AEP.conn
R16E05G10,R16E05g10_info1_250Hz_gu3_AEP.conn,gu3,0.1869571428571429,0.18850476190476192,0.1972761904761905,0.2034047619047619,0.20971428571428574,0.18613809523809524,0.19149047619047618,0.19813809523809525,0.2024857142857143,0.19533333333333333,0.20222857142857142,0.2041238095238095,0.24205238095238094,0.24603333333333333,0.2493238095238095,0.29778571428571426,0.3007142857142857,0.30690285714285714,0.3118971428571429,0.31748857142857145,0.29604285714285716,0.30136571428571424,0.3054428571428571,0.3120228571428572,0.29185999999999995,0.29934571428571427,0.30506,0.32280571428571425,0.3270857142857143,0.32558,0.23229714285714284,0.23053428571428566,0.2335342857142857,0.24058571428571426,0.24370857142857144,0.23151714285714284,0.23586285714285715,0.23775714285714286,0.23936285714285715,0.22314285714285714,0.22495428571428572,0.2321571428571428,0.23286285714285718,0.2386457142857143,0.22632857142857143,0.1898418367346939,0.1871469387755102,0.18746632653061227,0.1899438775510204,0.19169285714285714,0.18215102040816325,0.1837214285714286,0.1874836734693878,0.1891316326530612,0.19096326530612245,0.19218163265306124,0.19311836734693877,0.1850734693877551,0.19021020408163267,0.19575918367346937,0.20406904761904762,0.20529285714285717,0.21010238095238098,0.20686666666666667,0.2045714285714286,0.1979547619047619,0.2060452380952381,0.20814285714285716,0.2086285714285714,0.2075761904761905,0.2109095238095238,0.20873095238095238,0.21271666666666667,0.21666904761904762,0.20829761904761904,0.2958938775510204,0.296308843537415,0.29701496598639454,0.29877210884353744,0.29784421768707486,0.29888911564625853,0.3003020408163265,0.29717551020408167,0.29806122448979594,0.30292108843537413,0.3037931972789115,0.3058408163265305,0.3123374149659863,0.31093605442176875,0.3099156462585034,Female,10,8-12,Elementary,E,NC,R16E05g10_info1_250Hz_gu2_AEP.conn
R16S11B10,R16S11b10_info1_250Hz_gu3_AEP.conn,gu3,0.17025714285714286,0.173452380952381,0.17506190476190475,0.17263809523809523,0.17356666666666667,0.17824285714285715,0.1798047619047619,0.18171428571428572,0.18027142857142855,0.1706238095238095,0.17135238095238092,0.17424285714285714,0.2242666666666667,0.22162380952380953,0.2143238095238095,0.2565314285714286,0.26030571428571425,0.26097714285714285,0.26339142857142855,0.2615514285714286,0.2571171428571429,0.2589542857142857,0.2638857142857143,0.2625285714285714,0.2596485714285714,0.26526285714285713,0.27149142857142855,0.2854514285714286,0.28910857142857144,0.2927371428571429,0.26745142857142856,0.2664514285714286,0.27469142857142853,0.2774285714285714,0.28186857142857147,0.27119714285714286,0.2692085714285714,0.27167142857142856,0.2721485714285714,0.27368,0.2774885714285714,0.28260285714285716,0.26441714285714285,0.26477428571428574,0.27648285714285714,0.2711459183673469,0.270804081632653,0.27230612244897956,0.2748408163265306,0.27472653061224495,0.2672010204081633,0.26561020408163266,0.26930714285714286,0.2689408163265306,0.2711857142857143,0.27066632653061223,0.26876938775510206,0.26349285714285714,0.26484591836734694,0.2654214285714286,0.22394285714285714,0.22314761904761907,0.22546190476190478,0.22371666666666665,0.2219,0.23018809523809522,0.22583333333333333,0.22428809523809523,0.22337619047619048,0.23206904761904765,0.23064761904761907,0.22544047619047622,0.2308309523809524,0.2305761904761905,0.23467142857142861,0.30470884353741506,0.3068503401360544,0.30689183673469383,0.3070251700680272,0.3043959183673469,0.303908843537415,0.3075605442176871,0.3071537414965987,0.3061380952380953,0.3144238095238095,0.31689115646258503,0.31525510204081636,0.31687346938775507,0.31681496598639447,0.32198979591836735,Male,10,8-12,Elementary,S,NC,R16S11b10_info1_250Hz_gu2_AEP.conn
R16S19B10,R16S19b10_info1_250Hz_gu3_AEP.conn,gu3,0.21894761904761906,0.2204,0.21992857142857145,0.21834285714285717,0.21470952380952382,0.22053333333333336,0.22421428571428573,0.2222761904761905,0.21630000000000002,0.2147190476190476,0.21669523809523808,0.21799523809523805,0.2607428571428571,0.2596619047619048,0.2575571428571429,0.3071857142857143,0.3093314285714286,0.3099228571428571,0.3041342857142857,0.30154571428571425,0.3003971428571429,0.30314857142857143,0.3050628571428572,0.3047657142857143,0.31341142857142856,0.3161857142857143,0.3122371428571429,0.33362857142857144,0.3373142857142858,0.33748285714285714,0.3522428571428572,0.35378857142857145,0.35627142857142857,0.3572742857142857,0.3600028571428571,0.37017142857142854,0.3695628571428571,0.3695514285714286,0.37022285714285713,0.35643714285714284,0.36018285714285714,0.36172,0.3565485714285714,0.3589171428571428,0.3528685714285714,0.296965306122449,0.2950030612244898,0.29333367346938777,0.29326734693877554,0.2953448979591836,0.2991744897959183,0.2982704081632653,0.29764387755102045,0.2987908163265306,0.2975122448979592,0.2966244897959184,0.29716938775510204,0.3073102040816326,0.30626734693877555,0.3020724489795918,0.34089047619047624,0.34425476190476195,0.3489571428571429,0.3517047619047619,0.3494928571428571,0.34527380952380954,0.34590476190476194,0.34911190476190473,0.3509928571428571,0.33825476190476195,0.3429761904761905,0.3453380952380953,0.33062380952380954,0.33217619047619046,0.3300380952380952,0.30289387755102043,0.3029945578231293,0.3048816326530612,0.3067714285714286,0.308187074829932,0.3070816326530614,0.3062639455782313,0.3067979591836735,0.3093190476190476,0.31042517006802717,0.3135979591836735,0.31463197278911564,0.31181700680272106,0.3122061224489796,0.3164761904761905,Male,10,8-12,Elementary,S,NC,R16S19b10_info1_250Hz_gu2_AEP.conn
R16S18G10,R16S18g10_info1_250Hz_gu3_AEP.conn,gu3,0.19251904761904762,0.19228095238095236,0.1928238095238095,0.19800476190476193,0.2021952380952381,0.20386190476190477,0.20704761904761906,0.21249523809523807,0.21414761904761903,0.20287142857142856,0.2026619047619048,0.2062190476190476,0.2559428571428572,0.25824761904761906,0.2541,0.35594000000000003,0.3542,0.3545885714285714,0.35064285714285715,0.34984857142857145,0.3568085714285715,0.3592,0.36125428571428575,0.35737428571428576,0.35957142857142854,0.35848,0.35437142857142856,0.38684571428571424,0.3896628571428572,0.3862914285714286,0.31593142857142853,0.31514,0.3157628571428571,0.3109257142857143,0.3082457142857143,0.31318,0.31053142857142857,0.31155428571428573,0.31046,0.3131714285714286,0.31387714285714285,0.31174857142857143,0.3085857142857143,0.3106514285714286,0.3110571428571428,0.2258275510204082,0.22791224489795922,0.22818163265306124,0.22802755102040814,0.22922244897959182,0.2298714285714286,0.2310244897959184,0.23106020408163266,0.23175204081632653,0.22969285714285714,0.22974285714285708,0.2291755102040816,0.23578061224489794,0.23670714285714287,0.2342561224489796,0.20197857142857142,0.20137380952380948,0.19914761904761905,0.19721904761904763,0.19929523809523808,0.19671190476190478,0.19584761904761905,0.20173333333333332,0.20591190476190477,0.2181642857142857,0.21432857142857142,0.21048095238095235,0.2056095238095238,0.20772619047619045,0.2164595238095238,0.2440918367346939,0.2436829931972789,0.24246394557823125,0.24137074829931973,0.2410285714285714,0.24422653061224492,0.24290680272108847,0.24279115646258503,0.2435095238095238,0.2548795918367347,0.25421768707482995,0.2526102040816327,0.2563666666666667,0.25629591836734694,0.25918775510204084,Female,10,8-12,Elementary,S,NC,R16S18g10_info1_250Hz_gu2_AEP.conn
