participant_id,filename,condition,delta_ACtL_ACrL,delta_ACtL_ACaL,delta_ACtL_ACtR,delta_ACtL_ACrR,delta_ACtL_ACaR,delta_ACrL_ACaL,delta_ACrL_ACtR,delta_ACrL_ACrR,delta_ACrL_ACaR,delta_ACaL_ACtR,delta_ACaL_ACrR,delta_ACaL_ACaR,delta_ACtR_ACrR,delta_ACtR_ACaR,delta_ACrR_ACaR,theta_ACtL_ACrL,theta_ACtL_ACaL,theta_ACtL_ACtR,theta_ACtL_ACrR,theta_ACtL_ACaR,theta_ACrL_ACaL,theta_ACrL_ACtR,theta_ACrL_ACrR,theta_ACrL_ACaR,theta_ACaL_ACtR,theta_ACaL_ACrR,theta_ACaL_ACaR,theta_ACtR_ACrR,theta_ACtR_ACaR,theta_ACrR_ACaR,alpha_ACtL_ACrL,alpha_ACtL_ACaL,alpha_ACtL_ACtR,alpha_ACtL_ACrR,alpha_ACtL_ACaR,alpha_ACrL_ACaL,alpha_ACrL_ACtR,alpha_ACrL_ACrR,alpha_ACrL_ACaR,alpha_ACaL_ACtR,alpha_ACaL_ACrR,alpha_ACaL_ACaR,alpha_ACtR_ACrR,alpha_ACtR_ACaR,alpha_ACrR_ACaR,beta_ACtL_ACrL,beta_ACtL_ACaL,beta_ACtL_ACtR,beta_ACtL_ACrR,beta_ACtL_ACaR,beta_ACrL_ACaL,beta_ACrL_ACtR,beta_ACrL_ACrR,beta_ACrL_ACaR,beta_ACaL_ACtR,beta_ACaL_ACrR,beta_ACaL_ACaR,beta_ACtR_ACrR,beta_ACtR_ACaR,beta_ACrR_ACaR,highbeta_ACtL_ACrL,highbeta_ACtL_ACaL,highbeta_ACtL_ACtR,highbeta_ACtL_ACrR,highbeta_ACtL_ACaR,highbeta_ACrL_ACaL,highbeta_ACrL_ACtR,highbeta_ACrL_ACrR,highbeta_ACrL_ACaR,highbeta_ACaL_ACtR,highbeta_ACaL_ACrR,highbeta_ACaL_ACaR,highbeta_ACtR_ACrR,highbeta_ACtR_ACaR,highbeta_ACrR_ACaR,gamma_ACtL_ACrL,gamma_ACtL_ACaL,gamma_ACtL_ACtR,gamma_ACtL_ACrR,gamma_ACtL_ACaR,gamma_ACrL_ACaL,gamma_ACrL_ACtR,gamma_ACrL_ACrR,gamma_ACrL_ACaR,gamma_ACaL_ACtR,gamma_ACaL_ACrR,gamma_ACaL_ACaR,gamma_ACtR_ACrR,gamma_ACtR_ACaR,gamma_ACrR_ACaR,gender,age,age_group,age_group_edu,lang,lang_group,file_name
R16C28M6,R16C28m6_info1_250Hz_gu3_AEP.conn,gu3,0.24668095238095242,0.24996190476190475,0.25098095238095236,0.25053333333333333,0.24609523809523806,0.2450619047619048,0.25010952380952384,0.25539523809523806,0.2552857142857143,0.2538714285714286,0.2548190476190476,0.2535904761904762,0.2726333333333333,0.28055238095238094,0.2852952380952381,0.32594,0.3261342857142857,0.3251885714285714,0.3247885714285715,0.33045142857142856,0.33196857142857145,0.33239142857142856,0.33161428571428575,0.33215142857142854,0.3228628571428572,0.32428,0.32653714285714286,0.3579914285714285,0.35703142857142856,0.3482342857142857,0.3262028571428571,0.3259457142857143,0.32331999999999994,0.3233428571428571,0.3250257142857143,0.32049142857142854,0.32071714285714287,0.3238857142857143,0.32798857142857146,0.32241714285714285,0.3235971428571428,0.32468,0.32883142857142855,0.3334942857142858,0.3361057142857143,0.3795979591836734,0.380534693877551,0.380238775510204,0.38015306122448983,0.38122755102040823,0.3783316326530612,0.37898979591836734,0.3779479591836735,0.37631734693877555,0.38174387755102046,0.3810234693877551,0.38107755102040813,0.39474489795918366,0.39483673469387753,0.3953408163265307,0.4100571428571429,0.4096880952380953,0.407297619047619,0.41107857142857146,0.4161952380952381,0.4137166666666667,0.41002619047619043,0.40982857142857143,0.41272380952380955,0.4137952380952381,0.41009999999999996,0.4126809523809524,0.4134523809523809,0.41602857142857147,0.4108619047619047,0.322512925170068,0.32066462585034017,0.31943333333333335,0.3197442176870748,0.32154081632653064,0.31921836734693876,0.3185510204081633,0.3187081632653061,0.3196625850340136,0.3214891156462585,0.32140476190476186,0.32198503401360534,0.31758911564625847,0.3168278911564626,0.32300680272108845,Male,6,5-7,Elementary,C,C,R16C28m6_info1_250Hz_gu2_AEP.conn
R16C06B16,R16C06b16_info1_250Hz_gu3_AEP(1).conn,gu3,0.2510857142857143,0.2534619047619047,0.2514571428571429,0.2512047619047619,0.2523238095238095,0.2552190476190476,0.25518095238095234,0.2565952380952381,0.2608285714285714,0.25497142857142857,0.25534285714285715,0.2574190476190476,0.29887619047619046,0.2996904761904762,0.29578571428571426,0.35038857142857144,0.35194,0.3518257142857143,0.35585714285714287,0.3603171428571429,0.35078,0.35136,0.3556514285714286,0.3607314285714286,0.3516828571428572,0.35302285714285714,0.35906000000000005,0.3712142857142857,0.3736628571428572,0.36730285714285715,0.22302285714285713,0.2279285714285714,0.23270285714285718,0.23411714285714286,0.23536285714285715,0.21512285714285712,0.21596857142857143,0.21736,0.22067428571428574,0.2262942857142857,0.22733999999999996,0.22794000000000003,0.20130857142857145,0.20113142857142857,0.21316857142857146,0.2764989795918367,0.27787244897959185,0.2776204081632653,0.2771816326530613,0.2774173469387755,0.27909897959183677,0.27892755102040817,0.2788255102040817,0.27985714285714286,0.2784551020408163,0.2782081632653061,0.27793775510204083,0.2912551020408163,0.2918367346938776,0.29145102040816323,0.33731428571428573,0.33827380952380953,0.3403238095238095,0.34100714285714284,0.34155,0.33528571428571424,0.33884761904761906,0.3413738095238095,0.34008095238095243,0.3413761904761905,0.3423380952380952,0.34373095238095236,0.3393928571428571,0.34244047619047624,0.3416119047619048,0.2651646258503402,0.2638795918367346,0.2627802721088435,0.26332380952380957,0.26648979591836736,0.26944557823129245,0.26933265306122445,0.27022925170068024,0.270148299319728,0.26506462585034024,0.2641319727891156,0.2646591836734694,0.26275850340136053,0.2636462585034014,0.26443333333333335,Male,16,Teen,Secondary,C,C,R16C06b16_info1_250Hz_gu2_AEP(1).conn
R16MME07GU_F10,R16mme07gu_f10_info1_250Hz_gu3_AEP.conn,gu3,0.2835761904761905,0.26420952380952384,0.2633761904761905,0.2700476190476191,0.28070476190476185,0.26975714285714286,0.2729095238095238,0.2920857142857143,0.29038095238095235,0.25453333333333333,0.2588047619047619,0.26886190476190475,0.33269047619047615,0.36016190476190485,0.31527619047619043,0.35132857142857143,0.34396,0.3681,0.3798371428571429,0.3613314285714287,0.3411171428571429,0.34439142857142857,0.3649342857142857,0.3550142857142857,0.3372857142857143,0.36349142857142863,0.37689142857142854,0.3690714285714286,0.3925314285714286,0.3896257142857143,0.3186657142857142,0.3274485714285714,0.3397742857142857,0.3330285714285714,0.32284285714285715,0.3286485714285714,0.3414657142857143,0.34604,0.34615714285714283,0.33786,0.34876857142857143,0.34263428571428567,0.3661942857142857,0.3683885714285714,0.35825428571428575,0.40343775510204083,0.4043377551020408,0.4003928571428571,0.403034693877551,0.39391836734693875,0.4142204081632654,0.3996030612244898,0.40100510204081635,0.39622244897959175,0.41415306122448975,0.41230510204081633,0.41586224489795925,0.4271020408163266,0.4268112244897959,0.4292224489795918,0.4590666666666667,0.46728333333333333,0.46159047619047616,0.458,0.4479285714285714,0.482802380952381,0.4841904761904761,0.47790952380952384,0.44715714285714286,0.4694333333333333,0.4648333333333334,0.46280476190476194,0.492447619047619,0.48364761904761905,0.4617547619047619,0.36342789115646257,0.3652986394557823,0.3612965986394558,0.3649931972789115,0.3658068027210885,0.35866258503401366,0.35976394557823116,0.35628503401360534,0.3648687074829931,0.36192448979591835,0.35806598639455794,0.3615816326530612,0.35104693877551024,0.34657551020408167,0.35608979591836726,Female,10,8-12,Elementary,C,C,R16mme07gu_f10_info1_250Hz_gu2_AEP.conn
R16C18B7,R16C18b7_info1_250Hz_gu3_AEP.conn,gu3,0.37047619047619046,0.3669761904761905,0.36730476190476197,0.3695523809523809,0.3831619047619048,0.36560476190476193,0.36500952380952384,0.37332857142857145,0.3749476190476191,0.3643476190476191,0.3646809523809524,0.36689047619047616,0.4072714285714285,0.41521428571428576,0.4172666666666667,0.4362914285714286,0.43597142857142857,0.4352142857142858,0.43762,0.4421657142857143,0.4358257142857143,0.4328857142857143,0.4340657142857142,0.43521714285714286,0.44534285714285715,0.4456542857142856,0.4481057142857143,0.4687114285714286,0.46818285714285723,0.47188285714285716,0.3923057142857143,0.3946885714285714,0.39696,0.38867714285714283,0.3840914285714286,0.4029,0.4059285714285714,0.4109285714285715,0.4095857142857143,0.3982542857142858,0.40496,0.39723714285714284,0.4095142857142857,0.41244,0.40442285714285714,0.4864469387755102,0.4895928571428571,0.48941632653061223,0.48767857142857146,0.48270408163265305,0.4916122448979592,0.49361122448979583,0.49030612244897964,0.4857010204081633,0.4951316326530613,0.49535612244897964,0.4929520408163265,0.508204081632653,0.5040561224489796,0.5084214285714286,0.455454761904762,0.45893333333333336,0.4650404761904761,0.47131428571428574,0.4691071428571429,0.4681166666666667,0.46876190476190477,0.4732119047619047,0.47218809523809524,0.46117619047619046,0.4639928571428571,0.4683880952380952,0.47446666666666665,0.47816428571428565,0.4652476190476191,0.40743129251700677,0.4103469387755102,0.41150612244897955,0.4114333333333334,0.4118931972789116,0.4143598639455782,0.41328367346938777,0.41454557823129257,0.4156054421768708,0.41463537414965995,0.4168224489795919,0.41766802721088425,0.4108231292517007,0.41176734693877554,0.4208176870748299,Male,7,5-7,Elementary,C,C,R16C18b7_info1_250Hz_gu2_AEP.conn
R16C19G8,R16C19g8_info1_250Hz_gu3_AEP.conn,gu3,0.2863952380952381,0.2552285714285714,0.2757904761904762,0.3071714285714286,0.30402380952380953,0.26315714285714287,0.2997666666666667,0.30447142857142856,0.2861142857142857,0.2545476190476191,0.27705714285714284,0.3066809523809524,0.3902904761904762,0.39287142857142854,0.34637142857142855,0.41373999999999994,0.3873142857142858,0.3926628571428571,0.4050228571428572,0.4027200000000001,0.39288857142857136,0.40974857142857146,0.4028514285714285,0.37766,0.3738457142857143,0.37650285714285714,0.38770000000000004,0.4271342857142857,0.4168457142857143,0.3814142857142857,0.39192,0.37993428571428567,0.35677714285714285,0.3445657142857143,0.37613142857142856,0.3756828571428571,0.3708714285714286,0.3490142857142857,0.34796571428571427,0.37186285714285716,0.34612571428571437,0.3303457142857143,0.36538571428571426,0.34072571428571424,0.3321828571428571,0.3509897959183673,0.36697755102040824,0.3455357142857142,0.3460367346938776,0.3472928571428571,0.34921326530612246,0.3300918367346939,0.33899285714285715,0.3309081632653061,0.35299591836734695,0.33037040816326535,0.3304642857142857,0.3428244897959184,0.349330612244898,0.3401377551020408,0.40459761904761904,0.39525476190476194,0.3839690476190476,0.3764690476190477,0.38289761904761904,0.4080047619047619,0.39619047619047626,0.37975714285714285,0.3776142857142857,0.3748214285714286,0.36117380952380956,0.3626809523809524,0.3900309523809524,0.3733619047619048,0.3576714285714286,0.32245238095238105,0.3166530612244898,0.31924693877551025,0.32727006802721087,0.33368843537414966,0.3184557823129252,0.32033945578231293,0.3241238095238095,0.32733401360544223,0.3072632653061224,0.30850068027210886,0.3171190476190477,0.322621768707483,0.3310285714285714,0.3169190476190476,Female,8,8-12,Elementary,C,C,R16C19g8_info1_250Hz_gu2_AEP.conn
R16C36B6,R16C36b6_info1_250Hz_gu3_AEP.conn,gu3,0.2382857142857143,0.23635714285714285,0.23348571428571432,0.22979523809523808,0.2250190476190476,0.23336190476190477,0.23475238095238093,0.24327619047619045,0.24283809523809521,0.24048571428571427,0.23921904761904764,0.23509047619047618,0.2808952380952381,0.2849857142857143,0.290347619047619,0.2699371428571429,0.27008,0.27331714285714287,0.27145142857142857,0.27259428571428573,0.27514571428571427,0.2789142857142858,0.2803685714285714,0.27705142857142856,0.27067142857142856,0.27369999999999994,0.27134857142857144,0.3063057142857143,0.3058371428571428,0.29496285714285714,0.26085714285714284,0.2607085714285714,0.2641914285714285,0.27311142857142856,0.2729971428571429,0.25905999999999996,0.26301714285714284,0.2649,0.26608857142857145,0.2646628571428571,0.2673057142857143,0.27316571428571434,0.2645942857142857,0.2655457142857143,0.26244,0.283804081632653,0.2842377551020408,0.2862214285714285,0.28696632653061227,0.28476326530612245,0.2918928571428571,0.29129897959183676,0.292,0.29540918367346947,0.2864704081632653,0.28720408163265304,0.2869244897959184,0.30477755102040816,0.30590408163265304,0.3041020408163265,0.3305261904761905,0.3235452380952381,0.32005,0.32134285714285715,0.32382857142857147,0.33402142857142864,0.3333738095238095,0.3356738095238095,0.33429285714285717,0.3274214285714286,0.32188095238095243,0.3220166666666667,0.33538333333333337,0.3282833333333333,0.31719761904761906,0.23666258503401363,0.2373170068027211,0.2363789115646259,0.23665918367346933,0.23764353741496597,0.23926054421768705,0.23539523809523813,0.23409183673469391,0.2385421768707483,0.2363489795918368,0.23539455782312926,0.23676870748299314,0.23365714285714287,0.2328224489795918,0.23793129251700681,Male,6,5-7,Elementary,C,C,R16C36b6_info1_250Hz_gu2_AEP.conn
M01Y09CB,M01y09cb_info1_250Hz_gu3_AEP.conn,gu3,0.2940047619047619,0.28455238095238095,0.27717619047619046,0.2783952380952381,0.28487619047619045,0.2952952380952381,0.31942857142857145,0.32595238095238094,0.31895238095238093,0.2969380952380953,0.28888571428571425,0.28644761904761906,0.34595238095238096,0.35613333333333336,0.3345047619047619,0.3709857142857143,0.37357142857142855,0.37454571428571426,0.3703828571428572,0.3651857142857143,0.3878028571428571,0.39302000000000004,0.4034314285714286,0.40511428571428565,0.37387428571428577,0.3814657142857143,0.37863714285714284,0.4142228571428571,0.42495428571428573,0.40498,0.32896857142857144,0.32916285714285715,0.3377485714285714,0.34132285714285715,0.3327257142857143,0.35077428571428576,0.35452000000000006,0.37013428571428575,0.36425428571428575,0.3275971428571428,0.33279142857142857,0.3353657142857143,0.33124857142857145,0.3436942857142857,0.3367857142857143,0.4001214285714286,0.4009734693877551,0.40561836734693885,0.409630612244898,0.410115306122449,0.4147326530612245,0.4160826530612245,0.41485612244897957,0.4134428571428571,0.40804795918367354,0.41214693877551023,0.4148938775510205,0.43153469387755106,0.4322714285714286,0.4293397959183673,0.45998809523809525,0.45690000000000003,0.45850238095238094,0.4600333333333333,0.4565452380952381,0.4723071428571428,0.4721095238095238,0.4755428571428571,0.46967857142857145,0.46510238095238093,0.46595238095238095,0.46752857142857146,0.4703714285714286,0.4627261904761905,0.4610071428571429,0.321387074829932,0.32273333333333337,0.32513741496598636,0.3299489795918367,0.3309761904761905,0.3303061224489796,0.32913605442176874,0.32953537414965983,0.3307238095238096,0.3254836734693877,0.32552721088435377,0.32652721088435377,0.3227197278911565,0.3212931972789116,0.3209748299319728,Female,9,8-12,Elementary,C,C,M01y09cb_info1_250Hz_gu2_AEP.conn
R16C26F10,R16C26f10_info1_250Hz_gu3_AEP.conn,gu3,0.2716238095238095,0.27120476190476195,0.26995714285714284,0.27314285714285713,0.2797904761904762,0.2770857142857143,0.26410476190476195,0.2635619047619047,0.268347619047619,0.2730714285714285,0.27283809523809527,0.27695714285714285,0.3176952380952381,0.3182857142857143,0.32601428571428565,0.3501542857142857,0.3529771428571428,0.35403714285714283,0.35364571428571434,0.34735428571428567,0.3549257142857143,0.35298285714285715,0.34970285714285715,0.3450971428571429,0.36050857142857146,0.3623657142857143,0.35922857142857145,0.37893999999999994,0.3761285714285714,0.38542,0.2630742857142857,0.26174857142857144,0.2547485714285714,0.2523857142857143,0.25188,0.2607028571428571,0.2658257142857142,0.26459142857142853,0.2616142857142857,0.26538,0.2548485714285714,0.2526828571428571,0.26702,0.26661999999999997,0.2605771428571429,0.3741602040816327,0.37442755102040814,0.37200714285714287,0.36915714285714285,0.3678326530612245,0.370819387755102,0.3719193877551021,0.370569387755102,0.36795918367346936,0.37983979591836736,0.3769010204081632,0.37418673469387764,0.39009693877551027,0.3900112244897959,0.39607755102040826,0.4483333333333333,0.4491619047619048,0.44925238095238096,0.4472619047619048,0.443597619047619,0.442847619047619,0.4442642857142857,0.4442,0.44310476190476195,0.4506761904761905,0.45225476190476194,0.4520738095238095,0.4431214285714286,0.4312309523809524,0.436447619047619,0.3043986394557824,0.30654829931972777,0.3086163265306122,0.310687074829932,0.3094183673469388,0.30813061224489796,0.30555442176870745,0.3029537414965986,0.3033931972789116,0.304943537414966,0.30643129251700685,0.30714897959183673,0.299795918367347,0.2985074829931973,0.30367959183673476,Female,10,8-12,Elementary,C,C,R16C26f10_info1_250Hz_gu2_AEP.conn
R16C23B5,R16C23b5_info1_250Hz_gu3_AEP.conn,gu3,0.2211,0.2191238095238095,0.22146190476190478,0.22615714285714286,0.22991904761904766,0.2235857142857143,0.2215,0.2235952380952381,0.22996666666666668,0.21163333333333334,0.2117190476190476,0.21686190476190473,0.27397142857142853,0.2759190476190476,0.26220000000000004,0.3321485714285714,0.33050857142857143,0.33456857142857144,0.3358257142857143,0.3347142857142858,0.33794,0.33438,0.33476857142857136,0.3354971428571428,0.32792571428571426,0.3310342857142857,0.33229428571428576,0.36053142857142856,0.35987142857142856,0.3504285714285714,0.32345428571428575,0.3236942857142857,0.3215514285714286,0.32234285714285715,0.3201571428571429,0.32268857142857144,0.32349714285714287,0.3210742857142857,0.32118,0.32095714285714283,0.31860571428571427,0.3201371428571429,0.32313714285714285,0.3201942857142857,0.3197514285714286,0.333084693877551,0.33752346938775507,0.3385132653061225,0.33792346938775514,0.3386724489795919,0.3367663265306122,0.3387071428571429,0.33833265306122445,0.34027142857142856,0.3406020408163265,0.34033367346938775,0.3381551020408163,0.36295816326530617,0.35914387755102045,0.36189591836734697,0.34719999999999995,0.349752380952381,0.35288333333333327,0.3539333333333334,0.35453095238095234,0.35500238095238096,0.3573523809523809,0.3612571428571429,0.36254523809523814,0.35456904761904756,0.35627857142857144,0.35604523809523814,0.3559857142857143,0.36453809523809527,0.36417142857142853,0.2951646258503401,0.29410680272108836,0.29461360544217685,0.293956462585034,0.29207346938775514,0.29366326530612247,0.2949251700680272,0.29630340136054417,0.2947591836734694,0.29010204081632657,0.29139455782312923,0.29162244897959183,0.2956210884353741,0.29651360544217686,0.29618231292517005,Male,5,5-7,Elementary,C,C,R16C23b5_info1_250Hz_gu2_AEP.conn
R16C09B08,R16C09b08_info1_250Hz_gu3_AEP.conn,gu3,0.2577,0.26033809523809526,0.25994761904761904,0.25716666666666665,0.2552285714285714,0.2606,0.26002857142857144,0.25995238095238093,0.25800952380952386,0.2696047619047619,0.2675904761904762,0.2622047619047619,0.31465238095238096,0.31267142857142854,0.3196714285714286,0.31263142857142856,0.3136771428571429,0.3174628571428571,0.31850285714285714,0.31847142857142857,0.31857428571428575,0.31880000000000003,0.31626857142857145,0.3161257142857143,0.32071142857142854,0.3207285714285714,0.31768857142857143,0.33953428571428573,0.3355885714285714,0.33964,0.2475542857142857,0.2448171428571429,0.25059714285714285,0.25514000000000003,0.25412,0.25296285714285716,0.2531514285714286,0.24868571428571432,0.2505857142857143,0.24854571428571423,0.24995142857142855,0.24728857142857144,0.2542771428571428,0.24719714285714284,0.2583142857142857,0.3596908163265306,0.3612255102040816,0.36185102040816325,0.3639724489795918,0.3633530612244898,0.36550714285714286,0.3648571428571429,0.3640551020408163,0.36705714285714286,0.3624183673469387,0.36324081632653066,0.3642959183673469,0.37827857142857146,0.37596428571428575,0.3766051020408163,0.3949785714285714,0.3951547619047619,0.3956166666666667,0.394052380952381,0.3888595238095238,0.39486904761904756,0.39695238095238095,0.39696666666666663,0.3949714285714286,0.3951071428571429,0.39533095238095234,0.3937738095238095,0.39628809523809516,0.39281190476190475,0.3925190476190476,0.312365306122449,0.3112884353741497,0.3114285714285715,0.31190748299319737,0.3130285714285715,0.31717142857142855,0.319261224489796,0.3184836734693879,0.31908095238095247,0.3100904761904762,0.3105054421768707,0.311465306122449,0.32075986394557826,0.320343537414966,0.3154428571428571,Male,8,8-12,Elementary,C,C,R16C09b08_info1_250Hz_gu2_AEP.conn
R16C39B10,R16C39b10_info1_250Hz_gu3_AEP.conn,gu3,0.1820047619047619,0.1796095238095238,0.17682857142857145,0.17564285714285713,0.17314285714285715,0.17375714285714286,0.17445714285714287,0.1724619047619048,0.16827142857142854,0.1851333333333333,0.18023809523809523,0.17727619047619048,0.2273952380952381,0.22596666666666665,0.2255666666666667,0.2945342857142857,0.2918657142857143,0.2905285714285714,0.2890142857142857,0.29362000000000005,0.2854085714285714,0.28687999999999997,0.2918200000000001,0.29449142857142857,0.2918742857142857,0.2904142857142857,0.2910857142857143,0.31193714285714286,0.31561999999999996,0.31111428571428573,0.2393857142857143,0.23956000000000005,0.24054857142857142,0.24095428571428573,0.24222285714285716,0.23599428571428568,0.23783428571428572,0.24141714285714286,0.24063714285714286,0.24006857142857138,0.24262285714285717,0.24303999999999998,0.24222285714285713,0.2458914285714286,0.24791428571428575,0.3234408163265306,0.3215938775510204,0.32419591836734696,0.3264632653061224,0.32663571428571425,0.32174591836734695,0.3243459183673469,0.3265959183673469,0.3267428571428571,0.3214979591836734,0.32441428571428566,0.3272142857142857,0.3450326530612245,0.34642551020408163,0.34375816326530606,0.4068261904761905,0.40622380952380954,0.40732142857142856,0.4079738095238095,0.40895952380952383,0.41140952380952384,0.41190714285714286,0.4135571428571429,0.4152238095238095,0.40964047619047617,0.40987857142857137,0.4090071428571429,0.4156380952380953,0.4188047619047619,0.41466190476190473,0.2557727891156462,0.25398979591836734,0.2540448979591837,0.25466666666666665,0.25692789115646264,0.2565197278911564,0.2575401360544218,0.2570353741496598,0.25575306122448976,0.2536142857142857,0.25370272108843533,0.25448503401360545,0.2526265306122448,0.25376938775510205,0.2558857142857142,Male,10,8-12,Elementary,C,C,R16C39b10_info1_250Hz_gu2_AEP.conn
R16C35B06,R16C35b06_info1_250Hz_gu3_AEP.conn,gu3,0.30642857142857144,0.3068952380952381,0.30578571428571427,0.3032047619047619,0.2990666666666667,0.30015714285714284,0.3019428571428572,0.3005523809523809,0.3038571428571428,0.3118761904761905,0.31064285714285716,0.3087761904761905,0.3580238095238095,0.3536714285714286,0.3624857142857143,0.38528285714285715,0.38791428571428577,0.38895142857142856,0.39201428571428576,0.3949228571428571,0.3928542857142857,0.39226,0.3920971428571429,0.3897085714285714,0.39074,0.39290857142857144,0.39652000000000004,0.4191571428571429,0.41975999999999997,0.4185314285714286,0.29795142857142853,0.30228285714285713,0.3047914285714286,0.30337142857142857,0.2987171428571428,0.30498857142857144,0.30654857142857145,0.30404857142857145,0.30117714285714287,0.3029057142857143,0.3036285714285714,0.3034485714285714,0.3043971428571428,0.30299142857142863,0.3007914285714286,0.4474795918367347,0.44626020408163264,0.4451163265306123,0.44388571428571433,0.4429091836734694,0.4465632653061224,0.4451428571428572,0.44348775510204075,0.442388775510204,0.44985102040816327,0.4508316326530613,0.4500561224489796,0.4598897959183674,0.4583704081632653,0.46737448979591845,0.5198404761904761,0.5168904761904761,0.5148666666666667,0.5167714285714285,0.5201119047619048,0.5207952380952381,0.5148857142857143,0.5160071428571429,0.5169309523809523,0.5188261904761905,0.517947619047619,0.5205619047619048,0.5165166666666666,0.5106476190476191,0.5114571428571429,0.3257836734693878,0.326930612244898,0.3279149659863946,0.3296700680272109,0.3321551020408164,0.32878231292517013,0.3281040816326531,0.32948163265306124,0.33194353741496596,0.3300693877551021,0.33162448979591846,0.33277619047619045,0.3276578231292516,0.3288632653061224,0.3334068027210884,Male,6,5-7,Elementary,C,C,R16C35b06_info1_250Hz_gu2_AEP.conn
R16C05B13,R16C05b13_info1_250Hz_gu3_AEP.conn,gu3,0.23273809523809527,0.23582380952380952,0.23804761904761906,0.2384666666666667,0.2354952380952381,0.231952380952381,0.23465714285714287,0.23690952380952382,0.2342857142857143,0.2302761904761905,0.23392380952380953,0.2348714285714286,0.26829047619047613,0.2657857142857143,0.2745666666666667,0.3226142857142857,0.32477428571428574,0.32732,0.3258257142857143,0.32558857142857145,0.32942000000000005,0.3297028571428572,0.3302657142857143,0.32761142857142855,0.3232371428571429,0.3262314285714286,0.32587714285714287,0.35630285714285714,0.3568085714285714,0.3504257142857143,0.2557142857142857,0.2554828571428572,0.25210571428571427,0.24980000000000002,0.25367142857142855,0.25887142857142853,0.2555428571428572,0.25694571428571433,0.2589714285714286,0.2563514285714286,0.2511714285714286,0.2477885714285714,0.2504342857142857,0.24984285714285717,0.24918571428571426,0.2786448979591836,0.2757714285714286,0.278080612244898,0.2760112244897959,0.2755612244897959,0.2755142857142857,0.2775765306122449,0.2784255102040816,0.27658469387755097,0.2762357142857143,0.27882244897959185,0.2786255102040816,0.30047551020408164,0.30034489795918373,0.301069387755102,0.3802047619047619,0.3820952380952381,0.38115952380952384,0.3784690476190476,0.37474761904761905,0.374252380952381,0.3776404761904763,0.3817928571428571,0.3805071428571429,0.37903333333333333,0.38009999999999994,0.37937380952380956,0.37935,0.38289285714285715,0.3749190476190476,0.22485782312925165,0.2256761904761905,0.22914149659863942,0.23051904761904765,0.2282428571428571,0.22992789115646256,0.2295795918367347,0.23176190476190475,0.23171224489795914,0.2258891156462585,0.22975034013605442,0.23155170068027212,0.2290809523809524,0.23220748299319727,0.23456802721088438,Male,13,Teen,Secondary,C,C,R16C05b13_info1_250Hz_gu2_AEP.conn
R16C17B6,R16C17b6_info1_250Hz_gu3_AEP.conn,gu3,0.22062380952380953,0.2218,0.22487142857142853,0.233,0.24038571428571429,0.21734285714285717,0.22962857142857143,0.23482857142857141,0.23294761904761904,0.23027142857142857,0.2334238095238095,0.24124285714285718,0.28603809523809526,0.2886571428571429,0.29282857142857144,0.3343485714285714,0.3349257142857143,0.33921999999999997,0.3348114285714285,0.33372857142857143,0.35832857142857144,0.3527028571428571,0.3432914285714286,0.33631142857142865,0.34012857142857145,0.34474571428571427,0.3409885714285714,0.36748,0.3578514285714286,0.3703142857142857,0.2959542857142857,0.28636285714285714,0.26458857142857145,0.25281714285714285,0.25353142857142863,0.2923314285714286,0.2846942857142857,0.2812314285714286,0.27779714285714285,0.27786571428571427,0.2602428571428571,0.25290571428571423,0.27269714285714286,0.26774285714285717,0.25948,0.3338030612244898,0.33618367346938777,0.3327928571428571,0.33523571428571425,0.3350469387755103,0.33447040816326534,0.33459081632653065,0.3350336734693878,0.33606326530612246,0.3368469387755102,0.3327612244897959,0.33379489795918366,0.3486959183673469,0.34802244897959195,0.34794387755102046,0.39784523809523803,0.40286428571428573,0.40664999999999996,0.406547619047619,0.41274285714285713,0.40140238095238084,0.40739047619047614,0.41574285714285714,0.4136928571428571,0.39982142857142855,0.40245238095238095,0.3977571428571429,0.3954571428571429,0.390147619047619,0.38756666666666667,0.3005836734693878,0.29945374149659865,0.3007455782312925,0.29996462585034017,0.29967142857142853,0.30810748299319723,0.3059741496598639,0.30232040816326533,0.30001632653061233,0.29847142857142855,0.29894557823129253,0.3006632653061224,0.2949510204081633,0.29258231292517006,0.2968414965986395,Male,6,5-7,Elementary,C,C,R16C17b6_info1_250Hz_gu2_AEP.conn
R16M09G18,R16M09g18_info1_250Hz_gu3_AEP.conn,gu3,0.30448095238095235,0.30567142857142854,0.3066619047619048,0.30578571428571427,0.3047095238095238,0.31629523809523813,0.31591428571428576,0.31548571428571426,0.31673809523809526,0.3133857142857143,0.3148761904761905,0.3162809523809524,0.3694571428571429,0.3675285714285714,0.35989999999999994,0.41109999999999997,0.4083485714285714,0.40735428571428567,0.40992571428571434,0.4138514285714286,0.4136285714285714,0.4108171428571429,0.4088685714285714,0.4129285714285714,0.40826571428571434,0.40896,0.4121714285714286,0.43458571428571424,0.43247714285714284,0.43144857142857146,0.3267,0.3258628571428571,0.3271314285714286,0.3288685714285714,0.33015142857142854,0.32824,0.3256942857142857,0.3260914285714286,0.33050857142857143,0.32670571428571427,0.3290228571428572,0.33167142857142856,0.3125457142857143,0.30966857142857146,0.31755428571428573,0.3479408163265306,0.3451061224489796,0.3442408163265306,0.3469520408163265,0.3490357142857142,0.3494928571428571,0.3485193877551021,0.34743265306122445,0.34830306122448984,0.34850000000000003,0.3499765306122448,0.3538530612244898,0.36599693877551015,0.36488265306122447,0.37322244897959184,0.3552666666666666,0.35389761904761907,0.35332142857142856,0.35491428571428574,0.3583809523809524,0.36018333333333336,0.36368571428571433,0.36423333333333335,0.36274761904761904,0.35903333333333337,0.3605285714285715,0.35995952380952373,0.36645476190476195,0.3628404761904762,0.36484047619047616,0.30177619047619053,0.2998054421768708,0.30128299319727886,0.3043360544217687,0.30651292517006795,0.3025931972789116,0.3047074829931973,0.3065136054421768,0.3066285714285714,0.3036312925170068,0.3051619047619048,0.30754761904761907,0.3081074829931973,0.30874829931972786,0.31189795918367347,Female,18,Teen,Secondary,C,C,R16M09g18_info1_250Hz_gu2_AEP.conn
R16C11B09,R16C11b09_info1_250Hz_gu3_AEP.conn,gu3,0.4070666666666667,0.4117333333333333,0.41855238095238095,0.42337142857142857,0.4297190476190476,0.4209619047619048,0.42621428571428566,0.428052380952381,0.4284142857142857,0.42899523809523804,0.4347904761904761,0.4382285714285714,0.47815238095238094,0.47900476190476193,0.4740857142857143,0.50466,0.5042714285714286,0.5092399999999999,0.5139085714285715,0.51614,0.5203,0.5198028571428572,0.5162342857142856,0.5164285714285715,0.5145771428571428,0.5196485714285715,0.5242371428571428,0.5471628571428571,0.5433314285714286,0.5342514285714287,0.43906,0.43938,0.43799142857142853,0.4384828571428572,0.44016,0.43638857142857146,0.4384657142857142,0.44105428571428573,0.4410171428571429,0.4370457142857143,0.4339085714285715,0.4338685714285714,0.4283457142857142,0.4298228571428571,0.42453714285714284,0.3694275510204082,0.3708367346938775,0.3720571428571429,0.3723908163265306,0.3746704081632653,0.36857448979591834,0.37252857142857143,0.373638775510204,0.3724795918367346,0.36936326530612246,0.37096326530612245,0.369780612244898,0.38518775510204073,0.3861857142857143,0.3864418367346939,0.47555,0.47836190476190477,0.48098095238095234,0.4814809523809524,0.47964761904761904,0.4835095238095238,0.4820333333333333,0.48171190476190473,0.4836190476190476,0.4863571428571429,0.4899642857142857,0.48915000000000003,0.48456666666666665,0.4937785714285714,0.4975023809523809,0.4271530612244898,0.42715238095238106,0.42715918367346944,0.42811156462585037,0.4276149659863946,0.4305176870748299,0.42993401360544226,0.4294292517006803,0.4284244897959183,0.4334258503401361,0.43326190476190474,0.43511496598639454,0.43180612244897953,0.4308326530612244,0.436234693877551,Male,9,8-12,Elementary,C,C,R16C11b09_info1_250Hz_gu2_AEP.conn
R16C14B07,R16C14b07_info1_250Hz_gu3_AEP.conn,gu3,0.28798571428571423,0.29372380952380955,0.29580952380952386,0.2959142857142857,0.29353809523809526,0.31892857142857145,0.3262190476190476,0.3206952380952381,0.3169095238095238,0.3024,0.3036571428571429,0.2999428571428572,0.3680380952380952,0.36211428571428567,0.3370142857142857,0.35705714285714285,0.35923999999999995,0.35953142857142856,0.3620685714285714,0.36341428571428575,0.3629742857142857,0.3591914285714286,0.35793714285714284,0.36017428571428567,0.36630285714285715,0.3651228571428572,0.36582857142857145,0.38490285714285716,0.3815,0.38721428571428573,0.30536571428571424,0.3054457142857142,0.3056742857142857,0.3051628571428572,0.30515142857142863,0.3085142857142857,0.3055942857142857,0.30578571428571427,0.3089085714285715,0.30388000000000004,0.30418571428571434,0.3040428571428571,0.30932000000000004,0.3083714285714286,0.30829142857142855,0.45733469387755094,0.45634489795918365,0.45415612244897957,0.450738775510204,0.4503397959183673,0.4621755102040816,0.46246530612244896,0.46265102040816325,0.45913469387755107,0.4604255102040816,0.4579938775510204,0.45499795918367336,0.4733295918367347,0.47321938775510203,0.46776632653061234,0.43606428571428574,0.4365880952380952,0.43592619047619047,0.43837142857142863,0.4443595238095237,0.4410214285714286,0.4444095238095238,0.44639761904761904,0.4501119047619048,0.4457857142857143,0.44428571428571423,0.44476904761904773,0.44801666666666673,0.4470047619047619,0.44410476190476195,0.33663061224489804,0.3352557823129252,0.3351299319727892,0.3336183673469388,0.3348829931972789,0.3404380952380952,0.3419251700680272,0.3424904761904762,0.34284081632653063,0.3347224489795918,0.3339108843537415,0.33306870748299316,0.3294537414965986,0.32888911564625845,0.33048707482993195,Male,7,5-7,Elementary,C,C,R16C14b07_info1_250Hz_gu2_AEP.conn
R16C34B06,R16C34b06_info1_250Hz_gu3_AEP.conn,gu3,0.19057142857142853,0.1932047619047619,0.1963,0.1961238095238095,0.19478571428571426,0.2066333333333333,0.20585238095238098,0.20182380952380952,0.19775238095238093,0.1961761904761905,0.19834285714285713,0.19753809523809526,0.26567619047619045,0.2618666666666667,0.25167142857142855,0.36837142857142857,0.36369999999999997,0.3568314285714286,0.3539,0.3562142857142857,0.3714342857142857,0.3684171428571429,0.36503428571428576,0.3634914285714286,0.3666028571428572,0.3615342857142857,0.3605028571428571,0.4026257142857143,0.4010971428571429,0.3863028571428571,0.3185942857142857,0.31393142857142864,0.3118657142857143,0.3171257142857143,0.3214571428571429,0.3164057142857143,0.31573428571428575,0.3153457142857143,0.31516285714285713,0.31844000000000006,0.3167228571428572,0.32106285714285715,0.3277685714285714,0.3263285714285714,0.3242571428571429,0.34162653061224496,0.3422448979591837,0.34310000000000007,0.3415704081632653,0.34169387755102043,0.3405683673469388,0.3414387755102041,0.34180612244897957,0.3424183673469387,0.34583877551020414,0.3471928571428572,0.3456612244897959,0.35689897959183675,0.35796836734693877,0.3629010204081632,0.39406428571428576,0.3916714285714285,0.3946238095238095,0.39729047619047625,0.4001928571428572,0.40256428571428576,0.4026190476190476,0.4015119047619047,0.4019690476190476,0.3955214285714286,0.4002880952380952,0.4029785714285714,0.40434285714285717,0.40728571428571425,0.40298809523809526,0.26526258503401356,0.2635673469387755,0.26366122448979595,0.26646598639455776,0.2692625850340136,0.2658387755102041,0.26610136054421774,0.2671795918367348,0.2699476190476191,0.26316734693877547,0.26485374149659857,0.2683482993197278,0.2559591836734693,0.25764897959183675,0.26516666666666666,Male,6,5-7,Elementary,C,C,R16C34b06_info1_250Hz_gu2_AEP.conn
R16C31B07,R16C31b07_info1_250Hz_gu3_AEP.conn,gu3,0.3037857142857143,0.3077428571428571,0.3112761904761905,0.31629523809523813,0.31992380952380955,0.3193,0.31867142857142855,0.3224619047619048,0.3246904761904762,0.3125190476190476,0.31771428571428567,0.32270952380952383,0.3542666666666667,0.35774285714285714,0.35007142857142853,0.3836657142857142,0.3857771428571429,0.38528285714285715,0.3876285714285715,0.39158,0.38868285714285716,0.39168857142857144,0.39252857142857145,0.3953714285714286,0.39049142857142854,0.38978285714285715,0.3922542857142857,0.4171257142857144,0.41912857142857146,0.4118771428571428,0.32623428571428575,0.3263285714285714,0.32754571428571433,0.33102,0.32886571428571426,0.33058,0.33326857142857136,0.33355428571428575,0.3367828571428572,0.3303628571428572,0.33111142857142856,0.33468,0.3357742857142857,0.33589714285714284,0.3373342857142858,0.3448112244897959,0.34542959183673466,0.34508469387755103,0.3439040816326531,0.3440887755102041,0.34491224489795924,0.34638265306122445,0.345130612244898,0.343519387755102,0.3447510204081633,0.3441306122448979,0.34305714285714284,0.3616775510204082,0.3607602040816326,0.3594714285714286,0.37233571428571427,0.3712166666666667,0.3700666666666667,0.3681452380952381,0.36788095238095236,0.36837380952380955,0.36682857142857145,0.36585952380952375,0.36984761904761904,0.3702357142857143,0.37023333333333325,0.3680285714285714,0.3631761904761905,0.36612142857142854,0.3711666666666667,0.27810680272108845,0.2783823129251701,0.27839523809523803,0.2775163265306122,0.2774170068027211,0.2813972789115646,0.2798285714285714,0.2787040816326531,0.2786421768707483,0.2807108843537415,0.27952517006802724,0.2786714285714285,0.27496870748299324,0.2752891156462585,0.2787408163265306,Male,7,5-7,Elementary,C,C,R16C31b07_info1_250Hz_gu2_AEP.conn
R16C21G7,R16C21g7_info1_250Hz_gu3_AEP.conn,gu3,0.26254285714285713,0.2663285714285714,0.2654571428571429,0.2614047619047619,0.2569619047619048,0.2501761904761905,0.24109999999999998,0.24445238095238095,0.24843333333333337,0.2579714285714285,0.25749523809523805,0.25216666666666665,0.30557619047619045,0.3066,0.32178095238095233,0.31881428571428566,0.32164857142857145,0.32120571428571426,0.31563142857142856,0.32108,0.31083714285714287,0.3099314285714286,0.31324,0.3149142857142857,0.31585428571428575,0.31767142857142855,0.3133342857142857,0.33937428571428574,0.3404628571428571,0.33775999999999995,0.23881428571428573,0.23968571428571428,0.23639428571428572,0.23448571428571427,0.2369571428571428,0.22928571428571426,0.23144571428571425,0.23178571428571432,0.2296942857142857,0.23205142857142852,0.23099428571428576,0.22935428571428576,0.2518914285714286,0.24941142857142856,0.23919142857142855,0.33284591836734695,0.33123775510204084,0.32869081632653063,0.3247938775510204,0.3241959183673469,0.33598775510204076,0.3353061224489796,0.33491224489795923,0.33558469387755113,0.3335581632653061,0.3308520408163265,0.3293183673469388,0.3478551020408163,0.34585204081632653,0.34678163265306117,0.35758571428571423,0.3615166666666667,0.3664904761904762,0.36872857142857146,0.37200476190476195,0.35245,0.35161904761904755,0.3522904761904762,0.35544285714285717,0.3600833333333333,0.3602238095238095,0.3614928571428571,0.35350238095238096,0.3586214285714286,0.3699738095238096,0.28810476190476186,0.2877544217687075,0.2869115646258503,0.28696666666666665,0.28626734693877554,0.29520068027210883,0.2923068027210884,0.29024693877551017,0.28841496598639454,0.2849523809523809,0.28285238095238097,0.28391292517006805,0.28349591836734694,0.28284693877551026,0.28497959183673466,Female,7,5-7,Elementary,C,C,R16C21g7_info1_250Hz_gu2_AEP.conn
R16C29F9,R16C29f9_info1_250Hz_gu3_AEP.conn,gu3,0.1879761904761905,0.18385714285714286,0.17735714285714288,0.17272380952380953,0.17634761904761906,0.19028571428571428,0.1849666666666667,0.1829285714285714,0.19028571428571428,0.18385714285714286,0.17850000000000002,0.17650952380952378,0.2436142857142857,0.24148095238095238,0.2479904761904762,0.2893771428571429,0.2878742857142857,0.28638571428571424,0.2870057142857143,0.2883428571428571,0.29670857142857143,0.2970028571428571,0.29856285714285713,0.30057999999999996,0.28912000000000004,0.2849285714285714,0.28491142857142854,0.32109714285714286,0.31976000000000004,0.3201457142857143,0.23344285714285712,0.2360314285714286,0.23473428571428573,0.23290285714285713,0.2326057142857143,0.2398,0.24253428571428573,0.24331714285714284,0.24392,0.24208857142857143,0.23860285714285717,0.23467142857142856,0.24678285714285714,0.24853142857142854,0.24337142857142857,0.2740479591836735,0.27256938775510203,0.27185000000000004,0.27434081632653057,0.27761734693877543,0.2758428571428571,0.27745510204081636,0.27902755102040816,0.2808153061224489,0.27461326530612246,0.2754397959183673,0.2772959183673469,0.2975663265306122,0.30023673469387757,0.2972551020408164,0.3096071428571428,0.3108047619047619,0.30944523809523805,0.30589285714285713,0.30877380952380956,0.31197619047619046,0.31167619047619044,0.3078714285714286,0.30935476190476185,0.31267142857142854,0.31037380952380955,0.308752380952381,0.31285714285714283,0.3138785714285714,0.3081,0.23377891156462582,0.235608843537415,0.23622857142857145,0.23600544217687075,0.23627414965986393,0.23630680272108845,0.23823945578231298,0.23971360544217687,0.24131768707482998,0.24021088435374152,0.24025306122448978,0.2393734693877551,0.23944625850340143,0.24036054421768713,0.24574217687074826,Female,9,8-12,Elementary,C,C,R16C29f9_info1_250Hz_gu2_AEP.conn
R16C25B5,R16C25b5_info1_250Hz_gu3_AEP.conn,gu3,0.24987619047619045,0.24837619047619044,0.24605238095238094,0.2435857142857143,0.24056666666666668,0.2654952380952381,0.2631142857142857,0.2656714285714286,0.2642,0.24901428571428572,0.24550952380952382,0.24430000000000004,0.2953952380952381,0.30083809523809524,0.289347619047619,0.3261971428571429,0.3271085714285714,0.32823142857142856,0.3299857142857143,0.32778857142857143,0.3313828571428572,0.3339542857142857,0.3330457142857143,0.33252,0.33708571428571427,0.3343457142857143,0.3320228571428571,0.36062285714285713,0.3581714285714286,0.3530714285714286,0.29108285714285714,0.29245428571428567,0.29237142857142856,0.29359428571428575,0.29326285714285716,0.29781142857142856,0.30174285714285715,0.3047228571428572,0.3003885714285714,0.2891142857142857,0.29213999999999996,0.2949028571428572,0.28829714285714286,0.2943371428571429,0.28088857142857143,0.3300693877551021,0.33060000000000006,0.3307479591836735,0.3292071428571428,0.32930816326530615,0.3354969387755102,0.33577244897959185,0.3368040816326531,0.3345112244897959,0.33431224489795924,0.3340673469387755,0.3336806122448979,0.3563142857142857,0.3572969387755102,0.3558193877551021,0.42192857142857143,0.4209619047619048,0.42089523809523816,0.42108809523809526,0.42450000000000004,0.42833571428571426,0.4251214285714286,0.4240595238095239,0.42277380952380955,0.4267666666666667,0.42625476190476186,0.42434761904761903,0.4308119047619048,0.4293285714285715,0.42856428571428573,0.25701768707483,0.2547496598639456,0.25116258503401356,0.2519496598639456,0.25522448979591833,0.25937755102040816,0.25856462585034007,0.2592578231292516,0.26205102040816336,0.25098843537414967,0.2493190476190476,0.25046394557823126,0.2571489795918367,0.2577238095238095,0.25723129251700677,Male,5,5-7,Elementary,C,C,R16C25b5_info1_250Hz_gu2_AEP.conn
R16C32B08,R16C32b08_info1_250Hz_gu3_AEP.conn,gu3,0.23668571428571428,0.23938571428571429,0.24086190476190475,0.24336190476190478,0.24474285714285715,0.23152857142857142,0.2266047619047619,0.23045238095238096,0.23577619047619047,0.23280952380952383,0.23374285714285714,0.23789047619047618,0.2788285714285714,0.28247142857142865,0.2725714285714285,0.3060285714285714,0.30598857142857144,0.3087971428571428,0.3145714285714286,0.3136542857142857,0.3099428571428572,0.30878857142857147,0.3043485714285714,0.3002457142857143,0.30601428571428574,0.30954285714285723,0.3135828571428571,0.3341428571428572,0.33263428571428566,0.33724571428571426,0.29325428571428563,0.2912971428571428,0.28802000000000005,0.29266000000000003,0.29531142857142856,0.29588285714285717,0.29263142857142854,0.2877057142857143,0.29102,0.29853999999999997,0.29328857142857145,0.2972342857142857,0.29320285714285715,0.2890914285714286,0.3021314285714286,0.43107448979591834,0.43021836734693875,0.42895,0.4270132653061225,0.42342551020408165,0.4316010204081633,0.4286979591836734,0.4292122448979591,0.4291530612244898,0.42967653061224487,0.4283928571428572,0.4278571428571428,0.4400510204081633,0.4421,0.44250612244897963,0.45858809523809524,0.45865952380952385,0.4596595238095238,0.4548761904761905,0.45182619047619044,0.4552690476190477,0.4579142857142857,0.4628690476190476,0.4624833333333333,0.4560261904761904,0.45885238095238096,0.4556761904761904,0.45454999999999995,0.4551214285714286,0.4532738095238095,0.33366734693877553,0.332438775510204,0.33355170068027207,0.3325517006802721,0.3308,0.333425850340136,0.3361680272108844,0.33374489795918366,0.3323986394557823,0.336339455782313,0.3361054421768707,0.33453605442176876,0.3280904761904762,0.32633333333333325,0.3340925170068028,Male,8,8-12,Elementary,C,C,R16C32b08_info1_250Hz_gu2_AEP.conn
R16M04G10,R16M04g10_info1_250Hz_gu3_AEP.conn,gu3,0.35081904761904764,0.3573952380952381,0.3617333333333333,0.364047619047619,0.3630761904761905,0.35725238095238093,0.3616,0.3617571428571429,0.36270952380952376,0.36665238095238095,0.36889523809523816,0.36862857142857147,0.40225714285714287,0.4002380952380952,0.3959142857142857,0.4231228571428572,0.4287228571428572,0.4279114285714285,0.42413999999999996,0.42165428571428576,0.4290457142857143,0.4298628571428571,0.4281514285714286,0.4237685714285714,0.42894571428571426,0.42827714285714286,0.4249942857142856,0.4560228571428572,0.45400857142857143,0.44006,0.34034000000000003,0.34123999999999993,0.3391342857142857,0.3380914285714286,0.3378342857142857,0.34402857142857146,0.3424171428571428,0.34069999999999995,0.34335999999999994,0.3419885714285714,0.3398457142857143,0.3397285714285714,0.3379542857142857,0.33696571428571426,0.33034857142857144,0.43913571428571435,0.43992959183673463,0.4391234693877551,0.4372275510204081,0.4364377551020409,0.44018061224489796,0.44147551020408166,0.443219387755102,0.44456428571428575,0.44183265306122455,0.4421448979591837,0.4420540816326531,0.4563724489795917,0.45916530612244894,0.4574632653061224,0.47413809523809514,0.4755642857142857,0.47750714285714285,0.479752380952381,0.48060714285714295,0.4763714285714285,0.47710476190476186,0.4834214285714285,0.4873119047619048,0.4826238095238095,0.4823071428571429,0.48264285714285715,0.4832642857142857,0.4738380952380952,0.4748785714285714,0.4239517006802721,0.4249142857142857,0.4232394557823128,0.42256326530612254,0.4225210884353741,0.4312054421768708,0.43036802721088435,0.4299884353741496,0.42865442176870755,0.4287877551020408,0.42722585034013616,0.42706530612244886,0.4227013605442177,0.42254149659863943,0.4196027210884354,Female,10,8-12,Elementary,C,C,R16M04g10_info1_250Hz_gu2_AEP.conn
R16C20B9,R16C20b9_info1_250Hz_gu3_AEP.conn,gu3,0.22229523809523807,0.22176190476190474,0.22095714285714285,0.21734285714285714,0.2156904761904762,0.21293809523809526,0.21141904761904762,0.21519999999999997,0.22157619047619045,0.21717619047619052,0.21585238095238093,0.21461904761904763,0.26776666666666665,0.2798857142857143,0.2679714285714286,0.3048428571428571,0.3003742857142857,0.3034428571428571,0.30453714285714284,0.30368000000000006,0.30347714285714283,0.2976885714285714,0.29947428571428575,0.3103742857142857,0.3068342857142857,0.3069685714285714,0.30602285714285715,0.33355999999999997,0.3363857142857143,0.34225428571428573,0.2836971428571428,0.28076,0.27616285714285715,0.26799999999999996,0.26515999999999995,0.2763428571428571,0.2785,0.27308857142857146,0.2743885714285714,0.2830714285714286,0.28128000000000003,0.2750257142857143,0.2808371428571429,0.2761457142857143,0.2862742857142857,0.3587173469387755,0.35758367346938774,0.3551214285714286,0.3556448979591837,0.35760204081632657,0.36741122448979585,0.3650826530612245,0.36624387755102045,0.36722244897959183,0.36270816326530614,0.3621683673469388,0.36404795918367333,0.383704081632653,0.38270918367346934,0.3834071428571428,0.4789952380952381,0.4819285714285713,0.48416666666666663,0.48396904761904763,0.47834047619047615,0.484847619047619,0.48868571428571433,0.48909285714285716,0.48443333333333344,0.4826761904761905,0.48590952380952374,0.4872642857142857,0.4821357142857143,0.48541666666666666,0.4838119047619047,0.2682972789115647,0.27072721088435375,0.2702768707482993,0.2694591836734694,0.2672387755102041,0.2792639455782313,0.2713897959183673,0.2692897959183674,0.27003401360544216,0.27624829931972794,0.27810408163265304,0.2760918367346939,0.26581020408163264,0.26490476190476187,0.27473877551020404,Male,9,8-12,Elementary,C,C,R16C20b9_info1_250Hz_gu2_AEP.conn
R16C06B16,R16C06b16_info1_250Hz_gu3_AEP.conn,gu3,0.27314285714285713,0.27280476190476194,0.27063809523809523,0.2753285714285714,0.28330952380952384,0.26665714285714287,0.26567142857142856,0.26907619047619047,0.27704761904761904,0.2721761904761905,0.2746714285714286,0.28067619047619047,0.3132619047619048,0.3178047619047619,0.32983809523809526,0.39914285714285713,0.40125714285714287,0.3991742857142857,0.3973028571428571,0.3936857142857143,0.3961485714285714,0.39708571428571426,0.3939314285714286,0.3946342857142857,0.40153428571428573,0.39988,0.40047999999999995,0.4234342857142857,0.4212142857142857,0.4223,0.4197342857142857,0.41826285714285716,0.4115685714285714,0.40831142857142855,0.4051971428571429,0.40712857142857145,0.4065485714285715,0.4030628571428571,0.39556571428571435,0.4142228571428571,0.4085057142857143,0.40497428571428573,0.40670857142857136,0.4062228571428571,0.4109342857142858,0.4034551020408163,0.40134387755102036,0.40340306122448977,0.40295612244897955,0.4032836734693878,0.3980775510204082,0.39726836734693877,0.4014867346938776,0.4038877551020409,0.3988744897959184,0.4007897959183674,0.3992326530612245,0.4196979591836735,0.4245030612244897,0.41768673469387757,0.49287142857142857,0.4914476190476191,0.48868571428571433,0.4899214285714286,0.4927404761904762,0.4818452380952381,0.47694047619047625,0.4793404761904762,0.4838833333333333,0.4905095238095238,0.48874761904761904,0.4929738095238096,0.4811761904761905,0.47186904761904763,0.47670714285714283,0.37124693877551024,0.36830680272108846,0.36697823129251705,0.36680680272108834,0.3688421768707483,0.37258843537414965,0.3720986394557823,0.3738476190476191,0.37377891156462584,0.3657857142857144,0.3642816326530611,0.3658421768707482,0.3693768707482993,0.3707965986394558,0.36516190476190474,Male,16,Teen,Secondary,C,C,R16C06b16_info1_250Hz_gu2_AEP(1).conn
R16C15B07,R16C15b07_info1_250Hz_gu3_AEP.conn,gu3,0.29401428571428573,0.29350000000000004,0.29467142857142853,0.29288095238095235,0.2852666666666666,0.3098619047619048,0.31576190476190474,0.3107047619047619,0.306947619047619,0.3005047619047619,0.3002857142857143,0.29750000000000004,0.3476619047619048,0.3408190476190476,0.33377619047619045,0.3970714285714286,0.3979885714285714,0.40082000000000007,0.40516571428571424,0.40455142857142856,0.41506857142857145,0.4199285714285714,0.4199514285714286,0.4200885714285715,0.40426,0.40771428571428575,0.4127371428571428,0.44437428571428567,0.44389142857142855,0.4323085714285714,0.42086571428571434,0.4228485714285715,0.42200000000000004,0.4214828571428571,0.42194571428571426,0.42862,0.42946571428571423,0.4247885714285715,0.4228285714285714,0.42613714285714294,0.4261457142857143,0.4249057142857143,0.4276,0.42095142857142853,0.42554,0.4299540816326531,0.43266938775510205,0.4297948979591837,0.42758163265306115,0.42560102040816333,0.4331826530612245,0.4319306122448979,0.4306295918367347,0.4284285714285713,0.43609183673469376,0.4338193877551021,0.43123877551020406,0.45201632653061224,0.44977142857142866,0.4507428571428571,0.4276333333333333,0.4278547619047619,0.4263452380952381,0.4256095238095238,0.42334761904761903,0.4247642857142857,0.4268,0.4304642857142857,0.42573095238095243,0.43060238095238096,0.4309119047619048,0.430052380952381,0.43252380952380953,0.4340380952380953,0.43320000000000003,0.3104272108843537,0.3116761904761904,0.31296462585034013,0.3110088435374149,0.3082367346938775,0.31523537414965996,0.3146918367346939,0.31488979591836735,0.3113034013605442,0.3135748299319727,0.31572380952380946,0.3145156462585034,0.3116802721088435,0.31127755102040816,0.31622653061224487,Male,7,5-7,Elementary,C,C,R16C15b07_info1_250Hz_gu2_AEP.conn
R16C08G09,R16C08g09_info1_250Hz_gu3_AEP.conn,gu3,0.23179047619047619,0.23198571428571427,0.23028571428571432,0.22681428571428572,0.22357142857142856,0.2283238095238095,0.2311142857142857,0.2347571428571429,0.2382047619047619,0.23388571428571425,0.23598571428571427,0.23809999999999998,0.28815238095238094,0.28931904761904764,0.2857857142857143,0.3564428571428572,0.3506114285714286,0.3491142857142857,0.3478685714285714,0.34938285714285716,0.35272571428571425,0.35126,0.3508914285714286,0.3521914285714286,0.35782285714285716,0.35978857142857146,0.36178,0.3863085714285714,0.3845228571428571,0.39585142857142863,0.3242,0.32026571428571426,0.3172657142857142,0.31531428571428566,0.3119342857142857,0.33012,0.3321714285714286,0.33484,0.3373342857142857,0.32274285714285716,0.3239971428571429,0.3244714285714285,0.3207457142857143,0.3242542857142857,0.31899428571428573,0.4483040816326532,0.4482744897959184,0.44859795918367346,0.4457622448979592,0.44485204081632646,0.45223571428571424,0.4559969387755101,0.4590571428571428,0.4606673469387755,0.4519775510204081,0.45410102040816325,0.4537265306122449,0.4694081632653061,0.4720581632653062,0.4690285714285714,0.4921261904761905,0.49451666666666666,0.49591428571428575,0.49607857142857137,0.49753095238095235,0.5028761904761905,0.5093547619047618,0.5142714285714286,0.5114833333333333,0.4928142857142857,0.49597142857142856,0.5001642857142857,0.5034261904761904,0.5049523809523809,0.4893880952380953,0.29642448979591834,0.2973598639455782,0.29874149659863947,0.29832108843537414,0.29740136054421773,0.3053272108843538,0.3062285714285714,0.3044646258503402,0.30298503401360544,0.29934625850340135,0.3003619047619047,0.3004442176870749,0.30025578231292516,0.29682585034013603,0.3030877551020407,Female,9,8-12,Elementary,C,C,R16C08g09_info1_250Hz_gu2_AEP.conn
R16M06B06,R16M06b06_info1_250Hz_gu3_AEP.conn,gu3,0.2611333333333333,0.2571428571428572,0.251952380952381,0.24635714285714286,0.24791904761904762,0.2601428571428572,0.25753809523809523,0.26087142857142853,0.2610952380952381,0.2525952380952381,0.25214285714285717,0.2527,0.3093857142857143,0.31052380952380954,0.3041428571428571,0.31122571428571427,0.30917428571428573,0.31633428571428573,0.3242314285714286,0.32576857142857146,0.31518857142857143,0.3186400000000001,0.32180857142857144,0.3197885714285714,0.31616857142857147,0.32219714285714285,0.32774571428571425,0.3572057142857143,0.35782857142857144,0.3548857142857143,0.3141857142857143,0.3140142857142857,0.3144657142857143,0.3128457142857143,0.3141542857142857,0.31387714285714285,0.31212,0.30962,0.30758,0.31822285714285714,0.3181685714285714,0.3159914285714286,0.3237514285714285,0.32326,0.32659142857142853,0.4206112244897959,0.4192816326530612,0.4216816326530612,0.42612959183673466,0.42970102040816327,0.4254469387755102,0.4245275510204082,0.42685,0.4264897959183674,0.4239867346938776,0.42649081632653063,0.43113469387755105,0.43913163265306127,0.44102040816326527,0.4436602040816327,0.3799071428571428,0.38202142857142857,0.3833785714285714,0.38505000000000006,0.3899523809523809,0.38815714285714287,0.3824571428571429,0.38152142857142857,0.3845785714285715,0.3841238095238095,0.38589999999999997,0.38814523809523815,0.3824666666666667,0.3895761904761905,0.39780476190476194,0.29702108843537417,0.2960557823129252,0.29451088435374145,0.2926197278911565,0.29148979591836727,0.2905340136054421,0.2905748299319728,0.2907183673469388,0.2917068027210884,0.29647346938775515,0.29488231292517003,0.2938938775510204,0.28884013605442177,0.2901551020408164,0.29408299319727893,Male,6,5-7,Elementary,C,C,R16M06b06_info1_250Hz_gu2_AEP.conn
R16C03G5,R16C03g5_info1_250Hz_gu3_AEP.conn,gu3,0.2347571428571428,0.2296190476190476,0.22777619047619047,0.22656666666666667,0.23034285714285715,0.24135714285714283,0.23025238095238096,0.23314285714285712,0.23550952380952384,0.2316666666666667,0.23054285714285713,0.22525714285714285,0.28430952380952385,0.289852380952381,0.28109047619047617,0.33984000000000003,0.3395771428571429,0.3504057142857143,0.3564228571428571,0.3561828571428572,0.35301142857142864,0.3415514285714286,0.35772571428571426,0.36144857142857145,0.3502085714285714,0.3563085714285715,0.3580342857142857,0.36598285714285717,0.3820171428571429,0.38006285714285715,0.35618,0.36660571428571426,0.38258285714285717,0.39244,0.3739314285714286,0.37026571428571425,0.3799114285714286,0.37957714285714295,0.39417714285714284,0.37376571428571437,0.38864,0.3978114285714286,0.36261714285714286,0.35883714285714285,0.37370857142857145,0.38535816326530614,0.3911887755102041,0.3893285714285714,0.3956765306122449,0.39825306122448983,0.38421428571428573,0.38954285714285714,0.39249387755102044,0.396988775510204,0.39684693877551025,0.3951377551020408,0.39986734693877546,0.40466428571428564,0.40428061224489786,0.4076908163265306,0.4018999999999999,0.41691428571428574,0.416652380952381,0.42336666666666667,0.4142547619047619,0.4014285714285714,0.40229761904761907,0.4088452380952381,0.41758333333333336,0.42204523809523814,0.4175238095238096,0.4202642857142857,0.4019642857142858,0.4053642857142857,0.41415,0.2197748299319728,0.21715102040816323,0.22151972789115643,0.2264789115646259,0.22540204081632653,0.226343537414966,0.2253455782312925,0.22286666666666669,0.22429523809523808,0.22235442176870754,0.22350136054421765,0.22763061224489803,0.22071020408163258,0.21916054421768708,0.22746394557823135,Female,5,5-7,Elementary,C,C,R16C03g5_info1_250Hz_gu2_AEP.conn
R16C33B05,R16C33b05_info1_250Hz_gu3_AEP.conn,gu3,0.19468571428571427,0.19363809523809525,0.19577619047619046,0.19743809523809522,0.19463809523809525,0.18810952380952384,0.2020238095238095,0.20655238095238096,0.20725714285714283,0.18926190476190477,0.18707619047619048,0.18402857142857143,0.2578142857142857,0.26149523809523806,0.23941904761904764,0.27906,0.27842571428571433,0.2844857142857143,0.2915285714285714,0.2969171428571428,0.2961857142857143,0.29766571428571426,0.2968514285714286,0.29697714285714283,0.28305142857142856,0.28811714285714285,0.2937942857142857,0.32637714285714287,0.3236257142857143,0.32408000000000003,0.2367371428571429,0.2401057142857143,0.24121142857142855,0.23880857142857143,0.2378714285714286,0.23661999999999997,0.24011428571428572,0.23799714285714285,0.23981714285714287,0.24165999999999999,0.24083428571428572,0.2392514285714286,0.2475342857142857,0.24692285714285714,0.24256571428571427,0.2923367346938775,0.2923142857142857,0.2904377551020408,0.28883571428571425,0.28513775510204076,0.2912122448979591,0.2884530612244898,0.289695918367347,0.28956836734693875,0.2920051020408163,0.29091836734693877,0.29068775510204087,0.30434183673469384,0.3067285714285714,0.3106551020408163,0.3144357142857143,0.30998333333333333,0.3167690476190476,0.3291904761904762,0.3330309523809524,0.327352380952381,0.3267761904761905,0.3262428571428571,0.3238666666666667,0.3129047619047619,0.3188952380952381,0.33055238095238093,0.3282809523809524,0.3254571428571429,0.316245238095238,0.22766462585034009,0.22744829931972785,0.22947210884353741,0.23158639455782323,0.2311231292517007,0.23382380952380954,0.2337469387755102,0.2308537414965986,0.22870884353741494,0.22737823129251705,0.2296585034013606,0.23048571428571427,0.22562380952380953,0.22349795918367346,0.2281639455782313,Male,5,5-7,Elementary,C,C,R16C33b05_info1_250Hz_gu2_AEP.conn
R16C22G10,R16C22g10_info1_250Hz_gu3_AEP.conn,gu3,0.24744761904761903,0.2538619047619048,0.25443333333333334,0.2549142857142857,0.25451904761904764,0.23634285714285716,0.23758095238095236,0.24207619047619047,0.23668571428571428,0.2448095238095238,0.24284761904761906,0.2393142857142857,0.3177190476190476,0.320047619047619,0.3187952380952381,0.3168685714285714,0.32025714285714285,0.32375714285714285,0.3278371428571428,0.33012857142857144,0.32246,0.3223028571428571,0.32148857142857146,0.3151228571428571,0.3191771428571429,0.3240085714285715,0.3282457142857143,0.34931999999999996,0.35096,0.3576485714285714,0.2812657142857143,0.28298285714285715,0.28324857142857146,0.28189714285714285,0.28025714285714287,0.28315714285714283,0.2831171428571429,0.28236571428571433,0.28080571428571427,0.2853800000000001,0.28936,0.28940571428571427,0.2954342857142857,0.29580571428571434,0.3037885714285714,0.33777653061224494,0.3359632653061224,0.3326673469387756,0.32839795918367354,0.3286755102040816,0.3353326530612245,0.3349877551020409,0.33259999999999995,0.3329602040816327,0.33155612244897964,0.3296765306122449,0.3277775510204082,0.3465234693877551,0.34491122448979594,0.34376632653061223,0.3742880952380952,0.3746595238095238,0.3762999999999999,0.3772380952380952,0.3734309523809524,0.38002857142857144,0.38099047619047616,0.384297619047619,0.3839142857142857,0.3741666666666667,0.37449047619047615,0.3729761904761904,0.3791190476190476,0.38515000000000005,0.37261428571428573,0.2598204081632653,0.2604374149659864,0.26071496598639454,0.26059387755102037,0.25947074829931976,0.26789115646258504,0.2682482993197278,0.2691251700680273,0.26799387755102044,0.261665306122449,0.2634272108843538,0.2644700680272109,0.27003945578231286,0.27192312925170065,0.2734517006802721,Female,10,8-12,Elementary,C,C,R16C22g10_info1_250Hz_gu2_AEP.conn
R16C30M7,R16C30m7_info1_250Hz_gu3_AEP.conn,gu3,0.29960000000000003,0.30282857142857145,0.30160000000000003,0.30231428571428576,0.3053238095238095,0.3038904761904762,0.2969809523809524,0.29571428571428576,0.2962333333333334,0.30607619047619045,0.3052142857142857,0.30597142857142856,0.3492571428571429,0.35065714285714283,0.3529,0.37438857142857146,0.3736085714285714,0.3705942857142857,0.37055999999999994,0.3710171428571428,0.38401428571428575,0.3778057142857143,0.37237714285714285,0.37293428571428566,0.3707,0.3701742857142857,0.37105714285714286,0.40615428571428575,0.40347999999999995,0.39839714285714284,0.30246,0.30031142857142856,0.3025857142857143,0.3054771428571429,0.3055428571428571,0.32104,0.31752,0.3151771428571428,0.31361714285714287,0.2984742857142857,0.30491999999999997,0.3085771428571429,0.3045171428571428,0.30591142857142856,0.30195142857142854,0.35223775510204086,0.3517928571428572,0.3512938775510204,0.34948265306122445,0.3488765306122449,0.35181326530612245,0.35300204081632647,0.3517,0.35145102040816323,0.3496734693877551,0.35074387755102043,0.3491867346938776,0.36571428571428577,0.3639836734693877,0.36742857142857144,0.4103095238095238,0.41219999999999996,0.4150642857142857,0.4173619047619048,0.4141214285714286,0.41359999999999997,0.4135,0.41554285714285705,0.4176809523809524,0.4183928571428572,0.42089523809523816,0.4232428571428572,0.42158095238095233,0.4203023809523809,0.4137142857142857,0.371347619047619,0.3732904761904762,0.37456326530612244,0.3754605442176871,0.3755870748299319,0.38117823129251704,0.3824653061224489,0.3846278911564626,0.38382040816326535,0.37907278911564624,0.38010204081632654,0.38020544217687074,0.37714013605442187,0.37947482993197285,0.3808748299319728,Male,7,5-7,Elementary,C,C,R16C30m7_info1_250Hz_gu2_AEP.conn
R16ME08_F10,R16me08_f10_info1_250Hz_gu3_AEP.conn,gu3,0.3213809523809524,0.3160952380952381,0.31757142857142856,0.32400476190476196,0.3274904761904762,0.31453333333333333,0.3120285714285714,0.30906666666666666,0.3137571428571428,0.3167095238095238,0.3191952380952381,0.32487142857142853,0.3286476190476191,0.3239666666666667,0.34291428571428567,0.359,0.3558514285714286,0.35466,0.35734571428571427,0.35923428571428573,0.34774285714285713,0.3477714285714286,0.3469714285714286,0.3458685714285714,0.35848857142857143,0.3599514285714286,0.36203142857142856,0.36375714285714283,0.36447714285714283,0.3663228571428572,0.3743228571428571,0.3758742857142857,0.37952857142857144,0.37999428571428573,0.3787628571428572,0.3669085714285715,0.3660657142857143,0.37110857142857145,0.37492857142857144,0.37609428571428577,0.3814771428571428,0.38082285714285713,0.3656514285714286,0.37052857142857143,0.3749742857142857,0.4044948979591837,0.4071234693877552,0.41188367346938776,0.41276224489795915,0.41000306122448976,0.4147551020408163,0.41597653061224493,0.4154295918367347,0.4147683673469387,0.41117959183673464,0.4141561224489796,0.4151479591836735,0.42570204081632657,0.42531326530612246,0.4287693877551019,0.4933666666666667,0.499597619047619,0.5045142857142857,0.506995238095238,0.5065333333333334,0.500047619047619,0.5040595238095239,0.5035523809523809,0.5041071428571429,0.5111428571428571,0.5140119047619048,0.5153523809523809,0.5142023809523809,0.5002547619047619,0.5073976190476192,0.39577142857142855,0.39548367346938773,0.39478231292517,0.3921013605442176,0.39175510204081637,0.3913979591836735,0.3909156462585034,0.39118639455782306,0.39120544217687075,0.3984278911564626,0.39857142857142863,0.3960857142857144,0.38431632653061226,0.3845823129251701,0.3933217687074829,Female,10,8-12,Elementary,C,C,R16me08_f10_info1_250Hz_gu2_AEP.conn
R16C12G7,R16C12g7_info1_250Hz_gu3_AEP.conn,gu3,0.1825904761904762,0.17286190476190477,0.17060476190476193,0.1731047619047619,0.17427142857142855,0.17846666666666666,0.1792809523809524,0.17656666666666668,0.17772857142857143,0.1729571428571428,0.1664095238095238,0.1681714285714286,0.2305047619047619,0.22154285714285715,0.2205904761904762,0.28417714285714285,0.28352285714285713,0.2884771428571429,0.2922742857142857,0.2984371428571429,0.29479714285714287,0.2953857142857143,0.2943657142857143,0.2963114285714286,0.28723428571428566,0.29278857142857134,0.29619428571428574,0.3199342857142857,0.3193457142857143,0.32571428571428573,0.22927142857142857,0.22772571428571425,0.22657428571428567,0.22841428571428574,0.23110285714285714,0.22205714285714287,0.22156857142857142,0.21905999999999998,0.21776,0.2305171428571428,0.23122571428571428,0.22835428571428573,0.23140285714285716,0.22420571428571429,0.23394571428571426,0.2308153061224489,0.23114183673469385,0.2328724489795919,0.2351561224489796,0.23587653061224495,0.22947040816326528,0.2323724489795919,0.2358836734693878,0.23509081632653062,0.2299867346938776,0.23103979591836735,0.2339173469387755,0.24766530612244894,0.25027346938775513,0.2506204081632653,0.33109761904761903,0.329252380952381,0.3311404761904762,0.33126428571428573,0.3313833333333333,0.3327095238095238,0.33375000000000005,0.33655000000000007,0.335552380952381,0.33365952380952385,0.3345738095238095,0.33498333333333336,0.3340571428571429,0.32541904761904766,0.32733333333333325,0.22274013605442183,0.22311564625850347,0.2233013605442177,0.22322380952380957,0.22356326530612244,0.22733809523809528,0.22665102040816323,0.22367414965986399,0.2215925170068027,0.22331836734693877,0.2234421768707483,0.22251360544217688,0.22302857142857144,0.21930884353741495,0.2270285714285714,Female,7,5-7,Elementary,C,C,R16C12g7_info1_250Hz_gu2_AEP.conn
R16C38G6,R16C38g6_info1_250Hz_gu3_AEP.conn,gu3,0.26260476190476195,0.2697904761904762,0.27435714285714285,0.2731095238095238,0.277547619047619,0.27037142857142854,0.2639,0.26417142857142856,0.26349047619047616,0.27435238095238096,0.2778619047619047,0.27799523809523813,0.3108285714285714,0.3118714285714286,0.30866666666666664,0.35656571428571426,0.3554085714285714,0.3543971428571428,0.3529685714285714,0.35638571428571425,0.35478571428571437,0.35409428571428575,0.3503200000000001,0.34552285714285713,0.36098285714285716,0.3603714285714286,0.35986,0.38120285714285707,0.37805714285714287,0.3862942857142857,0.2877142857142857,0.2891228571428571,0.2935342857142857,0.29972857142857146,0.30479142857142855,0.2894057142857143,0.2888085714285714,0.2884571428571429,0.29403714285714283,0.29266000000000003,0.2930371428571429,0.2983285714285714,0.2947857142857143,0.29309428571428564,0.3021342857142857,0.3248969387755102,0.3253112244897959,0.3280142857142857,0.33036734693877545,0.33193979591836736,0.32862755102040814,0.3294765306122449,0.3286448979591836,0.3281846938775511,0.3266551020408163,0.32730510204081625,0.3301979591836735,0.3412877551020408,0.34350306122448987,0.3426285714285714,0.3981952380952381,0.39938333333333337,0.40203809523809525,0.4025785714285714,0.40563333333333335,0.40375714285714287,0.40142380952380946,0.4051595238095238,0.4090261904761905,0.4000690476190476,0.4040047619047619,0.4049333333333333,0.3986595238095238,0.4010214285714286,0.4027904761904762,0.28884353741496605,0.29075102040816325,0.28835374149659865,0.2896190476190476,0.2892965986394558,0.2887428571428571,0.2902544217687075,0.29107891156462573,0.29114489795918364,0.2935047619047619,0.29142721088435375,0.2900278911564625,0.288465306122449,0.28739591836734696,0.292752380952381,Female,6,5-7,Elementary,C,C,R16C38g6_info1_250Hz_gu2_AEP.conn
R16C27M9,R16C27m9_info1_250Hz_gu3_AEP.conn,gu3,0.20656190476190475,0.20955714285714286,0.21286666666666668,0.2147619047619048,0.21039047619047616,0.2179190476190476,0.21451904761904764,0.21126666666666663,0.2129,0.21661428571428573,0.21930952380952382,0.2235666666666667,0.2637428571428571,0.26153809523809524,0.2722333333333333,0.33472285714285716,0.3370028571428571,0.33900857142857144,0.34298285714285714,0.34429999999999994,0.34215999999999996,0.34070857142857147,0.3395085714285714,0.34179714285714285,0.3407428571428571,0.34408,0.34854,0.36720285714285705,0.3686342857142857,0.37792000000000003,0.23236285714285715,0.23658,0.23998,0.24061999999999992,0.24076,0.24314,0.24550857142857146,0.24002857142857142,0.23975142857142856,0.24135142857142858,0.2446542857142857,0.2454828571428571,0.24892285714285717,0.24489714285714287,0.24808000000000002,0.34278163265306116,0.3425357142857143,0.3415285714285714,0.3421020408163265,0.3432377551020408,0.33992142857142854,0.33943061224489796,0.33997857142857146,0.3409561224489796,0.34363877551020405,0.3433224489795918,0.3442244897959184,0.35765714285714295,0.35938571428571425,0.36182857142857144,0.4300761904761905,0.42791666666666656,0.4256142857142858,0.42540952380952374,0.4235857142857143,0.43081428571428576,0.42865238095238095,0.4274523809523809,0.4272214285714286,0.43276190476190474,0.43082380952380955,0.4302928571428572,0.42945000000000005,0.4190619047619048,0.42578333333333335,0.26485442176870744,0.2652081632653061,0.26693945578231293,0.26700884353741494,0.26835918367346945,0.27104285714285714,0.27138639455782315,0.27078435374149656,0.2696517006802721,0.27068503401360533,0.2723646258503401,0.2711891156462585,0.2722557823129252,0.27152448979591837,0.2732761904761905,Male,9,8-12,Elementary,C,C,R16C27m9_info1_250Hz_gu2_AEP.conn
R16C24B7,R16C24b7_info1_250Hz_gu3_AEP.conn,gu3,0.2784857142857143,0.28127142857142856,0.28330476190476195,0.2839238095238095,0.2806571428571429,0.27484761904761906,0.2776809523809524,0.27456190476190473,0.2726952380952381,0.2798619047619048,0.28244285714285716,0.2850809523809524,0.3088904761904762,0.30918571428571434,0.3272285714285715,0.3730057142857143,0.37298285714285717,0.37382,0.3768542857142857,0.38111428571428574,0.38104857142857146,0.38316,0.3848885714285714,0.38229714285714284,0.3788885714285714,0.3782057142857143,0.3798457142857143,0.4099457142857143,0.4102028571428571,0.40033142857142856,0.3273142857142857,0.32999999999999996,0.3312142857142857,0.33124000000000003,0.33076285714285714,0.3330314285714286,0.3292771428571428,0.32469714285714285,0.3245057142857143,0.33004,0.3307142857142857,0.3283085714285715,0.33538000000000007,0.32942,0.33634285714285717,0.33630510204081626,0.3356785714285713,0.33360408163265304,0.3335724489795918,0.335011224489796,0.3299632653061225,0.32868571428571425,0.32838877551020407,0.3315734693877551,0.33677346938775515,0.3341448979591837,0.3342193877551021,0.34596734693877546,0.34568775510204086,0.3495428571428571,0.3883309523809524,0.38419761904761907,0.38070000000000004,0.3831571428571428,0.3848595238095238,0.38233809523809525,0.3801738095238096,0.3783238095238095,0.38140476190476197,0.38329047619047624,0.3780095238095238,0.37955714285714287,0.3808,0.37318333333333337,0.37119047619047624,0.2672666666666667,0.26845034013605434,0.2682673469387756,0.26914625850340135,0.2711530612244898,0.27480816326530605,0.2725183673469388,0.2693170068027211,0.2694326530612245,0.2694768707482993,0.26884285714285716,0.27022380952380953,0.27308231292517016,0.26880544217687086,0.2720183673469388,Male,7,5-7,Elementary,C,C,R16C24b7_info1_250Hz_gu2_AEP.conn
R16C37B6,R16C37b6_info1_250Hz_gu3_AEP.conn,gu3,0.16643809523809525,0.16963333333333333,0.17153809523809524,0.1709857142857143,0.17221428571428574,0.17535238095238093,0.18219523809523808,0.17950476190476192,0.17995238095238097,0.1735952380952381,0.17502857142857145,0.17043333333333333,0.22406190476190477,0.22353809523809523,0.20893809523809523,0.2914914285714286,0.2907571428571429,0.2950685714285714,0.29702,0.2872828571428572,0.28269428571428573,0.2812342857142857,0.29447999999999996,0.29437428571428575,0.29395999999999994,0.30206857142857146,0.30713142857142856,0.3141971428571429,0.32550285714285715,0.3324771428571428,0.2541342857142857,0.24894857142857144,0.24495142857142857,0.24665714285714285,0.2537857142857143,0.2537971428571429,0.2516285714285714,0.25941714285714285,0.2675742857142857,0.25657142857142856,0.2569742857142857,0.25976857142857146,0.24510285714285712,0.2536542857142857,0.2583885714285714,0.35357551020408157,0.35363367346938784,0.3479744897959184,0.3468795918367347,0.34500612244897955,0.3564459183673469,0.3540418367346939,0.3518673469387755,0.34811530612244895,0.35459795918367343,0.349330612244898,0.3483673469387755,0.3696744897959184,0.36653775510204084,0.364004081632653,0.44093809523809524,0.4415214285714286,0.4400785714285714,0.4387809523809523,0.4362214285714286,0.43787619047619053,0.44375476190476193,0.45091666666666663,0.4468642857142857,0.4408880952380953,0.44440476190476197,0.4467238095238095,0.4433333333333333,0.4502571428571429,0.43976428571428566,0.29793877551020415,0.299856462585034,0.302825850340136,0.3032591836734694,0.3041353741496598,0.30637959183673463,0.3036251700680272,0.3011666666666667,0.2975625850340136,0.2994190476190476,0.30385986394557823,0.3052795918367347,0.29595442176870745,0.2948176870748299,0.300656462585034,Male,6,5-7,Elementary,C,C,R16C37b6_info1_250Hz_gu2_AEP.conn
R16C16B07,R16C16b07_info1_250Hz_gu3_AEP.conn,gu3,0.21773809523809526,0.21930952380952376,0.22521904761904757,0.2278,0.2266190476190476,0.2130238095238095,0.2278238095238095,0.22584761904761905,0.21871428571428572,0.23005238095238092,0.23329999999999998,0.23225238095238096,0.27430952380952384,0.27166666666666667,0.27342380952380957,0.29142285714285715,0.28599428571428576,0.28441999999999995,0.28409142857142855,0.28496,0.3007,0.2965857142857143,0.29523428571428567,0.2905628571428571,0.28962,0.28782857142857143,0.28665714285714283,0.3202,0.3154771428571429,0.31195142857142855,0.26247428571428577,0.2596942857142857,0.25788,0.25781714285714286,0.2562371428571429,0.2702485714285714,0.26813999999999993,0.26735428571428577,0.26698571428571427,0.26072285714285715,0.25609714285714286,0.25439428571428574,0.27149999999999996,0.2699914285714286,0.27048571428571433,0.3330857142857143,0.33485306122448977,0.33766938775510197,0.34221428571428575,0.3437122448979592,0.34283775510204084,0.3472438775510204,0.34965612244897964,0.35061734693877555,0.33879183673469393,0.34248265306122455,0.34618571428571426,0.3633632653061225,0.36597755102040824,0.3633204081632653,0.3570857142857143,0.3597452380952381,0.3595595238095238,0.3592190476190476,0.3600261904761905,0.35932142857142857,0.36290952380952374,0.37285238095238094,0.379197619047619,0.3608642857142857,0.3647714285714286,0.3684166666666666,0.3683166666666667,0.3740785714285714,0.37110952380952383,0.25638639455782314,0.2576231292517007,0.2588136054421769,0.25969387755102036,0.26213945578231296,0.2593442176870748,0.2574945578231292,0.2570721088435375,0.25920068027210885,0.2632727891156462,0.26194693877551023,0.26073197278911564,0.25897142857142863,0.2554380952380952,0.2629829931972789,Male,7,5-7,Elementary,C,C,R16C16b07_info1_250Hz_gu2_AEP.conn
R16M08B09,R16M08b09_info1_250Hz_gu3_AEP.conn,gu3,0.23072380952380953,0.22985714285714284,0.2255,0.22222380952380952,0.21952380952380954,0.2194952380952381,0.22086190476190473,0.2224047619047619,0.22108095238095238,0.2247809523809524,0.22203333333333333,0.22348095238095236,0.2631285714285714,0.2680809523809524,0.2626952380952381,0.3376971428571428,0.3348371428571429,0.3321657142857143,0.3296457142857143,0.3276314285714285,0.34076,0.3361314285714285,0.33476,0.3351257142857143,0.33403714285714287,0.3309714285714286,0.33123142857142857,0.3611971428571428,0.36320857142857144,0.3643457142857143,0.3579714285714286,0.35815428571428576,0.36108285714285715,0.36409428571428576,0.3604914285714286,0.36710000000000004,0.3685171428571429,0.37196,0.3717885714285714,0.3646714285714286,0.36812571428571433,0.37241428571428575,0.37858571428571425,0.3832114285714285,0.38503714285714286,0.44809693877551027,0.4450755102040816,0.4438510204081632,0.4461928571428571,0.4490244897959183,0.4456418367346939,0.44647857142857145,0.4485775510204082,0.4507500000000001,0.44711734693877553,0.44758571428571425,0.4508367346938775,0.46114795918367346,0.4615622448979592,0.46160510204081634,0.4730595238095238,0.4718523809523809,0.47316190476190473,0.47699285714285716,0.4813928571428572,0.4748547619047619,0.47259761904761904,0.47492142857142866,0.4769738095238096,0.47573333333333334,0.47590714285714286,0.4783904761904762,0.4765333333333334,0.4762380952380952,0.4776238095238095,0.308465306122449,0.30886054421768716,0.3079210884353742,0.3071333333333333,0.3076428571428571,0.3066176870748299,0.3079598639455782,0.3080061224489796,0.3078115646258503,0.31212517006802715,0.31164965986394555,0.31092721088435366,0.3077020408163265,0.30856598639455785,0.31508571428571436,Male,9,8-12,Elementary,C,C,R16M08b09_info1_250Hz_gu2_AEP.conn
R16C07G9,R16C07g9_info1_250Hz_gu3_AEP.conn,gu3,0.3003809523809524,0.3025571428571429,0.29969523809523807,0.29619047619047617,0.29546666666666666,0.31088571428571427,0.3186,0.3222428571428571,0.31876190476190475,0.30672380952380957,0.3055666666666667,0.3006333333333333,0.3451666666666668,0.3491095238095238,0.34037619047619055,0.4137485714285714,0.41545714285714286,0.4169085714285714,0.41786571428571423,0.4138371428571429,0.41939142857142864,0.4239,0.42965142857142863,0.4323028571428571,0.4224714285714285,0.42395428571428573,0.42428857142857146,0.4490200000000001,0.45518285714285717,0.4501428571428572,0.37244857142857146,0.37760571428571427,0.38333999999999996,0.38279428571428575,0.3797428571428571,0.3778771428571429,0.37892571428571425,0.38099142857142854,0.37916285714285713,0.3876942857142857,0.3920057142857143,0.38970285714285713,0.3799600000000001,0.38355999999999996,0.3966714285714287,0.40360612244897964,0.40388775510204084,0.40801020408163263,0.4097510204081632,0.4098795918367348,0.41156632653061215,0.4120908163265306,0.41250510204081625,0.4138704081632653,0.4079897959183673,0.41048775510204083,0.41129285714285707,0.4201867346938775,0.420038775510204,0.4204418367346939,0.3625380952380952,0.36143333333333333,0.36050476190476194,0.3600642857142858,0.3602047619047619,0.37382619047619053,0.3749595238095238,0.3734095238095238,0.3736309523809524,0.36403809523809527,0.36449047619047614,0.36216904761904756,0.3711285714285714,0.3789928571428572,0.36519047619047623,0.2832659863945578,0.2836993197278912,0.2854,0.286991156462585,0.28804693877551024,0.288343537414966,0.2879891156462585,0.2889000000000001,0.2898380952380953,0.28823129251700685,0.29001496598639454,0.2905802721088436,0.28896598639455773,0.28913333333333335,0.29718979591836725,Female,9,8-12,Elementary,C,C,R16C07g9_info1_250Hz_gu2_AEP.conn
R16C04B13,R16C04b13_info1_250Hz_gu3_AEP.conn,gu3,0.2814619047619048,0.2787285714285715,0.27753333333333335,0.2780761904761904,0.28091428571428567,0.27884761904761907,0.28065238095238093,0.28500952380952377,0.2838523809523809,0.2810714285714286,0.2788333333333333,0.279847619047619,0.33665714285714293,0.33895238095238095,0.3328761904761905,0.4041942857142858,0.40778857142857144,0.4086514285714286,0.40458285714285713,0.40234,0.41298857142857137,0.41607142857142854,0.4140342857142857,0.4115685714285714,0.4119828571428572,0.4117971428571428,0.40740571428571426,0.442,0.43845999999999996,0.4367571428571429,0.3800485714285714,0.38170571428571426,0.38486000000000004,0.38698000000000005,0.38666285714285714,0.38760857142857147,0.3859828571428571,0.383,0.38273714285714283,0.3809571428571428,0.3807828571428572,0.3830685714285714,0.37825142857142857,0.37374285714285715,0.3776828571428571,0.33582448979591834,0.3338642857142858,0.33358775510204086,0.33395,0.33462857142857144,0.3411438775510204,0.34025612244897957,0.3407918367346938,0.3442938775510203,0.33894591836734694,0.33837244897959184,0.33743979591836737,0.3548877551020408,0.3549071428571429,0.35362244897959183,0.4155738095238095,0.4155738095238095,0.4156976190476191,0.4185238095238095,0.4221809523809524,0.42221904761904766,0.4253833333333333,0.42610714285714285,0.42636428571428575,0.41702380952380946,0.41803809523809515,0.4202428571428572,0.424604761904762,0.41163095238095243,0.40615,0.31263673469387754,0.3155027210884353,0.31747006802721095,0.3123904761904762,0.3101897959183674,0.31121360544217685,0.31331700680272107,0.3158993197278911,0.3153850340136054,0.3182619047619048,0.3195700680272109,0.31438639455782313,0.31613537414965986,0.31815714285714286,0.3179482993197279,Male,13,Teen,Secondary,C,C,R16C04b13_info1_250Hz_gu2_AEP.conn
R16TEEN5CB16,R16Teen5Cb16_info1_250Hz_gu3_AEP.conn,gu3,0.2993,0.2979428571428571,0.29961428571428567,0.3004428571428572,0.29774285714285714,0.31757142857142856,0.31659047619047614,0.32466190476190476,0.32565238095238097,0.29235714285714287,0.2928809523809524,0.2946571428571429,0.3539666666666667,0.3594714285714285,0.3352714285714286,0.3714085714285715,0.3676685714285714,0.36691714285714283,0.3626857142857142,0.3654514285714286,0.37904,0.38432857142857146,0.38345428571428575,0.3842571428571429,0.3738142857142857,0.3714314285714285,0.36805714285714286,0.41132285714285716,0.41254285714285716,0.4044428571428571,0.29556000000000004,0.29672,0.29887714285714284,0.3037942857142857,0.3097142857142857,0.3094914285714286,0.3159171428571429,0.31222000000000005,0.3140171428571429,0.30197142857142856,0.30480857142857143,0.3065942857142857,0.3128028571428571,0.31046,0.30284,0.3279122448979592,0.332715306122449,0.3330734693877551,0.3319051020408163,0.32945204081632656,0.33243469387755104,0.33575918367346935,0.3354122448979592,0.33180408163265307,0.33526020408163276,0.3346867346938775,0.3333816326530612,0.3588918367346939,0.35983163265306123,0.35576734693877554,0.4419785714285714,0.43605476190476194,0.43364285714285716,0.43455238095238097,0.4348214285714285,0.44170714285714285,0.44622619047619044,0.4453404761904762,0.44365952380952384,0.4417214285714286,0.4392809523809524,0.43952142857142856,0.45343809523809525,0.44278095238095244,0.4376404761904762,0.3264986394557823,0.32504829931972784,0.3231530612244897,0.3252448979591837,0.3259102040816327,0.3254068027210885,0.323556462585034,0.32334965986394554,0.3237517006802721,0.3301054421768707,0.32615034013605443,0.32673469387755094,0.32347755102040826,0.32289047619047617,0.3297551020408164,Male,16,Teen,Secondary,C,C,R16Teen5Cb16_info1_250Hz_gu2_AEP.conn
CSD499K07F21,CSD499K07f21_info1_250Hz_gu3_AEP.conn,gu3,0.22073333333333334,0.22199047619047618,0.22534761904761905,0.2279285714285714,0.22448571428571426,0.21813333333333337,0.22242857142857142,0.22949999999999995,0.23168095238095235,0.21962857142857142,0.22414761904761904,0.22766190476190476,0.2706190476190476,0.2757095238095238,0.2703380952380952,0.2623457142857143,0.26101142857142856,0.2591428571428572,0.2596142857142857,0.25826857142857146,0.26064,0.26039142857142855,0.2593914285714286,0.2589714285714285,0.25893428571428573,0.25763714285714284,0.25827714285714287,0.2827085714285714,0.2796142857142857,0.28474857142857146,0.2631085714285714,0.26254857142857146,0.2614,0.26160285714285714,0.26059714285714286,0.26376285714285713,0.2631828571428571,0.25999999999999995,0.25883142857142855,0.26374571428571425,0.2645057142857143,0.2643028571428571,0.26343428571428573,0.26145142857142856,0.26326285714285713,0.28910102040816327,0.2903836734693877,0.29014489795918363,0.28976122448979597,0.28619795918367347,0.2937244897959184,0.2951918367346939,0.29592959183673473,0.2931969387755102,0.2917530612244898,0.2913918367346939,0.2912877551020408,0.31222653061224487,0.312534693877551,0.3078877551020408,0.3939809523809524,0.3964785714285714,0.39622857142857143,0.3946095238095238,0.3931880952380952,0.3972357142857143,0.3984309523809524,0.39463095238095236,0.392247619047619,0.3937595238095238,0.3954809523809524,0.39567380952380954,0.3961928571428572,0.3870761904761906,0.3871785714285714,0.25772721088435374,0.2577680272108844,0.257160544217687,0.2576387755102041,0.25813129251700684,0.2595265306122449,0.2591122448979592,0.2590224489795918,0.25898707482993194,0.2603238095238095,0.26004149659863945,0.2597448979591837,0.2551530612244898,0.2561809523809523,0.2602442176870748,Female,21,Teen,Tertiary,S,NC,CSD499K07f21_info1_250Hz_gu2_AEP.conn
CSD499B8F21,CSD499B8f21_info1_250Hz_gu3_AEP.conn,gu3,0.2023285714285714,0.1963857142857143,0.19483333333333333,0.19900952380952383,0.20545714285714287,0.20603333333333332,0.20551428571428568,0.20073809523809524,0.19774761904761906,0.20702857142857142,0.20494285714285712,0.20485238095238092,0.2670142857142857,0.2648761904761905,0.2703238095238096,0.3023142857142857,0.30077428571428577,0.2977657142857143,0.29907142857142854,0.3020857142857143,0.30034,0.29812000000000005,0.29958,0.28971714285714284,0.30500285714285713,0.30182571428571425,0.30242,0.3236714285714286,0.3251685714285714,0.3236057142857144,0.24548857142857142,0.24440285714285714,0.24130000000000001,0.23972285714285713,0.24047142857142859,0.24570571428571428,0.24515714285714285,0.24446857142857142,0.24286571428571424,0.24546000000000007,0.2456057142857143,0.2467314285714286,0.24292857142857144,0.24095142857142854,0.24814000000000003,0.29477346938775506,0.29713061224489795,0.29696224489795914,0.2993408163265306,0.2983663265306122,0.2949857142857143,0.2963683673469388,0.2994928571428571,0.3016244897959184,0.2936204081632653,0.2950836734693878,0.2977469387755102,0.30929183673469396,0.3108959183673469,0.3078989795918367,0.34881904761904764,0.35285952380952385,0.35624523809523806,0.34893095238095234,0.34714523809523806,0.34759523809523807,0.3547380952380952,0.3539785714285714,0.3508404761904762,0.3523023809523809,0.35569999999999996,0.34894285714285717,0.35815476190476186,0.3529642857142857,0.350147619047619,0.24442380952380954,0.24397142857142862,0.24288911564625848,0.24127278911564623,0.24360476190476194,0.24613265306122448,0.24645374149659866,0.244952380952381,0.24289659863945576,0.2418204081632653,0.2410231292517007,0.2394469387755102,0.2447367346938775,0.24279319727891155,0.24685238095238096,Female,21,Teen,Tertiary,S,NC,CSD499B8f21_info1_250Hz_gu2_AEP.conn
CSD499AH10F21,CSD499AH10f21_info1_250Hz_gu3_AEP.conn,gu3,0.26143333333333335,0.26516190476190477,0.2646047619047619,0.2634190476190476,0.258,0.2787904761904762,0.28173809523809523,0.2810047619047619,0.2745095238095238,0.2606952380952381,0.2597619047619048,0.260552380952381,0.3020095238095238,0.30465714285714285,0.2860380952380952,0.3478171428571429,0.35167999999999994,0.35156857142857145,0.3494542857142857,0.34958857142857147,0.35866857142857145,0.36197714285714283,0.36300571428571426,0.35945714285714286,0.35851999999999995,0.35788285714285706,0.3514857142857143,0.38540285714285716,0.38326000000000005,0.38356571428571434,0.26807142857142857,0.2741,0.27376857142857147,0.2712342857142857,0.26837428571428573,0.2815457142857143,0.2822228571428571,0.2785685714285714,0.27200571428571424,0.2672914285714286,0.2675228571428571,0.2653171428571429,0.27055142857142855,0.2681942857142857,0.26381714285714286,0.2784091836734694,0.27746938775510205,0.2759989795918367,0.27496122448979593,0.2734091836734694,0.2815306122448979,0.28085816326530616,0.28032448979591834,0.2776030612244898,0.27737959183673466,0.27682551020408164,0.27573367346938776,0.29724897959183677,0.29600306122448977,0.29364489795918364,0.4113642857142857,0.40937380952380953,0.407247619047619,0.40531190476190476,0.4071714285714286,0.4179904761904762,0.4179738095238095,0.4161738095238095,0.41314761904761904,0.40951904761904756,0.4080738095238096,0.4065833333333333,0.42304761904761906,0.4225714285714286,0.4096809523809524,0.25162040816326536,0.2523054421768708,0.25238911564625854,0.25171156462585026,0.25014761904761906,0.254708843537415,0.2561700680272108,0.2561959183673469,0.2552557823129252,0.25463877551020414,0.2545428571428571,0.25377278911564627,0.25228979591836737,0.2522959183673469,0.25168707482993197,Female,21,Teen,Tertiary,E,NC,CSD499AH10f21_info1_250Hz_gu2_AEP.conn
CSD499AB04G21,CSD499AB04g21_info1_250Hz_gu3_AEP.conn,gu3,0.1708238095238095,0.16772380952380953,0.16576190476190475,0.16435714285714284,0.16512380952380953,0.17038571428571428,0.16673809523809524,0.1690047619047619,0.1687428571428571,0.1714,0.1718952380952381,0.17066666666666666,0.21871904761904762,0.21919523809523808,0.22813333333333338,0.30616,0.30853142857142857,0.31267428571428574,0.30902,0.30681142857142857,0.31468285714285715,0.31517142857142855,0.31444285714285714,0.31164285714285717,0.3122714285714286,0.3153942857142857,0.31290571428571423,0.3428942857142857,0.34040000000000004,0.34973714285714286,0.2743542857142857,0.2730257142857143,0.2702971428571429,0.27111142857142856,0.27147714285714286,0.2730742857142857,0.2730714285714285,0.27426000000000006,0.27616,0.2687342857142857,0.27450571428571424,0.27639142857142857,0.26911142857142856,0.26518,0.2702142857142857,0.30591530612244894,0.3070295918367347,0.30766020408163264,0.3096551020408163,0.3071397959183674,0.3052775510204082,0.3057520408163265,0.30398265306122446,0.3040204081632653,0.30729795918367353,0.30808469387755105,0.3083683673469388,0.3234295918367347,0.3225030612244898,0.32605,0.3875785714285715,0.387297619047619,0.38802380952380955,0.38867857142857143,0.39252142857142863,0.39320476190476183,0.3937404761904762,0.3941880952380952,0.3991166666666666,0.3950666666666666,0.39471904761904764,0.39585714285714285,0.3981285714285714,0.3888380952380952,0.39089761904761905,0.27759523809523806,0.27787755102040823,0.27868163265306123,0.2764204081632653,0.2768197278911564,0.2792360544217687,0.2819986394557823,0.28313741496598643,0.2831414965986394,0.2793469387755102,0.28088571428571435,0.27912380952380955,0.2753591836734694,0.27630000000000005,0.28290000000000004,Female,21,Teen,Tertiary,A,NC,CSD499AB04g21_info1_250Hz_gu2_AEP.conn
CSD499LS06F20,CSD499LS06f20_info1_250Hz_gu3_AEP.conn,gu3,0.20666666666666667,0.2109190476190476,0.21283809523809524,0.21424285714285715,0.21783809523809525,0.21815714285714286,0.2149190476190476,0.21547142857142856,0.21830000000000002,0.21114761904761906,0.2150857142857143,0.21846190476190475,0.2605476190476191,0.2591619047619047,0.25953333333333334,0.30371714285714285,0.30664,0.30519428571428575,0.30106571428571427,0.29874285714285714,0.30698857142857144,0.30571714285714285,0.3032714285714285,0.3014342857142857,0.30297999999999997,0.30165428571428576,0.29998857142857144,0.32114857142857145,0.3196828571428571,0.31316,0.21768571428571426,0.2181057142857143,0.21734285714285714,0.2141657142857143,0.21409714285714285,0.21471142857142858,0.21290000000000003,0.20815428571428568,0.2068142857142857,0.21465428571428574,0.2142,0.21415142857142855,0.21495999999999998,0.20981428571428573,0.22108571428571427,0.2549897959183674,0.25481020408163263,0.2536091836734694,0.25497244897959187,0.2580602040816327,0.2530102040816326,0.2549071428571429,0.2565979591836735,0.25775816326530615,0.2512663265306122,0.25146122448979596,0.25362755102040824,0.2694204081632653,0.27084489795918365,0.2683030612244898,0.29644999999999994,0.2960642857142857,0.2965857142857143,0.29812619047619043,0.30005952380952383,0.29955476190476193,0.30115476190476187,0.30179761904761904,0.30574523809523807,0.2995142857142857,0.30050952380952384,0.3015857142857143,0.3026333333333333,0.3018595238095238,0.30661904761904757,0.2297197278911564,0.23110068027210884,0.2336340136054422,0.23374489795918366,0.23346734693877552,0.23008707482993196,0.23188707482993198,0.23272244897959188,0.23451496598639454,0.23176870748299316,0.23347210884353742,0.23416394557823125,0.23329455782312924,0.23423877551020408,0.23965442176870755,Female,20,Teen,Tertiary,S,NC,CSD499LS06f20_info1_250Hz_gu2_AEP.conn
R16P02C_G16,R16P02C_g16_info1_250Hz_gu3_AEP.conn,gu3,0.24874285714285715,0.25029523809523807,0.25073809523809526,0.2483904761904762,0.2499714285714285,0.24887142857142855,0.24702857142857146,0.24568571428571429,0.24848571428571428,0.2529190476190476,0.25357142857142856,0.2514571428571429,0.3090190476190476,0.30496666666666666,0.3081,0.34572857142857144,0.34457714285714286,0.3453114285714286,0.34926571428571423,0.3523714285714286,0.34472,0.34535142857142853,0.34874,0.35544000000000003,0.3473657142857142,0.3483085714285714,0.35082,0.3750171428571428,0.3751371428571429,0.37655428571428573,0.30448285714285717,0.3111028571428571,0.3174514285714286,0.3182485714285715,0.3155428571428572,0.31066,0.3165057142857143,0.32084,0.32379714285714284,0.31347142857142857,0.31725714285714285,0.31958000000000003,0.31427714285714287,0.3158485714285714,0.31903714285714285,0.3209734693877551,0.32004693877551016,0.3184959183673469,0.3167336734693878,0.3161877551020408,0.3186285714285715,0.31793877551020405,0.3169183673469388,0.31645510204081634,0.3204918367346938,0.319484693877551,0.3176357142857143,0.3353632653061224,0.3364877551020408,0.3382714285714286,0.3915785714285714,0.39516904761904753,0.3984285714285715,0.4016333333333333,0.40079523809523804,0.3947714285714286,0.39859523809523806,0.39724999999999994,0.3982023809523809,0.39897619047619054,0.4010642857142857,0.4025380952380952,0.4008095238095238,0.3955904761904762,0.3982666666666667,0.24822448979591835,0.24962244897959182,0.2516,0.2512238095238095,0.2500673469387755,0.24849795918367348,0.24850952380952382,0.24916870748299327,0.2492136054421769,0.25244149659863946,0.2531333333333333,0.25167482993197277,0.24496598639455783,0.2446789115646259,0.25521224489795924,Female,16,Teen,Secondary,C,C,R16P02C_g16_info1_250Hz_gu2_AEP.conn
CSD499DV04F21,CSD499DV04f21_info1_250Hz_gu3_AEP.conn,gu3,0.2203142857142857,0.22676190476190475,0.23295714285714286,0.2402857142857143,0.24119523809523813,0.21771428571428572,0.22315714285714283,0.2313047619047619,0.23404761904761906,0.23735714285714282,0.24339999999999998,0.2496952380952381,0.2789285714285714,0.28403809523809526,0.2847190476190476,0.33051142857142857,0.33390000000000003,0.33649142857142855,0.3362085714285714,0.3370485714285714,0.34102,0.3372857142857143,0.33106857142857143,0.3282685714285714,0.33844285714285716,0.3392142857142857,0.3390314285714286,0.3684428571428572,0.3633714285714286,0.37199714285714286,0.3315428571428572,0.3337942857142857,0.3332942857142857,0.33361428571428575,0.3324857142857144,0.3316085714285714,0.3357114285714286,0.33513714285714286,0.32809428571428567,0.3398857142857143,0.33916571428571424,0.33703999999999995,0.3470457142857143,0.3489285714285714,0.3494542857142857,0.3215183673469388,0.32078877551020407,0.3211765306122449,0.3215561224489796,0.3218683673469388,0.3170775510204082,0.31758571428571436,0.31912346938775515,0.3203908163265306,0.31748979591836735,0.31775306122448976,0.3183826530612245,0.3300673469387755,0.3329051020408163,0.3310010204081633,0.4559857142857142,0.4557333333333333,0.4534642857142857,0.4528357142857143,0.4547452380952381,0.44636428571428577,0.44734523809523813,0.4498976190476191,0.4510166666666667,0.4633833333333333,0.46341190476190475,0.46238095238095234,0.4537214285714286,0.45054047619047616,0.4628785714285715,0.2995557823129251,0.30148707482993203,0.30152448979591834,0.299134693877551,0.2998952380952381,0.29812312925170065,0.30038435374149663,0.29928231292517005,0.29715170068027214,0.30279387755102044,0.30346326530612244,0.2997870748299319,0.29993877551020415,0.29885578231292514,0.30591360544217694,Female,21,Teen,Tertiary,S,NC,CSD499DV04f21_info1_250Hz_gu2_AEP.conn
CSD499E9F21,CSD499E9f21_info1_250Hz_gu3_AEP.conn,gu3,0.20303809523809524,0.2094857142857143,0.2115047619047619,0.20405714285714285,0.19945238095238094,0.19699999999999998,0.20034761904761902,0.19772380952380952,0.19601428571428572,0.20584285714285713,0.20124761904761904,0.19350476190476193,0.23274285714285714,0.23518095238095238,0.21921428571428572,0.26126285714285713,0.26134,0.25930857142857144,0.26062,0.26017999999999997,0.25878285714285715,0.25738,0.25194,0.24739142857142857,0.26219714285714285,0.261,0.2594057142857143,0.27528857142857144,0.2711742857142857,0.28210285714285716,0.21966571428571427,0.21719714285714287,0.22473714285714289,0.2269942857142857,0.22086,0.22192571428571428,0.22546285714285713,0.2302342857142857,0.23348,0.22640571428571432,0.23270285714285716,0.23314857142857143,0.23039142857142858,0.23197714285714288,0.23973428571428573,0.25051734693877553,0.2530826530612245,0.2508591836734694,0.24774999999999997,0.2499081632653061,0.2531112244897959,0.25260918367346935,0.25051530612244893,0.25227346938775513,0.25272448979591833,0.251184693877551,0.2526183673469388,0.2760867346938776,0.27566326530612245,0.27169081632653064,0.3382214285714285,0.3396547619047619,0.3401809523809524,0.3381238095238095,0.3321857142857143,0.3396761904761905,0.3400833333333333,0.3369428571428572,0.3366619047619048,0.3415238095238095,0.34043095238095233,0.34010952380952375,0.3331595238095238,0.3253142857142857,0.3313214285714286,0.25797006802721095,0.2620959183673469,0.26645306122448986,0.2681748299319728,0.2679877551020408,0.2654333333333333,0.2651721088435374,0.2664299319727891,0.2692612244897959,0.26580544217687074,0.2689619047619048,0.2719006802721089,0.26352448979591836,0.2657517006802721,0.27212380952380955,Female,21,Teen,Tertiary,E,NC,CSD499E9f21_info1_250Hz_gu2_AEP.conn
CSD499SL03F20,CSD499SL03F20_info1_250Hz_gu3_AEP.conn,gu3,0.1874809523809524,0.18841428571428573,0.19246190476190475,0.19571428571428573,0.19654285714285716,0.1885190476190476,0.1857952380952381,0.18536666666666665,0.18537142857142855,0.1888095238095238,0.19074761904761903,0.1889666666666667,0.2392238095238096,0.23688571428571428,0.2284666666666667,0.3176657142857143,0.31701142857142856,0.31720571428571426,0.32060571428571427,0.3251028571428572,0.31168285714285715,0.31357142857142856,0.3138142857142857,0.3146657142857143,0.3119685714285715,0.3118628571428571,0.31278000000000006,0.3352857142857143,0.3338285714285714,0.32884,0.2531857142857143,0.25449142857142854,0.25089428571428574,0.24626285714285717,0.24476857142857145,0.2501514285714285,0.2513514285714286,0.2480485714285714,0.24412571428571428,0.24666000000000002,0.24774000000000002,0.2442057142857143,0.24055714285714286,0.23652,0.23966571428571432,0.2940908163265306,0.29392959183673467,0.29414693877551024,0.29488061224489803,0.2936091836734694,0.29245204081632653,0.2920683673469387,0.294504081632653,0.2919408163265306,0.29520918367346943,0.2932265306122449,0.2934683673469388,0.31332755102040816,0.3162744897959184,0.31067142857142854,0.3358428571428571,0.33300714285714283,0.3323952380952381,0.33262857142857144,0.33062857142857144,0.32845476190476186,0.3296690476190476,0.32910952380952385,0.3282904761904762,0.3307476190476191,0.33091428571428577,0.33077142857142855,0.32916428571428563,0.3219333333333333,0.3192380952380952,0.2173571428571429,0.2164789115646259,0.21658911564625855,0.21738503401360548,0.21967687074829925,0.2165265306122449,0.2166578231292517,0.21796190476190477,0.21944149659863948,0.2174598639455782,0.21785034013605442,0.21947551020408168,0.21659931972789115,0.21847551020408165,0.2226455782312925,Female,20,Teen,Tertiary,S,NC,CSD499SL03F20_info1_250Hz_gu2_AEP.conn
NIH01C01B17,NIH01C01b17_info1_250Hz_gu3_AEP.conn,gu3,0.3877095238095238,0.3856523809523809,0.38082857142857146,0.38157619047619046,0.38867619047619045,0.3796285714285714,0.3785,0.3830238095238095,0.3924047619047619,0.379952380952381,0.37934761904761904,0.3856,0.40519999999999995,0.4086428571428571,0.40919047619047616,0.3698057142857143,0.3729742857142857,0.3705657142857143,0.3738971428571428,0.37611999999999995,0.38136857142857145,0.3838514285714286,0.38351999999999997,0.3840342857142857,0.37635142857142856,0.3707285714285714,0.37335428571428575,0.40141142857142864,0.40602,0.38115428571428567,0.29568,0.2968085714285714,0.29240571428571427,0.2923028571428571,0.30272,0.30858285714285716,0.30305428571428566,0.29808000000000007,0.2975314285714286,0.29997142857142856,0.29341999999999996,0.2937971428571428,0.3077142857142857,0.30910571428571426,0.2917914285714286,0.4298887755102041,0.4310969387755102,0.4344938775510204,0.43155102040816334,0.43047551020408165,0.42304081632653057,0.42785102040816325,0.42952448979591834,0.42985306122448985,0.43710816326530616,0.4410173469387755,0.43799387755102037,0.4423418367346939,0.44465102040816323,0.45464591836734686,0.5012214285714286,0.5106595238095237,0.5102547619047619,0.5044547619047619,0.5008809523809524,0.4928547619047619,0.5111261904761905,0.5167452380952381,0.5144380952380952,0.5051428571428572,0.5054071428571428,0.49917380952380946,0.5106642857142857,0.5050023809523809,0.4877952380952381,0.38268503401360543,0.3804292517006802,0.3779897959183674,0.3828775510204082,0.38493333333333335,0.38664829931972794,0.38527755102040817,0.3828823129251701,0.3794850340136055,0.382839455782313,0.3801700680272108,0.38464761904761907,0.37846530612244905,0.3760802721088436,0.3763571428571429,Male,17,Teen,Secondary,C,C,NIH01C01b17_info1_250Hz_gu2_AEP.conn
R16JY24B17,R16jy24b17_info1_250Hz_gu3_AEP.conn,gu3,0.19891904761904763,0.20051904761904762,0.2023904761904762,0.20186190476190471,0.2026238095238095,0.1951571428571429,0.20197142857142855,0.2062952380952381,0.20785714285714288,0.20143809523809528,0.2039904761904762,0.2038857142857143,0.24127142857142858,0.24474285714285715,0.24601428571428574,0.28849142857142857,0.2870457142857143,0.2863457142857143,0.2908542857142857,0.29256000000000004,0.2767,0.2816057142857143,0.2839857142857143,0.2852342857142857,0.2833228571428572,0.28419999999999995,0.29097428571428574,0.30629428571428574,0.3089942857142858,0.3168742857142857,0.3245857142857143,0.32357142857142857,0.32315714285714287,0.3229428571428571,0.32464,0.32079714285714284,0.3225685714285714,0.32137999999999994,0.32184571428571435,0.32402857142857144,0.32412285714285716,0.32300285714285715,0.30714857142857144,0.30670000000000003,0.31676571428571426,0.26580306122448977,0.264134693877551,0.26556632653061224,0.26489387755102045,0.266915306122449,0.263045918367347,0.26449591836734687,0.2648408163265306,0.26609081632653064,0.2639000000000001,0.26438469387755104,0.2633326530612245,0.28368061224489793,0.2848081632653061,0.2850877551020409,0.3364309523809525,0.3349142857142857,0.3360095238095238,0.3350190476190476,0.33396190476190474,0.32935476190476193,0.33296428571428566,0.3358261904761905,0.3383404761904762,0.32970000000000005,0.3317142857142857,0.3317952380952381,0.33171904761904764,0.3427880952380952,0.34378095238095235,0.25898299319727885,0.2554557823129252,0.2509258503401361,0.24928979591836734,0.24992925170068034,0.2543027210884354,0.255339455782313,0.2551163265306122,0.2540176870748299,0.256943537414966,0.2535170068027211,0.25255646258503406,0.25678503401360553,0.2559183673469388,0.2615707482993197,Male,17,Teen,Secondary,C,C,R16jy24b17_info1_250Hz_gu2_AEP.conn
R16CJTEST_B15,R16CjTest_b15_info1_250Hz_gu3_AEP.conn,gu3,0.21360476190476188,0.2189095238095238,0.21134285714285714,0.2049095238095238,0.20502380952380952,0.20704761904761904,0.20298095238095237,0.19560476190476192,0.19675714285714285,0.21305238095238097,0.20535714285714288,0.19884285714285713,0.2407571428571428,0.23272380952380953,0.24200000000000002,0.29141428571428574,0.3015514285714286,0.30301142857142854,0.3000514285714285,0.29934285714285713,0.2961314285714286,0.2926285714285714,0.2924171428571428,0.29462857142857146,0.2987571428571429,0.3022742857142857,0.3019428571428572,0.3188142857142857,0.31973714285714283,0.32658,0.2513628571428571,0.2514,0.24899142857142859,0.24881714285714285,0.25077142857142853,0.24707714285714286,0.24679142857142855,0.24645999999999998,0.2460571428571429,0.2460542857142857,0.24808857142857138,0.2496085714285714,0.23874285714285715,0.24076285714285714,0.24861142857142857,0.3161642857142857,0.3163163265306123,0.3146795918367347,0.3144336734693877,0.31468163265306126,0.3141122448979591,0.31353571428571436,0.3146816326530612,0.31647959183673463,0.3179591836734694,0.315334693877551,0.31441326530612246,0.33122959183673467,0.33267448979591835,0.33223163265306127,0.36595000000000005,0.3639952380952381,0.36175952380952375,0.3579309523809524,0.35809285714285716,0.3576357142857143,0.35849523809523814,0.36192857142857143,0.36316666666666664,0.3725214285714286,0.3696738095238095,0.36315952380952377,0.36675714285714284,0.362397619047619,0.37115000000000004,0.2638170068027211,0.2652115646258504,0.2654829931972789,0.2625231292517007,0.26285646258503403,0.26290204081632657,0.26412312925170073,0.26487074829931967,0.266078231292517,0.2647727891156463,0.2658068027210884,0.2641068027210884,0.26099863945578233,0.26179591836734695,0.2688510204081632,Male,15,Teen,Secondary,C,C,R16CjTest_b15_info1_250Hz_gu2_AEP.conn
CSD499KK01F21,CSD499KK01f21_info1_250Hz_gu3_AEP.conn,gu3,0.2279,0.2292666666666667,0.22745238095238093,0.22194285714285714,0.2134952380952381,0.23074285714285714,0.2237,0.2267809523809524,0.22557619047619049,0.23119047619047617,0.2301619047619047,0.2259952380952381,0.2745904761904762,0.27626190476190476,0.2768714285714286,0.31567142857142855,0.3146657142857143,0.31041142857142856,0.30361142857142853,0.29963428571428574,0.32199142857142854,0.3185057142857143,0.3112085714285714,0.3047485714285715,0.31439142857142854,0.30904571428571426,0.30351428571428574,0.34456857142857145,0.33512,0.34412857142857145,0.22487999999999997,0.22734571428571426,0.22093428571428575,0.22035714285714283,0.21733428571428576,0.23592285714285718,0.22888285714285717,0.21926,0.21648,0.23011714285714283,0.225,0.22188857142857138,0.22485999999999998,0.2159542857142857,0.22107714285714283,0.31815714285714286,0.31807857142857143,0.31706224489795914,0.31402959183673473,0.313080612244898,0.3199887755102041,0.3181173469387755,0.3182979591836735,0.31602755102040814,0.31906020408163266,0.31757653061224494,0.3150744897959184,0.33779387755102036,0.3370020408163265,0.33662346938775506,0.44133571428571433,0.4404928571428571,0.4430619047619047,0.4483857142857142,0.4526619047619047,0.4482642857142857,0.44891904761904766,0.45156666666666667,0.4527666666666667,0.44732619047619043,0.44915,0.454645238095238,0.4583,0.44484047619047623,0.44289761904761904,0.32897891156462583,0.3328707482993198,0.3335374149659864,0.33417142857142856,0.3333136054421769,0.33388163265306126,0.33602857142857145,0.33748231292517006,0.33608707482993194,0.33680816326530616,0.3375108843537415,0.3367108843537415,0.3328401360544218,0.3338680272108843,0.3384598639455782,Female,21,Teen,Tertiary,C,C,CSD499KK01f21_info1_250Hz_gu2_AEP.conn
R16CTEEN06G16,R16Cteen06g16_info1_250Hz_gu3_AEP.conn,gu3,0.3335857142857143,0.3385380952380952,0.3385952380952381,0.3364809523809524,0.33403809523809525,0.3260428571428572,0.33462857142857144,0.33919047619047626,0.33520476190476195,0.3384619047619048,0.33722857142857143,0.3364142857142857,0.38498095238095237,0.38859047619047615,0.37213333333333337,0.38404285714285713,0.3835571428571428,0.37960857142857146,0.3790971428571429,0.3817857142857143,0.38052285714285716,0.38135142857142856,0.3800542857142858,0.3822857142857143,0.3849628571428571,0.38054,0.37965142857142864,0.4046857142857142,0.40411714285714284,0.39205999999999996,0.32525714285714286,0.3191628571428571,0.3143571428571429,0.3149571428571428,0.3187057142857143,0.30995428571428574,0.30890571428571423,0.3118428571428571,0.31329714285714283,0.31751142857142856,0.31483142857142854,0.31663714285714284,0.33081714285714287,0.33083428571428575,0.33555714285714283,0.33730816326530616,0.3325581632653062,0.32993571428571433,0.33082551020408163,0.3345663265306123,0.32934285714285716,0.32889999999999997,0.32694591836734693,0.3270959183673469,0.3310418367346939,0.3269530612244898,0.32624285714285717,0.3434938775510204,0.34204387755102034,0.3433693877551021,0.40198333333333336,0.40378095238095235,0.40617619047619047,0.40772857142857144,0.40995476190476193,0.40788095238095234,0.40829999999999994,0.41451190476190475,0.4168619047619048,0.40436190476190487,0.40590952380952383,0.40775,0.4054928571428571,0.41114999999999996,0.39863095238095236,0.34045918367346945,0.3383503401360543,0.33546326530612247,0.33352312925170075,0.33522448979591835,0.3410319727891156,0.3401027210884354,0.3398816326530613,0.33944897959183673,0.3356816326530613,0.33410952380952375,0.3333319727891157,0.3360292517006802,0.33700340136054424,0.33657823129251707,Female,16,Teen,Secondary,C,C,R16Cteen06g16_info1_250Hz_gu2_AEP.conn
NIH01C02B19,NIH01C02b19_info1_250Hz_gu3_AEP.conn,gu3,0.22109047619047617,0.22676666666666667,0.22409999999999997,0.2194761904761905,0.21729999999999997,0.22970000000000002,0.2326,0.2298714285714286,0.23127142857142857,0.2374571428571429,0.23538095238095239,0.23145238095238096,0.2916714285714286,0.28468571428571426,0.2885333333333333,0.4015771428571428,0.4054285714285714,0.40884,0.4122057142857143,0.41487428571428564,0.40824285714285713,0.4131485714285715,0.4169542857142857,0.42025428571428575,0.41452285714285714,0.4166314285714286,0.41942571428571424,0.4434514285714286,0.44570285714285707,0.4372285714285714,0.32965714285714287,0.3309057142857143,0.3263142857142857,0.32418857142857144,0.32566285714285714,0.3301742857142857,0.33218000000000003,0.3342114285714286,0.3289685714285714,0.33888285714285715,0.33426285714285714,0.33073428571428576,0.3273257142857143,0.33046571428571425,0.32695714285714284,0.34531734693877547,0.3466785714285714,0.3461520408163266,0.3449632653061225,0.3449346938775511,0.34770204081632655,0.3469520408163265,0.3469816326530612,0.3447877551020408,0.3478091836734694,0.34641326530612243,0.3442163265306123,0.35685000000000006,0.3563704081632653,0.3548918367346939,0.5050619047619048,0.5086404761904763,0.5112119047619048,0.5124952380952381,0.5116714285714287,0.4994476190476191,0.5019571428571429,0.5011261904761904,0.5031095238095239,0.5047238095238095,0.5104214285714286,0.5133142857142857,0.5044095238095239,0.5056761904761904,0.5056642857142858,0.29575306122448985,0.2958659863945578,0.2940727891156463,0.2945027210884354,0.2958707482993197,0.2919816326530612,0.29277551020408166,0.2927129251700681,0.293356462585034,0.29764353741496596,0.2954238095238095,0.2962829931972789,0.2916863945578231,0.2919931972789116,0.29759455782312927,Male,19,Teen,Tertiary,C,C,NIH01C02b19_info1_250Hz_gu2_AEP.conn
R16TEENPVB,R16teenPvb_info1_250Hz_gu3_AEP.conn,gu3,0.2865,0.28662857142857145,0.28472857142857144,0.2823428571428572,0.27830000000000005,0.28296666666666664,0.28200000000000003,0.27953809523809525,0.27447142857142853,0.28623333333333334,0.28431904761904764,0.28144285714285716,0.30066666666666664,0.29814761904761905,0.2975904761904762,0.33322,0.3308771428571428,0.32999999999999996,0.33366285714285715,0.3368685714285714,0.33517714285714284,0.33225142857142853,0.3343457142857143,0.3359142857142857,0.32773428571428564,0.32651142857142856,0.32921999999999996,0.35111714285714285,0.3508,0.3427857142857143,0.28824571428571427,0.28345714285714285,0.27467428571428576,0.27539714285714284,0.27881999999999996,0.28091714285714287,0.28237714285714277,0.2846571428571429,0.2829114285714286,0.28584,0.28352285714285713,0.2831228571428571,0.28688857142857144,0.28718,0.28232,0.38468265306122446,0.3851510204081633,0.38599897959183677,0.3858704081632653,0.3857510204081633,0.3852142857142856,0.38578673469387753,0.386280612244898,0.3859346938775511,0.38618469387755106,0.3870530612244898,0.38701734693877554,0.39737346938775503,0.39650714285714284,0.40019795918367346,0.4865547619047619,0.48741904761904764,0.4876309523809524,0.4882476190476191,0.49063095238095245,0.4907119047619047,0.4900404761904762,0.48968809523809526,0.49218333333333336,0.49273809523809514,0.4929095238095238,0.49260714285714285,0.49019523809523813,0.4782571428571429,0.4779190476190476,0.3491823129251701,0.34986802721088434,0.3501034013605442,0.3507251700680272,0.351569387755102,0.35598503401360543,0.3555870748299319,0.3559469387755102,0.35563401360544217,0.35560136054421765,0.35563197278911557,0.35544489795918366,0.3466156462585035,0.3475394557823129,0.3531428571428571,Male,16,Teen,Secondary,E,NC,R16teenPvb_info1_250Hz_gu2_AEP.conn
CSD499CS02F20,CSD499CS02f20_info1_250Hz_gu3_AEP.conn,gu3,0.19738095238095235,0.19610952380952382,0.19485714285714284,0.19435714285714287,0.1925285714285714,0.19033333333333333,0.18967142857142857,0.1956190476190476,0.19252857142857138,0.1947952380952381,0.19610000000000002,0.19701428571428573,0.23312857142857143,0.23602857142857145,0.23417142857142859,0.26396857142857144,0.2619742857142857,0.2604485714285714,0.2584142857142857,0.25769714285714285,0.26576571428571427,0.26340857142857144,0.2629457142857142,0.25760571428571427,0.25890285714285716,0.2568514285714286,0.25677714285714287,0.2884028571428571,0.28874,0.2805942857142857,0.19556857142857145,0.1927057142857143,0.19302571428571427,0.19264571428571428,0.19263999999999998,0.1949542857142857,0.19530571428571428,0.19274,0.19210000000000002,0.1948542857142857,0.19550285714285714,0.1942942857142857,0.20113428571428577,0.19882285714285713,0.19889142857142855,0.26349081632653065,0.26457142857142857,0.26458673469387756,0.2672632653061225,0.26251224489795916,0.26350306122448974,0.2631428571428572,0.2623877551020408,0.2619102040816327,0.26324489795918365,0.2650571428571429,0.2682734693877551,0.28157551020408167,0.2820877551020408,0.2838091836734694,0.3431261904761905,0.3426666666666667,0.3416452380952381,0.33911666666666673,0.3402857142857143,0.3420071428571428,0.34231904761904763,0.3408333333333334,0.34049285714285715,0.3490166666666667,0.34785714285714286,0.3434523809523809,0.3474809523809524,0.34226666666666666,0.3453928571428571,0.22618163265306127,0.22470612244897958,0.22455442176870752,0.22520680272108842,0.2263258503401361,0.2267748299319728,0.22601700680272108,0.2269673469387755,0.22852857142857144,0.22748503401360545,0.2269646258503401,0.22894625850340136,0.2225904761904762,0.22413197278911562,0.2294442176870748,Female,20,Teen,Tertiary,S,NC,CSD499CS02f20_info1_250Hz_gu2_AEP.conn
EES23F24,ees23f24_250Hz_gu3_AEP.conn,gu3,0.19394761904761904,0.18856666666666666,0.19086666666666666,0.1981952380952381,0.20181428571428572,0.2287809523809524,0.22595238095238093,0.21933809523809522,0.20874285714285715,0.19452857142857147,0.19725238095238096,0.20392380952380953,0.2683761904761905,0.26196190476190473,0.2502095238095238,0.3239942857142857,0.3253142857142857,0.32931999999999995,0.3354742857142857,0.33528857142857144,0.3425285714285714,0.33899714285714283,0.33799999999999997,0.33374857142857145,0.3286257142857143,0.3330285714285714,0.33702857142857146,0.36547999999999997,0.36348,0.3554142857142858,0.2501114285714286,0.24578571428571427,0.2439057142857143,0.24526857142857145,0.24665142857142858,0.2503485714285714,0.24907142857142855,0.24969428571428573,0.25304000000000004,0.24306857142857147,0.2417457142857143,0.2425514285714286,0.24956857142857142,0.25053142857142857,0.24250857142857143,0.3308816326530612,0.3289326530612245,0.32341632653061225,0.32343979591836736,0.3262438775510204,0.33351530612244895,0.3370795918367347,0.3339867346938775,0.3286326530612245,0.32609489795918367,0.32305306122448973,0.32583265306122444,0.34958163265306125,0.34619183673469395,0.33924489795918367,0.3823285714285714,0.38832142857142854,0.39506904761904765,0.3952809523809524,0.3926690476190476,0.39275476190476183,0.40033333333333326,0.40136190476190475,0.3980690476190476,0.3879547619047619,0.3950642857142858,0.3964119047619048,0.40242142857142854,0.39397857142857146,0.3864666666666667,0.23240748299319727,0.23086802721088434,0.23091564625850344,0.22844557823129252,0.22675442176870747,0.23259863945578227,0.23582993197278915,0.23570680272108846,0.23829115646258497,0.23347074829931974,0.23131972789115643,0.22931224489795912,0.2338891156462585,0.23342721088435375,0.23169931972789115,Female,24,Adult,Adult,E,NC,ees23f24_250Hz_gu2_AEP.conn
EES12F24,ees12f24_250Hz_gu3_AEP.conn,gu3,0.18454761904761904,0.18143333333333334,0.18713809523809521,0.18603333333333336,0.1868904761904762,0.1917904761904762,0.18835714285714286,0.18685714285714283,0.1819952380952381,0.18077142857142858,0.18170476190476192,0.18294285714285716,0.22659523809523807,0.23106666666666667,0.23450000000000001,0.2935542857142857,0.2899057142857143,0.2915857142857142,0.2954085714285714,0.30378,0.29734,0.2976371428571428,0.29520571428571424,0.29136,0.2892685714285714,0.29331428571428575,0.29599714285714285,0.32231714285714286,0.3225571428571429,0.31818857142857143,0.24147714285714286,0.24017999999999998,0.24479714285714285,0.2529742857142857,0.25387714285714286,0.24593999999999996,0.25334571428571423,0.25573999999999997,0.24699714285714286,0.24879142857142855,0.24780857142857143,0.25590857142857143,0.2475314285714286,0.25442000000000004,0.25286,0.27761734693877554,0.2821561224489796,0.28558979591836736,0.2875234693877551,0.28773979591836735,0.28793673469387754,0.2836683673469388,0.28551734693877556,0.29013061224489795,0.288234693877551,0.28823163265306123,0.2870122448979592,0.297795918367347,0.2978581632653062,0.3022846938775511,0.36287857142857144,0.37865238095238096,0.3885904761904762,0.39026428571428573,0.3878309523809524,0.37507142857142856,0.3696738095238095,0.3769166666666666,0.3821857142857143,0.37880952380952376,0.3883071428571428,0.38879523809523814,0.36596904761904764,0.3585404761904762,0.38356904761904764,0.2749333333333333,0.2706312925170068,0.27491292517006805,0.2833945578231292,0.2857965986394558,0.2772523809523809,0.2830816326530612,0.2836210884353741,0.2847639455782313,0.27249047619047617,0.2746231292517007,0.2795687074829932,0.2729394557823129,0.27423741496598647,0.2747687074829932,Female,24,Adult,Adult,E,NC,ees12f24_250Hz_gu2_AEP.conn
MMS14F25,mms14f25_250Hz_gu3_AEP.conn,gu3,0.23500000000000001,0.23732380952380952,0.22979047619047618,0.22064761904761906,0.21941904761904762,0.24024761904761904,0.24025238095238097,0.2390714285714286,0.23874761904761907,0.2278809523809524,0.2245285714285714,0.22704285714285719,0.25839523809523807,0.2612,0.25074285714285716,0.37721428571428567,0.37291714285714284,0.37114857142857144,0.37308857142857144,0.3780485714285714,0.3942371428571428,0.3983342857142857,0.396,0.39169714285714285,0.3812514285714285,0.37698857142857145,0.37585142857142856,0.41207142857142853,0.4128285714285715,0.4005457142857143,0.3574085714285714,0.35832571428571425,0.3556285714285715,0.35669428571428574,0.3565885714285714,0.3743885714285714,0.37191714285714284,0.36677714285714286,0.36446285714285714,0.3694828571428571,0.36619999999999997,0.3650142857142856,0.37229999999999996,0.3701514285714286,0.35933714285714285,0.32839693877551024,0.32829693877551014,0.32391428571428577,0.3200408163265306,0.3211979591836735,0.3146632653061225,0.3145214285714286,0.31960510204081627,0.3227969387755102,0.32587040816326523,0.32224183673469387,0.322365306122449,0.3272663265306122,0.3297112244897959,0.3325214285714286,0.45646666666666674,0.45394285714285715,0.45496190476190485,0.4557785714285714,0.4555833333333333,0.4656642857142857,0.46548809523809526,0.46487619047619044,0.4637071428571429,0.4637071428571428,0.4641595238095238,0.466402380952381,0.4678166666666667,0.4582333333333333,0.45992142857142854,0.2953938775510204,0.294439455782313,0.29662653061224503,0.29649931972789106,0.29772857142857145,0.30387891156462593,0.30222517006802724,0.30102721088435375,0.2996503401360544,0.30131768707482987,0.3039768707482994,0.3045414965986395,0.3013142857142857,0.30000544217687075,0.30663129251700677,Female,25,Adult,Adult,C,C,mms14f25_250Hz_gu2_AEP.conn
EES22M27,EES22M27_250Hz_gu3_AEP.conn,gu3,0.19349047619047618,0.1888857142857143,0.1861476190476191,0.18139523809523808,0.18088095238095236,0.18776666666666667,0.19071428571428573,0.19072380952380952,0.17635238095238095,0.1861095238095238,0.18118095238095236,0.17432380952380952,0.22277142857142854,0.2196428571428571,0.2383380952380952,0.3032485714285714,0.3004057142857143,0.3010285714285714,0.30276285714285717,0.30417142857142854,0.31886,0.31759714285714286,0.31658285714285717,0.30774,0.29846000000000006,0.30068285714285714,0.3019657142857143,0.33481428571428573,0.33250285714285716,0.3242285714285714,0.2082942857142857,0.20186285714285718,0.20391428571428571,0.21035714285714285,0.2181257142857143,0.21394571428571424,0.21818857142857145,0.21793714285714283,0.21403999999999995,0.20877142857142855,0.21550571428571427,0.22009714285714285,0.23817999999999998,0.23829714285714285,0.22570571428571426,0.25060000000000004,0.2501387755102041,0.25387448979591837,0.25519081632653057,0.2573938775510204,0.25715000000000005,0.2558367346938776,0.2544530612244898,0.25352755102040814,0.2500081632653061,0.2540173469387755,0.2559295918367347,0.27150102040816326,0.2695326530612245,0.2705551020408163,0.32826666666666665,0.3335833333333333,0.34064999999999995,0.34611428571428576,0.3490952380952381,0.34735000000000005,0.3468595238095238,0.3426333333333333,0.3440690476190476,0.3329190476190476,0.33602619047619053,0.3413595238095238,0.34271428571428575,0.341447619047619,0.3464928571428571,0.24655986394557822,0.24864285714285722,0.2498047619047619,0.25087959183673475,0.2518360544217687,0.2563367346938775,0.2544775510204082,0.25274217687074835,0.251230612244898,0.2484952380952381,0.24949931972789116,0.2513816326530612,0.2522340136054422,0.25091700680272105,0.25834557823129256,Male,27,Adult,Adult,E,NC,EES22M27_250Hz_gu2_AEP.conn
MMS10F23,mms10f23_250Hz_gu3_AEP.conn,gu3,0.31017619047619044,0.3116904761904762,0.30842857142857144,0.30676190476190474,0.3176095238095238,0.3089904761904762,0.3104,0.31915714285714286,0.3230142857142857,0.3067714285714286,0.3050428571428571,0.30507142857142855,0.3489952380952381,0.3525380952380952,0.3258809523809524,0.4229514285714286,0.42078857142857135,0.4100628571428572,0.4002257142857143,0.3959257142857143,0.41856,0.4241742857142857,0.42510285714285717,0.4208,0.42029714285714287,0.4098914285714286,0.4001257142857143,0.4443485714285714,0.44615142857142864,0.4288428571428572,0.4499542857142857,0.45754,0.46203714285714287,0.4624,0.4551742857142857,0.42334285714285713,0.4326885714285715,0.4391285714285714,0.4397714285714286,0.4673514285714286,0.47162,0.4708142857142857,0.4479685714285714,0.45108571428571426,0.4636514285714285,0.38805204081632655,0.3874836734693877,0.38946326530612246,0.3902204081632653,0.38949489795918374,0.3863255102040816,0.3880816326530612,0.3853836734693878,0.3857581632653061,0.38602551020408166,0.38997653061224485,0.39058877551020416,0.3960142857142857,0.39359285714285713,0.3960969387755102,0.4566285714285714,0.45529523809523803,0.4478571428571429,0.4430738095238096,0.4493309523809524,0.44247142857142857,0.441,0.44240714285714283,0.4452238095238095,0.45466904761904764,0.44986190476190474,0.44703571428571426,0.43665952380952383,0.4260595238095238,0.4386071428571429,0.34076530612244893,0.34406258503401366,0.34438299319727894,0.3447972789115647,0.34299863945578235,0.34804557823129256,0.3480197278911564,0.34782517006802716,0.34420884353741493,0.34321768707482986,0.34560612244897965,0.3501673469387755,0.34450816326530614,0.3449190476190476,0.34069795918367346,Female,23,Adult,Adult,C,C,mms10f23_250Hz_gu2_AEP.conn
MMS08M24,mms08m24_250Hz_gu3_AEP.conn,gu3,0.20489047619047618,0.20679999999999998,0.20717619047619049,0.20916190476190477,0.20893809523809526,0.21077142857142858,0.21580476190476194,0.22542857142857145,0.22316666666666665,0.20727619047619047,0.2063,0.20800000000000005,0.2723,0.2774285714285714,0.27267619047619046,0.3351685714285714,0.33272,0.32577142857142855,0.3286371428571428,0.33168000000000003,0.3447,0.34157142857142864,0.3469771428571429,0.35396285714285713,0.3326657142857143,0.3273114285714286,0.3310514285714286,0.36994285714285713,0.3724628571428572,0.3568028571428572,0.27116285714285715,0.26470000000000005,0.2569171428571429,0.2607057142857143,0.26774571428571425,0.2827657142857143,0.2847914285714286,0.2879885714285714,0.28687999999999997,0.26913714285714285,0.26334857142857143,0.26488,0.28881428571428575,0.2921714285714286,0.2677542857142857,0.3559663265306123,0.35983163265306123,0.3600316326530612,0.3577285714285714,0.35526224489795916,0.360430612244898,0.3627010204081632,0.36609591836734695,0.36729489795918363,0.361365306122449,0.36314081632653056,0.36106938775510206,0.3823928571428571,0.38509285714285707,0.380373469387755,0.43117380952380957,0.42995476190476195,0.4271833333333333,0.4285952380952381,0.4311380952380952,0.43267380952380946,0.43707380952380953,0.4390047619047619,0.43829047619047623,0.4283142857142857,0.42536904761904754,0.43010238095238096,0.4356166666666666,0.4247785714285714,0.4159,0.31091904761904765,0.31013945578231294,0.31182789115646264,0.3106891156462585,0.30801564625850336,0.3157040816326531,0.31573809523809526,0.3148054421768707,0.3118625850340136,0.30841088435374153,0.31192312925170074,0.3113476190476191,0.31292040816326533,0.3115918367346938,0.3117857142857142,Male,24,Adult,Adult,C,C,mms08m24_250Hz_gu2_AEP.conn
MMS12M23,mms12m23_250Hz_gu3_AEP.conn,gu3,0.19952857142857142,0.19305238095238098,0.18666666666666668,0.1890952380952381,0.19796190476190476,0.1897190476190476,0.1927,0.19951904761904762,0.2027904761904762,0.2003,0.19530000000000003,0.19799999999999998,0.2395142857142857,0.24516666666666667,0.24259047619047616,0.31472857142857136,0.31594285714285714,0.31432571428571426,0.31939428571428574,0.31942000000000004,0.3390114285714286,0.34259999999999996,0.34242285714285714,0.3387714285714286,0.31807428571428564,0.3143971428571429,0.31910571428571427,0.3689085714285715,0.36804571428571436,0.3446257142857142,0.28126,0.2745714285714286,0.27122285714285715,0.27082,0.27160285714285715,0.28316285714285716,0.2826914285714286,0.2854342857142857,0.28426,0.28353142857142855,0.2781628571428571,0.27362571428571425,0.2847114285714286,0.28624857142857146,0.2834628571428571,0.287730612244898,0.2877540816326531,0.2887979591836735,0.2894908163265306,0.28772755102040815,0.28641428571428573,0.2853663265306122,0.2839734693877551,0.2816479591836734,0.2879387755102041,0.2893428571428571,0.28929591836734697,0.30076224489795916,0.30039081632653064,0.3031673469387755,0.363402380952381,0.36427857142857145,0.3612095238095238,0.3606119047619048,0.36301904761904763,0.3601047619047619,0.3618690476190476,0.36064761904761905,0.3580571428571428,0.3642119047619048,0.36019761904761904,0.3582476190476191,0.36401666666666666,0.3620642857142857,0.36073333333333335,0.21699183673469388,0.21930476190476192,0.22082176870748296,0.22416122448979592,0.22438231292517005,0.22007823129251694,0.21716190476190478,0.21572721088435381,0.21526870748299323,0.2199074829931973,0.2217136054421769,0.22361156462585038,0.21423809523809523,0.21282925170068026,0.22361564625850336,Male,23,Adult,Adult,C,C,mms12m23_250Hz_gu2_AEP.conn
MMS13F24,mms13f24_250Hz_gu3_AEP.conn,gu3,0.2457142857142857,0.24166190476190474,0.23103333333333334,0.2226857142857143,0.21672380952380954,0.22993809523809525,0.22754285714285716,0.23886666666666667,0.2335761904761905,0.24131904761904763,0.22905238095238092,0.22080952380952382,0.28787142857142856,0.2870285714285714,0.2843952380952381,0.3582085714285714,0.3548085714285715,0.3545571428571429,0.35394,0.35216285714285717,0.3500228571428572,0.34153142857142854,0.3441,0.3417,0.35560857142857144,0.35568,0.3532571428571428,0.3675342857142857,0.3663085714285715,0.38079999999999997,0.27308571428571426,0.2748057142857142,0.2855571428571429,0.28638,0.28622857142857144,0.27602571428571426,0.2843742857142857,0.2932771428571429,0.2977485714285715,0.2824685714285714,0.2922571428571429,0.2904428571428571,0.28413428571428573,0.2884742857142857,0.29183714285714285,0.26590102040816327,0.26489285714285715,0.2661336734693877,0.26887244897959184,0.2678285714285714,0.25804591836734697,0.2587714285714286,0.2627826530612246,0.2666010204081633,0.2641816326530612,0.2658112244897959,0.2683438775510204,0.2764867346938776,0.2787581632653061,0.28117551020408166,0.3290119047619047,0.3267857142857143,0.3293523809523809,0.3333214285714286,0.3373738095238095,0.3506238095238095,0.35174761904761903,0.34715,0.3429952380952381,0.3349761904761905,0.33738333333333337,0.3402857142857143,0.35452857142857147,0.35294285714285717,0.34720476190476185,0.2229333333333334,0.22427414965986386,0.22485238095238094,0.22498707482993194,0.2211673469387755,0.21920340136054423,0.2236353741496599,0.22805170068027214,0.22810612244897957,0.22414285714285714,0.2269503401360544,0.22856870748299318,0.22172721088435374,0.2232993197278912,0.2311224489795918,Female,24,Adult,Adult,C,C,mms13f24_250Hz_gu2_AEP.conn
MMS17M25,mms17m25_250Hz_gu3_AEP.conn,gu3,0.23421904761904763,0.2256857142857143,0.2223238095238095,0.2227714285714286,0.24342380952380951,0.2253047619047619,0.23832857142857145,0.25017142857142854,0.24041904761904762,0.22456190476190477,0.2229809523809524,0.22755714285714287,0.27913809523809524,0.2934666666666666,0.27759047619047617,0.3163742857142857,0.30884,0.31888285714285713,0.3268771428571428,0.32882,0.3193828571428572,0.32182857142857146,0.3204742857142857,0.31960285714285713,0.30920285714285717,0.3205085714285715,0.3307428571428571,0.35339714285714285,0.35088571428571425,0.3613942857142857,0.30404000000000003,0.30872285714285713,0.31592285714285717,0.3233171428571428,0.32320000000000004,0.32172,0.32169714285714285,0.3203714285714286,0.32015999999999994,0.30724,0.3171457142857143,0.32636,0.3148885714285715,0.3152828571428571,0.32476,0.3178979591836734,0.31864693877551015,0.31812142857142856,0.3164214285714286,0.3164030612244898,0.3162448979591837,0.3157030612244899,0.31712448979591834,0.3220122448979592,0.3204326530612244,0.3226530612244898,0.32191020408163257,0.3310551020408163,0.33242142857142853,0.33670306122448984,0.4093833333333334,0.4136952380952381,0.4100714285714286,0.4065666666666667,0.4075095238095237,0.41904523809523814,0.4212619047619048,0.418352380952381,0.4183309523809524,0.42077619047619047,0.420497619047619,0.4196571428571429,0.41765476190476186,0.40405714285714284,0.4179357142857143,0.29901360544217687,0.29786802721088446,0.29717755102040827,0.3000612244897959,0.30017210884353746,0.2943013605442177,0.29510136054421776,0.29344897959183663,0.2951517006802722,0.2995605442176871,0.29895374149659865,0.30198979591836733,0.29787551020408165,0.29835442176870747,0.3031945578231293,Male,25,Adult,Adult,C,C,mms17m25_250Hz_gu2_AEP.conn
EES19F33,EES19f33_250Hz_gu3_AEP.conn,gu3,0.15656190476190476,0.1584190476190476,0.16049047619047618,0.16114761904761907,0.1644047619047619,0.1507904761904762,0.1564142857142857,0.15878095238095238,0.1614,0.1647,0.17184761904761903,0.1738333333333333,0.1993047619047619,0.2063761904761905,0.22003809523809523,0.28912857142857146,0.29135999999999995,0.29061428571428566,0.28974,0.28761714285714285,0.2805142857142857,0.28697999999999996,0.2851485714285714,0.29,0.2934485714285714,0.29106,0.28927142857142857,0.3183285714285714,0.31882,0.31582571428571427,0.2849285714285714,0.2881971428571429,0.28924,0.2864542857142857,0.28674000000000005,0.2802114285714286,0.2842714285714286,0.28405714285714284,0.2870914285714286,0.2805257142857143,0.27750571428571436,0.27733714285714284,0.2878628571428571,0.28494857142857144,0.2720742857142857,0.2888581632653061,0.2890591836734694,0.2862275510204082,0.28587959183673467,0.28603061224489795,0.2880867346938775,0.28372244897959187,0.28117551020408166,0.2820887755102041,0.2853255102040816,0.28185612244897956,0.2818418367346939,0.2982948979591836,0.29554387755102046,0.2935357142857143,0.31849285714285713,0.32447619047619053,0.32561190476190477,0.3206809523809524,0.3144642857142857,0.32383095238095244,0.32015,0.3206404761904762,0.3219714285714286,0.3277452380952381,0.3265142857142857,0.31811666666666666,0.32056190476190477,0.3235238095238095,0.32382142857142854,0.2240081632653061,0.21742789115646255,0.2114489795918367,0.2122312925170068,0.21392244897959184,0.2221095238095238,0.21861700680272106,0.21622789115646257,0.21639727891156454,0.2147496598639456,0.20869319727891159,0.20898299319727887,0.2184265306122449,0.21735442176870748,0.21061020408163267,Female,33,Adult,Adult,E,NC,EES19f33_250Hz_gu2_AEP.conn
MMS15M25,mms15m25_250Hz_gu3_AEP.conn,gu3,0.21232857142857142,0.20997619047619046,0.2052238095238095,0.20583809523809524,0.2123238095238095,0.21215714285714285,0.21713333333333332,0.21230952380952384,0.2091047619047619,0.20959523809523808,0.20387619047619052,0.2035095238095238,0.2601857142857143,0.2568809523809524,0.2582952380952381,0.29539714285714286,0.29535428571428574,0.29391428571428574,0.29684571428571427,0.29736857142857137,0.29504285714285716,0.2978485714285714,0.2981857142857143,0.2992114285714286,0.29127142857142857,0.2875057142857143,0.2898057142857143,0.32706,0.3242885714285715,0.3207257142857143,0.2611171428571429,0.2603028571428571,0.26302000000000003,0.2637257142857143,0.2647257142857143,0.26912857142857144,0.26429714285714284,0.2626342857142857,0.2661028571428571,0.25752857142857144,0.26189428571428575,0.26461999999999997,0.26756285714285716,0.26738285714285714,0.25992571428571426,0.28424285714285713,0.28375,0.28319693877551017,0.2831530612244898,0.2821948979591837,0.2875010204081633,0.28549795918367343,0.2839826530612245,0.28292857142857136,0.28323673469387756,0.2819867346938775,0.2834234693877551,0.30025,0.29943979591836734,0.29908775510204083,0.3730428571428572,0.369197619047619,0.3676714285714285,0.3735523809523809,0.3793809523809524,0.3754166666666667,0.37376666666666664,0.3780904761904762,0.3817547619047619,0.37461428571428573,0.37248333333333333,0.3774619047619048,0.37635238095238094,0.37132380952380944,0.3723714285714286,0.21905102040816327,0.21867414965986393,0.22031632653061217,0.22183537414965984,0.2236687074829932,0.2189965986394558,0.21687006802721082,0.21547346938775508,0.21454285714285715,0.21737755102040815,0.2196374149659864,0.2215823129251701,0.2185591836734694,0.21806462585034014,0.22625102040816328,Male,25,Adult,Adult,C,C,mms15m25_250Hz_gu2_AEP.conn
EES13M27,ees13m27_250Hz_gu3_AEP.conn,gu3,0.33460952380952386,0.34120476190476196,0.34024761904761897,0.338,0.3363,0.3285238095238095,0.325,0.3243476190476191,0.31407142857142856,0.33300952380952376,0.33118571428571425,0.3316666666666667,0.35319999999999996,0.3570285714285714,0.36156190476190475,0.39367428571428575,0.39506857142857144,0.39250285714285715,0.39089999999999997,0.38878857142857143,0.3892285714285714,0.39185142857142863,0.39034857142857143,0.3865514285714286,0.3870457142857143,0.3858971428571428,0.38495999999999997,0.40238571428571424,0.4008685714285714,0.4050057142857143,0.2939,0.2886971428571428,0.2900085714285715,0.2949171428571428,0.29469142857142855,0.2927857142857143,0.2911171428571429,0.28860571428571424,0.28588,0.2973771428571429,0.29904285714285717,0.30196285714285714,0.291,0.29035714285714287,0.30585142857142855,0.334780612244898,0.33352040816326534,0.3290275510204081,0.3268132653061224,0.32942653061224486,0.3380642857142857,0.33624795918367345,0.3340030612244898,0.3337377551020409,0.3331418367346939,0.3313908163265306,0.32907142857142857,0.3529897959183673,0.3525908163265306,0.3497479591836735,0.3881142857142857,0.39160476190476184,0.3908547619047619,0.39011190476190477,0.3906190476190476,0.3884857142857143,0.3911428571428572,0.39657380952380955,0.4009047619047619,0.39618333333333333,0.39630476190476194,0.39667619047619046,0.4009404761904762,0.40131190476190465,0.4044023809523809,0.2914544217687075,0.2890768707482993,0.2882340136054422,0.2907816326530612,0.2929414965986394,0.2935183673469388,0.29235714285714287,0.2919598639455782,0.28987891156462586,0.2918040816326531,0.29117414965986393,0.29354013605442175,0.29355986394557815,0.2897204081632653,0.29513605442176877,Male,27,Adult,Adult,E,NC,ees13m27_250Hz_gu2_AEP.conn
MMS07F25A,mms07f25A_250Hz_gu3_AEP.conn,gu3,0.235947619047619,0.23235238095238098,0.23102857142857144,0.2336285714285714,0.23859523809523808,0.23929999999999998,0.23409999999999997,0.23487619047619046,0.23339523809523807,0.24007619047619047,0.23771904761904764,0.2392095238095238,0.29521904761904755,0.30200476190476194,0.3026761904761905,0.34476,0.3431914285714286,0.34644857142857144,0.3492085714285715,0.3514257142857143,0.35252,0.3507485714285714,0.34751714285714286,0.3430428571428571,0.34451714285714286,0.3466514285714286,0.3487857142857143,0.37509428571428566,0.3747142857142857,0.36591142857142855,0.2742885714285714,0.2712485714285714,0.2683714285714286,0.27108,0.2755428571428572,0.27810285714285715,0.2852485714285714,0.28675142857142855,0.28508000000000006,0.26898857142857147,0.26716285714285715,0.27245142857142857,0.2753428571428572,0.27464285714285713,0.26105428571428574,0.2125581632653061,0.21246938775510205,0.2126948979591837,0.21363265306122448,0.21486938775510203,0.20799693877551023,0.20924285714285712,0.20739591836734697,0.20899183673469393,0.21237551020408163,0.21091224489795918,0.2114030612244898,0.22957551020408168,0.22604285714285718,0.23104897959183673,0.2951809523809524,0.29466428571428566,0.2938142857142857,0.29318571428571427,0.2912571428571429,0.2855333333333333,0.28759523809523807,0.28464047619047617,0.29006666666666664,0.2927261904761905,0.29281428571428575,0.2908,0.28226904761904764,0.28309047619047617,0.28800714285714285,0.21791292517006808,0.21844285714285713,0.2181061224489796,0.21963809523809527,0.219756462585034,0.22188231292517005,0.22157551020408162,0.22155238095238095,0.22437959183673473,0.21810408163265307,0.2179775510204082,0.2191326530612245,0.22138027210884356,0.22083197278911565,0.2223557823129252,Female,25,Adult,Adult,C,C,mms07f25A_250Hz_gu2_AEP.conn
EES11M35,ees11m35_250Hz_gu3_AEP.conn,gu3,0.21535238095238096,0.21219047619047618,0.21786666666666665,0.23362857142857144,0.23377142857142855,0.23022380952380953,0.2308904761904762,0.24523809523809526,0.24162380952380955,0.20597142857142858,0.20924285714285715,0.2222952380952381,0.2836095238095238,0.29550952380952383,0.2567238095238096,0.3293171428571428,0.32461714285714294,0.3303571428571429,0.3347057142857143,0.3400714285714285,0.3469514285714285,0.35466285714285717,0.34878285714285717,0.34149142857142867,0.32276,0.32800857142857137,0.33319714285714286,0.37461714285714287,0.3725885714285714,0.36776857142857144,0.26072571428571434,0.2569571428571429,0.25513714285714284,0.25497142857142857,0.2554628571428571,0.26887428571428573,0.27973714285714285,0.27603428571428573,0.27729428571428577,0.2668,0.26337142857142853,0.2600857142857143,0.2700857142857143,0.26902000000000004,0.2626885714285715,0.31778265306122444,0.3123795918367347,0.3108142857142857,0.30544489795918367,0.30075918367346943,0.302865306122449,0.30218061224489795,0.30558061224489796,0.30545,0.31292040816326533,0.3137020408163265,0.3088887755102041,0.3194112244897959,0.3231367346938776,0.3259908163265307,0.3607,0.35581904761904765,0.35926904761904765,0.36703095238095235,0.3802333333333334,0.3743571428571429,0.36732857142857145,0.37215238095238096,0.36659285714285716,0.35392380952380953,0.3577047619047618,0.3675904761904762,0.36435476190476196,0.36741666666666667,0.3494904761904762,0.2576816326530612,0.257034693877551,0.25589591836734693,0.2546945578231292,0.2529421768707483,0.26180612244897955,0.2608591836734694,0.26423401360544213,0.2619904761904762,0.2556156462585034,0.2546517006802721,0.2558639455782312,0.2563700680272109,0.2607312925170067,0.2571687074829932,Male,35,Adult,Adult,E,NC,ees11m35_250Hz_gu2_AEP.conn
EES16F34,EES16f34_250Hz_gu3_AEP.conn,gu3,0.2822666666666667,0.2897095238095238,0.2906952380952381,0.2881809523809524,0.2827190476190476,0.26928095238095245,0.2677714285714286,0.26494761904761904,0.26365238095238097,0.281252380952381,0.2850809523809524,0.28932380952380954,0.30650952380952384,0.3069523809523809,0.32126666666666664,0.40431428571428574,0.4084028571428572,0.4109342857142857,0.4170257142857142,0.41577142857142857,0.40440000000000004,0.40623714285714285,0.40787428571428563,0.41104,0.41660571428571436,0.41688285714285717,0.41888000000000003,0.4321285714285715,0.43332,0.4406828571428571,0.3972971428571429,0.39686285714285713,0.39955142857142856,0.40452000000000005,0.40503142857142854,0.3966228571428571,0.39702000000000004,0.40177428571428575,0.4013,0.3963914285714286,0.3962085714285714,0.39796000000000004,0.3781057142857143,0.38395142857142855,0.3845371428571428,0.3578632653061225,0.35504489795918365,0.3541193877551021,0.3525877551020408,0.35083877551020404,0.34701734693877556,0.35114285714285726,0.3496693877551021,0.3501826530612245,0.3551704081632653,0.3563663265306123,0.35513367346938773,0.3641591836734694,0.36158979591836743,0.36639795918367346,0.4657071428571429,0.4693190476190477,0.47151666666666664,0.47268333333333334,0.4739761904761905,0.4803404761904762,0.47756666666666664,0.4734595238095238,0.4749357142857143,0.4743190476190477,0.4763,0.4773428571428571,0.4815928571428571,0.4725357142857142,0.47679523809523805,0.3466068027210884,0.34847414965986395,0.34827006802721083,0.3496319727891156,0.3510659863945579,0.34465578231292515,0.34489727891156463,0.34560680272108835,0.34646870748299313,0.3487734693877551,0.3492251700680271,0.35118027210884356,0.34735238095238097,0.3470326530612245,0.3530897959183673,Female,34,Adult,Adult,E,NC,EES16f34_250Hz_gu2_AEP.conn
MMS19F30,mms19f30_250Hz_gu3_AEP.conn,gu3,0.19195238095238096,0.18894761904761906,0.19112857142857143,0.2021238095238095,0.20534285714285713,0.1876095238095238,0.19190476190476188,0.19633333333333333,0.19726190476190475,0.18932857142857143,0.19013333333333335,0.19616666666666668,0.2546095238095238,0.26115714285714287,0.25220952380952383,0.32084,0.32263142857142857,0.32133428571428574,0.31974571428571424,0.3200171428571429,0.3183714285714286,0.3193257142857143,0.3171542857142857,0.3222028571428571,0.31559428571428577,0.3151714285714286,0.3141542857142857,0.33825714285714287,0.3387228571428571,0.3429171428571428,0.28007714285714286,0.28011714285714284,0.28387714285714283,0.2860742857142857,0.2889628571428572,0.27749142857142856,0.2774457142857143,0.27382,0.27054285714285714,0.27386285714285713,0.27736,0.2802942857142857,0.2666685714285715,0.26367714285714283,0.2627142857142857,0.3265336734693878,0.3305132653061225,0.33245,0.3330102040816327,0.32813775510204085,0.3316367346938776,0.3287969387755102,0.3244836734693877,0.3219469387755102,0.3310857142857143,0.3342112244897959,0.3333795918367347,0.3494081632653061,0.3467969387755102,0.34715,0.4147261904761905,0.41385,0.413404761904762,0.4141976190476191,0.4098071428571428,0.41256904761904756,0.4102119047619048,0.4093452380952381,0.4088833333333333,0.4168333333333334,0.4140428571428571,0.41309999999999997,0.4117595238095238,0.4098380952380953,0.4161452380952382,0.24371632653061223,0.24586190476190475,0.24754693877551018,0.24776190476190482,0.24626190476190485,0.24616258503401361,0.24470272108843538,0.24623945578231293,0.2463299319727891,0.24517551020408168,0.24467551020408157,0.24487278911564625,0.24058027210884356,0.24187755102040814,0.24776802721088437,Female,30,Adult,Adult,C,C,mms19f30_250Hz_gu2_AEP.conn
MMS09F24,mms09f24_250Hz_gu3_AEP.conn,gu3,0.2838809523809524,0.2864333333333334,0.2770285714285714,0.2664952380952381,0.2664952380952381,0.2682333333333333,0.27189523809523813,0.27152857142857145,0.267547619047619,0.29077619047619047,0.28482380952380953,0.27675714285714287,0.3313904761904762,0.3239285714285714,0.3372523809523809,0.3909057142857143,0.3957285714285713,0.3915114285714286,0.38480857142857144,0.3785771428571429,0.3950971428571429,0.3982257142857143,0.39267142857142856,0.3865857142857143,0.3950285714285714,0.3937857142857143,0.39096571428571425,0.4344571428571428,0.42903142857142856,0.41188285714285716,0.24103714285714287,0.2517314285714286,0.25882,0.25596857142857143,0.2533714285714285,0.26510285714285714,0.26779714285714284,0.27218,0.27429714285714285,0.2490914285714286,0.2566571428571428,0.25656571428571434,0.2601285714285714,0.26009714285714286,0.2451685714285714,0.26695612244897965,0.26957346938775506,0.2712816326530612,0.2702704081632653,0.26727142857142855,0.2612979591836735,0.2638357142857143,0.26414489795918367,0.2632214285714286,0.2695948979591837,0.27243979591836737,0.27150816326530613,0.2812193877551021,0.2813469387755102,0.2865255102040816,0.35776428571428576,0.3560952380952381,0.35501904761904757,0.3531214285714286,0.35114761904761904,0.3557047619047619,0.3563904761904762,0.35305000000000003,0.3530785714285714,0.3583690476190476,0.3563166666666666,0.35467619047619053,0.36182142857142857,0.3547619047619048,0.36015238095238095,0.29148367346938786,0.2883734693877551,0.28657959183673465,0.2866945578231293,0.28941632653061217,0.2937605442176871,0.2939102040816327,0.2922496598639456,0.29018571428571427,0.2879986394557823,0.28706326530612253,0.2875578231292517,0.29099251700680273,0.29111428571428566,0.2897265306122449,Female,24,Adult,Adult,C,C,mms09f24_250Hz_gu2_AEP.conn
EES17F38,EES17F38_250Hz_gu3_AEP.conn,gu3,0.1439904761904762,0.14824761904761904,0.14773809523809522,0.14426666666666665,0.1372047619047619,0.1559904761904762,0.14662380952380952,0.14194761904761902,0.14189047619047615,0.14133809523809523,0.13889047619047623,0.13650000000000004,0.17437619047619046,0.17074285714285717,0.1702047619047619,0.24906857142857142,0.2470857142857143,0.24157428571428569,0.2407057142857143,0.24018571428571428,0.25510857142857146,0.2496228571428571,0.24917999999999996,0.25263142857142856,0.24608,0.24092000000000002,0.24027714285714286,0.2669828571428571,0.2704657142857143,0.2638628571428572,0.19416285714285714,0.19462857142857143,0.19032857142857146,0.18467142857142857,0.19095714285714288,0.19841142857142857,0.19811714285714285,0.19716285714285714,0.19700857142857145,0.19274857142857144,0.18976857142857143,0.18644,0.19717714285714286,0.19697714285714285,0.1929057142857143,0.18476326530612247,0.18330408163265308,0.18312244897959182,0.18344999999999997,0.1842234693877551,0.1863918367346939,0.1873816326530612,0.18938673469387754,0.18986428571428576,0.1842581632653061,0.18500102040816327,0.18413469387755105,0.202865306122449,0.206469387755102,0.20145408163265305,0.25735238095238094,0.2579857142857143,0.25572142857142854,0.25653571428571426,0.26044761904761904,0.2522595238095238,0.25443571428571427,0.2571309523809524,0.25916428571428574,0.2556309523809524,0.2545809523809524,0.25408095238095235,0.24929999999999997,0.2528547619047619,0.25152857142857143,0.17117619047619048,0.1732034013605442,0.17573537414965987,0.1763095238095238,0.17341972789115648,0.1693557823129252,0.17199727891156463,0.17411496598639453,0.17322925170068026,0.17354897959183674,0.1763823129251701,0.1765931972789116,0.17178435374149656,0.17283809523809524,0.18436122448979594,Female,38,Adult,Adult,E,NC,EES17F38_250Hz_gu2_AEP.conn
MMS06M22,mms06m22_250Hz_gu3_AEP.conn,gu3,0.17062857142857143,0.17148571428571427,0.1715809523809524,0.1711904761904762,0.16275714285714285,0.16160952380952381,0.16309047619047617,0.17295238095238097,0.18320952380952382,0.17006666666666667,0.16877619047619044,0.1675095238095238,0.20792857142857146,0.22197142857142857,0.21126666666666663,0.25318857142857143,0.24936857142857144,0.24494285714285718,0.24424857142857143,0.24442857142857138,0.24338,0.2451657142857143,0.2527342857142857,0.25773142857142856,0.2446857142857143,0.2407228571428571,0.2403457142857143,0.26464857142857146,0.27503428571428573,0.2600257142857143,0.19533714285714285,0.1968514285714286,0.19568285714285716,0.19230857142857144,0.19384285714285715,0.17982857142857145,0.18046857142857142,0.18954,0.19252,0.19299428571428573,0.1914657142857143,0.18471142857142855,0.18524,0.1917942857142857,0.18597142857142857,0.2737826530612245,0.2761,0.27563163265306123,0.2760714285714286,0.27770102040816325,0.27715510204081634,0.27794183673469386,0.27982040816326526,0.2771142857142857,0.27875408163265314,0.27759183673469384,0.2774591836734694,0.2939,0.2963479591836734,0.2961734693877551,0.34203333333333336,0.33487142857142865,0.3330071428571429,0.3360880952380952,0.3415285714285714,0.3429928571428571,0.3392880952380952,0.3407761904761905,0.343452380952381,0.33968333333333334,0.33753809523809525,0.33783809523809527,0.3375547619047619,0.3326928571428571,0.3343190476190476,0.21534217687074828,0.21506326530612246,0.21223333333333333,0.21101428571428574,0.2108748299319728,0.2129278911564626,0.21078435374149662,0.20949795918367348,0.21170816326530612,0.21430272108843534,0.212825850340136,0.21050408163265305,0.2098251700680272,0.20928503401360543,0.2160408163265306,Male,22,Adult,Tertiary,C,C,mms06m22_250Hz_gu2_AEP.conn
EES06F24,ees06f24_250Hz_gu3_AEP.conn,gu3,0.19943333333333335,0.19205714285714284,0.19845238095238094,0.20864761904761905,0.21203809523809522,0.2052238095238095,0.20752857142857142,0.21214285714285716,0.20384285714285713,0.196952380952381,0.20183809523809523,0.2088095238095238,0.2699190476190476,0.26775714285714286,0.2562952380952381,0.2943685714285714,0.29627142857142863,0.30160857142857145,0.30241714285714283,0.30268285714285714,0.29001428571428567,0.28695142857142864,0.2896714285714286,0.28983142857142863,0.2813514285714286,0.28664,0.2889171428571429,0.30862,0.30924857142857143,0.30163428571428574,0.22155428571428568,0.22205714285714287,0.22519142857142857,0.2269657142857143,0.22756285714285712,0.2251314285714286,0.22336857142857144,0.22121999999999997,0.2222771428571429,0.21654571428571429,0.21791428571428573,0.22313428571428573,0.2220771428571428,0.22072000000000003,0.20847142857142859,0.3147387755102041,0.31295612244897963,0.3160142857142857,0.31819897959183674,0.32136734693877544,0.32419081632653063,0.32017959183673467,0.3187459183673469,0.3193989795918367,0.31047755102040814,0.3118102040816327,0.31251836734693883,0.32643367346938773,0.32611122448979596,0.3250336734693878,0.3852690476190476,0.38893809523809525,0.386347619047619,0.381747619047619,0.3804785714285714,0.3919238095238095,0.3916714285714286,0.3907095238095239,0.3930261904761905,0.3901857142857143,0.38718571428571424,0.3845285714285715,0.39342380952380956,0.3856238095238096,0.38976428571428573,0.29043877551020403,0.29016122448979587,0.29219795918367353,0.2961795918367347,0.2961612244897959,0.29875374149659856,0.2986503401360544,0.2970897959183673,0.2959142857142857,0.29151224489795924,0.29227619047619047,0.293739455782313,0.2897251700680272,0.28764693877551023,0.2950755102040816,Female,24,Adult,Adult,E,NC,ees06f24_250Hz_gu2_AEP.conn
EES08M41,ees08m41_250Hz_gu3_AEP.conn,gu3,0.3190571428571428,0.31904285714285713,0.31258095238095235,0.30644285714285713,0.2965190476190476,0.3150380952380953,0.3187190476190476,0.32230000000000003,0.32066666666666666,0.3215238095238096,0.31823809523809526,0.31506190476190477,0.36451904761904763,0.3711380952380952,0.38091904761904766,0.4219371428571429,0.4240514285714285,0.42172,0.4196228571428572,0.41558,0.42651428571428573,0.4247142857142857,0.42288571428571425,0.42066,0.4227828571428572,0.4235428571428571,0.4231885714285714,0.45097999999999994,0.44889999999999997,0.43736857142857144,0.28752857142857147,0.2855885714285714,0.28574285714285713,0.28436285714285714,0.28496857142857146,0.2923057142857143,0.28854285714285716,0.2910114285714286,0.29632857142857144,0.29168857142857146,0.2923285714285714,0.29106,0.2830857142857143,0.2866171428571428,0.2945914285714285,0.2720265306122449,0.27359285714285714,0.2738234693877551,0.2762316326530612,0.2791948979591837,0.28144489795918365,0.28031938775510207,0.2804591836734694,0.2800724489795918,0.27810204081632656,0.27795612244897955,0.2782336734693877,0.2949857142857143,0.29458367346938774,0.3019040816326531,0.38104523809523805,0.37509523809523815,0.37408095238095235,0.3738642857142857,0.3774714285714285,0.37606190476190476,0.3780785714285715,0.3795404761904762,0.3788238095238095,0.3763976190476191,0.3781380952380953,0.37899047619047616,0.3747642857142857,0.37336428571428576,0.37461666666666665,0.2889204081632653,0.29028979591836734,0.29148299319727894,0.2908265306122449,0.29004217687074835,0.30063265306122444,0.2999598639455782,0.2994108843537415,0.2993993197278912,0.29287414965986397,0.29290952380952384,0.2918775510204082,0.30009523809523814,0.29993741496598636,0.2999598639455783,Male,41,Adult,Adult,E,NC,ees08m41_250Hz_gu2_AEP.conn
EES07M34,ees07m34_250Hz_gu3_AEP.conn,gu3,0.17037619047619046,0.17265714285714284,0.17944285714285715,0.18120476190476187,0.17139523809523807,0.19686666666666663,0.20064285714285715,0.18537619047619047,0.17586190476190477,0.18156190476190473,0.1863809523809524,0.18418571428571429,0.24251904761904763,0.22840952380952384,0.24775714285714287,0.3210885714285714,0.32642571428571426,0.3195571428571429,0.3168685714285714,0.3200571428571429,0.32530857142857145,0.3260371428571428,0.33214285714285713,0.32636285714285707,0.3256028571428572,0.3195914285714286,0.3148314285714286,0.35544857142857145,0.35905999999999993,0.3484142857142857,0.2675142857142857,0.26806,0.27049999999999996,0.27068857142857145,0.2653,0.25662571428571435,0.25458285714285717,0.26374285714285717,0.26781142857142853,0.27398,0.27331142857142854,0.27194857142857143,0.25932285714285713,0.26562857142857144,0.27202571428571426,0.29225,0.2927265306122449,0.2939867346938776,0.29653163265306126,0.29627959183673475,0.30420816326530614,0.3004071428571429,0.2974163265306123,0.294165306122449,0.29277755102040814,0.295661224489796,0.3003081632653061,0.31150612244897957,0.3121418367346939,0.3102561224489796,0.39722142857142856,0.39909523809523817,0.4027809523809524,0.4022142857142858,0.4033809523809524,0.40295,0.39583571428571424,0.3928047619047619,0.39146190476190473,0.4017214285714285,0.40419761904761903,0.4029904761904762,0.3947047619047619,0.38954523809523817,0.3983357142857143,0.24349455782312926,0.2415931972789116,0.24178503401360546,0.24232040816326533,0.2426925170068027,0.23604489795918374,0.23956326530612246,0.24597823129251706,0.2500122448979592,0.24619863945578238,0.2451326530612245,0.24676938775510202,0.2422020408163265,0.24641292517006802,0.2472496598639456,Male,34,Adult,Adult,E,NC,ees07m34_250Hz_gu2_AEP.conn
MMS11F22,mms11f22_250Hz_gu3_AEP.conn,gu3,0.17269047619047617,0.16679047619047618,0.17012380952380954,0.16893809523809522,0.1634047619047619,0.18429523809523807,0.17345714285714287,0.17332380952380952,0.17274761904761904,0.1750047619047619,0.1749666666666667,0.17004285714285713,0.22704761904761903,0.22563809523809522,0.21799523809523813,0.3264142857142857,0.3217771428571429,0.31836571428571425,0.31596,0.3174771428571429,0.3175657142857143,0.31424285714285716,0.31657142857142856,0.31458285714285716,0.31616571428571427,0.31564,0.31362285714285715,0.33573142857142857,0.33388,0.3351657142857143,0.3087114285714286,0.3159885714285714,0.3115171428571429,0.3143971428571429,0.3149828571428571,0.3006542857142857,0.3060657142857143,0.3163742857142857,0.32321999999999995,0.3139600000000001,0.3082285714285714,0.3088228571428572,0.3046771428571428,0.3082285714285714,0.30607999999999996,0.25717244897959185,0.2562061224489796,0.2534061224489796,0.25325408163265306,0.25362448979591834,0.2585530612244898,0.2586561224489796,0.2599102040816327,0.2586265306122449,0.25357040816326537,0.25270714285714285,0.2533969387755102,0.2770724489795918,0.27747857142857146,0.2686285714285715,0.3155357142857143,0.31294761904761903,0.30915238095238096,0.30583095238095237,0.2987666666666667,0.31570476190476193,0.3142190476190477,0.30879285714285715,0.30842142857142857,0.31755000000000005,0.31494761904761903,0.3088809523809524,0.31932857142857146,0.3102142857142857,0.3094547619047619,0.21965714285714286,0.21875510204081627,0.21749251700680272,0.2166258503401361,0.2144319727891157,0.22466530612244898,0.2190047619047619,0.21508843537414965,0.21189387755102043,0.21844353741496597,0.21609251700680274,0.21567210884353744,0.2182040816326531,0.21644693877551027,0.22103129251700682,Female,22,Adult,Tertiary,C,C,mms11f22_250Hz_gu2_AEP.conn
MMS16M23,mms16m23_250Hz_gu3_AEP.conn,gu3,0.13516666666666666,0.1337047619047619,0.1253142857142857,0.12028571428571429,0.11314761904761905,0.12380952380952381,0.1266142857142857,0.1335761904761905,0.12785714285714286,0.13733333333333334,0.12692857142857142,0.12398095238095237,0.17362857142857144,0.17640952380952382,0.17403333333333335,0.24970857142857145,0.2517571428571429,0.24928857142857147,0.24936285714285716,0.2542,0.2559828571428572,0.2551542857142858,0.25036285714285716,0.2482057142857143,0.25391714285714284,0.2519,0.25054,0.2837885714285714,0.27656571428571436,0.27786571428571427,0.2274,0.22453428571428571,0.22243714285714286,0.22602571428571427,0.23193428571428573,0.2355342857142857,0.23332285714285717,0.22749142857142854,0.22833714285714288,0.22667714285714285,0.22798857142857137,0.23128,0.23625142857142856,0.2291142857142857,0.2299542857142857,0.30381836734693873,0.2989867346938776,0.2930408163265306,0.2892275510204082,0.28699285714285716,0.2985612244897959,0.2954663265306122,0.2941632653061225,0.29578877551020405,0.3024857142857143,0.29752244897959185,0.29299081632653057,0.30926020408163263,0.30874999999999997,0.3133897959183673,0.37026904761904755,0.370497619047619,0.3703119047619048,0.3663214285714285,0.36318333333333336,0.37754523809523804,0.3835785714285715,0.3827261904761905,0.37851428571428575,0.37135476190476185,0.3690547619047619,0.36692619047619046,0.3860666666666666,0.37935238095238094,0.3615119047619048,0.2281768707482993,0.23116190476190476,0.23288639455782312,0.23441496598639452,0.2322557823129252,0.23142380952380956,0.23277823129251698,0.2322489795918367,0.2340204081632653,0.23242040816326534,0.23315714285714287,0.2344809523809524,0.23050340136054423,0.23075646258503404,0.23522380952380958,Male,23,Adult,Adult,C,C,mms16m23_250Hz_gu2_AEP.conn
MMS04F25,mms04f25_250Hz_gu3_AEP.conn,gu3,0.25884285714285715,0.2564,0.25018095238095234,0.2470714285714286,0.2477380952380952,0.24459047619047616,0.24943809523809524,0.25364761904761907,0.2587047619047619,0.25582380952380956,0.2541333333333334,0.2517857142857143,0.2632666666666667,0.26456666666666667,0.2761238095238095,0.3762828571428571,0.3705428571428572,0.36641999999999997,0.3664514285714286,0.36513999999999996,0.3699085714285714,0.37227999999999994,0.37481428571428577,0.37202,0.37064285714285716,0.3679028571428572,0.36707428571428574,0.39085999999999993,0.39250285714285715,0.3845228571428571,0.4207514285714285,0.42235714285714276,0.4255457142857143,0.43153142857142857,0.42909142857142857,0.4228599999999999,0.4199314285714285,0.41875999999999997,0.41578,0.4205171428571429,0.42773428571428573,0.4307714285714286,0.41496571428571427,0.4144885714285714,0.4286514285714286,0.4241540816326531,0.42565408163265317,0.42546836734693877,0.4257489795918367,0.42676734693877544,0.42527653061224485,0.4253938775510204,0.4243010204081633,0.42232448979591847,0.43369285714285716,0.434665306122449,0.4357775510204082,0.43021836734693875,0.4292408163265306,0.44517346938775504,0.48804761904761906,0.4837952380952381,0.48375000000000007,0.48137142857142856,0.4791357142857143,0.5001928571428572,0.49781904761904766,0.5014833333333334,0.4999357142857143,0.49477857142857146,0.4932452380952382,0.4907047619047619,0.49823809523809537,0.4925261904761904,0.4909452380952381,0.3161326530612244,0.3165755102040816,0.31631972789115653,0.315665306122449,0.31681768707482993,0.3265081632653062,0.3262619047619048,0.3250993197278912,0.32334353741496596,0.32503537414965983,0.3256768707482993,0.3272979591836734,0.3236789115646258,0.32484421768707483,0.3307054421768707,Female,25,Adult,Adult,C,C,mms04f25_250Hz_gu2_AEP.conn
EES21F20,EES21F20_250Hz_gu3_AEP.conn,gu3,0.22597142857142857,0.21816666666666665,0.21391904761904765,0.21145714285714287,0.20707142857142857,0.23324761904761904,0.23532380952380957,0.24042857142857144,0.23866190476190477,0.22632380952380957,0.22169047619047622,0.22007619047619045,0.2897190476190476,0.29355238095238095,0.2812238095238095,0.34565999999999997,0.34696000000000005,0.35108285714285714,0.3426828571428572,0.33672571428571424,0.3577714285714286,0.3584657142857143,0.3531628571428571,0.34913428571428573,0.34749714285714284,0.34846571428571427,0.3394371428571429,0.3831971428571429,0.37805428571428573,0.3656828571428571,0.2934485714285714,0.2901085714285715,0.29467999999999994,0.2945114285714286,0.2895028571428572,0.29270857142857143,0.2901285714285714,0.28422000000000003,0.28132285714285715,0.2928428571428571,0.29504857142857144,0.29640285714285713,0.2913285714285715,0.28687142857142856,0.2911714285714286,0.26325,0.2608051020408163,0.25740816326530613,0.25746938775510203,0.26037448979591843,0.26363469387755106,0.2651938775510204,0.2653755102040817,0.2647,0.2622632653061225,0.2612816326530612,0.2620173469387755,0.28195918367346945,0.2827969387755102,0.27773673469387755,0.31985238095238094,0.3191785714285715,0.31451190476190477,0.3195023809523809,0.3203047619047619,0.3318285714285714,0.3281619047619047,0.3224547619047619,0.31814761904761907,0.32416666666666666,0.32369761904761907,0.32483095238095233,0.3404452380952381,0.33408333333333334,0.3328190476190476,0.21382585034013601,0.217056462585034,0.2175843537414966,0.21655986394557822,0.21582857142857143,0.2180530612244898,0.21470272108843536,0.21451428571428569,0.21520476190476187,0.2214414965986395,0.22157142857142864,0.2212068027210885,0.21218843537414966,0.21306734693877555,0.2275068027210884,Female,20,Adult,Tertiary,E,NC,EES21F20_250Hz_gu2_AEP.conn
EES15F31,ees15f31_250Hz_gu3_AEP.conn,gu3,0.19158095238095238,0.1885190476190476,0.18335238095238093,0.18695238095238098,0.1960142857142857,0.19268095238095237,0.19441428571428573,0.19802857142857144,0.19552380952380952,0.18645714285714288,0.1781047619047619,0.18146666666666667,0.24153809523809525,0.2406809523809524,0.23294285714285712,0.3120257142857143,0.31192571428571425,0.3078228571428572,0.30612285714285714,0.31152857142857143,0.31658285714285717,0.31836857142857145,0.32130285714285717,0.3181285714285714,0.31189142857142854,0.3077942857142857,0.3050857142857143,0.3377657142857142,0.3426285714285714,0.34213714285714286,0.22112285714285712,0.21887714285714283,0.21749999999999997,0.21886857142857147,0.21859142857142855,0.21336285714285713,0.21168285714285714,0.21141142857142853,0.2158257142857143,0.21767714285714285,0.2181171428571429,0.2171314285714286,0.21155999999999997,0.21532571428571426,0.22769142857142857,0.23397448979591837,0.23062142857142853,0.2319081632653061,0.23228469387755105,0.23213469387755103,0.23074285714285717,0.23622448979591842,0.23714897959183673,0.23473061224489794,0.22445816326530613,0.22611530612244898,0.22794285714285709,0.24799285714285713,0.24846122448979588,0.24567244897959187,0.2522380952380952,0.25670000000000004,0.26013571428571425,0.260552380952381,0.25834285714285715,0.26109047619047615,0.26183809523809526,0.26329761904761906,0.26117380952380953,0.2521380952380952,0.25205238095238097,0.2526404761904762,0.25129285714285715,0.2510619047619047,0.24214761904761906,0.20942108843537413,0.20924489795918366,0.20963401360544218,0.21040816326530615,0.2109340136054422,0.2160931972789116,0.2155190476190476,0.21367346938775508,0.21173605442176874,0.20995918367346939,0.20930204081632647,0.21016190476190472,0.21261496598639454,0.2111061224489796,0.21496598639455783,Female,31,Adult,Adult,E,NC,ees15f31_250Hz_gu2_AEP.conn
MMS05F36,mms05f36_250Hz_gu3_AEP.conn,gu3,0.2671714285714286,0.26510000000000006,0.2652095238095238,0.2646904761904762,0.2610571428571429,0.24625714285714287,0.2497047619047619,0.24829999999999997,0.24809523809523806,0.2581952380952381,0.25844761904761904,0.25964761904761907,0.2837047619047619,0.2821238095238095,0.27720952380952385,0.3371257142857143,0.3366571428571429,0.33382,0.33096,0.3277771428571429,0.32991428571428577,0.3321914285714286,0.33875428571428573,0.33682,0.3330228571428572,0.3286314285714286,0.32517999999999997,0.3548885714285714,0.3610171428571428,0.34658857142857147,0.27489142857142856,0.2807542857142857,0.28576,0.28024571428571426,0.2768371428571429,0.2784657142857143,0.27698285714285714,0.28812285714285707,0.2865457142857143,0.2806771428571429,0.2817571428571428,0.27841142857142864,0.2767428571428571,0.2874428571428571,0.27782285714285715,0.26874081632653063,0.2707316326530612,0.266415306122449,0.26548163265306124,0.26558979591836734,0.2717316326530613,0.2719785714285714,0.27145816326530614,0.271384693877551,0.2625357142857143,0.2601061224489796,0.26209999999999994,0.2859510204081633,0.2849948979591837,0.2752163265306123,0.3259547619047619,0.32691190476190474,0.3254571428571429,0.3206404761904762,0.31805476190476195,0.33589761904761906,0.3353690476190476,0.3373761904761905,0.33576904761904763,0.3265023809523809,0.3269166666666667,0.3244214285714286,0.33294999999999997,0.32909285714285713,0.3246071428571428,0.24144149659863942,0.24317619047619043,0.2448503401360544,0.24440204081632655,0.24334489795918365,0.24156938775510195,0.24168299319727896,0.24294421768707486,0.243608843537415,0.24106938775510206,0.2447102040816326,0.244134693877551,0.24081768707482992,0.240552380952381,0.24474421768707486,Female,36,Adult,Adult,C,C,mms05f36_250Hz_gu2_AEP.conn
EES14F26,ees14f26_250Hz_gu3_AEP.conn,gu3,0.19584285714285712,0.19409047619047617,0.19700952380952377,0.20086190476190477,0.2013142857142857,0.17159047619047618,0.17310952380952382,0.17666190476190477,0.17772857142857146,0.19240476190476188,0.1893952380952381,0.19030952380952382,0.2408809523809524,0.23819523809523813,0.24175238095238094,0.29538857142857144,0.2938942857142857,0.29064857142857137,0.28715714285714283,0.2874771428571429,0.27798,0.2740142857142857,0.27303714285714287,0.2756114285714286,0.29412285714285713,0.29069142857142855,0.28968,0.3072142857142858,0.30393428571428566,0.31948571428571426,0.24109714285714284,0.24058285714285715,0.2392514285714286,0.2408,0.24365714285714285,0.24206285714285714,0.2390571428571428,0.24095142857142857,0.2336914285714286,0.24466571428571426,0.24224285714285715,0.24124285714285715,0.24954857142857145,0.2505171428571428,0.24535142857142858,0.2703622448979592,0.2718816326530612,0.27256938775510203,0.2705836734693877,0.268719387755102,0.2671316326530612,0.2638448979591837,0.2616183673469388,0.2598132653061224,0.2718163265306123,0.2717765306122449,0.2687418367346938,0.280534693877551,0.27867040816326527,0.2862897959183673,0.34213571428571427,0.3411619047619047,0.33646904761904756,0.3369,0.3379904761904762,0.3212047619047619,0.3229714285714286,0.3254452380952381,0.3289261904761905,0.3333333333333333,0.32974047619047614,0.3296523809523809,0.3197,0.3193809523809524,0.3197690476190477,0.22314013605442176,0.22110476190476186,0.21911496598639454,0.21875306122448976,0.22229795918367345,0.22113333333333332,0.22223945578231297,0.21980952380952387,0.22151428571428575,0.2227482993197279,0.2199374149659864,0.2196823129251701,0.22027755102040816,0.21913673469387754,0.2219721088435374,Female,26,Adult,Adult,E,NC,ees14f26_250Hz_gu2_AEP.conn
MMS20M28,mms20m28_250Hz_gu3_AEP.conn,gu3,0.20376666666666665,0.20887619047619047,0.20989523809523805,0.20789047619047618,0.20529999999999995,0.2101714285714286,0.21688571428571427,0.2255904761904762,0.20636666666666667,0.20823333333333335,0.21046190476190477,0.20823333333333335,0.26821904761904763,0.27744761904761905,0.25444285714285714,0.32300000000000006,0.3263628571428571,0.33036571428571426,0.32900857142857143,0.32416285714285714,0.32336857142857145,0.3099314285714286,0.31193428571428566,0.3101628571428572,0.3321085714285714,0.3342942857142857,0.32978571428571424,0.32177428571428573,0.3222257142857142,0.35017142857142863,0.23083714285714282,0.2414885714285714,0.23608285714285718,0.2499114285714285,0.2610571428571429,0.24561714285714284,0.24935714285714283,0.25854285714285713,0.2510914285714286,0.24739142857142857,0.2383114285714286,0.24564857142857144,0.2518828571428572,0.26298571428571427,0.2531771428571428,0.28335918367346935,0.28536224489795914,0.2801867346938776,0.28481632653061223,0.2868551020408163,0.28447244897959184,0.2835397959183673,0.28810408163265305,0.2862265306122449,0.2888510204081633,0.2826122448979592,0.28565408163265305,0.29964591836734694,0.3032734693877551,0.3001612244897958,0.41529999999999995,0.41281666666666667,0.4121928571428571,0.4128880952380953,0.4064880952380952,0.4119880952380952,0.419447619047619,0.41233571428571425,0.413697619047619,0.41364523809523807,0.4109380952380952,0.41071904761904765,0.41188571428571424,0.40366904761904765,0.411397619047619,0.27077482993197277,0.2666727891156463,0.2661149659863946,0.259804761904762,0.2628530612244898,0.2659952380952381,0.27011768707482997,0.26988231292517006,0.26976326530612244,0.26771496598639455,0.2686741496598639,0.26362040816326526,0.27009727891156465,0.2682775510204082,0.2713469387755102,Male,28,Adult,Adult,C,C,mms20m28_250Hz_gu2_AEP.conn
EES10M22,EES10M22_250Hz_gu3_AEP.conn,gu3,0.18022380952380948,0.1795,0.1812904761904762,0.1841761904761905,0.18448571428571428,0.2043809523809524,0.211852380952381,0.2098238095238095,0.19581904761904764,0.1683619047619048,0.16996190476190476,0.17806190476190475,0.25156666666666666,0.24621428571428572,0.22480000000000003,0.29945428571428573,0.3048942857142857,0.3140657142857143,0.3134371428571428,0.30701428571428574,0.3102114285714285,0.3043742857142857,0.3010485714285714,0.29587714285714284,0.3013,0.31128285714285714,0.3113942857142857,0.3168685714285714,0.31277714285714286,0.33501142857142857,0.3001971428571429,0.3081542857142857,0.32142,0.3243971428571429,0.32189142857142855,0.31960285714285713,0.3122971428571429,0.3060742857142857,0.30906857142857147,0.31107142857142855,0.32479142857142856,0.32793142857142865,0.32050285714285714,0.31351428571428575,0.3309628571428571,0.26272959183673467,0.2629091836734694,0.2645591836734694,0.2683316326530612,0.2691,0.2746316326530613,0.2712908163265306,0.2698571428571429,0.2696081632653061,0.2607571428571429,0.26309693877551027,0.26672040816326537,0.2886102040816326,0.2901214285714286,0.28508265306122454,0.3100952380952381,0.31409047619047614,0.31335714285714283,0.31083333333333335,0.30611904761904757,0.3228071428571429,0.3185857142857143,0.31801904761904765,0.31392619047619047,0.3099,0.3090785714285714,0.31055714285714286,0.315552380952381,0.31558095238095235,0.30278809523809525,0.21098979591836736,0.2088231292517007,0.20846870748299318,0.20543401360544214,0.20097074829931974,0.21150068027210883,0.21008163265306118,0.21128163265306119,0.21312721088435377,0.20626054421768708,0.20731632653061233,0.20602993197278915,0.21053265306122443,0.20891360544217685,0.21009387755102035,Male,22,Adult,Tertiary,E,NC,EES10M22_250Hz_gu2_AEP.conn
EES09M30MU,EES09m30mu_250Hz_gu3_AEP.conn,gu3,0.2795190476190476,0.27561428571428576,0.2746571428571429,0.27531904761904763,0.2747904761904762,0.2644142857142857,0.2640952380952381,0.26860476190476185,0.27547619047619043,0.2744809523809523,0.27061428571428575,0.26903809523809524,0.3275619047619048,0.3340476190476191,0.32720952380952384,0.34537142857142855,0.3454257142857143,0.34666857142857144,0.34775428571428574,0.35085999999999995,0.3463914285714286,0.3452914285714285,0.34691428571428573,0.3446771428571429,0.34618000000000004,0.3448942857142857,0.34296571428571426,0.36815428571428577,0.3708085714285714,0.37094285714285713,0.3281342857142857,0.3273400000000001,0.32801714285714284,0.33274,0.3384285714285714,0.32849428571428574,0.32290857142857143,0.32237142857142853,0.3216542857142858,0.32428571428571423,0.32683428571428574,0.3310342857142857,0.3215142857142857,0.31898857142857145,0.32377428571428574,0.42526326530612246,0.4274132653061224,0.42951938775510207,0.42499183673469393,0.4207377551020408,0.4247591836734694,0.4235153061224489,0.4239316326530613,0.4245581632653062,0.4297336734693878,0.4320551020408163,0.4283785714285715,0.4334357142857143,0.43318775510204083,0.43991428571428576,0.45837857142857147,0.4595404761904762,0.4637166666666667,0.46715476190476196,0.47292142857142855,0.46755714285714284,0.47117380952380944,0.4721666666666667,0.4721428571428572,0.4640976190476191,0.468552380952381,0.4724642857142856,0.4710285714285714,0.46173809523809517,0.46543809523809526,0.30704489795918366,0.30772176870748297,0.3071,0.3072204081632653,0.30616530612244897,0.30315714285714285,0.3020326530612244,0.300147619047619,0.30041904761904764,0.3053986394557822,0.30692653061224495,0.30627891156462583,0.29884625850340135,0.29981360544217683,0.3035312925170068,Male,30,Adult,Adult,E,NC,EES09m30mu_250Hz_gu2_AEP.conn
MMS18M36MIX,mms18m36mix_250Hz_gu3_AEP.conn,gu3,0.16379999999999997,0.16799047619047616,0.17746666666666666,0.17977142857142858,0.17378095238095237,0.17721428571428574,0.1778142857142857,0.18074285714285718,0.1800857142857143,0.17022380952380955,0.17765714285714287,0.1793714285714286,0.23262380952380954,0.23493809523809525,0.22597619047619047,0.2721742857142857,0.27354,0.27863142857142853,0.2842828571428571,0.28178857142857144,0.2714542857142857,0.2650742857142857,0.26387428571428573,0.2634142857142857,0.2721142857142857,0.2781542857142857,0.28502285714285713,0.2976714285714286,0.29206857142857146,0.31087714285714285,0.26957142857142863,0.27043142857142854,0.27433142857142856,0.27976,0.28387142857142855,0.26721428571428574,0.26358857142857145,0.26334,0.26172000000000006,0.27142857142857146,0.27605142857142856,0.2829628571428571,0.2726828571428571,0.2684857142857143,0.2775114285714286,0.26476326530612243,0.2675938775510204,0.27093061224489795,0.2694142857142857,0.26612142857142856,0.2659438775510204,0.2672755102040817,0.2650459183673469,0.26282244897959184,0.26939897959183673,0.27143163265306125,0.2708704081632653,0.2850367346938775,0.28369081632653065,0.2846734693877551,0.35132380952380954,0.3523928571428572,0.35414523809523807,0.35678571428571426,0.3518809523809523,0.34827619047619046,0.3481785714285714,0.34750238095238095,0.3463642857142857,0.3472095238095238,0.34797142857142854,0.3475809523809524,0.3498690476190476,0.3423309523809524,0.34235476190476194,0.2085428571428571,0.20885306122448974,0.21038911564625848,0.21174761904761907,0.21052993197278913,0.2088299319727891,0.20891292517006801,0.20945578231292517,0.20921224489795917,0.20872925170068027,0.21062721088435377,0.2123462585034013,0.2082469387755102,0.20969183673469388,0.21170816326530612,Male,36,Adult,Adult,C,C,mms18m36mix_250Hz_gu2_AEP.conn
EES24F29,EES24F29_250Hz_gu3_AEP.conn,gu3,0.25507142857142856,0.2592857142857143,0.26553809523809524,0.26813333333333333,0.26493809523809525,0.2681428571428572,0.27155714285714283,0.2661047619047619,0.2642809523809524,0.252147619047619,0.253147619047619,0.2588285714285714,0.3146761904761905,0.3108904761904762,0.291852380952381,0.3853257142857143,0.38905999999999996,0.38665714285714287,0.383,0.3847371428571429,0.38400857142857137,0.38653428571428566,0.3867285714285714,0.38937142857142854,0.3830971428571428,0.3818485714285714,0.3834228571428572,0.41479428571428567,0.41656000000000004,0.4114457142857143,0.2965514285714286,0.29108285714285714,0.2886914285714286,0.2893914285714285,0.2958942857142857,0.28923142857142853,0.2920028571428571,0.29514000000000007,0.29245714285714286,0.2902714285714286,0.28774,0.28750571428571425,0.28609428571428575,0.2893342857142857,0.28968,0.35240204081632653,0.35646122448979595,0.35770714285714295,0.3558816326530612,0.3542367346938775,0.3558214285714286,0.35619387755102044,0.35533775510204085,0.3520653061224489,0.36102959183673466,0.3622795918367347,0.3606887755102042,0.37029795918367353,0.3683163265306123,0.37852346938775516,0.42638095238095236,0.42634761904761903,0.42278333333333334,0.42294047619047626,0.42370714285714284,0.4239833333333333,0.42568809523809525,0.4251714285714286,0.4230333333333333,0.4239214285714286,0.42392380952380954,0.42442380952380954,0.4273214285714286,0.4225452380952381,0.42803333333333343,0.325169387755102,0.32275238095238085,0.31696462585034013,0.3165020408163265,0.3198863945578232,0.32617346938775504,0.3255823129251701,0.3267319727891157,0.32638979591836736,0.3242564625850341,0.3182680272108844,0.3178904761904762,0.32678707482993197,0.3286068027210884,0.3196510204081633,Female,29,Adult,Adult,E,NC,EES24F29_250Hz_gu2_AEP.conn
EES20F22,ees20f22_250Hz_gu3_AEP.conn,gu3,0.2879523809523809,0.2939380952380952,0.29594761904761907,0.2952285714285714,0.2915571428571429,0.29682857142857144,0.2918523809523809,0.28359523809523807,0.2787809523809524,0.3123,0.31220000000000003,0.3064238095238096,0.3523476190476191,0.35268571428571427,0.3727380952380952,0.37588000000000005,0.3759428571428572,0.3780914285714285,0.3804742857142857,0.38685428571428576,0.38324285714285716,0.38535142857142857,0.38802285714285717,0.38543714285714287,0.37827714285714287,0.37846285714285716,0.3804228571428571,0.40558571428571427,0.4122485714285714,0.39572285714285715,0.3260885714285714,0.3286914285714286,0.32709714285714286,0.32812857142857144,0.3289,0.32946571428571425,0.32808,0.3261828571428571,0.32634285714285716,0.3266457142857143,0.32342000000000004,0.3214828571428571,0.32509714285714286,0.3228342857142857,0.33098285714285713,0.2955051020408163,0.2922387755102041,0.291234693877551,0.29080612244897963,0.28854183673469386,0.2924153061224489,0.2870714285714286,0.2842642857142857,0.2862122448979592,0.29230306122448985,0.2930642857142857,0.29259693877551024,0.307784693877551,0.30607551020408164,0.3096408163265306,0.38734047619047624,0.38489285714285715,0.38635,0.38934761904761905,0.39112857142857144,0.39711428571428575,0.39922857142857143,0.39791904761904756,0.39668333333333333,0.38859523809523805,0.3907285714285715,0.3940119047619048,0.40391666666666665,0.3970738095238095,0.3915571428571429,0.3262054421768708,0.3268571428571428,0.3293448979591837,0.33045986394557825,0.330643537414966,0.32278571428571423,0.32264081632653063,0.32436802721088437,0.3265659863945578,0.32380680272108836,0.3263006802721088,0.32703809523809524,0.32281632653061215,0.32315306122448983,0.3256680272108844,Female,22,Adult,Tertiary,E,NC,ees20f22_250Hz_gu2_AEP.conn
R16E09G10,R16E09g10_info1_250Hz_gu3_AEP.conn,gu3,0.2768952380952381,0.2887619047619047,0.28688095238095235,0.2857809523809524,0.28050476190476187,0.2684761904761905,0.27922857142857144,0.2816809523809524,0.2780666666666667,0.29255238095238095,0.29191904761904763,0.28740476190476194,0.3237999999999999,0.32926190476190476,0.34369523809523805,0.4025085714285715,0.40486000000000005,0.40302,0.3983428571428571,0.3898371428571428,0.4061228571428572,0.4017371428571429,0.3985514285714286,0.39233714285714283,0.4118114285714286,0.4075685714285714,0.4013514285714286,0.4277514285714286,0.42858285714285704,0.43994,0.29304285714285716,0.2946742857142858,0.2981142857142857,0.30774857142857137,0.3165628571428571,0.3077857142857143,0.30641428571428575,0.3070171428571428,0.31282,0.30465428571428566,0.3045514285714286,0.3096428571428571,0.3026857142857143,0.30515714285714285,0.3082742857142857,0.3780632653061224,0.38180816326530614,0.38291836734693874,0.38533163265306125,0.38750408163265304,0.38465918367346946,0.38429591836734694,0.3837397959183674,0.3837959183673469,0.3857489795918367,0.38719285714285706,0.3885326530612245,0.4028612244897959,0.4007367346938775,0.40196530612244896,0.4447785714285714,0.4466380952380952,0.44683809523809526,0.44462857142857143,0.44575238095238096,0.4435142857142857,0.4481309523809524,0.4539571428571429,0.45387380952380957,0.44923571428571435,0.44933095238095233,0.4479095238095237,0.45083333333333325,0.4417452380952381,0.44244761904761903,0.2881931972789116,0.28564897959183677,0.28370952380952374,0.2857748299319728,0.2896993197278911,0.29182857142857144,0.2918312925170068,0.2913156462585034,0.2888775510204081,0.28795442176870756,0.2870442176870748,0.2891986394557823,0.2878292517006803,0.28820816326530607,0.28853741496598645,Female,10,8-12,Elementary,E,NC,R16E09g10_info1_250Hz_gu2_AEP.conn
R16BF04G10,R16BF04g10_info1_250Hz_gu3_AEP.conn,gu3,0.29395714285714286,0.29485714285714276,0.295252380952381,0.29314285714285715,0.2869190476190476,0.30506190476190476,0.2995095238095238,0.29547142857142855,0.29155238095238095,0.3104666666666667,0.30779523809523807,0.3039047619047619,0.35563809523809525,0.35288571428571425,0.36178095238095237,0.41524571428571433,0.4131228571428571,0.40908000000000005,0.40392571428571433,0.40280285714285713,0.4149228571428572,0.41594,0.41228,0.4086514285714286,0.41620285714285715,0.4114542857142857,0.40784857142857145,0.4430485714285714,0.4404571428571429,0.4292657142857143,0.2783514285714286,0.27801714285714285,0.2736228571428571,0.27377714285714283,0.27648571428571433,0.2736914285714286,0.2748657142857142,0.27632285714285715,0.2778828571428571,0.2773542857142858,0.2714,0.2710771428571428,0.2814828571428571,0.2817057142857143,0.2773942857142857,0.3482295918367347,0.3482826530612245,0.34966938775510215,0.35180102040816325,0.3506357142857142,0.3459112244897959,0.34707959183673465,0.35197040816326536,0.3520275510204081,0.3464816326530612,0.3482785714285715,0.35083163265306133,0.368130612244898,0.37308673469387754,0.3664061224489797,0.3928619047619047,0.3959285714285714,0.39680714285714286,0.3972833333333334,0.3960738095238095,0.39360476190476196,0.3908809523809524,0.3906809523809524,0.39087142857142854,0.397102380952381,0.39814285714285713,0.39840952380952377,0.3922261904761904,0.38813095238095235,0.3907833333333333,0.3128891156462585,0.3146360544217687,0.3130993197278911,0.31081972789115647,0.30817210884353735,0.31299591836734697,0.3123047619047619,0.311634693877551,0.31120408163265306,0.31716802721088433,0.3149700680272109,0.3139768707482993,0.31006734693877547,0.3085170068027211,0.31416530612244903,Female,10,8-12,Elementary,S,NC,R16BF04g10_info1_250Hz_gu2_AEP.conn
R16E16B7,R16E16b7_info1_250Hz_gu3_AEP.conn,gu3,0.272052380952381,0.27759523809523806,0.2788285714285714,0.27580000000000005,0.2748238095238095,0.2752333333333334,0.2847095238095238,0.28656666666666664,0.27985714285714286,0.2768714285714286,0.28011904761904766,0.2793047619047619,0.3442238095238095,0.3450190476190476,0.3389666666666667,0.3770542857142857,0.3774514285714286,0.37405428571428573,0.3704371428571429,0.3701028571428572,0.3781742857142857,0.3768057142857143,0.37989142857142855,0.38138285714285713,0.37681714285714285,0.37539142857142854,0.3741028571428571,0.40464857142857136,0.40675999999999995,0.39882,0.28582285714285705,0.2882942857142857,0.2859228571428571,0.2820142857142857,0.2832,0.2971857142857143,0.2921428571428571,0.2849142857142857,0.28012571428571426,0.28852571428571433,0.2878571428571429,0.2844685714285714,0.29802571428571434,0.29466285714285717,0.3023771428571429,0.39310918367346936,0.3935979591836735,0.3927428571428571,0.39119387755102036,0.3890122448979592,0.3927255102040817,0.3932102040816327,0.3912938775510204,0.39144591836734705,0.3996795918367347,0.3981673469387755,0.39657040816326533,0.4146724489795918,0.4138775510204082,0.41761122448979593,0.46887380952380947,0.47000714285714285,0.47095714285714285,0.471297619047619,0.4718642857142857,0.4673190476190476,0.4689833333333333,0.46931904761904764,0.4712309523809524,0.4704928571428572,0.46943571428571435,0.46853571428571433,0.4678666666666667,0.4651238095238095,0.46268333333333334,0.3391095238095238,0.34007278911564626,0.3390795918367347,0.33832585034013607,0.33936870748299314,0.336934693877551,0.3355210884353741,0.3359755102040816,0.33606122448979586,0.3436210884353742,0.34270748299319725,0.3415149659863945,0.33291836734693875,0.33344353741496596,0.3410068027210885,Male,7,5-7,Elementary,E,NC,R16E16b7_info1_250Hz_gu2_AEP.conn
R16E19B5,R16E19b5_info1_250Hz_gu3_AEP.conn,gu3,0.3026571428571429,0.3042666666666667,0.2980857142857143,0.2936714285714286,0.29765714285714284,0.304452380952381,0.30258095238095234,0.30480476190476186,0.30515238095238095,0.30854761904761907,0.3026952380952381,0.2972666666666666,0.3460809523809523,0.34855238095238095,0.35145714285714286,0.4044,0.4077342857142857,0.4075342857142858,0.40189714285714284,0.3972971428571429,0.39787999999999996,0.40583714285714284,0.41108857142857136,0.4123514285714286,0.4025085714285714,0.4055971428571429,0.40239714285714284,0.42279999999999995,0.4276142857142857,0.4192942857142857,0.3814114285714285,0.37842,0.37951142857142856,0.3749314285714286,0.36972000000000005,0.3751171428571428,0.37599142857142853,0.3707485714285715,0.3731342857142857,0.37540000000000007,0.3796457142857143,0.3753314285714286,0.36568000000000006,0.36301428571428573,0.3722285714285714,0.4922846938775511,0.49017346938775513,0.4903132653061224,0.49224897959183683,0.494869387755102,0.49577755102040827,0.49313571428571423,0.4937602040816326,0.4964408163265306,0.4994428571428572,0.5009816326530612,0.5009602040816327,0.5142704081632653,0.5134806122448979,0.5181469387755102,0.4834,0.48014523809523807,0.4789428571428571,0.4788404761904761,0.4814380952380952,0.48009285714285727,0.4812238095238095,0.48232857142857144,0.4832404761904762,0.48281428571428564,0.4807047619047619,0.4800095238095237,0.48923333333333324,0.48818333333333325,0.48237380952380954,0.3559013605442177,0.35756054421768707,0.3570278911564626,0.35701292517006805,0.359743537414966,0.3578863945578232,0.3581530612244898,0.35723197278911567,0.35651292517006805,0.36161224489795923,0.3606918367346938,0.35958231292517007,0.3574061224489795,0.3569482993197279,0.36063197278911563,Male,5,5-7,Elementary,E,NC,R16E19b5_info1_250Hz_gu2_AEP.conn
R16E17B5,R16E17b5_info1_250Hz_gu3_AEP.conn,gu3,0.2291761904761905,0.22867142857142855,0.2233952380952381,0.21810952380952378,0.21441428571428575,0.21511904761904763,0.21780476190476192,0.22079523809523807,0.2195380952380952,0.22467619047619047,0.21833809523809525,0.21165714285714285,0.25452380952380954,0.2538476190476191,0.24777142857142861,0.3136542857142857,0.3211771428571429,0.32251714285714284,0.31766285714285714,0.3137885714285714,0.30786285714285716,0.3065971428571429,0.30852285714285715,0.3090171428571428,0.3180771428571429,0.3193885714285714,0.3159628571428571,0.3303371428571429,0.3310542857142857,0.3359657142857143,0.21073714285714282,0.2150514285714286,0.21799714285714286,0.21748571428571428,0.2140542857142857,0.2108657142857143,0.20814285714285713,0.2047457142857143,0.20076857142857146,0.2161114285714286,0.2174714285714286,0.21667714285714287,0.21186571428571427,0.20808857142857146,0.21247142857142856,0.2765357142857143,0.2764795918367347,0.2757734693877551,0.2732622448979592,0.2733969387755102,0.27897653061224487,0.2786377551020408,0.27751632653061226,0.2757663265306122,0.27750714285714284,0.27634591836734695,0.27446632653061226,0.294519387755102,0.2919765306122448,0.2921704081632653,0.37985952380952376,0.3811452380952381,0.3808357142857142,0.37679761904761905,0.37469761904761906,0.36785952380952386,0.3693904761904762,0.36974285714285715,0.3705904761904762,0.379502380952381,0.3780023809523809,0.3771976190476191,0.37396904761904765,0.36921190476190474,0.3761047619047619,0.26103605442176864,0.2622925170068027,0.2630836734693878,0.2632326530612245,0.2621156462585035,0.26220952380952384,0.26119251700680274,0.2610068027210885,0.26257346938775505,0.2643374149659864,0.26533741496598634,0.2648149659863946,0.25959047619047615,0.2597170068027211,0.2673639455782313,Male,5,5-7,Elementary,E,NC,R16E17b5_info1_250Hz_gu2_AEP.conn
R16A04B8,R16A04b8_info1_250Hz_gu3_AEP.conn,gu3,0.28828571428571426,0.29054761904761905,0.2893047619047619,0.28423333333333334,0.27486190476190475,0.31623333333333337,0.32720952380952384,0.315,0.2957857142857143,0.2960095238095238,0.29341428571428574,0.2853095238095238,0.3547952380952381,0.34879047619047615,0.3198238095238095,0.3775542857142856,0.37472571428571433,0.3695914285714285,0.36261142857142853,0.36163142857142855,0.38476857142857146,0.3716685714285714,0.36338571428571426,0.35239714285714285,0.3840199999999999,0.37755142857142854,0.36645999999999995,0.39921428571428574,0.3908371428571428,0.40187714285714293,0.33731142857142854,0.33827142857142856,0.3375914285714286,0.3394885714285714,0.34335142857142864,0.33913714285714286,0.3350114285714286,0.33551142857142857,0.34184571428571425,0.34222285714285716,0.3414114285714286,0.3449628571428571,0.3365142857142857,0.3405514285714286,0.34242285714285714,0.4193479591836735,0.4186867346938775,0.42374081632653054,0.42444387755102037,0.4255867346938775,0.42583061224489793,0.42681734693877554,0.42940102040816325,0.4286020408163265,0.4230163265306123,0.4278591836734694,0.42865204081632663,0.44059489795918366,0.44147857142857144,0.441795918367347,0.4945428571428571,0.4982952380952381,0.49883809523809525,0.5028619047619047,0.5092095238095239,0.49263809523809515,0.4978214285714286,0.5030095238095238,0.5045833333333334,0.505395238095238,0.5020357142857143,0.5033119047619048,0.49906904761904763,0.4863976190476191,0.48788571428571426,0.36682653061224496,0.36600204081632653,0.3688918367346939,0.37197074829931975,0.3744251700680272,0.36982176870748296,0.37035238095238093,0.3736013605442177,0.37613197278911564,0.370769387755102,0.37480476190476186,0.37660408163265313,0.3624251700680272,0.3645959183673469,0.37417142857142854,Male,8,8-12,Elementary,A,NC,R16A04b8_info1_250Hz_gu2_AEP.conn
R16L01SY06,R16L01sy06_info1_250Hz_gu3_AEP.conn,gu3,0.24238095238095236,0.2332857142857143,0.23266190476190476,0.23872380952380948,0.2443666666666667,0.23224761904761904,0.22901428571428573,0.23175238095238096,0.2363142857142857,0.22821428571428573,0.23026190476190478,0.23648571428571427,0.2948,0.2958571428571428,0.29183333333333333,0.2993857142857143,0.29364285714285715,0.29075999999999996,0.2912085714285714,0.29365142857142856,0.29928285714285713,0.2999914285714286,0.30185428571428574,0.3033171428571429,0.29390857142857146,0.2926742857142857,0.29287142857142856,0.32385142857142857,0.32535428571428576,0.32852857142857145,0.2667371428571429,0.2691,0.2682485714285715,0.26872285714285715,0.2726057142857143,0.2698285714285714,0.2667285714285714,0.26648000000000005,0.2673657142857143,0.27396,0.2725828571428571,0.2721085714285715,0.2807057142857143,0.27896,0.2791314285714286,0.38810816326530617,0.3875316326530613,0.3874908163265306,0.38746632653061225,0.3902408163265306,0.3901755102040817,0.390338775510204,0.3887897959183673,0.3906173469387754,0.38835306122448987,0.3880989795918367,0.3886775510204082,0.40715408163265304,0.4048744897959184,0.40631224489795914,0.4805095238095238,0.47976904761904765,0.47913333333333336,0.4814166666666666,0.48112142857142853,0.4780142857142857,0.477802380952381,0.47793809523809516,0.4780404761904762,0.48068333333333335,0.4807214285714286,0.48146666666666665,0.4797761904761905,0.4738809523809524,0.4796952380952381,0.35680748299319726,0.357891156462585,0.35870680272108835,0.3600108843537415,0.36213197278911563,0.3610387755102041,0.3598013605442178,0.359956462585034,0.359543537414966,0.36123605442176876,0.3613891156462585,0.36198571428571436,0.35667823129251697,0.3566469387755102,0.3592809523809524,Female,6,5-7,Elementary,S,NC,R16L01sy06_info1_250Hz_gu2_AEP.conn
R16S01Y08B,R16S01y08b_info1_250Hz_gu3_AEP.conn,gu3,0.29323809523809524,0.29230476190476196,0.2917476190476191,0.29256666666666664,0.29582857142857144,0.28927142857142857,0.28737619047619045,0.28649523809523814,0.28936190476190476,0.2963,0.29453333333333337,0.2913904761904762,0.3332523809523809,0.33015714285714287,0.3361809523809524,0.33137428571428573,0.3327742857142857,0.3326742857142857,0.33363714285714285,0.3323485714285715,0.3328428571428571,0.3319114285714286,0.33043428571428574,0.33228,0.3322342857142857,0.3334142857142857,0.33431714285714287,0.35838000000000003,0.3583428571428572,0.34714285714285714,0.2290314285714286,0.2309114285714286,0.23356000000000005,0.23865714285714285,0.2419057142857143,0.24178285714285713,0.24408,0.24439142857142854,0.24559999999999998,0.2301942857142857,0.23453142857142853,0.24021714285714285,0.2376142857142857,0.23640857142857144,0.23385999999999996,0.29219591836734693,0.2948204081632654,0.2961755102040816,0.2968979591836734,0.29701938775510206,0.30300408163265313,0.3025724489795918,0.30131530612244894,0.30169693877551024,0.29820714285714284,0.29990918367346936,0.3009704081632653,0.32203367346938777,0.32208571428571425,0.32283775510204077,0.3815404761904762,0.38283571428571433,0.38264285714285723,0.38420000000000004,0.3882142857142857,0.3870333333333334,0.3874309523809523,0.38675,0.38667619047619045,0.3869428571428571,0.3863428571428571,0.38356428571428564,0.3863642857142857,0.37940714285714283,0.3817,0.2609176870748299,0.26245714285714283,0.2606353741496598,0.2584340136054422,0.25814761904761907,0.2597108843537415,0.25827482993197287,0.2570108843537415,0.2553102040816327,0.2662734693877551,0.26561904761904753,0.2624414965986394,0.26126326530612237,0.2580204081632653,0.2730149659863946,Female,8,8-12,Elementary,S,NC,R16S01y08b_info1_250Hz_gu2_AEP.conn
R16S16G11,R16S16g11_info1_250Hz_gu3_AEP.conn,gu3,0.3245619047619048,0.32342380952380956,0.323947619047619,0.32760952380952385,0.3303095238095238,0.3352380952380953,0.3340857142857143,0.3419142857142858,0.3448619047619048,0.3289285714285714,0.3279761904761905,0.32971428571428574,0.3912380952380952,0.3924380952380953,0.38529523809523814,0.4166371428571429,0.41559428571428575,0.41198571428571434,0.41338857142857144,0.4160171428571429,0.4239685714285715,0.42763999999999996,0.4246714285714285,0.41848857142857143,0.42052571428571434,0.4185714285714286,0.41911714285714285,0.44511142857142855,0.44216,0.4421085714285714,0.3524857142857143,0.3552485714285714,0.3566457142857143,0.3603828571428572,0.36127999999999993,0.35423142857142853,0.35856,0.3612114285714286,0.3643485714285714,0.35258,0.35535142857142854,0.35856,0.3471457142857143,0.34703142857142855,0.3464085714285714,0.4250908163265306,0.4237173469387755,0.42254591836734695,0.4218163265306122,0.4225683673469388,0.42799693877551015,0.42852448979591834,0.42866224489795923,0.43233061224489794,0.42631938775510203,0.4241918367346939,0.4229714285714286,0.44203673469387755,0.4407908163265306,0.4399306122448978,0.48878809523809524,0.48455476190476193,0.48400000000000004,0.48579761904761914,0.487602380952381,0.48092380952380953,0.48045714285714286,0.4851904761904761,0.48849761904761907,0.4868904761904762,0.48566190476190485,0.48645,0.4801166666666667,0.4817261904761905,0.48386190476190477,0.3557469387755103,0.3536911564625851,0.3556006802721088,0.3572673469387756,0.3575013605442177,0.35941972789115645,0.3610095238095238,0.3616557823129252,0.36092244897959186,0.3551863945578231,0.3557027210884354,0.3581183673469387,0.35334149659863945,0.35266258503401354,0.3495673469387755,Female,11,8-12,Elementary,S,NC,R16S16g11_info1_250Hz_gu2_AEP.conn
R16S06G6,R16S06g6_info1_250Hz_gu3_AEP.conn,gu3,0.20824285714285715,0.2031666666666667,0.1978333333333333,0.19410000000000002,0.19981904761904765,0.19483809523809523,0.19114285714285714,0.19102380952380957,0.1931333333333333,0.20576666666666665,0.2021952380952381,0.19860476190476192,0.2478047619047619,0.2437571428571429,0.25741428571428576,0.3555028571428571,0.3551285714285714,0.3541342857142857,0.3539428571428571,0.35152285714285714,0.3559657142857143,0.3557914285714286,0.3511228571428571,0.34666571428571424,0.3597428571428571,0.35798,0.3570628571428571,0.37941714285714284,0.3739942857142857,0.3739742857142857,0.2980771428571428,0.29577428571428566,0.2940742857142857,0.29219428571428574,0.29442285714285715,0.30061714285714286,0.3009428571428572,0.2972971428571428,0.2968342857142857,0.2928342857142857,0.29180285714285714,0.28982285714285716,0.2897085714285714,0.28572,0.2871942857142856,0.2543091836734694,0.2524428571428571,0.25131224489795917,0.25263469387755094,0.25447755102040814,0.25601734693877554,0.25545306122448974,0.2527418367346939,0.25247142857142857,0.25614285714285717,0.2555255102040816,0.25575510204081636,0.27265,0.2701683673469388,0.2749479591836735,0.3257952380952381,0.326902380952381,0.3244238095238095,0.32399285714285714,0.3244071428571429,0.32325714285714285,0.3234523809523809,0.32512857142857143,0.3259285714285714,0.3304309523809524,0.32851904761904765,0.3266761904761905,0.32580714285714285,0.3213976190476191,0.3255047619047619,0.23699931972789118,0.23692653061224492,0.23707619047619038,0.23423673469387757,0.2333829931972789,0.23742380952380948,0.2371068027210884,0.2363537414965986,0.2348258503401361,0.23838979591836731,0.23888639455782312,0.23626190476190476,0.23348979591836735,0.23369251700680274,0.24363537414965988,Female,6,5-7,Elementary,S,NC,R16S06g6_info1_250Hz_gu2_AEP.conn
R16A05Y08B,R16A05y08b_info1_250Hz_gu3_AEP.conn,gu3,0.2722380952380952,0.27503809523809525,0.27230000000000004,0.27087619047619044,0.2698523809523809,0.27858571428571427,0.2646761904761905,0.2645714285714285,0.26731428571428567,0.2686619047619048,0.2651904761904762,0.2679142857142857,0.30841904761904765,0.3069571428571429,0.3162809523809524,0.3225571428571429,0.3208371428571428,0.3157857142857143,0.31676857142857145,0.3190914285714286,0.3164285714285714,0.31123999999999996,0.31218,0.31419714285714284,0.3183314285714286,0.31431714285714285,0.31616857142857147,0.3425771428571429,0.3426914285714286,0.3448171428571428,0.22069142857142854,0.22235428571428573,0.22323428571428572,0.22079428571428567,0.21933142857142857,0.22644857142857142,0.22675428571428569,0.2310457142857143,0.2312742857142857,0.22009999999999996,0.2208342857142857,0.21868857142857143,0.22103428571428574,0.22590000000000005,0.22001142857142858,0.3805244897959184,0.38029387755102034,0.37857755102040824,0.37657448979591834,0.3742622448979592,0.37848979591836734,0.37718265306122456,0.3755928571428572,0.3757081632653061,0.38075714285714285,0.38219183673469387,0.3815183673469388,0.39507551020408166,0.394845918367347,0.40139285714285716,0.46450238095238094,0.46201190476190473,0.45927380952380953,0.45900476190476186,0.46489761904761906,0.46918571428571426,0.4681071428571428,0.4679452380952381,0.4662714285714286,0.4657952380952381,0.46576190476190477,0.46455,0.4702,0.46162619047619047,0.46531666666666666,0.3157931972789116,0.3153959183673469,0.31446530612244894,0.3139904761904762,0.3152829931972788,0.31892448979591836,0.3193142857142858,0.3180598639455782,0.31885510204081635,0.31562925170068024,0.31490680272108845,0.31505918367346936,0.3150931972789115,0.31355374149659865,0.31616802721088433,Female,8,8-12,Elementary,A,NC,R16A05y08b_info1_250Hz_gu2_AEP.conn
R16E08Y05B5,R16E08y05b5_info1_250Hz_gu3_AEP.conn,gu3,0.29448571428571424,0.3011761904761905,0.30647619047619046,0.3069095238095238,0.30609523809523814,0.29383333333333334,0.2934333333333334,0.29791428571428574,0.3041809523809524,0.30638571428571426,0.3128095238095238,0.3155666666666667,0.3584,0.3615952380952381,0.3665428571428571,0.4000685714285714,0.39931142857142854,0.39859999999999995,0.39678571428571424,0.39696,0.3989942857142857,0.39739142857142856,0.3984914285714286,0.40133714285714295,0.39835428571428566,0.3984057142857143,0.3985857142857143,0.4181114285714285,0.4212457142857143,0.41816,0.3233742857142857,0.32389714285714283,0.3226028571428572,0.3212514285714286,0.3211685714285714,0.32604,0.3246142857142857,0.32273428571428575,0.3263885714285714,0.31861142857142855,0.31751428571428575,0.31836571428571425,0.31621142857142853,0.31577714285714287,0.3084457142857143,0.389819387755102,0.3902102040816326,0.3894255102040817,0.3898969387755102,0.39074897959183674,0.3872122448979592,0.3889061224489795,0.39046734693877555,0.3919081632653061,0.39109999999999995,0.3911642857142857,0.3910612244897959,0.40907857142857146,0.4100897959183674,0.41250816326530604,0.46435714285714286,0.4677833333333333,0.46659999999999996,0.4627714285714286,0.46256190476190473,0.4720380952380952,0.4731047619047619,0.472102380952381,0.4713476190476191,0.47559761904761916,0.4740380952380952,0.4685047619047619,0.4800166666666667,0.47517380952380955,0.4700071428571429,0.34417142857142863,0.3437176870748299,0.34091360544217686,0.3399768707482993,0.3394142857142857,0.3452442176870748,0.34435646258503405,0.34521224489795915,0.346134693877551,0.34548639455782315,0.3431816326530612,0.3416034013605442,0.3430489795918367,0.34355646258503403,0.34033809523809516,Male,5,5-7,Elementary,E,NC,R16E08y05b5_info1_250Hz_gu2_AEP.conn
R16E18G9,R16E18g9_info1_250Hz_gu3_AEP.conn,gu3,0.2318809523809524,0.23436190476190477,0.23799523809523807,0.23527142857142858,0.23443809523809522,0.2369619047619048,0.24494761904761905,0.2510857142857143,0.257147619047619,0.24413809523809524,0.2447571428571429,0.24030952380952378,0.2999095238095238,0.3052714285714286,0.29309999999999997,0.4026257142857143,0.40681142857142866,0.4062,0.4016514285714286,0.3985542857142857,0.40580571428571427,0.4060657142857143,0.40314285714285714,0.40438857142857143,0.4101828571428571,0.4090657142857143,0.40533428571428576,0.4320685714285714,0.42954857142857145,0.4264,0.35832,0.36106,0.3634628571428572,0.3660742857142857,0.3678457142857142,0.3615885714285715,0.36797142857142856,0.3643742857142857,0.3668057142857143,0.3614628571428572,0.36372857142857146,0.3662257142857143,0.35664,0.3519342857142857,0.3484028571428571,0.3943826530612245,0.39609285714285714,0.39509081632653065,0.3962714285714286,0.395461224489796,0.39714693877551016,0.3999785714285715,0.4002653061224489,0.40152346938775507,0.3942836734693878,0.39346224489795917,0.39414591836734697,0.4118295918367347,0.41169489795918374,0.4052142857142858,0.3205238095238095,0.31752619047619046,0.31420238095238096,0.3151119047619048,0.3181785714285714,0.3204452380952381,0.31889285714285714,0.31744999999999995,0.31936190476190474,0.32175714285714285,0.3178761904761905,0.31706904761904764,0.31930000000000003,0.3271857142857143,0.32530476190476193,0.2853448979591836,0.2832455782312926,0.2809319727891157,0.2797,0.27982653061224494,0.28549863945578224,0.28458639455782314,0.2847959183673469,0.283969387755102,0.2842489795918367,0.28226190476190477,0.2807448979591836,0.281612925170068,0.282843537414966,0.2877414965986395,Female,9,8-12,Elementary,E,NC,R16E18g9_info1_250Hz_gu2_AEP.conn
R16S09G6,R16s09g6_info1_250Hz_gu3_AEP.conn,gu3,0.20176666666666665,0.1969047619047619,0.18916666666666668,0.19062380952380953,0.1974095238095238,0.1986285714285714,0.19852380952380952,0.1977809523809524,0.18993333333333337,0.1938857142857143,0.1888142857142857,0.1860428571428571,0.2516857142857143,0.25312380952380953,0.24794761904761906,0.33257714285714285,0.3298028571428572,0.32909142857142853,0.3314914285714286,0.3288885714285714,0.3365057142857143,0.33356285714285716,0.3320942857142858,0.3325314285714286,0.32879714285714284,0.32707142857142857,0.32763428571428566,0.34638285714285716,0.33999142857142856,0.35653428571428575,0.2975514285714286,0.30142857142857143,0.29782857142857144,0.28546571428571427,0.28735142857142854,0.29756,0.2878057142857143,0.2874742857142857,0.2892971428571428,0.28943714285714284,0.2838171428571428,0.2708828571428571,0.2716171428571429,0.27168285714285717,0.2758285714285714,0.3305816326530612,0.3296061224489796,0.3281081632653062,0.3249020408163265,0.32267857142857137,0.3308622448979592,0.32722959183673467,0.3250571428571429,0.32560408163265303,0.32469795918367345,0.32649693877551017,0.32372755102040823,0.3413479591836735,0.3372724489795918,0.34333469387755106,0.45638571428571423,0.4595928571428572,0.4645547619047619,0.4662833333333333,0.4693642857142857,0.4495595238095238,0.45388809523809526,0.46120476190476195,0.4684,0.4611976190476191,0.4645047619047619,0.46795238095238095,0.4448809523809523,0.4504714285714286,0.4576928571428571,0.2690047619047619,0.2696156462585034,0.27246394557823134,0.2774489795918367,0.2807700680272109,0.2658979591836735,0.2707292517006803,0.2727102040816326,0.2754557823129253,0.2687700680272109,0.27303537414965995,0.278230612244898,0.26308095238095236,0.2656843537414965,0.27208503401360545,Female,6,5-7,Elementary,S,NC,R16s09g6_info1_250Hz_gu2_AEP.conn
R16S02B_G6,R16S02b_g6_info1_250Hz_gu3_AEP.conn,gu3,0.22557619047619046,0.2214238095238095,0.22218095238095237,0.2270428571428571,0.23550000000000001,0.22305714285714284,0.2270952380952381,0.23080476190476187,0.22145714285714288,0.2258619047619048,0.22125714285714285,0.22125238095238095,0.29298095238095234,0.2938904761904762,0.2771190476190476,0.3325171428571428,0.32907142857142857,0.3289228571428572,0.32846857142857144,0.3298257142857143,0.32652000000000003,0.33126857142857147,0.3366657142857143,0.3355085714285714,0.3366371428571429,0.3347971428571429,0.3310285714285714,0.3640314285714286,0.3666457142857143,0.35926857142857144,0.3026285714285714,0.30226857142857144,0.3011371428571428,0.29850857142857146,0.29420285714285715,0.29329142857142854,0.29621714285714285,0.30169714285714283,0.2965714285714286,0.3067028571428571,0.30661714285714287,0.3038685714285715,0.2934742857142857,0.29688857142857145,0.30096,0.37098979591836734,0.37135,0.37142959183673474,0.3702040816326531,0.36957959183673467,0.3754265306122449,0.37531326530612247,0.37187244897959193,0.3686,0.3718081632653062,0.3713969387755102,0.3696795918367347,0.3848183673469388,0.38267653061224494,0.3842499999999999,0.4029857142857143,0.4039619047619048,0.40059761904761904,0.4014619047619048,0.4021047619047619,0.39947619047619054,0.40115000000000006,0.39765476190476196,0.39764523809523805,0.40519047619047616,0.40281666666666666,0.4033523809523809,0.40539523809523814,0.3967452380952381,0.39804285714285714,0.28103061224489795,0.28380476190476195,0.28583197278911565,0.28518435374149653,0.28330272108843535,0.28009931972789115,0.28366938775510203,0.28682108843537424,0.28677755102040825,0.2828775510204081,0.28721224489795927,0.2872761904761905,0.28497074829931973,0.28789863945578237,0.2937387755102041,Female,6,5-7,Elementary,S,NC,R16S02b_g6_info1_250Hz_gu2_AEP.conn
R16BF02G9INFO1,R16BF02g9info1_250Hz_gu3_AEP.conn,gu3,0.23188095238095238,0.23076666666666668,0.22853333333333334,0.23146666666666663,0.23864761904761908,0.22725714285714285,0.22566666666666668,0.2288904761904762,0.23502380952380952,0.23774285714285714,0.23963333333333334,0.24149999999999996,0.30219523809523813,0.30531904761904755,0.3215428571428572,0.38574857142857144,0.3870657142857143,0.3877342857142857,0.38987714285714287,0.3925771428571429,0.37608857142857144,0.3846971428571429,0.38824000000000003,0.39079142857142857,0.3877742857142857,0.3894714285714286,0.3945828571428571,0.4209828571428572,0.4241371428571428,0.4247342857142857,0.2529657142857143,0.25343428571428567,0.25567142857142855,0.2646371428571429,0.2706514285714286,0.25403714285714285,0.25969714285714285,0.26130857142857145,0.26607714285714285,0.24903999999999998,0.25047142857142857,0.26077714285714293,0.2515714285714286,0.25464857142857145,0.23927428571428572,0.2629438775510204,0.25770102040816323,0.2545571428571428,0.2548785714285714,0.25912755102040813,0.26034387755102045,0.25991530612244895,0.2577744897959184,0.2561285714285714,0.2572061224489796,0.25408673469387755,0.25372959183673466,0.2727275510204082,0.2701561224489796,0.27145510204081635,0.36783571428571427,0.3691,0.36736904761904765,0.36482142857142863,0.3701119047619048,0.3813785714285714,0.3821690476190476,0.37647380952380954,0.37664761904761906,0.3708738095238095,0.3718285714285714,0.36974761904761905,0.3829666666666667,0.37591904761904765,0.3720047619047619,0.26308299319727896,0.2641292517006803,0.26554761904761903,0.264074149659864,0.2623714285714285,0.2585401360544217,0.2601625850340136,0.2608755102040817,0.26119659863945577,0.26522380952380953,0.2668047619047619,0.26510000000000006,0.2554789115646258,0.25651360544217694,0.2615353741496599,Female,9,8-12,Elementary,S,NC,R16BF02g9info1_250Hz_gu2_AEP.conn
R16E04G10,R16E04g10_info1_250Hz_gu3_AEP.conn,gu3,0.14018571428571427,0.14242857142857143,0.14302857142857142,0.1437952380952381,0.14591904761904761,0.1314809523809524,0.12967142857142858,0.13008095238095238,0.13709523809523808,0.15374761904761905,0.14873333333333333,0.1440857142857143,0.18468571428571426,0.1870190476190476,0.2072142857142857,0.2877057142857143,0.29168,0.2960057142857143,0.2979542857142857,0.29678857142857146,0.2830514285714285,0.2774742857142857,0.2786057142857143,0.28396000000000005,0.28929714285714286,0.29079428571428567,0.2914285714285714,0.3002571428571429,0.30087714285714284,0.3098371428571428,0.31743714285714286,0.3165742857142857,0.3219485714285714,0.32141142857142857,0.3183085714285715,0.3133914285714286,0.3133485714285714,0.3172285714285714,0.31888,0.3240142857142857,0.32737999999999995,0.3275171428571429,0.3210514285714286,0.32210285714285714,0.3353085714285714,0.30552142857142855,0.306880612244898,0.30795612244897963,0.3074438775510204,0.30593979591836734,0.30264693877551024,0.2991357142857143,0.29905612244897956,0.29886734693877554,0.30274693877551023,0.30317755102040816,0.3015397959183673,0.3121979591836735,0.31240204081632655,0.3195663265306123,0.344502380952381,0.34111666666666673,0.33873333333333333,0.3390309523809523,0.33898809523809526,0.33660952380952386,0.3323238095238095,0.330397619047619,0.3263214285714286,0.3370738095238095,0.3340595238095238,0.33372142857142856,0.3307380952380953,0.3335619047619047,0.33630714285714286,0.23669455782312923,0.23627006802721082,0.2360673469387755,0.23711360544217688,0.23938231292517007,0.23361632653061223,0.23146870748299322,0.23142925170068027,0.2328489795918367,0.23758435374149656,0.23698843537414968,0.23794897959183675,0.23155102040816325,0.2315149659863945,0.24268367346938777,Female,10,8-12,Elementary,E,NC,R16E04g10_info1_250Hz_gu2_AEP.conn
R16S21B8,R16S21b8_info1_250Hz_gu3_AEP.conn,gu3,0.20582857142857144,0.20988571428571426,0.2115571428571429,0.2087238095238095,0.20988571428571431,0.21098571428571433,0.2179095238095238,0.22076666666666667,0.21564761904761906,0.2158238095238095,0.2150142857142857,0.21068095238095239,0.27985714285714286,0.28249523809523813,0.2794904761904762,0.31335714285714283,0.31653714285714285,0.3162571428571429,0.3163314285714286,0.31492285714285717,0.31638571428571427,0.31940857142857143,0.32034,0.3179542857142857,0.3153514285714286,0.3151942857142857,0.31428,0.3426628571428572,0.3451428571428572,0.3447142857142857,0.2961971428571429,0.2934228571428571,0.2915457142857143,0.29249142857142857,0.2928742857142857,0.2977142857142857,0.2949914285714285,0.2938171428571429,0.29609428571428575,0.30020857142857144,0.29878,0.29595142857142853,0.30518285714285714,0.30306571428571427,0.3118571428571429,0.33147857142857134,0.32928877551020413,0.32863775510204085,0.32721938775510206,0.3275938775510205,0.33663571428571426,0.3347489795918367,0.332915306122449,0.3323551020408164,0.33457959183673475,0.3320948979591836,0.3297316326530612,0.36052755102040823,0.3596673469387755,0.3585755102040816,0.37533095238095243,0.3789642857142857,0.3787261904761905,0.3783357142857143,0.3810452380952381,0.3723023809523809,0.37201904761904764,0.37314761904761906,0.37251904761904764,0.3767619047619048,0.37706666666666666,0.37509523809523815,0.3722190476190476,0.36670952380952376,0.3703285714285714,0.27018027210884354,0.27137210884353746,0.27209999999999995,0.27235306122448977,0.2717775510204081,0.27117551020408165,0.27161496598639456,0.2716176870748299,0.2701639455782313,0.27253741496598644,0.2727700680272108,0.2719190476190476,0.26836190476190475,0.26802312925170063,0.2719272108843537,Male,8,8-12,Elementary,S,NC,R16S21b8_info1_250Hz_gu2_AEP.conn
R16S17G6,R16S17g6_info1_250Hz_gu3_AEP.conn,gu3,0.25324285714285716,0.25216190476190475,0.25167142857142855,0.25374761904761906,0.25903333333333334,0.264952380952381,0.2603952380952381,0.2615095238095238,0.2677333333333333,0.26126666666666665,0.25901904761904765,0.26084761904761905,0.31417142857142855,0.31330952380952376,0.3074047619047619,0.36805714285714286,0.36763714285714283,0.36926857142857145,0.3736257142857142,0.37572571428571433,0.36900857142857146,0.37286285714285716,0.3764485714285714,0.3769628571428572,0.3704142857142857,0.37237714285714285,0.37868857142857143,0.40042285714285714,0.40668571428571426,0.3946057142857143,0.34025428571428573,0.3354628571428571,0.3317571428571429,0.33293999999999996,0.3353342857142857,0.33556857142857144,0.3311228571428571,0.32778,0.32660857142857147,0.33138285714285715,0.3272171428571429,0.3281171428571429,0.31649142857142853,0.31493714285714286,0.3166657142857143,0.3696122448979592,0.3696744897959184,0.3708908163265306,0.3707377551020408,0.36914285714285716,0.37735204081632645,0.3786204081632653,0.37723265306122455,0.37470510204081636,0.36886428571428576,0.3716142857142857,0.37295612244897963,0.3895724489795919,0.388157142857143,0.3844285714285714,0.4100952380952381,0.41247619047619044,0.4170904761904762,0.4195666666666667,0.4172166666666666,0.41307142857142853,0.41702619047619044,0.4219880952380952,0.4238166666666667,0.41094761904761895,0.4169785714285715,0.4197333333333333,0.4158285714285714,0.4210809523809524,0.4149333333333333,0.2517564625850341,0.2517469387755102,0.25124353741496597,0.25122993197278914,0.25211020408163265,0.2550448979591837,0.25475102040816316,0.25554421768707486,0.25474421768707484,0.25433741496598644,0.25288571428571427,0.2523768707482993,0.2524047619047619,0.2532809523809524,0.2567333333333333,Female,6,5-7,Elementary,S,NC,R16S17g6_info1_250Hz_gu2_AEP.conn
R16E07B9,R16E07b9_info1_250Hz_gu3_AEP.conn,gu3,0.2911333333333334,0.2969523809523809,0.2984142857142857,0.2956047619047619,0.294447619047619,0.3001904761904762,0.2962714285714286,0.29890952380952385,0.30004761904761906,0.3061809523809524,0.3060238095238096,0.3025809523809524,0.3315047619047619,0.3337666666666666,0.33020476190476195,0.38595999999999997,0.38784571428571424,0.3838657142857143,0.38005142857142865,0.37709714285714285,0.3850114285714285,0.38455142857142854,0.3819199999999999,0.37644857142857147,0.3885971428571428,0.3867114285714286,0.38297714285714285,0.39518285714285717,0.3940257142857143,0.4005485714285714,0.36515714285714285,0.36526571428571425,0.3678714285714285,0.3716457142857143,0.3700714285714286,0.3624914285714286,0.36857428571428574,0.3737571428571428,0.37468571428571434,0.37440571428571434,0.37714571428571425,0.3794828571428571,0.37366,0.3764742857142857,0.38740571428571424,0.4853459183673469,0.48443469387755095,0.48238979591836734,0.48110918367346944,0.4811214285714286,0.4847316326530612,0.4840418367346938,0.4809683673469388,0.4824306122448979,0.491230612244898,0.4898326530612245,0.4884326530612245,0.5052295918367348,0.5030295918367348,0.5084020408163266,0.501307142857143,0.5032619047619048,0.5041571428571429,0.50525,0.5067857142857144,0.5135666666666666,0.5109547619047619,0.5088357142857143,0.5085404761904763,0.5099690476190476,0.5110404761904762,0.5119904761904762,0.5164476190476189,0.504145238095238,0.5046666666666667,0.3412979591836735,0.3412938775510204,0.34283061224489797,0.34245918367346945,0.34223333333333333,0.3390149659863945,0.3374517006802722,0.33825986394557817,0.33960952380952375,0.3433435374149659,0.3455197278911565,0.345404081632653,0.3342374149659864,0.3366802721088436,0.346843537414966,Male,9,8-12,Elementary,E,NC,R16E07b9_info1_250Hz_gu2_AEP.conn
R16S20G7,R16S20g7_info1_250Hz_gu3_AEP.conn,gu3,0.18377142857142859,0.17158571428571426,0.16642857142857145,0.1675095238095238,0.16967619047619045,0.18008095238095237,0.17114761904761902,0.16396666666666668,0.15907619047619045,0.16834761904761905,0.16425238095238096,0.1667809523809524,0.22908095238095239,0.22520952380952383,0.22974285714285714,0.27009428571428573,0.26758000000000004,0.26366000000000006,0.2591085714285714,0.2594314285714286,0.2633142857142857,0.26140285714285716,0.26062571428571435,0.25752857142857144,0.26244,0.26024,0.25649714285714287,0.28640571428571426,0.2856657142857143,0.28538857142857144,0.25065714285714286,0.25607142857142856,0.2564714285714286,0.25379142857142856,0.2518142857142857,0.2440257142857143,0.24090571428571428,0.24065714285714285,0.23840285714285714,0.2507742857142857,0.2504542857142857,0.24668,0.2407542857142857,0.2435742857142857,0.24254000000000003,0.28541938775510206,0.2857795918367346,0.2867204081632653,0.286265306122449,0.2836520408163265,0.28348571428571423,0.2858163265306123,0.28528775510204085,0.2808683673469388,0.28472040816326527,0.28672551020408166,0.28598265306122445,0.29956428571428567,0.29903673469387754,0.30080408163265304,0.3947309523809524,0.3956071428571429,0.3961642857142857,0.39723095238095235,0.39894047619047623,0.39205952380952375,0.3942833333333333,0.3983357142857143,0.4030261904761904,0.3898690476190476,0.3885047619047619,0.3892595238095238,0.3843309523809524,0.3863547619047618,0.37707142857142856,0.2654748299319728,0.26528027210884353,0.267021768707483,0.26647687074829934,0.26652993197278907,0.26646802721088436,0.26742653061224486,0.2661353741496598,0.26590680272108846,0.26730068027210885,0.26646122448979587,0.26442993197278913,0.26464965986394556,0.2625925170068027,0.27238163265306126,Female,7,5-7,Elementary,S,NC,R16S20g7_info1_250Hz_gu2_AEP.conn
R16S22B10,R16S22b10_info1_250Hz_gu3_AEP.conn,gu3,0.3242,0.3292523809523809,0.3276714285714286,0.32192380952380956,0.3195333333333333,0.3277428571428571,0.33494285714285715,0.3361809523809524,0.33301904761904755,0.3282428571428571,0.3325190476190476,0.3300619047619047,0.3693904761904762,0.373,0.3673714285714286,0.4307885714285714,0.43232857142857145,0.43498000000000003,0.4396457142857143,0.43583999999999995,0.4313485714285714,0.4283257142857142,0.4324800000000001,0.4349457142857143,0.42780571428571423,0.4350057142857143,0.44241142857142857,0.44874285714285717,0.4567114285714286,0.45400571428571423,0.3308457142857143,0.3342485714285714,0.3344342857142857,0.33163428571428566,0.33049999999999996,0.3279628571428571,0.3261971428571428,0.32983714285714283,0.3321914285714286,0.3404371428571429,0.3410742857142857,0.3405,0.33542285714285713,0.33934571428571425,0.34818,0.444169387755102,0.4435408163265306,0.44322142857142854,0.4409091836734694,0.43904081632653075,0.4456979591836735,0.4436316326530612,0.4425724489795918,0.4401387755102041,0.44094387755102044,0.4406030612244898,0.4399530612244898,0.45828469387755094,0.4582928571428572,0.45701938775510204,0.555895238095238,0.55255,0.5487666666666666,0.5455833333333333,0.5450071428571429,0.5554476190476191,0.551152380952381,0.5513214285714285,0.551697619047619,0.5550809523809523,0.5504261904761906,0.5481166666666667,0.5542404761904762,0.5465190476190476,0.5459095238095238,0.35600068027210885,0.3537319727891157,0.35195714285714286,0.3497387755102041,0.35111088435374144,0.35359387755102045,0.352274149659864,0.35155238095238106,0.3506027210884353,0.3514204081632653,0.35069863945578233,0.348952380952381,0.34691360544217686,0.34687959183673467,0.34895170068027204,Male,10,8-12,Elementary,S,NC,R16S22b10_info1_250Hz_gu2_AEP.conn
R16E20B4,R16E20b4_info1_250Hz_gu3_AEP.conn,gu3,0.3201523809523809,0.3250571428571429,0.3184,0.3212333333333333,0.3393190476190476,0.3270809523809524,0.3324761904761905,0.33490000000000003,0.3405666666666667,0.3316857142857143,0.32577142857142855,0.3298285714285714,0.3505428571428571,0.3541285714285714,0.34590000000000004,0.4043057142857143,0.40714285714285714,0.40873428571428577,0.4107857142857142,0.4144142857142857,0.41791999999999996,0.4143057142857143,0.41453428571428574,0.42317142857142853,0.41487999999999997,0.41758285714285714,0.4173685714285714,0.44671428571428573,0.4450342857142857,0.44632285714285713,0.3637542857142857,0.36360857142857145,0.35862571428571427,0.35539714285714286,0.35435428571428573,0.3601457142857143,0.3518314285714286,0.3462171428571429,0.3533571428571428,0.3591057142857143,0.35482571428571436,0.35125714285714293,0.3575028571428572,0.3565285714285714,0.35204,0.3865295918367347,0.38465,0.3816295918367348,0.38060204081632654,0.37783469387755103,0.3878214285714285,0.38226938775510205,0.37936734693877555,0.3811714285714286,0.38590918367346944,0.38314897959183675,0.381788775510204,0.4023520408163265,0.3966857142857143,0.39677959183673467,0.4547428571428571,0.45826904761904763,0.4631523809523809,0.4635357142857144,0.45824761904761907,0.45847857142857146,0.4642547619047619,0.4670761904761906,0.46760238095238105,0.46441666666666664,0.4683,0.4657285714285713,0.4639404761904762,0.46800238095238095,0.46792857142857147,0.3661394557823129,0.36643605442176874,0.3656210884353741,0.367056462585034,0.367008843537415,0.36773741496598633,0.36665782312925166,0.36737959183673474,0.3673401360544218,0.36827959183673464,0.36767482993197287,0.3682142857142857,0.37009183673469387,0.3712319727891157,0.370070068027211,Male,4,5-7,Elementary,E,NC,R16E20b4_info1_250Hz_gu2_AEP.conn
R16A01BY08,R16A01by08_info1_250Hz_gu3_AEP.conn,gu3,0.31714761904761907,0.3181095238095238,0.31183333333333335,0.3040095238095238,0.2996666666666667,0.31199523809523816,0.30129047619047616,0.30483333333333335,0.298947619047619,0.3191142857142857,0.3101857142857143,0.3013428571428572,0.3565238095238095,0.3595285714285715,0.3446571428571428,0.39746571428571426,0.4053057142857144,0.41280857142857136,0.4058114285714286,0.40074571428571437,0.39722285714285716,0.39722285714285716,0.3975228571428572,0.39583999999999997,0.4096742857142857,0.4180628571428572,0.4113428571428572,0.4255657142857143,0.4244057142857144,0.43583999999999995,0.27587428571428574,0.2777,0.2797371428571429,0.2844028571428572,0.2814114285714286,0.28372857142857144,0.27990857142857145,0.27798285714285714,0.2789142857142857,0.2860028571428571,0.28613428571428573,0.2886628571428571,0.2827571428571429,0.27874857142857146,0.30378,0.35487244897959186,0.3578918367346939,0.3574438775510204,0.3605663265306123,0.3580479591836735,0.3559979591836734,0.35489183673469393,0.3532561224489796,0.3550755102040816,0.3588091836734694,0.3592367346938775,0.363365306122449,0.37277755102040816,0.37251122448979584,0.3750632653061225,0.4748833333333333,0.4771571428571429,0.4752357142857142,0.4751809523809523,0.4786976190476191,0.47583333333333333,0.47471904761904765,0.47428809523809523,0.4718142857142857,0.47842619047619045,0.4781976190476191,0.47927619047619047,0.4739166666666667,0.4627380952380952,0.46622619047619046,0.350778231292517,0.3493197278911564,0.3484544217687075,0.34664013605442173,0.345191156462585,0.35234013605442177,0.3498578231292518,0.3450374149659864,0.342821768707483,0.350778231292517,0.3486938775510205,0.34779115646258507,0.34057619047619053,0.3379176870748299,0.3464435374149659,Female,8,8-12,Elementary,A,NC,R16A01by08_info1_250Hz_gu2_AEP.conn
R16E10G9,R16E10g9_info1_250Hz_gu3_AEP.conn,gu3,0.39560952380952386,0.3984809523809523,0.39098571428571427,0.38208095238095235,0.3853952380952381,0.3884285714285715,0.3900047619047619,0.39202380952380955,0.3879380952380953,0.41394761904761906,0.40663333333333335,0.39645714285714284,0.4540142857142857,0.4545714285714286,0.46360952380952386,0.4888685714285714,0.4866657142857143,0.48861142857142853,0.4909257142857143,0.48968,0.4881457142857143,0.4890228571428571,0.4885514285714286,0.4889342857142857,0.4938314285714286,0.49445428571428574,0.49686285714285716,0.5228142857142857,0.5242142857142857,0.5113028571428571,0.37963714285714284,0.3732628571428571,0.37079428571428574,0.37214,0.3702114285714286,0.3841057142857142,0.3813371428571429,0.3771657142857142,0.3726542857142857,0.3741857142857143,0.36853428571428576,0.3690657142857143,0.37399142857142864,0.3679771428571429,0.3657714285714286,0.3391367346938775,0.3383326530612245,0.3368908163265307,0.33890000000000003,0.33904693877551023,0.3374387755102041,0.33496938775510204,0.33608061224489794,0.3361102040816326,0.3414173469387755,0.34117142857142857,0.3419020408163265,0.3565693877551021,0.3582948979591837,0.3587489795918367,0.4720547619047619,0.4694738095238095,0.47246666666666665,0.4733833333333333,0.47132380952380953,0.46622142857142856,0.46588095238095234,0.47093809523809527,0.4764809523809524,0.47745714285714286,0.4789595238095237,0.4781404761904762,0.4758380952380952,0.46226190476190476,0.4678833333333334,0.34796938775510206,0.3503510204081633,0.34821768707483,0.34777891156462587,0.3473054421768708,0.3491204081632653,0.3512387755102041,0.3495421768707483,0.34865578231292516,0.3525659863945579,0.3504795918367347,0.35019999999999996,0.3499326530612245,0.34837959183673467,0.3525421768707483,Female,9,8-12,Elementary,E,NC,R16E10g9_info1_250Hz_gu2_AEP.conn
R16S25B8,R16S25b8_info1_250Hz_gu3_AEP.conn,gu3,0.3311952380952381,0.3257428571428571,0.327652380952381,0.3326952380952381,0.34035714285714286,0.33542380952380957,0.3475142857142857,0.354147619047619,0.3581047619047619,0.32728571428571424,0.32793809523809525,0.3339095238095238,0.39157619047619047,0.39724761904761907,0.38994285714285715,0.4303199999999999,0.4282771428571429,0.43128571428571433,0.43730285714285716,0.43829714285714283,0.4335942857142857,0.4364714285714285,0.4404342857142858,0.44620571428571426,0.43373999999999996,0.4400142857142858,0.4445200000000001,0.46675999999999995,0.46914285714285714,0.4704828571428571,0.4191685714285714,0.41856857142857135,0.41441999999999996,0.41647428571428574,0.41578857142857145,0.40859428571428574,0.40957999999999994,0.4120742857142857,0.41764,0.4134085714285714,0.4153657142857143,0.4204942857142857,0.40421142857142855,0.40971714285714284,0.40989714285714285,0.4865479591836735,0.48487653061224495,0.48491122448979596,0.4872,0.4895316326530613,0.4921642857142857,0.49233673469387756,0.4901346938775511,0.4918510204081633,0.4890642857142856,0.48822653061224486,0.4890683673469388,0.5049102040816326,0.5021632653061224,0.5020938775510204,0.5069904761904761,0.5068595238095238,0.5097952380952382,0.509854761904762,0.5058833333333334,0.5088690476190477,0.5108190476190476,0.5141857142857144,0.517697619047619,0.5078976190476191,0.5113761904761904,0.5106238095238095,0.5096095238095238,0.5023666666666666,0.5059619047619047,0.35818231292517005,0.35822993197278913,0.3583809523809524,0.35978435374149664,0.36059387755102046,0.3616190476190476,0.3632836734693878,0.3644489795918367,0.3667687074829932,0.36141020408163266,0.36109387755102035,0.36190000000000005,0.3582537414965986,0.3596442176870748,0.3586687074829932,Male,8,8-12,Elementary,S,NC,R16S25b8_info1_250Hz_gu2_AEP.conn
R16S03B10,R16S03b10_info1_250Hz_gu3_AEP.conn,gu3,0.22963333333333333,0.22685714285714287,0.22319523809523809,0.22233333333333336,0.22910476190476192,0.23795238095238092,0.23267619047619045,0.22580952380952382,0.21895714285714285,0.23157142857142854,0.2296904761904762,0.22728571428571429,0.2878619047619047,0.28422857142857144,0.2789142857142857,0.3206171428571429,0.31963428571428576,0.31916857142857136,0.3199257142857143,0.3195685714285714,0.32247714285714285,0.3198971428571428,0.3209142857142857,0.32107714285714284,0.31741142857142857,0.3152542857142857,0.31386000000000003,0.3386085714285714,0.34047428571428573,0.33753714285714287,0.28289142857142857,0.2827542857142857,0.2780714285714286,0.27833428571428576,0.2766571428571429,0.27304285714285714,0.2726057142857143,0.27531428571428573,0.2753114285714286,0.27582,0.27043142857142854,0.26890285714285717,0.2623057142857143,0.2673571428571429,0.2720228571428571,0.3327061224489795,0.3346,0.33496938775510204,0.33575,0.33692040816326535,0.33521224489795914,0.33629591836734696,0.33608979591836735,0.3382081632653061,0.33610918367346937,0.3356561224489796,0.33549795918367353,0.3540020408163265,0.352045918367347,0.3536602040816327,0.39516904761904764,0.39114999999999994,0.3913071428571428,0.3964309523809524,0.3988619047619048,0.3902357142857143,0.38914999999999994,0.3925785714285714,0.3968380952380952,0.38837857142857146,0.3896095238095238,0.3946833333333333,0.4014952380952381,0.40046190476190474,0.3917357142857143,0.2958666666666666,0.2955394557823129,0.29327823129251707,0.29133605442176874,0.2893448979591837,0.2929326530612245,0.29419115646258504,0.2939102040816326,0.2939734693877551,0.2967190476190475,0.29514081632653066,0.294243537414966,0.2917122448979592,0.29198299319727894,0.2961843537414966,Male,10,8-12,Elementary,S,NC,R16S03b10_info1_250Hz_gu2_AEP.conn
R16S07B8,R16S07b8_info1_250Hz_gu3_AEP.conn,gu3,0.24658571428571427,0.24507142857142852,0.24131428571428573,0.23972857142857143,0.24285238095238093,0.2408095238095238,0.23251904761904763,0.2336047619047619,0.23718571428571425,0.2505761904761905,0.24660952380952383,0.2434857142857143,0.295,0.29501904761904757,0.3095904761904762,0.3220714285714286,0.32332571428571427,0.31969142857142857,0.32345142857142856,0.3250285714285714,0.32415428571428573,0.3251799999999999,0.32338,0.31949714285714287,0.3167371428571429,0.3124857142857143,0.31576,0.34284,0.34150571428571425,0.3341314285714286,0.27236000000000005,0.2731342857142857,0.2748771428571429,0.27348285714285714,0.27408000000000005,0.2786457142857142,0.2815914285714286,0.28424571428571427,0.2856142857142857,0.2698857142857143,0.27308857142857146,0.2741285714285714,0.2919542857142857,0.28885142857142854,0.2803857142857143,0.39765204081632655,0.3964285714285714,0.397484693877551,0.3976622448979592,0.398534693877551,0.40075102040816324,0.4018693877551021,0.39973367346938776,0.39965816326530607,0.4002979591836735,0.40248877551020407,0.40271122448979596,0.42037653061224484,0.4189193877551021,0.4185908163265305,0.4672523809523809,0.46851666666666664,0.4710642857142857,0.47255952380952376,0.4720904761904762,0.4684642857142857,0.4740285714285714,0.47594523809523803,0.4738880952380953,0.46854999999999997,0.4706119047619048,0.4730119047619048,0.4739952380952382,0.4629809523809523,0.45458809523809524,0.3024952380952381,0.3035319727891156,0.3060380952380953,0.3088238095238095,0.30893945578231297,0.30227687074829934,0.3024904761904762,0.3058843537414965,0.3082394557823129,0.3028421768707483,0.30380544217687083,0.30683809523809524,0.2997149659863946,0.30306190476190475,0.29892312925170067,Male,8,8-12,Elementary,S,NC,R16S07b8_info1_250Hz_gu2_AEP.conn
R16E13B5,R16E13b5_info1_250Hz_gu3_AEP.conn,gu3,0.23168095238095235,0.22887619047619046,0.2288095238095238,0.23243333333333335,0.24035714285714285,0.23623809523809525,0.23480476190476193,0.23742380952380956,0.23875238095238094,0.22362380952380953,0.22330476190476192,0.22742380952380956,0.2777380952380952,0.2780523809523809,0.26465714285714287,0.3650057142857143,0.36454,0.3641857142857143,0.36506857142857146,0.3656085714285714,0.36814857142857144,0.36976000000000003,0.3691257142857143,0.3702142857142857,0.3668942857142857,0.3668228571428571,0.36619714285714283,0.3935857142857143,0.3902114285714286,0.4005599999999999,0.4119742857142857,0.4131971428571428,0.4133457142857143,0.40938857142857144,0.40938857142857144,0.4114971428571428,0.41224285714285713,0.40886000000000006,0.4075057142857143,0.4126,0.4129514285714285,0.40862,0.4040971428571428,0.4012028571428571,0.4083171428571428,0.4550928571428572,0.4572336734693877,0.4576979591836734,0.4576989795918367,0.45713265306122447,0.4572908163265305,0.45845408163265305,0.45810408163265304,0.45851224489795916,0.45450000000000007,0.45553775510204086,0.4564693877551021,0.47061428571428576,0.47036938775510206,0.4671571428571428,0.5270642857142858,0.5269738095238096,0.52645,0.5241833333333333,0.5227642857142857,0.5335166666666665,0.534902380952381,0.5319785714285715,0.5295452380952382,0.5292142857142857,0.5291142857142858,0.5269190476190476,0.5375690476190477,0.5381738095238094,0.5339738095238095,0.34314217687074827,0.3410421768707482,0.34083129251700683,0.34134693877551014,0.341812925170068,0.3435931972789116,0.3425809523809524,0.3420850340136055,0.3429945578231292,0.34241428571428567,0.3428530612244898,0.34390884353741485,0.33939455782312933,0.33886054421768697,0.34526394557823126,Male,5,5-7,Elementary,E,NC,R16E13b5_info1_250Hz_gu2_AEP.conn
R16A02G05B,R16A02g05b_info1_250Hz_gu3_AEP.conn,gu3,0.2588047619047619,0.2607285714285714,0.2692952380952381,0.2790904761904762,0.28080952380952384,0.27761428571428576,0.2806,0.2868,0.2824857142857143,0.25555714285714287,0.267052380952381,0.2776476190476191,0.2956666666666667,0.3020142857142857,0.2984238095238095,0.3719314285714286,0.3757714285714286,0.37713142857142856,0.37157999999999997,0.36686857142857143,0.3762314285714286,0.3809857142857143,0.3821771428571429,0.37480285714285716,0.3746028571428571,0.3760514285714286,0.3731457142857143,0.4090771428571428,0.41215714285714283,0.4115285714285714,0.4459771428571429,0.44493142857142853,0.4401857142857143,0.43403714285714284,0.42628571428571427,0.4409257142857143,0.4400799999999999,0.43876857142857145,0.43177714285714297,0.4518428571428571,0.4477771428571429,0.44131428571428577,0.4357085714285714,0.4341371428571429,0.4405228571428571,0.3131979591836735,0.3122469387755102,0.31005714285714286,0.3088510204081633,0.30666938775510194,0.31129081632653055,0.3077357142857143,0.3063132653061224,0.30544285714285707,0.3091744897959184,0.30797346938775505,0.3081336734693877,0.32308775510204085,0.32179693877551024,0.3237602040816327,0.4501690476190476,0.45346904761904766,0.4549119047619048,0.45418571428571425,0.4547023809523809,0.4617785714285714,0.46117857142857144,0.46173333333333333,0.4615833333333333,0.4560976190476191,0.45788333333333336,0.4585166666666667,0.4595238095238095,0.450552380952381,0.4465047619047619,0.34711292517006803,0.3494027210884354,0.3480931972789115,0.34732380952380953,0.34662312925170075,0.34026190476190477,0.3395517006802721,0.3398700680272109,0.34252517006802724,0.34788571428571435,0.34619047619047616,0.34534149659863955,0.3373108843537415,0.33708231292517,0.3448108843537415,Female,5,5-7,Elementary,A,NC,R16A02g05b_info1_250Hz_gu2_AEP.conn
R16BF05B5,R16BF05b5_info1_250Hz_gu3_AEP.conn,gu3,0.20037619047619049,0.1999047619047619,0.19886190476190477,0.19733333333333336,0.19854761904761906,0.2027285714285714,0.20966190476190474,0.21248571428571428,0.2124095238095238,0.20100952380952383,0.19802380952380952,0.1919666666666667,0.25794761904761904,0.25666666666666665,0.2564714285714285,0.2872514285714286,0.2920657142857143,0.2980942857142857,0.30238571428571426,0.3001257142857143,0.3005542857142857,0.3040485714285714,0.3077057142857143,0.30846285714285715,0.2924342857142857,0.29662857142857146,0.29928857142857146,0.3252028571428572,0.32937142857142854,0.3245142857142857,0.3052428571428572,0.3089799999999999,0.3091171428571428,0.30444,0.2992228571428571,0.29974285714285714,0.2965542857142857,0.2962314285714286,0.2951142857142857,0.30654857142857145,0.3018942857142857,0.2933314285714286,0.2988971428571429,0.29812571428571427,0.3026028571428571,0.2572520408163265,0.2568132653061224,0.2568234693877551,0.25605714285714287,0.2552234693877551,0.26152857142857144,0.25983469387755104,0.2583377551020408,0.25822040816326536,0.25758673469387755,0.2572326530612245,0.25614285714285717,0.27276326530612244,0.2724591836734694,0.27687244897959185,0.37756904761904764,0.37981904761904767,0.38201666666666667,0.3811571428571428,0.3759166666666667,0.3703166666666667,0.3728785714285714,0.3768380952380952,0.3761333333333334,0.3855333333333333,0.38713333333333333,0.38249761904761903,0.3754976190476191,0.36409761904761906,0.3763261904761905,0.25487210884353745,0.2562020408163266,0.25697687074829934,0.25557074829931964,0.2537823129251701,0.2558503401360544,0.2566625850340136,0.2560074829931973,0.2553884353741496,0.2574374149659864,0.2586605442176871,0.2579197278911564,0.25428775510204077,0.25444217687074827,0.25790748299319716,Male,5,5-7,Elementary,S,NC,R16BF05b5_info1_250Hz_gu2_AEP.conn
R16S04G5,R16S04g5_info1_250Hz_gu3_AEP.conn,gu3,0.24575714285714287,0.24583809523809527,0.24566666666666662,0.24777142857142856,0.24636666666666665,0.2503714285714286,0.25536190476190473,0.2567714285714286,0.26771428571428574,0.23993809523809526,0.23734761904761906,0.23902380952380953,0.29895714285714287,0.29809523809523814,0.28240000000000004,0.32744285714285715,0.32582000000000005,0.3259228571428572,0.3299200000000001,0.3282314285714286,0.3410742857142857,0.34237142857142855,0.34462857142857145,0.34624,0.3261371428571428,0.3289457142857143,0.33300857142857143,0.3683914285714286,0.3696285714285714,0.35695428571428567,0.2253342857142857,0.22710857142857144,0.22678000000000004,0.22039142857142857,0.21165428571428574,0.21972857142857144,0.21607142857142855,0.21266,0.21302857142857143,0.22217142857142855,0.2237142857142857,0.21942571428571428,0.21493142857142855,0.21158571428571427,0.22096571428571427,0.3083224489795918,0.30872755102040816,0.3104887755102041,0.311784693877551,0.3114734693877551,0.3118193877551021,0.30879489795918375,0.30655306122448983,0.3055744897959184,0.31006122448979595,0.30991326530612245,0.30992040816326527,0.32458877551020404,0.3220336734693877,0.3279673469387755,0.38104285714285707,0.3863595238095238,0.38880476190476193,0.38838095238095244,0.3863857142857143,0.38493333333333335,0.385202380952381,0.3850761904761904,0.3861095238095238,0.39354285714285714,0.3958714285714286,0.39396666666666674,0.38879047619047613,0.38306190476190477,0.39563333333333334,0.2639156462585034,0.26432380952380946,0.2656537414965986,0.26474013605442176,0.26678911564625846,0.26537414965986394,0.26707210884353744,0.2672108843537415,0.2685809523809524,0.26774897959183674,0.269387074829932,0.26961360544217683,0.2684707482993197,0.2678210884353741,0.272691156462585,Female,5,5-7,Elementary,S,NC,R16S04g5_info1_250Hz_gu2_AEP.conn
R16E15G5,R16E15g5_info1_250Hz_gu3_AEP.conn,gu3,0.22129047619047618,0.2247333333333333,0.22588571428571425,0.2280333333333333,0.22746190476190475,0.21862857142857142,0.22010952380952384,0.22311904761904758,0.22197142857142857,0.22437142857142858,0.22815238095238097,0.23184285714285716,0.26326190476190475,0.2677619047619047,0.27077142857142855,0.30297142857142856,0.3061885714285714,0.3108571428571429,0.3118457142857143,0.3135457142857142,0.30178285714285713,0.2995942857142857,0.30233999999999994,0.30557142857142855,0.30620285714285717,0.3108485714285714,0.31374,0.33374000000000004,0.3349714285714286,0.3363971428571429,0.22556857142857142,0.2247114285714286,0.2249771428571429,0.22768285714285713,0.23364571428571432,0.22346571428571424,0.22608285714285717,0.22714857142857142,0.22818285714285716,0.22339714285714285,0.22387428571428575,0.22564285714285712,0.21905714285714284,0.21538857142857143,0.2244942857142857,0.27800204081632657,0.27728265306122446,0.2787275510204082,0.28044591836734695,0.28145714285714285,0.2809020408163265,0.2821244897959184,0.28194489795918365,0.2818510204081633,0.27646428571428566,0.27889387755102046,0.2810989795918367,0.29730408163265304,0.2967836734693878,0.29609897959183673,0.3986928571428572,0.39885476190476193,0.400152380952381,0.40148333333333336,0.40589761904761906,0.39654285714285714,0.39499761904761915,0.3942880952380952,0.39492857142857146,0.39787857142857147,0.39843809523809526,0.4005404761904762,0.39196666666666674,0.3897095238095238,0.39614047619047627,0.2824503401360544,0.2829748299319728,0.28313945578231287,0.28226666666666655,0.2805857142857142,0.2860775510204082,0.2839061224489796,0.2827768707482993,0.28276190476190477,0.28366734693877554,0.28365986394557824,0.2831047619047619,0.28324081632653064,0.2820639455782313,0.286230612244898,Female,5,5-7,Elementary,E,NC,R16E15g5_info1_250Hz_gu2_AEP.conn
R16S14B5,R16S14b5_info1_250Hz_gu3_AEP.conn,gu3,0.293647619047619,0.29329047619047616,0.2885857142857143,0.28548571428571434,0.2923428571428572,0.29563333333333336,0.2982238095238095,0.29396666666666665,0.2900238095238095,0.28968571428571427,0.2884761904761905,0.28847142857142855,0.32763809523809523,0.3299,0.31128571428571433,0.38689142857142855,0.38143714285714286,0.3778942857142857,0.3817371428571429,0.38314571428571426,0.38793714285714287,0.37862285714285715,0.38169428571428565,0.3846742857142857,0.3782914285714286,0.37603714285714285,0.3800742857142857,0.4008,0.4026171428571429,0.3899914285714286,0.3308428571428571,0.3250057142857143,0.3223342857142857,0.32546285714285716,0.33004,0.3181857142857143,0.31516571428571427,0.32550857142857137,0.33038,0.31716857142857147,0.3164571428571428,0.31720571428571426,0.3055228571428571,0.31788285714285713,0.3176257142857143,0.36900102040816324,0.36873571428571433,0.3722010204081633,0.3698693877551021,0.37060408163265296,0.36479285714285714,0.3666275510204082,0.3679275510204082,0.37180816326530614,0.36493061224489803,0.36905408163265313,0.36748367346938776,0.3850816326530612,0.38439693877551023,0.3917999999999999,0.41594285714285717,0.4149785714285714,0.4127166666666667,0.4142333333333333,0.41436428571428574,0.41794523809523815,0.4171214285714285,0.4140142857142857,0.41023809523809524,0.41546666666666665,0.41299285714285716,0.41326904761904765,0.410245238095238,0.403002380952381,0.4097809523809524,0.3069489795918367,0.30495170068027216,0.3005462585034013,0.30020544217687073,0.30223333333333335,0.30808095238095234,0.30689319727891157,0.3033530612244898,0.3009095238095238,0.3088707482993197,0.3044122448979592,0.3024034013605442,0.3075408163265307,0.30548027210884354,0.3081680272108843,Male,5,5-7,Elementary,S,NC,R16S14b5_info1_250Hz_gu2_AEP.conn
R16A06G10,R16A06g10_info1_250Hz_gu3_AEP.conn,gu3,0.25841428571428576,0.2592714285714286,0.2603857142857143,0.2619333333333333,0.2628238095238095,0.2678761904761905,0.26382857142857147,0.26584761904761905,0.26970476190476195,0.2632333333333333,0.2649285714285714,0.26622857142857137,0.30592380952380954,0.30783809523809524,0.32427619047619044,0.3488971428571429,0.3513828571428571,0.3502171428571429,0.34736,0.34843428571428575,0.3533657142857143,0.3540685714285714,0.35642571428571423,0.35905714285714285,0.35824571428571433,0.35676571428571424,0.35316000000000003,0.37580571428571435,0.3788714285714286,0.3748514285714286,0.27915999999999996,0.2815342857142857,0.2849114285714286,0.28618857142857146,0.28634,0.2869114285714286,0.2852228571428571,0.28950000000000004,0.2941142857142857,0.2836228571428572,0.2868257142857143,0.28819142857142854,0.27193999999999996,0.2767914285714286,0.27665142857142855,0.3310010204081632,0.33088265306122444,0.33064591836734697,0.33152857142857145,0.332815306122449,0.33585000000000004,0.3361479591836734,0.33701428571428577,0.3392224489795919,0.3325602040816326,0.3316704081632654,0.3325183673469388,0.3494908163265306,0.3506795918367347,0.3473020408163266,0.3705857142857143,0.37101428571428574,0.37069523809523813,0.3676857142857142,0.3680023809523809,0.36328095238095237,0.3610761904761905,0.3585523809523809,0.3575047619047618,0.3658166666666667,0.36400476190476194,0.3617047619047619,0.3559785714285714,0.3563190476190476,0.36605714285714286,0.29688367346938777,0.2979278911564626,0.29806462585034016,0.2977414965986394,0.2968238095238095,0.29739863945578227,0.2973761904761905,0.2967149659863946,0.2983666666666667,0.30055782312925167,0.3005945578231293,0.29974081632653066,0.28953741496598634,0.2883265306122449,0.3002925170068027,Female,10,8-12,Elementary,A,NC,R16A06g10_info1_250Hz_gu2_AEP.conn
R16E06Y08G8,R16E06y08g8_info1_250Hz_gu3_AEP.conn,gu3,0.27426666666666666,0.26743333333333336,0.2650142857142857,0.262052380952381,0.2644571428571429,0.2740190476190476,0.27270952380952385,0.2694095238095238,0.2702238095238095,0.2656238095238095,0.26341428571428566,0.2598714285714286,0.2959857142857143,0.2931142857142857,0.29473333333333335,0.2952571428571429,0.2900371428571428,0.29028571428571426,0.28548,0.2849,0.29581999999999997,0.29409428571428575,0.29736285714285715,0.29601142857142854,0.2949828571428571,0.29564,0.29446285714285714,0.31349142857142864,0.3180657142857143,0.3145971428571429,0.28132857142857143,0.2836228571428571,0.28142285714285714,0.27663142857142853,0.27674857142857145,0.27602000000000004,0.2788085714285714,0.28921142857142856,0.2845457142857143,0.2855114285714285,0.28426,0.28201714285714286,0.28346571428571427,0.2920342857142857,0.2914114285714286,0.400934693877551,0.40142448979591844,0.39982551020408164,0.3996234693877551,0.40018469387755096,0.39783163265306126,0.39751836734693885,0.4015846938775511,0.4025316326530612,0.4074867346938776,0.40567653061224496,0.40613163265306124,0.41281530612244893,0.4150642857142857,0.4181275510204081,0.4878071428571429,0.4803071428571428,0.4804309523809524,0.4820500000000001,0.4830380952380952,0.49050476190476194,0.4874761904761904,0.48065,0.47744523809523814,0.48108095238095244,0.47987142857142856,0.48045000000000004,0.48647857142857137,0.4684142857142857,0.4721571428571429,0.3168503401360545,0.31723741496598634,0.31781088435374144,0.3150394557823129,0.31552244897959186,0.31825170068027214,0.3190469387755102,0.3208020408163265,0.31925102040816333,0.323021768707483,0.3228238095238095,0.32048979591836735,0.3166850340136054,0.3195251700680273,0.32152380952380955,Female,8,8-12,Elementary,E,NC,R16E06y08g8_info1_250Hz_gu2_AEP.conn
R16S08G10,R16S08g10_info1_250Hz_gu3_AEP.conn,gu3,0.1916,0.19419047619047616,0.19772857142857145,0.20226666666666668,0.2035809523809524,0.18925714285714287,0.19300000000000003,0.19242857142857142,0.19634761904761908,0.19617142857142855,0.19915238095238094,0.2033142857142857,0.23555238095238096,0.23899523809523812,0.23923333333333333,0.28194857142857144,0.2833342857142857,0.2854514285714285,0.2886114285714286,0.28776285714285715,0.2736314285714286,0.27892285714285714,0.2837571428571429,0.28447428571428574,0.2902057142857143,0.2934685714285715,0.2955342857142857,0.3173085714285714,0.3208457142857143,0.3450714285714286,0.24396,0.24682857142857145,0.24943428571428572,0.2483857142857143,0.2509314285714286,0.2479742857142857,0.25086285714285717,0.24604285714285715,0.23899999999999996,0.24455714285714283,0.25036857142857144,0.24958,0.24909142857142857,0.24580285714285713,0.2588114285714286,0.26600306122448975,0.26662448979591835,0.2647581632653061,0.264619387755102,0.26237755102040816,0.26202142857142857,0.2623285714285714,0.26108265306122447,0.25956632653061223,0.2579448979591837,0.2563683673469388,0.2565112244897959,0.2764744897959183,0.27305408163265305,0.27528061224489797,0.3587357142857143,0.36075952380952386,0.3591690476190476,0.3564261904761905,0.36070952380952376,0.35563809523809525,0.3532714285714285,0.35508333333333336,0.35925238095238093,0.3525904761904761,0.3541190476190476,0.3536309523809524,0.35266428571428565,0.3533380952380953,0.3537166666666666,0.2973591836734693,0.30127551020408166,0.29958911564625845,0.29917278911564626,0.2993,0.30281428571428576,0.3030945578231292,0.3015074829931973,0.30194965986394556,0.296212925170068,0.2954911564625851,0.29445238095238097,0.2957938775510204,0.2954455782312925,0.2975068027210884,Female,10,8-12,Elementary,S,NC,R16S08g10_info1_250Hz_gu2_AEP.conn
R16S23G8,R16S23g8_info1_250Hz_gu3_AEP.conn,gu3,0.23761904761904762,0.2425238095238095,0.24471904761904764,0.2461952380952381,0.24200476190476186,0.23926190476190476,0.2434047619047619,0.24942380952380952,0.2521857142857143,0.2444952380952381,0.24926666666666666,0.2500428571428572,0.29801428571428573,0.3029952380952381,0.3136238095238095,0.3567485714285714,0.35897428571428575,0.35746571428571433,0.3577457142857143,0.35401714285714286,0.3574285714285714,0.3580942857142857,0.3602628571428571,0.36195142857142854,0.36254,0.36251428571428573,0.36219714285714294,0.38437428571428567,0.3840314285714286,0.3907285714285714,0.3105942857142857,0.3079142857142857,0.306,0.30318285714285714,0.3042085714285715,0.3104571428571429,0.3150371428571429,0.3182371428571428,0.32295999999999997,0.3130628571428572,0.31258571428571424,0.3100857142857143,0.33273714285714284,0.32984857142857144,0.3284371428571428,0.40979387755102037,0.40812551020408167,0.4052816326530612,0.4058102040816327,0.40579387755102037,0.40729285714285707,0.40836938775510206,0.4100908163265306,0.4120112244897959,0.4123183673469388,0.41082448979591835,0.4109867346938775,0.4317336734693878,0.4338734693877551,0.4350387755102041,0.4329619047619047,0.43158809523809527,0.431295238095238,0.4363714285714286,0.4422238095238095,0.4354452380952381,0.4355047619047619,0.4380238095238096,0.44029761904761905,0.43693095238095236,0.4354547619047619,0.4378714285714285,0.4399,0.43379523809523807,0.4326166666666666,0.34071496598639456,0.33919251700680275,0.3377013605442176,0.3367360544217687,0.33827482993197283,0.346730612244898,0.3441700680272109,0.34360952380952375,0.3427721088435374,0.34035170068027215,0.33919115646258496,0.33750408163265305,0.3355510204081633,0.335030612244898,0.33538843537414964,Female,8,8-12,Elementary,S,NC,R16S23g8_info1_250Hz_gu2_AEP.conn
R16A03G07,R16A03g07_info1_250Hz_gu3_AEP.conn,gu3,0.1872142857142857,0.18433809523809522,0.1833190476190476,0.18321904761904761,0.18303809523809522,0.17739047619047618,0.17858571428571426,0.1808047619047619,0.18431428571428574,0.19109047619047617,0.19179047619047618,0.18808095238095235,0.22623333333333337,0.2295809523809524,0.2404952380952381,0.2863,0.2860571428571429,0.2863971428571429,0.2818485714285714,0.2785742857142857,0.27427142857142855,0.27408571428571427,0.2740285714285714,0.2748714285714286,0.28849142857142857,0.2899942857142857,0.2856257142857143,0.3044114285714286,0.3045885714285715,0.31462,0.2691742857142857,0.2698999999999999,0.2663514285714287,0.2663257142857143,0.26567714285714283,0.26080857142857145,0.26108,0.25923428571428575,0.2542628571428572,0.26412,0.26121428571428573,0.2633257142857143,0.26194571428571434,0.26298857142857146,0.25105714285714287,0.22551224489795915,0.2289244897959184,0.23102346938775514,0.23269591836734693,0.23260306122448982,0.22880714285714285,0.23175102040816323,0.23218673469387754,0.22800714285714288,0.2274887755102041,0.22894387755102039,0.23093469387755103,0.24985816326530613,0.2505857142857143,0.24834489795918363,0.30597619047619046,0.31201428571428574,0.3169380952380953,0.3153642857142857,0.3114619047619048,0.3176428571428571,0.32251428571428575,0.3212738095238095,0.31445,0.31675000000000003,0.32077142857142854,0.31811190476190476,0.32257619047619046,0.32133809523809526,0.31961428571428574,0.2004938775510204,0.20413265306122444,0.20588367346938777,0.2049700680272109,0.20461088435374147,0.20120544217687072,0.20152517006802723,0.20177210884353738,0.20182925170068022,0.20504829931972784,0.2055789115646259,0.20506598639455784,0.1994204081632653,0.20065306122448984,0.20731768707482998,Female,7,5-7,Elementary,A,NC,R16A03g07_info1_250Hz_gu2_AEP.conn
R16S13B9,R16S13b9_info1_250Hz_gu3_AEP.conn,gu3,0.20395714285714284,0.20768571428571428,0.20940952380952382,0.2077285714285714,0.20373333333333332,0.20556190476190475,0.20917619047619052,0.2070142857142857,0.20290476190476192,0.20960476190476193,0.21253809523809522,0.21082380952380952,0.24554285714285715,0.24182380952380955,0.25273809523809526,0.28315142857142855,0.28245714285714285,0.28269714285714287,0.28514285714285725,0.28742,0.29147142857142855,0.29397142857142855,0.2927142857142857,0.28962857142857146,0.28843142857142856,0.28882571428571424,0.2887828571428571,0.3207400000000001,0.31672285714285714,0.31971999999999995,0.28985142857142854,0.2857171428571429,0.28114,0.28062,0.28620285714285715,0.2828142857142857,0.27840857142857145,0.27962285714285706,0.28450857142857144,0.2852714285714286,0.28279428571428566,0.28223714285714285,0.2889685714285714,0.28641714285714287,0.2977485714285715,0.36507551020408163,0.3672061224489796,0.365161224489796,0.36190102040816335,0.3609326530612244,0.3642020408163265,0.36570306122448976,0.3642408163265306,0.36375612244897954,0.36948367346938776,0.36822959183673465,0.3644928571428571,0.380184693877551,0.3778336734693877,0.3798448979591837,0.4236285714285714,0.4258380952380952,0.42726428571428565,0.4255952380952381,0.42492619047619046,0.4213071428571428,0.42564285714285716,0.42480000000000007,0.4221642857142857,0.43207380952380947,0.4323357142857143,0.4305071428571429,0.43087857142857144,0.4255690476190476,0.4222214285714286,0.33464149659863945,0.3362850340136055,0.33677074829931974,0.3367047619047619,0.3350102040816326,0.33661564625850343,0.3358387755102041,0.3359952380952381,0.33603537414965984,0.3320013605442177,0.3328537414965987,0.33310204081632655,0.3334074829931973,0.3335272108843538,0.3306312925170068,Male,9,8-12,Elementary,S,NC,R16S13b9_info1_250Hz_gu2_AEP.conn
R16BF06G8,R16BF06g8_info1_250Hz_gu3_AEP.conn,gu3,0.37673333333333336,0.3803095238095238,0.3823380952380952,0.38082857142857135,0.37586190476190473,0.37446190476190483,0.3759571428571429,0.37943333333333334,0.3845238095238095,0.37752857142857144,0.37875238095238095,0.37823333333333325,0.39786190476190475,0.400995238095238,0.3952428571428572,0.4122085714285714,0.4135457142857143,0.4144771428571429,0.41394000000000003,0.41499428571428576,0.40831999999999996,0.4136,0.4139142857142858,0.4151599999999999,0.41466285714285717,0.4153142857142857,0.4158571428571429,0.4294371428571428,0.4314542857142857,0.42568,0.40836000000000006,0.4058628571428571,0.4096742857142857,0.4173,0.41464285714285715,0.4006542857142857,0.40425428571428573,0.40766285714285716,0.41018,0.40426857142857137,0.4087657142857143,0.41451142857142853,0.4032228571428572,0.40423428571428566,0.4154971428571429,0.42524693877551023,0.42447142857142856,0.4255244897959183,0.42876734693877555,0.43077346938775507,0.42533673469387756,0.4256224489795919,0.4263561224489796,0.42840102040816336,0.42896020408163266,0.4289030612244898,0.4308602040816326,0.44652244897959176,0.4485744897959183,0.4513755102040816,0.5272071428571429,0.5268833333333333,0.5268309523809525,0.5273357142857144,0.529002380952381,0.5266190476190475,0.5277000000000001,0.5319738095238096,0.5340238095238095,0.5270095238095238,0.5275190476190477,0.5271857142857144,0.5269595238095238,0.5325142857142856,0.5204261904761905,0.44742176870748296,0.44602517006802717,0.4466374149659864,0.4477748299319727,0.44834285714285715,0.4478891156462585,0.4497972789115646,0.4529585034013605,0.4563054421768707,0.4461850340136053,0.44721836734693876,0.4487102040816327,0.4466156462585034,0.44897891156462577,0.44658095238095236,Female,8,8-12,Elementary,S,NC,R16BF06g8_info1_250Hz_gu2_AEP.conn
R16A07B12,R16A07b12_info1_250Hz_gu3_AEP.conn,gu3,0.320552380952381,0.31956666666666667,0.31885238095238094,0.3170523809523809,0.30656190476190476,0.30555238095238096,0.3178285714285714,0.3211,0.3145190476190476,0.3166571428571429,0.3179666666666667,0.31747619047619047,0.3505,0.35107142857142853,0.35325238095238093,0.39644571428571435,0.39672857142857143,0.39434857142857144,0.38960285714285714,0.38665714285714287,0.40568,0.40392,0.39686571428571427,0.3915828571428571,0.39545714285714284,0.3943257142857143,0.3918628571428572,0.4196028571428571,0.41517428571428566,0.4134971428571429,0.33008000000000004,0.33174571428571425,0.3272257142857143,0.3195800000000001,0.32004857142857135,0.3267914285714285,0.3224828571428571,0.3177485714285714,0.32352,0.32231714285714286,0.3262,0.32426571428571427,0.3283371428571429,0.3235542857142857,0.32102285714285717,0.3449071428571429,0.346911224489796,0.35033979591836734,0.3518561224489796,0.35189489795918366,0.35216326530612246,0.34860714285714284,0.3517336734693877,0.35053367346938774,0.34870408163265304,0.3526061224489796,0.3536734693877551,0.37553469387755095,0.37751632653061223,0.37464795918367344,0.34020476190476195,0.34106428571428565,0.34891904761904763,0.3559285714285714,0.36142380952380954,0.34503095238095244,0.34492142857142855,0.35054047619047624,0.35225,0.3512619047619048,0.3567952380952381,0.3601404761904761,0.35295476190476194,0.3537976190476191,0.3615119047619048,0.3352482993197278,0.33300680272108835,0.332591156462585,0.3305578231292517,0.3257380952380952,0.33351292517006803,0.3356448979591836,0.33448503401360546,0.3334952380952381,0.3366455782312925,0.3348204081632653,0.3320102040816327,0.33666802721088435,0.335461224489796,0.33688231292517007,Male,12,8-12,Secondary,A,NC,R16A07b12_info1_250Hz_gu2_AEP.conn
R16E01Y10G,R16E01y10g_info1_250Hz_gu3_AEP.conn,gu3,0.20575714285714286,0.21325238095238097,0.21243333333333334,0.21425714285714284,0.21486190476190478,0.1925333333333333,0.1942238095238095,0.19510000000000002,0.19837619047619048,0.20884761904761903,0.2066714285714286,0.20891428571428572,0.24956666666666663,0.24959999999999996,0.25074285714285716,0.31102285714285705,0.3148028571428571,0.31597714285714285,0.32103428571428577,0.32379428571428576,0.3064,0.3037,0.3003314285714286,0.3028685714285714,0.3073771428571429,0.3049542857142857,0.31183428571428573,0.3230828571428571,0.3216342857142857,0.32482285714285714,0.23935999999999996,0.23778285714285716,0.22965999999999998,0.22269428571428568,0.22846285714285713,0.2436057142857143,0.23927428571428572,0.22678571428571428,0.22035428571428567,0.23850857142857143,0.23143428571428576,0.22256,0.22850571428571426,0.22090571428571426,0.2267171428571429,0.2684642857142857,0.2688040816326531,0.2691795918367347,0.2664418367346939,0.26706020408163267,0.271284693877551,0.27317755102040814,0.27055306122448985,0.269095918367347,0.2689418367346939,0.26972755102040813,0.26567142857142856,0.28417448979591836,0.2819173469387755,0.2874142857142857,0.3813690476190476,0.3835071428571428,0.3815714285714286,0.3806619047619047,0.3827714285714286,0.38516190476190476,0.38097857142857144,0.3763071428571429,0.3743761904761905,0.38348809523809524,0.38318809523809527,0.38204285714285713,0.3829761904761905,0.37578333333333336,0.38548333333333334,0.27315714285714277,0.2738326530612245,0.2751102040816327,0.27902993197278914,0.2787639455782313,0.2766401360544217,0.27780136054421767,0.27948163265306114,0.27853877551020406,0.27590272108843533,0.27508027210884356,0.2769748299319728,0.2751353741496599,0.27562380952380955,0.2785047619047619,Female,10,8-12,Elementary,E,NC,R16E01y10g_info1_250Hz_gu2_AEP.conn
R16X01S_G10,R16x01S_g10_info1_250Hz_gu3_AEP.conn,gu3,0.2732857142857143,0.26866190476190477,0.2644095238095238,0.2629333333333333,0.2630666666666666,0.2711095238095238,0.2672095238095238,0.26298095238095237,0.2593666666666667,0.2784047619047619,0.2766619047619048,0.2747761904761905,0.3036952380952381,0.3004904761904762,0.3226904761904762,0.3908457142857143,0.3918857142857143,0.39168857142857144,0.3889314285714286,0.39204000000000006,0.3912885714285715,0.3874714285714286,0.3861514285714286,0.38745714285714283,0.3903742857142857,0.3898257142857143,0.3872342857142857,0.410357142857143,0.40932571428571424,0.4185714285714286,0.2892657142857143,0.2866057142857143,0.2832171428571429,0.27627714285714283,0.27704000000000006,0.2840714285714286,0.2816914285714286,0.27644285714285716,0.2770114285714286,0.28271714285714283,0.2788285714285715,0.2713485714285714,0.28789428571428577,0.2771371428571429,0.2815371428571429,0.25875,0.25911326530612244,0.2588244897959183,0.26086020408163263,0.2615530612244898,0.26259081632653064,0.26564795918367345,0.2657663265306122,0.2637897959183674,0.2587234693877551,0.25916224489795925,0.26211326530612244,0.2800571428571429,0.2819948979591837,0.277669387755102,0.3053619047619047,0.3098666666666667,0.31589761904761904,0.31440238095238093,0.30674761904761905,0.30838809523809524,0.30782380952380956,0.30685238095238093,0.30705476190476194,0.30650238095238097,0.31316666666666665,0.3146690476190476,0.30746428571428575,0.3110023809523809,0.3096904761904762,0.23723333333333335,0.23710612244897966,0.23519387755102045,0.236395918367347,0.23613945578231293,0.2363877551020408,0.2351163265306122,0.2325074829931973,0.23068775510204076,0.23664285714285715,0.23475238095238096,0.23632108843537414,0.23644149659863944,0.23389795918367345,0.23822108843537415,Female,10,8-12,Elementary,S,NC,R16x01S_g10_info1_250Hz_gu2_AEP.conn
R16E02Y06B,R16E02y06b_info1_250Hz_gu3_AEP.conn,gu3,0.3755380952380953,0.3792,0.3816523809523809,0.3840333333333334,0.381547619047619,0.3782714285714286,0.37810000000000005,0.3849238095238095,0.3899761904761905,0.372147619047619,0.3750380952380952,0.3794428571428572,0.38918095238095235,0.39704761904761904,0.3825,0.4735314285714285,0.4679571428571429,0.46842285714285714,0.4730742857142857,0.47388,0.4837828571428571,0.47929428571428573,0.4797342857142858,0.48114,0.47759714285714294,0.47916571428571436,0.48077142857142857,0.49529428571428574,0.49495428571428574,0.50248,0.5007628571428571,0.5015857142857142,0.49932571428571426,0.5040028571428572,0.5084914285714286,0.5014371428571428,0.5008571428571429,0.5036714285714285,0.5062599999999999,0.5084085714285715,0.5058942857142856,0.5087085714285713,0.4986028571428571,0.5005028571428571,0.504357142857143,0.41238265306122457,0.41390510204081626,0.4159938775510203,0.41710918367346933,0.4160867346938775,0.4202438775510204,0.41965408163265305,0.4182999999999999,0.41831224489795915,0.41996224489795914,0.41979795918367346,0.41952551020408163,0.4387418367346938,0.436295918367347,0.4385591836734693,0.5183547619047619,0.5212357142857142,0.5188190476190476,0.5164857142857143,0.5132404761904762,0.5249928571428571,0.5262214285714286,0.5235142857142858,0.5210166666666667,0.526709523809524,0.524,0.5211119047619047,0.5285904761904762,0.5156880952380952,0.5210261904761905,0.39583061224489785,0.3947863945578232,0.3971238095238095,0.39876802721088433,0.399904081632653,0.40381564625850347,0.40489115646258494,0.4060299319727892,0.4087034013605443,0.40218163265306117,0.40614693877551006,0.4075965986394558,0.40365102040816325,0.4039877551020408,0.411034693877551,Female,6,5-7,Elementary,E,NC,R16E02y06b_info1_250Hz_gu2_AEP.conn
R16E14B10,R16E14b10_info1_250Hz_gu3_AEP.conn,gu3,0.18757619047619048,0.18562857142857145,0.18619523809523808,0.1864,0.18790952380952378,0.18176666666666666,0.18537619047619047,0.18716190476190475,0.1859952380952381,0.18678095238095238,0.18733333333333335,0.18388095238095237,0.23414761904761905,0.23672857142857148,0.2288333333333333,0.29802000000000006,0.2966142857142857,0.2942542857142857,0.29298571428571424,0.29179428571428573,0.29105714285714285,0.2934342857142857,0.29423714285714286,0.29236571428571423,0.29804,0.29706,0.29495428571428567,0.32036000000000003,0.3224742857142857,0.3235228571428571,0.3049885714285715,0.3033228571428571,0.3037971428571428,0.3053171428571428,0.3083628571428571,0.30948571428571425,0.31148000000000003,0.3102028571428571,0.3083,0.31125142857142857,0.31216571428571427,0.31344571428571427,0.3238714285714286,0.32269999999999993,0.3206514285714286,0.3226836734693878,0.32225816326530615,0.32261428571428574,0.32294897959183677,0.3235734693877551,0.32332959183673465,0.3227153061224491,0.3218846938775511,0.3204418367346939,0.3248367346938775,0.3250928571428572,0.32517142857142856,0.339765306122449,0.33894795918367343,0.3410071428571429,0.3874595238095238,0.3885690476190476,0.39108571428571426,0.39144047619047617,0.3909333333333333,0.38250952380952374,0.3836119047619048,0.38643571428571427,0.38686904761904756,0.3903238095238095,0.38926666666666665,0.387402380952381,0.38329047619047624,0.38117142857142855,0.38163571428571424,0.26694217687074834,0.2683925170068028,0.2692659863945578,0.2690034013605442,0.26937891156462584,0.26782448979591844,0.2692707482993197,0.26990544217687074,0.2682823129251701,0.2703374149659864,0.2696340136054422,0.26997006802721096,0.2676027210884354,0.2676755102040816,0.2725,Male,10,8-12,Elementary,E,NC,R16E14b10_info1_250Hz_gu2_AEP.conn
R16E11B5,R16E11b5_info1_250Hz_gu3_AEP.conn,gu3,0.2957380952380953,0.29563333333333336,0.2938,0.2957619047619047,0.29864285714285715,0.2904809523809524,0.28564285714285714,0.2881952380952381,0.29591428571428574,0.29797142857142855,0.2969333333333333,0.29795238095238097,0.32124285714285716,0.3253238095238095,0.3321476190476191,0.3418857142857143,0.3414142857142857,0.3404628571428572,0.34056,0.3467685714285714,0.3422857142857143,0.33414,0.3324857142857143,0.33334571428571425,0.34403999999999996,0.3419142857142857,0.34104,0.36001428571428573,0.36006,0.37096,0.3269685714285714,0.33311999999999997,0.3401,0.34439714285714285,0.34346,0.33136857142857146,0.33703142857142854,0.34323428571428566,0.34364857142857136,0.33927714285714283,0.3435457142857143,0.3470685714285714,0.3499828571428571,0.3567314285714286,0.3642171428571429,0.4179091836734693,0.41973571428571427,0.4224755102040816,0.42716836734693875,0.42887142857142846,0.4199173469387755,0.4210826530612245,0.42465510204081636,0.4289714285714285,0.4241051020408163,0.42420102040816327,0.4273102040816327,0.4361214285714286,0.43883571428571433,0.4395061224489796,0.4356928571428571,0.43542142857142857,0.4348047619047619,0.43319761904761905,0.4306380952380952,0.43470952380952377,0.4339666666666666,0.4307714285714286,0.42861428571428567,0.4369880952380953,0.43451190476190477,0.43114047619047624,0.43376190476190474,0.42223809523809525,0.42842380952380954,0.3147469387755102,0.315387074829932,0.314304081632653,0.314108843537415,0.3128952380952381,0.3116006802721089,0.3126802721088435,0.3154585034013606,0.3158210884353742,0.3171156462585034,0.31568163265306126,0.31505374149659865,0.3131945578231292,0.31364761904761906,0.3151210884353742,Male,5,5-7,Elementary,E,NC,R16E11b5_info1_250Hz_gu2_AEP.conn
R16BF01B10,R16BF01b10_info1_250Hz_gu3_AEP.conn,gu3,0.34016666666666673,0.3346571428571428,0.33466190476190477,0.33655238095238094,0.3371,0.3146857142857143,0.3273761904761905,0.33451428571428576,0.3266523809523809,0.3311,0.33085714285714285,0.33563809523809524,0.36810952380952383,0.3715190476190476,0.36841428571428575,0.37086,0.37139999999999995,0.3734857142857143,0.36796285714285715,0.37596571428571435,0.3564714285714285,0.35629999999999995,0.3526885714285714,0.3564857142857143,0.37266000000000005,0.3737857142857143,0.36678571428571427,0.3789257142857143,0.3771971428571429,0.38639999999999997,0.38678,0.38755142857142855,0.39364,0.4053228571428571,0.40574571428571427,0.39906857142857144,0.40732,0.41086285714285714,0.39994857142857143,0.3940714285714286,0.39580857142857145,0.40182,0.41418857142857146,0.4143371428571429,0.4056057142857143,0.2946357142857143,0.2890591836734694,0.29417959183673464,0.2997469387755102,0.30051938775510206,0.3002204081632653,0.2973571428571429,0.30067959183673476,0.30425204081632656,0.28666224489795916,0.2879775510204082,0.2927979591836735,0.3156928571428571,0.31764183673469387,0.3016979591836734,0.38169761904761906,0.37851190476190477,0.37778571428571434,0.37938333333333335,0.3799785714285715,0.37368333333333337,0.3744071428571429,0.3805047619047619,0.38306190476190477,0.3779214285714286,0.37311428571428573,0.3734119047619047,0.36710714285714285,0.3702666666666667,0.3637666666666666,0.31347551020408165,0.3135965986394559,0.3173380952380953,0.3183761904761905,0.32110680272108844,0.31303197278911565,0.3168755102040817,0.31767823129251704,0.3180319727891157,0.315708843537415,0.3190469387755102,0.31907074829931975,0.31874489795918365,0.3184319727891156,0.3243707482993197,Male,10,8-12,Elementary,S,NC,R16BF01b10_info1_250Hz_gu2_AEP.conn
R16S12G8,R16S12g8_info1_250Hz_gu3_AEP.conn,gu3,0.27017142857142856,0.26891904761904756,0.27045238095238094,0.2710142857142857,0.2718428571428571,0.277052380952381,0.2774095238095238,0.2828380952380953,0.2867714285714285,0.27052380952380956,0.27075714285714286,0.2717952380952381,0.33178095238095234,0.3345428571428572,0.31942857142857145,0.3736514285714286,0.37535714285714283,0.3729371428571428,0.36954571428571426,0.3684542857142857,0.3787114285714286,0.3796342857142857,0.37578000000000006,0.3739514285714286,0.37054571428571426,0.36941428571428575,0.37042571428571425,0.4035285714285715,0.4004685714285715,0.39509428571428573,0.3185085714285714,0.3204685714285714,0.31834857142857154,0.3175828571428571,0.31756571428571434,0.3194028571428572,0.3204714285714286,0.3186114285714286,0.3198371428571429,0.32017999999999996,0.32148857142857146,0.3194028571428571,0.32565999999999995,0.3242342857142857,0.33118,0.39145510204081635,0.39386428571428567,0.3941214285714286,0.39494081632653055,0.39364183673469383,0.3931132653061225,0.3950112244897959,0.39306530612244905,0.3938581632653061,0.39064693877551016,0.39171836734693877,0.3917673469387756,0.40600510204081625,0.402784693877551,0.4029826530612244,0.40750714285714285,0.40582142857142856,0.4035571428571429,0.4033333333333333,0.40385714285714286,0.39845714285714284,0.3981666666666667,0.3956785714285714,0.39461428571428575,0.4021333333333333,0.40185714285714286,0.40226904761904764,0.40013095238095236,0.4074809523809524,0.4066857142857143,0.28215102040816326,0.2809462585034013,0.2791755102040816,0.2807816326530612,0.28223673469387744,0.28157210884353734,0.2794761904761905,0.27930068027210886,0.28027891156462575,0.285947619047619,0.28426394557823137,0.28538843537414976,0.28506802721088437,0.28423945578231286,0.2922727891156463,Female,8,8-12,Elementary,S,NC,R16S12g8_info1_250Hz_gu2_AEP.conn
R16S15B10,R16S15b10_info1_250Hz_gu3_AEP.conn,gu3,0.19064285714285714,0.1932047619047619,0.19533333333333336,0.19604761904761903,0.1956809523809524,0.19933333333333333,0.20255238095238096,0.20327142857142858,0.19535714285714287,0.18888095238095237,0.19247619047619047,0.1959857142857143,0.2558142857142857,0.2563952380952381,0.2427190476190476,0.27581714285714287,0.27712285714285717,0.2790971428571429,0.2777314285714286,0.2768714285714286,0.2837885714285715,0.28478857142857145,0.2830771428571429,0.2817914285714285,0.2770971428571428,0.2787314285714286,0.2789314285714286,0.3115257142857143,0.3093514285714286,0.3153,0.29593142857142857,0.30119142857142855,0.3016457142857143,0.30333142857142853,0.3011514285714286,0.29551142857142854,0.29891428571428574,0.29963142857142855,0.3005514285714286,0.29954,0.30120857142857144,0.3039457142857143,0.3063828571428571,0.30539714285714287,0.3051428571428572,0.3678234693877552,0.3683765306122449,0.36973265306122444,0.36809591836734695,0.36889897959183676,0.3716265306122448,0.37111632653061216,0.3712244897959184,0.37276428571428566,0.37092551020408165,0.3706255102040816,0.3685734693877551,0.3853367346938775,0.38431836734693875,0.38630816326530615,0.4108523809523809,0.4083523809523811,0.40630000000000005,0.4063880952380952,0.40695,0.4086214285714285,0.4077785714285715,0.406102380952381,0.40324047619047626,0.41160238095238094,0.41105714285714284,0.4117309523809524,0.4130404761904762,0.4107880952380953,0.4096333333333333,0.26663469387755107,0.2667278911564626,0.26505102040816325,0.26558979591836734,0.2670571428571429,0.2692285714285715,0.2699632653061224,0.269487074829932,0.268887074829932,0.26704421768707487,0.26637210884353746,0.2675530612244898,0.2627292517006803,0.2627380952380952,0.26437074829931967,Male,10,8-12,Elementary,S,NC,R16S15b10_info1_250Hz_gu2_AEP.conn
R16E12B9,R16E12b9_info1_250Hz_gu3_AEP.conn,gu3,0.3255047619047619,0.3229095238095238,0.32016666666666665,0.3203095238095239,0.3172333333333333,0.3037142857142857,0.29651428571428573,0.29893333333333333,0.31372380952380957,0.3198047619047619,0.31188571428571427,0.3081571428571429,0.323147619047619,0.32384285714285715,0.33580000000000004,0.3076628571428571,0.3061285714285714,0.30098,0.30284,0.3015171428571428,0.30106857142857146,0.2955342857142857,0.2926628571428572,0.29700000000000004,0.3107657142857142,0.30274,0.3018914285714286,0.31313142857142856,0.3103771428571429,0.3255285714285714,0.26848285714285713,0.26934,0.2733057142857143,0.27632285714285715,0.2769914285714286,0.2818628571428571,0.2864457142857143,0.27879428571428566,0.2726771428571429,0.2697685714285714,0.2769828571428572,0.28284571428571426,0.2903314285714286,0.28408285714285714,0.27976,0.3909653061224489,0.3936285714285714,0.3956377551020408,0.4011448979591837,0.39811632653061224,0.4014704081632653,0.39768265306122447,0.398554081632653,0.39783163265306126,0.3905540816326531,0.395,0.40321428571428575,0.41451836734693875,0.4132081632653061,0.4087336734693877,0.5134785714285713,0.5190904761904761,0.5142547619047618,0.5109571428571429,0.5060119047619047,0.5218666666666666,0.5134452380952381,0.5061785714285714,0.507652380952381,0.5128833333333334,0.5105404761904763,0.5126047619047619,0.5087785714285713,0.4918952380952381,0.5061476190476192,0.31842653061224485,0.3218448979591837,0.3235571428571428,0.32701496598639457,0.3291428571428571,0.3253945578231292,0.3250108843537416,0.32883265306122456,0.3310387755102041,0.3245605442176871,0.32634489795918376,0.3301877551020408,0.3205380952380952,0.32620204081632653,0.32692925170068027,Male,9,8-12,Elementary,E,NC,R16E12b9_info1_250Hz_gu2_AEP.conn
R16E05G10,R16E05g10_info1_250Hz_gu3_AEP.conn,gu3,0.2479904761904762,0.25011428571428573,0.2541904761904762,0.2539190476190476,0.25767142857142855,0.2622571428571429,0.2609095238095238,0.26702380952380955,0.2682523809523809,0.25624285714285716,0.2598285714285714,0.2622952380952381,0.3127952380952381,0.3142190476190476,0.30487142857142857,0.32364000000000004,0.32285714285714284,0.32382,0.32247714285714285,0.32204,0.31965714285714286,0.31773714285714283,0.3152371428571429,0.31391428571428576,0.3206057142857143,0.32239142857142855,0.32378,0.34782571428571424,0.34547714285714287,0.33598285714285714,0.22971142857142857,0.22693142857142856,0.2226571428571429,0.21978,0.21994285714285716,0.2259628571428572,0.22464571428571428,0.22394857142857144,0.22689428571428572,0.22970000000000002,0.2293657142857143,0.22524285714285713,0.22496857142857146,0.22550000000000003,0.2314,0.3064336734693877,0.3069418367346938,0.3091979591836735,0.3081010204081633,0.30743877551020404,0.3095642857142857,0.30992755102040814,0.3084377551020408,0.3065785714285715,0.31085,0.3116469387755102,0.3106591836734694,0.3261612244897959,0.32646122448979586,0.324984693877551,0.4271095238095238,0.42596904761904764,0.42942619047619046,0.4307261904761905,0.4297380952380952,0.4317,0.43392380952380954,0.43460000000000004,0.4344738095238096,0.4291666666666667,0.4336571428571428,0.434797619047619,0.43679761904761905,0.4272666666666667,0.4294880952380953,0.298908843537415,0.3005244897959184,0.30185782312925163,0.302274149659864,0.30105986394557827,0.30953401360544214,0.30835034013605445,0.3074272108843537,0.30506190476190476,0.30550476190476195,0.30488639455782307,0.3038380952380952,0.30580272108843537,0.3038965986394558,0.3068081632653061,Female,10,8-12,Elementary,E,NC,R16E05g10_info1_250Hz_gu2_AEP.conn
R16S11B10,R16S11b10_info1_250Hz_gu3_AEP.conn,gu3,0.26342380952380956,0.27950476190476187,0.2777476190476191,0.2754238095238095,0.26801428571428576,0.2741666666666666,0.279252380952381,0.27922380952380954,0.2874142857142857,0.2758238095238095,0.2733809523809524,0.2735761904761905,0.32068095238095234,0.3152333333333333,0.30971428571428566,0.35049142857142856,0.3477714285714285,0.3403114285714285,0.3417885714285714,0.3481857142857143,0.3468171428571429,0.3391085714285714,0.33991142857142853,0.34762,0.34241714285714286,0.3372371428571429,0.3426571428571429,0.3667971428571429,0.36802285714285715,0.35208285714285714,0.2637885714285714,0.25401714285714283,0.25691142857142857,0.2581942857142857,0.26028,0.2641857142857143,0.26411142857142855,0.2632342857142857,0.27034285714285716,0.25864571428571426,0.2619114285714285,0.26215428571428573,0.2587914285714286,0.2619457142857143,0.2648885714285715,0.3286581632653061,0.3245602040816326,0.32308265306122447,0.3200551020408163,0.3189051020408163,0.3236163265306122,0.32074285714285716,0.32076938775510205,0.32259183673469394,0.33076836734693876,0.3277122448979592,0.3259948979591837,0.33928673469387755,0.33992857142857147,0.34181938775510207,0.37661190476190476,0.37872380952380946,0.3765833333333333,0.37092142857142857,0.37360238095238096,0.38861428571428575,0.38785952380952377,0.3813,0.3729166666666666,0.38275952380952377,0.38057619047619046,0.3758761904761905,0.3899095238095238,0.382047619047619,0.37339285714285714,0.280956462585034,0.2851278911564626,0.28554761904761905,0.2868700680272109,0.2883659863945578,0.2893700680272109,0.29211088435374155,0.2949639455782313,0.2915088435374149,0.2881612244897959,0.2882374149659864,0.2888517006802721,0.29061224489795917,0.2931326530612245,0.29068979591836736,Male,10,8-12,Elementary,S,NC,R16S11b10_info1_250Hz_gu2_AEP.conn
R16S19B10,R16S19b10_info1_250Hz_gu3_AEP.conn,gu3,0.25088095238095237,0.2493857142857143,0.24309523809523811,0.23515714285714284,0.23593809523809525,0.24208571428571424,0.2470285714285714,0.25107142857142856,0.2493095238095238,0.25083809523809525,0.2502952380952381,0.2454571428571429,0.2939,0.2999904761904762,0.2993095238095238,0.3255571428571429,0.3246657142857142,0.3192028571428572,0.3161714285714286,0.3158314285714286,0.3228742857142857,0.3210085714285714,0.32082285714285713,0.3175857142857143,0.32241142857142857,0.3192942857142857,0.3200171428571429,0.34278857142857144,0.34230857142857146,0.35184571428571426,0.30822,0.30869142857142856,0.31037714285714285,0.31145142857142855,0.31472857142857136,0.3206914285714285,0.32256,0.3224142857142857,0.3173114285714286,0.30492857142857144,0.30873428571428574,0.31213428571428575,0.31288285714285713,0.3123914285714286,0.3112171428571428,0.38932346938775503,0.38820306122448983,0.38689999999999997,0.3883357142857143,0.38922448979591845,0.3923520408163265,0.3935785714285714,0.3956642857142857,0.39741326530612253,0.39201836734693885,0.3915459183673469,0.39199489795918374,0.40837551020408164,0.40845102040816333,0.40867653061224496,0.5089333333333333,0.5124238095238095,0.5141785714285715,0.5164333333333333,0.5176238095238096,0.5075261904761905,0.5086785714285714,0.5122119047619047,0.5167404761904763,0.5146238095238095,0.5156571428571429,0.51775,0.5083833333333333,0.5103285714285714,0.5150714285714285,0.3008884353741497,0.30208503401360537,0.3023843537414966,0.3028204081632653,0.3032768707482993,0.3026278911564626,0.30211700680272113,0.301269387755102,0.300739455782313,0.30436054421768716,0.3040299319727891,0.3045598639455782,0.3013088435374149,0.3012755102040816,0.31078503401360547,Male,10,8-12,Elementary,S,NC,R16S19b10_info1_250Hz_gu2_AEP.conn
R16S18G10,R16S18g10_info1_250Hz_gu3_AEP.conn,gu3,0.28096666666666664,0.2834857142857143,0.28757619047619043,0.2876904761904762,0.2871571428571429,0.28887619047619045,0.290347619047619,0.2874380952380952,0.2849904761904762,0.2828952380952381,0.2859380952380952,0.2875285714285714,0.3463809523809524,0.3418142857142857,0.3332809523809524,0.33578285714285705,0.3378457142857143,0.3408542857142857,0.34238285714285716,0.3411085714285714,0.34983714285714285,0.3509485714285714,0.35566285714285717,0.3533685714285714,0.33887999999999996,0.3400457142857143,0.3404114285714286,0.37470571428571425,0.3769314285714286,0.36596285714285715,0.24179428571428568,0.24375714285714284,0.2455657142857143,0.2456057142857143,0.2442542857142857,0.2435542857142857,0.24549428571428572,0.24779142857142858,0.24932571428571423,0.2437457142857143,0.2441542857142857,0.24165428571428568,0.24063428571428572,0.24104857142857142,0.24335714285714283,0.3287336734693878,0.3318448979591837,0.3339979591836734,0.33406632653061225,0.33330000000000004,0.340334693877551,0.3408969387755102,0.3390142857142857,0.33858571428571427,0.33661428571428564,0.33831224489795914,0.338030612244898,0.35813979591836725,0.3566755102040816,0.3581510204081632,0.38570952380952384,0.3821261904761905,0.38207142857142856,0.38370714285714286,0.3865904761904762,0.3836428571428571,0.3828785714285714,0.3849476190476191,0.38709047619047615,0.38284999999999997,0.38280000000000003,0.3858595238095239,0.3854666666666666,0.38454761904761897,0.3825690476190476,0.2700068027210885,0.26875306122448983,0.2697231292517006,0.2685537414965988,0.2686591836734694,0.2722544217687074,0.2723904761904762,0.2706387755102041,0.2693632653061224,0.2732632653061224,0.27394693877551024,0.272365306122449,0.2720714285714286,0.2707537414965987,0.27780544217687075,Female,10,8-12,Elementary,S,NC,R16S18g10_info1_250Hz_gu2_AEP.conn
