participant_id,filename,condition,delta_ACtL_ACrL,delta_ACtL_ACaL,delta_ACtL_ACtR,delta_ACtL_ACrR,delta_ACtL_ACaR,delta_ACrL_ACaL,delta_ACrL_ACtR,delta_ACrL_ACrR,delta_ACrL_ACaR,delta_ACaL_ACtR,delta_ACaL_ACrR,delta_ACaL_ACaR,delta_ACtR_ACrR,delta_ACtR_ACaR,delta_ACrR_ACaR,theta_ACtL_ACrL,theta_ACtL_ACaL,theta_ACtL_ACtR,theta_ACtL_ACrR,theta_ACtL_ACaR,theta_ACrL_ACaL,theta_ACrL_ACtR,theta_ACrL_ACrR,theta_ACrL_ACaR,theta_ACaL_ACtR,theta_ACaL_ACrR,theta_ACaL_ACaR,theta_ACtR_ACrR,theta_ACtR_ACaR,theta_ACrR_ACaR,alpha_ACtL_ACrL,alpha_ACtL_ACaL,alpha_ACtL_ACtR,alpha_ACtL_ACrR,alpha_ACtL_ACaR,alpha_ACrL_ACaL,alpha_ACrL_ACtR,alpha_ACrL_ACrR,alpha_ACrL_ACaR,alpha_ACaL_ACtR,alpha_ACaL_ACrR,alpha_ACaL_ACaR,alpha_ACtR_ACrR,alpha_ACtR_ACaR,alpha_ACrR_ACaR,beta_ACtL_ACrL,beta_ACtL_ACaL,beta_ACtL_ACtR,beta_ACtL_ACrR,beta_ACtL_ACaR,beta_ACrL_ACaL,beta_ACrL_ACtR,beta_ACrL_ACrR,beta_ACrL_ACaR,beta_ACaL_ACtR,beta_ACaL_ACrR,beta_ACaL_ACaR,beta_ACtR_ACrR,beta_ACtR_ACaR,beta_ACrR_ACaR,highbeta_ACtL_ACrL,highbeta_ACtL_ACaL,highbeta_ACtL_ACtR,highbeta_ACtL_ACrR,highbeta_ACtL_ACaR,highbeta_ACrL_ACaL,highbeta_ACrL_ACtR,highbeta_ACrL_ACrR,highbeta_ACrL_ACaR,highbeta_ACaL_ACtR,highbeta_ACaL_ACrR,highbeta_ACaL_ACaR,highbeta_ACtR_ACrR,highbeta_ACtR_ACaR,highbeta_ACrR_ACaR,gamma_ACtL_ACrL,gamma_ACtL_ACaL,gamma_ACtL_ACtR,gamma_ACtL_ACrR,gamma_ACtL_ACaR,gamma_ACrL_ACaL,gamma_ACrL_ACtR,gamma_ACrL_ACrR,gamma_ACrL_ACaR,gamma_ACaL_ACtR,gamma_ACaL_ACrR,gamma_ACaL_ACaR,gamma_ACtR_ACrR,gamma_ACtR_ACaR,gamma_ACrR_ACaR,gender,age,age_group,age_group_edu,lang,lang_group,file_name
R16M04G10,R16M04g10_info1_250Hz_gu2_AEP.conn,gu2,0.35164761904761904,0.34725714285714276,0.3527047619047619,0.3545809523809524,0.3609571428571428,0.3562047619047619,0.3512142857142857,0.34740952380952383,0.3493428571428572,0.3362476190476191,0.3393333333333333,0.3431333333333333,0.3831571428571429,0.37753333333333333,0.3591,0.4094371428571429,0.40878,0.4069742857142857,0.40150857142857144,0.4073714285714286,0.41429142857142864,0.4117742857142857,0.4073914285714285,0.41017714285714285,0.40093428571428574,0.3996342857142857,0.39524,0.42127428571428566,0.4215771428571428,0.41687142857142856,0.34102,0.3380828571428572,0.33110285714285714,0.31638571428571427,0.31608857142857144,0.3155,0.31436,0.3102542857142857,0.31574571428571424,0.31451142857142855,0.3103485714285715,0.29804285714285716,0.2928771428571429,0.2951971428571429,0.3123028571428571,0.2819469387755102,0.2809193877551021,0.2792051020408163,0.2786367346938775,0.27814183673469384,0.28055918367346944,0.28770714285714283,0.2838540816326531,0.28286836734693876,0.2878551020408163,0.28523877551020405,0.28062244897959177,0.29311530612244896,0.2903081632653061,0.29484285714285713,0.34014285714285714,0.3339119047619048,0.3252333333333333,0.32427619047619044,0.32795,0.3361523809523809,0.33565,0.33851904761904766,0.3391071428571429,0.33627619047619045,0.32596190476190473,0.32378095238095234,0.3460833333333333,0.35403333333333337,0.33064285714285707,0.4070755102040816,0.4040687074829931,0.3998129251700681,0.3959074829931973,0.3952360544217687,0.40124625850340145,0.4056251700680272,0.40682653061224494,0.4107231292517006,0.41482244897959175,0.408978231292517,0.4054149659863945,0.4158272108843538,0.418512925170068,0.4150972789115647,Female,10,8-12,Elementary,C,C,R16M04g10_info1_250Hz_gu2_AEP.conn
R16C07G9,R16C07g9_info1_250Hz_gu2_AEP.conn,gu2,0.2353952380952381,0.24389523809523805,0.2633333333333333,0.2638190476190476,0.2699428571428571,0.2498714285714286,0.2602047619047619,0.2519047619047619,0.2416095238095238,0.2732952380952381,0.2726142857142857,0.26268571428571424,0.28565714285714283,0.280747619047619,0.31239047619047616,0.43613999999999997,0.42946285714285715,0.41774000000000006,0.4129028571428572,0.42192857142857143,0.41150000000000003,0.42694857142857134,0.43463714285714283,0.43222000000000005,0.43966857142857146,0.42497428571428575,0.41548857142857143,0.45054285714285713,0.46146285714285706,0.43694285714285713,0.42119714285714294,0.41638285714285717,0.42415714285714295,0.4254028571428571,0.42816857142857145,0.4443371428571429,0.44132,0.43546571428571434,0.4359514285714286,0.4317285714285714,0.44185428571428564,0.43636857142857144,0.4389828571428572,0.4332057142857143,0.4492885714285714,0.29555918367346934,0.2940020408163265,0.2918510204081633,0.2922102040816327,0.2958071428571429,0.29857448979591833,0.2993336734693877,0.2996469387755102,0.29808367346938774,0.2916785714285714,0.2896632653061224,0.28764183673469385,0.28480204081632654,0.28443163265306126,0.2861724489795918,0.21787857142857145,0.22520238095238096,0.23005238095238098,0.2402238095238095,0.25580952380952376,0.24416428571428575,0.24320238095238098,0.24493571428571428,0.24341428571428572,0.222197619047619,0.22173809523809526,0.2284047619047619,0.2529142857142857,0.250502380952381,0.23384047619047618,0.32684829931972786,0.326861224489796,0.3302482993197279,0.3341972789115647,0.33327891156462586,0.3353653061224489,0.3362326530612246,0.33547278911564626,0.3339095238095239,0.3322925170068027,0.333791156462585,0.3379993197278912,0.34823809523809524,0.3427020408163265,0.3416034013605442,Female,9,8-12,Elementary,C,C,R16C07g9_info1_250Hz_gu2_AEP.conn
R16C39B10,R16C39b10_info1_250Hz_gu2_AEP.conn,gu2,0.15469047619047618,0.1530857142857143,0.15429523809523807,0.15211904761904763,0.16611428571428571,0.1479904761904762,0.15410952380952378,0.16246666666666668,0.16918571428571427,0.14133809523809523,0.1520571428571429,0.15424285714285715,0.21695238095238098,0.2207666666666667,0.19593333333333332,0.32455142857142855,0.3164857142857143,0.3150828571428571,0.3122028571428571,0.3274971428571428,0.32238,0.32354285714285713,0.3254885714285714,0.33183428571428575,0.3157142857142857,0.3166457142857143,0.31564,0.34986571428571434,0.3500485714285714,0.34636285714285714,0.29922571428571426,0.3068485714285714,0.3129314285714285,0.3154485714285714,0.3208514285714286,0.30170857142857144,0.3020371428571429,0.3105457142857143,0.3193142857142857,0.29364,0.30114857142857143,0.30955714285714286,0.30094,0.30384857142857136,0.2955257142857143,0.2381061224489796,0.23987755102040811,0.23625000000000002,0.23724489795918371,0.23548877551020403,0.23085816326530612,0.22550714285714288,0.2263040816326531,0.23062551020408165,0.2440612244897959,0.2449071428571429,0.2399520408163265,0.22238979591836733,0.2270040816326531,0.2426632653061225,0.22214047619047617,0.215497619047619,0.2104261904761905,0.21426666666666663,0.2219785714285714,0.2012047619047619,0.20411666666666664,0.2074261904761905,0.20726666666666668,0.21243095238095236,0.20963333333333334,0.21224285714285715,0.21527380952380956,0.20939761904761908,0.20900952380952378,0.253678231292517,0.2505687074829932,0.25216122448979594,0.25002040816326526,0.2524224489795918,0.24809319727891155,0.24588299319727888,0.2426292517006803,0.24626462585034015,0.25332312925170075,0.2546877551020408,0.2548244897959183,0.2564816326530612,0.2501884353741496,0.2548714285714286,Male,10,8-12,Elementary,C,C,R16C39b10_info1_250Hz_gu2_AEP.conn
R16C17B6,R16C17b6_info1_250Hz_gu2_AEP.conn,gu2,0.2523809523809524,0.24858095238095237,0.2524571428571429,0.24326666666666666,0.2432857142857143,0.23634761904761903,0.23423809523809522,0.24537619047619044,0.26512380952380954,0.2667285714285714,0.2791571428571429,0.2470190476190476,0.25560476190476195,0.24247142857142856,0.2919,0.32893142857142854,0.3230857142857143,0.3188228571428572,0.32973714285714284,0.3409114285714286,0.33493142857142855,0.3207514285714286,0.32376,0.3430742857142857,0.34446857142857146,0.3467885714285714,0.33441714285714286,0.3518428571428571,0.34629714285714286,0.37496,0.3069314285714285,0.3136057142857143,0.33070571428571427,0.3316314285714285,0.3197742857142857,0.30947142857142856,0.30434,0.3021571428571429,0.3114914285714286,0.29499714285714285,0.3119828571428572,0.32115428571428567,0.29695428571428567,0.29090285714285713,0.3098542857142857,0.26901326530612246,0.28241938775510206,0.2898081632653061,0.2884734693877551,0.2854275510204082,0.2643632653061224,0.2664173469387755,0.2645183673469388,0.2634591836734693,0.2849622448979592,0.2873561224489796,0.2872755102040817,0.26254183673469395,0.26042857142857145,0.2793612244897959,0.29037142857142856,0.29123809523809524,0.2779309523809524,0.2577309523809524,0.24617619047619047,0.2456380952380953,0.26226428571428567,0.2729,0.2836166666666667,0.30508571428571424,0.28872380952380955,0.2669761904761904,0.2748928571428571,0.2739404761904762,0.2907166666666667,0.32179183673469386,0.3341251700680271,0.33834081632653057,0.33497687074829935,0.3341095238095238,0.33568911564625853,0.3353680272108843,0.33211496598639456,0.32857823129251695,0.35080680272108844,0.35296190476190475,0.34819319727891157,0.33503673469387757,0.33305374149659867,0.34466054421768705,Male,6,5-7,Elementary,C,C,R16C17b6_info1_250Hz_gu2_AEP.conn
R16M06B06,R16M06b06_info1_250Hz_gu2_AEP.conn,gu2,0.1945095238095238,0.1921238095238095,0.18841904761904762,0.1935904761904762,0.1871095238095238,0.19071904761904765,0.18436190476190475,0.18232857142857142,0.18715238095238093,0.17448095238095238,0.17769523809523805,0.1965,0.23836666666666664,0.23954761904761904,0.2240047619047619,0.32218857142857144,0.3142028571428572,0.3164714285714286,0.3147057142857143,0.30625428571428576,0.32366857142857147,0.3365314285714286,0.33578857142857144,0.31470000000000004,0.3224342857142857,0.3203885714285714,0.3179657142857143,0.36052285714285714,0.35949428571428566,0.33858285714285713,0.3288714285714286,0.3225371428571429,0.3225314285714286,0.3226628571428571,0.3189885714285714,0.3369028571428571,0.32626000000000005,0.32852285714285717,0.3285057142857143,0.3066257142857142,0.30652571428571435,0.31505714285714287,0.3195314285714286,0.3122971428571429,0.31158857142857144,0.29450102040816334,0.28483367346938776,0.2814020408163265,0.28588469387755094,0.2972204081632653,0.3089183673469388,0.3055642857142857,0.3063234693877551,0.3059,0.2843887755102041,0.2812928571428571,0.2822214285714285,0.3094183673469387,0.3051336734693878,0.28968265306122454,0.29855000000000004,0.29293571428571424,0.27155476190476185,0.26195714285714283,0.2524571428571429,0.2662142857142857,0.2719452380952381,0.2627738095238095,0.2632738095238095,0.3186761904761905,0.30161190476190475,0.29035,0.2743690476190476,0.27268571428571425,0.2906642857142857,0.3369687074829932,0.3325448979591836,0.33290816326530615,0.3319666666666667,0.32956054421768716,0.325395238095238,0.3232136054421768,0.3140721088435374,0.31685238095238094,0.3322122448979592,0.33572312925170056,0.33771020408163255,0.31686802721088436,0.30937006802721084,0.3317353741496599,Male,6,5-7,Elementary,C,C,R16M06b06_info1_250Hz_gu2_AEP.conn
R16C37B6,R16C37b6_info1_250Hz_gu2_AEP.conn,gu2,0.2121619047619048,0.2134952380952381,0.2217714285714286,0.2226857142857143,0.22979047619047618,0.23679523809523806,0.2408809523809524,0.24531428571428573,0.24132380952380952,0.22257619047619048,0.2371952380952381,0.24280476190476188,0.2667285714285714,0.26711904761904764,0.2851619047619048,0.3422742857142857,0.36236857142857143,0.3658714285714285,0.3530742857142857,0.3521657142857143,0.34687142857142855,0.3463171428571429,0.3487085714285715,0.34293428571428575,0.35571714285714284,0.3680285714285714,0.3577914285714286,0.3662714285714286,0.36981714285714296,0.3683885714285714,0.31278285714285714,0.3162685714285714,0.31496,0.3057371428571428,0.29749428571428577,0.32354000000000005,0.3148114285714285,0.3056257142857143,0.3034685714285714,0.30908857142857143,0.30713999999999997,0.29415714285714284,0.3200657142857143,0.31012000000000006,0.29404285714285716,0.22890000000000002,0.22301020408163266,0.21967755102040812,0.21776326530612247,0.21536326530612246,0.2117836734693878,0.2100040816326531,0.20719795918367348,0.2059091836734694,0.22410306122448978,0.22640510204081638,0.22580204081632652,0.21755102040816324,0.20916836734693872,0.22712142857142856,0.22844285714285714,0.2394690476190476,0.2520761904761905,0.24931190476190476,0.25298095238095236,0.24740714285714285,0.25294761904761903,0.24712857142857145,0.23785714285714285,0.24746190476190477,0.25435,0.25440238095238094,0.25233333333333335,0.24581190476190473,0.25261190476190476,0.2946176870748299,0.29843469387755106,0.2980183673469388,0.29514829931972797,0.2968448979591837,0.3122965986394557,0.3105027210884353,0.31277755102040816,0.31074353741496596,0.29943945578231296,0.2938741496598639,0.2941027210884353,0.3212918367346939,0.32264421768707485,0.303591156462585,Male,6,5-7,Elementary,C,C,R16C37b6_info1_250Hz_gu2_AEP.conn
R16C16B07,R16C16b07_info1_250Hz_gu2_AEP.conn,gu2,0.25836666666666663,0.26646190476190473,0.2541857142857143,0.24615714285714285,0.246,0.20384761904761906,0.21387142857142857,0.2243666666666667,0.21518095238095233,0.25233333333333335,0.23015714285714287,0.21319999999999997,0.24812380952380952,0.26385714285714285,0.25558571428571425,0.3501714285714286,0.33894,0.3289142857142857,0.33006,0.33458000000000004,0.3242257142857143,0.32419714285714285,0.3291857142857143,0.32740285714285716,0.32398571428571427,0.31192,0.3081828571428572,0.3537514285714286,0.362,0.3465371428571429,0.3244571428571429,0.3119485714285714,0.29417999999999994,0.28228285714285717,0.2866314285714286,0.29488857142857144,0.2925285714285714,0.2937171428571429,0.29970285714285716,0.2926485714285715,0.27278,0.2640085714285714,0.2809428571428572,0.28338571428571424,0.2679885714285714,0.22939285714285715,0.23028163265306123,0.22604285714285716,0.22319795918367347,0.22775204081632652,0.20881020408163264,0.2112948979591837,0.21489387755102043,0.22130408163265308,0.2217163265306122,0.2160357142857143,0.22170714285714285,0.21538979591836732,0.21841836734693879,0.22098979591836737,0.20764285714285713,0.21334285714285714,0.2047404761904762,0.1910738095238095,0.18503333333333336,0.1858309523809524,0.18540476190476193,0.18885952380952378,0.19994285714285717,0.21688333333333332,0.21102142857142855,0.2038857142857143,0.1991738095238095,0.20320238095238097,0.21566904761904762,0.2789585034013605,0.27937959183673466,0.27605714285714283,0.2721578231292517,0.2699884353741496,0.2761265306122448,0.2761081632653062,0.2711544217687075,0.26462789115646257,0.2827421768707482,0.28459863945578234,0.28515170068027207,0.2916469387755101,0.28633265306122446,0.28862857142857146,Male,7,5-7,Elementary,C,C,R16C16b07_info1_250Hz_gu2_AEP.conn
R16C22G10,R16C22g10_info1_250Hz_gu2_AEP.conn,gu2,0.1892952380952381,0.1816095238095238,0.16373333333333331,0.17004285714285713,0.1937857142857143,0.1621904761904762,0.16839523809523813,0.1744619047619048,0.17322380952380953,0.17420476190476195,0.17057619047619046,0.1892,0.2105904761904762,0.2155380952380952,0.2288619047619048,0.3430742857142857,0.3500171428571429,0.3515914285714286,0.34604,0.3422142857142857,0.3241685714285714,0.3221914285714286,0.3296314285714286,0.33284285714285716,0.33909428571428574,0.33849714285714294,0.3391971428571428,0.34249999999999997,0.3493142857142857,0.36386857142857143,0.36142285714285716,0.36713428571428575,0.36766,0.36640571428571433,0.3604428571428572,0.3644971428571429,0.36367999999999995,0.3555771428571429,0.3504514285714285,0.35241428571428574,0.35387142857142856,0.3547885714285714,0.36819428571428575,0.3557457142857143,0.35248571428571424,0.2734897959183673,0.2731642857142857,0.269630612244898,0.26711020408163266,0.2645122448979592,0.2615040816326531,0.26241428571428566,0.2628418367346939,0.2572479591836735,0.2709183673469388,0.2697989795918368,0.26529489795918365,0.2624479591836735,0.2630989795918367,0.2645581632653061,0.24721190476190472,0.2464023809523809,0.24053809523809525,0.2346380952380952,0.2289404761904762,0.22412857142857143,0.2326309523809524,0.23129523809523808,0.2325261904761905,0.24875714285714282,0.2459190476190476,0.23738333333333336,0.2381857142857143,0.2336166666666667,0.23917857142857146,0.30242448979591835,0.3019551020408163,0.3016414965986394,0.2971802721088435,0.29853809523809527,0.29847346938775515,0.2988823129251701,0.2979761904761905,0.297834693877551,0.3078326530612246,0.30914965986394555,0.30383877551020405,0.30744081632653064,0.30558367346938775,0.3151897959183674,Female,10,8-12,Elementary,C,C,R16C22g10_info1_250Hz_gu2_AEP.conn
R16C03G5,R16C03g5_info1_250Hz_gu2_AEP.conn,gu2,0.2919285714285715,0.3063714285714286,0.3062714285714286,0.31520952380952383,0.3229761904761905,0.29710000000000003,0.2984047619047619,0.3167,0.31524285714285716,0.30603809523809516,0.306447619047619,0.31011428571428573,0.35550952380952383,0.3657285714285714,0.34050476190476187,0.3826057142857143,0.3792171428571428,0.38008000000000003,0.3771457142857143,0.35794000000000004,0.3651028571428571,0.36490857142857147,0.3698314285714286,0.36661142857142864,0.3809457142857143,0.37608,0.37996857142857143,0.40252571428571426,0.41100000000000003,0.40412,0.36046285714285714,0.3537742857142857,0.35985999999999996,0.35309714285714283,0.34540571428571426,0.3352142857142857,0.3323285714285714,0.33761142857142856,0.3448685714285714,0.33900857142857144,0.3439342857142857,0.3430771428571428,0.35946285714285714,0.3609114285714286,0.3245,0.30639081632653065,0.30910204081632653,0.3068071428571429,0.29942653061224483,0.30130102040816326,0.31346122448979596,0.32816632653061223,0.34174081632653064,0.334384693877551,0.31180816326530614,0.3075510204081633,0.3010397959183673,0.33753469387755103,0.34976020408163266,0.3078673469387755,0.2614071428571429,0.2608595238095238,0.26733333333333337,0.2500642857142857,0.23013095238095238,0.24650238095238095,0.25248571428571426,0.254902380952381,0.2526595238095238,0.27225238095238097,0.27772857142857144,0.2646428571428572,0.25545238095238093,0.26563809523809523,0.27013809523809523,0.3391551020408163,0.3351768707482994,0.33561564625850343,0.3313340136054422,0.3309863945578232,0.3116986394557823,0.31067346938775514,0.3201374149659864,0.3277142857142857,0.34297823129251703,0.34368027210884344,0.34317551020408166,0.32189251700680266,0.3374455782312925,0.341673469387755,Female,5,5-7,Elementary,C,C,R16C03g5_info1_250Hz_gu2_AEP.conn
R16C27M9,R16C27m9_info1_250Hz_gu2_AEP.conn,gu2,0.16022857142857141,0.15887619047619048,0.15413333333333334,0.16241904761904763,0.1576857142857143,0.1728761904761905,0.1727904761904762,0.16676190476190475,0.16598095238095237,0.1748857142857143,0.1634047619047619,0.16876666666666665,0.2020666666666667,0.20710952380952383,0.20856190476190475,0.2888914285714286,0.2852485714285714,0.2921542857142857,0.2982742857142857,0.30051999999999995,0.31634,0.3206885714285715,0.31982857142857146,0.32072,0.29822,0.30944000000000005,0.31183428571428573,0.3512342857142857,0.3507514285714286,0.3519457142857142,0.3008628571428572,0.2881114285714286,0.29201714285714286,0.29947142857142856,0.30718000000000006,0.29543428571428576,0.2985771428571428,0.29982857142857144,0.2987457142857143,0.2920971428571429,0.2942342857142858,0.29673999999999995,0.29535428571428574,0.2933914285714286,0.3038485714285714,0.23809489795918365,0.22965612244897962,0.22321836734693878,0.22138979591836735,0.2252795918367347,0.23553673469387756,0.23971938775510204,0.237984693877551,0.23998673469387755,0.22851530612244894,0.223515306122449,0.2270112244897959,0.2391448979591837,0.24014591836734692,0.2292551020408163,0.2176809523809524,0.21428333333333335,0.2149857142857143,0.21548571428571428,0.22016428571428573,0.2153047619047619,0.22288095238095237,0.23467619047619045,0.23676666666666668,0.20812619047619044,0.2103380952380952,0.20791428571428572,0.20982142857142858,0.21911428571428568,0.2068547619047619,0.2574272108843538,0.25623809523809526,0.2548789115646259,0.2601673469387755,0.25994557823129255,0.25751224489795915,0.26114421768707485,0.263678231292517,0.2650891156462585,0.26459319727891156,0.2604551020408163,0.261191156462585,0.2634714285714286,0.26715714285714287,0.2664843537414966,Male,9,8-12,Elementary,C,C,R16C27m9_info1_250Hz_gu2_AEP.conn
R16C19G8,R16C19g8_info1_250Hz_gu2_AEP.conn,gu2,0.21402857142857143,0.20321904761904763,0.1937285714285714,0.20756190476190475,0.22287619047619048,0.23567142857142862,0.22036190476190476,0.20963333333333334,0.19367619047619047,0.23484761904761906,0.22913333333333333,0.22771904761904763,0.2706142857142857,0.25766666666666665,0.281252380952381,0.33592,0.34321142857142856,0.34679142857142853,0.34327142857142856,0.34761142857142857,0.33865142857142855,0.32714,0.3135857142857143,0.31486571428571425,0.3510228571428572,0.3494542857142857,0.3395628571428572,0.34955714285714284,0.33693428571428574,0.3702371428571428,0.29849714285714285,0.30476000000000003,0.29404857142857144,0.2853571428571428,0.28583714285714285,0.2931285714285714,0.29906,0.29382571428571425,0.3047285714285714,0.29162000000000005,0.28230857142857146,0.28572285714285717,0.31284857142857136,0.3009428571428571,0.2721342857142858,0.2768204081632653,0.27975306122448973,0.28377346938775505,0.2802622448979592,0.2872030612244898,0.29080510204081633,0.2823622448979592,0.2835377551020408,0.29012857142857135,0.284265306122449,0.28276632653061223,0.2786816326530612,0.28520816326530607,0.2936530612244898,0.284454081632653,0.2607642857142857,0.2719785714285714,0.2807880952380952,0.2855285714285714,0.29428571428571426,0.29546666666666666,0.28831666666666667,0.2882095238095238,0.3030428571428571,0.27421428571428574,0.28086428571428573,0.2884880952380952,0.28814761904761904,0.3009166666666667,0.28222619047619046,0.2932231292517007,0.2938537414965987,0.2933714285714285,0.2869319727891157,0.2880537414965986,0.302065306122449,0.2972965986394558,0.293617006802721,0.2930496598639455,0.28757006802721097,0.2922965986394558,0.2911904761904762,0.30879931972789115,0.3080707482993197,0.29589863945578226,Female,8,8-12,Elementary,C,C,R16C19g8_info1_250Hz_gu2_AEP.conn
R16C26F10,R16C26f10_info1_250Hz_gu2_AEP.conn,gu2,0.2848857142857143,0.28446666666666665,0.2687047619047619,0.2564904761904762,0.25161428571428573,0.24755714285714284,0.2470380952380952,0.2462904761904762,0.25205238095238097,0.2826571428571429,0.25520952380952383,0.24572380952380954,0.2895714285714286,0.2824238095238096,0.2950238095238095,0.3536828571428572,0.3339114285714285,0.3263657142857143,0.3364371428571429,0.3531971428571429,0.33358,0.3331,0.3357457142857143,0.34486285714285714,0.33920000000000006,0.3232571428571428,0.32442000000000004,0.37966,0.3805914285714286,0.36583999999999994,0.27818,0.2878685714285715,0.2795057142857143,0.2885457142857143,0.29620857142857143,0.2782428571428571,0.2708885714285715,0.26038571428571433,0.2726628571428572,0.27869714285714287,0.27176285714285714,0.28216571428571424,0.2802171428571429,0.27450285714285716,0.28323142857142863,0.2709224489795919,0.2684336734693878,0.2629357142857143,0.2584755102040816,0.25785816326530614,0.2638632653061224,0.2602938775510204,0.25648163265306123,0.25535816326530614,0.27094591836734694,0.26297448979591836,0.26073061224489796,0.2625744897959184,0.261411224489796,0.2721918367346939,0.29475238095238093,0.2890619047619048,0.2854547619047619,0.2801357142857143,0.27494523809523813,0.30523333333333336,0.2950309523809524,0.2949857142857143,0.29282857142857144,0.2850619047619048,0.28313095238095237,0.27990476190476193,0.29324999999999996,0.2936738095238095,0.2834095238095238,0.3128136054421769,0.31095102040816325,0.30542653061224495,0.30547619047619057,0.3058408163265306,0.30982789115646264,0.30713469387755105,0.3074047619047619,0.31315034013605453,0.32173673469387754,0.3199142857142857,0.31974897959183674,0.3165904761904762,0.318365306122449,0.321030612244898,Female,10,8-12,Elementary,C,C,R16C26f10_info1_250Hz_gu2_AEP.conn
R16C15B07,R16C15b07_info1_250Hz_gu2_AEP.conn,gu2,0.21843809523809524,0.23356666666666667,0.2375142857142857,0.2411142857142857,0.24698571428571428,0.26167619047619045,0.25526190476190475,0.23931904761904765,0.2249714285714286,0.2377190476190476,0.24075238095238094,0.2490190476190476,0.2851714285714286,0.26842380952380956,0.2736952380952381,0.36622285714285713,0.36862000000000006,0.37489714285714293,0.3790028571428571,0.36411142857142864,0.37600285714285714,0.37973428571428575,0.3868485714285715,0.3810942857142857,0.36673142857142854,0.37789999999999996,0.3755085714285714,0.4019571428571429,0.4059914285714286,0.3968514285714286,0.3667314285714286,0.38557142857142856,0.39659714285714287,0.39711714285714284,0.3884742857142857,0.38367428571428575,0.3980971428571428,0.40596,0.4067457142857143,0.3799314285714286,0.3890571428571429,0.3934628571428571,0.3855085714285714,0.39148285714285713,0.3850028571428571,0.2981918367346938,0.2862602040816326,0.2853938775510204,0.28446938775510205,0.28594591836734695,0.293430612244898,0.2942755102040816,0.2994428571428571,0.3037163265306123,0.2960663265306123,0.2881173469387755,0.2749785714285714,0.2822224489795918,0.2879040816326531,0.2836418367346939,0.2682571428571428,0.26666904761904764,0.27599999999999997,0.28548333333333337,0.29261190476190474,0.29170476190476197,0.285797619047619,0.28261190476190473,0.2836809523809523,0.2637404761904762,0.27074761904761907,0.2769428571428571,0.2862238095238095,0.28596190476190475,0.29104285714285716,0.34555306122448975,0.3496061224489796,0.35533809523809534,0.3582503401360544,0.35771496598639446,0.36169115646258504,0.3620748299319728,0.3617904761904762,0.362925850340136,0.35849047619047625,0.3621598639455782,0.36412789115646266,0.3666074829931973,0.36414217687074835,0.3651659863945578,Male,7,5-7,Elementary,C,C,R16C15b07_info1_250Hz_gu2_AEP.conn
R16C20B9,R16C20b9_info1_250Hz_gu2_AEP.conn,gu2,0.18118095238095236,0.1706,0.16274761904761903,0.17192380952380948,0.17527619047619047,0.18543809523809526,0.1893,0.18713333333333337,0.1970761904761905,0.16758095238095239,0.1570190476190476,0.17067619047619045,0.22115238095238096,0.22667142857142855,0.19230952380952382,0.3220142857142857,0.31752,0.30450285714285713,0.3021885714285714,0.2900142857142857,0.29968571428571433,0.31316285714285713,0.3027771428571429,0.2922285714285714,0.30245428571428573,0.2818657142857143,0.29203142857142855,0.33174857142857145,0.3210514285714286,0.3007971428571429,0.29748,0.2927542857142857,0.2899,0.29307428571428573,0.27303714285714287,0.2986714285714286,0.29426285714285716,0.2962142857142857,0.29772,0.29704,0.2941485714285714,0.3006285714285714,0.29116857142857144,0.2925857142857143,0.3128285714285714,0.259234693877551,0.2646275510204082,0.2713938775510204,0.27289591836734695,0.27313163265306123,0.2604724489795918,0.2638183673469388,0.2648857142857143,0.262680612244898,0.2716816326530612,0.27487857142857147,0.27371122448979585,0.26079489795918365,0.26092755102040815,0.2754561224489796,0.21299047619047617,0.20529285714285714,0.20063095238095238,0.19715000000000002,0.20373809523809525,0.20741666666666667,0.20499761904761904,0.20283809523809526,0.19296904761904762,0.21011904761904762,0.2094642857142857,0.20923809523809522,0.20791904761904764,0.20197857142857145,0.21350714285714287,0.28431632653061223,0.2869380952380953,0.28561224489795917,0.28335578231292513,0.27902040816326534,0.2769102040816327,0.2693850340136055,0.2606204081632653,0.26409047619047615,0.29349047619047625,0.29284625850340135,0.2860489795918368,0.2896340136054421,0.27946530612244896,0.2918687074829932,Male,9,8-12,Elementary,C,C,R16C20b9_info1_250Hz_gu2_AEP.conn
R16C18B7,R16C18b7_info1_250Hz_gu2_AEP.conn,gu2,0.3291428571428571,0.3240476190476191,0.332152380952381,0.3200761904761905,0.3182,0.3352142857142857,0.3440476190476191,0.35037142857142856,0.3499333333333334,0.32883333333333337,0.3379857142857143,0.3364714285714286,0.3868238095238095,0.3868142857142858,0.3855476190476191,0.4827,0.4752371428571429,0.46413142857142853,0.4653257142857143,0.48483428571428566,0.49361714285714287,0.5026514285714285,0.49390285714285725,0.47234571428571426,0.4802428571428572,0.4717285714285714,0.47376000000000007,0.5085999999999999,0.5018314285714285,0.4967428571428572,0.4429542857142857,0.43951714285714283,0.43764571428571425,0.44292857142857145,0.44502571428571436,0.4489599999999999,0.4567514285714286,0.45387714285714287,0.4573657142857142,0.4484057142857143,0.44270571428571426,0.44652285714285717,0.4437485714285714,0.43316,0.46303142857142854,0.3763571428571429,0.3839142857142857,0.3882265306122448,0.39542755102040816,0.40031734693877546,0.38292755102040815,0.38962346938775516,0.3906255102040816,0.3858571428571428,0.3974551020408163,0.4023091836734693,0.3986051020408163,0.38939183673469385,0.3921489795918367,0.39322040816326537,0.37072857142857146,0.3742833333333333,0.3745190476190476,0.3850571428571428,0.38880714285714285,0.37266666666666665,0.37738571428571427,0.3830833333333334,0.3749166666666666,0.39435714285714285,0.39007619047619047,0.39188809523809526,0.37903809523809523,0.3838928571428571,0.3869547619047619,0.3832544217687075,0.38320340136054426,0.38684217687074834,0.3929666666666667,0.3994775510204081,0.3947965986394557,0.39265034013605443,0.3884843537414967,0.38991632653061226,0.39866530612244894,0.3977108843537416,0.40038571428571434,0.4004455782312926,0.39418299319727895,0.4028816326530612,Male,7,5-7,Elementary,C,C,R16C18b7_info1_250Hz_gu2_AEP.conn
R16MME07GU_F10,R16mme07gu_f10_info1_250Hz_gu2_AEP.conn,gu2,0.2454333333333333,0.2602380952380952,0.26794285714285715,0.2592761904761905,0.24167142857142856,0.23937619047619044,0.24403333333333332,0.2432761904761905,0.23157142857142854,0.2583285714285714,0.2709619047619048,0.26143333333333335,0.28724285714285713,0.2804952380952381,0.2985571428571429,0.3460885714285714,0.3517428571428572,0.34944857142857144,0.34954,0.3646628571428572,0.35479142857142854,0.3611142857142857,0.35690285714285713,0.3517457142857142,0.3571371428571428,0.3531714285714286,0.34671142857142856,0.3818457142857143,0.3763342857142857,0.37777714285714287,0.36465999999999993,0.3649114285714286,0.37214857142857144,0.3799828571428572,0.3821514285714286,0.3613342857142857,0.36174,0.3585457142857143,0.3594828571428571,0.38440857142857143,0.3841142857142857,0.37942,0.36983714285714286,0.3664228571428571,0.3874657142857142,0.3202275510204081,0.3222602040816326,0.32859387755102043,0.3250377551020408,0.322345918367347,0.31537448979591837,0.31833979591836725,0.3272244897959184,0.3273428571428571,0.3273020408163266,0.33133571428571423,0.33472448979591835,0.3313969387755102,0.33347959183673465,0.3365265306122449,0.27289761904761906,0.27950238095238095,0.28014047619047616,0.27340476190476193,0.27175238095238097,0.26852380952380955,0.2666380952380953,0.2607095238095238,0.2629642857142857,0.2876357142857143,0.2814595238095238,0.27425000000000005,0.27926190476190477,0.2717309523809524,0.29725952380952386,0.29853741496598646,0.29720204081632656,0.29739251700680264,0.2951707482993198,0.2918394557823129,0.28891700680272114,0.29036326530612244,0.29818435374149654,0.2953734693877551,0.30108843537414964,0.3012149659863945,0.3004585034013606,0.2965612244897959,0.3048238095238095,0.29787755102040814,Female,10,8-12,Elementary,C,C,R16mme07gu_f10_info1_250Hz_gu2_AEP.conn
R16C32B08,R16C32b08_info1_250Hz_gu2_AEP.conn,gu2,0.2482619047619048,0.24468571428571426,0.25394761904761903,0.24884285714285714,0.2314142857142857,0.2467285714285714,0.2402238095238095,0.24038095238095236,0.2514,0.24391428571428575,0.23809047619047619,0.23347142857142855,0.28789523809523815,0.2848190476190476,0.2653190476190476,0.3940742857142857,0.38281714285714286,0.3799114285714286,0.3776342857142857,0.3727628571428571,0.3958514285714285,0.3998571428571428,0.40006285714285716,0.39070285714285713,0.38527428571428574,0.37308285714285716,0.37042857142857144,0.4192514285714285,0.42224571428571434,0.39950857142857144,0.3883,0.3952685714285714,0.38937714285714287,0.3810914285714285,0.3703142857142857,0.35815142857142857,0.35633428571428566,0.3666285714285714,0.38040285714285715,0.3858342857142857,0.38184285714285715,0.37592,0.34768571428571426,0.3634285714285715,0.3770057142857143,0.27299591836734693,0.2701918367346939,0.27564693877551016,0.27756428571428565,0.27413163265306123,0.26739999999999997,0.27072551020408164,0.26618571428571425,0.2715142857142857,0.26855,0.2714765306122449,0.2744285714285714,0.2710081632653062,0.2703908163265306,0.27853979591836736,0.2867547619047619,0.2893476190476191,0.28736904761904764,0.28704999999999997,0.2847095238095238,0.28205714285714284,0.2848857142857143,0.2899047619047619,0.29128333333333334,0.2970404761904762,0.2929690476190476,0.29904523809523803,0.285102380952381,0.2967166666666667,0.28765476190476186,0.3274952380952381,0.32881360544217686,0.32626734693877557,0.3212367346938776,0.3154401360544218,0.3130918367346938,0.320421768707483,0.3202238095238095,0.3181047619047619,0.3367238095238094,0.332656462585034,0.32420204081632653,0.3322945578231293,0.33179659863945576,0.3404156462585034,Male,8,8-12,Elementary,C,C,R16C32b08_info1_250Hz_gu2_AEP.conn
R16C06B16,R16C06b16_info1_250Hz_gu2_AEP(1).conn,gu2,0.30248571428571425,0.31299047619047615,0.3098476190476191,0.3122857142857143,0.3113571428571429,0.3120095238095238,0.3074571428571429,0.3013,0.30009523809523814,0.3098904761904762,0.3167761904761905,0.3273619047619047,0.3353333333333333,0.3270095238095238,0.3531190476190476,0.37530285714285716,0.38626285714285713,0.3998514285714286,0.4091514285714286,0.40977428571428565,0.3898371428571429,0.39282000000000006,0.39321142857142855,0.40008285714285713,0.3879485714285714,0.4025914285714286,0.4074257142857142,0.41665714285714284,0.4072514285714286,0.42204571428571436,0.2866714285714285,0.2823428571428571,0.2839857142857143,0.2799771428571428,0.2758771428571429,0.2774257142857143,0.2758028571428571,0.2869885714285714,0.2994885714285714,0.26636,0.27212000000000003,0.27380857142857146,0.2740771428571428,0.27885142857142864,0.2654285714285714,0.20588469387755098,0.20297959183673475,0.20434387755102043,0.210954081632653,0.20589591836734697,0.20622244897959183,0.2110979591836735,0.20808571428571435,0.20956020408163265,0.19706938775510205,0.19486530612244896,0.2046234693877551,0.2055520408163265,0.20450918367346935,0.19437142857142858,0.20327380952380955,0.21053809523809527,0.21972619047619046,0.21821904761904762,0.20041666666666666,0.19131666666666666,0.19451190476190475,0.1877404761904762,0.18166190476190477,0.20673809523809528,0.20872619047619048,0.21366428571428572,0.20877380952380956,0.20206190476190475,0.20489047619047618,0.2759646258503402,0.2794721088435374,0.2743972789115646,0.27472517006802727,0.27909183673469384,0.27326938775510207,0.2765292517006803,0.2797149659863946,0.2769816326530612,0.2868204081632653,0.2801204081632652,0.27786666666666665,0.2894510204081633,0.2941278911564626,0.28957891156462584,Male,16,Teen,Secondary,C,C,R16C06b16_info1_250Hz_gu2_AEP(1).conn
R16C14B07,R16C14b07_info1_250Hz_gu2_AEP.conn,gu2,0.2105095238095238,0.22658095238095236,0.2400523809523809,0.23592380952380954,0.23653333333333335,0.23726666666666665,0.21285238095238093,0.21959523809523807,0.2250857142857143,0.2196761904761905,0.22433809523809525,0.2278238095238095,0.2519952380952381,0.2608333333333333,0.2708190476190476,0.37688571428571427,0.3699257142857143,0.36293142857142857,0.36910857142857145,0.37478857142857147,0.38774000000000003,0.3867171428571428,0.3853685714285714,0.3852685714285714,0.37500857142857136,0.3700771428571428,0.3751657142857142,0.4188657142857143,0.4054628571428571,0.3932342857142857,0.39526000000000006,0.3963314285714286,0.39935428571428566,0.3962714285714286,0.3933428571428571,0.3699057142857143,0.3768742857142857,0.37939142857142855,0.3771114285714286,0.39941428571428567,0.4042914285714286,0.39848,0.37204571428571426,0.37686571428571425,0.38965999999999995,0.35259081632653055,0.3550897959183673,0.3573816326530613,0.3565571428571429,0.3446989795918367,0.34143979591836743,0.3421295918367347,0.33837040816326536,0.3383653061224489,0.354695918367347,0.358234693877551,0.35301326530612237,0.3343622448979592,0.33013163265306117,0.346280612244898,0.26987619047619044,0.28267619047619047,0.28331190476190476,0.28034761904761907,0.27417142857142857,0.2672642857142857,0.2725690476190476,0.28242619047619044,0.28815714285714283,0.29039047619047614,0.2918119047619048,0.2845619047619048,0.2755357142857143,0.2832095238095238,0.27847380952380946,0.3374333333333333,0.340108843537415,0.34118503401360545,0.34074557823129253,0.3416469387755101,0.3343061224489795,0.33513537414965977,0.3398353741496599,0.339770068027211,0.34748707482993196,0.3469517006802721,0.34394285714285716,0.3448925170068027,0.34648299319727893,0.3463061224489796,Male,7,5-7,Elementary,C,C,R16C14b07_info1_250Hz_gu2_AEP.conn
R16ME08_F10,R16me08_f10_info1_250Hz_gu2_AEP.conn,gu2,0.4718380952380952,0.4635619047619047,0.45570952380952384,0.4510095238095238,0.4746761904761905,0.4519285714285714,0.45079047619047624,0.44894285714285714,0.45495714285714284,0.470747619047619,0.461047619047619,0.45493333333333336,0.4668666666666667,0.4614666666666667,0.4869904761904762,0.5180542857142857,0.5089657142857144,0.5026828571428572,0.49792571428571425,0.5036771428571428,0.49723428571428574,0.5017714285714285,0.5087085714285714,0.5149171428571429,0.51344,0.5018428571428573,0.49288571428571426,0.5076142857142857,0.5092057142857144,0.5153628571428571,0.3769828571428572,0.3758457142857143,0.3784142857142857,0.3887371428571428,0.3949828571428572,0.4122,0.41477142857142857,0.4103714285714286,0.4071228571428572,0.37371999999999994,0.37416857142857146,0.3792028571428571,0.41816571428571425,0.41285428571428573,0.3824171428571429,0.3859193877551021,0.3879704081632653,0.3863275510204081,0.3918173469387755,0.39289387755102034,0.3769071428571428,0.37811326530612244,0.3792857142857143,0.3831795918367347,0.3975948979591836,0.39488673469387753,0.39554795918367347,0.38651122448979586,0.3868897959183673,0.39831224489795913,0.35610952380952376,0.3492928571428571,0.33590476190476193,0.33970476190476195,0.3453595238095238,0.35272619047619047,0.34564285714285714,0.3418333333333334,0.3381,0.3635928571428571,0.3515809523809524,0.348797619047619,0.3620142857142857,0.3594380952380953,0.3527357142857143,0.4243428571428571,0.42372585034013616,0.4257020408163265,0.4273360544217687,0.4282741496598639,0.4205278911564626,0.4174251700680272,0.4165224489795918,0.4176421768707483,0.4311299319727892,0.43134625850340147,0.4307414965986394,0.42808571428571424,0.4269591836734694,0.4365850340136054,Female,10,8-12,Elementary,C,C,R16me08_f10_info1_250Hz_gu2_AEP.conn
R16C34B06,R16C34b06_info1_250Hz_gu2_AEP.conn,gu2,0.1396047619047619,0.13135238095238097,0.1323095238095238,0.13876666666666662,0.14242380952380954,0.1547952380952381,0.15102380952380953,0.1449809523809524,0.14574761904761904,0.12243809523809523,0.12976190476190477,0.1426666666666667,0.18518095238095236,0.18134761904761906,0.1777904761904762,0.2735428571428572,0.2705485714285714,0.26852,0.2713971428571429,0.2794314285714286,0.2743714285714286,0.27334857142857144,0.27080000000000004,0.2704514285714286,0.26792285714285713,0.26358571428571426,0.2671685714285714,0.28998857142857143,0.28871428571428576,0.2911314285714286,0.3614514285714285,0.36419428571428575,0.3660257142857143,0.3628114285714286,0.3578342857142857,0.36802285714285715,0.37031714285714284,0.3732714285714286,0.37461142857142854,0.3564857142857143,0.3541885714285714,0.35046571428571427,0.3727057142857143,0.37666285714285713,0.34971428571428576,0.2726969387755102,0.27665,0.27664285714285713,0.27555510204081635,0.27488469387755105,0.2899244897959183,0.2867602040816326,0.2835622448979592,0.27906530612244895,0.28004591836734694,0.28163775510204087,0.272634693877551,0.2757,0.2734020408163266,0.2710336734693878,0.2258595238095238,0.21875,0.21418333333333336,0.21581666666666666,0.21718333333333337,0.20259047619047618,0.2031690476190476,0.2116595238095238,0.21310238095238096,0.2292,0.22622142857142857,0.22564047619047614,0.22032619047619048,0.2278880952380952,0.2403785714285714,0.2831047619047619,0.28582653061224483,0.28923265306122453,0.29291088435374146,0.29227619047619047,0.2856591836734694,0.2865768707482993,0.2860061224489796,0.2856714285714285,0.2896585034013605,0.29331156462585034,0.2977891156462585,0.3029829931972789,0.3000625850340136,0.2990612244897959,Male,6,5-7,Elementary,C,C,R16C34b06_info1_250Hz_gu2_AEP.conn
R16C05B13,R16C05b13_info1_250Hz_gu2_AEP.conn,gu2,0.20409047619047618,0.19304761904761905,0.18176666666666666,0.18097619047619048,0.19604761904761903,0.1910952380952381,0.2017,0.2102047619047619,0.21784285714285712,0.20701904761904763,0.18609523809523812,0.18457619047619048,0.2389904761904762,0.2501380952380952,0.24643809523809526,0.32902571428571425,0.3248457142857143,0.32030857142857144,0.32532,0.3333028571428571,0.3389028571428571,0.344,0.3441085714285714,0.34494857142857144,0.3447685714285714,0.33605142857142856,0.33700857142857144,0.37740571428571423,0.37756,0.3691428571428571,0.3164485714285714,0.31325714285714285,0.3053228571428571,0.3048228571428572,0.30732,0.3225542857142857,0.32734857142857143,0.32863999999999993,0.33198,0.31183142857142854,0.31026571428571426,0.3137142857142857,0.3153114285714285,0.31456,0.3197571428571428,0.21997244897959187,0.2119938775510204,0.20712653061224492,0.20719387755102042,0.21425612244897957,0.21728775510204085,0.21643469387755104,0.2154530612244898,0.2164418367346939,0.20839897959183667,0.2032714285714286,0.20559387755102038,0.2070540816326531,0.20865918367346942,0.20447142857142858,0.2082238095238095,0.19205714285714284,0.1919761904761905,0.19551666666666664,0.19792380952380953,0.20462619047619046,0.2147904761904762,0.21263333333333334,0.20591190476190477,0.19781428571428572,0.19147857142857147,0.1932095238095238,0.2195404761904762,0.21882380952380953,0.19214761904761904,0.2665482993197278,0.2652857142857143,0.26710612244897963,0.26913605442176863,0.2705176870748299,0.287978231292517,0.28856462585034015,0.28271428571428575,0.27337823129251704,0.2700190476190476,0.272543537414966,0.27510340136054423,0.29829795918367347,0.29225306122448974,0.2800244897959183,Male,13,Teen,Secondary,C,C,R16C05b13_info1_250Hz_gu2_AEP.conn
R16C21G7,R16C21g7_info1_250Hz_gu2_AEP.conn,gu2,0.20877142857142858,0.2195952380952381,0.21820952380952377,0.19873333333333332,0.21025714285714284,0.2536428571428571,0.2564761904761905,0.2412761904761905,0.24526666666666672,0.21545714285714287,0.23804761904761906,0.24231904761904763,0.2811095238095238,0.27204761904761904,0.29563333333333336,0.36456571428571427,0.3647628571428571,0.3398514285714285,0.32820285714285713,0.36381142857142856,0.3763371428571428,0.3768371428571429,0.36486,0.3570714285714286,0.3794371428571429,0.36394571428571426,0.36372,0.4028828571428572,0.40311142857142856,0.39914571428571427,0.35153999999999996,0.3453428571428571,0.3375485714285714,0.34132285714285715,0.3663228571428572,0.34884857142857145,0.34542,0.3352714285714286,0.3414257142857142,0.33151142857142857,0.3326085714285715,0.3487457142857143,0.33884,0.3308285714285714,0.34936000000000006,0.2889489795918367,0.28681326530612244,0.2769397959183673,0.2688959183673469,0.2657622448979592,0.2500734693877551,0.2559673469387755,0.26146938775510203,0.2719142857142857,0.27432551020408164,0.27161224489795915,0.26685714285714285,0.259580612244898,0.27483367346938775,0.28247755102040817,0.3238857142857143,0.3181333333333333,0.30250238095238097,0.30009285714285716,0.29449285714285717,0.31124285714285715,0.31652380952380954,0.3121761904761905,0.31686428571428576,0.3306428571428572,0.32434999999999997,0.3197738095238095,0.3291190476190476,0.3320238095238095,0.3161142857142857,0.3413965986394558,0.33485986394557826,0.3424816326530612,0.34825510204081633,0.3514299319727891,0.3505442176870747,0.3397136054421769,0.33934421768707485,0.34575578231292514,0.3475210884353741,0.3527204081632653,0.35304149659863954,0.3565571428571429,0.3508945578231292,0.3589340136054423,Female,7,5-7,Elementary,C,C,R16C21g7_info1_250Hz_gu2_AEP.conn
R16C08G09,R16C08g09_info1_250Hz_gu2_AEP.conn,gu2,0.22625238095238095,0.24500000000000002,0.2711333333333333,0.28591904761904763,0.2734238095238095,0.23987142857142854,0.2267904761904762,0.23073809523809521,0.23858095238095242,0.24934285714285712,0.2654047619047619,0.2759142857142857,0.2623761904761905,0.27183809523809527,0.29566190476190474,0.39507714285714285,0.3990514285714285,0.41091714285714287,0.4170885714285714,0.41934571428571427,0.39778285714285716,0.39699142857142855,0.4033828571428571,0.40650000000000003,0.4058628571428572,0.41782571428571424,0.42453714285714295,0.4271628571428572,0.4361542857142857,0.43788,0.33240857142857144,0.3306228571428572,0.34036285714285713,0.34481142857142866,0.34727142857142856,0.32546285714285716,0.33300857142857143,0.33985714285714286,0.34098285714285714,0.32402857142857144,0.3400742857142857,0.3535885714285714,0.32864,0.3312942857142857,0.3430171428571428,0.2977724489795918,0.29589897959183675,0.3005377551020408,0.302695918367347,0.3119551020408164,0.3154275510204081,0.31531938775510204,0.31225204081632646,0.3049204081632653,0.2920173469387755,0.2967826530612245,0.2984091836734693,0.29210408163265306,0.2960551020408163,0.29374387755102044,0.2888928571428571,0.2941166666666667,0.2961,0.2879904761904762,0.28605714285714284,0.26999761904761904,0.26586666666666664,0.27590714285714285,0.2906285714285714,0.29725,0.29396190476190476,0.28280714285714287,0.2632976190476191,0.2624190476190476,0.28517380952380955,0.28861360544217685,0.2896700680272109,0.28842176870748304,0.27713673469387756,0.2734993197278911,0.28340408163265307,0.28733945578231296,0.293791156462585,0.2996108843537415,0.2905789115646258,0.2905632653061224,0.2859054421768707,0.2928108843537415,0.29486598639455786,0.2851061224489796,Female,9,8-12,Elementary,C,C,R16C08g09_info1_250Hz_gu2_AEP.conn
R16C04B13,R16C04b13_info1_250Hz_gu2_AEP.conn,gu2,0.23743809523809523,0.2396952380952381,0.2431428571428571,0.23660000000000003,0.2252333333333333,0.25673809523809527,0.2601952380952381,0.25774761904761906,0.25229047619047623,0.24821428571428572,0.24165714285714288,0.22552857142857144,0.29437142857142856,0.3004857142857143,0.2778428571428571,0.37913428571428576,0.3803514285714286,0.37970000000000004,0.3770371428571429,0.36812000000000006,0.36933714285714286,0.37411142857142854,0.38285142857142856,0.3842714285714286,0.3728571428571429,0.3677,0.36798857142857144,0.3954942857142857,0.4042914285714286,0.38811999999999997,0.30618571428571423,0.31700000000000006,0.3343742857142857,0.3365285714285714,0.3246914285714286,0.3192085714285714,0.31107714285714283,0.30653142857142857,0.31718857142857143,0.3041885714285714,0.31698000000000004,0.32496285714285716,0.30774571428571423,0.30347714285714283,0.3205342857142857,0.3087224489795918,0.31223469387755104,0.31522448979591833,0.31652959183673474,0.32099183673469384,0.31284081632653066,0.31067346938775514,0.31345510204081634,0.3228897959183673,0.32057857142857143,0.3231836734693877,0.31784285714285715,0.30236326530612245,0.3117632653061224,0.3247091836734693,0.3071,0.3119571428571428,0.31850952380952385,0.31352857142857143,0.3008047619047619,0.30004285714285717,0.29793095238095235,0.2956190476190476,0.2931119047619047,0.3176428571428571,0.323602380952381,0.3166047619047619,0.2995238095238095,0.30514047619047613,0.3088380952380952,0.3092224489795919,0.309525850340136,0.3080714285714286,0.30776462585034015,0.30889659863945573,0.30331564625850344,0.3073612244897958,0.31088775510204086,0.31072312925170076,0.31779387755102034,0.3113013605442177,0.30849455782312923,0.3133551020408163,0.31615510204081626,0.31611700680272115,Male,13,Teen,Secondary,C,C,R16C04b13_info1_250Hz_gu2_AEP.conn
R16C38G6,R16C38g6_info1_250Hz_gu2_AEP.conn,gu2,0.26945238095238094,0.2591380952380952,0.24736190476190476,0.2340857142857143,0.23058095238095241,0.24897142857142862,0.2479714285714286,0.2509571428571429,0.2535523809523809,0.2559857142857143,0.2391095238095238,0.22613809523809528,0.27361428571428575,0.2695095238095238,0.2664571428571429,0.28736285714285714,0.28776857142857143,0.2885371428571428,0.2946914285714286,0.2902828571428572,0.3068342857142857,0.30482571428571426,0.30476285714285717,0.2960314285714286,0.28728857142857145,0.29046,0.29347142857142855,0.31527142857142854,0.32515714285714287,0.3295914285714286,0.24492000000000003,0.25908000000000003,0.2566342857142857,0.2674742857142857,0.2743685714285714,0.26474,0.2791314285714286,0.2760485714285714,0.27220857142857147,0.27354,0.27528857142857144,0.2865771428571428,0.28404285714285715,0.28470571428571423,0.28802,0.25015714285714286,0.2591785714285714,0.24531530612244898,0.2363397959183673,0.2307642857142857,0.23511326530612245,0.23328367346938772,0.23334693877551022,0.2307193877551021,0.2557857142857143,0.24511530612244897,0.24488061224489796,0.24009693877551025,0.23735816326530612,0.2463,0.2255238095238095,0.23402619047619044,0.23631904761904762,0.25097857142857144,0.2394261904761905,0.23281666666666667,0.22809285714285718,0.2200357142857143,0.21077380952380953,0.24147142857142856,0.23557142857142857,0.2368714285714286,0.22939523809523807,0.22299761904761903,0.21250714285714287,0.27914965986394563,0.2782034013605442,0.284139455782313,0.28897142857142855,0.287421768707483,0.2971197278911565,0.2923156462585034,0.2936877551020408,0.28586394557823125,0.28181224489795914,0.28978367346938777,0.29461700680272107,0.29551768707482995,0.29737823129251706,0.3016537414965986,Female,6,5-7,Elementary,C,C,R16C38g6_info1_250Hz_gu2_AEP.conn
M01Y09CB,M01y09cb_info1_250Hz_gu2_AEP.conn,gu2,0.3133857142857143,0.30649047619047615,0.31025714285714284,0.327647619047619,0.3394857142857142,0.3175761904761905,0.31273333333333336,0.31807619047619046,0.3224761904761904,0.2990904761904762,0.3076380952380952,0.32144285714285714,0.33930476190476194,0.3402380952380953,0.33458095238095237,0.39964285714285713,0.40806,0.4080914285714286,0.4002742857142857,0.39284,0.39858857142857146,0.39208571428571426,0.38824,0.39057714285714284,0.39617142857142856,0.40096,0.3946371428571428,0.4092085714285714,0.4007714285714286,0.40073428571428577,0.3769542857142857,0.38605428571428574,0.39451714285714284,0.3871942857142857,0.39216,0.3882285714285715,0.38489428571428574,0.37444,0.3633342857142857,0.3914228571428572,0.3978942857142857,0.38305428571428574,0.3823314285714286,0.37570571428571425,0.3902971428571429,0.33163469387755107,0.33490204081632646,0.3401122448979592,0.3414255102040817,0.34595000000000004,0.3476969387755102,0.3515418367346939,0.3522948979591837,0.351104081632653,0.3419989795918367,0.34799591836734695,0.34567448979591836,0.34597448979591844,0.347534693877551,0.3487,0.3457690476190476,0.34288571428571424,0.33684285714285717,0.33775,0.34326428571428574,0.35227857142857144,0.35051666666666664,0.35231190476190477,0.3436047619047619,0.33997380952380957,0.3386809523809524,0.3397261904761905,0.3526452380952381,0.35469761904761904,0.32451428571428576,0.3529197278911566,0.3581891156462586,0.35722585034013615,0.35555034013605435,0.35421972789115647,0.3575965986394558,0.36079047619047616,0.35662244897959183,0.35488367346938776,0.3600836734693878,0.35894761904761896,0.3574755102040817,0.36878299319727886,0.3633591836734694,0.3589238095238096,Female,9,8-12,Elementary,C,C,M01y09cb_info1_250Hz_gu2_AEP.conn
R16C06B16,R16C06b16_info1_250Hz_gu2_AEP.conn,gu2,0.2384238095238095,0.2391190476190476,0.22970000000000002,0.22614285714285717,0.2258190476190476,0.20360476190476193,0.2190047619047619,0.24404761904761907,0.2648333333333333,0.236,0.2307619047619048,0.22316666666666665,0.2539619047619048,0.27758571428571427,0.2597428571428571,0.39673714285714284,0.39889142857142856,0.38266285714285714,0.37668,0.3750228571428571,0.3610257142857143,0.3656142857142857,0.3852028571428571,0.3843142857142857,0.3932257142857143,0.38149999999999995,0.3764342857142857,0.4016457142857143,0.4198828571428571,0.40562,0.4054914285714285,0.4077228571428571,0.4106571428571428,0.41326285714285715,0.41386,0.39112857142857144,0.39081714285714286,0.3965485714285714,0.39526285714285714,0.4185542857142857,0.4211914285714286,0.4166428571428572,0.39226285714285714,0.39762000000000003,0.4237857142857143,0.29965816326530614,0.2978061224489795,0.2950744897959184,0.2901448979591837,0.2859704081632653,0.3032663265306122,0.3107071428571429,0.3116642857142858,0.31040816326530607,0.2918183673469387,0.2936795918367347,0.28826020408163266,0.3086795918367346,0.3103938775510203,0.293330612244898,0.3333357142857143,0.3406428571428571,0.34017619047619047,0.3380071428571429,0.32580476190476193,0.3500404761904761,0.3540666666666667,0.347752380952381,0.3568547619047619,0.3433404761904762,0.3384547619047619,0.3407190476190476,0.3694523809523809,0.37332857142857145,0.3409357142857143,0.319274149659864,0.3235585034013606,0.32215374149659864,0.3188326530612245,0.31693265306122453,0.3172755102040816,0.3185108843537415,0.3207020408163266,0.318265306122449,0.32512448979591846,0.32389863945578234,0.32297755102040815,0.3302408163265306,0.3328897959183673,0.3267204081632652,Male,16,Teen,Secondary,C,C,R16C06b16_info1_250Hz_gu2_AEP(1).conn
R16C33B05,R16C33b05_info1_250Hz_gu2_AEP.conn,gu2,0.17522380952380953,0.18866190476190478,0.18998095238095236,0.17253809523809527,0.16440476190476191,0.19885714285714284,0.19008571428571427,0.18896190476190478,0.18995238095238096,0.19375238095238098,0.19973809523809524,0.18678095238095238,0.24153333333333335,0.23399523809523806,0.2436095238095238,0.3035542857142857,0.30436571428571424,0.31607714285714283,0.3133485714285714,0.3062028571428571,0.34537428571428574,0.33150571428571435,0.3247028571428571,0.31275142857142857,0.30585142857142855,0.3156428571428572,0.31681714285714285,0.36156285714285713,0.35947999999999997,0.34052571428571426,0.29905428571428566,0.3038457142857143,0.3126371428571429,0.30742,0.30012857142857147,0.3036885714285714,0.2855914285714286,0.27498857142857147,0.27895428571428577,0.2874,0.29016857142857144,0.2888657142857143,0.2751,0.26895142857142856,0.27611142857142856,0.22759285714285718,0.22996836734693882,0.23286326530612245,0.23073367346938775,0.23606326530612246,0.22544489795918368,0.22063367346938773,0.21651122448979593,0.2164816326530612,0.22789489795918366,0.23576632653061225,0.2365061224489796,0.2180224489795918,0.21436938775510203,0.2299377551020408,0.23242619047619048,0.23646190476190473,0.23022380952380953,0.2276,0.22480714285714284,0.2125071428571429,0.21321904761904764,0.2063761904761905,0.20019761904761904,0.2381857142857143,0.23035000000000005,0.2255952380952381,0.22892142857142858,0.22382857142857146,0.21286428571428573,0.2687993197278912,0.27016394557823126,0.2750789115646259,0.2716551020408163,0.26941292517006804,0.2576455782312926,0.2567741496598639,0.256965306122449,0.26144761904761904,0.272787074829932,0.28051904761904767,0.2833578231292517,0.274687074829932,0.2725965986394558,0.2842510204081633,Male,5,5-7,Elementary,C,C,R16C33b05_info1_250Hz_gu2_AEP.conn
R16C23B5,R16C23b5_info1_250Hz_gu2_AEP.conn,gu2,0.2318285714285714,0.2441857142857143,0.2519333333333333,0.24956666666666663,0.24394285714285716,0.24724285714285713,0.24363333333333334,0.24455714285714283,0.2485047619047619,0.24669047619047615,0.2532142857142857,0.2503142857142857,0.27887619047619044,0.2831095238095238,0.2774952380952381,0.36214,0.36595428571428573,0.36592857142857144,0.35098571428571423,0.3366542857142857,0.3435457142857143,0.34185714285714286,0.34191142857142853,0.3382171428571429,0.3519971428571428,0.3609257142857143,0.35153142857142855,0.3728828571428571,0.36802000000000007,0.3721057142857142,0.3022971428571429,0.30766,0.31144571428571427,0.30900285714285713,0.30288857142857145,0.30070857142857144,0.3063142857142857,0.31367142857142855,0.31063714285714283,0.30032,0.30335142857142855,0.29949428571428566,0.3013571428571428,0.3049685714285714,0.2961628571428571,0.28475918367346936,0.27877857142857143,0.27980918367346935,0.28235204081632653,0.2783142857142856,0.27610000000000007,0.2813775510204081,0.2834979591836735,0.28954183673469386,0.28756530612244896,0.2853673469387755,0.2808938775510204,0.27205,0.27464897959183676,0.2834051020408163,0.2935547619047619,0.29407857142857147,0.2925690476190476,0.2968523809523809,0.2997261904761905,0.2724404761904762,0.2792904761904762,0.2871595238095238,0.29187380952380954,0.3042547619047619,0.3060761904761905,0.3092547619047619,0.2752380952380952,0.28268571428571426,0.2900023809523809,0.3461979591836734,0.3483496598639456,0.352112925170068,0.35524149659863946,0.3513306122448979,0.34665714285714283,0.3520653061224491,0.35694013605442176,0.3536312925170068,0.35022789115646263,0.3505802721088435,0.35303333333333325,0.34768979591836735,0.3542619047619048,0.3470462585034013,Male,5,5-7,Elementary,C,C,R16C23b5_info1_250Hz_gu2_AEP.conn
R16C30M7,R16C30m7_info1_250Hz_gu2_AEP.conn,gu2,0.1827857142857143,0.17341428571428572,0.18284761904761904,0.1800761904761905,0.16256666666666666,0.14689047619047615,0.15203809523809522,0.16496666666666668,0.16865714285714284,0.15822380952380954,0.16091904761904763,0.1644904761904762,0.1740047619047619,0.1867714285714286,0.20111904761904761,0.27013714285714285,0.2777142857142857,0.2904285714285714,0.29706,0.2880114285714286,0.2584457142857143,0.26908285714285707,0.2798571428571429,0.27965999999999996,0.27444285714285716,0.28218571428571426,0.2850371428571429,0.2951942857142857,0.31013999999999997,0.3161257142857143,0.29101714285714286,0.29121142857142857,0.2917857142857143,0.29292,0.3016714285714286,0.2873314285714285,0.2973314285714286,0.28907428571428573,0.2897142857142857,0.28260857142857143,0.277,0.2736057142857143,0.2748428571428571,0.26542285714285707,0.28026285714285715,0.26953163265306124,0.2604959183673469,0.2563948979591837,0.25654591836734697,0.25630816326530614,0.2526051020408163,0.24649489795918364,0.24377040816326526,0.2516622448979592,0.25978775510204083,0.2550622448979592,0.2568979591836735,0.25371938775510205,0.24797448979591835,0.25156326530612244,0.2584738095238095,0.26044285714285714,0.2639,0.25588809523809525,0.2657166666666667,0.27226904761904763,0.26894999999999997,0.25661666666666666,0.24589761904761906,0.26470714285714286,0.26757142857142857,0.26034285714285715,0.2847119047619047,0.27544761904761905,0.2820357142857143,0.30881088435374154,0.30985306122448975,0.31563469387755094,0.32104965986394557,0.3258040816326531,0.3112646258503401,0.31004421768707485,0.31564421768707485,0.31816462585034017,0.3194013605442177,0.32478571428571423,0.3298517006802721,0.31707959183673473,0.3223149659863946,0.32949319727891146,Male,7,5-7,Elementary,C,C,R16C30m7_info1_250Hz_gu2_AEP.conn
R16C09B08,R16C09b08_info1_250Hz_gu2_AEP.conn,gu2,0.22240000000000001,0.24291428571428572,0.25394761904761903,0.24850476190476192,0.2570142857142857,0.2573047619047619,0.25497619047619047,0.2429,0.22915238095238097,0.2373333333333333,0.25185238095238094,0.24573809523809528,0.29033809523809523,0.28727142857142857,0.2897666666666667,0.3425885714285714,0.34972,0.35338571428571425,0.34032,0.3415571428571428,0.35190857142857146,0.3465371428571428,0.34404,0.3400114285714285,0.35372857142857145,0.34752285714285713,0.3287857142857143,0.35449142857142857,0.35555714285714285,0.38079714285714283,0.32804285714285714,0.3117714285714286,0.3094171428571429,0.3121828571428572,0.31743428571428567,0.31728,0.31301428571428563,0.3063342857142857,0.3008685714285714,0.3159228571428571,0.30894857142857146,0.3103171428571429,0.3270028571428571,0.3141028571428572,0.3117885714285714,0.2755479591836735,0.27634795918367344,0.2764061224489796,0.2744612244897959,0.273780612244898,0.2802163265306123,0.2847030612244898,0.2828979591836735,0.2718969387755102,0.2826877551020408,0.2843887755102041,0.27768673469387756,0.27918571428571426,0.2758438775510204,0.2832204081632653,0.2775238095238095,0.2885785714285714,0.2898619047619047,0.29077619047619047,0.28523809523809524,0.2980428571428571,0.29164999999999996,0.29331904761904765,0.28576666666666667,0.31588571428571427,0.321552380952381,0.3199,0.3142309523809524,0.3197761904761905,0.3228095238095238,0.32601360544217683,0.3245857142857143,0.32479319727891154,0.3239442176870749,0.322878231292517,0.33451020408163273,0.3355306122448979,0.33275442176870756,0.3275401360544217,0.3334809523809524,0.3335027210884355,0.3324823129251701,0.35056938775510205,0.34993741496598635,0.3458496598639455,Male,8,8-12,Elementary,C,C,R16C09b08_info1_250Hz_gu2_AEP.conn
R16C31B07,R16C31b07_info1_250Hz_gu2_AEP.conn,gu2,0.1668714285714286,0.16870952380952384,0.17673809523809525,0.18000476190476192,0.1906190476190476,0.15129047619047617,0.16586190476190477,0.17884285714285716,0.18019523809523808,0.17877142857142858,0.19022380952380954,0.19528095238095236,0.21605714285714286,0.2200857142857143,0.23381428571428572,0.3418857142857143,0.3382685714285715,0.3379142857142857,0.33966571428571435,0.33976285714285714,0.32842857142857146,0.33070285714285713,0.34212,0.34997428571428574,0.33664000000000005,0.33634285714285717,0.34236285714285714,0.35892857142857143,0.3697857142857143,0.35222,0.2963314285714286,0.29539714285714286,0.30434285714285714,0.3077057142857143,0.3143457142857143,0.28219999999999995,0.28437714285714283,0.2976085714285714,0.30192857142857144,0.28838857142857144,0.2921371428571429,0.30081142857142856,0.2735485714285714,0.28108285714285713,0.2843857142857143,0.2287551020408163,0.22989387755102045,0.22795408163265307,0.22543979591836735,0.22873571428571426,0.22796326530612246,0.22610204081632654,0.23465714285714284,0.24085816326530612,0.23747959183673467,0.23611530612244896,0.23531020408163264,0.2283397959183673,0.23639795918367348,0.24297346938775508,0.2061166666666667,0.19958809523809526,0.19841666666666666,0.19618809523809522,0.19130952380952382,0.2257,0.22008333333333333,0.2183428571428571,0.22201190476190477,0.18833809523809522,0.19567619047619048,0.20331190476190478,0.21167142857142862,0.2151380952380952,0.19660000000000002,0.24960272108843537,0.25430204081632646,0.2531680272108844,0.2522482993197278,0.2537904761904762,0.25242108843537414,0.24745918367346936,0.2474047619047619,0.25042380952380955,0.2612272108843538,0.25920884353741497,0.25848639455782313,0.2630619047619047,0.25946598639455787,0.261295918367347,Male,7,5-7,Elementary,C,C,R16C31b07_info1_250Hz_gu2_AEP.conn
R16C35B06,R16C35b06_info1_250Hz_gu2_AEP.conn,gu2,0.17035714285714287,0.1838666666666667,0.19392380952380953,0.2024809523809524,0.20429047619047616,0.1878142857142857,0.19694761904761907,0.19583333333333333,0.1924714285714286,0.1761095238095238,0.19497142857142857,0.20474761904761907,0.2415142857142857,0.23922380952380953,0.23759523809523808,0.3197485714285714,0.32436857142857145,0.31452285714285716,0.29984571428571427,0.29975142857142856,0.3181971428571429,0.3274,0.32120857142857145,0.31180857142857143,0.3259971428571428,0.3142942857142857,0.30169142857142855,0.35326857142857143,0.3460914285714286,0.33161142857142856,0.32981142857142853,0.3352942857142857,0.33334285714285716,0.31851714285714283,0.3126228571428571,0.32785714285714285,0.3196771428571429,0.3261485714285714,0.33599142857142855,0.33932,0.33488285714285715,0.3172514285714286,0.31768857142857143,0.32594,0.34190571428571426,0.3021857142857143,0.3070438775510204,0.3085112244897959,0.31056836734693877,0.31155918367346935,0.31472448979591844,0.3175540816326531,0.31262142857142855,0.3114816326530612,0.3102020408163266,0.314445918367347,0.308980612244898,0.30930918367346943,0.30246836734693877,0.30562653061224493,0.2809357142857143,0.2800309523809524,0.2765785714285714,0.2801928571428572,0.28340714285714286,0.2816261904761905,0.2855642857142857,0.2843,0.2861238095238095,0.28860238095238094,0.29012857142857146,0.2991190476190476,0.29232857142857144,0.2862666666666666,0.29715714285714284,0.3341333333333333,0.33712448979591825,0.3335367346938776,0.32561088435374147,0.32501020408163267,0.33502312925170075,0.33321972789115656,0.3326551020408163,0.33211836734693884,0.34632993197278916,0.34055170068027213,0.3348183673469388,0.3321904761904762,0.33468639455782306,0.3411210884353742,Male,6,5-7,Elementary,C,C,R16C35b06_info1_250Hz_gu2_AEP.conn
R16C28M6,R16C28m6_info1_250Hz_gu2_AEP.conn,gu2,0.14679047619047617,0.15703333333333333,0.1659095238095238,0.1564904761904762,0.15223809523809526,0.1681190476190476,0.16254285714285713,0.1636,0.16110000000000002,0.15296666666666667,0.15797142857142857,0.15253809523809525,0.20748571428571427,0.20056666666666667,0.18709047619047617,0.31268285714285715,0.32219714285714285,0.32584857142857143,0.3251285714285715,0.3142628571428571,0.3232085714285714,0.3137428571428571,0.30441142857142856,0.3034285714285715,0.33483999999999997,0.33181428571428573,0.3242857142857143,0.3472257142857143,0.33931428571428573,0.35167714285714285,0.3318485714285714,0.34028571428571425,0.35332,0.3469771428571429,0.3338771428571429,0.3560028571428572,0.35745714285714286,0.35377714285714285,0.3538485714285714,0.34088285714285715,0.35332285714285716,0.3497828571428572,0.3468914285714286,0.3457085714285714,0.3634028571428571,0.25661836734693877,0.2565469387755102,0.2583020408163265,0.25598061224489793,0.25570408163265307,0.2726428571428572,0.2696673469387755,0.271930612244898,0.27230612244897967,0.25973061224489796,0.2604581632653061,0.2612469387755102,0.2641173469387755,0.265945918367347,0.2658204081632653,0.2239190476190476,0.22401190476190477,0.22548333333333329,0.22278571428571434,0.21645952380952382,0.2303952380952381,0.22593809523809524,0.2278214285714286,0.23314047619047618,0.22467380952380953,0.2237333333333333,0.2242261904761905,0.2304238095238095,0.23145714285714283,0.23685476190476193,0.30292108843537413,0.30493741496598636,0.3018530612244898,0.3012040816326531,0.29702925170068034,0.29280408163265303,0.29007619047619043,0.28830816326530617,0.2897374149659865,0.3027673469387755,0.30182108843537414,0.302521768707483,0.3121714285714285,0.310061224489796,0.30662993197278904,Male,6,5-7,Elementary,C,C,R16C28m6_info1_250Hz_gu2_AEP.conn
R16C29F9,R16C29f9_info1_250Hz_gu2_AEP.conn,gu2,0.15600952380952382,0.1531809523809524,0.16757619047619046,0.16169523809523811,0.16433809523809526,0.15395238095238095,0.15288571428571426,0.14743333333333333,0.16039047619047617,0.1511190476190476,0.1749857142857143,0.18408095238095237,0.20971904761904767,0.21107142857142858,0.2131857142857143,0.29250571428571426,0.29178000000000004,0.29724000000000006,0.29449142857142857,0.30208571428571435,0.28112000000000004,0.2797485714285714,0.2838914285714286,0.28734,0.3001285714285714,0.3137342857142857,0.3081857142857143,0.31692,0.3185314285714286,0.3521342857142857,0.28071999999999997,0.28265714285714283,0.2831514285714286,0.2902828571428572,0.2956657142857143,0.26742285714285713,0.27784,0.27977714285714284,0.2830314285714286,0.28460285714285716,0.28234,0.2883428571428571,0.28234,0.28461142857142857,0.2921485714285714,0.21754489795918372,0.21388367346938778,0.2101091836734694,0.20680816326530613,0.2018622448979592,0.2088122448979592,0.20903775510204084,0.20582653061224485,0.21136938775510208,0.21316632653061224,0.2134683673469388,0.21465306122448974,0.21162959183673463,0.21467857142857147,0.21863367346938775,0.18698571428571428,0.1949428571428571,0.19442619047619047,0.1931166666666667,0.1867952380952381,0.19271666666666665,0.19231190476190474,0.1847595238095238,0.1832547619047619,0.19939523809523807,0.19611190476190477,0.19103333333333336,0.18261904761904765,0.1732095238095238,0.1970452380952381,0.26351020408163267,0.26327414965986395,0.26066666666666666,0.25899863945578233,0.25441224489795916,0.24552721088435375,0.24381020408163265,0.24280816326530608,0.24069727891156464,0.2675455782312925,0.2673210884353741,0.26783469387755104,0.25092244897959187,0.2506904761904762,0.2667360544217687,Female,9,8-12,Elementary,C,C,R16C29f9_info1_250Hz_gu2_AEP.conn
R16M08B09,R16M08b09_info1_250Hz_gu2_AEP.conn,gu2,0.16973333333333332,0.1711095238095238,0.17733333333333334,0.18906666666666663,0.18015238095238095,0.1852095238095238,0.19465238095238094,0.1902047619047619,0.17974285714285712,0.18202380952380956,0.1714095238095238,0.1794238095238095,0.2277,0.22962380952380954,0.21264285714285713,0.31009714285714285,0.3031142857142857,0.30796,0.31044285714285713,0.3072914285714286,0.3023571428571429,0.30478000000000005,0.3044,0.3057371428571429,0.2897142857142857,0.29828571428571427,0.30348571428571425,0.3248257142857143,0.3257914285714286,0.32136571428571425,0.3174142857142857,0.3165342857142857,0.32154571428571427,0.32910285714285714,0.3287085714285714,0.33383142857142867,0.3234714285714286,0.31380857142857144,0.3101285714285714,0.3214571428571429,0.3213285714285714,0.3255685714285714,0.32268285714285716,0.3108657142857143,0.3278085714285715,0.2703081632653061,0.2695102040816327,0.273134693877551,0.2779989795918368,0.28011836734693873,0.26496836734693874,0.2643979591836735,0.26742653061224486,0.26586734693877556,0.2722704081632653,0.274254081632653,0.2785826530612245,0.25802551020408165,0.2627989795918368,0.2678285714285714,0.25302142857142856,0.2474619047619048,0.23936904761904765,0.24812380952380952,0.2431428571428571,0.24109285714285714,0.24051666666666668,0.24337619047619052,0.24462380952380955,0.24935238095238096,0.2503666666666667,0.2568333333333333,0.23187619047619049,0.23449285714285714,0.25760476190476195,0.3104578231292517,0.309365306122449,0.3090034013605442,0.3098925170068027,0.3086244897959184,0.3106244897959184,0.31622653061224487,0.3186707482993198,0.3142680272108843,0.31234285714285714,0.3163571428571428,0.31655646258503395,0.3162421768707483,0.3228517006802722,0.31964897959183675,Male,9,8-12,Elementary,C,C,R16M08b09_info1_250Hz_gu2_AEP.conn
R16C36B6,R16C36b6_info1_250Hz_gu2_AEP.conn,gu2,0.17001904761904763,0.17723809523809522,0.1749666666666667,0.17077142857142857,0.1834761904761905,0.21503809523809525,0.2058809523809524,0.20003809523809524,0.1983809523809524,0.1707523809523809,0.158,0.17057619047619046,0.24329047619047625,0.25116190476190475,0.19909047619047615,0.3347914285714286,0.3308885714285714,0.32463428571428576,0.3260485714285714,0.32118857142857143,0.3290742857142857,0.32666,0.3270685714285714,0.3255685714285714,0.33044,0.3228885714285714,0.3188857142857143,0.36367142857142853,0.3656371428571428,0.34679714285714286,0.3083828571428571,0.30976000000000004,0.30618,0.30592857142857144,0.2967714285714286,0.31034571428571434,0.3154942857142857,0.3137542857142857,0.30956571428571433,0.29514571428571423,0.29681428571428575,0.30461714285714286,0.31660285714285713,0.30568571428571434,0.2896342857142857,0.2189734693877551,0.2171316326530612,0.2165020408163265,0.21912040816326533,0.2121244897959184,0.2178061224489796,0.2234377551020408,0.2216622448979592,0.21906326530612247,0.21658061224489794,0.2182091836734694,0.2211948979591837,0.21760510204081637,0.21964693877551023,0.2204612244897959,0.2398309523809524,0.23789047619047618,0.242797619047619,0.24235714285714283,0.24144285714285715,0.24901428571428572,0.24972142857142857,0.24620476190476184,0.2570857142857143,0.2456095238095238,0.24766904761904762,0.24637857142857145,0.26210952380952385,0.2511904761904762,0.24963333333333335,0.3013421768707483,0.29867210884353734,0.300856462585034,0.3070585034013606,0.30677278911564615,0.29520272108843537,0.29642040816326537,0.2982517006802721,0.30325782312925176,0.30416734693877556,0.3109258503401361,0.31573673469387764,0.310125850340136,0.3094,0.31338027210884356,Male,6,5-7,Elementary,C,C,R16C36b6_info1_250Hz_gu2_AEP.conn
R16M09G18,R16M09g18_info1_250Hz_gu2_AEP.conn,gu2,0.1808761904761905,0.19094761904761906,0.20527142857142858,0.20689999999999997,0.20311904761904764,0.20053333333333334,0.2144285714285714,0.2141952380952381,0.21012380952380952,0.18986666666666666,0.20512380952380957,0.21018571428571428,0.22754285714285716,0.22872380952380955,0.24882857142857143,0.29745999999999995,0.30336285714285716,0.30598285714285717,0.30952857142857143,0.3073028571428572,0.2979485714285714,0.30439714285714287,0.30877428571428567,0.308,0.30446,0.30554857142857145,0.3023457142857143,0.3153542857142857,0.31969714285714285,0.32716,0.3103971428571429,0.3116514285714285,0.3122257142857143,0.3114942857142857,0.3064314285714286,0.3168942857142857,0.31016,0.31168,0.3200457142857143,0.30375142857142856,0.3090771428571429,0.30518,0.29580285714285715,0.3006885714285714,0.31146285714285715,0.23312551020408165,0.23445612244897962,0.23074591836734698,0.23201326530612246,0.23132959183673468,0.24964693877551022,0.2443448979591837,0.23946632653061223,0.24153367346938776,0.23474693877551017,0.22997755102040815,0.23277857142857142,0.23744795918367342,0.2377,0.23980306122448983,0.2497595238095238,0.2519523809523809,0.25347619047619047,0.26010714285714287,0.2604642857142857,0.2663285714285714,0.2705,0.27339285714285716,0.2692309523809524,0.2594,0.25261666666666666,0.25433333333333336,0.2640761904761905,0.2692047619047619,0.24287619047619047,0.32135510204081635,0.3233136054421769,0.3281965986394558,0.32960544217687077,0.3302952380952381,0.32863877551020404,0.3317938775510204,0.33267755102040814,0.32897619047619053,0.33264013605442183,0.33451904761904766,0.33375102040816323,0.3455108843537415,0.3441319727891156,0.341687074829932,Female,18,Teen,Secondary,C,C,R16M09g18_info1_250Hz_gu2_AEP.conn
R16C11B09,R16C11b09_info1_250Hz_gu2_AEP.conn,gu2,0.4000095238095238,0.40190952380952377,0.39837619047619044,0.3941095238095238,0.40131904761904763,0.39105714285714294,0.3942285714285714,0.3794333333333333,0.37423809523809526,0.4093380952380952,0.4104238095238095,0.4097666666666666,0.4255285714285714,0.4095761904761905,0.45368095238095235,0.42248857142857144,0.43007999999999996,0.4419885714285714,0.44197428571428576,0.4447885714285714,0.4264628571428572,0.4270171428571429,0.4213514285714286,0.42382,0.4211285714285714,0.4386571428571429,0.44091142857142857,0.43285714285714283,0.42551714285714287,0.4456771428571429,0.32651714285714284,0.3257085714285714,0.32184,0.32026,0.32612857142857143,0.3062914285714286,0.32002,0.32604,0.32405999999999996,0.3163114285714286,0.31432571428571426,0.3107314285714286,0.3241714285714286,0.32668571428571425,0.3072857142857143,0.3971540816326531,0.39258367346938783,0.3898887755102041,0.39794183673469385,0.4046969387755102,0.3809867346938776,0.37987551020408167,0.3869193877551021,0.39572653061224494,0.3920959183673469,0.39592142857142854,0.39485816326530615,0.37600510204081633,0.3821714285714286,0.3846704081632653,0.37977857142857135,0.3705690476190477,0.35291190476190476,0.34928571428571425,0.3513880952380953,0.38971666666666666,0.38449285714285714,0.37971666666666665,0.37862380952380953,0.37193571428571426,0.36105000000000004,0.3537714285714286,0.37197142857142856,0.3755190476190476,0.3737761904761905,0.3847748299319729,0.3836551020408163,0.3868979591836735,0.38508027210884355,0.37996802721088435,0.3752190476190477,0.3725401360544217,0.37827687074829935,0.38252517006802716,0.3989809523809524,0.4020054421768707,0.40012448979591836,0.38312585034013613,0.3901251700680272,0.40961224489795917,Male,9,8-12,Elementary,C,C,R16C11b09_info1_250Hz_gu2_AEP.conn
R16C24B7,R16C24b7_info1_250Hz_gu2_AEP.conn,gu2,0.23090000000000002,0.24084285714285714,0.24363809523809524,0.22616666666666665,0.22656666666666667,0.24485238095238096,0.24153809523809522,0.2388285714285714,0.23477619047619047,0.2373809523809524,0.2330428571428572,0.21415714285714285,0.27963809523809524,0.28026190476190477,0.2663380952380952,0.34558285714285714,0.33921714285714283,0.3353742857142857,0.32848571428571427,0.31495999999999996,0.33498,0.3346314285714286,0.33772285714285716,0.3365228571428571,0.3390685714285714,0.3264971428571429,0.3161171428571429,0.3632942857142856,0.36666000000000004,0.35103142857142855,0.33585999999999994,0.32942,0.3241428571428572,0.3309,0.3395457142857143,0.3603571428571429,0.34476571428571423,0.34476571428571423,0.3519428571428571,0.3275228571428571,0.31946571428571435,0.32456000000000007,0.3522114285714285,0.35155142857142857,0.32842857142857146,0.22682244897959183,0.22772244897959176,0.22883673469387758,0.23091326530612247,0.2299204081632653,0.2268193877551021,0.22526530612244897,0.23077755102040817,0.23279081632653062,0.22760714285714284,0.22550102040816328,0.2266,0.22943979591836738,0.23339795918367345,0.2234438775510204,0.247352380952381,0.23924285714285717,0.23066428571428574,0.2330142857142857,0.23364285714285715,0.22417619047619045,0.2255142857142857,0.22374523809523814,0.22712142857142856,0.2499,0.2349071428571429,0.23635238095238095,0.23490952380952382,0.23498095238095237,0.22979761904761906,0.2930632653061225,0.2955462585034013,0.294639455782313,0.2943095238095238,0.2956673469387755,0.2885020408163265,0.2908020408163265,0.29322312925170074,0.29225238095238093,0.3043544217687076,0.3029163265306123,0.3059761904761905,0.293608843537415,0.29482857142857144,0.2998707482993198,Male,7,5-7,Elementary,C,C,R16C24b7_info1_250Hz_gu2_AEP.conn
R16C25B5,R16C25b5_info1_250Hz_gu2_AEP.conn,gu2,0.19015714285714283,0.17972857142857143,0.17198571428571427,0.1701,0.17769047619047618,0.1676095238095238,0.16516666666666666,0.17343333333333333,0.19286190476190476,0.1945904761904762,0.19835238095238097,0.18412857142857142,0.1932,0.21667619047619047,0.2369095238095238,0.3278971428571429,0.3254485714285714,0.33151428571428576,0.34366857142857143,0.34028285714285705,0.3271657142857143,0.31775428571428577,0.30921714285714286,0.31233999999999995,0.32027428571428573,0.33772857142857143,0.3579028571428572,0.35813142857142855,0.35721428571428576,0.3640628571428571,0.30511714285714286,0.3074,0.30527714285714286,0.29957999999999996,0.2947457142857143,0.3214428571428571,0.3199114285714285,0.3161485714285714,0.3165657142857143,0.30442571428571424,0.30320285714285716,0.30799714285714286,0.32973714285714284,0.31677428571428573,0.30147142857142856,0.2124724489795918,0.21118061224489795,0.21460102040816328,0.21795204081632652,0.22377653061224495,0.22470714285714286,0.23206938775510202,0.22947857142857145,0.22858979591836734,0.2149326530612245,0.21628367346938776,0.2195622448979592,0.22283061224489797,0.22042857142857145,0.22168877551020408,0.2243285714285714,0.22021428571428572,0.21692857142857144,0.22091666666666665,0.21796190476190477,0.1904095238095238,0.20056666666666667,0.21053333333333332,0.21543571428571429,0.21385238095238093,0.21480952380952378,0.21750952380952382,0.22638095238095235,0.2400119047619048,0.22088571428571427,0.3010074829931973,0.3047700680272109,0.31122585034013606,0.3101047619047619,0.3008768707482994,0.2964653061224489,0.30183061224489793,0.3009775510204082,0.29714081632653067,0.3056469387755102,0.3108857142857143,0.31023809523809526,0.31961768707482996,0.31008571428571435,0.31559795918367356,Male,5,5-7,Elementary,C,C,R16C25b5_info1_250Hz_gu2_AEP.conn
R16C12G7,R16C12g7_info1_250Hz_gu2_AEP.conn,gu2,0.19254285714285713,0.19084285714285712,0.17889523809523808,0.1798857142857143,0.18950952380952382,0.1993380952380953,0.19154761904761905,0.1941142857142857,0.19741428571428568,0.19232380952380954,0.19255714285714287,0.18750476190476192,0.2443952380952381,0.24823809523809523,0.2397904761904762,0.29823714285714287,0.3042114285714286,0.31525428571428576,0.31688285714285713,0.3135199999999999,0.3213371428571429,0.3204228571428571,0.3300142857142857,0.33556,0.3213085714285714,0.33246,0.33145142857142856,0.3410628571428571,0.3441142857142857,0.3811771428571428,0.27362285714285717,0.2769171428571428,0.2880714285714286,0.28628571428571425,0.27982285714285715,0.2973085714285714,0.29524285714285714,0.28661428571428577,0.2910057142857142,0.2810714285714286,0.2861628571428571,0.2865142857142857,0.2743342857142857,0.26523714285714284,0.28852857142857136,0.1959979591836735,0.19792142857142858,0.1977857142857143,0.20074591836734693,0.19644897959183674,0.19454693877551024,0.19913775510204082,0.1932887755102041,0.19652653061224493,0.19486632653061225,0.19462653061224497,0.19562959183673465,0.1895122448979592,0.18736122448979595,0.1912775510204082,0.2534190476190476,0.2526714285714286,0.2500833333333333,0.2513404761904762,0.24727380952380953,0.23894285714285712,0.2505547619047619,0.26053333333333334,0.2643238095238095,0.2559761904761904,0.24748333333333336,0.2459309523809524,0.24256904761904763,0.2574404761904762,0.2340238095238095,0.2714448979591837,0.2654748299319728,0.26326122448979594,0.2682863945578231,0.2743619047619048,0.27669183673469394,0.28042789115646255,0.27830680272108843,0.2760755102040816,0.27425374149659865,0.27146258503401366,0.27019387755102037,0.2896591836734694,0.2886061224489796,0.27600612244897965,Female,7,5-7,Elementary,C,C,R16C12g7_info1_250Hz_gu2_AEP.conn
CSD499AH10F21,CSD499AH10f21_info1_250Hz_gu2_AEP.conn,gu2,0.26812857142857144,0.26775238095238096,0.2635476190476191,0.25974761904761906,0.25935714285714284,0.23655238095238096,0.24390476190476187,0.25437619047619053,0.2612857142857143,0.2702,0.2587809523809524,0.2478,0.2871761904761905,0.3017095238095238,0.2971047619047619,0.39382571428571433,0.39662,0.39679714285714285,0.3852885714285715,0.38245428571428575,0.38573142857142856,0.3931857142857143,0.3975885714285714,0.40313999999999994,0.3855657142857143,0.38105142857142854,0.36978857142857147,0.4090542857142857,0.41676,0.39996000000000004,0.3133742857142857,0.3182628571428572,0.31922857142857136,0.32145999999999997,0.3205257142857143,0.29302571428571433,0.2981114285714285,0.3070685714285714,0.31309714285714285,0.3102371428571428,0.30535428571428574,0.30818,0.2927314285714286,0.3042885714285714,0.31238285714285713,0.22817653061224488,0.2301377551020408,0.24176836734693877,0.2498469387755102,0.24776020408163268,0.23350408163265304,0.234645918367347,0.23713979591836737,0.24003469387755105,0.22907755102040817,0.23136938775510205,0.23964183673469383,0.22777448979591838,0.22661020408163263,0.22500510204081633,0.24045238095238095,0.23210714285714285,0.23882857142857142,0.24541904761904762,0.24331904761904766,0.23394523809523812,0.23996666666666666,0.2465952380952381,0.2493952380952381,0.23662380952380954,0.22806428571428575,0.23882142857142855,0.21701666666666664,0.21911190476190476,0.2315785714285714,0.2955891156462585,0.2966585034013605,0.2967272108843537,0.2951612244897959,0.2926319727891157,0.2917176870748299,0.2892346938775511,0.28987278911564623,0.2921414965986394,0.29942380952380954,0.29925034013605445,0.29633401360544215,0.30885850340136056,0.3067054421768708,0.3042312925170067,Female,21,Teen,Tertiary,E,NC,CSD499AH10f21_info1_250Hz_gu2_AEP.conn
R16CJTEST_B15,R16CjTest_b15_info1_250Hz_gu2_AEP.conn,gu2,0.22983809523809526,0.22014285714285717,0.22630952380952377,0.23032380952380951,0.23790952380952382,0.23949047619047623,0.2370809523809524,0.23556190476190478,0.24190000000000003,0.20582380952380952,0.20716190476190477,0.22425714285714285,0.2665619047619048,0.27151428571428576,0.26235238095238095,0.3513114285714286,0.3408428571428571,0.34394857142857144,0.35754857142857144,0.3515114285714286,0.3454514285714286,0.34566857142857144,0.3500342857142857,0.35127428571428565,0.3355257142857143,0.34431142857142855,0.3603742857142857,0.3711371428571429,0.36512,0.3677942857142858,0.25557428571428564,0.2501942857142857,0.2511771428571429,0.2631342857142857,0.25588285714285713,0.28774,0.28516571428571424,0.27687142857142855,0.27245714285714284,0.24854571428571423,0.24565714285714288,0.2531942857142857,0.2919342857142857,0.28688,0.25669142857142857,0.2357530612244898,0.227834693877551,0.22917142857142858,0.23028163265306123,0.2318622448979592,0.22807755102040814,0.22650612244897958,0.22262142857142855,0.22289489795918366,0.21771938775510202,0.22466020408163262,0.23039183673469385,0.23271122448979592,0.23062346938775508,0.2206612244897959,0.2463904761904762,0.2483880952380952,0.23916190476190477,0.24199523809523812,0.248302380952381,0.2704571428571429,0.2683142857142857,0.2663738095238095,0.26299047619047616,0.2589619047619047,0.2578119047619048,0.27066190476190477,0.27735952380952383,0.28040238095238096,0.2622261904761905,0.3046136054421769,0.30793265306122447,0.3086557823129251,0.30602312925170067,0.2989836734693877,0.29984829931972784,0.2986789115646258,0.3019700680272109,0.302956462585034,0.3092959183673469,0.310604081632653,0.3135707482993198,0.31658979591836733,0.31505442176870746,0.3130666666666667,Male,15,Teen,Secondary,C,C,R16CjTest_b15_info1_250Hz_gu2_AEP.conn
R16TEENPVB,R16teenPvb_info1_250Hz_gu2_AEP.conn,gu2,0.3552142857142857,0.34400952380952377,0.34611428571428576,0.34291428571428567,0.34605238095238094,0.3647095238095239,0.3619857142857143,0.3546714285714286,0.3513761904761905,0.34535714285714275,0.34169999999999995,0.339652380952381,0.4035333333333333,0.4005476190476191,0.3764809523809523,0.4535857142857143,0.4463057142857143,0.4426971428571428,0.44499714285714276,0.43552285714285716,0.4468628571428572,0.4507285714285715,0.4508571428571429,0.4527514285714286,0.4361428571428571,0.43252857142857143,0.4362171428571429,0.46990571428571426,0.46874000000000005,0.45640000000000003,0.4328114285714285,0.4221685714285714,0.41979999999999995,0.42189714285714286,0.41742,0.42416857142857145,0.42543428571428576,0.41986285714285715,0.4174085714285714,0.4108057142857143,0.4083228571428571,0.4105114285714285,0.4101685714285714,0.4012057142857143,0.40964,0.35077551020408165,0.34499183673469386,0.3419408163265306,0.33994183673469386,0.33961428571428576,0.3584530612244898,0.360254081632653,0.3654734693877551,0.3656163265306122,0.35262755102040816,0.351334693877551,0.3470051020408163,0.3644000000000001,0.3709765306122449,0.3568010204081632,0.38121190476190475,0.3810952380952381,0.3819142857142857,0.38675,0.3868666666666667,0.4010595238095238,0.39921190476190477,0.39653333333333335,0.3960119047619048,0.3810166666666666,0.38280952380952377,0.38804047619047616,0.404347619047619,0.3989309523809524,0.383047619047619,0.37590680272108845,0.37178163265306124,0.3703510204081633,0.3727734693877551,0.3724006802721088,0.37293333333333334,0.3702224489795919,0.37195034013605444,0.3733217687074831,0.37695306122448974,0.37307346938775515,0.37599591836734697,0.38096802721088435,0.383874149659864,0.37911836734693877,Male,16,Teen,Secondary,E,NC,R16teenPvb_info1_250Hz_gu2_AEP.conn
CSD499K07F21,CSD499K07f21_info1_250Hz_gu2_AEP.conn,gu2,0.23171428571428573,0.2169333333333333,0.21621904761904764,0.22496666666666665,0.23386190476190474,0.22315714285714283,0.23812857142857138,0.23691428571428572,0.23067142857142856,0.21510952380952383,0.21171428571428572,0.21606666666666666,0.27696190476190474,0.27267619047619046,0.25917142857142855,0.3393085714285714,0.34051714285714285,0.3375942857142856,0.3277971428571428,0.3180171428571429,0.34019142857142853,0.34127714285714295,0.33697999999999995,0.3321571428571429,0.3365257142857143,0.32976857142857147,0.3206857142857143,0.3505371428571428,0.3524057142857143,0.35249142857142857,0.2824,0.27642,0.26823142857142857,0.2657142857142857,0.2668085714285714,0.2918942857142857,0.2842628571428572,0.2807114285714286,0.27826,0.27270285714285714,0.26515428571428573,0.2609142857142857,0.2767857142857143,0.2794514285714286,0.26644,0.20690510204081636,0.2084581632653061,0.20903877551020408,0.21114081632653056,0.21406530612244903,0.22008775510204082,0.22392551020408163,0.22525816326530612,0.2240938775510204,0.20722653061224489,0.20594081632653063,0.21043673469387755,0.2246765306122449,0.2278836734693878,0.2110734693877551,0.3085428571428571,0.3066499999999999,0.3093119047619048,0.31179285714285715,0.3189119047619048,0.3384833333333333,0.3291214285714285,0.32662142857142856,0.3237452380952381,0.30205476190476194,0.3010904761904762,0.30269761904761905,0.33235714285714285,0.3266142857142857,0.30563095238095234,0.31768911564625857,0.32325374149659863,0.3254482993197279,0.3252448979591836,0.3252802721088435,0.3164646258503402,0.3182095238095238,0.3193285714285714,0.32047619047619047,0.32708027210884355,0.3267659863945578,0.3265251700680272,0.3272272108843537,0.3313210884353741,0.3251517006802721,Female,21,Teen,Tertiary,S,NC,CSD499K07f21_info1_250Hz_gu2_AEP.conn
CSD499SL03F20,CSD499SL03F20_info1_250Hz_gu2_AEP.conn,gu2,0.2012761904761905,0.20801904761904763,0.22127142857142856,0.21164761904761906,0.20588095238095236,0.21936190476190476,0.2414047619047619,0.2409666666666667,0.23568095238095235,0.19237619047619048,0.20927619047619048,0.20953809523809522,0.27309047619047616,0.26819047619047615,0.26171904761904763,0.3298028571428572,0.3244257142857143,0.3243028571428571,0.31996,0.31992571428571426,0.3371342857142857,0.34501714285714286,0.3364542857142857,0.33707714285714285,0.32382285714285713,0.31785142857142856,0.3174257142857143,0.36817999999999995,0.3539714285714285,0.35119142857142854,0.28941142857142854,0.29019714285714293,0.28879714285714286,0.29007714285714287,0.29582857142857144,0.30974,0.3041514285714286,0.2937457142857143,0.2910142857142857,0.285,0.28563714285714287,0.28460857142857143,0.3011114285714286,0.2952914285714286,0.28577428571428576,0.21340918367346937,0.21182346938775506,0.21256020408163265,0.2168091836734694,0.22555510204081636,0.22293673469387754,0.2236428571428571,0.2225,0.22444693877551022,0.20612755102040817,0.20899591836734696,0.21633877551020414,0.22528979591836734,0.2220785714285714,0.21537755102040818,0.24560238095238096,0.2540880952380952,0.2551880952380952,0.2539595238095238,0.25348333333333334,0.2688857142857143,0.2629595238095238,0.2579190476190476,0.2493761904761905,0.25466428571428573,0.25684761904761905,0.2552952380952381,0.25843333333333335,0.24916428571428573,0.24982142857142856,0.2877673469387755,0.2853646258503402,0.2887489795918367,0.28993401360544224,0.2877122448979592,0.2813394557823129,0.286287074829932,0.28917891156462583,0.29266802721088436,0.2934156462585034,0.29360340136054425,0.2921557823129252,0.2978578231292517,0.2987061224489796,0.2929816326530612,Female,20,Teen,Tertiary,S,NC,CSD499SL03F20_info1_250Hz_gu2_AEP.conn
R16P02C_G16,R16P02C_g16_info1_250Hz_gu2_AEP.conn,gu2,0.14968571428571428,0.16130476190476192,0.15294761904761905,0.1543952380952381,0.15602857142857143,0.14290000000000003,0.15222380952380954,0.15467142857142857,0.1526047619047619,0.15617619047619047,0.1528857142857143,0.15438571428571427,0.20076190476190478,0.20447619047619048,0.1878047619047619,0.28894000000000003,0.28568,0.2864685714285714,0.28584000000000004,0.27862285714285717,0.30128857142857146,0.2955514285714286,0.28757714285714286,0.28654285714285715,0.29816571428571426,0.29558285714285715,0.29512285714285713,0.3232857142857143,0.31744000000000006,0.3176,0.3320457142857143,0.33765999999999996,0.33777428571428575,0.3330828571428571,0.3292857142857143,0.3334342857142857,0.33189142857142856,0.3301828571428571,0.32918857142857144,0.34644571428571425,0.34046857142857145,0.33022,0.3294028571428572,0.3317771428571429,0.34460857142857143,0.262715306122449,0.2601908163265306,0.25791632653061225,0.25499285714285713,0.25055816326530617,0.2500755102040816,0.24991632653061222,0.24782551020408158,0.24428979591836728,0.2638142857142857,0.2641357142857143,0.25804795918367346,0.25252142857142856,0.25030102040816327,0.26175816326530615,0.31730714285714284,0.32020238095238096,0.316197619047619,0.31207619047619045,0.31664999999999993,0.31090238095238093,0.3084547619047619,0.31343571428571426,0.31775,0.33361904761904765,0.33257857142857145,0.32952619047619053,0.3078619047619047,0.3117761904761905,0.3294738095238095,0.31106190476190476,0.3136278911564626,0.31630408163265306,0.3150625850340136,0.31061700680272103,0.30455238095238096,0.306465306122449,0.30931972789115647,0.306621768707483,0.3200843537414966,0.3203619047619048,0.3210231292517007,0.31535306122448975,0.3195993197278912,0.3205632653061224,Female,16,Teen,Secondary,C,C,R16P02C_g16_info1_250Hz_gu2_AEP.conn
R16JY24B17,R16jy24b17_info1_250Hz_gu2_AEP.conn,gu2,0.16167142857142858,0.15634285714285714,0.16033333333333333,0.1563,0.15762857142857142,0.17457619047619052,0.1793190476190476,0.17727619047619048,0.1721,0.1623190476190476,0.1638047619047619,0.1670761904761905,0.21329999999999996,0.20503333333333332,0.21722857142857144,0.33595428571428576,0.33194,0.3351857142857143,0.34034,0.33693999999999996,0.33506,0.32321142857142854,0.3233542857142857,0.3317571428571429,0.3357,0.3419628571428571,0.3484771428571428,0.34750571428571436,0.3407285714285714,0.37300285714285714,0.28148571428571434,0.28042285714285714,0.2833457142857142,0.2962142857142857,0.2934942857142857,0.30654,0.30078857142857146,0.2878942857142857,0.2807114285714286,0.27877142857142856,0.28477428571428576,0.29036285714285714,0.28038285714285716,0.2725285714285714,0.2880057142857143,0.22226020408163263,0.2198622448979592,0.21724591836734697,0.2152581632653061,0.2111897959183673,0.2260102040816327,0.22222857142857144,0.21318367346938774,0.20971326530612247,0.2179510204081633,0.21664285714285714,0.21241122448979594,0.2292193877551021,0.22274897959183673,0.2152744897959184,0.2142547619047619,0.21803095238095238,0.22266428571428573,0.22076190476190474,0.21598809523809528,0.2023142857142857,0.20035,0.2043904761904762,0.20952857142857143,0.2175452380952381,0.21779285714285715,0.2138904761904762,0.2129738095238095,0.2158214285714286,0.20640476190476195,0.25758843537414966,0.2592496598639456,0.25876394557823135,0.25793809523809524,0.257774149659864,0.25816326530612244,0.25881020408163263,0.2607122448979592,0.2636598639455783,0.2650802721088435,0.26361564625850337,0.26321088435374157,0.2700421768707483,0.2705040816326531,0.27014149659863945,Male,17,Teen,Secondary,C,C,R16jy24b17_info1_250Hz_gu2_AEP.conn
CSD499DV04F21,CSD499DV04f21_info1_250Hz_gu2_AEP.conn,gu2,0.30381428571428576,0.2949,0.2856761904761905,0.2827761904761905,0.28487142857142855,0.28189047619047614,0.2871857142857143,0.2962238095238095,0.29981428571428576,0.28807619047619043,0.2780714285714286,0.2772523809523809,0.31755714285714287,0.32358571428571425,0.3128142857142857,0.4158342857142857,0.4200457142857143,0.4191571428571429,0.42038285714285717,0.4159857142857143,0.43314571428571425,0.43688857142857146,0.4313314285714286,0.42128000000000004,0.4099685714285714,0.40617714285714285,0.4076457142857143,0.4505485714285714,0.4442171428571429,0.42927428571428566,0.3676542857142857,0.3681457142857143,0.36614857142857143,0.3665142857142857,0.36562857142857147,0.3592257142857143,0.36500571428571427,0.36350000000000005,0.36246285714285714,0.35757714285714287,0.35603714285714283,0.3581542857142857,0.36547142857142856,0.36549714285714285,0.35914285714285715,0.2656418367346939,0.25473673469387753,0.24858061224489797,0.2506030612244897,0.25132653061224486,0.2552306122448979,0.2520857142857143,0.24704591836734693,0.24986632653061225,0.2496479591836735,0.24339591836734695,0.24296836734693872,0.26356326530612245,0.2598102040816327,0.2518020408163265,0.3279904761904762,0.31647619047619047,0.3012238095238095,0.29284523809523805,0.28945238095238096,0.3140523809523809,0.3032738095238095,0.3061023809523809,0.3127619047619048,0.3121690476190477,0.30177857142857145,0.2933047619047619,0.3199261904761905,0.32383333333333336,0.3035357142857143,0.36458231292517,0.36196938775510207,0.3622598639455782,0.3633530612244898,0.3634224489795918,0.36524081632653055,0.365965306122449,0.36256394557823124,0.35753945578231294,0.3717122448979592,0.37035714285714283,0.3683585034013606,0.3744374149659864,0.3732013605442177,0.3734299319727891,Female,21,Teen,Tertiary,S,NC,CSD499DV04f21_info1_250Hz_gu2_AEP.conn
CSD499E9F21,CSD499E9f21_info1_250Hz_gu2_AEP.conn,gu2,0.16475238095238096,0.1638904761904762,0.1651047619047619,0.1621904761904762,0.1637380952380952,0.16897142857142855,0.15737142857142858,0.1535952380952381,0.15146190476190477,0.15663333333333332,0.15679523809523813,0.15774285714285716,0.2053095238095238,0.20845714285714287,0.1915238095238095,0.33740571428571425,0.32633999999999996,0.32132571428571427,0.3229457142857143,0.32494,0.3145942857142857,0.3220342857142857,0.32627428571428574,0.31412,0.31836000000000003,0.30977714285714286,0.31047428571428565,0.35578,0.35228000000000004,0.3252771428571429,0.2993285714285715,0.29097142857142855,0.2952542857142857,0.29958000000000007,0.3010285714285714,0.2851057142857143,0.28992285714285715,0.28550285714285717,0.29064285714285715,0.2893228571428571,0.2964428571428572,0.30636857142857143,0.2927828571428571,0.29494571428571426,0.30216000000000004,0.22229693877551018,0.22835918367346944,0.23017448979591837,0.22491122448979595,0.22509999999999994,0.22189183673469387,0.22770408163265307,0.22876734693877548,0.22678265306122447,0.23343673469387757,0.23002857142857144,0.22357755102040813,0.22256122448979593,0.22312244897959183,0.22917959183673473,0.24887619047619047,0.23704285714285714,0.2345357142857143,0.23888571428571426,0.24645714285714285,0.23615,0.23703571428571427,0.2349809523809524,0.23618095238095238,0.24389523809523814,0.24077380952380956,0.2461142857142857,0.24437380952380952,0.24035000000000004,0.2357595238095238,0.28497346938775514,0.28328435374149663,0.28421768707482997,0.2858319727891156,0.2832340136054422,0.2720557823129252,0.2731918367346938,0.2761659863945578,0.2770489795918368,0.29277551020408166,0.2891884353741497,0.28816870748299317,0.28514965986394564,0.28556734693877556,0.29297142857142855,Female,21,Teen,Tertiary,E,NC,CSD499E9f21_info1_250Hz_gu2_AEP.conn
CSD499B8F21,CSD499B8f21_info1_250Hz_gu2_AEP.conn,gu2,0.14945714285714287,0.14010476190476187,0.14304761904761906,0.14748571428571428,0.15234761904761904,0.17183333333333337,0.1734190476190476,0.16246666666666668,0.14775238095238094,0.15821428571428572,0.1452952380952381,0.13653809523809524,0.18533333333333332,0.18169523809523813,0.18454285714285712,0.2550028571428572,0.24996000000000002,0.25342,0.25178,0.2565514285714286,0.27660285714285715,0.2724371428571429,0.25945999999999997,0.25354,0.26612285714285716,0.2624457142857143,0.25145428571428574,0.2834542857142857,0.27416857142857143,0.28101714285714285,0.2807228571428571,0.27657714285714285,0.2722399999999999,0.26906285714285716,0.27269714285714286,0.28077142857142856,0.28264,0.2725685714285714,0.26807714285714285,0.2907885714285714,0.2879057142857143,0.2852742857142857,0.28575428571428574,0.27603428571428573,0.28562000000000004,0.21183265306122445,0.20918877551020407,0.21004387755102036,0.21280204081632653,0.21933979591836733,0.21440510204081636,0.22097857142857144,0.2215438775510204,0.2195387755102041,0.20770102040816324,0.21095510204081633,0.21767755102040812,0.22594591836734693,0.22413877551020409,0.22177755102040814,0.20671666666666666,0.2189095238095238,0.23027380952380952,0.23407857142857144,0.23551904761904763,0.2204761904761905,0.22023571428571428,0.21502380952380953,0.20856904761904763,0.2175095238095238,0.22828809523809523,0.23121666666666665,0.20466904761904767,0.20021666666666668,0.2154904761904762,0.284561224489796,0.2869972789115646,0.29197074829931974,0.2899945578231292,0.28439591836734696,0.2864707482993198,0.2845360544217687,0.28130544217687076,0.28522176870748295,0.28629591836734697,0.2912863945578231,0.2919265306122449,0.2894523809523809,0.28757142857142864,0.28764965986394564,Female,21,Teen,Tertiary,S,NC,CSD499B8f21_info1_250Hz_gu2_AEP.conn
CSD499LS06F20,CSD499LS06f20_info1_250Hz_gu2_AEP.conn,gu2,0.2107190476190476,0.21641428571428575,0.2254142857142857,0.2229476190476191,0.22824761904761903,0.2509904761904762,0.23238095238095238,0.21712380952380952,0.2118190476190476,0.2207619047619048,0.22875238095238096,0.2262380952380952,0.25997619047619047,0.25,0.26804761904761903,0.3393828571428571,0.33542571428571427,0.33112285714285716,0.3369628571428572,0.33375714285714286,0.36734857142857147,0.3591457142857143,0.3473828571428571,0.34535714285714286,0.34136000000000005,0.33873714285714285,0.3373,0.38298000000000004,0.3738228571428571,0.36481714285714284,0.31111714285714287,0.3067914285714286,0.30856,0.30137142857142857,0.2963542857142857,0.2954,0.30844,0.31170857142857145,0.31078285714285714,0.29969714285714283,0.3017885714285714,0.2933057142857142,0.3033914285714286,0.3115428571428571,0.29608857142857137,0.2040877551020408,0.2042418367346939,0.20256632653061227,0.20484285714285716,0.20488979591836734,0.19539387755102042,0.1919,0.18999591836734694,0.19253163265306122,0.20362346938775508,0.20629489795918365,0.21921326530612245,0.19350612244897955,0.19434897959183675,0.2123469387755102,0.22061428571428573,0.22961190476190477,0.23386666666666667,0.2377214285714286,0.24168571428571428,0.2301619047619048,0.22280476190476187,0.21592380952380955,0.2198190476190476,0.23207380952380952,0.23871190476190474,0.2414738095238095,0.2387880952380952,0.23612619047619052,0.24359761904761904,0.29152993197278915,0.296034693877551,0.2975727891156463,0.2924795918367347,0.28945170068027215,0.2886836734693877,0.28222993197278906,0.2838707482993198,0.287421768707483,0.30043741496598636,0.2968374149659864,0.29018231292517005,0.29724285714285714,0.29691564625850336,0.30542380952380954,Female,20,Teen,Tertiary,S,NC,CSD499LS06f20_info1_250Hz_gu2_AEP.conn
CSD499AB04G21,CSD499AB04g21_info1_250Hz_gu2_AEP.conn,gu2,0.2034142857142857,0.2130904761904762,0.2109952380952381,0.20925714285714284,0.20160476190476193,0.20968571428571425,0.17902857142857143,0.17346190476190473,0.17765714285714287,0.21173809523809525,0.21727619047619048,0.21604761904761904,0.20306666666666665,0.19337142857142856,0.25166666666666665,0.3266914285714285,0.31862857142857137,0.3230657142857143,0.3381114285714285,0.33479714285714285,0.3410942857142857,0.3190542857142857,0.32174,0.3346457142857143,0.31625714285714285,0.3211857142857143,0.32924857142857145,0.34227428571428575,0.3407114285714286,0.3505314285714286,0.33130571428571426,0.3352371428571429,0.3373885714285715,0.3446542857142857,0.3471142857142857,0.3482657142857143,0.3496885714285714,0.33747142857142853,0.32815428571428573,0.3405485714285714,0.3387057142857143,0.34183142857142856,0.3522571428571429,0.33595428571428576,0.34168571428571426,0.24695102040816325,0.24848877551020407,0.24871938775510202,0.246334693877551,0.24724897959183673,0.24978979591836742,0.2506010204081633,0.24822040816326532,0.24777551020408167,0.25519591836734695,0.2534051020408164,0.2518826530612245,0.2504265306122449,0.2505734693877551,0.2593683673469388,0.23322142857142855,0.24241190476190477,0.2418809523809524,0.2254761904761905,0.21535238095238096,0.2384071428571429,0.23867142857142853,0.24127380952380953,0.24326190476190476,0.2493761904761905,0.2502,0.23751190476190479,0.23529999999999998,0.24186190476190475,0.25070476190476193,0.30146938775510207,0.3046353741496598,0.30027959183673464,0.30020068027210883,0.3009571428571429,0.2870156462585034,0.2883598639455783,0.29141564625850336,0.29049183673469386,0.3041755102040816,0.3021061224489796,0.30615918367346945,0.29898231292517014,0.29840612244897957,0.30446870748299315,Female,21,Teen,Tertiary,A,NC,CSD499AB04g21_info1_250Hz_gu2_AEP.conn
CSD499CS02F20,CSD499CS02f20_info1_250Hz_gu2_AEP.conn,gu2,0.12202380952380953,0.12608571428571427,0.1279904761904762,0.12888571428571427,0.12537619047619045,0.14370952380952381,0.13263809523809525,0.1175095238095238,0.11617142857142859,0.1293238095238095,0.12653333333333336,0.13112857142857143,0.1646952380952381,0.1530142857142857,0.17217142857142856,0.2640857142857143,0.2577542857142857,0.2492714285714286,0.25311142857142854,0.25564,0.2607142857142858,0.26111999999999996,0.2512542857142857,0.24857428571428572,0.2529742857142857,0.24369142857142853,0.24405142857142859,0.26550571428571434,0.2589542857142857,0.26681428571428567,0.2214657142857143,0.21886285714285716,0.2209114285714286,0.21772,0.22108857142857138,0.21975428571428565,0.2165542857142857,0.21140571428571428,0.21687428571428571,0.22182285714285715,0.2215457142857143,0.21540857142857145,0.2189828571428572,0.21276285714285717,0.2301542857142857,0.1665071428571429,0.15979591836734694,0.157965306122449,0.15959285714285715,0.16065714285714283,0.16505816326530612,0.16322857142857147,0.1681285714285714,0.17116734693877553,0.1643969387755102,0.16101020408163264,0.16105102040816324,0.16457142857142856,0.16993367346938776,0.16436938775510204,0.19463095238095238,0.19759523809523813,0.19160476190476192,0.18632380952380953,0.18203809523809522,0.17910238095238096,0.18869285714285713,0.19294285714285717,0.1893404761904762,0.19458333333333333,0.19402142857142857,0.18783333333333332,0.19455476190476192,0.19470952380952386,0.19736428571428574,0.24543469387755104,0.24501836734693883,0.24654897959183675,0.24992857142857142,0.2502775510204082,0.25620340136054426,0.25638435374149654,0.2510972789115646,0.24500068027210883,0.24950748299319725,0.2522115646258503,0.2540945578231293,0.26603333333333334,0.2610578231292517,0.2614013605442177,Female,20,Teen,Tertiary,S,NC,CSD499CS02f20_info1_250Hz_gu2_AEP.conn
NIH01C02B19,NIH01C02b19_info1_250Hz_gu2_AEP.conn,gu2,0.16397619047619047,0.1604190476190476,0.16414285714285715,0.15305714285714286,0.1458904761904762,0.19613809523809522,0.19880952380952377,0.18714285714285714,0.17616666666666667,0.15096666666666667,0.16127619047619046,0.15374761904761905,0.23197142857142858,0.21454761904761907,0.20194285714285712,0.32273428571428575,0.31679142857142856,0.3120971428571428,0.3087314285714286,0.3078485714285714,0.31068285714285715,0.3090914285714286,0.31632571428571427,0.325,0.32422285714285715,0.3147971428571429,0.31522285714285714,0.3559742857142857,0.3548085714285714,0.35226,0.30901428571428574,0.30424,0.30606285714285714,0.3138657142857143,0.31438,0.3133428571428571,0.32808,0.32612857142857143,0.33306,0.3043657142857143,0.2973685714285715,0.29942285714285716,0.3186514285714286,0.31488285714285713,0.3123514285714285,0.2433826530612245,0.23142755102040818,0.2339357142857143,0.24002857142857145,0.2460530612244898,0.22311734693877558,0.22270612244897955,0.2314112244897959,0.2368173469387755,0.2342469387755102,0.23156938775510197,0.23453163265306123,0.22128469387755104,0.22695,0.23060816326530612,0.21869047619047619,0.2185166666666667,0.22359285714285715,0.2325547619047619,0.23932619047619053,0.2245690476190476,0.2260214285714286,0.23364523809523816,0.2357595238095238,0.22810238095238097,0.22921428571428573,0.23031904761904762,0.2233619047619048,0.23018095238095237,0.22683095238095233,0.27998911564625845,0.2790918367346939,0.2809340136054421,0.2829401360544218,0.2880897959183673,0.29178979591836735,0.2910707482993198,0.2905265306122449,0.28377278911564624,0.28402176870748297,0.28625034013605444,0.2867700680272109,0.30284081632653054,0.30024965986394553,0.2963721088435374,Male,19,Teen,Tertiary,C,C,NIH01C02b19_info1_250Hz_gu2_AEP.conn
CSD499KK01F21,CSD499KK01f21_info1_250Hz_gu2_AEP.conn,gu2,0.18247619047619046,0.18200000000000002,0.19077619047619046,0.19238095238095235,0.19421904761904762,0.1942142857142857,0.18500952380952382,0.17167142857142859,0.1500238095238095,0.18066666666666664,0.18537142857142855,0.19000000000000003,0.2112047619047619,0.20893333333333333,0.21435714285714283,0.30285428571428574,0.2978742857142857,0.29787714285714284,0.29889142857142853,0.2974971428571429,0.28599142857142856,0.28369428571428573,0.28367714285714285,0.2787257142857143,0.29733714285714286,0.2929257142857143,0.28901714285714286,0.30757142857142855,0.31527714285714287,0.31653714285714285,0.26918,0.28292857142857136,0.2754257142857143,0.2741657142857143,0.26599999999999996,0.2504771428571429,0.24943428571428572,0.24665428571428566,0.2529571428571428,0.2931942857142857,0.28742285714285715,0.27508857142857146,0.2548285714285714,0.25613714285714284,0.29172571428571425,0.18540408163265304,0.17988265306122447,0.1734673469387755,0.1676,0.15941632653061227,0.1682132653061225,0.17200918367346943,0.17587346938775508,0.18093571428571428,0.17875714285714284,0.1739091836734694,0.17263163265306122,0.17344693877551023,0.17715102040816327,0.17342244897959183,0.16908809523809523,0.1734595238095238,0.1779547619047619,0.16660952380952382,0.16415714285714286,0.1568,0.15705952380952382,0.15592619047619047,0.15641190476190475,0.17873809523809525,0.17577857142857142,0.16425714285714285,0.16754999999999998,0.1618071428571429,0.16460238095238097,0.23591564625850336,0.23994013605442177,0.2466986394557823,0.25688503401360546,0.2594972789115646,0.24723741496598642,0.24470204081632652,0.2442204081632653,0.24411836734693879,0.24549251700680272,0.25424761904761906,0.26183537414965985,0.26037755102040816,0.26133333333333336,0.2546435374149659,Female,21,Teen,Tertiary,C,C,CSD499KK01f21_info1_250Hz_gu2_AEP.conn
R16CTEEN06G16,R16Cteen06g16_info1_250Hz_gu2_AEP.conn,gu2,0.29786666666666667,0.3022142857142857,0.305252380952381,0.3011,0.2939904761904762,0.30460952380952383,0.3054619047619047,0.309547619047619,0.30888571428571426,0.28354761904761905,0.28899523809523814,0.29700476190476194,0.34732857142857143,0.34910476190476186,0.3083047619047619,0.40303428571428573,0.40583714285714284,0.39922,0.39392285714285713,0.3874000000000001,0.3844714285714286,0.3781657142857142,0.3742142857142857,0.38016,0.3960628571428571,0.3933742857142858,0.38487142857142853,0.3825228571428571,0.3810057142857143,0.4067314285714286,0.34275142857142854,0.34128857142857144,0.33207714285714285,0.32575714285714286,0.3216085714285714,0.3095685714285714,0.31724,0.31493714285714286,0.3054371428571429,0.3328028571428571,0.33156285714285716,0.3235,0.3130857142857143,0.31146571428571423,0.3224142857142857,0.2882214285714286,0.28828367346938777,0.2885938775510204,0.28813469387755103,0.28372755102040814,0.28707244897959183,0.2904122448979592,0.2913285714285715,0.29100408163265307,0.2837030612244898,0.28320102040816325,0.2822051020408163,0.2864387755102041,0.2873591836734694,0.27462040816326533,0.35113333333333335,0.34611428571428576,0.3427952380952381,0.34675000000000006,0.34290714285714285,0.34023571428571425,0.3463428571428571,0.3492928571428571,0.35479047619047616,0.3504428571428571,0.35169999999999996,0.35169047619047616,0.3584833333333333,0.36108809523809526,0.3471142857142857,0.3283,0.3250816326530613,0.32658979591836734,0.32407210884353743,0.3238721088435374,0.31875238095238095,0.3216748299319728,0.320747619047619,0.3216938775510204,0.3323244897959184,0.33609659863945585,0.3332734693877551,0.3424952380952381,0.3414204081632653,0.33939659863945576,Female,16,Teen,Secondary,C,C,R16Cteen06g16_info1_250Hz_gu2_AEP.conn
NIH01C01B17,NIH01C01b17_info1_250Hz_gu2_AEP.conn,gu2,0.3449,0.33233809523809527,0.3508047619047619,0.34672857142857144,0.3305571428571429,0.3617333333333333,0.35478095238095236,0.35117619047619053,0.35395238095238096,0.3492380952380952,0.3621285714285714,0.35204285714285716,0.40238095238095245,0.3970952380952381,0.3912333333333333,0.46751714285714285,0.47487142857142856,0.48995714285714287,0.4933885714285715,0.4981628571428572,0.5119914285714285,0.5032828571428571,0.4904628571428572,0.4826114285714286,0.4670914285714286,0.49001714285714293,0.4990285714285715,0.5128742857142857,0.5137914285714286,0.5049285714285714,0.41212857142857146,0.4140142857142857,0.41834,0.41977142857142863,0.4277628571428571,0.37313428571428575,0.3725171428571429,0.40885428571428567,0.4363371428571428,0.41862857142857146,0.4171742857142857,0.4145142857142858,0.3753,0.4093714285714286,0.4389542857142857,0.3590612244897959,0.35892346938775505,0.3609377551020408,0.36040204081632654,0.3664469387755101,0.35126428571428575,0.3548795918367347,0.3561642857142857,0.37207244897959185,0.35836632653061223,0.3596683673469388,0.3620030612244899,0.3569551020408163,0.35651326530612243,0.3683969387755102,0.43717857142857136,0.4326452380952381,0.43677380952380956,0.4465047619047619,0.44528809523809526,0.4501095238095238,0.44016666666666665,0.42747142857142856,0.43225476190476186,0.431602380952381,0.42994047619047615,0.4352190476190476,0.4292404761904762,0.4254166666666666,0.42431904761904765,0.37663197278911564,0.3835312925170068,0.38454761904761914,0.3845687074829932,0.3855823129251701,0.37844421768707487,0.3889727891156463,0.3928727891156464,0.3929394557823129,0.38299387755102043,0.3821081632653061,0.3818802721088436,0.3984074829931973,0.39999931972789116,0.3834272108843538,Male,17,Teen,Secondary,C,C,NIH01C01b17_info1_250Hz_gu2_AEP.conn
R16TEEN5CB16,R16Teen5Cb16_info1_250Hz_gu2_AEP.conn,gu2,0.2932238095238095,0.2984476190476191,0.31838095238095243,0.33322857142857143,0.31610000000000005,0.2976809523809524,0.3100809523809524,0.30769047619047624,0.30473333333333336,0.30984285714285714,0.331452380952381,0.3388047619047619,0.35942380952380953,0.35530952380952385,0.3805619047619048,0.43858857142857144,0.42745428571428573,0.41686000000000006,0.4147342857142857,0.4082171428571429,0.44035714285714284,0.4418171428571428,0.43375142857142857,0.4243485714285714,0.43916571428571427,0.4252142857142857,0.4148485714285714,0.46048285714285714,0.45538285714285714,0.45618,0.41633714285714285,0.42199142857142863,0.4234571428571428,0.41662,0.41038571428571435,0.4196114285714286,0.40052571428571426,0.4041314285714286,0.41424000000000005,0.4206371428571429,0.4200028571428572,0.4099971428571429,0.3852285714285714,0.38738,0.4084714285714286,0.2947051020408163,0.29057244897959184,0.295054081632653,0.2983938775510205,0.2984428571428572,0.2973622448979592,0.2869438775510204,0.2824734693877551,0.29198367346938775,0.2954928571428571,0.2946530612244898,0.2970469387755102,0.2884795918367347,0.2803704081632653,0.28611938775510204,0.3820357142857143,0.3818619047619048,0.3827690476190477,0.38212380952380953,0.3901690476190476,0.40262380952380955,0.39237619047619043,0.3884690476190476,0.39505714285714283,0.3952928571428571,0.39344285714285715,0.3940833333333333,0.4046809523809523,0.40343095238095233,0.4066690476190476,0.352112925170068,0.35217142857142864,0.35351360544217686,0.3496632653061224,0.3497156462585034,0.36277482993197274,0.36348979591836733,0.36801224489795914,0.36667482993197276,0.35612857142857146,0.353908843537415,0.352757142857143,0.3700401360544218,0.3758897959183673,0.3556993197278911,Male,16,Teen,Secondary,C,C,R16Teen5Cb16_info1_250Hz_gu2_AEP.conn
MMS08M24,mms08m24_250Hz_gu2_AEP.conn,gu2,0.14085238095238098,0.14803809523809527,0.15553333333333333,0.15275238095238095,0.1503857142857143,0.13527619047619047,0.13241904761904763,0.13618095238095237,0.13502857142857141,0.14032857142857144,0.1452238095238095,0.14816666666666667,0.17957619047619047,0.184147619047619,0.18659523809523812,0.25197714285714284,0.25072,0.2587028571428571,0.25989999999999996,0.25747714285714285,0.25145999999999996,0.2576542857142857,0.2673028571428571,0.26578285714285715,0.24736285714285713,0.25041714285714284,0.25082,0.2804171428571429,0.2844057142857143,0.27294285714285715,0.2992114285714286,0.3033485714285714,0.30479142857142855,0.2994542857142858,0.29291428571428574,0.29602,0.30140571428571433,0.29978,0.3007628571428571,0.29833714285714286,0.30819142857142856,0.30342,0.30196285714285714,0.29795714285714286,0.30287714285714284,0.210715306122449,0.21037244897959187,0.2152326530612245,0.215034693877551,0.2140163265306123,0.21562448979591833,0.21486734693877557,0.2157948979591837,0.2147061224489796,0.21134999999999995,0.21564795918367347,0.2167234693877551,0.21671122448979593,0.21919591836734692,0.21667346938775506,0.2000761904761905,0.20118095238095238,0.19717619047619048,0.19001190476190477,0.18839523809523814,0.1994595238095238,0.20060714285714284,0.20616428571428572,0.2018309523809524,0.21021666666666664,0.20592142857142856,0.19612857142857143,0.1989404761904762,0.19656904761904762,0.2108952380952381,0.23175238095238093,0.22833061224489795,0.22387210884353742,0.2233013605442177,0.22453605442176877,0.22906394557823131,0.2297659863945578,0.23126326530612248,0.2297272108843537,0.23475034013605445,0.231621768707483,0.23193061224489797,0.24719319727891156,0.24781496598639455,0.2388700680272109,Male,24,Adult,Adult,C,C,mms08m24_250Hz_gu2_AEP.conn
MMS14F25,mms14f25_250Hz_gu2_AEP.conn,gu2,0.25610952380952384,0.26084761904761905,0.2572142857142857,0.25265714285714286,0.2551904761904762,0.2483952380952381,0.25159523809523804,0.25323333333333337,0.24329047619047617,0.2540047619047619,0.2579714285714286,0.2644285714285714,0.2846809523809524,0.27886190476190476,0.2783380952380952,0.3681857142857143,0.3775028571428572,0.3850057142857143,0.38864,0.3928542857142857,0.3758828571428572,0.37947428571428576,0.3799257142857143,0.38095428571428575,0.38271714285714287,0.3824,0.38122,0.3955942857142857,0.3951542857142857,0.39165142857142854,0.35018857142857146,0.3433828571428572,0.3508542857142857,0.3569885714285714,0.35704857142857144,0.35068857142857135,0.3470914285714286,0.3574771428571429,0.35893428571428576,0.35428,0.35757428571428573,0.3581057142857143,0.36489714285714286,0.3716228571428572,0.3620542857142857,0.2730030612244898,0.26844489795918364,0.2745418367346939,0.27787551020408163,0.2793867346938776,0.2754408163265306,0.27949591836734694,0.2837744897959184,0.2789316326530612,0.27462551020408166,0.2784857142857143,0.2729816326530613,0.27544285714285716,0.27377244897959185,0.2702551020408163,0.23502380952380952,0.23322619047619045,0.2373714285714286,0.24102380952380953,0.2392619047619048,0.2397190476190476,0.2318119047619048,0.233002380952381,0.23308571428571426,0.24286666666666668,0.24557857142857142,0.24547857142857143,0.22330238095238095,0.22372380952380952,0.23376904761904763,0.29807687074829936,0.29217210884353745,0.29267278911564626,0.2959673469387755,0.2992326530612245,0.28830204081632654,0.28527346938775505,0.28417755102040815,0.2842605442176871,0.30395714285714287,0.2998176870748299,0.3039639455782313,0.2934979591836735,0.29318843537414974,0.3057210884353742,Female,25,Adult,Adult,C,C,mms14f25_250Hz_gu2_AEP.conn
EES15F31,ees15f31_250Hz_gu2_AEP.conn,gu2,0.1616047619047619,0.16139523809523812,0.15944285714285714,0.1488857142857143,0.14035714285714285,0.1480047619047619,0.14095238095238094,0.14156190476190478,0.1542666666666667,0.1532238095238095,0.15263333333333332,0.1468142857142857,0.20061428571428574,0.19606666666666664,0.19369523809523806,0.2813485714285714,0.2778428571428571,0.2816914285714286,0.29027142857142857,0.29654857142857144,0.27812857142857145,0.28171999999999997,0.2767657142857143,0.27628571428571425,0.2811171428571429,0.2818085714285714,0.2921114285714286,0.31355428571428573,0.31086285714285716,0.3027171428571428,0.25866,0.2566085714285714,0.25966857142857147,0.2687057142857143,0.27242571428571427,0.2482285714285714,0.24971714285714283,0.25101142857142855,0.24938857142857143,0.24733142857142854,0.25130285714285716,0.26416285714285714,0.24580571428571427,0.2478171428571429,0.24538285714285712,0.1685122448979592,0.16457857142857144,0.16134081632653066,0.16296938775510203,0.16274081632653062,0.16236632653061225,0.16054081632653064,0.1598969387755102,0.16548571428571426,0.1711724489795918,0.1656061224489796,0.16522244897959187,0.1657122448979592,0.16855102040816328,0.1758265306122449,0.2036690476190476,0.20367857142857146,0.19927380952380955,0.1909761904761905,0.19130000000000003,0.18851666666666667,0.19612142857142856,0.20375238095238093,0.2063047619047619,0.21190238095238098,0.2059642857142857,0.2012238095238095,0.21466666666666664,0.22216428571428573,0.2007309523809524,0.23821496598639455,0.23823877551020411,0.23755782312925172,0.23677891156462585,0.2367727891156463,0.23054625850340135,0.23198231292517002,0.2324374149659864,0.23309319727891156,0.24184489795918368,0.24117006802721092,0.2402360544217687,0.250591156462585,0.25052244897959186,0.24378911564625852,Female,31,Adult,Adult,E,NC,ees15f31_250Hz_gu2_AEP.conn
EES24F29,EES24F29_250Hz_gu2_AEP.conn,gu2,0.21670952380952382,0.20812857142857144,0.2112047619047619,0.21200476190476192,0.2103761904761905,0.22528571428571428,0.22422857142857142,0.21888095238095237,0.2166857142857143,0.20039523809523807,0.20559047619047618,0.2091047619047619,0.25206190476190476,0.24765238095238096,0.246052380952381,0.30566857142857146,0.3068628571428571,0.30279999999999996,0.30025999999999997,0.30653142857142857,0.29162571428571427,0.3025514285714286,0.30362285714285714,0.2944685714285714,0.30466571428571426,0.3007114285714286,0.29770857142857143,0.32941428571428566,0.3272685714285714,0.3202628571428571,0.26135714285714284,0.25742000000000004,0.26348285714285713,0.2562685714285714,0.2633085714285714,0.2769028571428572,0.27364,0.2783971428571429,0.2796057142857143,0.26084,0.26485142857142857,0.26223714285714295,0.28239428571428576,0.29103999999999997,0.26284571428571424,0.21826530612244896,0.22231836734693874,0.22159591836734696,0.21983265306122451,0.21811326530612246,0.21599183673469383,0.21782857142857145,0.22628979591836734,0.23093265306122449,0.21867346938775514,0.21828979591836734,0.21670306122448982,0.21696020408163266,0.2228877551020408,0.21382448979591837,0.2169214285714286,0.21891190476190472,0.2213547619047619,0.22117619047619044,0.21550238095238095,0.22535714285714284,0.22655476190476187,0.22485476190476192,0.2243166666666667,0.2298309523809524,0.2337904761904762,0.23790476190476192,0.22721190476190478,0.22771904761904763,0.23656190476190478,0.28957210884353735,0.2897231292517007,0.28778639455782307,0.2846421768707484,0.279947619047619,0.27212040816326527,0.27495986394557825,0.27810408163265304,0.2844945578231292,0.2884414965986394,0.2864176870748299,0.28593537414965986,0.28321088435374153,0.28690136054421767,0.2861421768707483,Female,29,Adult,Adult,E,NC,EES24F29_250Hz_gu2_AEP.conn
MMS05F36,mms05f36_250Hz_gu2_AEP.conn,gu2,0.17203809523809524,0.17102380952380955,0.15883809523809525,0.15736666666666665,0.1583142857142857,0.16998095238095237,0.1740238095238095,0.18284761904761904,0.18499047619047618,0.1701904761904762,0.16297142857142857,0.1626857142857143,0.20160476190476193,0.20633809523809524,0.20837619047619046,0.26436285714285707,0.26500285714285715,0.26486,0.26393428571428573,0.25818285714285716,0.2898657142857143,0.2838171428571429,0.28025999999999995,0.27696571428571426,0.2674714285714286,0.26606,0.2657971428571429,0.30472,0.29995142857142854,0.28741142857142854,0.24654285714285712,0.25176857142857145,0.25288,0.24962285714285715,0.24086,0.2549285714285714,0.2574342857142857,0.2612657142857143,0.2605857142857143,0.24644857142857143,0.2558542857142857,0.2597114285714286,0.2642257142857143,0.26460285714285714,0.26200285714285715,0.1873826530612245,0.18991122448979594,0.19267959183673472,0.19436938775510207,0.19350204081632658,0.18398469387755098,0.18309081632653063,0.18495612244897958,0.18438979591836735,0.1911887755102041,0.19269081632653062,0.1926448979591837,0.18671020408163264,0.1859204081632653,0.19319285714285717,0.21721666666666664,0.2152619047619048,0.21520238095238095,0.22293333333333334,0.22671666666666668,0.20757857142857147,0.20373571428571427,0.20229285714285716,0.19791904761904758,0.225,0.22298571428571431,0.2264142857142857,0.21666428571428573,0.21665238095238096,0.21933095238095238,0.25137006802721085,0.2575054421768707,0.2614442176870748,0.25718231292517,0.24701360544217688,0.250660544217687,0.25445102040816325,0.252678231292517,0.25231156462585036,0.26546666666666663,0.27139863945578235,0.26654897959183677,0.26166938775510207,0.2611646258503401,0.27266258503401364,Female,36,Adult,Adult,C,C,mms05f36_250Hz_gu2_AEP.conn
MMS09F24,mms09f24_250Hz_gu2_AEP.conn,gu2,0.18266666666666667,0.1774904761904762,0.17879047619047617,0.1904619047619048,0.19156666666666666,0.18598571428571428,0.19208095238095238,0.20045714285714286,0.20703333333333332,0.17755714285714286,0.17727142857142855,0.19518095238095237,0.2342,0.24214761904761906,0.22683333333333333,0.24958285714285716,0.25147714285714284,0.24882857142857145,0.24504857142857142,0.2408914285714286,0.2326771428571429,0.2305485714285714,0.23546857142857144,0.2419314285714286,0.26632285714285714,0.26254857142857146,0.2547628571428572,0.2676,0.2750771428571429,0.28876,0.24776285714285712,0.25108,0.2508657142857143,0.2464342857142857,0.24904571428571426,0.26204285714285713,0.26198,0.2550514285714286,0.2509,0.24933428571428573,0.25038571428571427,0.2469085714285714,0.25604857142857146,0.2537028571428571,0.2496114285714286,0.1949438775510204,0.18874285714285713,0.18632346938775507,0.1856663265306122,0.18406734693877552,0.1985979591836735,0.19578367346938777,0.195584693877551,0.19277755102040817,0.1909938775510204,0.18958163265306124,0.1876908163265306,0.2028530612244898,0.20112244897959183,0.18956428571428569,0.21563571428571426,0.21757619047619048,0.22654285714285716,0.23356904761904762,0.2365761904761905,0.22506428571428572,0.21702142857142856,0.21071190476190474,0.2045904761904762,0.22667857142857142,0.23024761904761906,0.23511904761904764,0.24652619047619048,0.2404738095238095,0.24315476190476193,0.25348503401360545,0.2541469387755102,0.2562462585034014,0.25676530612244897,0.25452380952380954,0.25354421768707486,0.2508510204081633,0.24544285714285716,0.2422047619047619,0.26047278911564625,0.2613319727891157,0.26041632653061225,0.2600299319727891,0.2578680272108843,0.26685578231292517,Female,24,Adult,Adult,C,C,mms09f24_250Hz_gu2_AEP.conn
EES12F24,ees12f24_250Hz_gu2_AEP.conn,gu2,0.19290952380952378,0.2243047619047619,0.21015714285714285,0.2047190476190476,0.19989523809523813,0.18672380952380951,0.1952095238095238,0.20493809523809525,0.21318095238095236,0.21809523809523812,0.18987142857142858,0.1896,0.22305238095238092,0.23920952380952384,0.22113809523809524,0.2980971428571429,0.2969571428571428,0.3037371428571428,0.3081257142857143,0.28565142857142856,0.29047142857142855,0.28294571428571424,0.2848114285714286,0.2942828571428572,0.2933,0.2933514285714286,0.2919771428571428,0.31223142857142855,0.3097657142857143,0.3082571428571429,0.29582571428571425,0.3061228571428572,0.30545714285714287,0.2942971428571429,0.30171714285714285,0.27004,0.27843999999999997,0.2876457142857143,0.29990285714285714,0.2960857142857143,0.30166,0.28809142857142855,0.29275142857142855,0.29192,0.29896,0.1960244897959184,0.19554387755102046,0.19476326530612245,0.20025102040816328,0.20814897959183676,0.2010581632653061,0.19373265306122447,0.19164183673469387,0.19821122448979597,0.1956622448979592,0.1975785714285714,0.20285510204081633,0.18714897959183677,0.1851438775510204,0.20553979591836732,0.2345452380952381,0.23538809523809526,0.24203571428571433,0.2374238095238095,0.23653095238095237,0.23651666666666668,0.23260238095238098,0.2292666666666667,0.23957857142857142,0.2597619047619048,0.26953809523809524,0.25812380952380953,0.2541880952380952,0.24604523809523807,0.2778404761904762,0.2817557823129252,0.2838687074829932,0.279904081632653,0.27488435374149656,0.2695034013605442,0.27574217687074826,0.2711938775510204,0.26813401360544215,0.2701142857142857,0.28343197278911564,0.2846748299319728,0.2843727891156463,0.28872312925170074,0.2831564625850341,0.2956605442176871,Female,24,Adult,Adult,E,NC,ees12f24_250Hz_gu2_AEP.conn
EES13M27,ees13m27_250Hz_gu2_AEP.conn,gu2,0.1613619047619048,0.16316190476190476,0.1496047619047619,0.15365238095238093,0.15616666666666668,0.15661904761904763,0.15272857142857144,0.15345714285714288,0.15074761904761905,0.1662380952380952,0.1586952380952381,0.1601285714285714,0.19259523809523812,0.19403809523809526,0.21133333333333335,0.24462857142857142,0.2439,0.24544571428571427,0.2515,0.25175714285714285,0.26325999999999994,0.26347428571428577,0.2562028571428571,0.24727428571428572,0.25959714285714286,0.26348000000000005,0.26360571428571433,0.2894,0.28340000000000004,0.29456,0.22806857142857143,0.2270771428571429,0.22682857142857146,0.23851428571428573,0.24090285714285714,0.25031714285714285,0.2457942857142857,0.24465428571428566,0.2431742857142857,0.23071999999999998,0.23184,0.23776857142857147,0.2485514285714286,0.2492514285714286,0.23920000000000002,0.19750612244897953,0.19985714285714287,0.20144489795918366,0.20298673469387757,0.19998367346938778,0.19185510204081635,0.19342857142857142,0.19643775510204084,0.2003989795918367,0.20236734693877548,0.20273673469387754,0.19731530612244902,0.19441632653061228,0.19676938775510203,0.19737857142857143,0.22615,0.2210047619047619,0.22016904761904763,0.2258404761904762,0.23250238095238088,0.22990476190476192,0.22717142857142858,0.22863333333333333,0.22547857142857142,0.2320047619047619,0.22918095238095237,0.23191428571428574,0.23634761904761903,0.23211428571428575,0.22964761904761907,0.2812530612244898,0.2795557823129252,0.27916190476190483,0.280578231292517,0.2789142857142858,0.2808469387755102,0.2831047619047619,0.286965306122449,0.29064013605442174,0.2892850340136054,0.2881707482993197,0.28913401360544216,0.29132857142857144,0.2948353741496599,0.29466666666666663,Male,27,Adult,Adult,E,NC,ees13m27_250Hz_gu2_AEP.conn
MMS15M25,mms15m25_250Hz_gu2_AEP.conn,gu2,0.13125714285714288,0.13084285714285715,0.1267142857142857,0.13500476190476188,0.13842380952380953,0.1410380952380952,0.14878095238095237,0.15189523809523808,0.15250952380952382,0.1218190476190476,0.1225095238095238,0.12311428571428572,0.1894761904761905,0.19143333333333334,0.17170952380952384,0.2750914285714286,0.27181714285714287,0.2642342857142857,0.2634457142857143,0.26987714285714287,0.2674428571428571,0.26854857142857147,0.2744314285714286,0.2797914285714286,0.2785114285714286,0.27293142857142855,0.2658885714285714,0.30080285714285715,0.2985685714285714,0.30086285714285715,0.29569999999999996,0.2979257142857143,0.3015028571428572,0.2976285714285714,0.2983114285714286,0.30675142857142856,0.3053,0.3033657142857143,0.29731428571428575,0.30830857142857143,0.3102942857142857,0.30367714285714287,0.3141342857142857,0.31266,0.3099085714285715,0.19779795918367343,0.1948091836734694,0.1948265306122449,0.19497142857142855,0.19635612244897963,0.19408775510204082,0.19366734693877546,0.19403367346938774,0.19381734693877553,0.19042857142857145,0.19136530612244895,0.19199183673469386,0.18946938775510205,0.18986938775510206,0.186265306122449,0.19664523809523812,0.19396190476190478,0.1897309523809524,0.18163809523809524,0.17769523809523805,0.17742619047619046,0.17658333333333331,0.1737261904761905,0.17370476190476192,0.19663095238095238,0.19311904761904763,0.18684047619047617,0.20267857142857146,0.19918333333333335,0.1983095238095238,0.2755605442176871,0.2766523809523809,0.27460408163265304,0.2708482993197279,0.2716129251700681,0.27445170068027214,0.27489659863945587,0.27601292517006804,0.27800408163265306,0.2797700680272109,0.2784,0.2769931972789116,0.2910455782312925,0.2913836734693877,0.2866442176870748,Male,25,Adult,Adult,C,C,mms15m25_250Hz_gu2_AEP.conn
MMS11F22,mms11f22_250Hz_gu2_AEP.conn,gu2,0.17550000000000002,0.16962857142857143,0.16245238095238093,0.13857619047619046,0.12094761904761904,0.16370476190476188,0.15215714285714285,0.1479666666666667,0.15126190476190476,0.16258095238095235,0.15294285714285713,0.13649999999999998,0.19866666666666666,0.1936285714285714,0.20165238095238094,0.26700571428571424,0.2668114285714286,0.26297714285714285,0.2593628571428571,0.26314,0.2701542857142857,0.25791714285714284,0.25004,0.24418285714285717,0.26079714285714284,0.26169714285714285,0.2574942857142857,0.2833771428571429,0.28092,0.28764,0.27954285714285715,0.28606000000000004,0.2838657142857143,0.2810714285714285,0.2776257142857143,0.2946142857142857,0.29983714285714286,0.30404285714285717,0.30225142857142856,0.29254,0.29179714285714287,0.28440000000000004,0.29494857142857145,0.30798285714285717,0.30342857142857144,0.1892938775510204,0.18910714285714283,0.18312857142857145,0.18430510204081627,0.1847530612244898,0.19449795918367346,0.19416530612244895,0.19093673469387756,0.18522755102040817,0.18863673469387754,0.18357653061224496,0.18070204081632651,0.1872836734693877,0.18811632653061222,0.18480000000000002,0.15533809523809525,0.15612142857142855,0.16041666666666668,0.16635238095238095,0.1685619047619048,0.15268571428571429,0.14685714285714288,0.1413595238095238,0.14100714285714286,0.16425238095238096,0.17092857142857143,0.17737380952380954,0.16860238095238098,0.17053333333333331,0.16993571428571427,0.2677687074829932,0.2685755102040816,0.27047346938775507,0.269387074829932,0.2710265306122449,0.27381768707482995,0.2695102040816327,0.2688387755102041,0.26743537414965984,0.27586326530612243,0.27867755102040814,0.2779061224489795,0.27946870748299324,0.27984897959183674,0.2847258503401361,Female,22,Adult,Tertiary,C,C,mms11f22_250Hz_gu2_AEP.conn
MMS17M25,mms17m25_250Hz_gu2_AEP.conn,gu2,0.22910476190476192,0.2239714285714286,0.21005714285714286,0.19984285714285713,0.19893809523809522,0.21004761904761907,0.2224190476190476,0.2221904761904762,0.21286190476190478,0.20949047619047614,0.2037809523809524,0.19575714285714285,0.255047619047619,0.2524,0.23782857142857142,0.2757142857142857,0.2825971428571428,0.28364,0.2803114285714286,0.2774257142857143,0.2692714285714286,0.2688714285714286,0.2710057142857143,0.27451714285714285,0.2798457142857143,0.28426285714285715,0.28580285714285714,0.2914514285714286,0.2908942857142857,0.2984342857142857,0.33938,0.3295742857142857,0.32482285714285714,0.3210828571428571,0.3235571428571429,0.32482,0.32116285714285714,0.31910285714285713,0.32134857142857143,0.3266057142857143,0.32023999999999997,0.3171885714285714,0.3133714285714285,0.31400571428571433,0.32266,0.2946908163265306,0.2928877551020408,0.2922724489795918,0.2910071428571429,0.2896612244897959,0.28987755102040813,0.3009857142857143,0.3098204081632653,0.3067867346938775,0.30230918367346943,0.30098061224489797,0.29592244897959186,0.29920816326530614,0.3052816326530613,0.3049234693877551,0.30042619047619046,0.2969452380952381,0.293852380952381,0.29809285714285716,0.2981738095238095,0.2984642857142857,0.2979928571428571,0.3010095238095238,0.30846190476190477,0.3066404761904762,0.30099761904761907,0.3011166666666667,0.30587142857142857,0.30983571428571427,0.3108595238095238,0.3246891156462585,0.3229789115646258,0.32506122448979596,0.32636462585034015,0.3258809523809524,0.32765170068027205,0.32675374149659864,0.32251020408163267,0.3207782312925169,0.3280680272108843,0.32928231292517,0.3297850340136054,0.3382183673469387,0.33694693877551024,0.3340829931972789,Male,25,Adult,Adult,C,C,mms17m25_250Hz_gu2_AEP.conn
MMS20M28,mms20m28_250Hz_gu2_AEP.conn,gu2,0.18938571428571427,0.18516190476190478,0.18867619047619044,0.17875714285714286,0.17892857142857144,0.19566666666666666,0.1920666666666667,0.19000952380952382,0.1889142857142857,0.1859952380952381,0.19010476190476192,0.17876190476190476,0.2292761904761905,0.22423809523809524,0.22162857142857142,0.28291428571428573,0.28315999999999997,0.28421428571428564,0.28314285714285714,0.2865171428571428,0.2681428571428571,0.2686514285714286,0.26998,0.27238857142857137,0.28041142857142853,0.2796428571428572,0.27631428571428573,0.2852485714285714,0.28731999999999996,0.3072914285714286,0.26321714285714287,0.2614942857142857,0.25597428571428577,0.24705142857142856,0.24667142857142857,0.2618885714285714,0.26088000000000006,0.24941142857142856,0.24532000000000004,0.2507114285714286,0.2507685714285714,0.24234285714285714,0.25793714285714286,0.2527,0.2559142857142857,0.1981918367346939,0.20114897959183678,0.20010918367346936,0.1946295918367347,0.18970102040816325,0.1880724489795918,0.18931020408163263,0.19103877551020407,0.19236224489795917,0.19030816326530614,0.19342448979591836,0.18955510204081638,0.19294897959183674,0.19167551020408163,0.1889551020408163,0.2200047619047619,0.21615000000000004,0.20863571428571426,0.2028547619047619,0.20127142857142857,0.19925714285714288,0.19355,0.1951857142857143,0.19659047619047618,0.20773809523809528,0.20379761904761903,0.20247619047619045,0.20355238095238096,0.2067190476190476,0.20674523809523812,0.24771904761904762,0.24632312925170063,0.24318571428571426,0.24104421768707485,0.24295374149659862,0.24602108843537418,0.2461034013605442,0.24636598639455784,0.24765578231292518,0.24841836734693884,0.250143537414966,0.24989115646258503,0.25385850340136057,0.2548204081632653,0.252208843537415,Male,28,Adult,Adult,C,C,mms20m28_250Hz_gu2_AEP.conn
EES21F20,EES21F20_250Hz_gu2_AEP.conn,gu2,0.17671904761904758,0.17534285714285716,0.17450476190476194,0.17846666666666666,0.1676238095238095,0.17723809523809522,0.17200000000000001,0.16766190476190476,0.17141428571428574,0.17307619047619047,0.1677,0.1740761904761905,0.2017523809523809,0.19001428571428577,0.19833333333333333,0.2850542857142857,0.2973914285714286,0.30543714285714285,0.31200285714285714,0.30902285714285715,0.2861028571428571,0.28996285714285713,0.2922314285714286,0.28339428571428565,0.2948828571428571,0.2985228571428572,0.2973828571428571,0.30989428571428573,0.3142628571428571,0.3170685714285714,0.3054828571428571,0.30716,0.30925714285714284,0.31407142857142856,0.31433714285714287,0.30568,0.3076714285714286,0.3082228571428571,0.30304000000000003,0.2916942857142857,0.30476285714285717,0.31664857142857145,0.31062857142857137,0.3090628571428572,0.31023142857142855,0.19682142857142854,0.1940448979591837,0.19558163265306125,0.19392142857142858,0.19176224489795923,0.20181836734693878,0.19460714285714284,0.18656734693877547,0.19190306122448983,0.1927744897959184,0.19764897959183675,0.1960877551020408,0.1996295918367347,0.1899122448979592,0.1975122448979592,0.21602619047619046,0.21922857142857144,0.22182619047619045,0.21586666666666665,0.2140238095238095,0.20031666666666667,0.20545,0.19761190476190474,0.1997595238095238,0.21985714285714286,0.2163452380952381,0.21388571428571426,0.20386904761904764,0.19911428571428572,0.20106428571428572,0.23451632653061227,0.2341585034013606,0.236604081632653,0.24203197278911567,0.24204965986394558,0.23372108843537417,0.2374904761904762,0.23936258503401356,0.2413503401360544,0.24691428571428575,0.2444843537414966,0.24652789115646265,0.2535367346938775,0.25502517006802716,0.24918707482993196,Female,20,Adult,Tertiary,E,NC,EES21F20_250Hz_gu2_AEP.conn
MMS13F24,mms13f24_250Hz_gu2_AEP.conn,gu2,0.16094761904761903,0.16362857142857143,0.1588142857142857,0.1543904761904762,0.15331904761904763,0.17923809523809528,0.1846952380952381,0.17226190476190475,0.15014285714285716,0.16369523809523812,0.16625238095238093,0.16488095238095238,0.2355857142857143,0.22184285714285715,0.21638095238095242,0.2769514285714285,0.2829342857142857,0.28619714285714287,0.2833742857142857,0.2783714285714286,0.28640571428571426,0.2937857142857143,0.2935885714285714,0.29255714285714285,0.2786857142857143,0.2809028571428571,0.27736571428571427,0.31980571428571436,0.32043142857142853,0.30730571428571424,0.29322000000000004,0.2843257142857143,0.2822942857142857,0.2800057142857143,0.2801142857142857,0.27999142857142856,0.2927571428571428,0.3006885714285714,0.30136857142857143,0.2789371428571429,0.28382571428571424,0.28372285714285717,0.28128571428571425,0.2794628571428571,0.2864771428571428,0.20837857142857144,0.20399183673469393,0.20889591836734692,0.21033061224489796,0.20331122448979594,0.20662653061224492,0.21031020408163267,0.20991224489795918,0.20394285714285718,0.20533367346938775,0.21035,0.20543367346938776,0.20368061224489797,0.2051673469387755,0.2047673469387755,0.18737380952380953,0.18528333333333333,0.1766738095238095,0.18199047619047617,0.1759333333333333,0.18891666666666665,0.18166190476190477,0.1835142857142857,0.19201904761904762,0.18048571428571433,0.17575714285714283,0.18163571428571426,0.19287380952380953,0.19401904761904762,0.17860714285714285,0.2514578231292517,0.24934557823129253,0.25363809523809516,0.2585074829931973,0.2630612244897959,0.2551836734693877,0.2566734693877551,0.25534489795918375,0.2570816326530612,0.2495734693877551,0.2535163265306123,0.2610489795918367,0.2733571428571429,0.272004081632653,0.2580231292517007,Female,24,Adult,Adult,C,C,mms13f24_250Hz_gu2_AEP.conn
EES22M27,EES22M27_250Hz_gu2_AEP.conn,gu2,0.19646190476190475,0.1989904761904762,0.1915619047619048,0.18844285714285713,0.1838857142857143,0.17473333333333332,0.1724809523809524,0.1897,0.19836666666666666,0.20840000000000003,0.1960380952380952,0.18179047619047617,0.21952857142857143,0.23047142857142858,0.24114761904761903,0.32126571428571427,0.31963142857142857,0.31747142857142857,0.3138657142857143,0.3055514285714286,0.28776,0.28742285714285715,0.29141428571428574,0.2879485714285714,0.3173114285714286,0.3070571428571428,0.29970857142857144,0.31884285714285715,0.32273142857142856,0.3277542857142857,0.30876000000000003,0.31156000000000006,0.3104771428571428,0.31371142857142864,0.3151542857142858,0.2996142857142857,0.29805714285714285,0.30011999999999994,0.30400285714285713,0.3032142857142857,0.30191714285714283,0.30524571428571423,0.29208,0.29349142857142857,0.2948942857142858,0.19062346938775512,0.19641530612244898,0.19948775510204084,0.19399591836734695,0.18635816326530613,0.2008336734693877,0.19800204081632655,0.19157755102040813,0.19241020408163267,0.193,0.19778469387755107,0.1967816326530612,0.19294183673469387,0.18690204081632653,0.1937561224489796,0.17224285714285714,0.1748142857142857,0.17445238095238094,0.1665357142857143,0.15707142857142858,0.1656452380952381,0.16596428571428573,0.16119761904761906,0.17019285714285715,0.18979285714285718,0.18123809523809528,0.1691595238095238,0.1735809523809524,0.16605714285714288,0.19011190476190476,0.28953401360544223,0.28745782312925167,0.28392585034013607,0.2809891156462585,0.2793380952380953,0.27320204081632643,0.27261768707483,0.2749591836734694,0.27831496598639455,0.2953095238095238,0.2929333333333333,0.28927006802721095,0.29064353741496596,0.29303129251700677,0.30151292517006806,Male,27,Adult,Adult,E,NC,EES22M27_250Hz_gu2_AEP.conn
EES10M22,EES10M22_250Hz_gu2_AEP.conn,gu2,0.22494761904761904,0.20634285714285713,0.18829523809523807,0.18252380952380953,0.18538095238095242,0.19044761904761906,0.21501428571428574,0.21884761904761904,0.19703809523809523,0.20902380952380953,0.1961952380952381,0.19152857142857146,0.25508095238095235,0.25203333333333333,0.23842857142857143,0.3218457142857143,0.31758857142857144,0.3193742857142857,0.3136,0.3083914285714286,0.30756857142857147,0.30435428571428574,0.30527999999999994,0.3132571428571429,0.31966571428571433,0.31718857142857143,0.3076628571428571,0.33028857142857143,0.3184714285714286,0.3327942857142857,0.31425714285714285,0.31231714285714285,0.3057114285714286,0.29071714285714284,0.29345714285714286,0.2919171428571429,0.2857057142857143,0.28728571428571426,0.29028571428571426,0.3281857142857143,0.3164371428571429,0.2914257142857143,0.28219142857142854,0.2797371428571428,0.3049142857142857,0.21485306122448983,0.2159091836734694,0.21227244897959188,0.21112857142857142,0.2137581632653061,0.21202551020408164,0.20928979591836736,0.21430510204081635,0.2144204081632653,0.2121663265306122,0.2168316326530612,0.22395510204081634,0.20732551020408163,0.21533775510204078,0.22092448979591833,0.24275000000000002,0.23344285714285715,0.22996666666666665,0.23703809523809524,0.2409595238095238,0.23119761904761904,0.23676190476190476,0.23603333333333334,0.2431333333333333,0.23809761904761906,0.22893809523809525,0.2368619047619048,0.24688333333333334,0.24708333333333332,0.22384999999999997,0.2940517006802721,0.2941061224489796,0.28975306122448974,0.2887823129251701,0.29022312925170063,0.2900265306122449,0.28837551020408164,0.28761632653061225,0.2910646258503402,0.29557142857142854,0.29478027210884356,0.29576190476190484,0.29712176870748297,0.30184285714285713,0.2973809523809524,Male,22,Adult,Tertiary,E,NC,EES10M22_250Hz_gu2_AEP.conn
EES14F26,ees14f26_250Hz_gu2_AEP.conn,gu2,0.18434761904761907,0.18764761904761906,0.18935714285714286,0.18675714285714284,0.17906190476190476,0.18377142857142859,0.18134761904761906,0.18002857142857143,0.17384761904761906,0.18869999999999998,0.1838,0.18396666666666664,0.22483333333333336,0.21914285714285717,0.21146666666666666,0.26191428571428566,0.26084285714285715,0.2703342857142857,0.26921999999999996,0.26464,0.27488,0.27578857142857144,0.2756228571428571,0.27254285714285714,0.2546342857142857,0.26018285714285716,0.2611171428571428,0.28403428571428574,0.28402285714285713,0.2868171428571428,0.26402571428571425,0.26676,0.26712857142857144,0.2582885714285714,0.2541714285714286,0.27152,0.2781942857142857,0.2810457142857143,0.28008571428571427,0.2604714285714286,0.25830571428571425,0.24918,0.26931428571428573,0.26576857142857147,0.2624657142857143,0.19188877551020408,0.1842397959183674,0.18376428571428574,0.18834693877551018,0.18902857142857146,0.18152346938775513,0.18276530612244896,0.1823326530612245,0.18295714285714285,0.1818530612244898,0.18194591836734691,0.18645,0.18186938775510203,0.1821408163265306,0.18255204081632653,0.18978809523809523,0.18602857142857143,0.17905000000000001,0.17366428571428572,0.17566666666666667,0.18377857142857143,0.18185714285714286,0.18208333333333335,0.1860357142857143,0.19690714285714286,0.19253095238095239,0.19168333333333334,0.19600476190476188,0.2025,0.19885238095238092,0.27812993197278907,0.27986190476190476,0.2786244897959184,0.2796544217687075,0.27915510204081634,0.2707081632653061,0.27354149659863947,0.2744122448979592,0.2742714285714285,0.28469659863945573,0.2834238095238095,0.28583197278911565,0.28881632653061223,0.290256462585034,0.29031292517006807,Female,26,Adult,Adult,E,NC,ees14f26_250Hz_gu2_AEP.conn
MMS04F25,mms04f25_250Hz_gu2_AEP.conn,gu2,0.3173857142857142,0.31885238095238094,0.3186761904761905,0.3176476190476191,0.2992619047619048,0.3139904761904762,0.3215571428571429,0.31959523809523804,0.31959523809523804,0.3252904761904762,0.3256333333333334,0.3257904761904762,0.36835238095238093,0.36793809523809523,0.35823333333333335,0.4219428571428572,0.4184857142857143,0.4139771428571429,0.40933142857142857,0.40681142857142855,0.4201114285714286,0.42526857142857144,0.43231142857142857,0.4312085714285714,0.40897428571428573,0.40259142857142854,0.3997885714285714,0.4432028571428572,0.4496085714285714,0.43236285714285716,0.4702,0.4642428571428572,0.46203142857142854,0.46407999999999994,0.4633285714285714,0.48663999999999996,0.48487714285714284,0.48127999999999993,0.48753142857142856,0.47698285714285715,0.47046,0.47141142857142854,0.49459428571428565,0.48899428571428577,0.4826142857142857,0.4012316326530612,0.40192346938775503,0.40087653061224493,0.4008357142857143,0.3967969387755102,0.3976622448979592,0.39884183673469387,0.39958571428571427,0.4006989795918367,0.4031132653061224,0.4047438775510205,0.39654285714285714,0.38710306122448973,0.3894265306122448,0.387461224489796,0.3232761904761905,0.31252857142857143,0.30526666666666663,0.30425,0.3085380952380952,0.3101404761904762,0.31800476190476196,0.31992142857142863,0.3161666666666667,0.31186190476190473,0.3120452380952381,0.3126,0.3074547619047619,0.32151190476190467,0.31626904761904767,0.3741360544217687,0.37716462585034016,0.3744598639455783,0.371343537414966,0.37229591836734693,0.3744272108843537,0.37376598639455777,0.37295578231292514,0.3755979591836735,0.3769598639455782,0.3760238095238095,0.37846258503401353,0.3791721088435374,0.3790591836734694,0.3773918367346939,Female,25,Adult,Adult,C,C,mms04f25_250Hz_gu2_AEP.conn
EES17F38,EES17F38_250Hz_gu2_AEP.conn,gu2,0.19277142857142857,0.18587619047619044,0.1814190476190476,0.17843809523809526,0.1802571428571428,0.1960142857142857,0.20276666666666668,0.20546190476190476,0.20341904761904764,0.19860476190476187,0.1925714285714286,0.18755714285714287,0.24057142857142855,0.24096666666666666,0.22389523809523806,0.31693714285714286,0.31574,0.3066628571428571,0.30268285714285714,0.31286,0.3134114285714286,0.31491428571428576,0.31691142857142857,0.31714857142857145,0.31977714285714287,0.3116257142857143,0.30508857142857143,0.3377,0.34056857142857144,0.33191714285714286,0.2774285714285714,0.2723771428571428,0.27144,0.26475428571428566,0.2643685714285714,0.2784942857142857,0.2787057142857143,0.27562,0.27405142857142856,0.2702314285714286,0.2671685714285714,0.26240857142857144,0.27434,0.27213999999999994,0.26587428571428573,0.1689795918367347,0.16715510204081632,0.16930204081632655,0.17753265306122448,0.18259081632653065,0.17917244897959184,0.1773183673469388,0.1792540816326531,0.1803591836734694,0.1653704081632653,0.169615306122449,0.17556122448979591,0.17731122448979594,0.17723673469387755,0.1802459183673469,0.16906666666666667,0.16335714285714284,0.16415476190476194,0.17080952380952383,0.1739452380952381,0.1700476190476191,0.1679738095238095,0.16774999999999998,0.16460476190476192,0.1659690476190476,0.16921190476190476,0.17552142857142858,0.18143571428571428,0.1815238095238095,0.1705952380952381,0.24504421768707488,0.2455238095238095,0.24729319727891158,0.25096598639455786,0.2552646258503401,0.25193129251700674,0.2528278911564626,0.25279183673469385,0.252756462585034,0.25648299319727896,0.26097482993197274,0.2608292517006802,0.25944897959183677,0.2572204081632653,0.2684646258503401,Female,38,Adult,Adult,E,NC,EES17F38_250Hz_gu2_AEP.conn
EES20F22,ees20f22_250Hz_gu2_AEP.conn,gu2,0.18766666666666665,0.1767904761904762,0.16959047619047618,0.17053333333333331,0.17512380952380954,0.18844285714285713,0.18084761904761903,0.17726666666666668,0.18344761904761905,0.19086666666666666,0.18139047619047619,0.17342380952380954,0.21642857142857141,0.2196809523809524,0.2289380952380952,0.26989714285714284,0.2707,0.2749942857142857,0.28138857142857143,0.28204285714285715,0.28174,0.2934828571428571,0.29720857142857143,0.2909457142857143,0.2798457142857143,0.28155142857142856,0.2851714285714285,0.3249514285714286,0.32994,0.3073885714285714,0.31254285714285707,0.31074285714285715,0.31058,0.31154000000000004,0.3087685714285714,0.30799714285714286,0.3188628571428571,0.32267714285714283,0.31806,0.30928857142857147,0.3121228571428572,0.31416000000000005,0.32079142857142856,0.3235028571428572,0.32229142857142856,0.23829081632653057,0.23445714285714286,0.23934387755102035,0.2439102040816326,0.2465704081632653,0.2322142857142857,0.24216632653061224,0.24746122448979593,0.2512030612244898,0.23723979591836736,0.24283571428571427,0.24502448979591834,0.24208061224489796,0.24811020408163256,0.2427357142857143,0.23495,0.2319642857142857,0.23546190476190476,0.23676666666666665,0.23575,0.23181190476190475,0.2304071428571429,0.2383071428571429,0.2382309523809524,0.22863809523809522,0.2430404761904762,0.251047619047619,0.24915238095238093,0.2513285714285714,0.24583809523809527,0.28269319727891157,0.28233877551020414,0.27875578231292514,0.27575578231292525,0.27198503401360546,0.28663809523809525,0.2880836734693878,0.28968435374149654,0.2890571428571429,0.2907102040816327,0.2932197278911565,0.29142925170068035,0.2982884353741497,0.3020829931972789,0.30251972789115655,Female,22,Adult,Tertiary,E,NC,ees20f22_250Hz_gu2_AEP.conn
EES19F33,EES19f33_250Hz_gu2_AEP.conn,gu2,0.1813190476190476,0.18322857142857144,0.17641904761904761,0.1745047619047619,0.16917142857142856,0.1534190476190476,0.16466190476190476,0.16249047619047619,0.15963333333333335,0.19463333333333332,0.18850476190476192,0.17390000000000003,0.2196095238095238,0.22453333333333333,0.2328,0.27664857142857147,0.2698285714285714,0.26390285714285716,0.26404285714285713,0.2670742857142857,0.2596485714285714,0.25327142857142854,0.24971142857142858,0.2556285714285714,0.26639714285714283,0.2606514285714286,0.26404285714285713,0.2853171428571429,0.2868885714285714,0.28374285714285713,0.21885428571428572,0.2171057142857143,0.2281914285714286,0.2338885714285714,0.23725999999999997,0.24614285714285716,0.23468,0.2224742857142857,0.22386000000000003,0.2217514285714286,0.23303714285714286,0.2338714285714286,0.2439685714285714,0.2337142857142857,0.24375428571428567,0.19656020408163263,0.19345102040816325,0.1981183673469388,0.2035428571428571,0.20768979591836728,0.21077244897959183,0.20835612244897958,0.20996020408163266,0.20699183673469387,0.19473775510204083,0.19605918367346936,0.19668061224489794,0.21193877551020407,0.21128265306122448,0.20135612244897957,0.24064285714285716,0.23873571428571427,0.2339595238095238,0.2322452380952381,0.23147142857142855,0.22234047619047617,0.22875476190476193,0.24190476190476193,0.2470690476190476,0.24163333333333334,0.2358,0.23840952380952377,0.2319404761904762,0.2453904761904762,0.23528333333333337,0.2798,0.2798326530612245,0.27662925170068026,0.2714136054421769,0.2689489795918368,0.28187959183673467,0.27947891156462584,0.2840680272108844,0.2856496598639456,0.28427414965986386,0.2817517006802721,0.277656462585034,0.28897619047619055,0.29206190476190474,0.28228775510204085,Female,33,Adult,Adult,E,NC,EES19f33_250Hz_gu2_AEP.conn
EES06F24,ees06f24_250Hz_gu2_AEP.conn,gu2,0.14744761904761905,0.14653333333333335,0.14825238095238094,0.14934761904761903,0.15187142857142857,0.15100952380952382,0.1496,0.14737142857142857,0.157,0.15627142857142856,0.16343333333333332,0.1602095238095238,0.21536666666666668,0.21056666666666668,0.2125904761904762,0.24828571428571428,0.25269714285714284,0.26448285714285713,0.2743771428571428,0.26945142857142856,0.2571742857142857,0.2572628571428571,0.25626571428571426,0.26103428571428566,0.25966857142857147,0.26940285714285717,0.2729714285714286,0.29043714285714284,0.2859028571428571,0.2900057142857143,0.2993485714285714,0.3008257142857143,0.2990771428571428,0.29482571428571425,0.29456000000000004,0.2890942857142857,0.28251428571428566,0.2910857142857143,0.30558857142857143,0.2787857142857143,0.2867371428571429,0.2922,0.27342,0.28193999999999997,0.27810285714285715,0.18943979591836732,0.19096530612244894,0.1911122448979592,0.18688673469387757,0.1843877551020408,0.19097142857142857,0.18899795918367346,0.19047448979591836,0.18872040816326532,0.18850816326530612,0.18990408163265307,0.18695408163265306,0.19708673469387758,0.198419387755102,0.1988510204081633,0.17953333333333335,0.18210238095238096,0.18272619047619046,0.18494047619047618,0.18143571428571428,0.19797380952380952,0.19240000000000002,0.1829547619047619,0.17378333333333332,0.20397142857142855,0.20380714285714283,0.20413571428571428,0.20148095238095234,0.1950047619047619,0.21715952380952383,0.2575863945578232,0.25351428571428575,0.25086326530612246,0.25215714285714286,0.2520639455782313,0.2547625850340136,0.25935170068027213,0.2572469387755102,0.2568469387755101,0.2583979591836735,0.25652448979591835,0.25709115646258496,0.2650401360544217,0.26602857142857145,0.26351224489795916,Female,24,Adult,Adult,E,NC,ees06f24_250Hz_gu2_AEP.conn
MMS19F30,mms19f30_250Hz_gu2_AEP.conn,gu2,0.1947142857142857,0.1888238095238095,0.18067619047619046,0.19042857142857142,0.1989238095238095,0.1830333333333333,0.18806190476190476,0.18935238095238094,0.19012857142857142,0.17993809523809523,0.16975714285714286,0.17157619047619047,0.2249952380952381,0.22237142857142858,0.20506666666666665,0.3289114285714286,0.3288942857142857,0.32397714285714285,0.3299542857142857,0.3328457142857143,0.33269714285714286,0.3325228571428571,0.3216742857142857,0.3147542857142857,0.32317999999999997,0.3149457142857143,0.3227428571428571,0.3686342857142857,0.3602828571428571,0.3377742857142857,0.31046,0.3097114285714285,0.30659999999999993,0.31246285714285715,0.31908857142857144,0.32065714285714286,0.3155714285714286,0.31176857142857145,0.3108171428571428,0.3134428571428571,0.3102857142857143,0.31319714285714284,0.31864285714285717,0.3127,0.3145914285714286,0.26081938775510205,0.26405408163265304,0.2659938775510204,0.26759285714285713,0.26711020408163266,0.28075102040816324,0.2805265306122449,0.2791336734693877,0.279184693877551,0.2627765306122449,0.2656785714285715,0.2637979591836734,0.27753469387755103,0.2759,0.26958061224489793,0.2838214285714286,0.2846547619047619,0.28312857142857145,0.2804785714285714,0.2821119047619048,0.26027142857142854,0.25927142857142854,0.25916190476190476,0.25868571428571424,0.2932619047619048,0.2881309523809524,0.2893380952380952,0.2508190476190476,0.2536404761904762,0.27944285714285716,0.29008163265306125,0.28907687074829935,0.2867523809523809,0.2873163265306123,0.2875877551020408,0.2831891156462585,0.28295374149659863,0.2854163265306123,0.28721224489795916,0.28998163265306126,0.2885360544217687,0.290591156462585,0.29667619047619054,0.29758163265306126,0.2860319727891157,Female,30,Adult,Adult,C,C,mms19f30_250Hz_gu2_AEP.conn
MMS18M36MIX,mms18m36mix_250Hz_gu2_AEP.conn,gu2,0.1268857142857143,0.12358095238095239,0.13751428571428573,0.14462380952380952,0.1541095238095238,0.12130476190476187,0.12821428571428573,0.13427142857142857,0.14254285714285717,0.12235238095238095,0.13464761904761904,0.1341952380952381,0.18338095238095234,0.18478571428571425,0.18124761904761902,0.22617142857142855,0.23278,0.2418685714285714,0.23932857142857147,0.23758857142857143,0.21720571428571428,0.22676857142857137,0.23700571428571426,0.23622285714285715,0.2295114285714286,0.23544571428571426,0.2334942857142857,0.2519,0.2614914285714286,0.2607028571428572,0.2602371428571429,0.2593628571428571,0.26204857142857146,0.25850285714285715,0.25238285714285713,0.2596857142857143,0.2585857142857143,0.26300285714285715,0.26100571428571434,0.2635914285714286,0.25529714285714283,0.24801428571428574,0.27016285714285715,0.27404285714285714,0.25196857142857143,0.2093469387755102,0.20536326530612242,0.20053673469387753,0.2007622448979592,0.19864897959183675,0.19753979591836732,0.19363265306122449,0.1951010204081633,0.19804897959183673,0.21374693877551018,0.20967244897959184,0.20475510204081634,0.19446836734693873,0.19548163265306126,0.20512142857142854,0.18506190476190476,0.18389999999999998,0.18874047619047618,0.19182380952380954,0.19106428571428571,0.19432142857142862,0.19259523809523812,0.18776190476190477,0.18417142857142857,0.1865285714285714,0.19103809523809523,0.2024190476190476,0.20610952380952383,0.2007833333333334,0.19055714285714284,0.25670612244897956,0.25655306122448984,0.2573333333333333,0.25704761904761897,0.25718163265306127,0.25672789115646255,0.25905510204081633,0.26144149659863947,0.2630496598639456,0.25991088435374154,0.25892040816326534,0.2602551020408163,0.2648326530612245,0.2680755102040816,0.2590952380952381,Male,36,Adult,Adult,C,C,mms18m36mix_250Hz_gu2_AEP.conn
MMS12M23,mms12m23_250Hz_gu2_AEP.conn,gu2,0.16563333333333333,0.17965714285714285,0.1918904761904762,0.1873904761904762,0.1761761904761905,0.19791904761904763,0.19356190476190474,0.18548095238095239,0.1794,0.17934761904761906,0.1879666666666667,0.18720000000000003,0.23303809523809524,0.2312238095238095,0.22212857142857143,0.27644,0.2823,0.29408,0.29762571428571427,0.29453428571428575,0.2862542857142857,0.2902942857142857,0.29684,0.2984914285714286,0.2851885714285714,0.2916314285714286,0.2920371428571429,0.30866571428571427,0.31686857142857144,0.31453714285714285,0.3042971428571429,0.30602,0.3016914285714286,0.29369428571428574,0.2858457142857143,0.29084000000000004,0.27849142857142856,0.2818114285714286,0.2931457142857143,0.31102,0.3045,0.2998342857142857,0.2821542857142857,0.2829,0.30076,0.20246836734693877,0.2104836734693878,0.2162336734693877,0.2137571428571429,0.2105244897959184,0.1967663265306123,0.19767040816326528,0.20290408163265303,0.21050510204081632,0.20406938775510203,0.20894081632653058,0.20727244897959188,0.19188163265306118,0.19903163265306126,0.20813469387755104,0.23980476190476188,0.23777380952380953,0.23249523809523812,0.23060952380952382,0.2255904761904762,0.19560714285714284,0.19462380952380953,0.20198095238095237,0.20901428571428574,0.2370714285714286,0.2343547619047619,0.23488333333333333,0.20251904761904763,0.20596666666666666,0.22884285714285715,0.28121428571428575,0.2751394557823129,0.2741374149659864,0.2743768707482993,0.27637891156462585,0.28342789115646255,0.2808360544217687,0.276847619047619,0.2764204081632653,0.28668639455782313,0.28887619047619045,0.29064013605442185,0.2900544217687075,0.2859204081632653,0.3008891156462584,Male,23,Adult,Adult,C,C,mms12m23_250Hz_gu2_AEP.conn
MMS10F23,mms10f23_250Hz_gu2_AEP.conn,gu2,0.21705238095238097,0.21025238095238097,0.21633333333333335,0.22648571428571426,0.22201904761904764,0.20055238095238095,0.21147619047619048,0.20747619047619048,0.20873333333333335,0.22177142857142854,0.22721428571428573,0.22316666666666665,0.23659523809523808,0.22672380952380955,0.24838095238095237,0.2845971428571429,0.27661428571428576,0.2731171428571429,0.2738285714285714,0.2804542857142857,0.2696314285714286,0.28152285714285713,0.2876114285714285,0.28280857142857146,0.2721228571428571,0.2669485714285714,0.2639628571428571,0.3032228571428571,0.3085657142857143,0.2853657142857143,0.3066028571428571,0.29845428571428567,0.2796885714285714,0.27103714285714287,0.27395142857142857,0.27068000000000003,0.2765685714285714,0.27491999999999994,0.2794628571428571,0.29603428571428575,0.29112857142857146,0.28037999999999996,0.2757057142857143,0.27404,0.3048171428571429,0.2511908163265306,0.24589489795918368,0.2391071428571428,0.2359755102040816,0.23854081632653062,0.2458642857142857,0.2438887755102041,0.23850408163265308,0.2379316326530613,0.24929387755102042,0.24443673469387756,0.24409183673469384,0.23953367346938775,0.23763367346938774,0.24548673469387755,0.16210952380952381,0.15752380952380954,0.1523642857142857,0.15465952380952377,0.1748642857142857,0.1913785714285714,0.19549285714285713,0.19264523809523806,0.18492142857142854,0.17239047619047618,0.16863809523809525,0.16640714285714286,0.18666190476190472,0.18441190476190475,0.17391190476190477,0.24529455782312928,0.2433333333333334,0.2412925170068028,0.24635034013605445,0.2557986394557823,0.25878571428571434,0.2551598639455782,0.2558755102040816,0.25440816326530613,0.25428095238095233,0.2519278911564625,0.25595170068027207,0.26811020408163266,0.2682224489795918,0.26754285714285714,Female,23,Adult,Adult,C,C,mms10f23_250Hz_gu2_AEP.conn
EES07M34,ees07m34_250Hz_gu2_AEP.conn,gu2,0.1464952380952381,0.13991428571428574,0.14102857142857142,0.1403047619047619,0.13701904761904762,0.12756190476190477,0.12869999999999998,0.13709999999999997,0.15176190476190474,0.1284857142857143,0.1178904761904762,0.13019999999999998,0.16854285714285713,0.17535714285714288,0.1654904761904762,0.28840000000000005,0.2801114285714286,0.2816171428571429,0.2861314285714286,0.27965142857142855,0.28956,0.28352571428571427,0.2789342857142857,0.2779885714285714,0.27922,0.28057714285714286,0.28682285714285716,0.3052685714285714,0.29703999999999997,0.3026257142857143,0.24627714285714286,0.2560485714285714,0.27023142857142857,0.27611714285714284,0.27692571428571433,0.2557742857142857,0.2516771428571429,0.2597514285714285,0.2572914285714286,0.25284,0.2621971428571429,0.2734028571428571,0.25052285714285716,0.25886000000000003,0.2538114285714286,0.20468775510204082,0.20867857142857144,0.21085816326530613,0.20784591836734692,0.2074326530612245,0.20386020408163266,0.19932244897959178,0.19847857142857145,0.19587653061224491,0.20359999999999998,0.20415510204081636,0.19517244897959182,0.1967438775510204,0.19336020408163265,0.1952489795918367,0.16621190476190476,0.1730452380952381,0.18234047619047622,0.18741428571428573,0.18999761904761905,0.18031428571428573,0.17422857142857143,0.1765595238095238,0.1911095238095238,0.1898452380952381,0.19645238095238096,0.19755,0.1892404761904762,0.19021190476190475,0.20041904761904764,0.2398632653061225,0.24439251700680276,0.24580340136054418,0.24693469387755101,0.24775102040816327,0.23179183673469386,0.23190340136054421,0.23911564625850343,0.24258027210884356,0.25046734693877554,0.2501639455782313,0.2503285714285714,0.24140204081632655,0.24941088435374148,0.2522795918367346,Male,34,Adult,Adult,E,NC,ees07m34_250Hz_gu2_AEP.conn
EES09M30MU,EES09m30mu_250Hz_gu2_AEP.conn,gu2,0.22364761904761907,0.22392380952380952,0.22337142857142855,0.21657619047619048,0.2108095238095238,0.21876190476190474,0.2130666666666667,0.2161428571428571,0.21736666666666668,0.2279095238095238,0.22731904761904762,0.22057619047619048,0.25502857142857144,0.25961904761904764,0.27945238095238095,0.26615714285714287,0.2645314285714286,0.2743457142857143,0.27641714285714286,0.2651942857142857,0.2686857142857143,0.26598571428571427,0.2651428571428571,0.2639857142857143,0.2614485714285714,0.2710714285714286,0.27520857142857147,0.2877314285714286,0.28678,0.2898485714285714,0.28814285714285715,0.29478857142857146,0.2913514285714286,0.28145714285714285,0.27869142857142853,0.30507142857142855,0.30074,0.28959714285714283,0.2853542857142857,0.2787085714285714,0.27998285714285714,0.27480571428571426,0.29416571428571425,0.28544857142857144,0.2724857142857143,0.2454693877551021,0.245734693877551,0.24313571428571432,0.23813775510204088,0.23401122448979592,0.22744081632653065,0.22731122448979593,0.2272428571428571,0.2278387755102041,0.24300408163265308,0.24139999999999998,0.23543469387755106,0.22884795918367343,0.23081020408163266,0.23704693877551017,0.2539785714285714,0.24742857142857141,0.2502785714285714,0.24660714285714289,0.24814285714285714,0.25477857142857147,0.2606928571428571,0.2630238095238095,0.26376666666666665,0.2477809523809524,0.2471190476190476,0.24168571428571428,0.27572142857142856,0.28153809523809525,0.24970000000000003,0.28138027210884353,0.2817312925170068,0.2830265306122448,0.2831265306122449,0.2830176870748299,0.2790489795918367,0.2778551020408163,0.27686598639455773,0.27921700680272116,0.2838517006802721,0.2854816326530612,0.28725578231292515,0.2937,0.2928544217687075,0.28866802721088436,Male,30,Adult,Adult,E,NC,EES09m30mu_250Hz_gu2_AEP.conn
MMS16M23,mms16m23_250Hz_gu2_AEP.conn,gu2,0.1490095238095238,0.1457952380952381,0.1374095238095238,0.1362095238095238,0.1433190476190476,0.14988095238095236,0.15705714285714287,0.1495142857142857,0.13770000000000002,0.15323809523809526,0.14743809523809523,0.14459523809523808,0.21019047619047618,0.20696190476190476,0.20097619047619045,0.2077,0.20790571428571428,0.21733714285714284,0.22691428571428576,0.22954,0.23291714285714288,0.23639428571428572,0.23422285714285715,0.2355657142857143,0.21080000000000002,0.21423428571428574,0.2242714285714286,0.26275714285714286,0.26243999999999995,0.2455228571428571,0.2556342857142857,0.26029428571428576,0.26148571428571427,0.2675685714285715,0.2676057142857142,0.2593285714285714,0.2712514285714286,0.2693742857142857,0.2592885714285714,0.2610057142857143,0.25926857142857146,0.26140857142857143,0.2749342857142857,0.27617714285714284,0.25818285714285716,0.16709795918367348,0.17223673469387754,0.1732265306122449,0.1722020408163265,0.17108979591836734,0.1554959183673469,0.1557295918367347,0.16051530612244896,0.15995102040816328,0.16954489795918368,0.16981224489795918,0.1682438775510204,0.16286632653061228,0.16575918367346937,0.15977346938775508,0.16462142857142856,0.16904285714285713,0.17095238095238094,0.1764619047619048,0.17609285714285716,0.1581595238095238,0.16065238095238096,0.1689357142857143,0.17326190476190476,0.18165238095238093,0.18478095238095238,0.18809999999999996,0.17040238095238094,0.17928571428571427,0.1776,0.25108843537414965,0.2506238095238095,0.24878571428571433,0.24609047619047617,0.244865306122449,0.2513714285714286,0.24826122448979593,0.2430435374149659,0.24339183673469383,0.2548714285714285,0.2533231292517007,0.2511163265306122,0.2572537414965986,0.25348843537414967,0.25439319727891163,Male,23,Adult,Adult,C,C,mms16m23_250Hz_gu2_AEP.conn
EES23F24,ees23f24_250Hz_gu2_AEP.conn,gu2,0.15177619047619048,0.1593095238095238,0.15542380952380952,0.13972857142857142,0.1346238095238095,0.13703809523809524,0.1300238095238095,0.1308809523809524,0.13445238095238096,0.14859999999999998,0.1514142857142857,0.1434952380952381,0.1857619047619048,0.18306190476190476,0.1980142857142857,0.2782971428571429,0.28158285714285713,0.2835857142857143,0.27892857142857147,0.27105428571428575,0.27593428571428574,0.27183142857142856,0.2729,0.27199142857142855,0.28191428571428573,0.28204,0.2732771428571429,0.30164,0.30273142857142854,0.30406,0.2901885714285714,0.28059142857142855,0.27825714285714287,0.27762571428571425,0.27659999999999996,0.28143428571428575,0.28574,0.2850857142857143,0.2850457142857143,0.28025428571428573,0.2749857142857143,0.2674542857142857,0.2910885714285714,0.28684,0.27843142857142855,0.2251591836734694,0.2246459183673469,0.22505816326530612,0.22457448979591835,0.2257061224489796,0.22661836734693877,0.22777142857142857,0.23159999999999997,0.23125,0.2270785714285714,0.2281683673469388,0.22414795918367347,0.22888163265306122,0.23585102040816328,0.23010714285714284,0.1805142857142857,0.18527142857142856,0.18864047619047622,0.18382857142857145,0.17631428571428573,0.17340714285714287,0.17723809523809522,0.19095714285714285,0.19300238095238095,0.19642380952380953,0.19437619047619048,0.19008809523809525,0.19864047619047617,0.21060714285714285,0.19932380952380954,0.26454353741496595,0.2667938775510204,0.2663979591836735,0.2628578231292517,0.26027755102040817,0.27115034013605444,0.2750877551020408,0.2747006802721088,0.27267891156462587,0.27450884353741495,0.27350408163265305,0.27044761904761916,0.2808877551020408,0.2804619047619048,0.2777517006802721,Female,24,Adult,Adult,E,NC,ees23f24_250Hz_gu2_AEP.conn
MMS07F25A,mms07f25A_250Hz_gu2_AEP.conn,gu2,0.1302,0.13110952380952381,0.13262380952380953,0.13655714285714285,0.13431428571428572,0.12792857142857142,0.1411809523809524,0.14714761904761905,0.1494285714285714,0.13527142857142857,0.13722380952380953,0.14014285714285715,0.18184761904761904,0.1902285714285714,0.18218571428571428,0.2542,0.2601485714285714,0.2615885714285714,0.2637714285714286,0.2554742857142857,0.27683142857142856,0.2789,0.2753142857142857,0.26622,0.2633285714285714,0.2664942857142857,0.26858000000000004,0.3092314285714286,0.30291428571428575,0.28641142857142854,0.26215428571428573,0.26152,0.2542628571428572,0.2533314285714286,0.25230285714285716,0.26321428571428573,0.2692571428571428,0.2709685714285714,0.27319714285714286,0.27552857142857146,0.2685914285714286,0.26951142857142857,0.27969999999999995,0.28138857142857143,0.2765028571428571,0.15939591836734693,0.1581704081632653,0.15671224489795918,0.15500510204081633,0.1574204081632653,0.16073469387755104,0.1606520408163265,0.1586122448979592,0.1615265306122449,0.16300408163265304,0.16287244897959183,0.16243571428571427,0.15979183673469394,0.15757551020408164,0.16234489795918366,0.18460952380952378,0.19290238095238096,0.19537380952380953,0.1913357142857143,0.1858952380952381,0.17244523809523812,0.17647857142857146,0.1801761904761905,0.18129761904761907,0.20256428571428572,0.20484047619047618,0.19725952380952383,0.18205000000000002,0.19188333333333332,0.2051047619047619,0.24078435374149662,0.24603741496598636,0.24895374149659869,0.2489244897959184,0.24706462585034017,0.2379047619047619,0.23828979591836733,0.24049183673469393,0.24023673469387755,0.25054625850340134,0.25565238095238085,0.2562727891156462,0.25205238095238097,0.2538972789115646,0.2609367346938775,Female,25,Adult,Adult,C,C,mms07f25A_250Hz_gu2_AEP.conn
EES11M35,ees11m35_250Hz_gu2_AEP.conn,gu2,0.23544285714285715,0.2421095238095238,0.24931428571428568,0.2471952380952381,0.23415238095238097,0.2532190476190476,0.2538238095238095,0.24863809523809524,0.23989523809523808,0.2466047619047619,0.2552952380952381,0.25017142857142854,0.28412380952380956,0.28622857142857144,0.3083714285714286,0.3471,0.3425457142857143,0.34358571428571427,0.34312,0.34327428571428575,0.3574228571428571,0.3639228571428571,0.36086571428571423,0.34037428571428574,0.34840857142857146,0.3469171428571428,0.33923714285714285,0.3829057142857143,0.3804828571428572,0.3780257142857143,0.3021314285714286,0.30486857142857143,0.30306,0.29951142857142854,0.2951342857142857,0.2910028571428572,0.29704571428571425,0.2911,0.29328857142857145,0.30728285714285714,0.30138,0.2940828571428572,0.2765942857142857,0.2677285714285714,0.29830285714285715,0.22156326530612241,0.2276,0.22882959183673468,0.22826122448979594,0.2238418367346939,0.22948163265306126,0.22592244897959185,0.2230622448979592,0.22354183673469388,0.22465510204081632,0.22306938775510204,0.22468061224489796,0.22638163265306124,0.22610612244897957,0.22143673469387753,0.24877619047619048,0.25914047619047614,0.2602785714285714,0.2505142857142857,0.24587380952380952,0.2612380952380952,0.26412857142857143,0.26726190476190476,0.2627738095238095,0.2713952380952381,0.2751738095238095,0.2680642857142857,0.2618619047619048,0.26653809523809524,0.2614738095238095,0.2636986394557823,0.26178231292517007,0.26307687074829933,0.2634619047619048,0.2605517006802721,0.2597326530612245,0.26241360544217696,0.2654598639455782,0.26519319727891155,0.2648857142857143,0.2683897959183673,0.26858775510204086,0.27286666666666665,0.27391292517006804,0.27166530612244894,Male,35,Adult,Adult,E,NC,ees11m35_250Hz_gu2_AEP.conn
EES08M41,ees08m41_250Hz_gu2_AEP.conn,gu2,0.14337142857142857,0.14854761904761907,0.14495238095238094,0.14261428571428572,0.13254761904761903,0.12252380952380952,0.13222380952380952,0.14561428571428572,0.15113333333333334,0.14309047619047618,0.14229999999999998,0.1425952380952381,0.17925714285714286,0.19443333333333332,0.1886904761904762,0.28202,0.2863657142857143,0.28674571428571427,0.29271714285714284,0.2973,0.29842,0.30056285714285713,0.3009171428571428,0.30172571428571426,0.2831257142857143,0.2814571428571428,0.28499714285714284,0.3239628571428571,0.32814,0.30968,0.28437714285714283,0.28748571428571423,0.28702571428571433,0.2929657142857143,0.28837999999999997,0.29212000000000005,0.29919714285714283,0.2940057142857143,0.2882828571428571,0.2858885714285714,0.2865857142857143,0.2926657142857143,0.3003657142857143,0.2957342857142857,0.2924942857142857,0.24273775510204082,0.24005000000000004,0.24159081632653062,0.23975612244897956,0.2391030612244898,0.2367010204081633,0.24027448979591837,0.23830816326530613,0.23996530612244898,0.23940408163265306,0.24151428571428574,0.23814489795918367,0.2385673469387755,0.23675204081632653,0.24304183673469384,0.19484285714285712,0.20127380952380955,0.20607380952380952,0.19942380952380953,0.19937380952380954,0.21451666666666666,0.21282619047619053,0.21047380952380954,0.20063333333333336,0.2074261904761905,0.21512142857142857,0.21021428571428571,0.22001904761904764,0.21680238095238094,0.2226880952380952,0.29809047619047613,0.3009306122448979,0.302378231292517,0.3013136054421769,0.3030517006802721,0.2991455782312925,0.2970809523809524,0.2932081632653062,0.29326326530612246,0.30716666666666664,0.30601972789115656,0.3042605442176871,0.3023496598639456,0.2997482993197279,0.31008231292517,Male,41,Adult,Adult,E,NC,ees08m41_250Hz_gu2_AEP.conn
MMS06M22,mms06m22_250Hz_gu2_AEP.conn,gu2,0.1455857142857143,0.14350952380952384,0.1404952380952381,0.13695238095238096,0.1369952380952381,0.12937142857142858,0.13633809523809523,0.13110952380952381,0.12043333333333334,0.13078095238095236,0.1354,0.13564761904761904,0.1783714285714286,0.17431904761904762,0.1683619047619048,0.2298057142857143,0.23192857142857143,0.22898000000000002,0.22352000000000002,0.22275142857142857,0.21882571428571426,0.2189428571428571,0.2238142857142857,0.22668285714285713,0.22832,0.22922000000000003,0.22897714285714285,0.2476914285714286,0.25399142857142853,0.2520657142857143,0.23524000000000003,0.23158571428571428,0.23342571428571426,0.23308285714285715,0.23569142857142858,0.23209142857142856,0.22978285714285715,0.23210571428571428,0.2350885714285714,0.23000285714285712,0.23669714285714286,0.24164,0.23611142857142853,0.23955714285714286,0.24449714285714289,0.1851438775510204,0.18705,0.18890408163265307,0.1880622448979592,0.18858571428571433,0.18129489795918366,0.18610510204081626,0.1921969387755102,0.19195612244897964,0.18799591836734694,0.18926530612244896,0.18832857142857143,0.18671632653061224,0.19503163265306123,0.19190102040816323,0.21453333333333335,0.21447142857142856,0.20970000000000003,0.20153809523809527,0.192952380952381,0.20948333333333333,0.20523095238095238,0.20513571428571428,0.2049095238095238,0.22580714285714287,0.21993333333333331,0.21091190476190472,0.2056380952380952,0.2039261904761905,0.22305952380952385,0.2784755102040816,0.282030612244898,0.2851544217687075,0.2855659863945578,0.27982176870748304,0.2778210884353741,0.28049659863945575,0.2830312925170068,0.28495918367346934,0.29197346938775504,0.29345034013605437,0.2934034013605442,0.28543469387755105,0.288869387755102,0.29675714285714283,Male,22,Adult,Tertiary,C,C,mms06m22_250Hz_gu2_AEP.conn
EES16F34,EES16f34_250Hz_gu2_AEP.conn,gu2,0.19687619047619045,0.2005904761904762,0.1926904761904762,0.18463809523809524,0.1861095238095238,0.1911857142857143,0.18824761904761908,0.18257142857142858,0.17850952380952378,0.19154285714285715,0.1909,0.18744285714285713,0.23986666666666667,0.22779047619047618,0.22791428571428574,0.3368914285714285,0.34318,0.3414371428571429,0.33686,0.33272285714285715,0.34457714285714286,0.34157714285714286,0.3412314285714286,0.33719714285714286,0.3463971428571429,0.3453542857142857,0.3412057142857143,0.37457428571428575,0.36789142857142854,0.36925142857142856,0.3224285714285714,0.3205742857142857,0.3123971428571428,0.31993142857142853,0.32326285714285713,0.3165,0.3110657142857143,0.31052857142857143,0.31231142857142863,0.3099342857142857,0.3104342857142857,0.3183371428571428,0.30914857142857144,0.3074257142857143,0.32191714285714285,0.2434948979591837,0.24335204081632653,0.24032755102040818,0.24177142857142855,0.24069795918367348,0.23602346938775515,0.23171428571428573,0.23071122448979595,0.2308877551020409,0.24558061224489797,0.24238673469387756,0.2377530612244898,0.22691020408163265,0.22415000000000004,0.24117040816326532,0.24345000000000003,0.24776190476190477,0.24643333333333337,0.24423809523809525,0.24436190476190475,0.2486047619047619,0.25189047619047616,0.2482,0.24836428571428573,0.2567952380952381,0.25785714285714284,0.25524047619047624,0.24391190476190475,0.24211666666666667,0.25444523809523806,0.2794136054421768,0.27767346938775506,0.2755789115646258,0.2800353741496599,0.28421496598639456,0.27590884353741496,0.2755591836734694,0.27583401360544224,0.2796952380952381,0.2841938775510204,0.2836448979591837,0.28985578231292514,0.283974149659864,0.2864551020408163,0.28697482993197276,Female,34,Adult,Adult,E,NC,EES16f34_250Hz_gu2_AEP.conn
R16S12G8,R16S12g8_info1_250Hz_gu2_AEP.conn,gu2,0.23406666666666665,0.23868095238095235,0.2464666666666667,0.2404047619047619,0.23452857142857142,0.22195714285714288,0.2300285714285714,0.23062380952380954,0.23121428571428573,0.2441285714285714,0.24798095238095239,0.24264285714285713,0.297252380952381,0.2987619047619048,0.2790095238095238,0.36678,0.3595514285714286,0.3509714285714286,0.3390114285714286,0.3416657142857143,0.3344028571428571,0.35023428571428566,0.3556057142857143,0.34780285714285714,0.35590571428571427,0.35334857142857146,0.3434028571428571,0.3759,0.3880428571428572,0.3683228571428572,0.3473714285714286,0.35278,0.3437514285714286,0.32714571428571426,0.32683142857142855,0.32122571428571434,0.3211257142857143,0.32021428571428573,0.32340857142857143,0.3478085714285714,0.34540000000000004,0.3290257142857143,0.3067685714285714,0.31748,0.33452000000000004,0.26091020408163274,0.26491020408163274,0.26783367346938775,0.2634989795918367,0.25967448979591834,0.2720061224489796,0.27066734693877553,0.2652581632653061,0.2569336734693878,0.2641969387755102,0.267545918367347,0.25906020408163266,0.25934387755102045,0.2568479591836735,0.26011224489795925,0.23044761904761904,0.23013809523809522,0.23081428571428572,0.2257071428571428,0.22355,0.22171666666666667,0.22124999999999997,0.2192642857142857,0.22142857142857142,0.22754047619047615,0.22953095238095242,0.22982380952380954,0.23070000000000002,0.2288904761904762,0.2327904761904762,0.27678163265306127,0.2752081632653061,0.27540000000000003,0.2804272108843537,0.2844442176870748,0.2923585034013605,0.29297346938775515,0.29402040816326525,0.2897414965986395,0.281321768707483,0.28521224489795916,0.2889795918367347,0.30292108843537413,0.30272108843537415,0.2906394557823129,Female,8,8-12,Elementary,S,NC,R16S12g8_info1_250Hz_gu2_AEP.conn
R16A06G10,R16A06g10_info1_250Hz_gu2_AEP.conn,gu2,0.2329904761904762,0.21708571428571424,0.20264761904761905,0.18966190476190478,0.1991476190476191,0.19177142857142856,0.18485238095238096,0.1878095238095238,0.18862380952380953,0.2227761904761905,0.19353333333333333,0.17510476190476187,0.22262380952380956,0.22141904761904763,0.24086666666666665,0.3399257142857143,0.32468285714285716,0.3186,0.3117857142857143,0.31717428571428574,0.3440914285714286,0.34624857142857146,0.33409714285714276,0.31968285714285716,0.32205428571428574,0.31401142857142855,0.3082057142857143,0.3653257142857143,0.3588971428571429,0.34900285714285717,0.38730571428571425,0.39112,0.3954457142857143,0.38917714285714283,0.3734257142857143,0.3652114285714286,0.3760771428571429,0.3856885714285715,0.3818971428571428,0.3678714285714285,0.37624285714285716,0.38018857142857143,0.3681857142857143,0.37447428571428576,0.3741771428571429,0.25218571428571435,0.25064285714285717,0.2511030612244898,0.2514887755102041,0.2448459183673469,0.25036938775510204,0.247484693877551,0.2492826530612245,0.2522061224489796,0.2553928571428572,0.2538448979591837,0.2505469387755102,0.24959183673469387,0.25778877551020407,0.25540918367346943,0.3435809523809524,0.3424023809523809,0.33131428571428573,0.33272857142857143,0.3317952380952381,0.357897619047619,0.3621714285714286,0.35241190476190476,0.3387,0.34118571428571426,0.3343214285714286,0.34001190476190474,0.35662857142857146,0.3494071428571428,0.32997380952380945,0.3154877551020408,0.3152462585034013,0.31435646258503397,0.31580408163265306,0.3201027210884353,0.31794897959183677,0.3230897959183673,0.3266918367346939,0.32596326530612246,0.3234517006802721,0.32421496598639454,0.3275775510204082,0.32938911564625856,0.3362687074829932,0.33018775510204074,Female,10,8-12,Elementary,A,NC,R16A06g10_info1_250Hz_gu2_AEP.conn
R16E20B4,R16E20b4_info1_250Hz_gu2_AEP.conn,gu2,0.39755238095238093,0.39372857142857143,0.38216190476190476,0.3805095238095238,0.3849809523809524,0.3970190476190476,0.3861666666666667,0.38602380952380955,0.38849523809523806,0.38500476190476185,0.37744761904761903,0.3816904761904762,0.4457285714285715,0.43750952380952385,0.4291666666666667,0.4767542857142857,0.46895999999999993,0.47140000000000004,0.4794885714285714,0.48490857142857147,0.4894,0.47817999999999994,0.4749085714285714,0.4771142857142857,0.4668742857142857,0.4696571428571429,0.46938,0.4839399999999999,0.48659714285714284,0.48222000000000004,0.39435714285714285,0.3936257142857143,0.3973028571428571,0.3994228571428572,0.4044942857142857,0.3971914285714286,0.39664857142857146,0.4031028571428571,0.41427142857142857,0.38612857142857143,0.39294,0.39472285714285715,0.3866685714285715,0.3915142857142857,0.39528285714285716,0.26427653061224493,0.2649836734693877,0.26343469387755103,0.2633591836734694,0.2684295918367347,0.2702040816326531,0.2684255102040816,0.26254081632653065,0.25959591836734697,0.26284897959183673,0.2619030612244898,0.2635377551020408,0.2649438775510204,0.25976530612244897,0.26321428571428573,0.30223809523809525,0.3102404761904762,0.3172285714285714,0.3139380952380953,0.31793333333333335,0.30784047619047616,0.3086309523809524,0.3109095238095238,0.3078714285714286,0.3187857142857143,0.3198071428571429,0.3155023809523809,0.33105,0.32894285714285715,0.3272785714285714,0.37397210884353743,0.371387074829932,0.36986258503401354,0.3741136054421768,0.37826122448979593,0.3688680272108843,0.36897755102040825,0.37320612244897966,0.37928843537414964,0.38384149659863953,0.38389115646258504,0.3895095238095238,0.37659591836734707,0.38114081632653063,0.3885122448979593,Male,4,5-7,Elementary,E,NC,R16E20b4_info1_250Hz_gu2_AEP.conn
R16BF06G8,R16BF06g8_info1_250Hz_gu2_AEP.conn,gu2,0.37797142857142846,0.3818904761904762,0.3795428571428572,0.3777571428571429,0.37122857142857146,0.3827523809523809,0.37065238095238096,0.36890952380952374,0.3749142857142857,0.3717095238095238,0.36875238095238094,0.37334761904761904,0.37701428571428575,0.3730238095238095,0.3885571428571428,0.4390171428571429,0.44612285714285715,0.4462142857142856,0.4470657142857143,0.44175142857142846,0.45921142857142855,0.4456085714285714,0.44340285714285715,0.4473657142857143,0.4512285714285714,0.4505199999999999,0.4562142857142858,0.47002285714285713,0.46225714285714287,0.4612457142857143,0.36332,0.36665714285714285,0.3646114285714285,0.36698285714285717,0.36850571428571427,0.3562114285714285,0.3724142857142857,0.3723828571428571,0.36659714285714284,0.3515771428571428,0.3520457142857143,0.35284857142857146,0.38017142857142855,0.3794542857142857,0.3558971428571429,0.33601938775510204,0.3312469387755102,0.32745510204081635,0.3254377551020408,0.32158367346938777,0.32402040816326527,0.3278602040816327,0.3326938775510205,0.33755918367346943,0.3351224489795918,0.33213367346938777,0.32900612244897964,0.3323908163265306,0.3372673469387755,0.33816530612244894,0.34779047619047615,0.35195238095238096,0.35433333333333333,0.3585809523809524,0.36526428571428576,0.3773095238095238,0.37174523809523813,0.3622095238095238,0.3624095238095239,0.37251666666666666,0.3752857142857142,0.37415,0.37699285714285713,0.3595595238095238,0.36164999999999997,0.3444115646258503,0.33833673469387754,0.33635850340136053,0.3382353741496599,0.3423938775510204,0.34891564625850335,0.34977210884353743,0.34522517006802717,0.34387482993197277,0.3472142857142858,0.33806326530612246,0.3396170068027211,0.36039727891156453,0.35845578231292513,0.3426183673469388,Female,8,8-12,Elementary,S,NC,R16BF06g8_info1_250Hz_gu2_AEP.conn
R16S08G10,R16S08g10_info1_250Hz_gu2_AEP.conn,gu2,0.2525190476190476,0.26225238095238096,0.2715095238095238,0.276747619047619,0.2611428571428571,0.24968095238095236,0.2516238095238095,0.2509047619047619,0.24760476190476188,0.25559047619047615,0.26078095238095234,0.26735238095238095,0.2818428571428571,0.2836666666666667,0.27826190476190477,0.37100857142857147,0.3875342857142857,0.4034942857142857,0.40547714285714287,0.3911314285714286,0.3852885714285714,0.3795742857142857,0.37664857142857144,0.3758228571428571,0.39504285714285714,0.40076,0.3904885714285714,0.38614571428571437,0.38658,0.39487714285714287,0.3245057142857143,0.3345828571428572,0.3440885714285714,0.35727714285714285,0.35956,0.34202,0.32314571428571426,0.32039999999999996,0.33630857142857146,0.3296085714285714,0.3492085714285714,0.3527314285714286,0.3422685714285714,0.33138285714285715,0.34031142857142854,0.27981734693877547,0.27481326530612243,0.2688244897959184,0.26619795918367345,0.2704102040816327,0.2798897959183673,0.28038469387755105,0.2795775510204082,0.2810091836734694,0.2707704081632653,0.2675,0.26164591836734696,0.2733642857142857,0.28034387755102047,0.2717673469387755,0.28536904761904763,0.2783571428571429,0.2793452380952381,0.26857142857142857,0.26696666666666663,0.24178333333333335,0.2467261904761905,0.2548809523809524,0.24743095238095236,0.2808785714285714,0.2784857142857143,0.2687,0.2528309523809524,0.25988809523809525,0.2671738095238095,0.3082721088435374,0.3066639455782313,0.30704625850340134,0.30862721088435374,0.3139408163265306,0.31702448979591835,0.31358231292517,0.31377959183673465,0.3148210884353741,0.31348639455782323,0.3092755102040817,0.3123000000000001,0.31787278911564626,0.3167428571428571,0.30722517006802724,Female,10,8-12,Elementary,S,NC,R16S08g10_info1_250Hz_gu2_AEP.conn
R16S07B8,R16S07b8_info1_250Hz_gu2_AEP.conn,gu2,0.2493095238095238,0.2500380952380952,0.23340476190476192,0.2203047619047619,0.22764761904761907,0.24887619047619047,0.24688095238095234,0.256552380952381,0.26125238095238096,0.24912380952380953,0.24453809523809525,0.2345666666666667,0.2972714285714286,0.29924761904761904,0.2969190476190476,0.3716457142857143,0.3643228571428571,0.35640285714285713,0.3595542857142857,0.37291428571428575,0.37236285714285716,0.3671,0.36547142857142856,0.3698314285714286,0.3768485714285714,0.3695857142857143,0.36773142857142854,0.3931942857142857,0.39177428571428574,0.39034571428571435,0.35036,0.34552857142857146,0.35143142857142856,0.3493542857142858,0.3445485714285714,0.36173714285714287,0.3538085714285714,0.35731714285714283,0.36967142857142854,0.36539142857142853,0.3732685714285714,0.3630028571428571,0.35934571428571427,0.35719142857142855,0.3722257142857143,0.31230612244897965,0.3122244897959184,0.31528367346938774,0.3161275510204081,0.3200959183673469,0.3052816326530613,0.3058316326530613,0.30662551020408163,0.30741326530612245,0.30051224489795914,0.3054428571428572,0.3066020408163265,0.30158571428571423,0.30057448979591833,0.2997693877551021,0.26013095238095235,0.2576380952380953,0.2649238095238095,0.26978095238095234,0.2773880952380952,0.2636690476190476,0.2748595238095238,0.27945238095238095,0.27468095238095236,0.2575071428571429,0.2633714285714286,0.27066666666666667,0.27984761904761907,0.2817928571428571,0.26465714285714287,0.350434693877551,0.34791496598639454,0.3458176870748299,0.3439204081632653,0.3439068027210884,0.32898027210884345,0.33358911564625854,0.33789659863945576,0.34022925170068025,0.35132585034013597,0.34640000000000004,0.3431741496598639,0.3474789115646259,0.3503482993197279,0.3471632653061225,Male,8,8-12,Elementary,S,NC,R16S07b8_info1_250Hz_gu2_AEP.conn
R16S18G10,R16S18g10_info1_250Hz_gu2_AEP.conn,gu2,0.2183238095238095,0.23100476190476185,0.23549047619047622,0.23375714285714286,0.24608095238095237,0.22531428571428572,0.2207380952380952,0.21616190476190478,0.22007142857142856,0.22092380952380952,0.23473809523809522,0.23496666666666668,0.2567333333333333,0.25167619047619044,0.27096666666666663,0.3823342857142856,0.3788571428571429,0.36948,0.36585142857142855,0.36929142857142855,0.37163142857142856,0.36727428571428566,0.36944000000000005,0.37573428571428574,0.3780342857142857,0.37297714285714284,0.3704942857142857,0.39482,0.39402857142857145,0.40268,0.33385999999999993,0.3369885714285714,0.3339942857142857,0.3221142857142857,0.31344,0.29460857142857144,0.29362285714285713,0.30198857142857144,0.3133228571428572,0.32685428571428576,0.3233257142857143,0.3137342857142857,0.2976885714285714,0.2990885714285715,0.3263257142857143,0.24227857142857143,0.24785816326530613,0.25209897959183675,0.24927959183673468,0.2467040816326531,0.2421265306122449,0.24205408163265305,0.23900612244897962,0.2404510204081633,0.2513204081632653,0.25510306122448984,0.25418775510204084,0.24372448979591832,0.2403142857142857,0.253815306122449,0.20031190476190475,0.20261904761904762,0.21475714285714287,0.2203261904761905,0.21928333333333336,0.22516428571428573,0.21693333333333334,0.21337142857142855,0.21523809523809523,0.2089333333333333,0.21992619047619047,0.22477619047619046,0.22000714285714285,0.2171928571428571,0.21508571428571432,0.257974149659864,0.26374421768707484,0.2672986394557823,0.2711605442176871,0.27147687074829935,0.2682455782312925,0.26323809523809527,0.25955646258503406,0.2561789115646258,0.2692850340136055,0.2721625850340136,0.27530476190476194,0.2780489795918368,0.2716836734693878,0.2760040816326531,Female,10,8-12,Elementary,S,NC,R16S18g10_info1_250Hz_gu2_AEP.conn
R16L01SY06,R16L01sy06_info1_250Hz_gu2_AEP.conn,gu2,0.26894761904761905,0.27658571428571427,0.27720000000000006,0.2721428571428572,0.2836047619047619,0.2749523809523809,0.2795761904761905,0.2725952380952381,0.2704857142857143,0.2833666666666667,0.2888857142857143,0.29099047619047624,0.313047619047619,0.30607619047619045,0.31697619047619047,0.3783857142857143,0.38243714285714286,0.3870057142857143,0.3939685714285714,0.39927999999999997,0.3951485714285714,0.4043028571428572,0.3984114285714285,0.3913542857142857,0.40142285714285714,0.40654857142857137,0.4116771428571428,0.41622000000000003,0.41272285714285706,0.4293085714285714,0.33978285714285716,0.3346685714285714,0.33128,0.33423428571428565,0.33016,0.3277257142857143,0.32449142857142854,0.3237914285714286,0.32382285714285713,0.34166285714285716,0.3402057142857143,0.3427742857142857,0.31487714285714286,0.31926,0.34264571428571433,0.2628316326530612,0.2611510204081632,0.2641326530612245,0.2677683673469388,0.26838877551020407,0.2586734693877551,0.25680612244897955,0.2540632653061225,0.25203673469387755,0.26528877551020413,0.2677612244897959,0.26605306122448974,0.25408673469387755,0.252619387755102,0.26726020408163265,0.3525857142857143,0.34936904761904763,0.3493333333333333,0.3553190476190476,0.3513190476190476,0.3627380952380952,0.35763809523809525,0.3506738095238095,0.3453952380952381,0.3653952380952381,0.3693309523809523,0.3690333333333333,0.35081190476190477,0.3496690476190476,0.3781333333333334,0.2979068027210885,0.29906258503401356,0.30076190476190473,0.2993591836734694,0.30025510204081635,0.2922952380952381,0.2918823129251701,0.29095782312925184,0.2967244897959184,0.30645442176870746,0.3135945578231293,0.31253129251700684,0.3002510204081632,0.2984244897959184,0.3160891156462585,Female,6,5-7,Elementary,S,NC,R16L01sy06_info1_250Hz_gu2_AEP.conn
R16S21B8,R16S21b8_info1_250Hz_gu2_AEP.conn,gu2,0.2003904761904762,0.20244285714285715,0.19600952380952383,0.18333333333333335,0.17280952380952383,0.1634095238095238,0.1622904761904762,0.17193333333333335,0.1845190476190476,0.19669523809523812,0.18896666666666664,0.17920952380952382,0.2304142857142857,0.2280714285714286,0.22193333333333334,0.3211657142857143,0.31395142857142855,0.31439142857142854,0.3145828571428571,0.3094514285714286,0.32040285714285716,0.3173714285714285,0.32021714285714287,0.32575714285714286,0.3186485714285714,0.3075171428571428,0.30363999999999997,0.34744,0.3513628571428572,0.34750285714285717,0.29993714285714285,0.29576,0.30184,0.3066628571428572,0.3121285714285714,0.3231171428571429,0.31791714285714284,0.31319428571428576,0.30529999999999996,0.3026028571428571,0.3046457142857143,0.30286571428571424,0.30711428571428573,0.3046,0.3168657142857143,0.24344591836734694,0.24081836734693876,0.23969795918367345,0.23692346938775508,0.23804693877551023,0.24697653061224487,0.2410663265306122,0.23551326530612246,0.23254795918367346,0.24980204081632656,0.2481295918367347,0.2428326530612245,0.23893673469387752,0.23284285714285716,0.2496581632653061,0.2537261904761905,0.2499428571428571,0.2586023809523809,0.2621928571428571,0.26308809523809523,0.2688238095238095,0.2648095238095238,0.25986904761904767,0.2593761904761905,0.2609119047619048,0.26307619047619046,0.2697523809523809,0.25401904761904764,0.25389761904761904,0.25952619047619047,0.2912244897959183,0.29153945578231294,0.2893374149659864,0.2852707482993197,0.2851884353741497,0.2918789115646258,0.29453741496598645,0.2949367346938776,0.2949312925170069,0.30158299319727894,0.30070136054421764,0.2968374149659865,0.2982897959183673,0.2993789115646258,0.3009238095238095,Male,8,8-12,Elementary,S,NC,R16S21b8_info1_250Hz_gu2_AEP.conn
R16S19B10,R16S19b10_info1_250Hz_gu2_AEP.conn,gu2,0.24307619047619045,0.23437142857142856,0.22565238095238094,0.24217619047619046,0.2557238095238095,0.2547761904761905,0.24707142857142853,0.24016190476190477,0.23552857142857142,0.25102857142857143,0.2351190476190476,0.24556666666666663,0.27567142857142857,0.2657619047619048,0.2790952380952381,0.34571428571428575,0.3384485714285714,0.3282485714285714,0.33141714285714285,0.3308885714285715,0.33138285714285715,0.32692571428571426,0.3226,0.32723142857142856,0.3487314285714286,0.33304,0.3319628571428571,0.34882571428571435,0.3434028571428572,0.35305714285714285,0.3695685714285714,0.3749914285714286,0.37825142857142857,0.3763971428571428,0.37222571428571427,0.37428,0.38949142857142854,0.3920742857142857,0.3791771428571429,0.37650285714285714,0.3810942857142857,0.38145428571428575,0.3890571428571429,0.3863428571428571,0.3727285714285714,0.29767755102040816,0.3059918367346938,0.30827551020408167,0.3038265306122449,0.30159183673469386,0.3017142857142857,0.3051826530612245,0.30347653061224494,0.3038234693877551,0.31461326530612244,0.31523571428571434,0.3167714285714286,0.3088020408163266,0.3074704081632653,0.32386428571428577,0.35316666666666663,0.3537309523809524,0.3580642857142857,0.36752142857142855,0.3559333333333334,0.35637857142857143,0.34744761904761906,0.3502214285714285,0.3548857142857143,0.34423333333333334,0.3478547619047619,0.3556452380952381,0.3328880952380952,0.33443333333333336,0.3383571428571428,0.32259931972789113,0.32275102040816334,0.32587414965986394,0.3246489795918367,0.3233557823129252,0.31733605442176877,0.31371088435374145,0.316130612244898,0.3176258503401361,0.3285204081632653,0.33531224489795924,0.33570680272108844,0.3175755102040816,0.3204380952380952,0.3357020408163265,Male,10,8-12,Elementary,S,NC,R16S19b10_info1_250Hz_gu2_AEP.conn
R16A01BY08,R16A01by08_info1_250Hz_gu2_AEP.conn,gu2,0.26299999999999996,0.2551428571428571,0.2595095238095238,0.2598190476190476,0.26126190476190475,0.2772666666666666,0.2748523809523809,0.26276190476190475,0.2548333333333333,0.2582809523809524,0.26517619047619045,0.2709047619047619,0.3062047619047619,0.29903809523809527,0.3103238095238095,0.3595542857142857,0.3541742857142857,0.3520457142857143,0.3533,0.3608971428571428,0.3711514285714285,0.3726314285714286,0.3633,0.36481142857142856,0.34561714285714285,0.35078,0.35522,0.39384857142857144,0.3871428571428571,0.38308,0.3763971428571429,0.3881771428571429,0.3999142857142857,0.39545714285714284,0.3835514285714286,0.3917799999999999,0.38448000000000004,0.3790428571428572,0.3728142857142857,0.39110285714285714,0.4021,0.3939857142857143,0.36989428571428573,0.3605057142857143,0.4011942857142857,0.25212244897959185,0.26405816326530607,0.26877551020408164,0.2621183673469388,0.2612,0.2487857142857143,0.2464265306122449,0.25221938775510205,0.25581428571428566,0.2725357142857143,0.27701428571428577,0.26783877551020413,0.24348163265306125,0.2543295918367347,0.2654265306122449,0.31983333333333336,0.32190476190476186,0.324897619047619,0.3305214285714286,0.33441190476190474,0.32629761904761906,0.3220976190476191,0.3263904761904762,0.3218761904761905,0.33617857142857144,0.33709999999999996,0.34717619047619047,0.3331833333333334,0.3373,0.3456666666666666,0.3435666666666667,0.3417258503401361,0.34297482993197276,0.34572585034013603,0.3522598639455782,0.33261768707482997,0.33083809523809526,0.32974285714285717,0.33060612244897963,0.34351904761904767,0.34707278911564626,0.3581374149659864,0.3438884353741497,0.3419673469387755,0.35001564625850334,Female,8,8-12,Elementary,A,NC,R16A01by08_info1_250Hz_gu2_AEP.conn
R16E09G10,R16E09g10_info1_250Hz_gu2_AEP.conn,gu2,0.3233857142857143,0.33176666666666665,0.3399666666666667,0.3345857142857143,0.3542809523809523,0.35407619047619043,0.3609047619047619,0.3614714285714286,0.3630333333333334,0.3479952380952381,0.3543428571428571,0.34216666666666656,0.39015714285714287,0.3920571428571429,0.3967285714285714,0.40693999999999997,0.3986571428571429,0.4003857142857143,0.4107857142857143,0.41929999999999995,0.40246000000000004,0.4012657142857143,0.39828,0.4151171428571428,0.4028771428571429,0.3988542857142857,0.40636,0.41679428571428573,0.4159285714285715,0.41782571428571424,0.3366742857142857,0.32426857142857146,0.3222257142857143,0.3322657142857143,0.33213428571428577,0.3446885714285714,0.3403685714285714,0.33007428571428576,0.32576285714285713,0.3314857142857143,0.32927428571428574,0.33991142857142853,0.3448628571428572,0.33737142857142854,0.3241514285714286,0.267604081632653,0.27142653061224487,0.2721397959183673,0.2739510204081633,0.27663571428571426,0.2719469387755102,0.2768857142857143,0.2778040816326531,0.2801642857142857,0.2754204081632653,0.27477551020408164,0.27725,0.2733765306122449,0.27342857142857147,0.2781612244897959,0.2898714285714286,0.30192380952380954,0.3126095238095238,0.30425238095238094,0.2968166666666667,0.2900642857142857,0.290202380952381,0.2903095238095238,0.28703333333333336,0.3065238095238096,0.3189,0.3065809523809524,0.29034999999999994,0.28943571428571424,0.3049761904761905,0.3233693877551021,0.3212238095238095,0.3248965986394558,0.3260578231292517,0.33395714285714284,0.3341904761904762,0.32592789115646253,0.3217285714285714,0.3189095238095238,0.3275904761904762,0.3270591836734694,0.32741836734693874,0.3330210884353742,0.3331027210884353,0.328191156462585,Female,10,8-12,Elementary,E,NC,R16E09g10_info1_250Hz_gu2_AEP.conn
R16S25B8,R16S25b8_info1_250Hz_gu2_AEP.conn,gu2,0.27135714285714285,0.2804380952380952,0.28413809523809525,0.2836666666666667,0.27852380952380956,0.2530952380952381,0.26110000000000005,0.26742857142857146,0.2735095238095238,0.27573333333333333,0.28429047619047615,0.2882952380952381,0.30550476190476195,0.30474285714285715,0.3136857142857143,0.3557057142857143,0.35570571428571435,0.3539,0.34721428571428575,0.3423942857142857,0.3608371428571428,0.3618028571428572,0.36753714285714284,0.37824,0.35412,0.35028571428571426,0.35048285714285715,0.38128285714285715,0.38280571428571425,0.37557714285714283,0.36322,0.36115142857142857,0.3522085714285715,0.3387428571428572,0.34115142857142855,0.35550000000000004,0.3523457142857144,0.3542657142857143,0.35551999999999995,0.3558057142857143,0.34280285714285713,0.33326857142857147,0.35284571428571426,0.3547371428571428,0.34916571428571436,0.3286877551020408,0.3314357142857142,0.32936530612244896,0.3292020408163266,0.32769489795918366,0.33459081632653065,0.3350775510204081,0.3320938775510204,0.3305316326530612,0.3326561224489795,0.3306969387755102,0.3296275510204082,0.3305030612244898,0.32969795918367356,0.32913673469387755,0.30067380952380957,0.2988690476190476,0.29126666666666673,0.28571904761904765,0.27947380952380957,0.28399523809523813,0.2891595238095238,0.29086190476190477,0.2916190476190476,0.2979023809523809,0.291202380952381,0.28961666666666663,0.2887285714285714,0.2919619047619047,0.28472619047619047,0.3376102040816326,0.33910612244897964,0.3364802721088435,0.33061088435374153,0.32690340136054424,0.34069795918367346,0.34669455782312925,0.3469047619047619,0.3460557823129251,0.34514353741496595,0.3433585034013606,0.34006258503401365,0.35481224489795915,0.35235034013605443,0.34608979591836736,Male,8,8-12,Elementary,S,NC,R16S25b8_info1_250Hz_gu2_AEP.conn
R16S23G8,R16S23g8_info1_250Hz_gu2_AEP.conn,gu2,0.21005238095238096,0.21114761904761903,0.21694761904761906,0.22403333333333333,0.22465714285714286,0.2226095238095238,0.22097142857142857,0.2198714285714286,0.20679523809523812,0.20566666666666666,0.20695238095238097,0.21385714285714286,0.2730666666666666,0.26842380952380956,0.23855238095238093,0.34244857142857144,0.3429542857142857,0.3466057142857143,0.35037142857142856,0.35198857142857143,0.3654942857142857,0.3561885714285714,0.34952571428571433,0.34092285714285714,0.34082285714285715,0.3419028571428571,0.3460857142857143,0.37267999999999996,0.36898857142857144,0.3629685714285714,0.3401114285714285,0.33597428571428567,0.3236542857142857,0.32476571428571427,0.3255514285714286,0.3490485714285715,0.3541914285714286,0.36315714285714285,0.3611628571428572,0.32580285714285717,0.3166142857142857,0.3178571428571429,0.3504885714285714,0.3553285714285714,0.3244571428571429,0.31433061224489794,0.31796632653061224,0.3267275510204081,0.3252387755102041,0.32062551020408153,0.3121081632653061,0.3174816326530611,0.3215448979591837,0.32300714285714277,0.31352244897959186,0.3243061224489795,0.32053673469387756,0.3081163265306122,0.31332959183673464,0.31247551020408165,0.2579642857142857,0.2618404761904762,0.26811904761904765,0.26586428571428566,0.2634809523809524,0.2759142857142857,0.28127142857142856,0.2797095238095238,0.2729690476190476,0.27385,0.28770000000000007,0.28459285714285715,0.30904047619047614,0.3070595238095238,0.306,0.35291292517006806,0.3471156462585034,0.34292040816326536,0.3417040816326531,0.340756462585034,0.3566047619047619,0.35524149659863946,0.3493510204081633,0.3432700680272109,0.35337142857142856,0.34943537414965986,0.34747142857142854,0.3553605442176871,0.34971972789115646,0.35100408163265306,Female,8,8-12,Elementary,S,NC,R16S23g8_info1_250Hz_gu2_AEP.conn
R16E15G5,R16E15g5_info1_250Hz_gu2_AEP.conn,gu2,0.12725238095238095,0.12630476190476192,0.12969523809523809,0.13349523809523808,0.13686666666666666,0.1471333333333333,0.14605238095238096,0.13953809523809524,0.13,0.12536666666666665,0.1378952380952381,0.14285238095238095,0.196447619047619,0.18857619047619045,0.19223809523809524,0.2813114285714286,0.27670285714285714,0.2692485714285714,0.2621685714285714,0.25897714285714285,0.2792285714285714,0.28938857142857144,0.29498285714285716,0.2910857142857143,0.28019999999999995,0.2726914285714286,0.27244285714285715,0.31394857142857147,0.3141457142857143,0.30666,0.28985714285714287,0.2912485714285714,0.28015142857142855,0.27037999999999995,0.25862857142857143,0.27354,0.27179428571428577,0.27327142857142855,0.27223142857142857,0.27334857142857144,0.2602771428571428,0.25581142857142847,0.25607714285714284,0.2559857142857143,0.2542285714285714,0.18751530612244896,0.17914285714285713,0.16726122448979588,0.15351428571428574,0.1500204081632653,0.16885204081632652,0.1674693877551021,0.16426836734693875,0.15895204081632655,0.18012857142857142,0.1669989795918367,0.15209489795918368,0.1635275510204082,0.16264897959183675,0.16851632653061227,0.18613571428571427,0.1891547619047619,0.1814,0.17165,0.16895000000000002,0.20199761904761906,0.19181428571428571,0.18946428571428572,0.19176666666666664,0.19682142857142856,0.1908404761904762,0.18342142857142854,0.19625714285714288,0.1932547619047619,0.1843595238095238,0.29153605442176866,0.2886918367346939,0.2868782312925171,0.2916136054421769,0.2912605442176871,0.28357346938775513,0.285161224489796,0.2902646258503402,0.2950510204081633,0.2924510204081633,0.29299931972789117,0.2973176870748299,0.2932877551020408,0.2976244897959184,0.2967272108843537,Female,5,5-7,Elementary,E,NC,R16E15g5_info1_250Hz_gu2_AEP.conn
R16E16B7,R16E16b7_info1_250Hz_gu2_AEP.conn,gu2,0.18276190476190476,0.16104285714285715,0.16098095238095236,0.18445714285714288,0.2043904761904762,0.21292380952380952,0.20084761904761905,0.1918857142857143,0.19423809523809524,0.16436190476190474,0.15620476190476187,0.17444285714285715,0.25318095238095234,0.2443952380952381,0.19841904761904763,0.3006714285714286,0.2991542857142857,0.30084857142857147,0.31028285714285714,0.32127142857142854,0.30158,0.28798285714285715,0.29056571428571426,0.29398,0.3006057142857143,0.30312571428571433,0.3056171428571428,0.3186171428571428,0.31502285714285716,0.33263428571428577,0.29264285714285715,0.29912,0.30492857142857144,0.3037742857142857,0.30508857142857143,0.3185485714285714,0.3156085714285714,0.30421428571428566,0.30164,0.2936428571428571,0.30226571428571425,0.30128,0.29872571428571426,0.2955542857142857,0.30818,0.29625,0.29662346938775513,0.2996102040816327,0.3047663265306122,0.3075989795918367,0.2970622448979592,0.29280612244897963,0.28937857142857143,0.29094693877551026,0.2994061224489796,0.3006173469387755,0.29764489795918364,0.2895877551020408,0.28897244897959184,0.2970887755102041,0.296797619047619,0.2870738095238095,0.2892666666666666,0.2874595238095237,0.2873833333333333,0.293602380952381,0.30067142857142853,0.30215238095238095,0.3014095238095238,0.29120714285714283,0.28990714285714286,0.28946666666666665,0.3053333333333334,0.3027309523809524,0.28898809523809527,0.3124741496598639,0.31569183673469386,0.3144442176870748,0.31455238095238097,0.3165306122448979,0.3165659863945578,0.3145673469387755,0.31242925170068025,0.31343877551020405,0.32529183673469386,0.32324761904761906,0.3224687074829933,0.31965442176870745,0.3206891156462585,0.3223367346938775,Male,7,5-7,Elementary,E,NC,R16E16b7_info1_250Hz_gu2_AEP.conn
R16S15B10,R16S15b10_info1_250Hz_gu2_AEP.conn,gu2,0.13415238095238094,0.1302047619047619,0.12672380952380952,0.12265238095238096,0.12036666666666666,0.12305238095238095,0.11106666666666669,0.10955714285714285,0.11982857142857144,0.13722380952380953,0.1285666666666667,0.11642857142857144,0.15775714285714285,0.15864761904761904,0.18184761904761904,0.2778085714285714,0.2794714285714286,0.27906857142857144,0.2803771428571428,0.27855714285714284,0.2588685714285714,0.2667428571428571,0.2757485714285714,0.28233428571428576,0.27761142857142856,0.2755885714285714,0.27486857142857146,0.3040228571428571,0.3170342857142857,0.31127142857142853,0.2906714285714286,0.2978685714285714,0.2941714285714286,0.28685714285714287,0.28524,0.28560857142857143,0.28628,0.2848857142857143,0.2869685714285714,0.29615142857142857,0.2904714285714286,0.2800057142857143,0.29128,0.29036,0.28596285714285713,0.2633020408163266,0.26449591836734687,0.2623642857142857,0.2542734693877551,0.24780102040816324,0.26081734693877545,0.26163367346938776,0.26524285714285717,0.25985816326530603,0.2642428571428572,0.2561744897959184,0.24639081632653065,0.26458265306122447,0.2664010204081632,0.256384693877551,0.23544761904761904,0.23903809523809527,0.24165714285714288,0.2332738095238095,0.2207309523809524,0.2335547619047619,0.2308,0.2342928571428571,0.23690714285714287,0.2427142857142857,0.24303571428571427,0.2362904761904762,0.23749047619047617,0.23840000000000003,0.23503571428571426,0.24204421768707485,0.2412789115646259,0.24079795918367344,0.2359721088435374,0.23505374149659863,0.24180476190476194,0.24215238095238098,0.2419469387755102,0.24341564625850345,0.252034693877551,0.24965578231292515,0.24450408163265308,0.2504802721088436,0.2522741496598639,0.2525040816326531,Male,10,8-12,Elementary,S,NC,R16S15b10_info1_250Hz_gu2_AEP.conn
R16E08Y05B5,R16E08y05b5_info1_250Hz_gu2_AEP.conn,gu2,0.22074761904761905,0.2279,0.2305761904761905,0.23199047619047622,0.2242142857142857,0.2173047619047619,0.22149523809523808,0.23299523809523812,0.23840952380952382,0.23764285714285716,0.23564285714285713,0.23613809523809526,0.2721523809523809,0.2784,0.25961904761904764,0.36048857142857144,0.35186285714285714,0.35213142857142854,0.3658571428571428,0.37637714285714285,0.35848285714285716,0.36477714285714286,0.3728085714285715,0.3758457142857143,0.37142,0.36019428571428574,0.37161428571428573,0.3814457142857143,0.38722571428571434,0.38327999999999995,0.34607714285714286,0.35474285714285714,0.36129428571428573,0.36332857142857133,0.3645971428571429,0.3633542857142857,0.3627971428571429,0.36928285714285713,0.3661942857142858,0.34763714285714287,0.35488857142857144,0.3649542857142857,0.34110571428571423,0.3446142857142857,0.35895714285714286,0.3014285714285715,0.3068724489795918,0.31345816326530623,0.3155551020408163,0.3133673469387755,0.3091459183673469,0.31599387755102043,0.3172989795918367,0.3144163265306123,0.30160714285714285,0.3126163265306122,0.3141183673469388,0.31708571428571425,0.31569387755102035,0.30592142857142857,0.3077476190476191,0.3152095238095238,0.3233928571428572,0.3200571428571429,0.3109571428571429,0.30423571428571433,0.29878571428571427,0.30767380952380946,0.3191333333333333,0.3054761904761905,0.30955476190476194,0.3080547619047619,0.3069119047619048,0.31617619047619044,0.30925714285714284,0.32479591836734695,0.33011292517006807,0.33252857142857145,0.3328795918367347,0.3280061224489796,0.3131013605442178,0.3138455782312925,0.32188095238095243,0.33078911564625846,0.3326503401360544,0.33203809523809524,0.33098979591836725,0.32553673469387756,0.33470748299319725,0.3332918367346939,Male,5,5-7,Elementary,E,NC,R16E08y05b5_info1_250Hz_gu2_AEP.conn
R16S16G11,R16S16g11_info1_250Hz_gu2_AEP.conn,gu2,0.2864333333333333,0.29073333333333334,0.27603809523809525,0.2607333333333333,0.25910952380952385,0.2962571428571429,0.2842190476190476,0.2754714285714286,0.2718,0.2843380952380952,0.27358571428571427,0.26242380952380956,0.30165714285714285,0.29314285714285715,0.31143809523809524,0.43884,0.44684285714285715,0.45603999999999995,0.4454542857142857,0.4355257142857143,0.44443428571428567,0.45206,0.4597971428571429,0.46144571428571435,0.45193428571428573,0.46083428571428564,0.44894285714285714,0.4633771428571428,0.47196571428571427,0.4733371428571428,0.4192457142857142,0.42570857142857144,0.4328771428571428,0.4291028571428572,0.4167371428571428,0.41892000000000007,0.4109571428571429,0.4142885714285714,0.41588285714285717,0.41780285714285714,0.4255885714285714,0.4209942857142857,0.39242285714285713,0.3969514285714285,0.41895142857142853,0.3380867346938775,0.3394948979591837,0.3421102040816327,0.338519387755102,0.33505510204081634,0.3509867346938775,0.34764693877551023,0.34270102040816325,0.3363377551020408,0.3321806122448979,0.33750408163265305,0.3317897959183673,0.3336877551020408,0.3293448979591837,0.32085510204081624,0.3258785714285714,0.32957142857142857,0.3246761904761905,0.3209190476190476,0.3210142857142857,0.33943809523809526,0.3283095238095238,0.3248857142857143,0.32843333333333335,0.33193333333333336,0.32966190476190477,0.32656190476190483,0.33022380952380953,0.32452142857142857,0.3252928571428571,0.39927551020408164,0.3978727891156462,0.39110272108843536,0.3880755102040816,0.3874122448979591,0.3896809523809524,0.39077006802721087,0.39290340136054425,0.39218775510204074,0.4001353741496599,0.3939278911564626,0.38880748299319734,0.4005421768707483,0.40271496598639445,0.40234625850340133,Female,11,8-12,Elementary,S,NC,R16S16g11_info1_250Hz_gu2_AEP.conn
R16S03B10,R16S03b10_info1_250Hz_gu2_AEP.conn,gu2,0.21836190476190476,0.23013809523809525,0.22603809523809526,0.21075714285714287,0.2093761904761905,0.22005714285714284,0.22029047619047618,0.20884761904761903,0.19315238095238096,0.23874761904761907,0.2244142857142857,0.199652380952381,0.2546190476190476,0.23384761904761905,0.2464952380952381,0.3260142857142857,0.32645142857142856,0.32539428571428575,0.31791714285714284,0.3225542857142857,0.33114571428571427,0.3363285714285714,0.3271257142857143,0.31846285714285716,0.31063428571428575,0.3140371428571429,0.31668571428571435,0.3576828571428571,0.35267428571428566,0.3333514285714286,0.2970171428571429,0.2975342857142857,0.29716571428571437,0.28736,0.2835971428571429,0.29632285714285717,0.30400285714285713,0.30312285714285714,0.29691999999999996,0.28439142857142863,0.2895028571428572,0.28118571428571426,0.28250857142857144,0.2878714285714286,0.2845371428571429,0.21642653061224484,0.2084377551020408,0.21024387755102042,0.21340510204081634,0.21328673469387754,0.21568673469387759,0.22128673469387758,0.2241316326530612,0.22030306122448975,0.20584591836734692,0.2059387755102041,0.2118295918367347,0.21706224489795914,0.21974183673469389,0.2015622448979592,0.23922142857142858,0.2465690476190476,0.23776190476190476,0.23990714285714285,0.24646904761904764,0.27066190476190477,0.264847619047619,0.24874285714285713,0.23826428571428568,0.255952380952381,0.24232857142857142,0.24489999999999998,0.2801595238095238,0.26811904761904765,0.24652142857142856,0.29303809523809526,0.28914829931972785,0.2859748299319728,0.28741768707482995,0.28827278911564624,0.29282925170068036,0.28899251700680273,0.286369387755102,0.2894972789115647,0.2997673469387755,0.2978163265306123,0.29710136054421765,0.29925034013605445,0.2966687074829932,0.29828503401360545,Male,10,8-12,Elementary,S,NC,R16S03b10_info1_250Hz_gu2_AEP.conn
R16S04G5,R16S04g5_info1_250Hz_gu2_AEP.conn,gu2,0.32232857142857146,0.3091761904761905,0.2927142857142857,0.29090476190476194,0.2935333333333333,0.2821,0.28360952380952376,0.28482857142857143,0.29834761904761903,0.3069142857142857,0.2933047619047619,0.29650952380952383,0.3255952380952381,0.33044761904761905,0.3229095238095238,0.38004571428571426,0.37848,0.3799228571428571,0.38943714285714287,0.3889714285714286,0.3672371428571429,0.37129999999999996,0.3827428571428571,0.39642,0.3641057142857143,0.36496000000000006,0.3736428571428572,0.3796571428571429,0.39401428571428576,0.3824714285714286,0.37645999999999996,0.36757714285714294,0.35478,0.3532542857142857,0.3581428571428572,0.33664571428571427,0.3183057142857143,0.3171800000000001,0.32556285714285715,0.37056,0.35609714285714283,0.3463914285714286,0.32276,0.3207914285714286,0.35180285714285714,0.27716632653061224,0.2920020408163265,0.29113979591836736,0.28659183673469385,0.28065,0.28923469387755096,0.2830122448979592,0.2818989795918368,0.28422551020408166,0.2932214285714285,0.2959734693877551,0.285315306122449,0.27101938775510204,0.2777244897959184,0.29632244897959176,0.23878809523809527,0.2308095238095238,0.23993333333333333,0.2498309523809524,0.2467166666666666,0.23952380952380956,0.24963095238095234,0.24424761904761905,0.25135238095238094,0.2267261904761905,0.23107380952380954,0.24280714285714286,0.2517690476190476,0.25447142857142857,0.2213166666666667,0.3090551020408163,0.30860952380952383,0.30774353741496596,0.3069666666666667,0.3084795918367347,0.30764421768707484,0.30478299319727886,0.307874149659864,0.3140993197278912,0.31045510204081633,0.3097278911564626,0.3150081632653062,0.3111142857142857,0.31399931972789114,0.31416734693877546,Female,5,5-7,Elementary,S,NC,R16S04g5_info1_250Hz_gu2_AEP.conn
R16S17G6,R16S17g6_info1_250Hz_gu2_AEP.conn,gu2,0.22078571428571425,0.20480952380952377,0.1916095238095238,0.1866095238095238,0.18457619047619045,0.19001904761904762,0.19042380952380952,0.19486190476190476,0.1945714285714286,0.1873904761904762,0.19356190476190474,0.20243809523809522,0.24323333333333333,0.2487857142857143,0.25328095238095244,0.3385885714285714,0.33737142857142854,0.3364485714285715,0.3360371428571428,0.33649999999999997,0.33781428571428573,0.3381485714285714,0.3310371428571429,0.32886000000000004,0.3294971428571428,0.33730000000000004,0.3461228571428571,0.36492,0.3614857142857143,0.3783142857142857,0.3353685714285714,0.3364771428571428,0.3297542857142857,0.32019714285714285,0.31278285714285714,0.33692857142857147,0.3326485714285714,0.3243,0.31463142857142856,0.3313828571428571,0.3252942857142857,0.3216,0.33314571428571427,0.3258457142857143,0.3255257142857143,0.2783142857142857,0.2761112244897959,0.27507755102040815,0.2742510204081633,0.27571326530612245,0.29057346938775513,0.287061224489796,0.2786459183673469,0.27288163265306126,0.26718367346938776,0.26984897959183674,0.27044285714285715,0.2755561224489796,0.268473469387755,0.2657785714285715,0.22424047619047616,0.21891904761904765,0.21631428571428576,0.21614761904761903,0.2228309523809524,0.22501666666666664,0.22071190476190475,0.22409047619047617,0.23135238095238098,0.21065714285714288,0.2111047619047619,0.21485714285714286,0.23676428571428573,0.23789761904761905,0.2149714285714286,0.36032789115646263,0.36374557823129255,0.3668619047619048,0.3666333333333333,0.3633789115646258,0.37383129251700686,0.37320136054421765,0.37267074829931973,0.3709768707482994,0.37357619047619056,0.37761564625850347,0.3785768707482993,0.38286530612244896,0.3785013605442177,0.3834999999999999,Female,6,5-7,Elementary,S,NC,R16S17g6_info1_250Hz_gu2_AEP.conn
R16S01Y08B,R16S01y08b_info1_250Hz_gu2_AEP.conn,gu2,0.19128571428571428,0.1924,0.18615714285714283,0.18983333333333338,0.19797142857142858,0.20476666666666668,0.19995714285714286,0.21030952380952384,0.21459047619047622,0.19658571428571428,0.1901761904761905,0.18218571428571428,0.23393333333333333,0.23926190476190476,0.24039047619047618,0.34676,0.33870285714285714,0.3354028571428572,0.3297228571428571,0.34317142857142857,0.31727428571428573,0.32886,0.3329371428571429,0.33366285714285715,0.3515028571428571,0.3429285714285714,0.33696571428571426,0.3523914285714286,0.3572457142857143,0.3704142857142857,0.30423999999999995,0.31221714285714286,0.31589999999999996,0.31233999999999995,0.3165428571428571,0.3205371428571429,0.3122257142857143,0.3023314285714286,0.29389714285714286,0.29826285714285716,0.30326,0.29913142857142855,0.30109142857142857,0.2922228571428572,0.2812742857142857,0.22231632653061226,0.22708877551020407,0.2334112244897959,0.23498265306122446,0.2399571428571429,0.22573469387755105,0.23315612244897954,0.23291020408163265,0.23234591836734692,0.2298377551020408,0.23599285714285714,0.24050816326530614,0.2355918367346939,0.24094489795918367,0.2408581632653061,0.2804928571428571,0.2838333333333333,0.2877571428571428,0.2828880952380952,0.2765690476190476,0.2740952380952381,0.26094761904761904,0.2576023809523809,0.26503095238095237,0.3015666666666667,0.30229047619047617,0.29410952380952377,0.2556285714285714,0.26774047619047625,0.29918333333333336,0.3248537414965987,0.3248761904761904,0.3264,0.32687687074829935,0.3232469387755102,0.31250680272108844,0.31157142857142855,0.31619115646258505,0.31747142857142857,0.3269517006802722,0.32743469387755103,0.3246115646258504,0.3244394557823129,0.32716870748299315,0.32836190476190474,Female,8,8-12,Elementary,S,NC,R16S01y08b_info1_250Hz_gu2_AEP.conn
R16S11B10,R16S11b10_info1_250Hz_gu2_AEP.conn,gu2,0.23259047619047624,0.21675238095238095,0.2119857142857143,0.21186190476190478,0.21169523809523808,0.22021428571428572,0.2327047619047619,0.23775238095238097,0.22794761904761907,0.22579523809523808,0.22065238095238096,0.2161,0.2718809523809524,0.28413333333333335,0.26828095238095234,0.30539714285714287,0.2988314285714285,0.2973742857142857,0.28588285714285716,0.2829428571428571,0.2991171428571429,0.2894742857142857,0.29592285714285715,0.29004285714285716,0.2872857142857143,0.28438857142857144,0.27991999999999995,0.3151028571428572,0.32412,0.31419714285714284,0.2973285714285715,0.30023428571428573,0.30036285714285715,0.28895428571428566,0.27649142857142855,0.3175657142857143,0.32132857142857146,0.32337142857142853,0.33061428571428575,0.29945714285714287,0.29575714285714283,0.28206571428571425,0.32080571428571425,0.3200628571428571,0.28403999999999996,0.2953938775510204,0.28310102040816326,0.28156938775510204,0.27862040816326533,0.2757377551020408,0.2765489795918367,0.27651530612244896,0.27415408163265303,0.274234693877551,0.27524795918367345,0.27727959183673473,0.27618163265306117,0.2816408163265306,0.28293367346938775,0.27936734693877546,0.2558309523809524,0.24126666666666666,0.23521904761904758,0.22560476190476186,0.22829047619047618,0.23521190476190476,0.2332904761904762,0.2241666666666667,0.22944285714285717,0.24392380952380954,0.2446785714285714,0.23910714285714285,0.23954047619047616,0.23878095238095234,0.25019285714285716,0.3214673469387755,0.320452380952381,0.31915578231292524,0.31577959183673476,0.3118748299319728,0.31647006802721084,0.31741836734693885,0.3178312925170068,0.3190285714285714,0.32580816326530615,0.328330612244898,0.328578231292517,0.3329367346938775,0.3368040816326531,0.33346054421768706,Male,10,8-12,Elementary,S,NC,R16S11b10_info1_250Hz_gu2_AEP.conn
R16E06Y08G8,R16E06y08g8_info1_250Hz_gu2_AEP.conn,gu2,0.25876666666666664,0.2664190476190476,0.28630952380952385,0.29218095238095243,0.29173809523809524,0.3408333333333333,0.3527761904761904,0.3609809523809524,0.36429523809523806,0.2832761904761904,0.2831047619047619,0.29700476190476194,0.3787428571428572,0.38388571428571433,0.3345142857142857,0.37445428571428574,0.3807028571428571,0.3916114285714286,0.39631999999999995,0.3867885714285714,0.39198285714285713,0.3958257142857143,0.39757428571428577,0.38664571428571426,0.3936914285714286,0.3905942857142858,0.38156857142857137,0.40470285714285714,0.3914485714285714,0.40606,0.3590942857142857,0.3492685714285715,0.3520914285714286,0.3719485714285714,0.3783085714285714,0.35213428571428573,0.3603971428571428,0.35731999999999997,0.3513771428571429,0.34663714285714287,0.35062571428571426,0.36191999999999996,0.3379085714285715,0.32588000000000006,0.36169142857142855,0.29604693877551025,0.2884428571428571,0.28015102040816325,0.27657040816326534,0.29439897959183675,0.26197346938775506,0.28650408163265306,0.2981969387755102,0.29347244897959185,0.289695918367347,0.288515306122449,0.28598367346938774,0.2971020408163266,0.30309897959183674,0.305330612244898,0.2972119047619048,0.2971047619047619,0.3171,0.3251309523809524,0.32714523809523804,0.33658809523809524,0.35948571428571435,0.36584999999999995,0.3543809523809524,0.31578809523809526,0.331097619047619,0.3370404761904762,0.3596571428571429,0.3794952380952381,0.33636666666666665,0.3896564625850341,0.39826734693877563,0.3958408163265306,0.3911054421768707,0.37941632653061225,0.39123945578231284,0.390987074829932,0.3803238095238095,0.3746496598639456,0.4128836734693877,0.4049938775510204,0.4022707482993197,0.39473401360544214,0.38278231292517007,0.40909591836734693,Female,8,8-12,Elementary,E,NC,R16E06y08g8_info1_250Hz_gu2_AEP.conn
R16A04B8,R16A04b8_info1_250Hz_gu2_AEP.conn,gu2,0.2992,0.30267142857142865,0.28108571428571427,0.26609047619047616,0.292052380952381,0.2896666666666667,0.2825190476190476,0.26589999999999997,0.26663809523809523,0.30605714285714286,0.293347619047619,0.2782809523809524,0.29433809523809523,0.2916047619047619,0.3395285714285714,0.3704171428571429,0.38572285714285715,0.3916571428571428,0.3890314285714286,0.3830714285714286,0.37567428571428574,0.3831142857142857,0.3837657142857143,0.3866657142857143,0.3889314285714286,0.39284285714285716,0.3924571428571429,0.3925285714285714,0.3879628571428571,0.41224571428571427,0.3672942857142857,0.36722285714285713,0.35964,0.3576114285714286,0.36056571428571427,0.3260314285714285,0.31784,0.34391714285714287,0.34406,0.3639457142857143,0.36427714285714285,0.36494857142857146,0.3384742857142857,0.34918,0.37644,0.36633877551020405,0.3534867346938775,0.34875102040816325,0.33514183673469383,0.33360102040816314,0.35074183673469383,0.34999387755102035,0.3468438775510204,0.35090204081632653,0.3631857142857143,0.3572459183673469,0.3379357142857143,0.34262857142857145,0.339684693877551,0.3528408163265305,0.33305952380952375,0.32016190476190476,0.31288095238095237,0.29973571428571427,0.30209523809523814,0.3178380952380952,0.33140714285714284,0.3309214285714286,0.3256047619047619,0.31404523809523804,0.3189952380952381,0.3147380952380952,0.31949761904761903,0.31471428571428567,0.307447619047619,0.37004353741496604,0.36538503401360545,0.3620557823129251,0.3621408163265306,0.35880612244897964,0.35043809523809527,0.3507503401360545,0.35220884353741494,0.35776734693877554,0.37282244897959177,0.36694081632653064,0.36612448979591833,0.36094081632653063,0.3594598639455783,0.3611829931972789,Male,8,8-12,Elementary,A,NC,R16A04b8_info1_250Hz_gu2_AEP.conn
R16E14B10,R16E14b10_info1_250Hz_gu2_AEP.conn,gu2,0.18261904761904765,0.18243333333333334,0.1782952380952381,0.18218095238095236,0.18723333333333333,0.19534285714285715,0.19773809523809524,0.1974904761904762,0.19121904761904762,0.1955,0.19334761904761902,0.1896095238095238,0.2253571428571429,0.2241047619047619,0.2342,0.3164142857142857,0.3132742857142857,0.31439428571428574,0.3169571428571428,0.31856,0.32210857142857147,0.32244,0.3235228571428571,0.3293428571428572,0.3215171428571429,0.32436000000000004,0.32802571428571425,0.33513714285714286,0.3370971428571428,0.3551971428571429,0.3068828571428571,0.30349714285714285,0.2997257142857143,0.3007342857142857,0.30581142857142857,0.3370457142857143,0.3322457142857143,0.33004285714285714,0.3325542857142857,0.29697428571428575,0.2986171428571428,0.3032228571428572,0.32646857142857144,0.32774285714285717,0.30914857142857144,0.21756836734693877,0.215365306122449,0.21800510204081638,0.22090816326530613,0.21845714285714288,0.22316020408163265,0.22163061224489794,0.22191428571428573,0.22174081632653062,0.2147408163265306,0.21935408163265305,0.2204714285714285,0.2202061224489796,0.2196897959183674,0.21941020408163264,0.20110238095238095,0.2048404761904762,0.20331190476190475,0.20250714285714286,0.19957380952380954,0.21706428571428574,0.21132142857142858,0.2059404761904762,0.20197142857142858,0.21398571428571425,0.21030714285714283,0.20434523809523808,0.21503333333333333,0.21004285714285711,0.21848095238095236,0.28163061224489794,0.2861510204081633,0.28179591836734685,0.2773272108843537,0.2765775510204081,0.2871210884353741,0.2866360544217687,0.28327142857142856,0.28234965986394556,0.2894204081632653,0.28772857142857144,0.28583605442176874,0.2944544217687075,0.2927884353741496,0.29101496598639454,Male,10,8-12,Elementary,E,NC,R16E14b10_info1_250Hz_gu2_AEP.conn
R16X01S_G10,R16x01S_g10_info1_250Hz_gu2_AEP.conn,gu2,0.24364285714285713,0.24254285714285717,0.23357142857142862,0.2222047619047619,0.22016190476190478,0.2301857142857143,0.22966190476190476,0.2317857142857143,0.23029999999999998,0.24984285714285714,0.24200476190476192,0.2288380952380952,0.2604380952380952,0.2601380952380952,0.281152380952381,0.3183828571428572,0.31442285714285717,0.30512285714285714,0.31158857142857144,0.31237714285714285,0.3067942857142857,0.30803714285714284,0.31029142857142855,0.3140371428571429,0.32034285714285715,0.31400857142857147,0.3161714285714286,0.34012857142857145,0.33714571428571427,0.33006,0.3119171428571429,0.30305428571428566,0.28454285714285715,0.2779257142857142,0.2831828571428571,0.30489714285714287,0.2979657142857143,0.2885628571428572,0.29083142857142863,0.30123714285714287,0.28757714285714286,0.2724257142857143,0.2930114285714286,0.28269428571428573,0.2908942857142857,0.25805,0.26098367346938783,0.2674428571428571,0.2695214285714286,0.2695051020408163,0.2597020408163266,0.25571122448979594,0.2519775510204082,0.2542275510204081,0.26099795918367347,0.26648979591836736,0.26548979591836736,0.2614836734693878,0.25818775510204084,0.26016836734693877,0.22672380952380955,0.23427619047619044,0.23496666666666668,0.23363809523809523,0.23370000000000002,0.2074904761904762,0.21648333333333333,0.22642857142857142,0.22547619047619047,0.23895476190476192,0.2391142857142857,0.24047380952380956,0.21609761904761904,0.22171190476190475,0.2384238095238095,0.3669605442176871,0.37221088435374144,0.3731707482993197,0.37058095238095234,0.36437551020408154,0.35855714285714285,0.3604340136054421,0.3637687074829931,0.36825170068027213,0.3729959183673469,0.3742183673469388,0.3726428571428571,0.37301836734693883,0.3745571428571428,0.37389863945578233,Female,10,8-12,Elementary,S,NC,R16x01S_g10_info1_250Hz_gu2_AEP.conn
R16BF01B10,R16BF01b10_info1_250Hz_gu2_AEP.conn,gu2,0.2249809523809524,0.21966190476190475,0.21137142857142854,0.2229142857142857,0.22732380952380957,0.18336666666666668,0.19919047619047622,0.19814761904761904,0.21599523809523813,0.21946190476190475,0.20788095238095236,0.20820952380952384,0.2503380952380952,0.2603904761904762,0.2522857142857143,0.3295085714285714,0.31601999999999997,0.29068,0.28296285714285707,0.28972857142857145,0.30557142857142855,0.3001114285714286,0.30026,0.3118,0.32145714285714283,0.3134,0.30567142857142854,0.35245714285714286,0.34295142857142863,0.3458742857142857,0.32359142857142853,0.31663714285714284,0.2989057142857143,0.27638857142857143,0.2876314285714286,0.3129,0.33012571428571424,0.33189142857142856,0.3218114285714285,0.31629142857142856,0.30988,0.2850942857142857,0.3111371428571429,0.31600571428571433,0.32339999999999997,0.34882959183673473,0.34684387755102036,0.3540867346938776,0.351461224489796,0.35413979591836736,0.3443969387755102,0.345269387755102,0.3534479591836735,0.3548867346938775,0.3445071428571428,0.35484591836734686,0.3619295918367348,0.3353275510204082,0.34150816326530614,0.35934897959183676,0.3393166666666667,0.34530714285714287,0.3393190476190476,0.33144999999999997,0.3238095238095238,0.3355214285714286,0.33371666666666666,0.3241,0.3300571428571428,0.34257857142857145,0.33488809523809526,0.3288047619047619,0.32438809523809525,0.31825714285714285,0.3152428571428571,0.3500897959183674,0.35419183673469384,0.3645,0.365687074829932,0.36436530612244894,0.36527210884353745,0.36502312925170066,0.3591673469387756,0.3532489795918367,0.3561190476190476,0.36997619047619046,0.37319455782312927,0.3657721088435374,0.36182789115646263,0.37039183673469384,Male,10,8-12,Elementary,S,NC,R16BF01b10_info1_250Hz_gu2_AEP.conn
R16S13B9,R16S13b9_info1_250Hz_gu2_AEP.conn,gu2,0.17359999999999998,0.16155714285714284,0.16064285714285717,0.16797142857142858,0.16677142857142857,0.1788761904761905,0.16985238095238095,0.16889523809523807,0.17494285714285715,0.16288095238095238,0.16713333333333333,0.17320000000000002,0.21322857142857143,0.2065285714285714,0.2109857142857143,0.3352114285714286,0.33146285714285717,0.33797714285714286,0.35062,0.3573771428571429,0.3368657142857143,0.3369114285714286,0.33750285714285716,0.3396485714285714,0.3341457142857143,0.3357257142857143,0.33799999999999997,0.36100857142857146,0.35735142857142854,0.35246285714285713,0.3995971428571429,0.39203428571428567,0.38479428571428576,0.3895257142857143,0.40035999999999994,0.3954914285714285,0.39219428571428566,0.3791714285714286,0.3599314285714285,0.3871857142857143,0.3788485714285714,0.3793714285714286,0.3778714285714286,0.3642714285714285,0.3544342857142857,0.24628775510204076,0.24492244897959184,0.24005408163265307,0.2378163265306123,0.2399183673469388,0.2428673469387755,0.24402755102040816,0.2429561224489796,0.23908775510204086,0.24475102040816327,0.23987448979591836,0.23937040816326527,0.24755918367346935,0.24469591836734694,0.2478071428571429,0.23285476190476193,0.23911190476190478,0.23601666666666668,0.24337142857142857,0.2528190476190476,0.24147857142857143,0.2332119047619048,0.22483571428571433,0.22931666666666664,0.23920476190476192,0.23638571428571428,0.24305238095238094,0.25040238095238093,0.2427309523809524,0.24575238095238094,0.30342517006802716,0.3045591836734694,0.30824761904761905,0.3086353741496598,0.30941564625850343,0.30037551020408165,0.29828503401360545,0.3007238095238095,0.3052374149659864,0.30921564625850345,0.31213197278911564,0.31054013605442177,0.30277891156462583,0.3057027210884354,0.31493469387755096,Male,9,8-12,Elementary,S,NC,R16S13b9_info1_250Hz_gu2_AEP.conn
R16S20G7,R16S20g7_info1_250Hz_gu2_AEP.conn,gu2,0.2652095238095238,0.2677857142857143,0.2732857142857143,0.27772380952380954,0.26825238095238096,0.27872380952380954,0.2783333333333333,0.2785666666666667,0.283152380952381,0.2853857142857143,0.2908952380952381,0.29463333333333336,0.30473333333333336,0.31092380952380955,0.3402857142857143,0.31026,0.31544,0.31333142857142854,0.31414857142857144,0.3103457142857143,0.3196257142857143,0.31026571428571426,0.30377714285714286,0.3029114285714286,0.32122571428571434,0.32371428571428573,0.3288142857142857,0.33339428571428564,0.3370057142857143,0.35188857142857144,0.2617028571428571,0.25805428571428574,0.24609999999999999,0.24619999999999997,0.24841142857142856,0.2501714285714286,0.25472285714285714,0.2512628571428571,0.25058857142857144,0.2487171428571428,0.24499142857142858,0.24207714285714288,0.25136857142857144,0.2552685714285714,0.2512285714285714,0.23424591836734693,0.23050102040816325,0.22768775510204084,0.22696326530612246,0.23045510204081635,0.21507244897959182,0.2236265306122449,0.2309193877551021,0.22331428571428572,0.22880714285714285,0.22416122448979592,0.22284591836734693,0.220184693877551,0.22239897959183672,0.21954081632653064,0.25045,0.25720952380952383,0.27733571428571424,0.2811428571428572,0.27049047619047617,0.2694595238095238,0.26437380952380957,0.2598547619047619,0.2584714285714285,0.2567071428571429,0.26937142857142854,0.2688452380952381,0.2709404761904762,0.2693261904761905,0.2726047619047619,0.29990612244897963,0.3076625850340136,0.30698775510204085,0.30240544217687076,0.2953353741496598,0.29344149659863944,0.2922938775510205,0.29457006802721086,0.2998857142857143,0.3061081632653061,0.3071258503401361,0.3080945578231292,0.3063639455782313,0.3074768707482993,0.31233333333333335,Female,7,5-7,Elementary,S,NC,R16S20g7_info1_250Hz_gu2_AEP.conn
R16S06G6,R16S06g6_info1_250Hz_gu2_AEP.conn,gu2,0.2571428571428571,0.2655666666666667,0.26953809523809524,0.25620952380952383,0.2465190476190476,0.2644047619047619,0.2502761904761905,0.24660476190476188,0.24059523809523808,0.2621380952380952,0.27076666666666666,0.26024285714285716,0.28664761904761904,0.28509047619047617,0.29538571428571425,0.31607714285714283,0.3053485714285714,0.28890857142857146,0.28526571428571423,0.2922828571428571,0.3172628571428572,0.3012314285714286,0.29620285714285716,0.29474,0.30349428571428577,0.2983342857142858,0.29784571428571427,0.31942000000000004,0.3123885714285714,0.3302885714285714,0.28380571428571433,0.2690228571428571,0.26981714285714287,0.27030571428571426,0.2706571428571428,0.26698571428571427,0.26513428571428566,0.2746342857142857,0.27628285714285716,0.27547142857142853,0.27700285714285716,0.2805485714285715,0.27155142857142855,0.27664857142857147,0.29286,0.2412979591836735,0.24538469387755102,0.24356428571428573,0.24078979591836736,0.23549489795918369,0.23280510204081634,0.23640714285714284,0.23938265306122447,0.24008469387755108,0.24116632653061226,0.24077142857142858,0.24086122448979594,0.23360204081632654,0.23930204081632653,0.23922040816326534,0.22483809523809525,0.2229595238095238,0.2196833333333333,0.21546904761904762,0.21539285714285714,0.23843333333333336,0.23307619047619046,0.22733333333333336,0.2286809523809524,0.21860238095238094,0.21387380952380952,0.21152619047619048,0.22842142857142855,0.22540000000000002,0.20599285714285717,0.2746931972789116,0.27553333333333335,0.273634693877551,0.2670081632653061,0.26711768707482997,0.25972312925170077,0.2623591836734694,0.2657673469387755,0.26576462585034016,0.2800965986394558,0.27973197278911566,0.2750918367346939,0.278965306122449,0.28038639455782316,0.2806292517006802,Female,6,5-7,Elementary,S,NC,R16S06g6_info1_250Hz_gu2_AEP.conn
R16E07B9,R16E07b9_info1_250Hz_gu2_AEP.conn,gu2,0.25165714285714286,0.25297619047619047,0.2551333333333334,0.2556095238095238,0.2614857142857143,0.2888380952380952,0.28791904761904763,0.2776190476190476,0.2639142857142857,0.2595809523809524,0.2672904761904762,0.2760714285714286,0.3242,0.3139476190476191,0.3073571428571429,0.43439428571428573,0.4344771428571429,0.4238828571428571,0.4203028571428572,0.41677714285714285,0.41643714285714284,0.41998857142857143,0.4217314285714286,0.41381428571428575,0.43487142857142863,0.42881714285714284,0.42732857142857145,0.44861428571428574,0.45252,0.45398000000000005,0.3523085714285714,0.35574285714285714,0.3539371428571429,0.3553285714285715,0.36386285714285715,0.3646028571428571,0.36334285714285713,0.35248285714285715,0.3492085714285714,0.3688857142857144,0.3663914285714286,0.37339142857142854,0.3788714285714286,0.36808,0.39434571428571424,0.3624561224489797,0.3630591836734694,0.35830204081632644,0.35516428571428577,0.3535704081632653,0.33683265306122445,0.3399316326530612,0.34316836734693873,0.3411377551020408,0.3639306122448979,0.3586765306122449,0.34809795918367337,0.33155102040816326,0.3391122448979592,0.34862653061224486,0.22744047619047622,0.23668095238095235,0.24872380952380954,0.24848571428571423,0.24243333333333336,0.24211428571428573,0.24134285714285716,0.2578166666666667,0.2644571428571429,0.24813571428571427,0.260047619047619,0.2594690476190476,0.24240238095238095,0.2510857142857143,0.26381666666666664,0.32102244897959187,0.31897006802721084,0.31534285714285715,0.31566802721088427,0.3217727891156462,0.31316462585034016,0.31484693877551023,0.31390680272108845,0.31390476190476196,0.32784217687074824,0.324725850340136,0.3241496598639455,0.3273544217687075,0.3251768707482994,0.3284462585034013,Male,9,8-12,Elementary,E,NC,R16E07b9_info1_250Hz_gu2_AEP.conn
R16A07B12,R16A07b12_info1_250Hz_gu2_AEP.conn,gu2,0.30722857142857146,0.2900238095238095,0.29430952380952385,0.29789523809523805,0.29423809523809524,0.2889190476190476,0.2758333333333333,0.26765714285714287,0.25967619047619045,0.2845142857142857,0.2927952380952381,0.2905904761904762,0.33112380952380954,0.33357619047619047,0.3231428571428571,0.4342028571428571,0.4325657142857143,0.42869714285714283,0.4232171428571429,0.4203085714285715,0.4405685714285714,0.44348,0.4536542857142857,0.45475714285714286,0.4287342857142857,0.4251742857142857,0.41605428571428577,0.45918285714285706,0.4741942857142857,0.43986000000000003,0.3706542857142857,0.3852457142857143,0.39514000000000005,0.3960685714285715,0.39770000000000005,0.3635942857142857,0.37868,0.4041657142857143,0.39585142857142863,0.36645142857142865,0.37056857142857147,0.3747571428571429,0.3677685714285714,0.40385428571428567,0.3614885714285714,0.34744591836734695,0.3586173469387754,0.3594030612244898,0.35088775510204073,0.34834897959183675,0.33090918367346944,0.33093469387755103,0.33387142857142865,0.325065306122449,0.35682142857142857,0.3507030612244898,0.341065306122449,0.33359795918367346,0.3404234693877551,0.35064489795918374,0.36823333333333336,0.3657238095238095,0.3541809523809523,0.3567142857142857,0.3577904761904762,0.3550666666666667,0.3555071428571428,0.3549785714285714,0.35322857142857145,0.3838619047619048,0.3879333333333333,0.39057380952380943,0.375302380952381,0.3692380952380952,0.38962380952380954,0.3460802721088435,0.34560476190476186,0.34685374149659864,0.3421972789115647,0.33835782312925167,0.35026326530612245,0.34389727891156463,0.3435455782312925,0.3496061224489796,0.35253265306122444,0.3523278911564626,0.3528836734693878,0.3521809523809524,0.358869387755102,0.36380748299319726,Male,12,8-12,Secondary,A,NC,R16A07b12_info1_250Hz_gu2_AEP.conn
R16E04G10,R16E04g10_info1_250Hz_gu2_AEP.conn,gu2,0.2070142857142857,0.21575238095238095,0.21440952380952383,0.21069047619047618,0.20504761904761906,0.2193333333333333,0.21461904761904763,0.21474761904761905,0.22005714285714284,0.2085857142857143,0.20429047619047622,0.20346190476190476,0.2525,0.26006190476190477,0.24404285714285714,0.34002571428571426,0.34387142857142855,0.3440914285714286,0.3452857142857143,0.3446657142857143,0.34671142857142856,0.34463428571428567,0.3421628571428571,0.35104857142857143,0.34593428571428575,0.3438314285714286,0.34302857142857135,0.3797885714285714,0.3794828571428572,0.37672285714285714,0.31372,0.3165057142857143,0.3198514285714286,0.31759714285714286,0.3186142857142857,0.3118142857142857,0.30870285714285717,0.3171828571428571,0.3256228571428571,0.31195142857142855,0.31265428571428566,0.31058285714285716,0.31643714285714286,0.3204571428571429,0.3198685714285714,0.287934693877551,0.2846734693877551,0.28343673469387753,0.28243265306122445,0.2807397959183673,0.2765387755102041,0.2766030612244898,0.2799887755102041,0.283234693877551,0.2778204081632653,0.27983775510204084,0.2789520408163266,0.269265306122449,0.27015408163265303,0.27802755102040816,0.2812047619047619,0.28550000000000003,0.28791190476190476,0.28423333333333334,0.2820404761904762,0.2902928571428572,0.2946595238095238,0.2946571428571428,0.29781428571428575,0.2873238095238095,0.2892333333333333,0.2887809523809524,0.29897380952380953,0.2922166666666666,0.2742642857142857,0.31144761904761903,0.3096530612244899,0.3124775510204082,0.31807551020408165,0.3177482993197279,0.31812040816326526,0.31742721088435377,0.3196829931972789,0.31879319727891153,0.3160163265306122,0.31557755102040813,0.31999591836734687,0.3232829931972789,0.3258761904761905,0.3217578231292516,Female,10,8-12,Elementary,E,NC,R16E04g10_info1_250Hz_gu2_AEP.conn
R16E05G10,R16E05g10_info1_250Hz_gu2_AEP.conn,gu2,0.22793809523809525,0.24021904761904764,0.26735714285714285,0.28628095238095236,0.2825285714285714,0.2795142857142857,0.2876238095238095,0.2902238095238095,0.2967857142857143,0.2255952380952381,0.25448571428571426,0.2780142857142857,0.3266380952380952,0.33861428571428576,0.2774190476190476,0.3360171428571429,0.34388857142857143,0.34871714285714284,0.3589685714285714,0.35701714285714287,0.35784000000000005,0.35290857142857146,0.35806,0.3734314285714286,0.3324028571428571,0.34290571428571426,0.35742285714285715,0.3838628571428571,0.39992857142857147,0.3639657142857143,0.29248285714285716,0.29529714285714287,0.2913257142857143,0.28293142857142856,0.2660142857142857,0.29667714285714286,0.27984285714285717,0.2792514285714286,0.2848171428571428,0.3025714285714286,0.30073142857142854,0.2896,0.28432285714285715,0.28598,0.30153428571428564,0.21233673469387757,0.211734693877551,0.21800714285714287,0.21880816326530608,0.22064081632653057,0.2372744897959184,0.23653265306122445,0.22841122448979595,0.22545714285714283,0.21537448979591836,0.2261877551020408,0.22394591836734695,0.22977448979591836,0.22049183673469389,0.23852755102040812,0.24177380952380953,0.24784047619047614,0.2475238095238095,0.25389761904761904,0.24689523809523808,0.24988333333333335,0.24875714285714287,0.24368095238095236,0.24312857142857144,0.25380238095238095,0.25399999999999995,0.2616428571428571,0.24999047619047618,0.24990476190476188,0.2624214285714285,0.3332136054421769,0.33602448979591837,0.32995850340136057,0.32911836734693883,0.3354646258503401,0.3372496598639456,0.33721972789115645,0.34152108843537404,0.34272244897959186,0.3408183673469387,0.33475782312925173,0.3339836734693878,0.344239455782313,0.3456047619047619,0.3393809523809524,Female,10,8-12,Elementary,E,NC,R16E05g10_info1_250Hz_gu2_AEP.conn
R16E19B5,R16E19b5_info1_250Hz_gu2_AEP.conn,gu2,0.3029904761904762,0.29119523809523806,0.2769904761904762,0.267152380952381,0.26899047619047617,0.2732857142857143,0.28251904761904756,0.28755238095238095,0.2861857142857143,0.2828619047619048,0.26460476190476195,0.27434761904761906,0.3285571428571428,0.318547619047619,0.29571428571428565,0.4293514285714285,0.44804857142857146,0.4438428571428571,0.42816,0.4147428571428572,0.45226,0.46289428571428576,0.4693314285714286,0.45768,0.4628771428571429,0.44512285714285715,0.4299942857142858,0.4806714285714285,0.48231714285714283,0.4537171428571429,0.42245428571428567,0.4371771428571429,0.43855428571428573,0.4382314285714286,0.4289485714285714,0.45318571428571425,0.4593971428571429,0.4512942857142857,0.45190285714285705,0.4571685714285715,0.46187428571428574,0.4530542857142857,0.45403714285714286,0.44855714285714293,0.45370857142857146,0.3967897959183673,0.39047448979591837,0.3870102040816326,0.388923469387755,0.3847030612244898,0.39676122448979584,0.39814897959183676,0.4003765306122449,0.39156428571428575,0.3840530612244898,0.3836612244897958,0.38151428571428564,0.36742346938775505,0.36538265306122447,0.37416734693877546,0.3135547619047619,0.30593095238095236,0.30720714285714285,0.3086285714285715,0.30453095238095235,0.2998595238095238,0.3029595238095238,0.30538095238095236,0.305402380952381,0.3060619047619047,0.2975785714285714,0.29717857142857146,0.317247619047619,0.30603571428571424,0.29787142857142856,0.3707795918367347,0.3777693877551021,0.38765238095238097,0.38372857142857136,0.3843843537414966,0.3778911564625852,0.37782925170068027,0.3729972789115646,0.37258163265306116,0.3677748299319727,0.37667551020408163,0.37979863945578224,0.37714149659863944,0.38180952380952377,0.3783510204081632,Male,5,5-7,Elementary,E,NC,R16E19b5_info1_250Hz_gu2_AEP.conn
R16E01Y10G,R16E01y10g_info1_250Hz_gu2_AEP.conn,gu2,0.2748,0.2637380952380952,0.27385238095238096,0.27978095238095235,0.2730619047619048,0.3038285714285714,0.30103809523809527,0.31411904761904763,0.31794285714285714,0.2767285714285715,0.27987619047619045,0.28985714285714287,0.3361571428571429,0.35081904761904764,0.3303095238095238,0.33061714285714283,0.3358657142857143,0.3403171428571429,0.3384314285714286,0.32833428571428563,0.3568485714285714,0.3550514285714286,0.35346,0.35789428571428566,0.33085714285714285,0.3477314285714286,0.35513142857142854,0.37022000000000005,0.3713142857142857,0.37870857142857145,0.34608,0.3353028571428571,0.32150000000000006,0.3232771428571429,0.31525428571428576,0.32475714285714286,0.3271285714285715,0.31871428571428567,0.3272314285714285,0.3373428571428571,0.32797714285714286,0.3278085714285714,0.33383999999999997,0.3281142857142857,0.3490571428571429,0.2272051020408163,0.23015204081632654,0.22134285714285715,0.2238734693877551,0.22946020408163267,0.22088775510204078,0.21704897959183672,0.21688877551020408,0.2144489795918367,0.22526836734693884,0.2188540816326531,0.22736734693877553,0.2230469387755102,0.22135408163265308,0.2203806122448979,0.2676880952380953,0.26987857142857147,0.26313095238095235,0.26361190476190477,0.2589309523809524,0.26916666666666667,0.2588214285714286,0.26443333333333335,0.2667285714285714,0.26545952380952387,0.25608571428571425,0.2560452380952381,0.26441190476190474,0.2647095238095238,0.24930476190476192,0.34187142857142855,0.3363421768707483,0.33532040816326525,0.3400068027210884,0.333652380952381,0.33035714285714285,0.3343027210884354,0.33512040816326527,0.33677551020408164,0.33845306122448987,0.3355639455782312,0.33983537414965986,0.346830612244898,0.34718231292517004,0.33208027210884355,Female,10,8-12,Elementary,E,NC,R16E01y10g_info1_250Hz_gu2_AEP.conn
R16S02B_G6,R16S02b_g6_info1_250Hz_gu2_AEP.conn,gu2,0.28652857142857147,0.2661,0.26076190476190475,0.2638238095238095,0.26743333333333336,0.28835238095238097,0.28703809523809526,0.2824047619047619,0.27861428571428576,0.2728809523809524,0.2739,0.27775714285714287,0.3259190476190476,0.33146666666666663,0.321047619047619,0.4388371428571428,0.44157142857142856,0.44344,0.43789428571428574,0.43146571428571434,0.46435142857142847,0.46166,0.46095428571428565,0.46826,0.42168857142857147,0.43197428571428576,0.4284714285714286,0.4579657142857143,0.4556542857142857,0.4549828571428572,0.4554742857142857,0.4524714285714285,0.44101714285714283,0.4406542857142857,0.4404171428571429,0.44388571428571433,0.4522057142857143,0.44963999999999993,0.4487857142857143,0.43971142857142853,0.43128857142857147,0.4317171428571429,0.4253457142857142,0.43214857142857144,0.4413828571428572,0.36255306122448977,0.3663051020408163,0.36689183673469394,0.36346020408163265,0.3612938775510205,0.36951020408163276,0.36866734693877545,0.3683357142857143,0.3740469387755101,0.37048367346938776,0.3736795918367347,0.37512653061224494,0.3607163265306123,0.3638051020408163,0.3745591836734694,0.2572452380952381,0.25073809523809526,0.24885476190476194,0.25138809523809524,0.25060714285714286,0.24975714285714287,0.25073809523809526,0.26134523809523813,0.2674309523809524,0.26219047619047625,0.26025238095238096,0.2577023809523809,0.26102857142857144,0.26846428571428577,0.26739761904761905,0.330812925170068,0.3328904761904762,0.32870816326530605,0.3269462585034013,0.3263721088435374,0.32755102040816325,0.32548095238095237,0.32624149659863944,0.32803333333333334,0.33726870748299315,0.3358734693877551,0.333391156462585,0.3425646258503402,0.347347619047619,0.33997619047619043,Female,6,5-7,Elementary,S,NC,R16S02b_g6_info1_250Hz_gu2_AEP.conn
R16E12B9,R16E12b9_info1_250Hz_gu2_AEP.conn,gu2,0.3065238095238095,0.3122666666666667,0.3217904761904762,0.31371428571428567,0.30920952380952377,0.33632857142857137,0.3231523809523809,0.31820476190476193,0.32567619047619045,0.27610476190476185,0.2925857142857143,0.3060095238095238,0.3546238095238095,0.3457571428571429,0.32701428571428576,0.36092571428571424,0.3655371428571429,0.3627057142857143,0.36168857142857147,0.35285714285714287,0.3998142857142857,0.4034942857142857,0.3987571428571429,0.40291428571428567,0.3545342857142857,0.3592914285714286,0.3694542857142857,0.39918000000000003,0.4034771428571429,0.3913628571428571,0.33474857142857145,0.32985428571428566,0.32739714285714283,0.33909142857142854,0.34492857142857136,0.36125428571428575,0.35596285714285714,0.35023428571428566,0.33367142857142856,0.3558828571428571,0.34521999999999997,0.3547314285714286,0.34007714285714286,0.3338228571428571,0.3469171428571429,0.2701142857142857,0.2744020408163265,0.26984897959183674,0.2706765306122449,0.27455102040816326,0.28369285714285714,0.2742051020408164,0.27171632653061223,0.2735877551020408,0.27878265306122446,0.27145816326530614,0.2687887755102041,0.27583673469387754,0.2680030612244898,0.2621734693877551,0.3020880952380953,0.29915714285714284,0.2959523809523809,0.30334285714285714,0.30550952380952384,0.33394523809523813,0.32462142857142856,0.32283333333333336,0.3205023809523809,0.30858333333333327,0.30837380952380955,0.317097619047619,0.3345404761904762,0.33244761904761905,0.320547619047619,0.34873877551020405,0.34791768707482995,0.34829591836734697,0.34554965986394565,0.3424823129251701,0.34649591836734694,0.34425306122448984,0.3517006802721089,0.358856462585034,0.34840272108843534,0.3514251700680272,0.35527210884353744,0.3687687074829932,0.3733387755102041,0.3529394557823129,Male,9,8-12,Elementary,E,NC,R16E12b9_info1_250Hz_gu2_AEP.conn
R16BF04G10,R16BF04g10_info1_250Hz_gu2_AEP.conn,gu2,0.21079523809523812,0.2175190476190476,0.2101142857142857,0.19283809523809523,0.18516666666666667,0.19905714285714282,0.20491428571428572,0.21457142857142855,0.21250952380952381,0.19993809523809525,0.18923809523809523,0.18097619047619048,0.24217619047619046,0.2462047619047619,0.22548095238095237,0.3401857142857143,0.34538285714285716,0.3472314285714286,0.3411028571428571,0.33324857142857145,0.33670857142857147,0.3399742857142857,0.3387971428571429,0.33862571428571425,0.33096857142857145,0.33033714285714283,0.3307685714285714,0.36166,0.3625085714285714,0.3449714285714286,0.3484457142857143,0.34212571428571426,0.3289171428571429,0.3218628571428571,0.3204542857142857,0.3341685714285714,0.33679714285714285,0.3358028571428571,0.3359628571428571,0.3218857142857143,0.3119457142857143,0.3052914285714286,0.3233857142857143,0.33007142857142857,0.3125257142857143,0.27959693877551023,0.28168265306122453,0.2861591836734694,0.28657755102040816,0.28265,0.2804010204081632,0.2739051020408163,0.2731540816326531,0.2758275510204082,0.2845142857142857,0.28887040816326526,0.28754897959183673,0.2725112244897959,0.27269489795918367,0.28597040816326524,0.24510714285714288,0.25097857142857144,0.26062380952380954,0.2596785714285714,0.25439761904761904,0.2508214285714286,0.2570857142857143,0.25602857142857144,0.25010952380952384,0.25588809523809525,0.2616785714285714,0.2628928571428572,0.26726904761904763,0.2711452380952381,0.2716047619047619,0.323860544217687,0.3235775510204081,0.3237292517006803,0.3201816326530612,0.3178061224489796,0.3169394557823129,0.3185183673469388,0.3237727891156463,0.32572925170068023,0.3326530612244898,0.33538299319727893,0.3324557823129253,0.3289265306122449,0.33596530612244896,0.3335102040816327,Female,10,8-12,Elementary,S,NC,R16BF04g10_info1_250Hz_gu2_AEP.conn
R16S09G6,R16s09g6_info1_250Hz_gu2_AEP.conn,gu2,0.2955047619047619,0.28664285714285714,0.27766190476190483,0.2779761904761905,0.27464761904761903,0.32409523809523805,0.2890952380952381,0.3181952380952381,0.3569047619047619,0.28052857142857146,0.25315714285714286,0.2701142857142857,0.3108285714285714,0.3446952380952381,0.3075857142857143,0.37167428571428573,0.35887714285714284,0.37574285714285716,0.38913999999999993,0.37795428571428574,0.3486714285714285,0.33098285714285713,0.35313142857142854,0.37812285714285715,0.3520171428571429,0.3663514285714286,0.38632857142857147,0.3591771428571428,0.37534,0.4104914285714285,0.3966971428571428,0.3851171428571429,0.3798257142857143,0.36591999999999997,0.3671028571428572,0.39718857142857145,0.3898457142857143,0.41018857142857146,0.40528000000000003,0.37754857142857146,0.39286857142857146,0.3829342857142857,0.39082285714285714,0.38808857142857145,0.36919142857142856,0.3192214285714286,0.3005173469387755,0.3121163265306123,0.31042551020408166,0.3065091836734694,0.30646224489795915,0.30801938775510207,0.3271010204081632,0.33005816326530607,0.3026938775510204,0.31957346938775505,0.3226612244897959,0.3303938775510204,0.34300306122448976,0.32245918367346943,0.33071666666666666,0.3380047619047619,0.3347571428571429,0.32043571428571427,0.32040238095238094,0.33673095238095235,0.31451428571428575,0.3052619047619048,0.3066904761904762,0.35282142857142856,0.33367857142857144,0.31593333333333334,0.3424452380952381,0.3337071428571428,0.3403,0.350573469387755,0.3511469387755103,0.3505108843537415,0.35047414965986395,0.35437551020408165,0.36187687074829944,0.35988299319727896,0.355178231292517,0.34761428571428565,0.35877210884353744,0.3557136054421769,0.3515183673469388,0.3639333333333334,0.3610925170068028,0.36609863945578236,Female,6,5-7,Elementary,S,NC,R16s09g6_info1_250Hz_gu2_AEP.conn
R16E18G9,R16E18g9_info1_250Hz_gu2_AEP.conn,gu2,0.3465619047619048,0.33178095238095234,0.33071904761904763,0.32504285714285713,0.3178904761904762,0.3647428571428571,0.3469,0.3362,0.3285428571428572,0.3427190476190476,0.3434952380952381,0.3410095238095238,0.39663809523809523,0.3864190476190476,0.3916714285714285,0.41208285714285714,0.41173714285714286,0.41866000000000003,0.4251914285714286,0.42441428571428574,0.41608857142857136,0.4208228571428571,0.42510571428571425,0.4242971428571429,0.4090457142857143,0.41414857142857137,0.42375428571428575,0.4447657142857143,0.4447114285714286,0.4367657142857143,0.31527428571428573,0.3168371428571429,0.32360285714285714,0.33991142857142853,0.3400657142857143,0.34224,0.34885714285714287,0.3573085714285715,0.3579485714285714,0.31670571428571426,0.32703999999999994,0.34430285714285713,0.3398,0.34348,0.32885714285714285,0.2652928571428571,0.27164897959183676,0.27468469387755107,0.2745683673469388,0.2654071428571429,0.2816663265306123,0.283330612244898,0.2858642857142857,0.28137448979591834,0.27274081632653063,0.27548163265306125,0.27468673469387755,0.2762234693877551,0.2766316326530612,0.28137551020408164,0.25655,0.2470690476190476,0.2363261904761905,0.23393095238095238,0.2509142857142857,0.25610952380952384,0.2582619047619048,0.2604619047619048,0.2595119047619048,0.24311190476190472,0.23212142857142856,0.23327380952380952,0.2579142857142857,0.25810714285714287,0.23859761904761903,0.38219523809523814,0.38063605442176873,0.3828319727891156,0.38362721088435364,0.38236734693877544,0.3927489795918368,0.39295510204081635,0.3903244897959184,0.38955102040816325,0.39029115646258505,0.3911809523809523,0.39571836734693877,0.40110544217687083,0.39929047619047625,0.39972925170068024,Female,9,8-12,Elementary,E,NC,R16E18g9_info1_250Hz_gu2_AEP.conn
R16S14B5,R16S14b5_info1_250Hz_gu2_AEP.conn,gu2,0.2002142857142857,0.20609047619047619,0.23229047619047619,0.23656666666666668,0.24339999999999998,0.23509999999999998,0.22549047619047616,0.2255904761904762,0.23585714285714285,0.2018047619047619,0.20870476190476192,0.21053333333333335,0.27552380952380956,0.26984761904761906,0.24215714285714288,0.3092571428571429,0.31400285714285714,0.32507142857142857,0.33514285714285713,0.3396942857142857,0.31571142857142853,0.3210885714285714,0.3181457142857143,0.3188285714285714,0.3145,0.3254771428571429,0.3254657142857143,0.35970285714285716,0.3482171428571429,0.3393542857142858,0.33708571428571427,0.3362571428571429,0.3406457142857143,0.3508171428571428,0.36801428571428574,0.34000571428571424,0.34244571428571424,0.3463428571428572,0.34553142857142854,0.3321171428571429,0.33905714285714283,0.34630285714285713,0.35685142857142854,0.36132,0.34958857142857136,0.30001122448979595,0.29602346938775514,0.2936234693877551,0.2946081632653061,0.2997918367346939,0.30081326530612257,0.30573979591836736,0.30692346938775517,0.3009316326530613,0.29838265306122447,0.29844591836734696,0.29655714285714285,0.29803775510204084,0.3001775510204081,0.29219285714285714,0.30653095238095235,0.29027142857142857,0.27167619047619046,0.2691166666666667,0.27868571428571426,0.2844642857142857,0.28331666666666666,0.2760428571428572,0.27913333333333334,0.2811214285714286,0.2726904761904762,0.28232857142857143,0.26187380952380956,0.2536761904761905,0.2719214285714286,0.3069646258503401,0.3108931972789116,0.3085238095238096,0.30709251700680273,0.3103687074829932,0.3089013605442177,0.31206734693877547,0.3098965986394558,0.31119183673469386,0.3175142857142857,0.31761564625850336,0.3178632653061224,0.3322530612244898,0.3291251700680272,0.32315034013605437,Male,5,5-7,Elementary,S,NC,R16S14b5_info1_250Hz_gu2_AEP.conn
R16E11B5,R16E11b5_info1_250Hz_gu2_AEP.conn,gu2,0.26989523809523813,0.2665190476190476,0.2694857142857143,0.2868904761904762,0.30774285714285715,0.28986666666666666,0.2961,0.30226666666666674,0.2988095238095238,0.27299999999999996,0.2704857142857143,0.28429047619047615,0.32707142857142857,0.3247,0.3212190476190476,0.37446857142857143,0.36086,0.34827714285714284,0.34718857142857146,0.35025142857142855,0.37957714285714284,0.38080857142857144,0.3839657142857143,0.3835114285714286,0.3512114285714286,0.3495,0.3507657142857143,0.4150314285714286,0.41592285714285715,0.37957428571428575,0.32730000000000004,0.3212171428571428,0.3071942857142857,0.29608,0.29811714285714286,0.3031628571428572,0.31010857142857146,0.31671714285714286,0.3218457142857143,0.3134114285714286,0.30811428571428573,0.3072057142857143,0.3102142857142857,0.3138571428571429,0.3154885714285714,0.23854183673469387,0.2323234693877551,0.2273673469387755,0.22591938775510204,0.2245918367346939,0.2279306122448979,0.24057755102040815,0.24903571428571428,0.24931428571428568,0.23019285714285714,0.22513979591836733,0.22044795918367346,0.23864489795918362,0.24602346938775507,0.231780612244898,0.26418571428571425,0.2624309523809524,0.2666928571428571,0.2677428571428571,0.26624285714285717,0.24239285714285716,0.24486190476190473,0.2635547619047619,0.2767714285714285,0.26178809523809526,0.26097380952380955,0.26861428571428575,0.26709999999999995,0.27896666666666664,0.25974761904761906,0.3359952380952381,0.33240340136054425,0.32751972789115646,0.31991564625850344,0.3111299319727891,0.32781904761904757,0.3280836734693877,0.3280945578231293,0.32767482993197283,0.3351285714285714,0.3324238095238095,0.32901292517006797,0.3384374149659864,0.3346809523809524,0.331443537414966,Male,5,5-7,Elementary,E,NC,R16E11b5_info1_250Hz_gu2_AEP.conn
R16E10G9,R16E10g9_info1_250Hz_gu2_AEP.conn,gu2,0.16909523809523808,0.17639523809523808,0.16992380952380956,0.1811,0.18749523809523808,0.2030047619047619,0.20918095238095238,0.21494761904761903,0.21709047619047617,0.17870476190476192,0.17956190476190473,0.18385238095238096,0.24340952380952383,0.25216190476190475,0.2505428571428571,0.35414,0.35032857142857143,0.3486457142857143,0.34598571428571434,0.3308857142857143,0.3397,0.34389714285714285,0.3560914285714286,0.3705542857142857,0.35553428571428575,0.35036,0.34898285714285715,0.3639,0.37284285714285714,0.38851142857142856,0.4106457142857143,0.39594285714285715,0.40408857142857135,0.4038114285714286,0.4013342857142857,0.4006571428571428,0.4070085714285715,0.4096714285714286,0.41316571428571425,0.38639142857142855,0.39256285714285716,0.3855857142857143,0.38480857142857144,0.3814114285714286,0.4001971428571428,0.2943663265306122,0.2986408163265306,0.3008438775510204,0.28922653061224485,0.2864183673469388,0.28769081632653065,0.2777275510204082,0.29077142857142857,0.29564081632653055,0.3005020408163265,0.3084091836734694,0.301380612244898,0.28126428571428574,0.2893418367346938,0.30636938775510203,0.29566190476190474,0.3057071428571429,0.31321190476190475,0.319552380952381,0.3248404761904762,0.290502380952381,0.2892142857142857,0.29664999999999997,0.30188571428571426,0.3159642857142857,0.32695238095238094,0.330102380952381,0.299352380952381,0.3026071428571429,0.3333952380952381,0.35036394557823125,0.3575401360544218,0.3628891156462584,0.36340272108843535,0.3634741496598639,0.35837142857142856,0.3561680272108844,0.3509244897959184,0.34923809523809524,0.367534693877551,0.3710136054421769,0.37136598639455776,0.3727401360544218,0.3688863945578231,0.37143673469387756,Female,9,8-12,Elementary,E,NC,R16E10g9_info1_250Hz_gu2_AEP.conn
R16S22B10,R16S22b10_info1_250Hz_gu2_AEP.conn,gu2,0.27258095238095237,0.27943809523809526,0.24852857142857143,0.2412761904761905,0.26216190476190476,0.24897619047619046,0.23996190476190474,0.24578095238095235,0.25123809523809526,0.26816666666666666,0.2320333333333333,0.22195714285714285,0.2778952380952381,0.27863333333333334,0.2653380952380952,0.34530857142857146,0.3339685714285714,0.3374371428571429,0.34370857142857136,0.36178285714285713,0.3277942857142857,0.33717142857142857,0.34618857142857146,0.33551142857142857,0.33988857142857143,0.3360142857142857,0.3324228571428571,0.34760285714285716,0.35642857142857143,0.37088857142857146,0.31954571428571427,0.32587714285714287,0.3321485714285714,0.33658285714285713,0.3506485714285714,0.35347714285714293,0.35975714285714283,0.3517942857142858,0.34767999999999993,0.3374542857142857,0.33943142857142866,0.33304,0.3441314285714286,0.34395428571428577,0.34452571428571427,0.32096734693877554,0.3214744897959183,0.3278540816326531,0.3281377551020408,0.3266326530612245,0.3301887755102041,0.3354877551020408,0.33574591836734696,0.3306918367346939,0.32216326530612244,0.32389081632653066,0.3270765306122449,0.3337367346938776,0.3366387755102041,0.3224336734693877,0.3188571428571429,0.3268880952380952,0.33440000000000003,0.3293761904761905,0.31534047619047617,0.3363857142857143,0.33670952380952385,0.3308214285714286,0.3198952380952381,0.34304761904761905,0.3444261904761905,0.3423619047619048,0.3392523809523809,0.33225,0.35586190476190477,0.33431836734693876,0.3352210884353742,0.3430863945578232,0.3426836734693878,0.338056462585034,0.3386503401360544,0.3399918367346939,0.33973673469387755,0.33496734693877556,0.34227551020408165,0.3504530612244898,0.3478775510204081,0.3467503401360544,0.3456911564625851,0.34859251700680277,Male,10,8-12,Elementary,S,NC,R16S22b10_info1_250Hz_gu2_AEP.conn
R16A05Y08B,R16A05y08b_info1_250Hz_gu2_AEP.conn,gu2,0.13624285714285714,0.12880000000000003,0.13407619047619046,0.1379047619047619,0.14202857142857142,0.14944285714285718,0.16117619047619045,0.15770000000000003,0.15085714285714286,0.13967619047619048,0.14120476190476192,0.13866666666666666,0.20532857142857144,0.2055761904761905,0.19425714285714288,0.25504000000000004,0.2531542857142858,0.25766285714285714,0.24225714285714287,0.24052285714285712,0.2752714285714285,0.27799999999999997,0.27474857142857145,0.27389142857142856,0.25436285714285717,0.25414000000000003,0.24251142857142854,0.3070542857142857,0.3017142857142857,0.28556,0.24608571428571424,0.23879428571428574,0.23417714285714286,0.22675142857142863,0.2407828571428572,0.25459714285714286,0.2612885714285714,0.25195999999999996,0.2448485714285714,0.24794,0.24042,0.24000000000000005,0.26648857142857146,0.25283999999999995,0.24515142857142855,0.22240816326530613,0.2102244897959184,0.1991591836734694,0.19920918367346938,0.21009591836734692,0.21463469387755102,0.2169857142857143,0.21938061224489794,0.21209183673469387,0.21593877551020405,0.20721632653061223,0.19961632653061226,0.21695612244897958,0.2196377551020408,0.21133979591836738,0.26035,0.24925,0.2436142857142857,0.2405095238095238,0.2395452380952381,0.24276904761904763,0.24973095238095236,0.2508095238095238,0.24974761904761902,0.2635904761904762,0.26211666666666666,0.25820000000000004,0.2586714285714286,0.25946428571428576,0.2605809523809524,0.2570176870748299,0.2584469387755102,0.2581714285714285,0.2599482993197279,0.25793333333333335,0.2506727891156463,0.2478108843537415,0.24813809523809527,0.2503625850340136,0.26008775510204085,0.2657557823129252,0.26951428571428576,0.25448027210884355,0.25393673469387756,0.265321768707483,Female,8,8-12,Elementary,A,NC,R16A05y08b_info1_250Hz_gu2_AEP.conn
R16BF05B5,R16BF05b5_info1_250Hz_gu2_AEP.conn,gu2,0.2045380952380952,0.19040476190476188,0.18658571428571427,0.19527142857142857,0.20736666666666667,0.20138095238095235,0.20350476190476194,0.20354761904761906,0.20421904761904763,0.19786666666666664,0.1915190476190476,0.19854285714285713,0.2462857142857143,0.25029999999999997,0.24115714285714285,0.33200571428571424,0.32716857142857136,0.31418285714285715,0.30045428571428573,0.31026285714285723,0.32309142857142853,0.3246057142857143,0.32376000000000005,0.3263771428571428,0.3238657142857143,0.3125685714285714,0.3019657142857143,0.35256857142857145,0.3511971428571429,0.3288485714285714,0.26622285714285715,0.27894571428571435,0.2816171428571429,0.27284285714285716,0.2651285714285715,0.28791142857142854,0.2799485714285714,0.2841257142857143,0.2934085714285714,0.28175142857142854,0.28346,0.27133142857142856,0.2771342857142857,0.27810285714285715,0.28344571428571436,0.21572244897959178,0.2136091836734694,0.21518265306122444,0.22334897959183672,0.23156530612244894,0.22928469387755104,0.22362040816326534,0.2266112244897959,0.23053979591836735,0.220984693877551,0.22288673469387757,0.22429489795918373,0.2229071428571429,0.2224387755102041,0.22921326530612246,0.2919904761904762,0.29155714285714285,0.29570238095238094,0.2982309523809524,0.3094142857142857,0.25782142857142853,0.254052380952381,0.2593642857142857,0.27227380952380953,0.29600238095238096,0.30013095238095244,0.2982261904761904,0.27061666666666667,0.2665142857142857,0.28265238095238093,0.24967278911564628,0.2506102040816326,0.2510673469387756,0.25293605442176864,0.25439251700680277,0.246387074829932,0.24974217687074823,0.25223061224489796,0.24917687074829936,0.25936802721088437,0.2583591836734694,0.2574653061224489,0.2666020408163265,0.26802176870748307,0.2666945578231292,Male,5,5-7,Elementary,S,NC,R16BF05b5_info1_250Hz_gu2_AEP.conn
R16E13B5,R16E13b5_info1_250Hz_gu2_AEP.conn,gu2,0.20995238095238097,0.20814761904761903,0.23235714285714285,0.24068095238095236,0.23553809523809524,0.2365857142857143,0.24844761904761903,0.24814761904761906,0.24137142857142857,0.2034142857142857,0.2256761904761905,0.2335238095238095,0.2964190476190476,0.29414285714285715,0.25462380952380953,0.36148,0.3602914285714286,0.3626028571428571,0.36012857142857146,0.3614371428571429,0.3595028571428571,0.3586514285714285,0.35572,0.3568257142857143,0.36059428571428576,0.3631971428571429,0.3612742857142857,0.38392,0.3844971428571428,0.3870457142857143,0.37068571428571423,0.3609057142857143,0.3715085714285714,0.37658857142857144,0.38308,0.3683628571428571,0.37211999999999995,0.3758514285714286,0.3749942857142857,0.3723771428571429,0.38445428571428575,0.3881171428571428,0.37566,0.37688,0.3887257142857143,0.33274897959183675,0.3360489795918367,0.33632857142857137,0.3325193877551019,0.33126224489795913,0.3246795918367346,0.3256163265306122,0.3185040816326531,0.31467448979591833,0.3358265306122448,0.33506632653061225,0.3253132653061224,0.3267510204081633,0.3197428571428572,0.32787244897959184,0.28276428571428575,0.298,0.30219523809523813,0.3090023809523809,0.3159119047619047,0.30793809523809523,0.30510238095238096,0.29372857142857145,0.2916190476190476,0.3094833333333334,0.30840952380952386,0.31430952380952387,0.3050880952380952,0.29076904761904765,0.2930523809523809,0.3275503401360544,0.3294972789115646,0.3318938775510204,0.3319632653061224,0.33246938775510204,0.3252142857142857,0.32725170068027215,0.3295367346938775,0.3267272108843537,0.3349,0.3381394557823129,0.33675102040816324,0.3350068027210885,0.33848843537414963,0.3444965986394558,Male,5,5-7,Elementary,E,NC,R16E13b5_info1_250Hz_gu2_AEP.conn
R16E17B5,R16E17b5_info1_250Hz_gu2_AEP.conn,gu2,0.2242142857142857,0.22147619047619047,0.2170809523809524,0.21534285714285714,0.21604761904761904,0.23564761904761902,0.2497904761904762,0.2515904761904762,0.2491095238095238,0.24032857142857145,0.22396190476190478,0.2299,0.27408095238095237,0.2705619047619048,0.27819047619047615,0.3011542857142857,0.3094828571428571,0.31826857142857146,0.3245457142857142,0.3330457142857143,0.32693142857142854,0.3237114285714286,0.3190771428571429,0.3131028571428571,0.3243257142857143,0.3289542857142857,0.33599999999999997,0.35213428571428573,0.3408714285714286,0.3591057142857143,0.31168,0.30215714285714285,0.28692285714285715,0.28769428571428574,0.29216857142857144,0.29742,0.29989714285714286,0.2947714285714286,0.29682857142857144,0.2940428571428571,0.28350285714285717,0.2815485714285714,0.2831457142857142,0.27844857142857143,0.27194,0.21822959183673474,0.21933571428571427,0.22056632653061228,0.21774183673469388,0.21775408163265308,0.21972142857142857,0.21686632653061225,0.22246734693877548,0.22379183673469386,0.21851428571428572,0.21964693877551017,0.22047755102040817,0.22102653061224484,0.22286836734693877,0.22009387755102042,0.30499047619047626,0.30515,0.2987309523809524,0.29365476190476186,0.2861142857142857,0.27900238095238095,0.2840833333333333,0.28913809523809525,0.2910142857142857,0.3093952380952381,0.30374285714285715,0.29306666666666664,0.2817,0.2872119047619047,0.2931,0.3040727891156463,0.3035748299319728,0.3043074829931972,0.30648775510204085,0.3063040816326531,0.3038510204081633,0.3054802721088435,0.30343945578231285,0.30446598639455774,0.3076414965986394,0.3058421768707483,0.30861292517006805,0.31473809523809526,0.31365034013605453,0.3087387755102041,Male,5,5-7,Elementary,E,NC,R16E17b5_info1_250Hz_gu2_AEP.conn
R16A03G07,R16A03g07_info1_250Hz_gu2_AEP.conn,gu2,0.22859047619047615,0.20878571428571427,0.18960476190476191,0.20042380952380956,0.20129047619047613,0.2371714285714285,0.22921904761904757,0.23594285714285715,0.23459523809523808,0.20695714285714284,0.2054952380952381,0.21480476190476192,0.28769523809523806,0.28005714285714284,0.2579190476190476,0.34151428571428577,0.3232257142857143,0.3138685714285714,0.3021,0.30269142857142856,0.3172628571428572,0.32131999999999994,0.32076857142857146,0.32045142857142855,0.3220257142857143,0.31934571428571423,0.3135,0.34984,0.35084,0.35003142857142866,0.2964428571428571,0.2986771428571428,0.2835657142857143,0.26318857142857144,0.2613714285714286,0.2531257142857143,0.2628371428571429,0.27359714285714287,0.2794885714285714,0.27908571428571427,0.27079714285714285,0.25540285714285715,0.2768457142857143,0.27934571428571425,0.2605628571428572,0.21046836734693877,0.20911530612244897,0.19998673469387754,0.1985030612244898,0.19663775510204085,0.2052010204081633,0.19993061224489797,0.20053163265306123,0.20582959183673474,0.20345510204081635,0.19873673469387754,0.20011734693877553,0.2084204081632653,0.20310714285714285,0.19946530612244895,0.19140476190476194,0.20513095238095239,0.2112571428571429,0.21066428571428567,0.20035952380952382,0.19966666666666666,0.2125857142857143,0.20990714285714288,0.20639761904761902,0.20211904761904761,0.21181190476190473,0.2089309523809524,0.21457380952380956,0.2105309523809524,0.20977857142857145,0.28270272108843536,0.2854918367346939,0.2848666666666667,0.28143469387755105,0.2792646258503401,0.28327551020408165,0.2945557823129252,0.2987068027210884,0.30241632653061223,0.29666938775510204,0.2950340136054421,0.2910285714285714,0.2949102040816327,0.2991231292517007,0.29807891156462596,Female,7,5-7,Elementary,A,NC,R16A03g07_info1_250Hz_gu2_AEP.conn
R16E02Y06B,R16E02y06b_info1_250Hz_gu2_AEP.conn,gu2,0.4785333333333333,0.4858238095238095,0.4820809523809524,0.4670190476190476,0.4546666666666667,0.460547619047619,0.46614761904761903,0.46646190476190474,0.47109523809523807,0.45875238095238097,0.47119047619047616,0.47323333333333323,0.48213333333333336,0.4898952380952381,0.4787857142857143,0.4502657142857143,0.44705714285714276,0.45741714285714286,0.4482171428571428,0.43410000000000004,0.4530799999999999,0.4518171428571428,0.45578571428571435,0.4792885714285714,0.4287685714285715,0.4460771428571427,0.4529914285714286,0.46322,0.4707171428571428,0.45515428571428573,0.4281828571428572,0.4316942857142857,0.44102571428571435,0.44208857142857144,0.43271428571428566,0.4103171428571429,0.41573714285714286,0.41184000000000004,0.42836857142857143,0.4206857142857142,0.4318085714285713,0.43708285714285716,0.4155628571428571,0.42819714285714283,0.4119085714285715,0.3966540816326531,0.3945734693877551,0.3817897959183674,0.380969387755102,0.3866897959183674,0.3882877551020408,0.38927040816326536,0.3921663265306123,0.4006704081632653,0.3955795918367347,0.386615306122449,0.3883387755102042,0.39142959183673476,0.3896275510204081,0.38854489795918373,0.4213238095238096,0.42551190476190476,0.4305000000000001,0.4148309523809524,0.40125000000000005,0.43267380952380957,0.420397619047619,0.42095476190476194,0.4294690476190477,0.41186904761904763,0.41437857142857143,0.4102095238095238,0.42271666666666663,0.4194333333333333,0.3962452380952381,0.45172176870748293,0.4503020408163265,0.4498775510204081,0.44920272108843534,0.45252312925170074,0.4502428571428571,0.4482986394557823,0.4484612244897959,0.4521231292517007,0.46027346938775515,0.4503918367346939,0.44550476190476185,0.46699455782312915,0.46433469387755105,0.4627265306122447,Female,6,5-7,Elementary,E,NC,R16E02y06b_info1_250Hz_gu2_AEP.conn
R16BF02G9INFO1,R16BF02g9info1_250Hz_gu2_AEP.conn,gu2,0.20977142857142858,0.23494285714285715,0.2565857142857143,0.22430000000000003,0.2296190476190476,0.22688571428571427,0.21569047619047618,0.2101666666666667,0.21568095238095242,0.23912857142857144,0.2635857142857143,0.23372380952380953,0.26098095238095237,0.24811428571428573,0.3120857142857143,0.3753228571428572,0.3671085714285714,0.36080000000000007,0.3498857142857143,0.35243714285714284,0.3683685714285715,0.38029714285714283,0.3878742857142857,0.39017428571428575,0.3662228571428571,0.3615285714285715,0.35094000000000003,0.3935942857142857,0.4002057142857143,0.3842885714285714,0.30043714285714285,0.2930257142857143,0.2779228571428572,0.26728571428571424,0.27193428571428574,0.27519714285714286,0.2723285714285714,0.27019714285714286,0.2801228571428572,0.2745714285714286,0.26871428571428574,0.2527428571428571,0.26174285714285717,0.2623285714285714,0.2718028571428571,0.21985714285714283,0.224880612244898,0.21662244897959182,0.20589897959183676,0.2067397959183673,0.2091367346938775,0.19672857142857142,0.1888091836734694,0.1972408163265306,0.2233173469387755,0.21610612244897962,0.20958469387755105,0.19944693877551023,0.19735714285714287,0.2126887755102041,0.23649285714285714,0.24939999999999998,0.24411904761904757,0.2505071428571429,0.23466904761904764,0.24303095238095238,0.2362404761904762,0.23380714285714288,0.226902380952381,0.25110714285714286,0.24922380952380951,0.2601952380952381,0.25538333333333324,0.24535714285714283,0.2309404761904762,0.2919034013605442,0.29390136054421767,0.28843945578231295,0.28540340136054426,0.2787809523809524,0.2895482993197279,0.2878836734693878,0.28814149659863947,0.2911721088435374,0.30307414965986396,0.3008469387755103,0.3011734693877551,0.2971843537414966,0.29538435374149663,0.30719591836734694,Female,9,8-12,Elementary,S,NC,R16BF02g9info1_250Hz_gu2_AEP.conn
R16A02G05B,R16A02g05b_info1_250Hz_gu2_AEP.conn,gu2,0.24037619047619052,0.23343333333333335,0.23046190476190476,0.23579523809523809,0.2372238095238095,0.23361904761904762,0.2480190476190476,0.24017619047619052,0.22092857142857145,0.2370095238095238,0.2250952380952381,0.22749523809523808,0.28124285714285713,0.2730047619047619,0.2735190476190476,0.3412800000000001,0.3417171428571429,0.3489514285714286,0.35038,0.3554628571428572,0.35460285714285716,0.35790571428571427,0.3412057142857143,0.34106571428571425,0.33487999999999996,0.3362714285714286,0.3412114285714286,0.3872514285714286,0.3769457142857142,0.36300571428571426,0.35168857142857146,0.34081428571428574,0.3526257142857143,0.3653257142857143,0.3659257142857143,0.3500085714285714,0.34490571428571426,0.3569571428571428,0.3561971428571428,0.3442914285714286,0.3581942857142857,0.37391714285714284,0.3609714285714286,0.36584000000000005,0.35292571428571423,0.3238704081632653,0.3264948979591837,0.32601632653061213,0.3278397959183673,0.3291295918367347,0.31332040816326534,0.3121469387755102,0.31564999999999993,0.31729897959183667,0.33236020408163264,0.3334489795918367,0.32959183673469383,0.31054489795918366,0.31220714285714285,0.33127244897959185,0.40958333333333335,0.41063571428571427,0.40645238095238095,0.4126309523809524,0.41716904761904766,0.38976428571428573,0.390347619047619,0.4013285714285715,0.40189761904761906,0.4130214285714286,0.422747619047619,0.4243333333333333,0.41583333333333333,0.42245000000000005,0.4273357142857143,0.4555870748299319,0.45926122448979595,0.4584612244897959,0.46449387755102045,0.46541836734693875,0.45372789115646256,0.45512857142857144,0.4552761904761905,0.45184013605442186,0.46180408163265296,0.45736190476190464,0.4607272108843537,0.4562557823129251,0.4553979591836734,0.45963129251700674,Female,5,5-7,Elementary,A,NC,R16A02g05b_info1_250Hz_gu2_AEP.conn
