participant_id,filename,condition,delta_ACtL_ACrL,delta_ACtL_ACaL,delta_ACtL_ACtR,delta_ACtL_ACrR,delta_ACtL_ACaR,delta_ACrL_ACaL,delta_ACrL_ACtR,delta_ACrL_ACrR,delta_ACrL_ACaR,delta_ACaL_ACtR,delta_ACaL_ACrR,delta_ACaL_ACaR,delta_ACtR_ACrR,delta_ACtR_ACaR,delta_ACrR_ACaR,theta_ACtL_ACrL,theta_ACtL_ACaL,theta_ACtL_ACtR,theta_ACtL_ACrR,theta_ACtL_ACaR,theta_ACrL_ACaL,theta_ACrL_ACtR,theta_ACrL_ACrR,theta_ACrL_ACaR,theta_ACaL_ACtR,theta_ACaL_ACrR,theta_ACaL_ACaR,theta_ACtR_ACrR,theta_ACtR_ACaR,theta_ACrR_ACaR,alpha_ACtL_ACrL,alpha_ACtL_ACaL,alpha_ACtL_ACtR,alpha_ACtL_ACrR,alpha_ACtL_ACaR,alpha_ACrL_ACaL,alpha_ACrL_ACtR,alpha_ACrL_ACrR,alpha_ACrL_ACaR,alpha_ACaL_ACtR,alpha_ACaL_ACrR,alpha_ACaL_ACaR,alpha_ACtR_ACrR,alpha_ACtR_ACaR,alpha_ACrR_ACaR,beta_ACtL_ACrL,beta_ACtL_ACaL,beta_ACtL_ACtR,beta_ACtL_ACrR,beta_ACtL_ACaR,beta_ACrL_ACaL,beta_ACrL_ACtR,beta_ACrL_ACrR,beta_ACrL_ACaR,beta_ACaL_ACtR,beta_ACaL_ACrR,beta_ACaL_ACaR,beta_ACtR_ACrR,beta_ACtR_ACaR,beta_ACrR_ACaR,highbeta_ACtL_ACrL,highbeta_ACtL_ACaL,highbeta_ACtL_ACtR,highbeta_ACtL_ACrR,highbeta_ACtL_ACaR,highbeta_ACrL_ACaL,highbeta_ACrL_ACtR,highbeta_ACrL_ACrR,highbeta_ACrL_ACaR,highbeta_ACaL_ACtR,highbeta_ACaL_ACrR,highbeta_ACaL_ACaR,highbeta_ACtR_ACrR,highbeta_ACtR_ACaR,highbeta_ACrR_ACaR,gamma_ACtL_ACrL,gamma_ACtL_ACaL,gamma_ACtL_ACtR,gamma_ACtL_ACrR,gamma_ACtL_ACaR,gamma_ACrL_ACaL,gamma_ACrL_ACtR,gamma_ACrL_ACrR,gamma_ACrL_ACaR,gamma_ACaL_ACtR,gamma_ACaL_ACrR,gamma_ACaL_ACaR,gamma_ACtR_ACrR,gamma_ACtR_ACaR,gamma_ACrR_ACaR,gender,age,age_group,age_group_edu,lang,lang_group,file_name
R16C06B16,R16C06b16_info1_250Hz_gu1_AEP(1).conn,gu1,0.21737142857142855,0.22173809523809526,0.22514285714285717,0.2345238095238095,0.24022380952380953,0.2411428571428572,0.2437,0.2431857142857143,0.23085714285714287,0.2277809523809524,0.23413809523809523,0.2421857142857143,0.29928095238095237,0.29464761904761905,0.28659047619047623,0.3250742857142857,0.33784000000000003,0.3450628571428571,0.3476742857142857,0.3487942857142857,0.34739714285714285,0.34658,0.33758857142857146,0.34355142857142856,0.34368857142857145,0.3530857142857142,0.35185999999999995,0.3705971428571429,0.3611685714285714,0.37186285714285716,0.3338657142857143,0.33448857142857147,0.34068000000000004,0.34966857142857144,0.3515428571428572,0.34387428571428574,0.33742,0.3361114285714285,0.34135142857142864,0.3323828571428572,0.33581999999999995,0.34309142857142855,0.34230857142857135,0.3302285714285714,0.33154,0.40323367346938765,0.4063918367346938,0.4055744897959184,0.4068520408163265,0.40463877551020416,0.4052020408163265,0.4101326530612245,0.4125744897959183,0.41452448979591844,0.40853979591836737,0.41127142857142857,0.4121469387755102,0.4213693877551021,0.4205928571428572,0.4213938775510204,0.4697,0.4770428571428571,0.4912285714285715,0.49376904761904755,0.4953285714285714,0.4851595238095238,0.48840952380952385,0.4932309523809524,0.48336666666666667,0.4885309523809524,0.5022476190476192,0.5032833333333334,0.49159285714285716,0.49550714285714287,0.505045238095238,0.307969387755102,0.3084170068027211,0.3078326530612245,0.30328979591836736,0.3030646258503401,0.3124761904761905,0.3102850340136054,0.308734693877551,0.3083863945578231,0.30657891156462586,0.30951360544217693,0.3099884353741497,0.3072380952380952,0.3055435374149659,0.3141387755102041,Male,16,Teen,Secondary,C,C,R16C06b16_info1_250Hz_gu2_AEP(1).conn
R16C05B13,R16C05b13_info1_250Hz_gu1_AEP.conn,gu1,0.2615952380952381,0.272647619047619,0.2775476190476191,0.2788333333333333,0.2712142857142857,0.2772047619047619,0.2853904761904762,0.2937809523809524,0.31788571428571427,0.29527619047619047,0.28727619047619046,0.27846190476190474,0.3099476190476191,0.30874761904761905,0.31714761904761907,0.3655085714285714,0.3681885714285714,0.35617428571428567,0.3535114285714286,0.35354285714285716,0.3660171428571429,0.37644,0.38860571428571433,0.41145714285714285,0.35902,0.35266857142857144,0.35412285714285713,0.3924742857142857,0.40041142857142853,0.3850685714285714,0.3082228571428572,0.28893428571428575,0.2757057142857143,0.2772342857142857,0.28638857142857144,0.3111685714285714,0.32181714285714286,0.32325428571428566,0.33347714285714286,0.2778514285714286,0.27118000000000003,0.27691142857142853,0.3107685714285714,0.3122714285714286,0.2762685714285714,0.31930000000000003,0.3255632653061224,0.3227887755102041,0.3182979591836735,0.3098989795918367,0.33709183673469395,0.33644489795918364,0.33508163265306123,0.33460816326530607,0.33381122448979594,0.32459387755102037,0.31667244897959185,0.3458795918367348,0.34840612244897956,0.3408918367346939,0.39290952380952376,0.3958738095238096,0.39558571428571426,0.4027833333333333,0.41040000000000004,0.40592619047619044,0.41437619047619045,0.4087500000000001,0.41517380952380956,0.40019999999999994,0.4059428571428571,0.40927380952380954,0.42404285714285717,0.41773571428571427,0.40405476190476186,0.27306394557823127,0.27759251700680276,0.28489183673469387,0.28285442176870745,0.2753857142857143,0.2845081632653062,0.2923877551020408,0.29008095238095233,0.2856741496598639,0.2775265306122449,0.28094353741496597,0.2807054421768707,0.2840578231292517,0.2786727891156462,0.2776278911564625,Male,13,Teen,Secondary,C,C,R16C05b13_info1_250Hz_gu2_AEP.conn
R16C39B10,R16C39b10_info1_250Hz_gu1_AEP.conn,gu1,0.1879047619047619,0.18641428571428573,0.18928571428571428,0.20281428571428572,0.21443333333333334,0.1812904761904762,0.16877142857142857,0.17174761904761904,0.18267142857142857,0.18945714285714285,0.1926095238095238,0.2050047619047619,0.2126,0.21556666666666668,0.23324761904761904,0.28418857142857146,0.29282,0.30619714285714283,0.3087142857142857,0.31263428571428575,0.31625142857142857,0.31812000000000007,0.31496857142857143,0.31260571428571426,0.30822571428571427,0.31658857142857144,0.3180714285714286,0.3373742857142857,0.34192857142857147,0.33607428571428566,0.26798,0.2619257142857143,0.2606342857142857,0.2739742857142857,0.2843171428571428,0.2678514285714286,0.26698285714285713,0.27131142857142854,0.2758371428571429,0.2671085714285714,0.26884857142857144,0.27719142857142853,0.2633085714285714,0.2703885714285714,0.2769628571428572,0.3477357142857143,0.3453295918367347,0.3476040816326531,0.3489448979591837,0.35208265306122444,0.3426265306122449,0.33924489795918367,0.34061632653061225,0.34546836734693886,0.347130612244898,0.35129387755102043,0.3519989795918366,0.3552724489795918,0.35788979591836734,0.3705051020408163,0.4128857142857143,0.4211547619047618,0.4270785714285715,0.4210904761904762,0.4177428571428572,0.4264904761904762,0.42685476190476185,0.42082380952380954,0.41984523809523805,0.4193833333333333,0.4290809523809524,0.4295333333333334,0.42992619047619046,0.4261285714285714,0.43912380952380947,0.2689836734693878,0.2686013605442177,0.26317142857142856,0.263812925170068,0.25947278911564625,0.26673741496598646,0.27021836734693877,0.27437142857142865,0.272939455782313,0.26726122448979595,0.2639666666666667,0.2676068027210884,0.26731768707482995,0.27168843537414966,0.2677006802721088,Male,10,8-12,Elementary,C,C,R16C39b10_info1_250Hz_gu2_AEP.conn
R16C33B05,R16C33b05_info1_250Hz_gu1_AEP.conn,gu1,0.2488285714285714,0.23820476190476195,0.21185714285714283,0.20613333333333336,0.23185714285714284,0.20454761904761906,0.19206190476190477,0.18337142857142855,0.19242857142857142,0.25403809523809523,0.23274285714285714,0.21505714285714286,0.2437952380952381,0.24523333333333333,0.2875047619047619,0.34671714285714283,0.34441714285714287,0.3421742857142857,0.33431714285714287,0.3286628571428572,0.2920114285714285,0.29763142857142855,0.3071885714285714,0.32714857142857146,0.35182285714285716,0.34973714285714286,0.3341428571428572,0.3223971428571429,0.33287999999999995,0.37362285714285715,0.2537228571428572,0.24855999999999998,0.25233142857142854,0.25657714285714284,0.2560142857142857,0.26482571428571433,0.2622885714285714,0.2604257142857143,0.26951714285714284,0.2555314285714286,0.25464857142857145,0.25079142857142855,0.26144,0.2529657142857143,0.24954571428571432,0.3079244897959184,0.31596530612244894,0.31698775510204075,0.31919081632653057,0.31741836734693873,0.31275000000000014,0.30651020408163265,0.30416020408163263,0.3045704081632653,0.31517551020408163,0.3153734693877551,0.31761938775510196,0.3221,0.32201428571428575,0.32735918367346933,0.3597547619047619,0.35348095238095234,0.3506238095238095,0.34330952380952384,0.34008333333333335,0.33575714285714287,0.3279571428571429,0.34423571428571426,0.3448833333333334,0.35674523809523806,0.3588428571428571,0.35882619047619047,0.3389571428571429,0.3482214285714285,0.34833571428571436,0.2614149659863945,0.26123265306122456,0.26702993197278907,0.2670020408163265,0.2616891156462585,0.2713952380952381,0.2700700680272109,0.26829591836734695,0.2647551020408163,0.2593795918367346,0.2674605442176871,0.2682741496598639,0.2609544217687074,0.2635755102040817,0.2617142857142858,Male,5,5-7,Elementary,C,C,R16C33b05_info1_250Hz_gu2_AEP.conn
R16C03G5,R16C03g5_info1_250Hz_gu1_AEP.conn,gu1,0.2689047619047619,0.2450142857142857,0.2430904761904762,0.2796095238095238,0.30820952380952377,0.3008904761904762,0.30649047619047615,0.28974285714285714,0.24816666666666667,0.25344285714285714,0.24936190476190476,0.2802761904761905,0.36092857142857143,0.3414190476190477,0.3245,0.39624857142857145,0.39934000000000003,0.4004028571428571,0.4068657142857143,0.4178485714285715,0.39155142857142855,0.39314857142857146,0.3939285714285714,0.37987142857142864,0.40181142857142865,0.4091914285714286,0.42237428571428576,0.43316,0.44089999999999996,0.43303142857142857,0.43318571428571434,0.42766000000000004,0.42917999999999995,0.4230057142857143,0.4292571428571429,0.41978285714285707,0.4163457142857142,0.4197742857142857,0.42532,0.43089999999999995,0.4304114285714286,0.42940000000000006,0.40335428571428567,0.4130314285714286,0.41857714285714287,0.4598969387755102,0.4530581632653061,0.43891836734693873,0.4287826530612245,0.43140816326530607,0.4597806122448979,0.46296020408163263,0.4625714285714286,0.4703122448979592,0.46370918367346947,0.4457948979591837,0.43792755102040815,0.4668132653061225,0.46297653061224475,0.4498887755102041,0.4550047619047619,0.45899285714285715,0.4529285714285714,0.44699285714285714,0.44071190476190475,0.45236666666666664,0.45113095238095235,0.4437095238095237,0.44127619047619043,0.4741928571428571,0.45720000000000005,0.444002380952381,0.46289047619047624,0.45416666666666666,0.4570166666666666,0.2950843537414966,0.2904408163265306,0.28323469387755107,0.2857571428571428,0.29638843537414966,0.29890000000000005,0.3000768707482993,0.29662040816326524,0.2902136054421769,0.2913741496598639,0.2864789115646259,0.2915251700680272,0.2913945578231293,0.28770884353741494,0.2920020408163264,Female,5,5-7,Elementary,C,C,R16C03g5_info1_250Hz_gu2_AEP.conn
R16C25B5,R16C25b5_info1_250Hz_gu1_AEP.conn,gu1,0.2746142857142857,0.26133809523809526,0.26194285714285714,0.2633761904761905,0.26508095238095236,0.28971428571428576,0.28869523809523806,0.29265238095238094,0.28774285714285713,0.2631047619047619,0.26581428571428567,0.2686,0.3376666666666666,0.33230952380952383,0.3314142857142857,0.33744857142857143,0.33390285714285717,0.34345142857142863,0.36003714285714283,0.36814,0.37339714285714287,0.37560571428571426,0.37744857142857147,0.36882000000000004,0.3367428571428571,0.34087999999999996,0.35168285714285713,0.40264285714285714,0.4003885714285714,0.36553714285714284,0.34710857142857143,0.34444857142857144,0.34951714285714286,0.3503885714285714,0.3510399999999999,0.31352,0.3202685714285714,0.32610285714285714,0.3328,0.3345599999999999,0.3415371428571429,0.34062,0.3111657142857143,0.3125485714285714,0.3129542857142857,0.3468051020408163,0.3504448979591837,0.354665306122449,0.3546591836734695,0.35880612244897964,0.3575,0.35424693877551017,0.3521489795918368,0.3546255102040816,0.3502,0.35368979591836736,0.35593673469387754,0.3733846938775511,0.37423061224489806,0.3663051020408164,0.44225000000000003,0.44236666666666674,0.44650238095238093,0.4541809523809524,0.44856904761904765,0.4371642857142857,0.43275476190476186,0.42845,0.4314880952380952,0.45648809523809525,0.454002380952381,0.4515952380952381,0.43924523809523813,0.438747619047619,0.45175238095238096,0.3037095238095239,0.30378775510204087,0.3022401360544218,0.301330612244898,0.29875986394557835,0.28240068027210885,0.27934013605442176,0.2823455782312925,0.28526190476190477,0.3064088435374149,0.3055700680272108,0.30564557823129257,0.28108911564625855,0.2861482993197279,0.30024353741496607,Male,5,5-7,Elementary,C,C,R16C25b5_info1_250Hz_gu2_AEP.conn
R16M09G18,R16M09g18_info1_250Hz_gu1_AEP.conn,gu1,0.3107809523809524,0.3066238095238095,0.30195238095238097,0.30558571428571435,0.3170619047619047,0.3230571428571429,0.32778095238095234,0.33102380952380955,0.339552380952381,0.3307238095238096,0.31425238095238095,0.31233333333333335,0.3756809523809524,0.37825714285714285,0.3673333333333333,0.4196657142857143,0.4203228571428571,0.4176057142857143,0.4168971428571429,0.41881142857142856,0.41631714285714294,0.42027714285714285,0.42188857142857145,0.42922857142857146,0.42087714285714284,0.41584571428571426,0.41670285714285715,0.4489171428571428,0.4452171428571428,0.44200285714285714,0.34416571428571424,0.3480685714285714,0.3515742857142857,0.3582942857142857,0.3656942857142857,0.35615428571428576,0.3547114285714286,0.3576428571428571,0.3524571428571428,0.34438,0.3416514285714286,0.34678571428571425,0.33833142857142856,0.3385771428571428,0.3157485714285714,0.36373979591836736,0.3672285714285714,0.37157653061224494,0.369484693877551,0.36532346938775506,0.3776918367346939,0.3758551020408163,0.37258367346938775,0.3657387755102041,0.3659602040816327,0.3681142857142857,0.36726428571428565,0.3950795918367347,0.3915224489795918,0.38654489795918373,0.3718928571428572,0.3817357142857143,0.39013809523809523,0.3840738095238095,0.38443333333333335,0.3777285714285714,0.37969047619047624,0.387804761904762,0.3820666666666666,0.3802833333333333,0.38533333333333336,0.3820238095238095,0.38714999999999994,0.39358095238095236,0.3797571428571429,0.3161891156462585,0.31830408163265317,0.3191891156462585,0.31672653061224487,0.31560408163265313,0.3168047619047619,0.31575442176870755,0.32035714285714284,0.32167414965986385,0.32056802721088434,0.3247714285714286,0.32130068027210884,0.3166823129251701,0.320112925170068,0.3333816326530612,Female,18,Teen,Secondary,C,C,R16M09g18_info1_250Hz_gu2_AEP.conn
R16C19G8,R16C19g8_info1_250Hz_gu1_AEP.conn,gu1,0.26081904761904756,0.2556761904761905,0.25702857142857144,0.2573142857142858,0.23174285714285714,0.2758190476190476,0.2712095238095238,0.2816666666666667,0.25989047619047617,0.2622333333333334,0.2498809523809524,0.2549142857142857,0.3071238095238095,0.3187238095238096,0.32551904761904765,0.3695371428571428,0.3690628571428572,0.3830914285714285,0.3747314285714286,0.35912,0.3911657142857142,0.37622285714285714,0.3669057142857143,0.35994000000000004,0.35529142857142854,0.37517999999999996,0.3713828571428571,0.39694285714285715,0.38596285714285716,0.3865971428571429,0.28535714285714286,0.2871142857142857,0.2981485714285715,0.3056857142857143,0.3033257142857143,0.2915742857142857,0.30652285714285715,0.3054457142857143,0.30770571428571425,0.2760542857142857,0.28574,0.2925885714285714,0.2925714285714286,0.28699142857142856,0.27346,0.30120102040816327,0.297619387755102,0.29901020408163265,0.2963816326530612,0.29809285714285716,0.2967102040816326,0.3043918367346939,0.3127510204081632,0.3112020408163265,0.3004193877551021,0.30352653061224494,0.3016091836734694,0.3203428571428571,0.32767755102040824,0.32255306122448985,0.3641928571428572,0.3716333333333333,0.3662761904761904,0.3598976190476191,0.3594119047619048,0.3926619047619047,0.3943357142857143,0.38484999999999997,0.3769523809523809,0.37280952380952376,0.3725785714285714,0.371997619047619,0.3831047619047619,0.3820214285714285,0.3884166666666667,0.29855442176870745,0.3003299319727891,0.2978013605442177,0.29093945578231295,0.2855367346938775,0.2906306122448979,0.29296598639455784,0.29560680272108847,0.29238775510204085,0.29815510204081636,0.29344081632653063,0.28844013605442176,0.29120952380952375,0.29344557823129247,0.28547823129251704,Female,8,8-12,Elementary,C,C,R16C19g8_info1_250Hz_gu2_AEP.conn
R16C37B6,R16C37b6_info1_250Hz_gu1_AEP.conn,gu1,0.17736190476190475,0.1747952380952381,0.18413333333333334,0.20124761904761904,0.20690476190476192,0.18503333333333336,0.2002238095238095,0.21482857142857145,0.21874761904761905,0.1884380952380952,0.19902380952380952,0.20983333333333334,0.2369190476190476,0.25258571428571425,0.24411428571428573,0.2951428571428571,0.3006428571428571,0.3006142857142857,0.30669142857142856,0.3035685714285714,0.29968000000000006,0.31333714285714287,0.30524285714285715,0.3067742857142857,0.30394857142857146,0.30647714285714284,0.31745999999999996,0.3390428571428571,0.3301628571428571,0.3472942857142857,0.27306857142857144,0.2821828571428572,0.2862085714285715,0.2823885714285715,0.2858257142857143,0.28152285714285713,0.29718285714285714,0.2868857142857143,0.27358000000000005,0.26889714285714283,0.27314571428571427,0.28495428571428577,0.2817885714285714,0.27884285714285717,0.26911142857142856,0.360254081632653,0.3597234693877552,0.36241122448979585,0.36474387755102045,0.36450102040816323,0.34790918367346935,0.3525877551020408,0.3585265306122449,0.36313469387755104,0.36740816326530606,0.3671602040816327,0.3676377551020408,0.3630214285714285,0.36926836734693885,0.3786704081632653,0.43124523809523807,0.4346119047619048,0.4439952380952381,0.44714999999999994,0.45318333333333344,0.4570452380952381,0.4468071428571429,0.43790952380952386,0.4383166666666667,0.4338666666666667,0.4482642857142856,0.4580571428571429,0.4511857142857143,0.4428642857142857,0.449052380952381,0.3215476190476191,0.3225469387755102,0.3206020408163266,0.31671768707482995,0.314934693877551,0.3220278911564626,0.3209054421768708,0.3195204081632654,0.31950340136054417,0.31449183673469383,0.3162680272108844,0.31644965986394563,0.3132639455782313,0.30983469387755097,0.30624557823129256,Male,6,5-7,Elementary,C,C,R16C37b6_info1_250Hz_gu2_AEP.conn
R16M06B06,R16M06b06_info1_250Hz_gu1_AEP.conn,gu1,0.28204761904761905,0.27220952380952385,0.2800047619047619,0.2952857142857143,0.3047095238095238,0.2960714285714286,0.3034333333333334,0.32471904761904763,0.3336095238095238,0.27676666666666666,0.2879619047619047,0.3036190476190476,0.33897142857142865,0.3528571428571428,0.3440904761904762,0.3560514285714286,0.3384,0.3433628571428572,0.34700571428571425,0.3482914285714286,0.3565914285714286,0.35524,0.35864,0.35820857142857143,0.34803428571428574,0.35085714285714287,0.3463714285714285,0.38269714285714285,0.38493428571428573,0.38324285714285716,0.35068571428571427,0.3374057142857143,0.3342657142857143,0.3409942857142857,0.3287428571428571,0.33586000000000005,0.3308628571428571,0.3374371428571428,0.33932,0.3351085714285714,0.3296457142857143,0.32983142857142855,0.3476942857142857,0.35168571428571427,0.34302857142857135,0.4245295918367347,0.42327040816326533,0.4206204081632653,0.4320897959183673,0.44258163265306116,0.4294438775510204,0.4313938775510203,0.43953571428571425,0.44951020408163267,0.42557551020408163,0.42715306122448976,0.43924285714285716,0.4520551020408163,0.4593765306122449,0.4423408163265306,0.40389761904761906,0.38879285714285716,0.3947,0.4098952380952381,0.42483809523809524,0.40938571428571424,0.4124904761904762,0.41375,0.40630476190476195,0.3822071428571429,0.39106904761904765,0.40768571428571426,0.4154238095238096,0.41654285714285716,0.4009857142857143,0.31611496598639455,0.3148006802721087,0.3112489795918368,0.30856054421768714,0.31129387755102034,0.3141646258503401,0.3118925170068027,0.3117360544217687,0.3130571428571428,0.3143074829931972,0.30683401360544216,0.30650204081632654,0.30517278911564627,0.30128435374149665,0.3079918367346939,Male,6,5-7,Elementary,C,C,R16M06b06_info1_250Hz_gu2_AEP.conn
R16C34B06,R16C34b06_info1_250Hz_gu1_AEP.conn,gu1,0.2158190476190476,0.2271952380952381,0.22229999999999997,0.2075380952380952,0.20505238095238096,0.2093238095238095,0.2110761904761905,0.21625714285714284,0.2192952380952381,0.21566666666666667,0.21644761904761903,0.20901428571428568,0.27561428571428576,0.2841714285714286,0.2663142857142857,0.3844257142857143,0.3866942857142857,0.38596857142857144,0.37732857142857135,0.3663628571428572,0.3754657142857143,0.3726114285714286,0.36770285714285716,0.36583142857142853,0.3819514285714286,0.38738285714285714,0.39047999999999994,0.39668857142857145,0.4010114285714286,0.4012142857142857,0.32485142857142857,0.3255142857142857,0.3303971428571429,0.33131999999999995,0.33350857142857143,0.3459028571428572,0.33505714285714283,0.32859142857142853,0.33192,0.3344742857142857,0.33843428571428574,0.3392771428571429,0.34446857142857146,0.34173428571428577,0.3425371428571428,0.3569551020408163,0.3456102040816327,0.34320306122448985,0.3474265306122449,0.3488510204081633,0.36962857142857136,0.3706469387755102,0.3638663265306123,0.35195204081632653,0.3492265306122449,0.3481918367346939,0.3492989795918367,0.3855102040816326,0.38055816326530617,0.3679163265306122,0.4125833333333333,0.4023738095238096,0.392102380952381,0.3935904761904761,0.39809761904761903,0.40802142857142853,0.4063690476190476,0.40899761904761905,0.40565238095238093,0.40727380952380954,0.4005761904761904,0.4044357142857143,0.4074452380952381,0.4171452380952381,0.40844047619047613,0.28099523809523813,0.2791156462585034,0.27599523809523807,0.27522312925170067,0.2786,0.28079523809523804,0.2853340136054422,0.290365306122449,0.2909380952380952,0.284970068027211,0.2827863945578232,0.28044217687074824,0.2780727891156463,0.2821891156462585,0.2900448979591837,Male,6,5-7,Elementary,C,C,R16C34b06_info1_250Hz_gu2_AEP.conn
R16C07G9,R16C07g9_info1_250Hz_gu1_AEP.conn,gu1,0.3217190476190476,0.32075238095238096,0.31188571428571427,0.3082190476190476,0.3119476190476191,0.32266190476190476,0.3120666666666667,0.30883333333333335,0.31458095238095235,0.33177142857142855,0.3244761904761904,0.3143333333333333,0.35122380952380955,0.34695238095238096,0.3712857142857143,0.43017428571428573,0.43988000000000005,0.4421028571428572,0.44026571428571426,0.4381885714285715,0.4309200000000001,0.4317914285714286,0.43174285714285715,0.4213457142857143,0.4501828571428571,0.45088285714285714,0.44158285714285705,0.45499999999999996,0.4611085714285714,0.46714,0.38212,0.38242857142857145,0.37870000000000004,0.3816771428571428,0.39226,0.40472,0.40753142857142854,0.41062285714285707,0.40823428571428566,0.3859657142857143,0.38044285714285714,0.38023714285714283,0.39794,0.4104685714285714,0.39116285714285715,0.40730306122448984,0.40583469387755106,0.4105428571428572,0.4222510204081632,0.43144081632653053,0.43348163265306117,0.43250612244897957,0.4332397959183673,0.4305448979591837,0.41485612244897957,0.41819183673469384,0.42753673469387754,0.4409214285714286,0.4390816326530612,0.439445918367347,0.3718095238095238,0.3702285714285715,0.3701904761904762,0.37764523809523814,0.38186666666666674,0.3978690476190476,0.39684761904761895,0.38986904761904767,0.3790071428571428,0.3701904761904762,0.3677904761904762,0.37474761904761905,0.3948190476190476,0.3907166666666666,0.3682357142857143,0.30257619047619044,0.3085462585034013,0.3119006802721089,0.3132435374149659,0.3079850340136054,0.3103823129251701,0.3093142857142857,0.3042027210884354,0.3027986394557823,0.3078013605442177,0.31120000000000003,0.31407414965986397,0.3060836734693878,0.3020843537414966,0.31300544217687076,Female,9,8-12,Elementary,C,C,R16C07g9_info1_250Hz_gu2_AEP.conn
R16C18B7,R16C18b7_info1_250Hz_gu1_AEP.conn,gu1,0.4233619047619048,0.4183714285714286,0.41420952380952386,0.40965238095238093,0.40272380952380954,0.35613809523809525,0.34470952380952385,0.37055714285714286,0.40280000000000005,0.4062952380952381,0.4039714285714286,0.39838095238095245,0.40666666666666673,0.43075714285714284,0.434852380952381,0.46127142857142855,0.45005428571428574,0.4528428571428572,0.45495428571428576,0.4542828571428571,0.4370428571428572,0.4317914285714286,0.42659142857142857,0.4356942857142857,0.4531057142857143,0.45853142857142865,0.45541714285714285,0.47268,0.47369714285714276,0.4818485714285714,0.4267228571428571,0.42457142857142854,0.4165657142857143,0.40516571428571424,0.40148857142857136,0.4050885714285714,0.4105657142857143,0.4095971428571429,0.4168628571428572,0.4212057142857143,0.41798,0.4064228571428571,0.4205171428571428,0.42331428571428564,0.4109457142857143,0.4982551020408163,0.5032142857142857,0.49803775510204085,0.4930979591836735,0.48853469387755094,0.48375510204081634,0.493419387755102,0.4957173469387755,0.49799387755102037,0.5049408163265307,0.5001030612244898,0.4980673469387754,0.507365306122449,0.5073142857142857,0.5080346938775511,0.4801880952380952,0.49133809523809524,0.49725476190476187,0.49592857142857144,0.49279761904761904,0.45054047619047627,0.46736666666666665,0.48959523809523814,0.48843571428571425,0.4958261904761905,0.5002095238095238,0.49754761904761896,0.4854595238095238,0.4969357142857143,0.4956404761904762,0.43115238095238095,0.42821156462585025,0.4232972789115647,0.4228435374149659,0.4224748299319729,0.429478231292517,0.4301891156462585,0.4282802721088436,0.4190585034013606,0.4302578231292517,0.42617687074829935,0.4312523809523809,0.4340251700680272,0.43109047619047625,0.4284721088435374,Male,7,5-7,Elementary,C,C,R16C18b7_info1_250Hz_gu2_AEP.conn
R16C20B9,R16C20b9_info1_250Hz_gu1_AEP.conn,gu1,0.24445714285714285,0.2479,0.24965714285714288,0.24231904761904768,0.22846666666666668,0.2850809523809524,0.25422857142857147,0.24796666666666667,0.24616190476190478,0.23983809523809527,0.2460619047619048,0.24957142857142856,0.3199619047619048,0.3159904761904762,0.3054333333333334,0.3163742857142857,0.3106971428571429,0.3075542857142857,0.30619428571428575,0.3144571428571428,0.3215771428571429,0.3228457142857143,0.3242885714285714,0.3125542857142857,0.316,0.3074171428571429,0.3042457142857143,0.35692571428571424,0.3647314285714286,0.34184857142857145,0.27614285714285713,0.2727428571428572,0.2725,0.2769114285714286,0.27309142857142854,0.3045057142857143,0.30402571428571423,0.2928514285714286,0.2822085714285715,0.27677142857142856,0.2843942857142857,0.28699142857142856,0.3101771428571428,0.29658,0.2965057142857143,0.3712255102040816,0.3683010204081633,0.36819999999999997,0.36469897959183667,0.36599489795918366,0.36570918367346933,0.3702357142857143,0.37325102040816327,0.3701979591836735,0.3666397959183673,0.364815306122449,0.3619357142857143,0.38878775510204083,0.39417346938775516,0.3766744897959184,0.4292380952380952,0.43603333333333333,0.4476238095238095,0.45043809523809525,0.4443404761904762,0.43940952380952375,0.44216428571428573,0.4460095238095238,0.4401619047619048,0.4363404761904763,0.4436452380952381,0.44729285714285716,0.4476642857142857,0.4542380952380953,0.4360309523809524,0.2672428571428571,0.26987210884353746,0.26791564625850345,0.26886598639455783,0.2709074829931973,0.2700795918367347,0.2715517006802721,0.26756734693877554,0.26436530612244896,0.26830748299319723,0.26922517006802726,0.26865442176870746,0.26749387755102044,0.2651891156462585,0.26715850340136055,Male,9,8-12,Elementary,C,C,R16C20b9_info1_250Hz_gu2_AEP.conn
R16C15B07,R16C15b07_info1_250Hz_gu1_AEP.conn,gu1,0.3129142857142857,0.30306190476190475,0.2844857142857143,0.2705380952380952,0.2767142857142857,0.3140380952380953,0.3066380952380952,0.3051714285714286,0.3065333333333334,0.3212333333333333,0.3036666666666667,0.2927761904761905,0.3528428571428572,0.3462809523809524,0.34684761904761907,0.41924,0.42137714285714284,0.4231142857142857,0.41191714285714276,0.41249714285714284,0.4172599999999999,0.4243142857142857,0.4190714285714286,0.4098314285714286,0.43521428571428566,0.4339771428571428,0.4204828571428571,0.4377457142857143,0.44230857142857144,0.45496857142857144,0.4218857142857143,0.42414571428571435,0.42331142857142856,0.42400857142857146,0.43701999999999996,0.4240885714285715,0.4223885714285715,0.4262885714285714,0.4277714285714286,0.42469999999999997,0.42752285714285715,0.4267228571428571,0.41724571428571433,0.42332285714285717,0.42650285714285713,0.45040918367346944,0.44593673469387757,0.44260102040816324,0.44153571428571425,0.44112142857142855,0.4456959183673469,0.44005,0.4361122448979592,0.4350367346938776,0.4463132653061225,0.44750102040816325,0.4495510204081633,0.46565510204081634,0.45866632653061234,0.4689234693877551,0.46155000000000007,0.4540904761904762,0.4433738095238095,0.44028095238095233,0.4392238095238095,0.44471190476190475,0.4463142857142857,0.44191904761904754,0.4359190476190477,0.4546047619047619,0.44620952380952383,0.44698571428571426,0.45470476190476194,0.44884047619047623,0.45068333333333327,0.3268442176870748,0.32746734693877544,0.32579319727891154,0.32367074829931974,0.3258346938775511,0.32939659863945575,0.33117551020408165,0.33086666666666664,0.3300625850340137,0.3343244897959183,0.330921768707483,0.32620544217687075,0.327078231292517,0.32902312925170074,0.3310544217687074,Male,7,5-7,Elementary,C,C,R16C15b07_info1_250Hz_gu2_AEP.conn
R16C23B5,R16C23b5_info1_250Hz_gu1_AEP.conn,gu1,0.24576666666666666,0.24221904761904764,0.24530952380952384,0.2540904761904762,0.27162857142857144,0.23811428571428572,0.23804761904761898,0.23511428571428572,0.25079999999999997,0.2377952380952381,0.2358,0.24468095238095242,0.29854761904761906,0.2869,0.27645714285714285,0.35476285714285716,0.35717999999999994,0.3580914285714286,0.3624857142857143,0.3690542857142857,0.33892285714285714,0.3409657142857142,0.3348885714285714,0.3373371428571429,0.36014857142857143,0.34778571428571425,0.3464885714285715,0.35993714285714284,0.34791428571428573,0.36434285714285713,0.3420057142857143,0.3402742857142857,0.34230285714285713,0.35072857142857145,0.35404,0.33685142857142863,0.3358971428571429,0.33296285714285706,0.34027714285714283,0.3237057142857142,0.32597714285714285,0.33316,0.32824,0.3229857142857143,0.3190028571428572,0.3530061224489796,0.3580867346938776,0.3589122448979592,0.35343571428571424,0.34582448979591834,0.35270510204081623,0.35538265306122446,0.35137142857142856,0.3491857142857143,0.35426326530612245,0.3549234693877551,0.35078469387755107,0.3735714285714286,0.37493163265306123,0.3741153061224489,0.36649523809523815,0.3654833333333333,0.36935,0.3694928571428571,0.3722785714285714,0.36111190476190475,0.3684404761904762,0.3665809523809524,0.37053571428571425,0.3602452380952381,0.3571,0.35785,0.3622761904761905,0.37142857142857144,0.3711809523809524,0.305491156462585,0.3047748299319728,0.3077333333333333,0.31298707482993193,0.3114795918367347,0.3097965986394558,0.30855578231292524,0.30681564625850344,0.30921632653061215,0.2977891156462585,0.2995183673469387,0.303078231292517,0.31195850340136055,0.3117809523809524,0.3068333333333333,Male,5,5-7,Elementary,C,C,R16C23b5_info1_250Hz_gu2_AEP.conn
R16C31B07,R16C31b07_info1_250Hz_gu1_AEP.conn,gu1,0.3254857142857143,0.32341428571428565,0.3207761904761905,0.3265809523809524,0.32461428571428574,0.3078714285714286,0.31667142857142855,0.32014761904761907,0.3184428571428572,0.32435714285714284,0.32191428571428576,0.3282952380952381,0.3427142857142857,0.3443047619047619,0.34649523809523813,0.39077142857142855,0.3987457142857143,0.4037285714285714,0.40579714285714286,0.40556857142857144,0.3983171428571428,0.4010257142857143,0.4046857142857143,0.4036371428571428,0.3966085714285715,0.40374857142857146,0.4100257142857143,0.42103142857142856,0.4231314285714286,0.42007714285714287,0.34920000000000007,0.3493742857142857,0.34312857142857145,0.3377428571428571,0.33072,0.3323,0.33609714285714287,0.34532,0.3512428571428571,0.3531028571428571,0.35017714285714285,0.34477142857142856,0.34072571428571435,0.35128857142857145,0.3539171428571429,0.3462122448979592,0.34495714285714285,0.3478418367346939,0.34875102040816325,0.3483112244897959,0.34476326530612245,0.34289795918367344,0.34591428571428573,0.3473112244897959,0.343569387755102,0.34871632653061224,0.35235612244897957,0.36040204081632643,0.3642397959183673,0.3658377551020409,0.37005476190476183,0.3753261904761905,0.38473571428571435,0.3905809523809524,0.3906928571428572,0.3752976190476191,0.3681857142857143,0.3757142857142857,0.38209999999999994,0.3722642857142857,0.38096190476190483,0.3836428571428572,0.37053571428571425,0.37990714285714283,0.3698333333333333,0.2835721088435374,0.2857265306122449,0.289869387755102,0.284652380952381,0.28711224489795917,0.28339795918367344,0.2847163265306123,0.28865306122448975,0.29274829931972796,0.2903585034013605,0.292404081632653,0.2890993197278912,0.28622176870748295,0.2887265306122449,0.2882020408163265,Male,7,5-7,Elementary,C,C,R16C31b07_info1_250Hz_gu2_AEP.conn
M01Y09CB,M01y09cb_info1_250Hz_gu1_AEP.conn,gu1,0.28514761904761904,0.2917809523809524,0.2969142857142857,0.2851952380952381,0.2743857142857143,0.27614761904761903,0.2820714285714286,0.27349523809523807,0.27664761904761903,0.2981238095238095,0.30256190476190475,0.2979904761904762,0.33686666666666665,0.3263714285714286,0.32334285714285715,0.4108714285714286,0.40098,0.38445714285714294,0.37408857142857144,0.37450285714285714,0.3836685714285714,0.3809485714285714,0.38431999999999994,0.3810542857142857,0.4119885714285715,0.40012857142857144,0.38629142857142856,0.41183142857142857,0.41072857142857144,0.41874857142857147,0.34924571428571427,0.3459314285714286,0.3412342857142857,0.34347999999999995,0.3374057142857143,0.3410771428571428,0.3413885714285715,0.3329885714285714,0.32851714285714284,0.3379142857142857,0.3292542857142857,0.34060000000000007,0.3416771428571429,0.3371142857142857,0.34183142857142856,0.4069020408163266,0.41107040816326534,0.41798163265306115,0.42166734693877556,0.414880612244898,0.42806224489795913,0.42294897959183675,0.4197510204081632,0.42051836734693887,0.41387142857142856,0.42458163265306126,0.4334887755102041,0.43894489795918373,0.4352030612244898,0.4418367346938775,0.46396428571428566,0.4630071428571429,0.46331904761904763,0.4675142857142857,0.47466904761904766,0.46635000000000004,0.4715785714285714,0.46830238095238097,0.45640238095238095,0.46087142857142854,0.4578238095238096,0.46260952380952386,0.46767142857142857,0.46963095238095237,0.44556190476190466,0.33537551020408163,0.3400707482993197,0.3445204081632653,0.3444013605442177,0.34131904761904763,0.3523081632653061,0.353765306122449,0.35044489795918365,0.34353061224489806,0.34369931972789114,0.35033129251700673,0.3499040816326531,0.3448333333333333,0.34194761904761906,0.34731972789115645,Female,9,8-12,Elementary,C,C,M01y09cb_info1_250Hz_gu2_AEP.conn
R16C24B7,R16C24b7_info1_250Hz_gu1_AEP.conn,gu1,0.2547714285714286,0.2545380952380953,0.25977619047619044,0.2616523809523809,0.2540142857142857,0.27551428571428577,0.27579523809523804,0.2900333333333333,0.292947619047619,0.2755142857142857,0.2727,0.27312857142857144,0.3324619047619048,0.3402476190476191,0.3328333333333333,0.38438285714285714,0.3812514285714286,0.39002857142857145,0.3913685714285714,0.3848,0.36956,0.3743171428571429,0.3789285714285714,0.3875342857142857,0.39569999999999994,0.4021914285714286,0.4019342857142857,0.39820857142857147,0.39620000000000005,0.42616571428571437,0.3402285714285714,0.3440685714285714,0.3362857142857143,0.33660285714285715,0.33726285714285714,0.3371028571428571,0.34097428571428573,0.3417485714285714,0.3358114285714286,0.34958857142857147,0.3462914285714286,0.3451657142857143,0.3421314285714286,0.3441371428571428,0.3505942857142857,0.34203469387755103,0.33783673469387754,0.3338326530612245,0.3312377551020408,0.32774081632653057,0.3496989795918367,0.34611428571428576,0.347854081632653,0.34728469387755095,0.3297489795918368,0.3307479591836735,0.33328775510204084,0.3631377551020409,0.36678571428571427,0.3498571428571428,0.4031142857142857,0.4005857142857143,0.4004857142857143,0.3954714285714285,0.39471428571428574,0.3984214285714285,0.38752619047619047,0.38843809523809525,0.3964595238095239,0.39298571428571427,0.39851190476190473,0.3954380952380952,0.3934,0.3944690476190476,0.39370238095238097,0.29298435374149656,0.29312789115646265,0.2860843537414966,0.2827054421768707,0.28800340136054414,0.2950299319727891,0.2929986394557823,0.2897734693877551,0.2869795918367347,0.2891544217687074,0.2845904761904763,0.28369455782312925,0.2887380952380953,0.28356122448979587,0.27901632653061226,Male,7,5-7,Elementary,C,C,R16C24b7_info1_250Hz_gu2_AEP.conn
R16C04B13,R16C04b13_info1_250Hz_gu1_AEP.conn,gu1,0.2861619047619048,0.28531904761904753,0.2821952380952381,0.27520476190476195,0.2701047619047619,0.32025238095238096,0.315747619047619,0.3140619047619048,0.3080904761904762,0.3083142857142857,0.3114666666666666,0.29768095238095243,0.38295714285714283,0.3773142857142857,0.37498571428571426,0.4016342857142857,0.4011457142857142,0.4024971428571429,0.41002857142857146,0.41118,0.4162571428571429,0.4171314285714286,0.41488571428571425,0.40886000000000006,0.40396857142857134,0.4031142857142857,0.41010285714285716,0.45042857142857134,0.44188857142857135,0.4229857142857142,0.4076142857142857,0.40705428571428576,0.40181428571428573,0.39912571428571425,0.4091971428571428,0.40232,0.40170000000000006,0.4020828571428571,0.39592285714285713,0.40992285714285714,0.40684571428571437,0.40719142857142854,0.4024457142857143,0.40482000000000007,0.41100000000000003,0.33776836734693877,0.3413908163265306,0.3478336734693878,0.3506959183673469,0.3501183673469388,0.3648326530612245,0.35937857142857144,0.3557642857142857,0.35333469387755106,0.3398265306122448,0.3446112244897959,0.34914897959183666,0.3757122448979592,0.37006938775510206,0.35751326530612243,0.4435142857142857,0.43552857142857143,0.43889761904761904,0.4364690476190476,0.43167142857142854,0.43050476190476195,0.42590952380952385,0.41857380952380957,0.42446904761904763,0.43317142857142854,0.4310904761904762,0.4291023809523809,0.4273428571428571,0.4152119047619047,0.41162380952380956,0.32101700680272105,0.3224401360544218,0.3276156462585034,0.33209387755102043,0.33046258503401366,0.32241904761904766,0.3282408163265307,0.3332319727891157,0.33410272108843536,0.32330272108843533,0.33059183673469394,0.3311850340136054,0.3366068027210885,0.3386258503401361,0.3309530612244898,Male,13,Teen,Secondary,C,C,R16C04b13_info1_250Hz_gu2_AEP.conn
R16C22G10,R16C22g10_info1_250Hz_gu1_AEP.conn,gu1,0.26058571428571425,0.2690619047619048,0.2785,0.29142380952380953,0.2965142857142858,0.2726904761904762,0.26892857142857146,0.2655285714285714,0.2722809523809524,0.26793333333333336,0.2697047619047619,0.2763047619047619,0.3402285714285715,0.3441190476190476,0.33985238095238096,0.34302571428571427,0.35319142857142855,0.3573371428571428,0.35246000000000005,0.34486285714285714,0.34032285714285715,0.34384571428571425,0.34772285714285717,0.35187428571428575,0.34935714285714287,0.35055142857142857,0.3430285714285714,0.3666742857142857,0.36786571428571424,0.36933142857142853,0.3062114285714286,0.29820857142857143,0.30632,0.3170857142857143,0.3186171428571428,0.2996057142857143,0.30116,0.30018,0.29442571428571424,0.2984457142857143,0.3077171428571429,0.3152342857142857,0.3094771428571429,0.31094571428571427,0.3279257142857143,0.3466204081632654,0.3472581632653061,0.3455602040816327,0.34658061224489795,0.35029183673469394,0.3436357142857143,0.3383632653061225,0.3391571428571428,0.3412122448979592,0.343580612244898,0.3437091836734694,0.34758163265306125,0.35305816326530615,0.3583326530612245,0.3547397959183674,0.39901666666666663,0.39930952380952384,0.40210714285714283,0.40585714285714286,0.39883571428571435,0.3770880952380952,0.3730952380952381,0.3792357142857143,0.3861428571428571,0.3985119047619048,0.4009428571428571,0.40357142857142864,0.3673428571428572,0.3840142857142857,0.39847619047619043,0.27865170068027223,0.2782857142857143,0.2769646258503401,0.2784306122448979,0.2793394557823129,0.27524489795918367,0.2735183673469387,0.2746006802721088,0.2773680272108843,0.2800278911564626,0.2794775510204081,0.2818537414965987,0.2788238095238095,0.2785564625850341,0.28912925170068027,Female,10,8-12,Elementary,C,C,R16C22g10_info1_250Hz_gu2_AEP.conn
R16C26F10,R16C26f10_info1_250Hz_gu1_AEP.conn,gu1,0.2675476190476191,0.253552380952381,0.2572857142857143,0.2697809523809524,0.27843333333333337,0.3110761904761905,0.29615238095238094,0.2974619047619047,0.3068952380952381,0.25944285714285714,0.2679761904761905,0.2742952380952381,0.3241666666666667,0.32928571428571424,0.31859047619047615,0.3647942857142857,0.3570257142857143,0.3583685714285714,0.3565371428571429,0.34886571428571433,0.3722142857142857,0.3783314285714286,0.38195714285714283,0.38442857142857145,0.3643457142857143,0.3666028571428571,0.36448,0.4082,0.4058314285714286,0.39507714285714285,0.28297428571428573,0.28027428571428575,0.2771485714285714,0.27272857142857143,0.2761142857142857,0.2892485714285714,0.29448285714285716,0.30051714285714287,0.30831428571428565,0.2789428571428571,0.28047428571428573,0.2824771428571428,0.2964628571428572,0.29821714285714285,0.2877114285714286,0.37437959183673464,0.37376224489795923,0.37872551020408174,0.3859520408163265,0.3882642857142858,0.3849112244897959,0.38599693877551017,0.38259489795918367,0.375373469387755,0.3805908163265305,0.3854438775510204,0.3909408163265306,0.40502142857142853,0.4037275510204081,0.40751632653061226,0.4529904761904762,0.45453809523809524,0.45716428571428575,0.4565857142857143,0.45527857142857137,0.44954999999999995,0.4493547619047619,0.44317142857142855,0.44850000000000007,0.45438095238095233,0.45952857142857145,0.4589761904761904,0.45757380952380955,0.439497619047619,0.44319523809523803,0.32691564625850345,0.32724149659863955,0.32487210884353734,0.32064761904761907,0.3200993197278912,0.3068047619047619,0.30934489795918363,0.3142979591836735,0.3137571428571428,0.3318489795918367,0.32746258503401365,0.32335170068027214,0.31148707482993204,0.3147897959183674,0.32183741496598645,Female,10,8-12,Elementary,C,C,R16C26f10_info1_250Hz_gu2_AEP.conn
R16C09B08,R16C09b08_info1_250Hz_gu1_AEP.conn,gu1,0.2640619047619048,0.2666428571428571,0.2639428571428571,0.2784238095238096,0.29164285714285715,0.2890190476190476,0.2776857142857143,0.26375714285714286,0.25494761904761903,0.2738238095238095,0.2763857142857143,0.28594761904761906,0.31632857142857146,0.3061809523809524,0.33133809523809526,0.3284342857142857,0.32816,0.3303685714285714,0.3376571428571428,0.3479342857142857,0.3271,0.31547142857142857,0.30513714285714283,0.31311999999999995,0.3283057142857143,0.3308514285714286,0.33639714285714284,0.33717142857142857,0.33106,0.3492685714285715,0.2723742857142857,0.28141428571428573,0.27856571428571425,0.28137428571428574,0.25847714285714285,0.2828085714285714,0.2877228571428571,0.3028485714285714,0.30782000000000004,0.2657171428571429,0.26813428571428566,0.2718971428571429,0.29113428571428573,0.30444571428571426,0.26344,0.37432959183673464,0.3749295918367347,0.3852061224489796,0.3931173469387755,0.39296428571428565,0.3929877551020408,0.39224999999999993,0.39432857142857136,0.3942836734693878,0.3822285714285714,0.3880244897959183,0.3951653061224491,0.40656632653061225,0.40629081632653063,0.40161428571428576,0.4240642857142857,0.41581666666666667,0.4116309523809523,0.41980952380952385,0.4206714285714286,0.42200714285714297,0.4184357142857143,0.4178976190476191,0.41635714285714287,0.4231142857142857,0.4198928571428571,0.42648095238095246,0.4259,0.42005714285714285,0.4185714285714286,0.3329673469387756,0.33666326530612245,0.33935918367346934,0.3352993197278912,0.33405782312925175,0.3376877551020409,0.3367088435374149,0.33754217687074833,0.3384619047619047,0.3402639455782312,0.3431156462585034,0.3385537414965986,0.33297482993197286,0.3313020408163266,0.3484224489795919,Male,8,8-12,Elementary,C,C,R16C09b08_info1_250Hz_gu2_AEP.conn
R16MME07GU_F10,R16mme07gu_f10_info1_250Hz_gu1_AEP.conn,gu1,0.30725714285714284,0.3231952380952381,0.3184666666666667,0.30217619047619043,0.29490952380952384,0.28018571428571426,0.280847619047619,0.2981666666666667,0.29630952380952386,0.314647619047619,0.3115571428571428,0.29574285714285714,0.3457333333333333,0.3565,0.33831428571428573,0.3712771428571428,0.3819828571428571,0.37758,0.38286000000000003,0.3812057142857143,0.33968,0.3501057142857143,0.35776285714285716,0.36144857142857145,0.37585142857142856,0.36393714285714285,0.3624828571428572,0.37843428571428567,0.38772285714285715,0.3795085714285714,0.31923999999999997,0.3110371428571429,0.3115342857142857,0.3264685714285714,0.3335685714285714,0.28925999999999996,0.29234857142857146,0.30037714285714284,0.30987714285714285,0.3362971428571429,0.3250085714285714,0.32648,0.30862285714285714,0.32143714285714287,0.3404742857142857,0.4106510204081633,0.40531836734693877,0.4026040816326531,0.4000959183673469,0.4013826530612245,0.40422040816326543,0.402969387755102,0.4034061224489796,0.4061448979591837,0.41715714285714295,0.41626836734693873,0.4141602040816327,0.4303479591836735,0.42699387755102053,0.43585408163265305,0.4508261904761905,0.457197619047619,0.4658809523809524,0.46622142857142856,0.46197380952380956,0.4619595238095238,0.4509666666666667,0.4501523809523809,0.4500785714285714,0.4582095238095238,0.4642380952380953,0.46532619047619045,0.4582595238095238,0.4595547619047619,0.4572857142857143,0.3591904761904762,0.3629965986394558,0.3609972789115647,0.3586700680272109,0.35772517006802723,0.34828979591836734,0.35077687074829933,0.3529197278911564,0.35202380952380957,0.3599925170068027,0.35663401360544217,0.3526877551020408,0.34083673469387754,0.3410040816326531,0.35319387755102044,Female,10,8-12,Elementary,C,C,R16mme07gu_f10_info1_250Hz_gu2_AEP.conn
R16C30M7,R16C30m7_info1_250Hz_gu1_AEP.conn,gu1,0.3048571428571429,0.3076238095238095,0.30683333333333335,0.31207142857142856,0.3261,0.3319238095238095,0.32819523809523804,0.32185238095238095,0.32145714285714283,0.3127714285714286,0.3172238095238095,0.32511428571428574,0.3650285714285714,0.36554285714285717,0.35200952380952377,0.3754914285714286,0.37749428571428567,0.3712171428571429,0.3681857142857142,0.37051142857142855,0.3944371428571428,0.3772142857142858,0.37825142857142857,0.3853314285714286,0.3770685714285714,0.37117714285714287,0.3661228571428571,0.4047371428571428,0.40778857142857144,0.39370857142857146,0.3187714285714286,0.32213714285714284,0.33452857142857145,0.3314971428571428,0.32008571428571425,0.3174485714285714,0.32417999999999997,0.32779142857142857,0.32551142857142856,0.3150828571428571,0.33306,0.3296428571428572,0.31686857142857144,0.3234657142857143,0.3263828571428572,0.3528397959183674,0.35424693877551017,0.3513510204081633,0.34812448979591837,0.3497448979591837,0.3607122448979592,0.36050918367346935,0.35916224489795917,0.3602826530612245,0.3543877551020408,0.35402448979591833,0.3496673469387755,0.3756183673469388,0.3745653061224489,0.37121938775510194,0.42622857142857146,0.4246309523809524,0.42438333333333333,0.4236166666666667,0.42057857142857147,0.41175,0.4055142857142857,0.4156833333333334,0.42592142857142856,0.4248119047619048,0.42218333333333335,0.42237619047619046,0.4134761904761905,0.4124452380952381,0.4103547619047619,0.37853401360544214,0.37862789115646256,0.3780551020408163,0.3803469387755102,0.3781394557823129,0.38596462585034025,0.38638231292517006,0.37931836734693875,0.37813537414965986,0.38505918367346936,0.38378163265306126,0.38859863945578227,0.3851891156462584,0.38017619047619056,0.3790904761904762,Male,7,5-7,Elementary,C,C,R16C30m7_info1_250Hz_gu2_AEP.conn
R16C12G7,R16C12g7_info1_250Hz_gu1_AEP.conn,gu1,0.1865,0.1870857142857143,0.18618571428571432,0.17469047619047617,0.14551904761904763,0.21365238095238093,0.21213809523809524,0.20103333333333337,0.20363333333333333,0.18903333333333336,0.18380952380952384,0.16853809523809524,0.2654904761904762,0.25286666666666663,0.2462428571428571,0.3068685714285714,0.3052657142857143,0.29845999999999995,0.30051714285714287,0.29806,0.3029057142857143,0.3040742857142857,0.2984914285714286,0.3028514285714286,0.30170285714285716,0.2967142857142857,0.29873714285714287,0.33112,0.32412285714285716,0.31933142857142854,0.23987714285714284,0.24416,0.25373714285714283,0.25078857142857147,0.2495257142857142,0.24463714285714286,0.24863999999999997,0.2556314285714286,0.24907142857142855,0.2430657142857143,0.25332000000000005,0.24712,0.2521942857142857,0.26043714285714287,0.24946000000000002,0.24972857142857147,0.2534142857142857,0.2576591836734694,0.2579591836734694,0.25978673469387753,0.26295816326530613,0.2587285714285714,0.2542989795918367,0.2517377551020408,0.25859897959183675,0.256788775510204,0.2580408163265306,0.274234693877551,0.2717765306122449,0.2686540816326531,0.3453785714285715,0.3549738095238095,0.35109285714285715,0.34112380952380955,0.33601428571428565,0.3529404761904762,0.3507214285714286,0.3623404761904762,0.36923095238095244,0.3622047619047619,0.3563404761904762,0.3444,0.34700476190476187,0.3541166666666667,0.3486309523809524,0.2482979591836735,0.24997823129251692,0.2465666666666667,0.2490632653061225,0.2535183673469388,0.2476959183673469,0.24442721088435373,0.24219659863945575,0.24276666666666666,0.25252653061224495,0.24683605442176879,0.2462925170068028,0.24347891156462584,0.24339591836734692,0.25078979591836736,Female,7,5-7,Elementary,C,C,R16C12g7_info1_250Hz_gu2_AEP.conn
R16C08G09,R16C08g09_info1_250Hz_gu1_AEP.conn,gu1,0.2660952380952381,0.2802142857142857,0.2819190476190476,0.28128095238095235,0.2585380952380953,0.2884809523809524,0.2833095238095238,0.2919047619047619,0.2851142857142857,0.28255238095238094,0.2722809523809524,0.26821904761904763,0.3415714285714286,0.3620619047619047,0.3076095238095238,0.3743742857142857,0.3898714285714286,0.3994628571428572,0.40200571428571424,0.3968285714285715,0.3914257142857143,0.39659999999999995,0.3991971428571429,0.38469428571428577,0.39470571428571427,0.40153999999999995,0.40384285714285706,0.42685428571428574,0.4312542857142857,0.42721428571428566,0.34535428571428567,0.3613485714285714,0.37863142857142856,0.3810685714285714,0.3808742857142858,0.36448,0.35379428571428573,0.3531714285714286,0.35418285714285724,0.35922,0.3783428571428572,0.3848971428571428,0.3368771428571429,0.33449428571428574,0.36502285714285715,0.45580918367346934,0.462642857142857,0.46381020408163265,0.46616938775510197,0.47309285714285715,0.4490163265306122,0.44954693877551033,0.4540459183673469,0.4601224489795918,0.4680204081632654,0.4668010204081633,0.4692704081632654,0.4621775510204082,0.4671520408163265,0.47332551020408165,0.490995238095238,0.49065714285714285,0.4963690476190476,0.501352380952381,0.4943809523809524,0.508195238095238,0.4987690476190476,0.4897071428571429,0.4918071428571429,0.5040738095238096,0.5040142857142857,0.5024071428571429,0.49411428571428573,0.49740952380952375,0.5063666666666666,0.3251156462585034,0.3231272108843537,0.322743537414966,0.32096122448979597,0.32418435374149657,0.33012993197278917,0.3342360544217687,0.33315102040816325,0.3289081632653061,0.32577346938775503,0.319939455782313,0.31981020408163263,0.32763197278911577,0.3252190476190476,0.32526054421768713,Female,9,8-12,Elementary,C,C,R16C08g09_info1_250Hz_gu2_AEP.conn
R16M04G10,R16M04g10_info1_250Hz_gu1_AEP.conn,gu1,0.3865523809523809,0.3875904761904762,0.39167619047619046,0.38467142857142855,0.36711428571428567,0.36816190476190475,0.37215238095238096,0.3849904761904761,0.3942619047619047,0.4103952380952381,0.41077142857142857,0.4015523809523809,0.4078380952380953,0.4120333333333333,0.4461095238095238,0.43702571428571424,0.43950857142857147,0.4445885714285714,0.4419771428571428,0.4452142857142857,0.4441285714285714,0.4353028571428571,0.44192,0.4419600000000001,0.4410742857142857,0.44204,0.4372342857142857,0.4594571428571429,0.4671657142857143,0.46453428571428573,0.3585057142857143,0.36172,0.3581628571428571,0.35832857142857144,0.3538657142857143,0.3527314285714286,0.3519571428571428,0.3555114285714286,0.34924,0.34983142857142857,0.35204571428571435,0.3609457142857143,0.3498171428571428,0.35066857142857144,0.33964285714285714,0.4566755102040817,0.45588367346938774,0.4561551020408163,0.45555204081632655,0.45244795918367336,0.44913061224489803,0.4497979591836735,0.45161938775510196,0.4516959183673469,0.450130612244898,0.45084591836734694,0.4500224489795918,0.4651,0.4672397959183674,0.46484795918367344,0.4941047619047618,0.4954285714285714,0.49880238095238094,0.5016738095238096,0.49987380952380955,0.4976261904761905,0.5014357142857143,0.5028071428571429,0.5031642857142857,0.5002333333333332,0.5035642857142857,0.5047023809523811,0.5070119047619047,0.4980261904761906,0.5045119047619047,0.43458707482993203,0.4375843537414966,0.4352353741496599,0.4336210884353742,0.4330455782312924,0.4301863945578232,0.43145306122448995,0.43311564625850335,0.433660544217687,0.4454496598639456,0.44172857142857136,0.44043945578231297,0.42467210884353757,0.4230238095238095,0.4368006802721089,Female,10,8-12,Elementary,C,C,R16M04g10_info1_250Hz_gu2_AEP.conn
R16C11B09,R16C11b09_info1_250Hz_gu1_AEP.conn,gu1,0.42227619047619047,0.4281952380952381,0.4387714285714286,0.4417809523809524,0.42479047619047616,0.43800476190476195,0.4314238095238095,0.4202285714285714,0.41975238095238093,0.43806666666666666,0.44618571428571424,0.45052857142857144,0.48500952380952383,0.48048571428571435,0.48895238095238097,0.5302542857142857,0.5381600000000001,0.5407571428571428,0.5360057142857143,0.5339085714285714,0.5277885714285714,0.5281542857142857,0.5275857142857143,0.52528,0.5524171428571428,0.5509285714285714,0.5428200000000001,0.5470342857142857,0.5495171428571429,0.5588971428571429,0.42976000000000003,0.4375428571428571,0.43981999999999993,0.4489942857142856,0.4547,0.4369371428571428,0.4419657142857143,0.4592657142857143,0.4671028571428571,0.43085714285714277,0.4311257142857142,0.43966857142857146,0.43644571428571427,0.45265714285714287,0.42162285714285713,0.37727755102040816,0.37278979591836736,0.3689571428571428,0.36646836734693883,0.36962551020408163,0.39493469387755104,0.39448673469387746,0.39326428571428573,0.3903010204081632,0.37424183673469397,0.37346428571428564,0.36911938775510206,0.41014183673469384,0.40626020408163266,0.39018163265306127,0.50555,0.5024261904761904,0.49314285714285716,0.4880047619047619,0.48896428571428574,0.512397619047619,0.5149952380952381,0.5178833333333334,0.5140071428571428,0.5069476190476191,0.5014,0.49988809523809524,0.5046095238095237,0.515347619047619,0.5114642857142857,0.44513945578231295,0.4421877551020409,0.44386394557823133,0.4439768707482994,0.4466530612244898,0.44874761904761906,0.4509666666666667,0.4464979591836733,0.4462598639455782,0.4476843537414965,0.4459952380952381,0.44363741496598635,0.44719319727891155,0.44624965986394555,0.44716054421768703,Male,9,8-12,Elementary,C,C,R16C11b09_info1_250Hz_gu2_AEP.conn
R16C38G6,R16C38g6_info1_250Hz_gu1_AEP.conn,gu1,0.31183809523809525,0.32338571428571433,0.3167571428571429,0.3084904761904762,0.31301904761904764,0.26743333333333336,0.27979523809523815,0.2850761904761905,0.2859809523809524,0.31965714285714286,0.31186190476190473,0.30384761904761903,0.3387,0.34312380952380955,0.3408380952380952,0.36818,0.3834371428571429,0.38825428571428566,0.3831257142857143,0.3770314285714285,0.37024285714285715,0.3830828571428571,0.38893714285714287,0.3896457142857143,0.3886228571428571,0.3900542857142857,0.3831171428571428,0.4096,0.42009714285714284,0.4068942857142857,0.3092857142857143,0.31884285714285715,0.31954,0.3289,0.32771999999999996,0.3274828571428571,0.33907714285714285,0.3497514285714286,0.3540942857142857,0.3238371428571428,0.3272542857142857,0.33770285714285714,0.34417714285714285,0.3527942857142857,0.32515714285714287,0.341815306122449,0.3351469387755102,0.336345918367347,0.3425989795918367,0.34285204081632653,0.3352714285714286,0.33967755102040814,0.3436826530612244,0.34581020408163266,0.3413877551020409,0.33988673469387753,0.343334693877551,0.3588918367346939,0.36612346938775514,0.3643581632653062,0.3870642857142857,0.3985833333333333,0.40980476190476184,0.4108,0.4047880952380953,0.41871190476190473,0.43664285714285717,0.44189999999999996,0.4322095238095239,0.4243095238095238,0.43012619047619044,0.4290261904761905,0.4309452380952381,0.4384047619047619,0.4270833333333333,0.3238707482993197,0.31481836734693874,0.307908843537415,0.3097292517006802,0.3121619047619048,0.3149510204081633,0.32248231292517004,0.3277027210884354,0.32653469387755096,0.30980272108843526,0.30506122448979583,0.3090163265306123,0.3259360544217687,0.3230299319727892,0.3070768707482993,Female,6,5-7,Elementary,C,C,R16C38g6_info1_250Hz_gu2_AEP.conn
R16C32B08,R16C32b08_info1_250Hz_gu1_AEP.conn,gu1,0.29355714285714285,0.2914047619047619,0.28171428571428575,0.2721047619047619,0.24647142857142856,0.2774761904761905,0.279252380952381,0.27959047619047617,0.28255238095238094,0.2788,0.2762,0.27518095238095236,0.31979047619047624,0.32081428571428566,0.29384285714285713,0.33218,0.33385428571428566,0.3395742857142857,0.33356857142857144,0.32875428571428567,0.34271714285714283,0.33430857142857145,0.33151142857142857,0.33474,0.3267971428571429,0.33106,0.3255828571428572,0.36873428571428574,0.3670657142857143,0.3572485714285714,0.31819142857142857,0.32026857142857146,0.3163114285714286,0.31410285714285713,0.3086514285714286,0.31246000000000007,0.32358571428571425,0.3296057142857142,0.3251085714285714,0.33242285714285713,0.3174771428571429,0.3077628571428571,0.32649428571428574,0.33940857142857145,0.3379485714285714,0.44301122448979585,0.44192551020408166,0.43998979591836734,0.43889081632653065,0.4387224489795919,0.4434408163265305,0.44336326530612247,0.44290612244897964,0.44000408163265314,0.44329081632653056,0.4409102040816326,0.4404571428571429,0.46075306122448983,0.4607459183673469,0.4567785714285715,0.4794833333333333,0.47727142857142857,0.46712380952380955,0.4592119047619048,0.4552809523809524,0.4789261904761905,0.4800857142857144,0.4749190476190477,0.4667238095238095,0.4769595238095239,0.46208571428571427,0.45473571428571424,0.4766809523809525,0.47400714285714285,0.46319523809523805,0.3506748299319728,0.34770476190476185,0.34636326530612244,0.3422333333333334,0.3454741496598639,0.34638027210884353,0.34395782312925177,0.34409727891156466,0.346943537414966,0.349195918367347,0.34752585034013606,0.3437700680272109,0.34091496598639454,0.337621768707483,0.352991156462585,Male,8,8-12,Elementary,C,C,R16C32b08_info1_250Hz_gu2_AEP.conn
R16C27M9,R16C27m9_info1_250Hz_gu1_AEP.conn,gu1,0.2134238095238095,0.2082238095238095,0.20694285714285712,0.21370952380952382,0.21330476190476189,0.22003809523809523,0.2255952380952381,0.23364285714285712,0.24265238095238095,0.221,0.2231904761904762,0.2301619047619048,0.2737095238095238,0.2845142857142857,0.27963333333333334,0.3454028571428571,0.3398428571428571,0.3487457142857143,0.35482285714285716,0.35388571428571425,0.3491,0.35505714285714285,0.3569685714285714,0.36055714285714285,0.33695714285714284,0.34444571428571436,0.3528657142857143,0.3850571428571429,0.38686571428571426,0.3806771428571428,0.2804,0.2787057142857143,0.2640714285714286,0.2589428571428571,0.25231142857142863,0.2719685714285714,0.2670914285714286,0.26385142857142857,0.2675342857142857,0.2754428571428571,0.2577657142857143,0.25849714285714287,0.27590000000000003,0.27645142857142857,0.26742857142857146,0.3623489795918368,0.3624551020408163,0.3647193877551021,0.36096734693877547,0.35735102040816324,0.3583877551020408,0.3552224489795918,0.3517316326530612,0.3558959183673469,0.36257857142857136,0.3657295918367347,0.3638540816326531,0.3752602040816327,0.374434693877551,0.37345204081632655,0.43979523809523813,0.4380690476190476,0.4398452380952382,0.44226666666666664,0.44484047619047623,0.4360738095238095,0.44182619047619043,0.4441785714285715,0.44824523809523814,0.4444142857142857,0.44657142857142856,0.4468714285714286,0.4431095238095238,0.43934047619047617,0.44681428571428566,0.2821714285714285,0.2843721088435374,0.28251156462585025,0.2837496598639455,0.28547210884353746,0.27685646258503394,0.27224149659863944,0.2697727891156462,0.2712319727891156,0.28701020408163264,0.2851285714285714,0.2831244897959184,0.2776054421768707,0.2754299319727891,0.2832897959183673,Male,9,8-12,Elementary,C,C,R16C27m9_info1_250Hz_gu2_AEP.conn
R16C14B07,R16C14b07_info1_250Hz_gu1_AEP.conn,gu1,0.3289761904761905,0.3265190476190476,0.33757142857142863,0.34709999999999996,0.3366571428571428,0.3122809523809524,0.32566190476190476,0.32594285714285715,0.32910476190476196,0.33753809523809525,0.3428238095238095,0.34590476190476194,0.3557857142857143,0.356947619047619,0.3596285714285714,0.3786285714285714,0.36950857142857146,0.3668,0.3744114285714286,0.3773657142857142,0.36388,0.3632228571428572,0.3652285714285714,0.37580857142857144,0.38458000000000003,0.3894542857142857,0.39530000000000004,0.39848,0.4001457142857142,0.4138428571428571,0.3155514285714286,0.31106285714285714,0.31414285714285717,0.3214085714285715,0.32346571428571425,0.30909714285714285,0.3186857142857143,0.3351571428571428,0.34539714285714285,0.3162,0.32013428571428565,0.32846571428571425,0.32607428571428565,0.3351914285714286,0.34158,0.45109183673469383,0.4475020408163265,0.4489612244897959,0.45001632653061224,0.44620816326530616,0.45916020408163266,0.46583775510204084,0.46970816326530623,0.4732122448979593,0.45201632653061213,0.4503193877551021,0.45217142857142856,0.47287653061224494,0.47778979591836734,0.4645683673469388,0.43192857142857144,0.43348809523809523,0.4351071428571429,0.4299547619047619,0.426245238095238,0.44363571428571436,0.4388785714285714,0.43336904761904765,0.4245380952380952,0.45043571428571433,0.44798571428571426,0.44252142857142857,0.43935238095238094,0.4299333333333333,0.45507619047619047,0.3500768707482993,0.3451972789115646,0.3456775510204081,0.35160816326530614,0.35782040816326527,0.3544394557823129,0.3529047619047619,0.34655238095238095,0.3448727891156463,0.3426231292517007,0.34338027210884353,0.3500156462585034,0.3389156462585034,0.33524761904761907,0.3477823129251701,Male,7,5-7,Elementary,C,C,R16C14b07_info1_250Hz_gu2_AEP.conn
R16C21G7,R16C21g7_info1_250Hz_gu1_AEP.conn,gu1,0.2905380952380952,0.2864238095238095,0.2802952380952381,0.2726142857142857,0.26309047619047615,0.2905380952380952,0.28030952380952384,0.2972047619047619,0.2849285714285714,0.2845190476190476,0.27468571428571426,0.2616095238095238,0.34080952380952373,0.3551571428571429,0.350252380952381,0.3361314285714286,0.33371142857142855,0.33475142857142853,0.35097142857142855,0.3600257142857143,0.36469999999999997,0.35349714285714284,0.3569257142857143,0.36125714285714283,0.33754,0.3248685714285714,0.32752857142857145,0.37248571428571425,0.3788285714285714,0.34970285714285715,0.2637771428571428,0.27433428571428575,0.27594,0.28554,0.2911085714285714,0.2680057142857143,0.2779857142857143,0.2867342857142857,0.27728857142857144,0.27708857142857146,0.2804685714285714,0.2851971428571428,0.3026885714285714,0.31926571428571426,0.2842485714285714,0.3528908163265306,0.3494265306122449,0.3504948979591837,0.35734591836734697,0.36769795918367343,0.3646459183673469,0.3629306122448979,0.3546020408163265,0.3507663265306123,0.35202346938775514,0.35672959183673475,0.3598591836734694,0.3741367346938775,0.36878775510204076,0.37248265306122447,0.37833333333333335,0.369097619047619,0.3811523809523809,0.38808809523809523,0.39313809523809523,0.3745476190476191,0.3712357142857143,0.38257380952380954,0.3977333333333333,0.3836119047619047,0.3912214285714286,0.39558571428571426,0.36924285714285715,0.38115952380952384,0.40912619047619053,0.30685714285714283,0.31023469387755104,0.3131285714285715,0.3184448979591837,0.3207353741496598,0.3233251700680272,0.32865714285714287,0.3328258503401361,0.3313496598639456,0.3047877551020408,0.3085163265306123,0.3154258503401361,0.32699047619047616,0.32992789115646254,0.30946326530612245,Female,7,5-7,Elementary,C,C,R16C21g7_info1_250Hz_gu2_AEP.conn
R16ME08_F10,R16me08_f10_info1_250Hz_gu1_AEP.conn,gu1,0.3082380952380952,0.3136142857142857,0.3184,0.3320666666666667,0.35560952380952376,0.3112428571428571,0.3190571428571429,0.323747619047619,0.31733809523809525,0.3115333333333334,0.3133952380952381,0.3313428571428571,0.35740476190476195,0.3547047619047619,0.31564285714285717,0.3548314285714286,0.36691142857142856,0.3717857142857143,0.37482571428571426,0.37402857142857143,0.35656571428571426,0.3632714285714286,0.36599714285714285,0.36205999999999994,0.37355142857142865,0.37279428571428574,0.3767371428571428,0.3776942857142857,0.3828628571428571,0.37738857142857146,0.39072571428571423,0.38252285714285716,0.3781085714285714,0.3807028571428571,0.384,0.36529428571428574,0.3789142857142857,0.3971314285714286,0.4081085714285714,0.3836085714285714,0.3782342857142857,0.3782142857142857,0.37530857142857144,0.3891628571428572,0.37877142857142865,0.431838775510204,0.4326,0.4263438775510205,0.41950408163265307,0.4225163265306123,0.40622755102040814,0.4102142857142857,0.41711938775510193,0.4238469387755102,0.4319979591836735,0.42365714285714284,0.42012142857142853,0.431184693877551,0.43509999999999993,0.43295,0.5084380952380952,0.5025785714285714,0.49821904761904773,0.4967095238095238,0.4971666666666666,0.5170666666666667,0.5161761904761905,0.5123452380952381,0.5142214285714286,0.5076785714285714,0.5045190476190476,0.5052595238095238,0.5201452380952382,0.5068285714285715,0.5038333333333332,0.4000666666666666,0.400608843537415,0.40127278911564623,0.4009741496598639,0.4015591836734693,0.40295238095238095,0.40493809523809526,0.4096612244897958,0.41130816326530606,0.40238231292517007,0.40252176870748296,0.4024775510204081,0.39767891156462587,0.40104829931972796,0.4033034013605441,Female,10,8-12,Elementary,C,C,R16me08_f10_info1_250Hz_gu2_AEP.conn
R16C16B07,R16C16b07_info1_250Hz_gu1_AEP.conn,gu1,0.26032857142857146,0.2547142857142857,0.23474761904761907,0.2176714285714286,0.22025238095238098,0.21346666666666667,0.20621904761904764,0.2129857142857143,0.20409047619047618,0.2524142857142857,0.23438095238095238,0.21593809523809523,0.26268571428571424,0.2680952380952381,0.2834142857142857,0.3075514285714286,0.31551714285714283,0.3127142857142857,0.3034942857142857,0.2941714285714286,0.29315142857142856,0.30004285714285717,0.29809428571428576,0.2943714285714286,0.3170428571428571,0.3103571428571429,0.30553142857142856,0.33533142857142856,0.3323257142857143,0.32115142857142853,0.24526000000000003,0.26850857142857143,0.28791714285714287,0.2857571428571429,0.2792314285714286,0.29148285714285715,0.29245428571428567,0.2793228571428571,0.27630857142857146,0.27936,0.2975885714285714,0.29718285714285714,0.29560285714285717,0.27458000000000005,0.30021428571428577,0.33929183673469393,0.3481755102040816,0.3566132653061224,0.3605520408163265,0.3529428571428571,0.3537632653061224,0.35391530612244904,0.35189591836734696,0.3456357142857143,0.3550336734693878,0.3682591836734694,0.3710183673469388,0.3641663265306122,0.35956224489795924,0.3870887755102041,0.37944761904761903,0.3814547619047619,0.38178571428571434,0.3896833333333333,0.3912690476190476,0.3844214285714285,0.39555476190476196,0.40760476190476186,0.39480714285714286,0.3925428571428571,0.39461428571428575,0.3974,0.40002142857142853,0.4087261904761905,0.39389761904761905,0.2780129251700681,0.2745421768707483,0.27659659863945574,0.2682238095238095,0.26329795918367344,0.2768782312925171,0.28305306122448975,0.2859027210884354,0.2860380952380952,0.27953401360544217,0.27790884353741496,0.26925782312925167,0.28416394557823127,0.2855156462585035,0.2822768707482993,Male,7,5-7,Elementary,C,C,R16C16b07_info1_250Hz_gu2_AEP.conn
R16C29F9,R16C29f9_info1_250Hz_gu1_AEP.conn,gu1,0.23880000000000004,0.2426761904761905,0.24660952380952383,0.25057619047619045,0.2570857142857143,0.21871904761904762,0.21846190476190475,0.22976666666666667,0.21310952380952383,0.25321428571428567,0.2505428571428572,0.2467904761904762,0.24851428571428572,0.24889999999999998,0.3006190476190476,0.3431228571428572,0.3338542857142857,0.32059714285714286,0.31516,0.3213314285714286,0.3264828571428571,0.3286742857142857,0.33614571428571427,0.33849142857142855,0.3307714285714286,0.31909142857142864,0.31772857142857147,0.34647428571428573,0.35175142857142855,0.3532342857142857,0.2712085714285714,0.26750285714285715,0.2523,0.24868285714285715,0.25644,0.2601428571428571,0.25912857142857143,0.25348857142857145,0.2566628571428572,0.26820571428571427,0.25588,0.25304000000000004,0.25837714285714286,0.2551771428571428,0.25747714285714285,0.2946071428571429,0.3004102040816327,0.29898367346938776,0.2944979591836735,0.3020387755102041,0.2945061224489796,0.2945591836734694,0.29573673469387757,0.2971224489795918,0.299684693877551,0.29800918367346935,0.2992489795918368,0.31369285714285716,0.3176275510204081,0.3096163265306123,0.32830714285714285,0.3279357142857143,0.32234523809523813,0.31928571428571434,0.32853095238095237,0.3083904761904762,0.31991428571428565,0.33176428571428573,0.3355309523809524,0.3230119047619048,0.3175071428571429,0.31879761904761905,0.3153809523809524,0.3320047619047619,0.3226380952380952,0.25746054421768705,0.2589496598639456,0.2583809523809524,0.2570367346938775,0.2546333333333333,0.25989591836734693,0.26458367346938777,0.2647244897959183,0.2600251700680272,0.25982789115646254,0.2628789115646259,0.26376258503401356,0.25797619047619047,0.2598761904761905,0.26123673469387765,Female,9,8-12,Elementary,C,C,R16C29f9_info1_250Hz_gu2_AEP.conn
R16C17B6,R16C17b6_info1_250Hz_gu1_AEP.conn,gu1,0.2541285714285714,0.2579666666666667,0.2574095238095238,0.25542380952380955,0.25645238095238093,0.26195238095238094,0.2613142857142857,0.2633476190476191,0.27043333333333336,0.26276190476190475,0.2482047619047619,0.24362380952380955,0.3278095238095238,0.3397571428571428,0.3132809523809524,0.3708285714285714,0.3692371428571429,0.35113142857142854,0.33256571428571424,0.3344285714285714,0.36191142857142855,0.3647514285714285,0.3587857142857143,0.34645714285714285,0.3578257142857143,0.33127999999999996,0.31035428571428575,0.39002000000000003,0.3973942857142857,0.3412314285714286,0.28694000000000003,0.27562571428571425,0.27564,0.2865457142857143,0.29055714285714285,0.2995171428571429,0.3056,0.31643999999999994,0.3208514285714286,0.27631428571428573,0.2780314285714286,0.2789142857142857,0.29178571428571426,0.30779999999999996,0.2980514285714285,0.3527173469387755,0.3622785714285715,0.3657591836734694,0.35410102040816327,0.3456204081632653,0.3472051020408164,0.35238061224489803,0.3581969387755102,0.36461020408163264,0.3597755102040816,0.3638469387755102,0.35664183673469385,0.35436632653061223,0.36375102040816326,0.3673816326530613,0.419102380952381,0.41759999999999997,0.4149642857142857,0.4014595238095238,0.39147380952380956,0.4342333333333333,0.4359214285714286,0.44539047619047617,0.4433071428571429,0.39872619047619046,0.4042428571428571,0.40161428571428576,0.4284047619047619,0.42683333333333334,0.3988595238095238,0.3323877551020408,0.3251367346938776,0.3267360544217688,0.32337210884353745,0.3163136054421769,0.3356469387755102,0.3378986394557823,0.33684421768707484,0.330965306122449,0.3211156462585034,0.32430068027210884,0.3233122448979592,0.32895442176870754,0.3306469387755102,0.32843605442176865,Male,6,5-7,Elementary,C,C,R16C17b6_info1_250Hz_gu2_AEP.conn
R16C28M6,R16C28m6_info1_250Hz_gu1_AEP.conn,gu1,0.22904285714285713,0.22890000000000002,0.2303666666666667,0.23603333333333332,0.2366285714285714,0.25401428571428575,0.26595714285714284,0.2664809523809524,0.26679047619047624,0.2305285714285714,0.23418095238095238,0.24021428571428574,0.2928095238095238,0.2963238095238095,0.2766714285714286,0.3388228571428572,0.33657428571428577,0.3353857142857143,0.3307142857142857,0.32762,0.32129714285714284,0.3212342857142857,0.3240685714285714,0.33634857142857144,0.32948000000000005,0.32847714285714286,0.3286314285714286,0.3491885714285714,0.35438000000000003,0.35376571428571435,0.34116,0.35205142857142857,0.35034857142857145,0.33791714285714286,0.32604285714285713,0.32524857142857144,0.3239342857142857,0.32242,0.32059714285714286,0.3457228571428571,0.35094857142857144,0.3418342857142857,0.3489142857142856,0.3470028571428571,0.36469428571428575,0.3804785714285714,0.3823602040816327,0.3875755102040816,0.3914244897959183,0.39225102040816323,0.38346632653061224,0.3861040816326531,0.39219795918367345,0.39059489795918373,0.3847295918367347,0.3885561224489797,0.3939540816326531,0.4069479591836735,0.4089551020408163,0.4084081632653061,0.43115238095238095,0.4245857142857143,0.41554761904761905,0.4056166666666667,0.4038785714285715,0.4325428571428571,0.4219738095238095,0.41634523809523816,0.4261952380952381,0.42703571428571424,0.42774285714285715,0.4209285714285714,0.43255238095238097,0.4243976190476191,0.44034761904761915,0.33822040816326526,0.3364312925170069,0.3322687074829932,0.3330421768707483,0.3324931972789115,0.3415367346938775,0.3384850340136054,0.33795034013605446,0.3388238095238095,0.3397074829931973,0.3382231292517007,0.3432802721088436,0.3353598639455782,0.33724625850340145,0.33928367346938776,Male,6,5-7,Elementary,C,C,R16C28m6_info1_250Hz_gu2_AEP.conn
R16M08B09,R16M08b09_info1_250Hz_gu1_AEP.conn,gu1,0.25261904761904763,0.27166666666666667,0.2763761904761905,0.2657857142857143,0.24234761904761903,0.2289190476190476,0.23056666666666667,0.23446666666666668,0.2265238095238095,0.27227142857142855,0.27827619047619045,0.2689857142857143,0.28806190476190474,0.28644285714285717,0.2957190476190476,0.3442657142857143,0.35037142857142856,0.35556857142857146,0.35028571428571426,0.34293142857142866,0.3528342857142857,0.35188857142857144,0.3462028571428572,0.34327714285714284,0.3521628571428571,0.3537742857142857,0.3508428571428571,0.3860485714285714,0.37389142857142865,0.3808314285714286,0.36911428571428573,0.37760000000000005,0.3841857142857143,0.38488,0.3800428571428572,0.37585714285714283,0.3744542857142857,0.37128285714285714,0.37942857142857145,0.3893457142857143,0.39281714285714286,0.38985714285714285,0.38332285714285713,0.3818314285714286,0.3924314285714286,0.44550000000000006,0.4515887755102041,0.4529020408163264,0.4473928571428571,0.44344183673469384,0.4532255102040816,0.4507397959183673,0.4465897959183674,0.4469714285714286,0.45428571428571424,0.4540030612244898,0.4494704081632653,0.4655938775510204,0.4575642857142858,0.4590408163265306,0.4697666666666667,0.47576666666666667,0.47621428571428576,0.4736642857142857,0.4818523809523809,0.47973809523809524,0.48063571428571433,0.4819547619047619,0.47996666666666665,0.4861119047619047,0.48654761904761906,0.4796119047619048,0.4836142857142858,0.4818880952380953,0.487897619047619,0.3144761904761904,0.3162938775510205,0.31644013605442173,0.31730136054421765,0.3210530612244898,0.3238006802721089,0.32389999999999997,0.32026326530612237,0.3249687074829931,0.31816462585034017,0.3183646258503402,0.32053129251700685,0.33044285714285715,0.32781972789115643,0.3198183673469388,Male,9,8-12,Elementary,C,C,R16M08b09_info1_250Hz_gu2_AEP.conn
R16C36B6,R16C36b6_info1_250Hz_gu1_AEP.conn,gu1,0.2774904761904762,0.27445714285714284,0.26987619047619055,0.26175238095238096,0.25289047619047617,0.2710857142857143,0.27353809523809525,0.2726809523809524,0.27639047619047624,0.2704761904761905,0.2681666666666666,0.2646047619047619,0.3206190476190476,0.3243190476190476,0.2969904761904762,0.29357714285714287,0.2900542857142857,0.3101228571428572,0.32132,0.3177085714285714,0.31284285714285714,0.33949999999999997,0.3361371428571428,0.34004,0.30315142857142857,0.3250628571428571,0.3292285714285714,0.3524285714285714,0.3505771428571428,0.34740285714285707,0.29661428571428566,0.2905,0.30125714285714283,0.3113485714285715,0.30747714285714284,0.32753714285714286,0.33280857142857145,0.30998000000000003,0.3035257142857143,0.3006514285714286,0.3065885714285715,0.31152857142857143,0.3188142857142857,0.29654,0.29321142857142857,0.3020734693877551,0.2954326530612245,0.3017448979591837,0.31401122448979596,0.31997448979591836,0.31109693877551026,0.3152489795918368,0.3207826530612245,0.31252346938775505,0.2962938775510204,0.2994081632653061,0.30931224489795917,0.3275704081632654,0.33123775510204084,0.32178775510204083,0.3337857142857143,0.3313904761904762,0.33012380952380954,0.3363619047619048,0.34553095238095244,0.3819928571428572,0.3728738095238095,0.3601809523809523,0.3591547619047619,0.35200238095238096,0.3484095238095238,0.35219523809523806,0.3747642857142857,0.36065238095238095,0.3599428571428571,0.2664299319727891,0.2586306122448979,0.25751972789115646,0.2605741496598639,0.2657863945578231,0.26478639455782316,0.2677102040816327,0.27337006802721087,0.2783360544217687,0.267543537414966,0.26565918367346936,0.2624564625850341,0.2622530612244898,0.26646802721088436,0.2721571428571428,Male,6,5-7,Elementary,C,C,R16C36b6_info1_250Hz_gu2_AEP.conn
R16C06B16,R16C06b16_info1_250Hz_gu1_AEP.conn,gu1,0.3148904761904762,0.317752380952381,0.3175333333333333,0.3180952380952381,0.3177380952380952,0.28927619047619046,0.2868380952380953,0.29302857142857147,0.28673333333333334,0.32309999999999994,0.33044285714285715,0.332152380952381,0.32875238095238096,0.32902857142857145,0.37558095238095235,0.40993142857142856,0.42220571428571424,0.4279714285714286,0.4271314285714286,0.41762285714285713,0.40581428571428574,0.41225714285714277,0.4058942857142857,0.4090857142857143,0.4260228571428571,0.42831428571428576,0.4309314285714286,0.4389657142857143,0.4311971428571429,0.44192285714285706,0.41202571428571433,0.4185714285714285,0.42584,0.4251028571428571,0.4217828571428572,0.4449428571428572,0.4498171428571428,0.4444714285714285,0.42960857142857145,0.42131428571428564,0.4310371428571429,0.4315199999999999,0.4509914285714286,0.44208857142857144,0.4354971428571428,0.423669387755102,0.42455306122448977,0.4256867346938776,0.42950306122448983,0.43076734693877544,0.4234448979591838,0.42506734693877546,0.4254979591836735,0.4189969387755102,0.42691122448979596,0.43091326530612245,0.4354193877551021,0.44445510204081634,0.4429499999999999,0.4474877551020408,0.5114357142857142,0.5087452380952381,0.5080642857142856,0.5027452380952382,0.505452380952381,0.49931666666666663,0.5034976190476191,0.502347619047619,0.4990785714285714,0.5133166666666666,0.5104761904761905,0.5054666666666667,0.49792857142857144,0.48878095238095237,0.499045238095238,0.3986027210884354,0.3972714285714286,0.4026714285714286,0.40293741496598645,0.40688367346938764,0.39341904761904767,0.3891666666666667,0.38989999999999997,0.39476734693877547,0.3938972789115646,0.4008414965986395,0.401465306122449,0.3886809523809524,0.3921700680272108,0.3919918367346939,Male,16,Teen,Secondary,C,C,R16C06b16_info1_250Hz_gu2_AEP(1).conn
R16C35B06,R16C35b06_info1_250Hz_gu1_AEP.conn,gu1,0.322452380952381,0.3352,0.34234761904761907,0.34178095238095235,0.32963809523809523,0.3198238095238095,0.3089761904761905,0.30722857142857146,0.31592857142857145,0.3275523809523809,0.3293380952380952,0.32969047619047614,0.3691761904761905,0.37311904761904763,0.3580571428571428,0.42273714285714287,0.4188085714285714,0.4134371428571429,0.40447714285714287,0.3919942857142857,0.39964000000000005,0.4066914285714286,0.4167542857142858,0.4225028571428572,0.41835142857142865,0.41445428571428566,0.4066571428571429,0.4344257142857143,0.44113428571428576,0.44402857142857144,0.34309428571428574,0.3386085714285714,0.3291085714285715,0.3129828571428572,0.3058,0.32168857142857143,0.3163742857142857,0.30848285714285717,0.3136342857142857,0.33457142857142863,0.32178,0.3070171428571428,0.32240285714285716,0.30964857142857144,0.31615714285714286,0.4564704081632653,0.44945306122448975,0.44884081632653056,0.4542051020408163,0.4586693877551021,0.46214489795918373,0.4595285714285714,0.45573367346938776,0.46106632653061236,0.45323163265306127,0.44952551020408166,0.4525234693877551,0.4765510204081633,0.47392653061224493,0.46997448979591844,0.5177380952380952,0.5181071428571429,0.5243809523809525,0.5249119047619047,0.5235880952380952,0.5178166666666667,0.5233333333333333,0.5258976190476191,0.5267928571428572,0.521447619047619,0.5248119047619048,0.5263738095238094,0.5159857142857143,0.5164642857142858,0.5105904761904762,0.3466571428571429,0.34794761904761906,0.3497863945578231,0.34965782312925175,0.34790136054421766,0.34368503401360545,0.3482129251700679,0.35208299319727887,0.35457959183673465,0.348960544217687,0.3536863945578232,0.35663129251700676,0.351721768707483,0.3536299319727891,0.3448061224489796,Male,6,5-7,Elementary,C,C,R16C35b06_info1_250Hz_gu2_AEP.conn
R16P02C_G16,R16P02C_g16_info1_250Hz_gu1_AEP.conn,gu1,0.2624285714285714,0.2585142857142857,0.2644666666666667,0.2573285714285714,0.24653333333333335,0.26144285714285714,0.2795761904761905,0.2806095238095238,0.2586380952380952,0.2626142857142857,0.2715,0.2625,0.33775238095238097,0.3422428571428571,0.3204714285714285,0.3622714285714285,0.35886,0.3546599999999999,0.3510885714285714,0.34493142857142856,0.36520857142857144,0.3719457142857142,0.37523428571428574,0.3668714285714285,0.35866285714285717,0.3573771428571429,0.35396285714285713,0.3986914285714286,0.40177142857142856,0.37763142857142856,0.3151085714285714,0.3224228571428572,0.3184342857142857,0.31246,0.3103314285714286,0.3101142857142857,0.32451714285714284,0.3282942857142857,0.31923142857142855,0.32312571428571435,0.32323142857142856,0.3263142857142857,0.32473428571428575,0.32664000000000004,0.3218057142857143,0.3303806122448979,0.3305948979591837,0.3290857142857143,0.32972244897959185,0.32733673469387764,0.3329663265306122,0.3351122448979592,0.3293959183673469,0.3261530612244898,0.3267836734693877,0.32757551020408165,0.3289918367346939,0.355165306122449,0.351565306122449,0.3439418367346939,0.4045,0.4028,0.40605952380952376,0.40813571428571427,0.40807857142857146,0.4080690476190476,0.40574523809523816,0.4059928571428572,0.4122309523809524,0.39499285714285715,0.40307857142857145,0.4086190476190476,0.39365714285714287,0.3942261904761905,0.39364047619047615,0.2534462585034014,0.2524530612244898,0.25184557823129256,0.2554408163265306,0.25362789115646256,0.26285442176870744,0.26498775510204087,0.2642040816326531,0.26577278911564617,0.2539421768707483,0.25160204081632653,0.2524598639455783,0.25805442176870746,0.25919319727891155,0.2501442176870749,Female,16,Teen,Secondary,C,C,R16P02C_g16_info1_250Hz_gu2_AEP.conn
CSD499KK01F21,CSD499KK01f21_info1_250Hz_gu1_AEP.conn,gu1,0.24213333333333334,0.24249047619047617,0.2513857142857143,0.2541142857142857,0.2532238095238095,0.22988571428571433,0.239,0.2406047619047619,0.23956190476190475,0.2370952380952381,0.24759047619047622,0.25891904761904766,0.28844285714285717,0.29589523809523804,0.2782857142857143,0.3374371428571429,0.33952,0.3355885714285714,0.32875714285714286,0.3265314285714286,0.3284257142857143,0.3315171428571428,0.3250114285714285,0.32218,0.33414857142857146,0.33459142857142854,0.33138857142857137,0.36422857142857146,0.35842285714285715,0.3632571428571429,0.2419514285714286,0.2327914285714286,0.23633999999999994,0.24591714285714286,0.24429714285714285,0.25724857142857144,0.2435542857142857,0.23295142857142856,0.24766857142857143,0.2413742857142857,0.2427742857142857,0.24931428571428568,0.23421142857142857,0.22943428571428576,0.2497714285714286,0.3402438775510204,0.3413989795918367,0.3478704081632653,0.348715306122449,0.3547581632653061,0.3279326530612245,0.3312489795918368,0.3440551020408163,0.3552224489795918,0.34386020408163265,0.3484642857142857,0.34773775510204086,0.35108061224489795,0.36513469387755093,0.3666877551020408,0.47014523809523806,0.4617357142857143,0.45472142857142855,0.468202380952381,0.4764761904761905,0.4681714285714285,0.478802380952381,0.48825952380952375,0.4910880952380953,0.46993095238095234,0.4657166666666666,0.47569285714285714,0.4827571428571429,0.4717547619047619,0.46147619047619043,0.34940748299319724,0.34444285714285716,0.34846938775510206,0.34127074829931975,0.34069863945578227,0.3501619047619048,0.35262993197278913,0.35682176870748306,0.35831904761904765,0.35283741496598636,0.35654217687074824,0.3486088435374149,0.3558775510204082,0.3585306122448979,0.3626891156462585,Female,21,Teen,Tertiary,C,C,CSD499KK01f21_info1_250Hz_gu2_AEP.conn
R16TEENPVB,R16teenPvb_info1_250Hz_gu1_AEP.conn,gu1,0.2796619047619047,0.2823095238095238,0.28214761904761904,0.27796190476190474,0.2657428571428571,0.28405238095238095,0.28036190476190476,0.2890809523809524,0.2914666666666667,0.2800428571428571,0.2807904761904762,0.27513333333333334,0.29358095238095233,0.30147142857142856,0.2972,0.34186,0.33893142857142855,0.33753142857142854,0.34239428571428576,0.33804857142857136,0.35066857142857144,0.3438542857142857,0.3393714285714286,0.3429285714285715,0.33688857142857137,0.3363771428571428,0.3389942857142857,0.35424857142857136,0.35120285714285715,0.34176571428571434,0.2985285714285714,0.29856571428571427,0.2898714285714286,0.28727142857142857,0.2826342857142857,0.28866,0.29541428571428574,0.2968571428571429,0.29436285714285715,0.31115714285714285,0.30326857142857144,0.29589714285714286,0.3065171428571428,0.3070942857142857,0.30290000000000006,0.403669387755102,0.40019489795918367,0.3959244897959184,0.39190816326530614,0.3901714285714286,0.4019510204081632,0.4029673469387755,0.4046448979591836,0.40034693877551014,0.4016867346938775,0.39897040816326534,0.3939051020408163,0.41010816326530614,0.41161938775510204,0.40926224489795915,0.4936619047619047,0.4960357142857143,0.4935404761904762,0.48897619047619045,0.4890309523809524,0.4896428571428571,0.49564761904761906,0.5017928571428572,0.5020095238095238,0.5012047619047618,0.4971357142857143,0.49457857142857153,0.4975166666666666,0.4937119047619048,0.48049761904761906,0.36530952380952386,0.3658047619047618,0.36798299319727895,0.3679829931972788,0.3651299319727891,0.35781360544217683,0.3576469387755101,0.35790068027210886,0.35952721088435374,0.3703904761904762,0.37209251700680274,0.3729680272108843,0.3525700680272109,0.3523829931972789,0.36684489795918374,Male,16,Teen,Secondary,E,NC,R16teenPvb_info1_250Hz_gu2_AEP.conn
R16TEEN5CB16,R16Teen5Cb16_info1_250Hz_gu1_AEP.conn,gu1,0.32862380952380954,0.3412142857142857,0.3406952380952381,0.34231428571428574,0.34995714285714286,0.3408571428571428,0.3385476190476191,0.33281428571428573,0.32234285714285715,0.33825238095238097,0.33726190476190476,0.33852857142857146,0.39040476190476187,0.38103809523809523,0.3574,0.3803457142857143,0.3931342857142857,0.4011742857142857,0.3944742857142858,0.39969142857142853,0.40013714285714286,0.39422,0.39348285714285713,0.39435428571428577,0.38042857142857145,0.38574571428571425,0.39281428571428567,0.4299914285714285,0.4323971428571429,0.4078485714285714,0.30312571428571433,0.3101571428571429,0.31913714285714284,0.32171428571428573,0.34022285714285716,0.3274142857142857,0.33517142857142856,0.3475142857142857,0.34972,0.3046142857142857,0.3175057142857143,0.3338,0.3442885714285714,0.36039714285714286,0.3203542857142857,0.3675122448979592,0.35864489795918375,0.3587020408163265,0.3603989795918367,0.36100714285714286,0.3657734693877551,0.3672071428571429,0.3682520408163265,0.3640806122448979,0.3662989795918367,0.3644183673469388,0.36401224489795914,0.38075408163265306,0.37926632653061226,0.38519795918367344,0.4646214285714286,0.4656833333333334,0.461302380952381,0.4557976190476191,0.4562309523809524,0.4762785714285715,0.474752380952381,0.4808714285714286,0.48067857142857146,0.4708571428571428,0.46439523809523814,0.46343333333333336,0.489897619047619,0.4809547619047619,0.4596071428571428,0.3417360544217687,0.34454353741496596,0.34428299319727895,0.35256190476190474,0.350352380952381,0.36036190476190477,0.3555408163265306,0.35090204081632653,0.3505823129251701,0.35240340136054416,0.3528081632653062,0.3615721088435374,0.36372312925170075,0.3546462585034013,0.3592748299319728,Male,16,Teen,Secondary,C,C,R16Teen5Cb16_info1_250Hz_gu2_AEP.conn
CSD499AB04G21,CSD499AB04g21_info1_250Hz_gu1_AEP.conn,gu1,0.19014761904761904,0.1926190476190476,0.1937142857142857,0.20039523809523807,0.20274761904761904,0.21710952380952384,0.21395714285714285,0.21454761904761901,0.20120000000000002,0.18811904761904763,0.1939857142857143,0.20407142857142857,0.25590952380952375,0.25134761904761904,0.23205714285714285,0.33281428571428573,0.3368457142857143,0.33547714285714286,0.33631142857142854,0.32852857142857145,0.3251571428571428,0.3236,0.3296657142857143,0.33370571428571427,0.33334571428571425,0.3347771428571429,0.3348514285714286,0.34552571428571427,0.3551971428571429,0.3517142857142857,0.2977228571428572,0.2909257142857143,0.29248571428571435,0.2928314285714285,0.2912714285714286,0.2857771428571429,0.28281428571428574,0.28768857142857146,0.2945685714285714,0.28822,0.2934657142857143,0.2944742857142857,0.2723428571428571,0.27648571428571433,0.28918,0.31880000000000003,0.3207408163265306,0.31859693877551015,0.31317244897959184,0.31074591836734694,0.31587142857142864,0.3161683673469388,0.3132734693877551,0.31233367346938773,0.3176163265306123,0.31693265306122453,0.3128551020408163,0.33508061224489794,0.33055510204081634,0.3283755102040816,0.4016952380952381,0.4106857142857143,0.41847380952380947,0.41840238095238097,0.41231904761904764,0.40288333333333326,0.4017785714285715,0.4032952380952381,0.4033928571428571,0.4121666666666666,0.41862142857142853,0.41740952380952373,0.4101642857142857,0.40221190476190477,0.3961952380952381,0.29688435374149663,0.2934829931972789,0.2880863945578231,0.2858353741496599,0.28291768707482995,0.2921244897959184,0.2913700680272109,0.28772312925170074,0.2857265306122449,0.2910061224489796,0.28524421768707486,0.2855142857142857,0.2893068027210884,0.2865816326530612,0.28303197278911557,Female,21,Teen,Tertiary,A,NC,CSD499AB04g21_info1_250Hz_gu2_AEP.conn
R16JY24B17,R16jy24b17_info1_250Hz_gu1_AEP.conn,gu1,0.19843333333333335,0.20084285714285718,0.20567619047619046,0.21223333333333336,0.21027619047619048,0.18673333333333333,0.19760952380952382,0.2052285714285714,0.21457619047619048,0.20195714285714286,0.21421904761904761,0.22526666666666664,0.26025714285714285,0.2650619047619048,0.2634,0.28666,0.2886742857142857,0.2861257142857143,0.2873485714285714,0.2894314285714286,0.2983228571428572,0.30173428571428573,0.30269142857142856,0.30624285714285715,0.29752285714285714,0.2968114285714286,0.30443714285714285,0.31807714285714284,0.3233657142857143,0.33233999999999997,0.3110657142857143,0.3077742857142857,0.30749714285714286,0.31231714285714285,0.3158942857142857,0.3232114285714286,0.31094,0.30610000000000004,0.3045171428571428,0.3116485714285714,0.3117542857142857,0.31719428571428565,0.3155428571428571,0.3089542857142858,0.3069142857142857,0.2714010204081633,0.27168979591836734,0.26983061224489796,0.2730408163265306,0.2790122448979592,0.2798530612244898,0.2796469387755102,0.2782224489795918,0.2782520408163265,0.27116326530612245,0.27003163265306124,0.27285204081632647,0.2997224489795918,0.29995204081632654,0.29320816326530613,0.3577285714285714,0.3586261904761905,0.3513023809523809,0.34439761904761906,0.3463452380952381,0.34889047619047625,0.34791666666666665,0.34580238095238097,0.343402380952381,0.35863333333333336,0.3495142857142857,0.3417666666666666,0.34720476190476196,0.35113095238095243,0.3587642857142857,0.2767027210884354,0.2748952380952381,0.27087142857142854,0.26946530612244896,0.268112925170068,0.26854013605442173,0.2641734693877551,0.2666265306122449,0.26832925170068034,0.2736326530612245,0.27271904761904764,0.2716163265306123,0.2643136054421769,0.261630612244898,0.2749013605442177,Male,17,Teen,Secondary,C,C,R16jy24b17_info1_250Hz_gu2_AEP.conn
R16CTEEN06G16,R16Cteen06g16_info1_250Hz_gu1_AEP.conn,gu1,0.36769999999999997,0.3616142857142857,0.3644047619047619,0.3637047619047619,0.35569523809523806,0.3723190476190476,0.35974285714285714,0.36845714285714287,0.36113333333333325,0.3734142857142857,0.37693809523809535,0.37553333333333333,0.4116095238095238,0.411504761904762,0.41596190476190475,0.40582285714285715,0.40309142857142854,0.39675142857142864,0.38945714285714284,0.3806028571428572,0.41096000000000005,0.4228714285714285,0.42679142857142854,0.4126942857142857,0.4069142857142857,0.40181428571428573,0.39598285714285714,0.43854571428571426,0.4413114285714285,0.4141685714285714,0.33247142857142853,0.33229142857142857,0.32683142857142855,0.3261428571428572,0.32511999999999996,0.3366142857142857,0.3348028571428571,0.3402314285714285,0.3462571428571429,0.32943428571428574,0.3260571428571429,0.3243571428571429,0.3573142857142857,0.36198571428571424,0.3422228571428571,0.3494897959183674,0.346215306122449,0.3431479591836735,0.34316938775510203,0.34121530612244905,0.35704183673469386,0.35609387755102045,0.354915306122449,0.3505010204081632,0.34002551020408156,0.34263979591836735,0.3425081632653061,0.36625408163265305,0.36507142857142855,0.3614102040816326,0.44065952380952383,0.4349238095238095,0.4355738095238096,0.43267142857142854,0.4313428571428572,0.41869761904761904,0.41760238095238095,0.4218714285714285,0.42552619047619045,0.4339595238095239,0.4387190476190476,0.43455714285714286,0.4108928571428571,0.41943095238095235,0.43031904761904755,0.3611564625850341,0.36413469387755104,0.36187346938775516,0.35965850340136046,0.354208843537415,0.36373877551020406,0.3629374149659864,0.3606673469387755,0.36078027210884356,0.36650204081632654,0.3683068027210885,0.3675537414965987,0.36072244897959177,0.3570884353741497,0.3724965986394558,Female,16,Teen,Secondary,C,C,R16Cteen06g16_info1_250Hz_gu2_AEP.conn
CSD499SL03F20,CSD499SL03F20_info1_250Hz_gu1_AEP.conn,gu1,0.2219095238095238,0.21293809523809523,0.19305238095238095,0.18999523809523808,0.19269999999999998,0.1851142857142857,0.17988095238095236,0.18040476190476193,0.18463809523809527,0.20896666666666666,0.19467619047619053,0.19454285714285713,0.2213857142857143,0.21125238095238097,0.2365047619047619,0.32103714285714285,0.32635714285714285,0.3259314285714286,0.3183342857142857,0.31838571428571427,0.3240485714285714,0.31627714285714287,0.3123714285714286,0.31106285714285714,0.3177514285714286,0.3175314285714285,0.31283999999999995,0.3385228571428572,0.32786,0.3308771428571428,0.27564285714285713,0.2772514285714286,0.27349999999999997,0.26804285714285714,0.2655628571428571,0.2521999999999999,0.24903714285714287,0.25808285714285717,0.2592971428571429,0.2698342857142857,0.2669,0.26482857142857147,0.24794857142857146,0.25367142857142855,0.26088285714285714,0.30669489795918364,0.3080897959183673,0.30835510204081634,0.3009479591836735,0.2945520408163266,0.30226326530612246,0.3001918367346939,0.2973897959183674,0.30031836734693884,0.3070510204081633,0.3052051020408163,0.30064285714285716,0.32031020408163263,0.3215806122448979,0.32302857142857144,0.35445,0.3480642857142857,0.34116428571428575,0.3367238095238095,0.33737857142857136,0.35673809523809524,0.34172380952380954,0.3393428571428571,0.33918809523809523,0.3435452380952381,0.34148333333333336,0.3417904761904762,0.3287857142857143,0.3214071428571429,0.32653809523809524,0.23761768707482994,0.23515918367346936,0.23653809523809524,0.23903401360544216,0.23698843537414968,0.23627414965986399,0.2331496598639456,0.23267278911564626,0.23436394557823131,0.23463197278911563,0.23470952380952378,0.23651700680272106,0.239012925170068,0.2388666666666667,0.234230612244898,Female,20,Teen,Tertiary,S,NC,CSD499SL03F20_info1_250Hz_gu2_AEP.conn
CSD499DV04F21,CSD499DV04f21_info1_250Hz_gu1_AEP.conn,gu1,0.2367571428571428,0.23811904761904765,0.24877619047619046,0.2524714285714285,0.25561904761904763,0.23540952380952382,0.23657619047619047,0.2519904761904762,0.2554190476190476,0.25398571428571426,0.25666190476190476,0.26035238095238095,0.29820952380952376,0.31082380952380956,0.2978095238095238,0.3439085714285714,0.3420971428571429,0.33993999999999996,0.33998285714285714,0.3417085714285714,0.35715142857142856,0.35734571428571427,0.35257428571428573,0.36154000000000003,0.35029142857142853,0.34243999999999997,0.33711142857142856,0.3926942857142857,0.38521714285714287,0.38169428571428565,0.3436228571428571,0.33568857142857145,0.3292914285714285,0.3342828571428572,0.33648571428571433,0.35878,0.34452571428571427,0.3446714285714285,0.34020285714285714,0.3439914285714286,0.33859142857142854,0.3328685714285714,0.3495371428571429,0.34143428571428575,0.3509428571428571,0.32418469387755106,0.3247622448979592,0.3289530612244898,0.3399846938775511,0.3518571428571428,0.32983673469387753,0.33212551020408165,0.33562857142857144,0.33345612244897954,0.3224938775510204,0.32845204081632656,0.33703979591836736,0.35143469387755105,0.3527877551020408,0.34158673469387757,0.4606571428571428,0.45555000000000007,0.45301428571428576,0.4488357142857143,0.44899047619047616,0.4733690476190477,0.4765309523809524,0.47812380952380956,0.4778309523809523,0.4606690476190476,0.4603595238095238,0.4569690476190477,0.48557619047619044,0.48669761904761905,0.4662642857142858,0.31612312925170066,0.31860476190476195,0.32075510204081636,0.32092040816326534,0.3235102040816326,0.3028897959183673,0.30788843537414967,0.3064326530612245,0.30083197278911566,0.3223551020408163,0.3250517006802721,0.32657891156462576,0.30561768707483,0.30678911564625855,0.3300612244897958,Female,21,Teen,Tertiary,S,NC,CSD499DV04f21_info1_250Hz_gu2_AEP.conn
NIH01C01B17,NIH01C01b17_info1_250Hz_gu1_AEP.conn,gu1,0.38837619047619043,0.39084761904761905,0.38657619047619046,0.3884666666666667,0.39341904761904756,0.3724809523809523,0.35678571428571426,0.3641666666666667,0.37665238095238096,0.39157619047619047,0.38347619047619047,0.3810428571428572,0.3944666666666667,0.39441904761904767,0.4178190476190477,0.3922942857142857,0.3915057142857143,0.38455428571428574,0.3802714285714286,0.3790057142857143,0.36828000000000005,0.3602057142857143,0.3644428571428571,0.37445142857142855,0.4048228571428571,0.3938342857142857,0.38599428571428573,0.3855542857142858,0.39129714285714284,0.4055485714285714,0.31138571428571427,0.3129885714285715,0.32259142857142853,0.33003714285714286,0.3384971428571429,0.32206,0.31969142857142857,0.3232485714285714,0.3321457142857143,0.33158571428571426,0.3413428571428571,0.3478742857142857,0.31542571428571425,0.30642285714285716,0.3446885714285714,0.4501469387755102,0.45277244897959174,0.45480102040816334,0.4518877551020409,0.44527755102040806,0.44977244897959184,0.4538775510204082,0.4574887755102041,0.452730612244898,0.4560765306122449,0.4566948979591836,0.4536081632653062,0.4668244897959184,0.4711091836734694,0.4690387755102042,0.534445238095238,0.5331071428571429,0.5379238095238096,0.5250666666666667,0.5122619047619048,0.5109714285714286,0.5093928571428571,0.5141261904761906,0.5062880952380951,0.5223190476190477,0.5349404761904762,0.5331595238095238,0.5197285714285714,0.5128452380952381,0.5116071428571428,0.3960585034013605,0.3942115646258504,0.389795918367347,0.38652653061224485,0.38285646258503403,0.39514897959183676,0.39752176870748307,0.39716530612244905,0.39679319727891155,0.3984387755102041,0.3923333333333333,0.3892918367346939,0.39336938775510205,0.38887755102040816,0.3913979591836734,Male,17,Teen,Secondary,C,C,NIH01C01b17_info1_250Hz_gu2_AEP.conn
CSD499LS06F20,CSD499LS06f20_info1_250Hz_gu1_AEP.conn,gu1,0.2155190476190476,0.20656190476190475,0.20117142857142856,0.20493333333333333,0.21126666666666663,0.24372380952380954,0.2346047619047619,0.24030000000000004,0.24291428571428572,0.2061047619047619,0.20883333333333334,0.21910476190476189,0.2739619047619048,0.2699047619047619,0.2552904761904762,0.3094485714285714,0.3148142857142857,0.31966,0.3212771428571428,0.31632571428571427,0.3283457142857143,0.3228057142857143,0.3217542857142857,0.3246771428571429,0.31311714285714287,0.3171342857142857,0.32003714285714285,0.33554000000000006,0.33840857142857145,0.3327171428571428,0.21715714285714288,0.21473142857142857,0.2145085714285714,0.22115142857142853,0.22937714285714286,0.2435257142857143,0.2394971428571429,0.23866,0.23573428571428573,0.22202000000000002,0.22975428571428572,0.2343342857142857,0.24325142857142862,0.2443028571428571,0.23310285714285714,0.25463367346938776,0.2516663265306122,0.2574887755102041,0.26575204081632653,0.2726520408163265,0.27413775510204086,0.27528367346938776,0.26812040816326527,0.2665459183673469,0.25191938775510203,0.2580132653061225,0.2678438775510204,0.293204081632653,0.2844755102040816,0.2817142857142857,0.31852619047619046,0.3178166666666667,0.32108333333333333,0.32795952380952387,0.3242285714285714,0.30907857142857137,0.31789047619047617,0.323,0.3296738095238095,0.3180952380952381,0.318252380952381,0.3253428571428571,0.3225047619047619,0.32418571428571424,0.32694523809523807,0.2445095238095238,0.24803265306122452,0.24682380952380947,0.24352925170068027,0.24408571428571432,0.24332108843537414,0.24851496598639458,0.25313877551020403,0.25567755102040823,0.2514659863945578,0.24746190476190472,0.24566666666666662,0.24650816326530609,0.24774965986394562,0.2553346938775509,Female,20,Teen,Tertiary,S,NC,CSD499LS06f20_info1_250Hz_gu2_AEP.conn
CSD499CS02F20,CSD499CS02f20_info1_250Hz_gu1_AEP.conn,gu1,0.22052380952380957,0.21564761904761906,0.2145952380952381,0.22284761904761907,0.23175714285714286,0.19255714285714287,0.1908,0.19476190476190477,0.20761904761904762,0.21091428571428572,0.21376190476190474,0.22011904761904763,0.23033333333333336,0.23232380952380952,0.25133809523809525,0.28276285714285715,0.2869771428571428,0.2855342857142857,0.2908571428571428,0.28677714285714284,0.28433428571428576,0.2830971428571429,0.2851914285714286,0.2865228571428572,0.2751228571428571,0.27773428571428577,0.28174857142857146,0.30650571428571427,0.30562,0.3135257142857143,0.21113428571428572,0.22427999999999998,0.22959142857142859,0.22263428571428573,0.22087142857142855,0.20901142857142857,0.20392285714285716,0.2125314285714286,0.21686285714285716,0.22267142857142855,0.2257542857142857,0.22653714285714285,0.20252285714285717,0.20951142857142857,0.2370942857142857,0.2821551020408163,0.2778632653061225,0.27569489795918367,0.27398571428571433,0.2776979591836735,0.2711469387755102,0.27662448979591836,0.27929693877551015,0.27991020408163264,0.282934693877551,0.2829908163265306,0.2848,0.2970673469387755,0.3000897959183674,0.3037142857142857,0.3434309523809524,0.3377428571428571,0.3434119047619048,0.3568428571428571,0.36187619047619046,0.35302142857142854,0.3485428571428571,0.35256666666666664,0.35636428571428574,0.34243571428571423,0.3484904761904762,0.3618642857142857,0.34863809523809525,0.3460404761904761,0.3474285714285714,0.24741564625850343,0.2441965986394558,0.24566530612244897,0.2458414965986395,0.24560204081632658,0.24700476190476195,0.24271088435374144,0.24046394557823134,0.24462040816326538,0.24684217687074828,0.2481945578231293,0.24990476190476188,0.2417272108843537,0.23737278911564622,0.25472244897959184,Female,20,Teen,Tertiary,S,NC,CSD499CS02f20_info1_250Hz_gu2_AEP.conn
NIH01C02B19,NIH01C02b19_info1_250Hz_gu1_AEP.conn,gu1,0.22087619047619053,0.22279523809523807,0.22455714285714287,0.22519999999999998,0.2246047619047619,0.26044761904761904,0.24842380952380952,0.23373333333333335,0.22725238095238098,0.23315714285714284,0.23455238095238093,0.23692857142857146,0.3186714285714286,0.3073285714285714,0.2987666666666666,0.39603142857142853,0.4017314285714286,0.4144114285714286,0.4288942857142858,0.43579428571428575,0.4115371428571429,0.4068142857142857,0.4057314285714286,0.4195485714285715,0.41974285714285725,0.4203971428571428,0.4278371428571429,0.4516428571428571,0.44972571428571423,0.4343257142857143,0.3449257142857143,0.35100857142857145,0.3429085714285714,0.33866857142857143,0.33612857142857144,0.3388714285714286,0.3352914285714285,0.33100857142857143,0.32927999999999996,0.36281142857142856,0.35264,0.34109142857142855,0.32707428571428576,0.32300571428571423,0.34176,0.35119795918367347,0.3557602040816326,0.3557469387755102,0.35614387755102045,0.36255918367346934,0.35398673469387754,0.35368061224489794,0.35699387755102036,0.3548367346938775,0.35685816326530606,0.35683367346938777,0.3567418367346939,0.35878673469387756,0.3639306122448979,0.36664795918367343,0.5129952380952382,0.5071904761904762,0.49940952380952375,0.5015142857142857,0.5051380952380952,0.4906142857142857,0.5005214285714286,0.5080309523809523,0.5149666666666667,0.50625,0.5010880952380953,0.5055904761904763,0.5047571428571428,0.512045238095238,0.5015928571428571,0.31310544217687075,0.3101993197278911,0.3066455782312925,0.3047993197278911,0.3057435374149659,0.30931632653061225,0.30707414965986385,0.30832380952380956,0.3065714285714286,0.31268911564625845,0.31172380952380957,0.3100163265306123,0.30713401360544224,0.3086789115646258,0.3124197278911564,Male,19,Teen,Tertiary,C,C,NIH01C02b19_info1_250Hz_gu2_AEP.conn
CSD499K07F21,CSD499K07f21_info1_250Hz_gu1_AEP.conn,gu1,0.2247,0.2198619047619048,0.2218809523809524,0.2245285714285714,0.23628095238095237,0.2576047619047619,0.23607142857142857,0.22365238095238094,0.22349523809523808,0.2195904761904762,0.22230952380952382,0.22997619047619047,0.28195238095238095,0.27381904761904763,0.2833952380952381,0.27882857142857137,0.28101714285714285,0.28346857142857146,0.2810342857142857,0.2805971428571429,0.2925228571428572,0.2900114285714286,0.2877714285714285,0.29165714285714284,0.2665828571428572,0.2696914285714286,0.27635999999999994,0.3048514285714286,0.30309142857142857,0.2925714285714286,0.2857,0.2793828571428571,0.28364,0.28482285714285716,0.2872457142857142,0.2885371428571429,0.2787771428571429,0.2814342857142857,0.29548571428571424,0.26401142857142856,0.2708857142857143,0.2783142857142857,0.2711657142857143,0.27103714285714287,0.26048,0.30200102040816323,0.30191530612244893,0.30291122448979596,0.3007765306122449,0.29559795918367354,0.3119214285714285,0.3053591836734694,0.3036520408163265,0.3063928571428572,0.3021204081632653,0.30283775510204086,0.30065204081632657,0.318845918367347,0.31583979591836736,0.3214448979591837,0.40755,0.40681666666666666,0.40048571428571433,0.3980904761904762,0.3960904761904762,0.38431190476190474,0.3845261904761905,0.3949666666666667,0.4042142857142857,0.41319047619047616,0.4039547619047619,0.3985190476190476,0.38166428571428573,0.386597619047619,0.3987023809523809,0.27410816326530607,0.2752482993197279,0.2706986394557823,0.2657408163265306,0.26318299319727884,0.26654965986394563,0.26503741496598643,0.26486530612244896,0.2681170068027211,0.27762448979591836,0.27329523809523815,0.26525306122448983,0.25752312925170073,0.25892517006802723,0.2732523809523809,Female,21,Teen,Tertiary,S,NC,CSD499K07f21_info1_250Hz_gu2_AEP.conn
CSD499B8F21,CSD499B8f21_info1_250Hz_gu1_AEP.conn,gu1,0.21243333333333336,0.21914285714285717,0.21213809523809524,0.20695714285714284,0.21380476190476191,0.23272380952380953,0.23244285714285715,0.22174761904761908,0.22285238095238094,0.23527142857142858,0.22535238095238097,0.21804761904761905,0.2732428571428572,0.2612857142857143,0.2790523809523809,0.3075771428571428,0.3097314285714286,0.31065714285714285,0.3048942857142857,0.3028085714285714,0.3235228571428571,0.32154285714285713,0.3199542857142857,0.3204028571428571,0.3167457142857143,0.31780285714285716,0.3120142857142857,0.34832857142857143,0.3469714285714286,0.3516885714285714,0.26246571428571425,0.26780857142857145,0.2655142857142857,0.2571771428571429,0.2588371428571429,0.27314,0.2631742857142857,0.2714942857142857,0.2715571428571429,0.25715714285714286,0.2574914285714286,0.2555828571428572,0.26507714285714284,0.27205142857142856,0.2506285714285715,0.31570000000000004,0.313034693877551,0.31424897959183673,0.31399183673469383,0.30717142857142854,0.3110744897959184,0.3080051020408164,0.30610714285714286,0.30470408163265306,0.31150918367346936,0.31589795918367347,0.31369591836734695,0.3225448979591836,0.32178367346938774,0.3242091836734694,0.37502142857142856,0.3716333333333333,0.36497857142857143,0.35956190476190475,0.3519880952380952,0.36768095238095233,0.3718452380952381,0.38310238095238097,0.3874547619047619,0.3733690476190476,0.3699571428571429,0.3694119047619047,0.3662404761904762,0.3651595238095238,0.3660999999999999,0.263912925170068,0.2579421768707483,0.2570789115646258,0.2557156462585034,0.25326462585034004,0.2592238095238095,0.25675646258503404,0.2568068027210884,0.26204489795918373,0.2567333333333333,0.2571897959183673,0.25733605442176866,0.25967755102040824,0.2574877551020408,0.26377210884353747,Female,21,Teen,Tertiary,S,NC,CSD499B8f21_info1_250Hz_gu2_AEP.conn
CSD499AH10F21,CSD499AH10f21_info1_250Hz_gu1_AEP.conn,gu1,0.2846619047619048,0.2742380952380952,0.2636714285714286,0.27188571428571423,0.28799523809523814,0.28058571428571427,0.28167619047619047,0.26938095238095233,0.26026666666666665,0.28478571428571425,0.27729999999999994,0.28338095238095234,0.30524761904761905,0.29177142857142857,0.3129952380952381,0.35819999999999996,0.3614257142857143,0.3689057142857143,0.3675571428571428,0.3746942857142857,0.37375714285714284,0.3738742857142857,0.3667057142857143,0.35978857142857146,0.3764828571428572,0.3846285714285714,0.38003714285714285,0.4045342857142858,0.4034142857142857,0.41005142857142857,0.2809885714285715,0.2825485714285714,0.28896571428571427,0.2889771428571428,0.2929028571428572,0.2775571428571429,0.2780885714285714,0.28814,0.29359142857142856,0.2786742857142857,0.28019428571428573,0.2829885714285714,0.2810314285714286,0.28604285714285715,0.26840857142857144,0.30960204081632653,0.31171836734693875,0.30492448979591835,0.29902448979591834,0.29454489795918365,0.29806938775510206,0.2991540816326531,0.2939030612244898,0.2871275510204082,0.31203469387755106,0.3078142857142857,0.2987326530612245,0.31061836734693876,0.3099836734693878,0.31908979591836734,0.4202095238095238,0.42736190476190483,0.42370238095238094,0.4220666666666666,0.42101190476190475,0.4145857142857143,0.41930952380952385,0.4291190476190476,0.4366190476190477,0.43169285714285716,0.43373095238095244,0.4253357142857143,0.42416666666666664,0.43305,0.43792619047619047,0.2717775510204082,0.2726027210884353,0.2736238095238096,0.272078231292517,0.2698925170068027,0.25891700680272106,0.2601734693877551,0.26400952380952375,0.2656170068027211,0.26577346938775515,0.26704081632653065,0.26974965986394556,0.2607789115646258,0.26225442176870745,0.26755986394557824,Female,21,Teen,Tertiary,E,NC,CSD499AH10f21_info1_250Hz_gu2_AEP.conn
R16CJTEST_B15,R16CjTest_b15_info1_250Hz_gu1_AEP.conn,gu1,0.20484761904761906,0.1908857142857143,0.1913952380952381,0.20432380952380955,0.21368571428571428,0.18661428571428573,0.19825714285714288,0.2132047619047619,0.20891904761904764,0.1927047619047619,0.1943809523809524,0.20121904761904763,0.24433809523809524,0.25582857142857146,0.23455238095238096,0.30894,0.3025942857142857,0.2991857142857143,0.30115428571428576,0.30976857142857145,0.28950000000000004,0.29596000000000006,0.30731142857142857,0.31332571428571426,0.30425142857142856,0.29003428571428574,0.2857942857142857,0.3236514285714286,0.32831428571428567,0.31758571428571425,0.2751571428571428,0.28016571428571424,0.27862285714285717,0.2705314285714286,0.2666685714285714,0.27481999999999995,0.2691914285714286,0.27274857142857145,0.27003714285714286,0.2753457142857143,0.27678285714285716,0.26993999999999996,0.26523714285714284,0.26788285714285714,0.27774571428571426,0.32841428571428566,0.3367765306122449,0.3437561224489795,0.33864387755102043,0.32904897959183677,0.3285867346938775,0.325219387755102,0.31747040816326527,0.3146867346938776,0.3335857142857143,0.33819795918367346,0.33494489795918364,0.34346224489795923,0.33994591836734706,0.3434846938775511,0.3782404761904761,0.38329285714285716,0.3816190476190477,0.37566428571428573,0.3701595238095238,0.3826738095238095,0.3756238095238096,0.38345,0.37849523809523805,0.38538809523809525,0.38152380952380954,0.3742428571428571,0.3886452380952381,0.3928095238095238,0.38058333333333333,0.2722040816326531,0.26882789115646255,0.27118775510204085,0.27062517006802717,0.27021360544217693,0.2653190476190477,0.265008843537415,0.26408367346938777,0.27172244897959186,0.26391768707483,0.26628775510204084,0.26683129251700677,0.2671374149659864,0.2670190476190476,0.27064285714285713,Male,15,Teen,Secondary,C,C,R16CjTest_b15_info1_250Hz_gu2_AEP.conn
CSD499E9F21,CSD499E9f21_info1_250Hz_gu1_AEP.conn,gu1,0.20882857142857145,0.21108095238095237,0.2185190476190476,0.21676190476190474,0.21185714285714285,0.23609047619047616,0.2304047619047619,0.21774761904761908,0.19513333333333335,0.20289047619047618,0.20495714285714287,0.2036,0.25074285714285716,0.2626380952380953,0.22772380952380955,0.27101428571428576,0.27719714285714286,0.28348000000000007,0.2782,0.2752485714285714,0.28088857142857143,0.28224571428571427,0.29021714285714284,0.27978571428571425,0.2732942857142857,0.27921142857142855,0.2766228571428571,0.29489142857142864,0.30396285714285715,0.2952542857142857,0.2523114285714286,0.24802285714285716,0.24331999999999998,0.24783142857142856,0.2527114285714286,0.25483999999999996,0.24478285714285714,0.2547428571428571,0.25144857142857135,0.2493257142857143,0.2464885714285714,0.25244,0.2580171428571429,0.26274000000000003,0.24328571428571427,0.2836714285714286,0.2780755102040816,0.27428673469387754,0.27244183673469385,0.26683775510204083,0.270334693877551,0.26549693877551017,0.26102857142857144,0.2600755102040816,0.2819397959183673,0.27667448979591835,0.2736683673469388,0.29062755102040816,0.28454285714285715,0.293819387755102,0.35415476190476186,0.35550952380952383,0.35860714285714285,0.36198095238095235,0.3621190476190476,0.3448952380952381,0.34652619047619054,0.3472785714285714,0.342847619047619,0.3547857142857143,0.35169999999999996,0.36017857142857146,0.35463333333333336,0.346797619047619,0.3420642857142857,0.2773897959183673,0.27635510204081637,0.2724367346938776,0.27411564625850343,0.2806013605442177,0.2876646258503402,0.2936748299319728,0.29372585034013604,0.29004897959183673,0.277152380952381,0.27672176870748305,0.27862244897959176,0.29349115646258506,0.2916877551020408,0.28342585034013607,Female,21,Teen,Tertiary,E,NC,CSD499E9f21_info1_250Hz_gu2_AEP.conn
MMS06M22,mms06m22_250Hz_gu1_AEP.conn,gu1,0.19348095238095234,0.1907190476190476,0.18171428571428572,0.16708571428571428,0.1613904761904762,0.18669047619047618,0.18035714285714288,0.1742047619047619,0.17357142857142857,0.18086190476190478,0.16753809523809524,0.15230000000000002,0.21617142857142854,0.21345238095238095,0.2080142857142857,0.26047714285714285,0.2617857142857143,0.26085714285714284,0.2554742857142857,0.25526857142857146,0.25698571428571426,0.26379714285714284,0.26510857142857147,0.26118857142857144,0.25795142857142855,0.25423999999999997,0.2511857142857143,0.28846285714285713,0.2849828571428571,0.26524,0.1977657142857143,0.20214857142857143,0.20499428571428574,0.20032285714285716,0.19513142857142857,0.20501428571428568,0.19651999999999997,0.18747714285714284,0.1885885714285714,0.20512857142857147,0.20389428571428572,0.19607142857142856,0.19738857142857144,0.1875085714285714,0.20113142857142857,0.2765724489795919,0.28003367346938773,0.2836612244897959,0.28540816326530616,0.28577448979591835,0.2794877551020408,0.281819387755102,0.2839734693877551,0.2859275510204081,0.27959693877551023,0.2828183673469387,0.2847326530612245,0.29870816326530614,0.29848673469387765,0.30154489795918366,0.3384190476190476,0.3416547619047619,0.3407071428571429,0.3398142857142857,0.3357833333333333,0.3340309523809524,0.33526904761904763,0.3397380952380953,0.34641666666666665,0.3342333333333334,0.3324595238095238,0.33012857142857144,0.3324333333333333,0.3255166666666667,0.31837619047619053,0.2206231292517007,0.21638367346938775,0.21228299319727892,0.2125544217687074,0.2147142857142857,0.22054013605442183,0.21958707482993198,0.22032857142857143,0.21989591836734695,0.2168312925170068,0.21342312925170073,0.2122238095238095,0.21725918367346939,0.21891292517006802,0.22012517006802718,Male,22,Adult,Tertiary,C,C,mms06m22_250Hz_gu2_AEP.conn
MMS04F25,mms04f25_250Hz_gu1_AEP.conn,gu1,0.27401428571428577,0.27263333333333334,0.26617142857142856,0.2704380952380952,0.2777285714285715,0.2560047619047619,0.252647619047619,0.25244285714285714,0.2554571428571429,0.27303809523809525,0.2649095238095238,0.27183333333333337,0.26800952380952375,0.2707857142857143,0.2840809523809524,0.38642857142857145,0.38506,0.3833942857142857,0.3888971428571429,0.39050857142857137,0.3813971428571429,0.3823,0.39222285714285715,0.39936571428571427,0.3852857142857143,0.38744285714285714,0.3929514285714286,0.39386285714285707,0.4041828571428572,0.4017771428571429,0.42300571428571426,0.42567999999999995,0.42716000000000004,0.4344685714285714,0.43860857142857146,0.4432371428571428,0.43279999999999996,0.43316571428571427,0.4258971428571428,0.42542285714285716,0.42587142857142857,0.42933714285714275,0.4195714285714285,0.42019142857142855,0.4245457142857143,0.4335591836734694,0.4331142857142857,0.43139591836734686,0.4314918367346939,0.4328948979591837,0.43865306122448977,0.4344836734693878,0.43203367346938765,0.43340102040816325,0.43647551020408176,0.4374071428571429,0.43837346938775507,0.44845918367346943,0.4442683673469388,0.4502010204081633,0.4958119047619048,0.49465476190476193,0.48998571428571425,0.48937142857142857,0.49241190476190483,0.5003261904761904,0.496097619047619,0.5006238095238096,0.5052357142857143,0.5069785714285714,0.5076095238095238,0.5062738095238095,0.5004380952380952,0.4968738095238095,0.5045190476190476,0.33060680272108844,0.3316156462585035,0.3316088435374149,0.3340217687074829,0.3312993197278912,0.3384238095238095,0.33746258503401355,0.3375551020408164,0.3397054421768707,0.33733129251700683,0.33767619047619046,0.33822517006802727,0.33784013605442176,0.3395061224489796,0.343561224489796,Female,25,Adult,Adult,C,C,mms04f25_250Hz_gu2_AEP.conn
EES22M27,EES22M27_250Hz_gu1_AEP.conn,gu1,0.19265238095238094,0.1897857142857143,0.19531904761904761,0.20787619047619044,0.2178238095238095,0.1874380952380952,0.19518095238095237,0.1940047619047619,0.18324761904761908,0.18097619047619048,0.18616666666666667,0.1954809523809524,0.23064285714285715,0.23204761904761906,0.22846190476190475,0.32979142857142857,0.3254942857142857,0.3209942857142857,0.3221,0.32468571428571424,0.31514857142857144,0.3094228571428571,0.30346285714285715,0.3023342857142858,0.31662,0.31413714285714284,0.32267999999999997,0.3310314285714286,0.3277314285714285,0.3323,0.23401714285714284,0.2334142857142857,0.22832285714285713,0.21785142857142858,0.21487142857142855,0.22420857142857145,0.2273857142857143,0.23086285714285712,0.2249857142857143,0.2422285714285714,0.2414485714285714,0.23492285714285716,0.24570571428571425,0.23932571428571428,0.2532685714285714,0.270369387755102,0.2701071428571429,0.2696795918367347,0.2679979591836735,0.2635142857142857,0.2678938775510204,0.2693591836734694,0.2704785714285714,0.2657632653061225,0.2664173469387755,0.26780408163265307,0.2685112244897959,0.2822969387755102,0.28303571428571433,0.2806224489795918,0.3508238095238096,0.3512976190476191,0.34909523809523807,0.3480238095238095,0.34917142857142863,0.3457547619047619,0.345347619047619,0.34975952380952374,0.35380714285714293,0.3446190476190476,0.3383714285714286,0.3354571428571429,0.3465714285714286,0.3458547619047619,0.3534595238095238,0.25753197278911566,0.257282993197279,0.25462380952380953,0.2553421768707483,0.2541442176870748,0.26594965986394553,0.26411972789115645,0.25934761904761905,0.25459523809523804,0.257756462585034,0.25618843537414965,0.2553680272108843,0.26672040816326525,0.2618312925170067,0.2653319727891156,Male,27,Adult,Adult,E,NC,EES22M27_250Hz_gu2_AEP.conn
EES07M34,ees07m34_250Hz_gu1_AEP.conn,gu1,0.18017142857142857,0.19013809523809522,0.19707142857142856,0.1953142857142857,0.1906,0.16360476190476192,0.1749333333333333,0.17905238095238096,0.18658095238095238,0.18128571428571427,0.18634285714285714,0.1837904761904762,0.2299904761904762,0.23077619047619047,0.23213809523809523,0.3201371428571429,0.3256514285714286,0.3296057142857142,0.3377057142857143,0.3333628571428572,0.3163542857142857,0.32699428571428574,0.3397285714285714,0.3476257142857143,0.3221428571428572,0.32304000000000005,0.3319114285714286,0.34657714285714286,0.35882571428571425,0.34885142857142853,0.26617714285714283,0.27275714285714286,0.2718,0.26621142857142854,0.2618,0.2737228571428571,0.26951142857142857,0.2590685714285714,0.25855428571428574,0.2764885714285714,0.27253999999999995,0.27315428571428574,0.26889428571428575,0.2659971428571429,0.2780742857142857,0.301019387755102,0.2984275510204082,0.29754183673469387,0.3009479591836735,0.3028591836734694,0.2945244897959184,0.29490612244897957,0.2929285714285714,0.29061020408163263,0.3015938775510204,0.3032683673469388,0.30600102040816324,0.3088326530612245,0.30352551020408164,0.32190306122448975,0.3899357142857143,0.39025714285714286,0.3895880952380953,0.3905095238095238,0.3891523809523809,0.3986214285714285,0.39844285714285715,0.4028428571428571,0.4083119047619048,0.3925619047619047,0.39040238095238095,0.3886404761904762,0.4067571428571429,0.40437142857142855,0.3872738095238095,0.2392789115646258,0.23901632653061225,0.24151156462585033,0.24141836734693878,0.2444544217687075,0.2463687074829932,0.24659727891156463,0.2501095238095238,0.253643537414966,0.2440054421768707,0.24420680272108838,0.24392789115646255,0.24160680272108845,0.24571428571428572,0.24719183673469386,Male,34,Adult,Adult,E,NC,ees07m34_250Hz_gu2_AEP.conn
EES06F24,ees06f24_250Hz_gu1_AEP.conn,gu1,0.2028047619047619,0.20899047619047617,0.22592380952380955,0.2324238095238095,0.2223142857142857,0.18866666666666665,0.18183333333333332,0.18863809523809524,0.19000000000000003,0.21598095238095238,0.2309095238095238,0.23221904761904763,0.2636904761904762,0.26146190476190473,0.2785190476190476,0.30360571428571426,0.30302285714285715,0.3031542857142857,0.30622,0.3040057142857143,0.29166857142857144,0.2850771428571429,0.29492285714285715,0.3012657142857143,0.2859285714285714,0.2849885714285714,0.28833714285714285,0.3033914285714286,0.3090742857142857,0.3062771428571428,0.22412285714285715,0.22348285714285715,0.22886571428571428,0.23411714285714283,0.23562857142857144,0.22755999999999998,0.22945428571428575,0.2290114285714286,0.23447999999999997,0.22300285714285714,0.22196857142857146,0.22634857142857143,0.2257257142857143,0.22318857142857143,0.2303771428571429,0.31902755102040814,0.31896020408163267,0.3228571428571429,0.3267612244897959,0.330769387755102,0.3263244897959184,0.3255520408163265,0.3197030612244898,0.3178948979591837,0.31675816326530615,0.3212306122448979,0.3244336734693878,0.33334183673469386,0.3291428571428571,0.3354183673469388,0.3872523809523809,0.39139047619047623,0.4001738095238095,0.4049880952380953,0.39982142857142855,0.3974404761904762,0.4017785714285714,0.401702380952381,0.40222380952380954,0.3966285714285714,0.40262380952380955,0.4052047619047619,0.4001333333333333,0.39319761904761913,0.40143095238095233,0.2982231292517007,0.3007435374149659,0.30469387755102034,0.3077489795918368,0.3105503401360544,0.3042394557823129,0.30361156462585037,0.3029748299319727,0.29859795918367354,0.29760952380952377,0.30004965986394555,0.30167074829931967,0.2918204081632653,0.2926183673469388,0.2973129251700681,Female,24,Adult,Adult,E,NC,ees06f24_250Hz_gu2_AEP.conn
EES08M41,ees08m41_250Hz_gu1_AEP.conn,gu1,0.33471428571428574,0.34487142857142855,0.3465190476190476,0.3389523809523809,0.33483333333333337,0.32270000000000004,0.3287761904761905,0.33148571428571433,0.33262857142857144,0.34501428571428566,0.35030476190476195,0.3474333333333333,0.3783095238095238,0.38000000000000006,0.3929333333333333,0.4398971428571429,0.4438257142857143,0.44444285714285703,0.44424857142857144,0.44806,0.43472,0.4417400000000001,0.4476914285714286,0.4468114285714286,0.44279999999999997,0.4436971428571429,0.4472828571428572,0.4733428571428571,0.47301714285714286,0.45600857142857143,0.30694571428571427,0.3060857142857143,0.30246,0.29419142857142855,0.2928542857142857,0.31064,0.3107971428571429,0.30068285714285714,0.2883428571428571,0.30413142857142855,0.3005085714285714,0.29338857142857144,0.30407142857142855,0.29587428571428576,0.3069857142857143,0.2881142857142857,0.28419081632653065,0.2819989795918367,0.28227551020408165,0.28138571428571424,0.2867336734693878,0.2875367346938775,0.2847571428571429,0.27998979591836737,0.28844183673469387,0.2843897959183674,0.2847418367346939,0.30362040816326535,0.3003102040816326,0.2992734693877551,0.3700666666666667,0.36672857142857135,0.3721547619047619,0.38180714285714284,0.386797619047619,0.38243095238095237,0.3861619047619047,0.3853261904761905,0.3793952380952381,0.36975,0.37613809523809527,0.38543333333333335,0.3900523809523809,0.3843642857142857,0.37762619047619056,0.29462789115646254,0.29458707482993196,0.29630204081632655,0.29823537414965984,0.30026394557823133,0.29559319727891153,0.29674829931972796,0.29773401360544216,0.2974965986394559,0.29842993197278905,0.30091904761904764,0.30309115646258505,0.2972591836734694,0.2986823129251701,0.30718843537414964,Male,41,Adult,Adult,E,NC,ees08m41_250Hz_gu2_AEP.conn
EES10M22,EES10M22_250Hz_gu1_AEP.conn,gu1,0.21984285714285715,0.22310476190476192,0.21781904761904766,0.21504285714285712,0.21043809523809523,0.21786666666666665,0.2087714285714286,0.1998714285714286,0.19182857142857143,0.2043142857142857,0.20520476190476192,0.20403333333333332,0.27405714285714283,0.2680666666666666,0.24843809523809524,0.2962628571428571,0.30247142857142856,0.3024371428571429,0.30538857142857145,0.31128,0.3058057142857143,0.30541142857142856,0.3010142857142857,0.29736285714285715,0.2977628571428571,0.2959428571428571,0.3023485714285714,0.31856285714285715,0.31843714285714286,0.31470857142857145,0.31352857142857143,0.31788571428571427,0.3226171428571428,0.31576,0.31810857142857146,0.33574000000000004,0.33468285714285717,0.32912285714285716,0.3242228571428571,0.3155657142857143,0.3256685714285714,0.3276085714285714,0.3348657142857143,0.33323714285714284,0.32728285714285715,0.2798908163265307,0.27945000000000003,0.2778020408163266,0.27711938775510203,0.27780204081632653,0.27894591836734695,0.2773683673469388,0.27976326530612244,0.27892653061224487,0.2790591836734693,0.2774081632653061,0.2779285714285714,0.29105714285714285,0.2897551020408163,0.2939357142857143,0.33869047619047615,0.3444833333333333,0.3443452380952381,0.3456238095238095,0.34386904761904763,0.30997619047619046,0.32153333333333334,0.3276761904761905,0.3187238095238095,0.3366119047619047,0.3368214285714286,0.34255952380952387,0.3233166666666667,0.3275690476190476,0.31652857142857144,0.22636122448979584,0.22823197278911567,0.22739795918367353,0.2252959183673469,0.21890068027210877,0.2192904761904762,0.2226537414965987,0.22016054421768708,0.21598639455782312,0.22368775510204084,0.22369591836734695,0.2219360544217687,0.22476394557823134,0.22140204081632656,0.22717346938775512,Male,22,Adult,Tertiary,E,NC,EES10M22_250Hz_gu2_AEP.conn
MMS20M28,mms20m28_250Hz_gu1_AEP.conn,gu1,0.25008095238095235,0.23079523809523814,0.23333333333333336,0.2280904761904762,0.21495238095238092,0.2263952380952381,0.22426190476190477,0.22301428571428572,0.21326190476190476,0.21528095238095238,0.22384285714285715,0.22195238095238093,0.2842142857142857,0.2802428571428571,0.26992857142857146,0.36333142857142864,0.3576685714285714,0.36312285714285714,0.3476342857142857,0.3336257142857143,0.3462571428571429,0.3368942857142857,0.3379657142857143,0.32663714285714285,0.34671714285714283,0.35162857142857146,0.3362228571428572,0.35883714285714285,0.35469142857142855,0.3633057142857143,0.2627857142857143,0.26272571428571434,0.2597514285714285,0.26896,0.28188285714285716,0.2674342857142857,0.28142,0.28553428571428574,0.2717171428571429,0.2580942857142857,0.2561171428571429,0.26600000000000007,0.28064857142857147,0.28737714285714283,0.25822,0.3122744897959184,0.30472142857142853,0.2983397959183674,0.3006826530612245,0.30253877551020414,0.32424183673469387,0.32380714285714285,0.33052857142857145,0.32267959183673467,0.30168979591836736,0.29425510204081634,0.2967908163265306,0.3409816326530612,0.34298877551020407,0.31633061224489795,0.4428952380952382,0.4522357142857143,0.4430904761904762,0.4395571428571428,0.42277380952380955,0.44333571428571433,0.4452452380952381,0.45295476190476197,0.4435357142857143,0.45591666666666675,0.44202857142857144,0.43555952380952384,0.439947619047619,0.4449166666666666,0.43268095238095244,0.2886224489795919,0.2830210884353741,0.28200612244897955,0.27863877551020405,0.28660680272108846,0.28664761904761904,0.29162721088435367,0.2888272108843538,0.29974965986394564,0.2791687074829931,0.28116258503401365,0.2803850340136054,0.28757959183673465,0.2822115646258503,0.28532653061224494,Male,28,Adult,Adult,C,C,mms20m28_250Hz_gu2_AEP.conn
MMS19F30,mms19f30_250Hz_gu1_AEP.conn,gu1,0.22480476190476187,0.22734285714285715,0.22970952380952384,0.23126666666666665,0.2317190476190476,0.21016190476190477,0.22006666666666666,0.2217380952380952,0.2155904761904762,0.23206666666666667,0.23086190476190474,0.22826190476190478,0.2629714285714286,0.2665,0.2980904761904762,0.3365657142857143,0.3444314285714286,0.3402742857142857,0.3365114285714285,0.33621142857142855,0.3248628571428572,0.32729428571428565,0.32665428571428573,0.32715142857142854,0.3328257142857143,0.3346114285714286,0.33560571428571423,0.3467457142857143,0.34634571428571426,0.3597028571428571,0.28033714285714284,0.28895714285714286,0.3011057142857143,0.3040657142857143,0.3045971428571429,0.28822000000000003,0.2847657142857143,0.2825914285714286,0.28157428571428567,0.28529142857142864,0.29610285714285717,0.30316571428571426,0.2676485714285714,0.27061142857142856,0.28305428571428576,0.33597346938775513,0.338180612244898,0.33736224489795913,0.33568367346938777,0.3360275510204082,0.3399275510204083,0.34247653061224487,0.34152040816326534,0.3416224489795918,0.33900204081632657,0.3387204081632653,0.3385693877551021,0.3530836734693877,0.35337755102040813,0.3540295918367347,0.4320785714285715,0.4289452380952381,0.4251547619047619,0.4257666666666666,0.4238119047619047,0.39285476190476193,0.39687619047619044,0.40210476190476196,0.4069833333333334,0.43019999999999997,0.4280714285714286,0.4286666666666667,0.409952380952381,0.4171047619047619,0.43561190476190476,0.25557619047619046,0.25725986394557826,0.25529591836734694,0.2551598639455782,0.2530646258503401,0.2541897959183673,0.2561904761904761,0.2565258503401361,0.25331360544217685,0.25251088435374147,0.2521625850340136,0.252912925170068,0.25179115646258504,0.2518843537414966,0.25429115646258504,Female,30,Adult,Adult,C,C,mms19f30_250Hz_gu2_AEP.conn
MMS18M36MIX,mms18m36mix_250Hz_gu1_AEP.conn,gu1,0.1785904761904762,0.1771142857142857,0.18460000000000001,0.1873380952380952,0.18624285714285715,0.18504285714285715,0.18165714285714285,0.16497142857142855,0.15556666666666666,0.18239047619047621,0.19223809523809524,0.19327142857142854,0.2354857142857143,0.2281952380952381,0.24283333333333332,0.2794314285714286,0.27541142857142853,0.2758857142857143,0.27424571428571426,0.27705714285714284,0.2767857142857143,0.27126285714285714,0.2679457142857143,0.26316,0.27488,0.27880857142857146,0.2778828571428572,0.2932971428571428,0.2965457142857143,0.3150342857142857,0.28216571428571424,0.2759085714285714,0.27586857142857146,0.27274,0.2693971428571429,0.26464,0.26334,0.2613428571428571,0.2648257142857142,0.27822857142857144,0.2760971428571429,0.27544,0.27595142857142857,0.2745514285714286,0.2755885714285714,0.2628683673469388,0.2658969387755102,0.2686581632653061,0.2693877551020408,0.2669387755102041,0.2701551020408163,0.2674887755102041,0.267084693877551,0.2689214285714286,0.2703571428571429,0.2712785714285714,0.27161122448979597,0.28335306122448983,0.2843622448979592,0.28851530612244897,0.3562690476190476,0.35420952380952375,0.3505595238095238,0.35126666666666667,0.34756666666666663,0.34465714285714283,0.3480190476190476,0.3413595238095238,0.3419452380952381,0.3547738095238095,0.35315,0.35209285714285704,0.35332380952380954,0.3387166666666666,0.34836428571428574,0.21996598639455783,0.21964965986394558,0.22046394557823126,0.22245646258503401,0.22294693877551017,0.21914489795918368,0.21447006802721091,0.21254013605442185,0.2161986394557823,0.21995850340136053,0.2200312925170068,0.22237482993197283,0.21538639455782316,0.21411972789115646,0.22148571428571429,Male,36,Adult,Adult,C,C,mms18m36mix_250Hz_gu2_AEP.conn
MMS16M23,mms16m23_250Hz_gu1_AEP.conn,gu1,0.1483809523809524,0.14898571428571428,0.14556190476190475,0.14038095238095238,0.13946190476190476,0.1475,0.15066190476190475,0.14804285714285714,0.1378952380952381,0.1506809523809524,0.1510047619047619,0.14326190476190476,0.19824285714285717,0.21038571428571431,0.20432857142857141,0.27374857142857145,0.2744457142857143,0.27396,0.27063714285714285,0.2635742857142857,0.26754,0.27505999999999997,0.27936285714285713,0.27799142857142856,0.27080000000000004,0.27233142857142856,0.2642742857142857,0.29642857142857143,0.3008228571428571,0.2981228571428572,0.2487571428571429,0.24667714285714287,0.24358857142857143,0.24356285714285714,0.2420628571428572,0.23226285714285716,0.23662,0.24177714285714283,0.24374285714285712,0.24920857142857145,0.2419342857142857,0.23918571428571428,0.25273142857142855,0.26140571428571424,0.24695142857142863,0.29199489795918365,0.2925734693877552,0.2925448979591837,0.2927224489795918,0.2933030612244898,0.2974489795918367,0.30254489795918366,0.30244081632653064,0.29998673469387754,0.2997,0.300265306122449,0.3007938775510204,0.32049081632653065,0.32124897959183674,0.3150040816326531,0.3845214285714286,0.3778404761904763,0.3633095238095238,0.3583690476190476,0.35755714285714285,0.36714285714285716,0.375952380952381,0.3793285714285714,0.37165714285714285,0.3819309523809524,0.36647619047619046,0.3604809523809524,0.377745238095238,0.3717047619047619,0.36418333333333336,0.23651156462585035,0.2365612244897959,0.23816938775510202,0.24222721088435376,0.2413197278911565,0.2459768707482994,0.2489278911564626,0.24765034013605441,0.24184285714285708,0.23511904761904762,0.23699387755102036,0.24213401360544223,0.2466414965986395,0.2452142857142857,0.2410115646258503,Male,23,Adult,Adult,C,C,mms16m23_250Hz_gu2_AEP.conn
EES14F26,ees14f26_250Hz_gu1_AEP.conn,gu1,0.2014047619047619,0.1930333333333333,0.18112857142857142,0.1775190476190476,0.1953047619047619,0.1802190476190476,0.18530000000000002,0.1874095238095238,0.1826142857142857,0.20568571428571428,0.19650952380952383,0.19115238095238096,0.23941428571428572,0.24465714285714282,0.26542380952380956,0.2895885714285714,0.29474285714285714,0.29662,0.29191142857142854,0.29474285714285714,0.27364,0.27666857142857143,0.28691428571428573,0.28620857142857137,0.29585428571428574,0.3021342857142857,0.3017914285714286,0.30591142857142856,0.31423428571428574,0.3197971428571429,0.24834857142857145,0.24751714285714285,0.2526,0.2526514285714286,0.24662571428571428,0.2507,0.2541114285714286,0.2605057142857143,0.2637942857142857,0.25474,0.2574285714285714,0.25502,0.25948000000000004,0.2594685714285715,0.2625257142857143,0.27522346938775505,0.275080612244898,0.27364795918367346,0.27096326530612247,0.266769387755102,0.2704173469387755,0.27256224489795916,0.2754020408163266,0.2711734693877551,0.26980408163265307,0.2663867346938776,0.2624285714285714,0.2903020408163265,0.2953857142857143,0.2826857142857143,0.32913333333333333,0.32842857142857146,0.32923571428571424,0.3329571428571429,0.3315761904761905,0.3385428571428571,0.3390190476190476,0.33775952380952384,0.3336333333333334,0.3282023809523809,0.3284142857142857,0.32653333333333334,0.3329595238095238,0.3233404761904762,0.33092142857142853,0.22777482993197276,0.22871972789115652,0.22690068027210883,0.22781564625850348,0.22770476190476188,0.23010748299319717,0.2310789115646259,0.2313469387755102,0.23642857142857143,0.23107891156462584,0.23029455782312921,0.22960136054421765,0.23263197278911568,0.22972653061224488,0.23756530612244897,Female,26,Adult,Adult,E,NC,ees14f26_250Hz_gu2_AEP.conn
EES09M30MU,EES09m30mu_250Hz_gu1_AEP.conn,gu1,0.26112857142857143,0.26634761904761906,0.26480476190476193,0.2623809523809524,0.2630952380952381,0.2817380952380953,0.26781904761904757,0.2565761904761905,0.2510904761904762,0.2703857142857143,0.26522380952380953,0.2612,0.3275428571428572,0.3177666666666667,0.32413333333333333,0.33750857142857144,0.33864,0.3387742857142857,0.3413114285714286,0.34693142857142856,0.3422142857142857,0.3406342857142857,0.3455057142857143,0.35058,0.34182,0.34162857142857145,0.34477142857142856,0.37046,0.3769857142857143,0.36774571428571434,0.3269485714285714,0.32257428571428576,0.3259428571428572,0.3347257142857143,0.34336,0.3491742857142857,0.34213428571428567,0.3349628571428571,0.3223371428571429,0.3199485714285714,0.32027142857142854,0.3314171428571429,0.34229714285714286,0.33856,0.3261971428571429,0.42174999999999996,0.4180653061224489,0.4222132653061226,0.4262989795918367,0.4285102040816326,0.4228010204081633,0.430069387755102,0.4328142857142857,0.4302479591836734,0.41938061224489803,0.4263642857142858,0.43288163265306123,0.4369948979591837,0.4389806122448979,0.4368561224489796,0.46829761904761896,0.4662904761904762,0.46389047619047624,0.4593928571428571,0.4586904761904762,0.45450714285714283,0.45630238095238096,0.45938809523809526,0.46049761904761904,0.4688857142857143,0.46307380952380955,0.4579857142857142,0.4598142857142857,0.45102380952380955,0.45905,0.30549999999999994,0.3084027210884353,0.31099183673469394,0.31121020408163275,0.3133877551020408,0.30774489795918364,0.3052414965986395,0.30526598639455776,0.3041408163265306,0.31061768707483,0.31418843537414964,0.312691156462585,0.29447959183673467,0.29705442176870744,0.31252721088435376,Male,30,Adult,Adult,E,NC,EES09m30mu_250Hz_gu2_AEP.conn
EES23F24,ees23f24_250Hz_gu1_AEP.conn,gu1,0.21599047619047618,0.2135952380952381,0.2162238095238095,0.21484761904761907,0.2148190476190476,0.2267095238095238,0.21794285714285713,0.20423333333333335,0.1980142857142857,0.21181428571428573,0.21646190476190474,0.21375238095238094,0.26616666666666666,0.2554095238095238,0.2665571428571429,0.34377142857142856,0.3457914285714286,0.35005142857142857,0.3474942857142857,0.33951999999999993,0.32663714285714285,0.3117314285714286,0.30518,0.3098457142857143,0.34119714285714287,0.3462228571428571,0.34366285714285716,0.34375999999999995,0.33873999999999993,0.3641342857142857,0.25415714285714286,0.26142,0.2602885714285714,0.2583885714285714,0.25686285714285717,0.2609457142857142,0.25924,0.26044285714285714,0.25676857142857146,0.2568057142857143,0.2582885714285715,0.26065714285714287,0.27251428571428565,0.27313714285714286,0.26646285714285717,0.32047040816326533,0.32066326530612244,0.3226408163265306,0.3229316326530612,0.32350918367346937,0.32403061224489793,0.3218938775510204,0.32109591836734686,0.32077551020408157,0.32550510204081634,0.3236397959183673,0.3196061224489796,0.3403693877551021,0.3386938775510204,0.34018163265306123,0.3760714285714286,0.37924285714285716,0.38383095238095244,0.3877738095238095,0.39308571428571426,0.3705619047619047,0.3762380952380952,0.38148809523809524,0.3903857142857143,0.388552380952381,0.3901952380952381,0.3900095238095238,0.377952380952381,0.376597619047619,0.3795547619047619,0.23298299319727894,0.23770136054421767,0.23926462585034014,0.2403047619047619,0.23970816326530608,0.22926598639455786,0.233412925170068,0.2334680272108844,0.23272925170068032,0.23527074829931977,0.23747755102040807,0.23909319727891154,0.23787959183673468,0.23833945578231291,0.23753673469387754,Female,24,Adult,Adult,E,NC,ees23f24_250Hz_gu2_AEP.conn
EES21F20,EES21F20_250Hz_gu1_AEP.conn,gu1,0.22411904761904763,0.22633809523809523,0.21869047619047613,0.2181428571428571,0.23042857142857143,0.21839047619047622,0.21206190476190478,0.21020952380952382,0.2126904761904762,0.23472380952380947,0.23322380952380953,0.23279047619047621,0.27654761904761904,0.2741476190476191,0.29304285714285716,0.32881428571428567,0.3309485714285715,0.3315485714285714,0.33926857142857136,0.34314857142857147,0.31478,0.31217428571428574,0.31290571428571423,0.32149142857142865,0.3257771428571428,0.3294485714285714,0.34184571428571425,0.3400142857142857,0.33880857142857146,0.35569428571428574,0.2963085714285714,0.29185714285714287,0.2876714285714286,0.28915428571428575,0.2968857142857143,0.29933714285714286,0.2906428571428571,0.27894857142857143,0.27900857142857144,0.28455142857142857,0.28266,0.2870542857142857,0.2903257142857143,0.28413714285714287,0.2824485714285714,0.2813367346938775,0.2839173469387755,0.2865071428571428,0.28621530612244894,0.29017448979591837,0.2907551020408163,0.28955918367346944,0.286415306122449,0.28070714285714293,0.2901683673469388,0.29409285714285716,0.2938010204081633,0.30241530612244893,0.300745918367347,0.3026989795918368,0.3402928571428571,0.3403333333333334,0.33773095238095235,0.3353761904761905,0.3311428571428571,0.34393333333333337,0.34017619047619047,0.33465476190476195,0.3366619047619048,0.3456714285714286,0.34181190476190476,0.339947619047619,0.34075000000000005,0.34017380952380943,0.3401404761904762,0.2319394557823129,0.23302993197278918,0.23759591836734695,0.23963265306122447,0.23807210884353736,0.23661292517006802,0.23068299319727892,0.22616054421768705,0.2294251700680272,0.2309482993197279,0.23521700680272103,0.2401394557823129,0.22783469387755095,0.22470612244897964,0.22955034013605444,Female,20,Adult,Tertiary,E,NC,EES21F20_250Hz_gu2_AEP.conn
EES11M35,ees11m35_250Hz_gu1_AEP.conn,gu1,0.23704761904761903,0.23464761904761908,0.23314761904761905,0.23048095238095243,0.22188095238095237,0.22926190476190475,0.23514761904761902,0.23904761904761906,0.24098095238095238,0.2314142857142857,0.2317190476190476,0.2302142857142857,0.30971428571428566,0.3118,0.2727857142857143,0.34505428571428576,0.3384257142857143,0.33295714285714284,0.32946285714285706,0.3346571428571429,0.33493428571428574,0.3384285714285714,0.33617714285714284,0.3254171428571428,0.3439885714285714,0.33568285714285717,0.3301257142857143,0.3586628571428571,0.3577342857142857,0.3676628571428571,0.2697371428571429,0.2655485714285714,0.2680857142857143,0.27375428571428573,0.27525999999999995,0.2824714285714286,0.27562000000000003,0.2778685714285714,0.27950857142857144,0.27260285714285715,0.27358571428571427,0.27998,0.26130285714285717,0.26186857142857145,0.27099428571428574,0.30213571428571434,0.3002663265306123,0.3037571428571429,0.3100683673469388,0.3091214285714285,0.3131163265306123,0.30908571428571424,0.30939897959183676,0.31109387755102036,0.30001734693877546,0.30601530612244904,0.3135591836734694,0.32499183673469384,0.32012142857142856,0.3217591836734694,0.3595642857142857,0.3637952380952381,0.365852380952381,0.3659309523809524,0.3642833333333333,0.367102380952381,0.36715238095238095,0.3757523809523809,0.37868809523809516,0.3693857142857144,0.37469761904761906,0.37410476190476194,0.3678571428571428,0.3675595238095238,0.3717238095238095,0.2630721088435374,0.2632598639455783,0.2647653061224489,0.2634795918367347,0.26123877551020414,0.2620965986394558,0.2658496598639455,0.2665380952380952,0.26381632653061216,0.2687360544217687,0.2668965986394558,0.26650612244897964,0.25300816326530606,0.2529340136054422,0.27003673469387757,Male,35,Adult,Adult,E,NC,ees11m35_250Hz_gu2_AEP.conn
EES20F22,ees20f22_250Hz_gu1_AEP.conn,gu1,0.30050952380952384,0.2982095238095238,0.2964142857142857,0.29396190476190476,0.2998095238095238,0.3133952380952381,0.3169285714285714,0.30747619047619046,0.3095380952380952,0.30474285714285715,0.3016238095238095,0.2994904761904762,0.36475714285714284,0.3554333333333333,0.36336666666666667,0.38904285714285713,0.3795057142857143,0.3765028571428572,0.3794571428571428,0.3919,0.3730257142857143,0.3747571428571429,0.38641714285714285,0.3940685714285713,0.3793714285714286,0.38044857142857147,0.38004571428571426,0.39632,0.40874000000000005,0.40351428571428577,0.3447314285714286,0.34615714285714283,0.34396857142857146,0.3439514285714286,0.34280857142857146,0.33742285714285714,0.33127142857142855,0.3271942857142857,0.32559714285714286,0.33859714285714276,0.33434,0.3329314285714286,0.3304828571428572,0.33459428571428573,0.33768857142857145,0.298688775510204,0.2986428571428571,0.29616632653061226,0.29813469387755104,0.2980530612244898,0.29261326530612247,0.28730408163265303,0.28135102040816323,0.2800275510204082,0.3041867346938775,0.30268469387755104,0.30268673469387747,0.3098571428571429,0.3043367346938775,0.3182510204081632,0.3941452380952381,0.3972928571428571,0.3963095238095238,0.3923547619047619,0.39183809523809526,0.3869952380952381,0.38709047619047626,0.3931642857142857,0.3996380952380953,0.40023095238095235,0.4003952380952381,0.3985666666666667,0.3988,0.3991380952380952,0.40204285714285715,0.33612108843537414,0.3332693877551021,0.3315843537414966,0.3267972789115646,0.32673265306122445,0.33200884353741494,0.3296265306122449,0.3255170068027211,0.32344285714285714,0.33414217687074826,0.3307442176870749,0.3264639455782313,0.32437823129251697,0.3202925170068027,0.334952380952381,Female,22,Adult,Tertiary,E,NC,ees20f22_250Hz_gu2_AEP.conn
MMS05F36,mms05f36_250Hz_gu1_AEP.conn,gu1,0.2494761904761905,0.24954285714285715,0.23977142857142855,0.2294333333333333,0.23055238095238095,0.2781761904761905,0.26668571428571425,0.2592857142857143,0.2594095238095238,0.2481190476190476,0.23805714285714286,0.23137619047619049,0.3054095238095238,0.2988761904761905,0.2751666666666666,0.34287428571428574,0.34188,0.3367142857142857,0.3248285714285714,0.3137314285714286,0.33469142857142853,0.34001714285714285,0.34274571428571426,0.34217714285714285,0.3490628571428571,0.34142285714285714,0.3289457142857143,0.35788000000000003,0.3577028571428571,0.35747142857142855,0.2741457142857143,0.27845714285714285,0.2863085714285714,0.28952,0.28795142857142864,0.28712,0.28999714285714284,0.2900142857142857,0.2853742857142857,0.2848942857142857,0.2885971428571429,0.2913085714285714,0.2816142857142857,0.28258571428571433,0.2779942857142857,0.2692469387755102,0.2732173469387755,0.2752571428571428,0.2722673469387755,0.2723857142857143,0.27556632653061225,0.2750530612244898,0.2748081632653061,0.2764724489795919,0.27743979591836737,0.27863673469387756,0.27326836734693877,0.2857877551020408,0.2881540816326531,0.295830612244898,0.33009761904761903,0.32863809523809523,0.3293047619047618,0.3293642857142858,0.33585714285714285,0.3376928571428572,0.33538571428571423,0.33326428571428574,0.33007380952380955,0.33329523809523814,0.33101190476190473,0.3278309523809524,0.3342809523809524,0.3265571428571428,0.32848333333333335,0.248087074829932,0.24761360544217695,0.24787619047619044,0.2494721088435374,0.25214557823129247,0.2580904761904762,0.2552761904761905,0.2526088435374149,0.25531428571428566,0.24920612244897963,0.2505850340136055,0.25204489795918367,0.25192721088435366,0.24927278911564626,0.24930680272108843,Female,36,Adult,Adult,C,C,mms05f36_250Hz_gu2_AEP.conn
MMS13F24,mms13f24_250Hz_gu1_AEP.conn,gu1,0.2451428571428571,0.23456190476190475,0.22423809523809526,0.2298,0.24526666666666663,0.2169952380952381,0.22451904761904762,0.23085238095238095,0.22886666666666666,0.22625714285714285,0.2250190476190476,0.23322857142857145,0.2653047619047619,0.2760238095238095,0.28673333333333334,0.3662971428571429,0.3674657142857143,0.3710457142857143,0.36828857142857147,0.36700857142857146,0.36778000000000005,0.35846,0.3592228571428572,0.3641228571428571,0.3617714285714285,0.3691685714285714,0.3672742857142857,0.3755942857142857,0.37841142857142857,0.39442285714285713,0.2824942857142857,0.29213428571428574,0.3013457142857142,0.29335428571428573,0.29164571428571423,0.27386857142857146,0.27672857142857143,0.28296,0.29379999999999995,0.3013057142857143,0.30614571428571424,0.29941714285714294,0.2821314285714286,0.2904485714285715,0.3153342857142857,0.2714653061224489,0.2752040816326531,0.27521020408163266,0.26932448979591833,0.26829489795918365,0.2676265306122449,0.2685275510204082,0.27119081632653064,0.272184693877551,0.2754836734693878,0.2728683673469388,0.2643326530612245,0.2878551020408163,0.2837581632653062,0.2761581632653061,0.34395238095238095,0.34806190476190474,0.3544214285714285,0.35886666666666667,0.36031428571428564,0.3472309523809524,0.35493095238095235,0.3625833333333333,0.35820238095238094,0.3463857142857143,0.35145714285714286,0.35690952380952373,0.3498547619047619,0.3523642857142857,0.35364047619047617,0.22886462585034012,0.22923469387755105,0.23115714285714284,0.23088163265306128,0.23164217687074834,0.22803877551020407,0.22802517006802722,0.23338095238095238,0.23725102040816323,0.24199795918367348,0.24232176870748307,0.23994285714285718,0.23131428571428567,0.23325578231292518,0.24623605442176869,Female,24,Adult,Adult,C,C,mms13f24_250Hz_gu2_AEP.conn
EES19F33,EES19f33_250Hz_gu1_AEP.conn,gu1,0.18718095238095236,0.19624761904761903,0.18715238095238096,0.1764190476190476,0.1841238095238095,0.2053047619047619,0.20806190476190475,0.21373333333333333,0.19903333333333337,0.2056809523809524,0.20290952380952385,0.19547142857142855,0.25372857142857147,0.25174761904761905,0.23624285714285712,0.30254285714285717,0.3032285714285714,0.3049314285714286,0.3001514285714285,0.30212285714285714,0.33271999999999996,0.32644,0.3234714285714285,0.31969142857142857,0.31754000000000004,0.31559428571428577,0.30938571428571426,0.35369142857142855,0.34571428571428575,0.32654571428571433,0.29875999999999997,0.31522857142857147,0.3159257142857143,0.30318285714285714,0.29102285714285714,0.29813999999999996,0.3061542857142857,0.29138,0.2907657142857143,0.31455714285714287,0.31914571428571425,0.30633999999999995,0.3139485714285714,0.30470857142857144,0.32337142857142853,0.2840214285714286,0.2869306122448979,0.29001020408163264,0.2905306122448979,0.29344285714285717,0.2992785714285714,0.2976632653061224,0.29445102040816323,0.29505510204081636,0.2875540816326531,0.28754489795918364,0.28730408163265303,0.3098683673469388,0.3039428571428572,0.3070224489795918,0.3292380952380953,0.3317047619047619,0.3289309523809524,0.3306952380952381,0.3310047619047619,0.32807857142857144,0.332402380952381,0.3276452380952381,0.3284333333333333,0.3201809523809524,0.3187333333333333,0.32673095238095234,0.3300452380952381,0.3226357142857143,0.315947619047619,0.2274816326530612,0.23369047619047617,0.23711564625850337,0.23808775510204078,0.23470544217687075,0.23777823129251696,0.2433034013605442,0.2472496598639456,0.24286870748299322,0.23310952380952385,0.23769931972789113,0.2406333333333334,0.239221768707483,0.2408224489795919,0.2381986394557823,Female,33,Adult,Adult,E,NC,EES19f33_250Hz_gu2_AEP.conn
MMS14F25,mms14f25_250Hz_gu1_AEP.conn,gu1,0.24235238095238096,0.23844761904761902,0.23522857142857143,0.23381904761904762,0.24250952380952384,0.23593333333333333,0.23792380952380957,0.2364190476190476,0.2237,0.2341142857142857,0.22804761904761905,0.2238238095238095,0.25383333333333336,0.2503761904761905,0.24856190476190476,0.3804971428571428,0.38426571428571427,0.39382,0.39741428571428566,0.3968885714285714,0.38987999999999995,0.39067428571428575,0.3846771428571429,0.37303714285714284,0.3874542857142857,0.39311714285714283,0.3941171428571429,0.4086114285714285,0.40645428571428577,0.40328857142857144,0.3806257142857143,0.3792857142857143,0.3815257142857143,0.3847257142857143,0.3871942857142857,0.35741142857142855,0.3629428571428571,0.3656257142857143,0.36473428571428573,0.3866428571428571,0.3857028571428571,0.3878628571428572,0.36895142857142854,0.37245428571428574,0.37648285714285706,0.32261428571428574,0.32212346938775516,0.32337244897959183,0.32486428571428577,0.32670102040816323,0.31018469387755104,0.3082989795918367,0.3124326530612245,0.3157989795918367,0.3234918367346939,0.3262448979591836,0.3252163265306122,0.3271928571428572,0.3304183673469388,0.33651122448979587,0.43655952380952384,0.4364547619047619,0.4371642857142857,0.4421333333333333,0.4430333333333332,0.43666190476190475,0.4359261904761904,0.43975000000000003,0.43979047619047623,0.4503357142857143,0.44714761904761896,0.4519142857142857,0.4506928571428572,0.44202619047619046,0.44230238095238095,0.30907006802721093,0.3075265306122449,0.3028918367346938,0.2981523809523809,0.2986965986394558,0.29131496598639456,0.29424897959183677,0.2937163265306122,0.29001020408163264,0.3094734693877551,0.30613333333333337,0.3036455782312925,0.2965632653061224,0.29635850340136066,0.3067319727891157,Female,25,Adult,Adult,C,C,mms14f25_250Hz_gu2_AEP.conn
EES24F29,EES24F29_250Hz_gu1_AEP.conn,gu1,0.28196190476190475,0.2932619047619048,0.28935714285714287,0.2893666666666667,0.294647619047619,0.2752142857142857,0.27603333333333335,0.2756523809523809,0.2862952380952381,0.30449047619047626,0.3030714285714286,0.30412857142857147,0.31173809523809526,0.31251428571428574,0.3564285714285714,0.3988514285714285,0.3966914285714286,0.3943942857142857,0.4040257142857143,0.40971142857142856,0.4031942857142856,0.4041571428571428,0.4081114285714286,0.40857142857142853,0.4010571428571429,0.39367142857142856,0.4024114285714286,0.4324371428571429,0.44049999999999995,0.42303428571428575,0.30897142857142856,0.3215828571428571,0.3181314285714286,0.3081714285714286,0.29484285714285713,0.33140000000000003,0.33428571428571424,0.33439428571428575,0.3227142857142857,0.32136,0.3130657142857143,0.30546000000000006,0.3222771428571429,0.32722285714285715,0.30424285714285715,0.3713081632653061,0.37344795918367346,0.3823244897959183,0.3844775510204082,0.38600000000000007,0.37346428571428575,0.3714122448979592,0.367888775510204,0.37016530612244897,0.37819693877551025,0.38461632653061223,0.3842673469387755,0.3840081632653061,0.3790428571428571,0.39133061224489796,0.47201190476190474,0.4716380952380952,0.46032619047619044,0.44859047619047626,0.44702380952380955,0.43728095238095244,0.43410238095238096,0.43121428571428577,0.4359357142857143,0.47472857142857144,0.46125238095238097,0.4501357142857143,0.4446666666666667,0.4377809523809524,0.46070000000000005,0.3460707482993198,0.34865374149659867,0.3530374149659864,0.3522755102040816,0.3545510204081633,0.3583081632653061,0.3558482993197279,0.35270884353741494,0.345017006802721,0.3493326530612245,0.35619115646258503,0.3562775510204081,0.35573605442176864,0.35264217687074834,0.363774149659864,Female,29,Adult,Adult,E,NC,EES24F29_250Hz_gu2_AEP.conn
MMS10F23,mms10f23_250Hz_gu1_AEP.conn,gu1,0.31355714285714287,0.31700952380952385,0.31256666666666666,0.3101809523809524,0.30472857142857146,0.3135238095238096,0.3122666666666667,0.3183190476190476,0.3107190476190476,0.3069095238095238,0.3039428571428571,0.3000238095238095,0.3641571428571429,0.36166666666666664,0.32839047619047623,0.41098285714285715,0.4189628571428571,0.4221228571428572,0.42374,0.42445714285714287,0.39827142857142855,0.3997371428571429,0.41138285714285716,0.4152342857142857,0.41615714285714284,0.41901714285714287,0.42210285714285706,0.4429542857142857,0.44268285714285716,0.43536285714285705,0.4341571428571428,0.4368942857142858,0.4415457142857143,0.4410914285714285,0.43716571428571427,0.4294371428571428,0.43614857142857144,0.4492857142857143,0.4591542857142857,0.45894,0.45360857142857147,0.45115428571428573,0.44706,0.4619142857142857,0.4529171428571428,0.37146224489795915,0.3664897959183673,0.37091734693877554,0.37202653061224494,0.3770806122448979,0.3706612244897959,0.37166632653061227,0.36804387755102036,0.36604693877551026,0.36407142857142855,0.36827040816326534,0.3707438775510204,0.38029183673469397,0.3784734693877551,0.38237653061224497,0.4552,0.45031428571428567,0.4443452380952381,0.4355761904761905,0.43222380952380957,0.43055714285714286,0.44612619047619045,0.4492047619047619,0.4520547619047619,0.44453809523809523,0.44081428571428566,0.43731190476190474,0.43726904761904767,0.42908809523809527,0.4213333333333333,0.3445142857142857,0.34932176870748294,0.348756462585034,0.34603469387755104,0.34061224489795916,0.3470809523809523,0.3447176870748299,0.34210748299319726,0.34231496598639455,0.35534489795918356,0.35142312925170077,0.3448721088435374,0.3443775510204082,0.34653945578231293,0.3530421768707483,Female,23,Adult,Adult,C,C,mms10f23_250Hz_gu2_AEP.conn
MMS15M25,mms15m25_250Hz_gu1_AEP.conn,gu1,0.21287142857142857,0.2132238095238095,0.20773809523809525,0.2068809523809524,0.22070476190476188,0.21628571428571428,0.21680476190476186,0.21653809523809522,0.20551428571428568,0.21175238095238094,0.2132761904761905,0.21659047619047622,0.26130000000000003,0.2617904761904762,0.25743333333333335,0.30713999999999997,0.30635714285714283,0.30107142857142855,0.2961514285714285,0.3006742857142857,0.30525714285714284,0.3079885714285714,0.30949428571428567,0.3056457142857143,0.29824285714285714,0.2945685714285714,0.29665142857142857,0.3359114285714286,0.3376314285714285,0.3209657142857143,0.28108,0.27704,0.2685914285714286,0.26293714285714287,0.26077142857142854,0.2671485714285714,0.27198857142857147,0.27719428571428567,0.26920857142857146,0.2781857142857143,0.27290000000000003,0.26709428571428573,0.27182285714285714,0.2775057142857143,0.2688885714285715,0.2936530612244898,0.29575,0.29250102040816334,0.29172755102040815,0.2917714285714286,0.2915734693877551,0.2939081632653061,0.2944948979591837,0.2984224489795918,0.2953112244897959,0.29169795918367347,0.2908040816326531,0.3134214285714286,0.3088591836734694,0.31120918367346945,0.388102380952381,0.3868952380952381,0.3857761904761905,0.3816904761904762,0.38089285714285714,0.36845,0.3708714285714286,0.37725238095238095,0.38381904761904756,0.39404285714285714,0.38936190476190474,0.38527142857142865,0.3728452380952381,0.3707761904761904,0.3835309523809524,0.22785986394557825,0.2218034013605442,0.22096938775510208,0.22115170068027212,0.22198435374149658,0.2310571428571429,0.2285306122448979,0.22336258503401363,0.22054557823129248,0.2206843537414966,0.2229047619047619,0.22408707482993198,0.2294768707482993,0.2273530612244898,0.22731972789115648,Male,25,Adult,Adult,C,C,mms15m25_250Hz_gu2_AEP.conn
EES15F31,ees15f31_250Hz_gu1_AEP.conn,gu1,0.21778571428571433,0.21904285714285712,0.21287619047619044,0.2095047619047619,0.20991904761904764,0.2183238095238095,0.19482857142857143,0.1820238095238095,0.1846809523809524,0.21968571428571426,0.20781428571428573,0.2020761904761905,0.26004285714285713,0.2548952380952381,0.25230476190476187,0.32367999999999997,0.3259971428571428,0.3234714285714285,0.31858285714285717,0.3156,0.3336057142857142,0.3278771428571428,0.3195,0.31919142857142857,0.3219057142857143,0.31544000000000005,0.3097371428571428,0.3603342857142857,0.3517257142857143,0.3487942857142857,0.22179142857142856,0.2213142857142857,0.2320114285714286,0.2419142857142857,0.2403485714285714,0.24751714285714285,0.24421714285714285,0.2355,0.23542857142857146,0.2234657142857143,0.23233142857142858,0.24146285714285715,0.2582714285714286,0.2510257142857143,0.2371514285714286,0.24017040816326526,0.24123469387755098,0.24120306122448976,0.24267551020408162,0.24398673469387755,0.24185816326530613,0.2410183673469388,0.239569387755102,0.23953571428571432,0.23627040816326536,0.2373734693877551,0.23929591836734693,0.2575928571428572,0.2524091836734694,0.25069285714285716,0.26154523809523805,0.2629642857142857,0.26158571428571425,0.2653238095238096,0.2710619047619047,0.2595976190476191,0.2569833333333333,0.2621357142857143,0.26725238095238096,0.25058571428571424,0.24687380952380952,0.2512119047619048,0.2517119047619048,0.2551714285714286,0.24678809523809522,0.21995986394557826,0.21835238095238094,0.22095578231292515,0.22313537414965984,0.22122448979591838,0.2250142857142857,0.22637482993197272,0.2269544217687075,0.2229557823129252,0.22015374149659864,0.22070748299319726,0.2213625850340136,0.22003877551020407,0.2214938775510204,0.2252210884353741,Female,31,Adult,Adult,E,NC,ees15f31_250Hz_gu2_AEP.conn
MMS09F24,mms09f24_250Hz_gu1_AEP.conn,gu1,0.2674666666666667,0.2594619047619047,0.25885714285714284,0.2624904761904762,0.2694809523809523,0.27850952380952376,0.2740761904761904,0.2808809523809524,0.28264285714285714,0.2713238095238095,0.2667190476190476,0.27351904761904766,0.3165952380952381,0.3305142857142857,0.33442857142857135,0.40148285714285714,0.4019342857142857,0.3938914285714286,0.38688,0.3843142857142857,0.39015428571428573,0.3945428571428572,0.3947,0.3917485714285714,0.4024571428571429,0.3964114285714285,0.3925171428571429,0.4152828571428572,0.4154457142857143,0.42287428571428565,0.26144857142857136,0.26492571428571426,0.2593914285714286,0.25900857142857137,0.25961428571428574,0.2601885714285714,0.26164857142857145,0.2556342857142857,0.2494742857142857,0.25693428571428567,0.25202571428571424,0.25303714285714285,0.2499142857142857,0.24761999999999995,0.24848285714285717,0.27210612244897964,0.2748051020408163,0.2771030612244898,0.27741632653061227,0.27212040816326527,0.27927448979591835,0.27960816326530613,0.27796938775510205,0.27126122448979595,0.2771051020408163,0.2738510204081633,0.2727459183673469,0.2950193877551021,0.2907775510204082,0.2880642857142857,0.3604428571428571,0.35870714285714284,0.3568880952380953,0.35871666666666663,0.35637619047619057,0.35020000000000007,0.34838571428571424,0.34274523809523805,0.3387761904761905,0.3585428571428571,0.3560761904761905,0.35627619047619047,0.3537571428571428,0.35039523809523815,0.3555333333333333,0.2985074829931973,0.2950115646258504,0.29228571428571426,0.29102312925170065,0.2944176870748299,0.30659523809523814,0.30240544217687076,0.2977156462585034,0.2955408163265307,0.30068231292517006,0.29703197278911564,0.2940319727891157,0.3027292517006803,0.29881360544217694,0.30368979591836737,Female,24,Adult,Adult,C,C,mms09f24_250Hz_gu2_AEP.conn
MMS11F22,mms11f22_250Hz_gu1_AEP.conn,gu1,0.19455238095238095,0.211,0.21538095238095237,0.2088857142857143,0.2098142857142857,0.20166666666666666,0.1951142857142857,0.18664761904761903,0.18590952380952383,0.20257142857142854,0.20720952380952382,0.2040142857142857,0.22475238095238095,0.2194952380952381,0.24690476190476193,0.33148,0.3355142857142857,0.33300285714285716,0.33651714285714285,0.34181714285714293,0.3261514285714286,0.33634000000000003,0.34014285714285714,0.33982285714285715,0.3407428571428571,0.3398257142857143,0.3443428571428572,0.3589742857142857,0.36131142857142856,0.3540885714285714,0.3255314285714286,0.3313542857142857,0.3338857142857143,0.33062571428571425,0.3253371428571428,0.2999657142857143,0.30348857142857144,0.3185685714285714,0.32658571428571426,0.33262285714285716,0.3367057142857143,0.3288457142857143,0.30467714285714287,0.32130285714285717,0.32674000000000003,0.28103367346938785,0.27916734693877543,0.2764918367346939,0.2705989795918368,0.2690836734693877,0.27182142857142855,0.27005102040816326,0.267265306122449,0.26898775510204087,0.2799173469387755,0.27909897959183677,0.27390714285714285,0.28418163265306123,0.2794969387755102,0.28912346938775507,0.33127619047619045,0.3303928571428571,0.3244095238095238,0.32505000000000006,0.3218095238095238,0.33635238095238096,0.33599523809523807,0.33253809523809524,0.3300380952380952,0.3276714285714285,0.32553095238095237,0.33006428571428575,0.33405,0.328747619047619,0.32548095238095237,0.2284557823129252,0.22520068027210888,0.21887482993197274,0.22203945578231293,0.22734897959183667,0.22742380952380947,0.22917482993197277,0.23414557823129256,0.23579319727891163,0.2292156462585034,0.2248836734693878,0.22570204081632655,0.23204013605442175,0.23295238095238097,0.23537142857142856,Female,22,Adult,Tertiary,C,C,mms11f22_250Hz_gu2_AEP.conn
MMS08M24,mms08m24_250Hz_gu1_AEP.conn,gu1,0.21992380952380952,0.22254285714285715,0.22406666666666666,0.2234952380952381,0.22381428571428574,0.2384952380952381,0.2347809523809524,0.22261904761904763,0.2265,0.2256809523809524,0.22809999999999997,0.22842857142857143,0.2888428571428572,0.27676190476190476,0.2829809523809524,0.3655028571428572,0.3619485714285714,0.3582714285714286,0.35498571428571435,0.35522,0.3652628571428571,0.36442,0.36235428571428574,0.3556685714285715,0.36808,0.36436,0.36156571428571427,0.38038571428571427,0.3836628571428571,0.40123999999999993,0.3108742857142857,0.29819142857142855,0.28696285714285713,0.28235428571428567,0.2882028571428571,0.26832571428571433,0.2766942857142857,0.28946,0.2948257142857143,0.30250285714285713,0.29738000000000003,0.2977057142857143,0.2752200000000001,0.29219428571428574,0.3049085714285714,0.36583367346938783,0.3715959183673469,0.36823979591836736,0.3694295918367347,0.37021938775510205,0.3662602040816326,0.3658836734693878,0.36467346938775513,0.36390408163265303,0.37107857142857137,0.36992448979591847,0.37175,0.3801826530612244,0.38042244897959193,0.3902469387755102,0.4341285714285714,0.44256428571428574,0.44247857142857144,0.43732142857142864,0.4373333333333333,0.43353095238095235,0.4363761904761905,0.44117142857142855,0.4422238095238095,0.4427023809523809,0.44112142857142866,0.43893333333333334,0.4430023809523809,0.4311190476190476,0.42805,0.3320190476190476,0.32547482993197274,0.3216156462585034,0.3190557823129251,0.3209945578231293,0.3286945578231292,0.3303972789115647,0.32539931972789116,0.31965714285714286,0.32111768707483,0.3198374149659864,0.31571156462585026,0.32876394557823124,0.324008843537415,0.31922040816326525,Male,24,Adult,Adult,C,C,mms08m24_250Hz_gu2_AEP.conn
MMS12M23,mms12m23_250Hz_gu1_AEP.conn,gu1,0.18904285714285715,0.19186666666666666,0.18816666666666668,0.1893714285714286,0.1927,0.20667619047619046,0.21141428571428575,0.22099047619047618,0.22374761904761908,0.19818571428571427,0.19940476190476195,0.20342857142857143,0.26878571428571424,0.27867619047619047,0.24834285714285712,0.31995428571428575,0.3206685714285714,0.3173457142857143,0.3182028571428571,0.3184971428571428,0.3303714285714286,0.33286000000000004,0.33726285714285714,0.3449885714285714,0.3209342857142857,0.32051428571428564,0.3200742857142857,0.36717999999999995,0.36506571428571427,0.3522371428571428,0.28472,0.28758000000000006,0.2873085714285714,0.29457714285714287,0.2969542857142857,0.28823428571428567,0.2888914285714286,0.2904457142857143,0.2919,0.2823085714285714,0.2869742857142857,0.2948057142857143,0.28682,0.28575428571428574,0.2857828571428571,0.29385918367346936,0.29470816326530613,0.2958091836734694,0.2939734693877551,0.29246326530612254,0.29612857142857146,0.2983081632653062,0.29685,0.2971785714285714,0.293269387755102,0.2935397959183673,0.29252653061224493,0.3106785714285714,0.31092040816326527,0.30860714285714286,0.3693738095238095,0.37124285714285715,0.3721166666666667,0.37239047619047616,0.37124285714285715,0.3669119047619048,0.3800976190476191,0.38199523809523805,0.38324761904761906,0.3683380952380953,0.3698714285714286,0.368254761904762,0.37710952380952384,0.3819928571428572,0.3698642857142857,0.2239632653061224,0.22294693877551022,0.22539727891156455,0.2277442176870748,0.2279421768707483,0.22896258503401368,0.2326482993197279,0.23561496598639453,0.23491088435374147,0.21996802721088435,0.22598163265306118,0.2276013605442177,0.2275374149659864,0.2273285714285714,0.22909251700680272,Male,23,Adult,Adult,C,C,mms12m23_250Hz_gu2_AEP.conn
EES16F34,EES16f34_250Hz_gu1_AEP.conn,gu1,0.25956666666666667,0.26680476190476193,0.2745904761904762,0.2833904761904762,0.2901285714285714,0.2683047619047619,0.2565857142857143,0.25072857142857147,0.2546809523809524,0.2723857142857143,0.278952380952381,0.2860714285714286,0.3162857142857143,0.3094333333333333,0.32972857142857137,0.3936314285714285,0.39833999999999997,0.4005657142857143,0.40465999999999996,0.40821428571428575,0.38996,0.3934914285714286,0.3984028571428571,0.3942571428571428,0.40014000000000005,0.4014257142857143,0.40877428571428565,0.42401142857142854,0.42931714285714284,0.42245999999999995,0.4000342857142857,0.4025257142857142,0.3993542857142858,0.40244857142857143,0.40320857142857136,0.3918028571428571,0.3993171428571428,0.40198857142857136,0.40435999999999994,0.40204571428571434,0.4029571428571429,0.4088342857142857,0.3832742857142857,0.3879771428571428,0.3898742857142857,0.3595459183673469,0.3613744897959184,0.3611663265306122,0.3607469387755103,0.35854183673469386,0.3563265306122449,0.3543193877551021,0.3547979591836735,0.3594489795918367,0.364654081632653,0.3637173469387755,0.3618469387755102,0.37423367346938774,0.3740918367346939,0.37613469387755094,0.4683119047619048,0.46818571428571426,0.4701142857142857,0.4749904761904762,0.4739595238095238,0.4648690476190476,0.4710119047619048,0.4733214285714286,0.47566428571428565,0.47791904761904763,0.4768142857142857,0.4803833333333332,0.47547142857142854,0.47303809523809526,0.4738,0.3447755102040816,0.3421904761904762,0.3402972789115647,0.341543537414966,0.34300408163265306,0.3488027210884353,0.3466482993197279,0.34569455782312924,0.34224013605442183,0.3463863945578231,0.3451034013605443,0.34240000000000004,0.348430612244898,0.3446306122448979,0.3471789115646259,Female,34,Adult,Adult,E,NC,EES16f34_250Hz_gu2_AEP.conn
EES12F24,ees12f24_250Hz_gu1_AEP.conn,gu1,0.2363476190476191,0.24031904761904763,0.24134761904761903,0.24113333333333334,0.24285714285714285,0.2318190476190476,0.23773809523809522,0.26579523809523814,0.2600428571428572,0.24225238095238097,0.2483952380952381,0.24994285714285713,0.2885619047619048,0.3018571428571428,0.3118476190476191,0.32761142857142855,0.3371571428571429,0.34625428571428574,0.35166857142857144,0.35645142857142853,0.3530771428571428,0.35957428571428574,0.3735057142857142,0.3636142857142857,0.32541428571428577,0.3405857142857143,0.35634,0.38887428571428573,0.39357428571428565,0.36656,0.2978457142857143,0.2988828571428571,0.30096857142857136,0.30790571428571434,0.29804285714285716,0.3211171428571428,0.3083857142857143,0.3075142857142857,0.3017542857142857,0.3054514285714286,0.3065114285714286,0.31180857142857143,0.3180657142857143,0.31319428571428576,0.33381714285714287,0.3361428571428572,0.3354071428571429,0.33497142857142853,0.33591530612244896,0.34399795918367343,0.36241530612244904,0.355684693877551,0.34745918367346934,0.3427275510204081,0.33110000000000006,0.3332724489795918,0.3353387755102041,0.37083469387755097,0.361719387755102,0.34710816326530614,0.41598095238095234,0.4194571428571428,0.4259595238095238,0.4285380952380952,0.4289619047619047,0.4366357142857143,0.4199761904761905,0.4175738095238095,0.42137380952380954,0.4244261904761904,0.4273714285714285,0.4277261904761905,0.41796904761904763,0.41235,0.4199,0.3215585034013606,0.3225952380952381,0.3216843537414967,0.31964217687074825,0.3193979591836735,0.33280884353741497,0.3326292517006803,0.330304081632653,0.32341972789115647,0.32100680272108845,0.3242428571428571,0.3206775510204081,0.32691020408163274,0.3282659863945578,0.32506190476190483,Female,24,Adult,Adult,E,NC,ees12f24_250Hz_gu2_AEP.conn
EES17F38,EES17F38_250Hz_gu1_AEP.conn,gu1,0.18067142857142857,0.17344285714285712,0.16090000000000002,0.1530047619047619,0.1487238095238095,0.1780857142857143,0.17342380952380954,0.16926666666666665,0.16966190476190476,0.17224761904761907,0.1608952380952381,0.15379047619047617,0.19274761904761906,0.18944761904761906,0.19784285714285713,0.2716171428571429,0.26904285714285714,0.2671971428571428,0.26450285714285715,0.26282857142857147,0.26425428571428566,0.25771714285714287,0.2521942857142857,0.24949142857142856,0.26427428571428574,0.2599371428571428,0.2593942857142857,0.2675314285714286,0.2705371428571429,0.2792485714285714,0.20321142857142854,0.2085085714285714,0.21330571428571427,0.20863714285714288,0.20794857142857145,0.21163142857142855,0.22142,0.22826,0.22326857142857143,0.2053142857142857,0.21071714285714283,0.21302285714285712,0.2109828571428572,0.22290571428571426,0.19892285714285712,0.18949183673469389,0.18845714285714288,0.19250612244897955,0.19504897959183679,0.1984918367346939,0.1984663265306122,0.20264591836734697,0.20426428571428573,0.20091734693877553,0.18553877551020403,0.19284387755102042,0.1941979591836734,0.2180622448979592,0.22032551020408167,0.21004183673469387,0.26432142857142854,0.2588404761904762,0.25427142857142854,0.25806428571428575,0.2564904761904762,0.2611071428571428,0.26032857142857146,0.25997619047619047,0.2617238095238095,0.25245,0.2476690476190476,0.2534952380952381,0.26529285714285716,0.27334523809523814,0.2537904761904762,0.1870659863945578,0.18582312925170066,0.1829482993197279,0.18206870748299323,0.18488367346938775,0.18328911564625847,0.1855469387755102,0.18937823129251702,0.19013129251700683,0.18682176870748296,0.1859469387755102,0.185174149659864,0.17985034013605444,0.18520680272108847,0.1930659863945578,Female,38,Adult,Adult,E,NC,EES17F38_250Hz_gu2_AEP.conn
EES13M27,ees13m27_250Hz_gu1_AEP.conn,gu1,0.3128190476190476,0.3171238095238096,0.3175142857142857,0.3205047619047619,0.32474761904761906,0.34,0.3272809523809524,0.3258142857142857,0.32004285714285713,0.3116333333333334,0.3127,0.3168666666666667,0.36590476190476195,0.3655142857142857,0.36471428571428577,0.39106857142857143,0.3941971428571428,0.3938771428571428,0.3911542857142857,0.3923914285714286,0.3893057142857143,0.39291714285714285,0.40396857142857134,0.40106,0.3958885714285714,0.3927771428571428,0.3892885714285715,0.41270285714285715,0.41932285714285705,0.4119857142857143,0.2983057142857143,0.2959542857142857,0.29622571428571426,0.29469142857142855,0.2920857142857143,0.31648571428571426,0.3170314285714286,0.32412857142857143,0.3262771428571428,0.29992857142857143,0.3030542857142858,0.2984828571428571,0.31540285714285715,0.32083999999999996,0.30637142857142863,0.3205908163265306,0.31903367346938777,0.31671428571428567,0.3185867346938775,0.3223765306122449,0.3199326530612244,0.32089387755102033,0.32130918367346933,0.3196,0.3158928571428571,0.3159122448979592,0.3184479591836734,0.3329775510204081,0.329484693877551,0.32732959183673466,0.3871142857142857,0.39159285714285713,0.39037142857142865,0.3914761904761905,0.38598809523809524,0.3928309523809524,0.3896833333333333,0.3868261904761905,0.3890595238095238,0.39321190476190476,0.39155238095238093,0.39151904761904754,0.389502380952381,0.39233333333333337,0.39304523809523806,0.2979578231292517,0.29817619047619054,0.29545170068027204,0.29424557823129244,0.2932687074829932,0.29499183673469387,0.2953210884353742,0.29629795918367346,0.30052789115646256,0.29553061224489796,0.29341836734693877,0.2943054421768708,0.29045986394557827,0.29193469387755094,0.2978761904761905,Male,27,Adult,Adult,E,NC,ees13m27_250Hz_gu2_AEP.conn
MMS17M25,mms17m25_250Hz_gu1_AEP.conn,gu1,0.23079523809523808,0.22713809523809525,0.23206190476190477,0.2446047619047619,0.24199523809523807,0.25789999999999996,0.24003333333333332,0.2325047619047619,0.24273333333333333,0.22532857142857143,0.2280904761904762,0.2342523809523809,0.29656190476190475,0.28303809523809526,0.2744,0.3069114285714286,0.31516000000000005,0.3249257142857142,0.3253114285714286,0.31477714285714287,0.31484,0.31773999999999997,0.3168028571428571,0.3232114285714286,0.3190571428571428,0.3223142857142857,0.3236457142857143,0.34807714285714286,0.34854,0.34477142857142856,0.3277285714285715,0.32545714285714283,0.32389142857142855,0.3232942857142857,0.31341142857142856,0.32746,0.33327142857142855,0.3372914285714286,0.3418857142857144,0.32379714285714284,0.31959428571428566,0.3165542857142857,0.32966285714285715,0.33685714285714285,0.3226742857142857,0.3178724489795918,0.3189602040816326,0.3240765306122449,0.32477244897959184,0.3251969387755102,0.3292459183673469,0.32811326530612245,0.325834693877551,0.3278326530612245,0.32406530612244894,0.3267081632653061,0.327415306122449,0.34665816326530613,0.34382448979591845,0.34480102040816324,0.40784523809523804,0.41178333333333333,0.41449047619047613,0.4173880952380953,0.41341904761904763,0.41835952380952385,0.40871904761904765,0.41305,0.4173809523809524,0.41489761904761907,0.4151666666666667,0.4189309523809524,0.415302380952381,0.4080952380952381,0.4053809523809524,0.3018156462585034,0.30200204081632653,0.30217278911564627,0.3004034013605443,0.29926938775510203,0.3106789115646259,0.3064768707482993,0.3042054421768706,0.30366870748299324,0.3041027210884354,0.3059646258503401,0.3052244897959184,0.3060986394557823,0.30699319727891156,0.30842448979591836,Male,25,Adult,Adult,C,C,mms17m25_250Hz_gu2_AEP.conn
MMS07F25A,mms07f25A_250Hz_gu1_AEP.conn,gu1,0.2488857142857143,0.2469095238095238,0.24722857142857144,0.2459285714285715,0.2413761904761905,0.23915238095238092,0.2362857142857143,0.2403952380952381,0.2423333333333333,0.25954285714285713,0.2674095238095238,0.2659142857142857,0.30273809523809525,0.3077380952380952,0.3302333333333333,0.3537057142857143,0.3489942857142857,0.3488371428571429,0.35037142857142856,0.3500057142857143,0.3577714285714285,0.3461971428571428,0.3382742857142857,0.33652571428571426,0.3589257142857143,0.35998571428571424,0.36029428571428573,0.37614857142857144,0.3728828571428571,0.38499142857142854,0.27701428571428566,0.28368571428571426,0.2854514285714286,0.2869857142857143,0.29048857142857143,0.28468,0.2760571428571429,0.2763371428571429,0.27792000000000006,0.2846571428571429,0.2804514285714286,0.28093714285714283,0.27366571428571423,0.26986857142857146,0.2676085714285715,0.21842448979591836,0.21695204081632652,0.21341428571428572,0.20831020408163264,0.21354999999999993,0.2320030612244898,0.2287612244897959,0.2213938775510204,0.2126122448979592,0.21421224489795923,0.21278571428571427,0.21043367346938777,0.24780204081632654,0.2400622448979592,0.2372224489795918,0.2963,0.29533095238095236,0.29555000000000003,0.29774523809523806,0.2951523809523809,0.3005928571428571,0.2985619047619048,0.29801428571428573,0.30674285714285715,0.29291904761904763,0.2968976190476191,0.29896666666666666,0.2897904761904762,0.28644285714285717,0.30034285714285713,0.23208571428571428,0.23222857142857145,0.23277823129251698,0.2330843537414966,0.2370176870748299,0.2287591836734694,0.23062108843537413,0.23427823129251701,0.23465510204081633,0.2278952380952381,0.22858503401360541,0.22951700680272116,0.23538707482993196,0.23516190476190474,0.23165102040816327,Female,25,Adult,Adult,C,C,mms07f25A_250Hz_gu2_AEP.conn
R16E05G10,R16E05g10_info1_250Hz_gu1_AEP.conn,gu1,0.2594952380952381,0.2778666666666667,0.28318095238095237,0.28521904761904765,0.28353809523809526,0.27530476190476194,0.2840142857142857,0.291852380952381,0.28696666666666665,0.30656190476190476,0.3110285714285714,0.30583333333333335,0.3106809523809524,0.31603333333333333,0.3624380952380952,0.34906857142857145,0.3581971428571429,0.35962285714285713,0.3572714285714286,0.35211714285714285,0.34818,0.3534628571428572,0.34959428571428575,0.3458342857142857,0.3616028571428571,0.36378571428571427,0.36680857142857143,0.37172285714285713,0.36992,0.38247428571428566,0.26319714285714285,0.2653,0.26602,0.2673542857142857,0.25862,0.25380857142857144,0.26453714285714286,0.26981428571428573,0.26886,0.2688028571428572,0.2643428571428571,0.2605942857142857,0.2565428571428571,0.26254571428571427,0.25296,0.3312122448979592,0.33112551020408165,0.328788775510204,0.32916326530612244,0.3267632653061225,0.3303673469387755,0.3344744897959184,0.3315377551020408,0.3287285714285715,0.3344836734693878,0.333265306122449,0.3325744897959183,0.34705408163265306,0.34358367346938784,0.3501530612244898,0.4429619047619047,0.43536428571428565,0.43408571428571424,0.43894285714285713,0.4413,0.4345142857142858,0.4386952380952381,0.4387976190476191,0.43816190476190475,0.4350380952380952,0.4292833333333333,0.437697619047619,0.43548571428571425,0.4336,0.41561904761904755,0.3211673469387756,0.3229782312925171,0.33245374149659856,0.33742176870748297,0.3425210884353741,0.3203571428571429,0.32184489795918364,0.3283421768707483,0.33458299319727897,0.32416938775510207,0.3337102040816326,0.33933605442176873,0.3209843537414966,0.32626870748299314,0.3276414965986395,Female,10,8-12,Elementary,E,NC,R16E05g10_info1_250Hz_gu2_AEP.conn
R16E01Y10G,R16E01y10g_info1_250Hz_gu1_AEP.conn,gu1,0.24369523809523808,0.2462333333333334,0.23647142857142855,0.22747142857142857,0.22329047619047623,0.22502380952380951,0.22430952380952382,0.23216666666666672,0.22713809523809525,0.23840952380952385,0.22910952380952376,0.22074285714285713,0.2647285714285714,0.2690238095238095,0.2865857142857143,0.33595714285714284,0.34001714285714285,0.34475142857142854,0.3392571428571428,0.33314857142857146,0.3405114285714285,0.3430971428571429,0.34313142857142864,0.3337828571428571,0.32583428571428574,0.32934571428571424,0.3324771428571428,0.36757428571428574,0.36044285714285706,0.34942571428571423,0.26367142857142856,0.2688628571428572,0.2701742857142857,0.2676,0.25325142857142857,0.2651485714285714,0.2715971428571428,0.27089428571428575,0.2617285714285714,0.27144,0.2741542857142857,0.26703714285714286,0.2592285714285714,0.25432571428571427,0.26587714285714287,0.2933673469387755,0.29737653061224495,0.2999918367346939,0.2957030612244898,0.2907091836734694,0.29228673469387756,0.28898061224489796,0.27897653061224487,0.2812275510204082,0.2955744897959184,0.2970785714285714,0.28787142857142856,0.3012979591836734,0.29715204081632646,0.3030744897959184,0.38077619047619055,0.38267619047619045,0.38962142857142856,0.3951142857142857,0.38992857142857146,0.3907904761904762,0.3812976190476191,0.3789571428571428,0.3859047619047619,0.3847904761904762,0.3930952380952381,0.39581428571428573,0.3891761904761905,0.39030000000000004,0.394895238095238,0.2935013605442177,0.2977,0.2970061224489796,0.29120000000000007,0.2879210884353742,0.28992585034013607,0.2874959183673469,0.2959714285714285,0.2977816326530612,0.29456394557823123,0.2936326530612245,0.28990000000000005,0.28673741496598637,0.29490068027210886,0.3037244897959184,Female,10,8-12,Elementary,E,NC,R16E01y10g_info1_250Hz_gu2_AEP.conn
R16E20B4,R16E20b4_info1_250Hz_gu1_AEP.conn,gu1,0.32277142857142865,0.33975714285714287,0.3555142857142857,0.35324285714285714,0.3587476190476191,0.4137714285714286,0.4034380952380952,0.38056666666666666,0.3630428571428572,0.3413095238095238,0.35003333333333336,0.34164761904761914,0.43024285714285715,0.42060000000000003,0.3735380952380953,0.44675142857142847,0.4561828571428571,0.4627657142857142,0.45170857142857146,0.4555142857142857,0.42909428571428576,0.42579142857142854,0.4222228571428571,0.42145714285714286,0.46619428571428567,0.4724342857142857,0.46025142857142864,0.46312571428571425,0.4575828571428572,0.49142,0.38044857142857136,0.38146285714285716,0.3720571428571428,0.3669285714285714,0.3637771428571428,0.3662914285714286,0.37610857142857146,0.3700428571428571,0.3707142857142857,0.3789285714285714,0.3681114285714286,0.35922857142857145,0.37393714285714286,0.36685142857142855,0.3545057142857143,0.41000306122448976,0.411184693877551,0.4061897959183673,0.40624693877551027,0.40782040816326537,0.4053897959183674,0.4044928571428571,0.4024244897959183,0.40380000000000005,0.41445306122448977,0.41362040816326534,0.4110673469387755,0.4175163265306122,0.4111683673469389,0.4297571428571429,0.4560976190476191,0.45339999999999997,0.4524380952380953,0.4680690476190476,0.47854761904761905,0.4785690476190476,0.476,0.4787714285714286,0.47246666666666665,0.45321666666666666,0.4587880952380952,0.4716928571428572,0.4906857142857142,0.4816238095238095,0.46575000000000005,0.3856326530612244,0.3887020408163265,0.3897775510204081,0.38668231292517014,0.3848775510204082,0.3907360544217687,0.3928360544217688,0.3953312925170068,0.39509251700680276,0.38870068027210875,0.38853741496598626,0.3865231292517007,0.39399455782312937,0.39464897959183665,0.3904360544217687,Male,4,5-7,Elementary,E,NC,R16E20b4_info1_250Hz_gu2_AEP.conn
R16E09G10,R16E09g10_info1_250Hz_gu1_AEP.conn,gu1,0.31767142857142855,0.31961904761904764,0.31860952380952384,0.3094190476190476,0.2987095238095238,0.28727142857142857,0.2944428571428572,0.30744285714285713,0.3047142857142857,0.32443333333333335,0.324904761904762,0.3174904761904762,0.32907142857142857,0.3506428571428571,0.366052380952381,0.40623714285714285,0.4109057142857143,0.40209142857142854,0.3943257142857143,0.39358,0.39974571428571426,0.40296857142857145,0.4015114285714286,0.39466285714285715,0.40959142857142855,0.4040285714285714,0.4024171428571428,0.42259714285714284,0.42733999999999994,0.42793714285714285,0.32132571428571427,0.3261428571428572,0.33044571428571434,0.32876285714285713,0.3249114285714286,0.3239714285714286,0.3157085714285714,0.30934857142857136,0.3107685714285714,0.33041428571428566,0.33587428571428574,0.3339285714285714,0.3153771428571429,0.3124342857142858,0.3317314285714287,0.39393163265306125,0.3918969387755102,0.3980071428571429,0.4019122448979591,0.4021397959183673,0.4051622448979592,0.4068244897959184,0.4119836734693877,0.4139581632653061,0.3994244897959183,0.40355,0.4067602040816327,0.4170367346938776,0.42488673469387755,0.4171551020408164,0.48178571428571426,0.47670714285714283,0.46730000000000005,0.46404285714285715,0.4648833333333333,0.48282857142857144,0.47928333333333345,0.47458571428571433,0.4756547619047618,0.47257857142857146,0.47029285714285707,0.46872142857142857,0.46974523809523805,0.4506904761904762,0.46549285714285715,0.3196272108843537,0.3188190476190476,0.3170040816326531,0.31789115646258503,0.3212027210884354,0.32389251700680277,0.3179727891156463,0.31835170068027213,0.32466870748299326,0.3176959183673469,0.3184020408163266,0.31799319727891157,0.31606054421768703,0.31422244897959184,0.31603809523809523,Female,10,8-12,Elementary,E,NC,R16E09g10_info1_250Hz_gu2_AEP.conn
R16S12G8,R16S12g8_info1_250Hz_gu1_AEP.conn,gu1,0.27577142857142856,0.27578571428571425,0.27308095238095237,0.27435238095238096,0.27744285714285716,0.2922047619047619,0.2907666666666666,0.2827571428571429,0.28607619047619043,0.2921380952380952,0.2904761904761905,0.2909952380952381,0.35300000000000004,0.3499714285714286,0.33849999999999997,0.38484,0.3828542857142857,0.3821714285714285,0.3842371428571429,0.3877028571428571,0.37847428571428565,0.38304000000000005,0.38607142857142857,0.3860314285714286,0.39714285714285713,0.39276,0.38548,0.41254,0.42100857142857145,0.42236571428571434,0.3623971428571429,0.3551371428571429,0.3454542857142857,0.33916857142857143,0.34326285714285715,0.32924571428571425,0.33449428571428574,0.33061714285714283,0.32765714285714287,0.35351428571428567,0.35402857142857147,0.34414,0.3296885714285714,0.3352514285714286,0.3635171428571428,0.40002448979591837,0.3991642857142858,0.39376020408163265,0.3887897959183674,0.39089591836734694,0.3868520408163265,0.38832244897959184,0.3902724489795918,0.3951367346938774,0.3991918367346939,0.3919948979591837,0.3878795918367347,0.40159897959183677,0.40224489795918367,0.408365306122449,0.39050238095238093,0.3922309523809524,0.3993380952380952,0.39559285714285713,0.3866285714285714,0.4029619047619048,0.40074761904761896,0.40481666666666666,0.4180595238095239,0.3858904761904762,0.3935142857142857,0.3925642857142857,0.40656190476190485,0.41944047619047614,0.40321190476190477,0.29794013605442177,0.29675578231292515,0.2956619047619048,0.29443877551020414,0.295765306122449,0.2967714285714286,0.29882653061224485,0.30119931972789116,0.29859659863945576,0.2955027210884354,0.29794557823129253,0.2989183673469388,0.2969238095238095,0.29626122448979597,0.30716530612244897,Female,8,8-12,Elementary,S,NC,R16S12g8_info1_250Hz_gu2_AEP.conn
R16L01SY06,R16L01sy06_info1_250Hz_gu1_AEP.conn,gu1,0.24421904761904764,0.23972857142857143,0.2329904761904762,0.23330952380952383,0.24163333333333328,0.25712380952380953,0.24439047619047619,0.23183809523809526,0.22609523809523804,0.24619523809523805,0.2324190476190476,0.22655714285714282,0.3012761904761905,0.2960857142857143,0.28728571428571426,0.3251142857142857,0.31736571428571425,0.31153714285714285,0.3134314285714285,0.31460857142857146,0.31969714285714285,0.3074914285714286,0.29685428571428574,0.3009914285714286,0.3118914285714286,0.3088628571428571,0.3098371428571428,0.3260171428571429,0.32008,0.34308285714285713,0.27871999999999997,0.2732257142857143,0.28754,0.29298,0.2875428571428572,0.27687142857142855,0.2770428571428571,0.28088857142857143,0.28492285714285714,0.2785742857142857,0.2890285714285715,0.2935142857142857,0.28821714285714284,0.2934800000000001,0.28968,0.39416122448979596,0.3984469387755102,0.3999448979591837,0.40199387755102034,0.4024918367346939,0.4028561224489796,0.40807653061224486,0.4102918367346939,0.41075306122448974,0.40497857142857135,0.4064020408163266,0.40692346938775514,0.4213663265306123,0.4237489795918367,0.4232836734693877,0.47418571428571427,0.47576666666666667,0.47165238095238093,0.4663880952380952,0.4631404761904762,0.4753809523809524,0.4773333333333334,0.4765309523809524,0.4755785714285716,0.4735309523809524,0.4726333333333333,0.46924761904761897,0.47575714285714293,0.47108571428571433,0.48294047619047614,0.3712904761904761,0.3680530612244897,0.36536394557823126,0.36558231292516996,0.36765646258503404,0.3689884353741496,0.37391360544217683,0.3739190476190477,0.3787557823129251,0.3700625850340136,0.3681129251700681,0.3682687074829933,0.3707571428571429,0.36770068027210884,0.36922312925170064,Female,6,5-7,Elementary,S,NC,R16L01sy06_info1_250Hz_gu2_AEP.conn
R16S17G6,R16S17g6_info1_250Hz_gu1_AEP.conn,gu1,0.28143333333333337,0.28063809523809524,0.2735095238095238,0.2709190476190476,0.2684952380952381,0.2953857142857143,0.28639523809523815,0.2658666666666667,0.25191428571428576,0.2929809523809524,0.2773047619047619,0.27622380952380954,0.3423857142857143,0.3270380952380952,0.3071761904761905,0.3711885714285715,0.3711228571428572,0.37133142857142853,0.38151999999999997,0.40003714285714287,0.3912742857142857,0.39354000000000006,0.39198285714285713,0.3913628571428572,0.3815657142857143,0.382,0.39206285714285716,0.42446857142857136,0.42633142857142864,0.40118,0.3564885714285715,0.3596571428571429,0.3562114285714285,0.35453428571428575,0.3513628571428572,0.35191714285714293,0.34841142857142854,0.3530457142857143,0.3513714285714286,0.36326857142857144,0.35772857142857145,0.35248285714285715,0.3405742857142857,0.34365999999999997,0.34454285714285715,0.3836724489795918,0.3844326530612245,0.3836234693877551,0.38259999999999994,0.3786020408163266,0.389730612244898,0.391765306122449,0.39505102040816326,0.3928642857142856,0.38819999999999993,0.3842020408163266,0.38247040816326533,0.4059,0.4068295918367347,0.4023091836734694,0.4205166666666667,0.4276738095238095,0.42784285714285714,0.42626190476190473,0.42495952380952384,0.43167142857142865,0.4304928571428572,0.43140952380952385,0.43212619047619044,0.42018333333333335,0.41716904761904766,0.41598571428571424,0.4304095238095238,0.4391095238095238,0.4156738095238095,0.2690034013605442,0.26664217687074837,0.2698462585034014,0.27327414965986396,0.27037482993197276,0.2769360544217687,0.2760272108843537,0.2773210884353742,0.27794489795918365,0.26479591836734695,0.2694462585034014,0.27253333333333335,0.27350680272108846,0.2737374149659864,0.2741095238095238,Female,6,5-7,Elementary,S,NC,R16S17g6_info1_250Hz_gu2_AEP.conn
R16BF06G8,R16BF06g8_info1_250Hz_gu1_AEP.conn,gu1,0.4214428571428572,0.40982857142857143,0.4054523809523809,0.4080571428571429,0.417,0.41702857142857147,0.43270952380952377,0.44078095238095233,0.4375809523809524,0.3955,0.3938761904761905,0.39957142857142863,0.43401428571428574,0.43966666666666665,0.4192666666666666,0.43132857142857145,0.4320428571428572,0.43304857142857145,0.44074,0.44342,0.4566,0.45813999999999994,0.4646714285714285,0.4696885714285714,0.4277942857142857,0.4293514285714286,0.4348257142857143,0.4726514285714286,0.47606000000000004,0.4440885714285715,0.44342000000000004,0.4457171428571428,0.4536257142857143,0.45122,0.44555999999999996,0.4662,0.4637771428571429,0.4605742857142857,0.4550257142857143,0.43387714285714285,0.4376714285714286,0.4323,0.4628399999999999,0.4556342857142857,0.4314571428571428,0.46128673469387754,0.46357448979591837,0.46228061224489797,0.4619673469387755,0.4609163265306123,0.46144795918367354,0.462180612244898,0.4626581632653061,0.4632295918367347,0.46425204081632654,0.46341020408163264,0.4603765306122449,0.4729836734693878,0.4730377551020407,0.4815448979591837,0.5483404761904761,0.5534428571428571,0.5566952380952381,0.5567642857142857,0.5550595238095237,0.5487666666666667,0.5459214285714286,0.5452404761904762,0.5529214285714286,0.559747619047619,0.563097619047619,0.5596880952380953,0.5527952380952382,0.546345238095238,0.5505904761904762,0.47801768707482994,0.48099795918367355,0.48431428571428575,0.4869238095238095,0.4865510204081633,0.4779054421768708,0.47780476190476184,0.47828911564625853,0.4760292517006802,0.48446530612244904,0.4886755102040816,0.4901959183673469,0.47663265306122443,0.47764013605442174,0.48722517006802724,Female,8,8-12,Elementary,S,NC,R16BF06g8_info1_250Hz_gu2_AEP.conn
R16E02Y06B,R16E02y06b_info1_250Hz_gu1_AEP.conn,gu1,0.3881571428571429,0.38545238095238094,0.3889714285714286,0.397747619047619,0.40629523809523804,0.3760619047619047,0.40352857142857146,0.4006238095238095,0.4111904761904763,0.3951761904761905,0.39885714285714285,0.4071428571428571,0.38721904761904763,0.3911761904761905,0.41216666666666674,0.49946,0.49717142857142854,0.4981857142857143,0.5030771428571428,0.50414,0.500697142857143,0.5000200000000001,0.49699142857142853,0.5042485714285714,0.5039885714285715,0.5042628571428571,0.5114257142857144,0.5174000000000001,0.5175771428571428,0.5044914285714286,0.51838,0.5096285714285714,0.5072142857142856,0.5124199999999999,0.5107428571428572,0.5264142857142856,0.5313742857142858,0.54104,0.5421914285714285,0.5150114285714286,0.51222,0.51356,0.5161371428571428,0.5299714285714285,0.4955228571428571,0.45483673469387753,0.4496295918367347,0.4458857142857142,0.44468775510204067,0.4460571428571429,0.44818367346938776,0.4492418367346938,0.4446571428571428,0.4419938775510204,0.4386530612244897,0.43923163265306125,0.4419642857142857,0.46064897959183676,0.45506836734693873,0.44397346938775506,0.5412214285714286,0.5405142857142857,0.5402880952380953,0.5387619047619048,0.5322214285714285,0.5386071428571428,0.521902380952381,0.5283761904761906,0.5239595238095239,0.5319690476190476,0.5313023809523808,0.5300738095238094,0.5251690476190477,0.525104761904762,0.511407142857143,0.43303741496598636,0.43306666666666666,0.43181224489795916,0.4286061224489795,0.4259428571428572,0.4149578231292517,0.41978911564625854,0.4233823129251701,0.4210748299319727,0.43671972789115643,0.43636326530612246,0.4347394557823128,0.42151292517006794,0.42416190476190474,0.44052721088435376,Female,6,5-7,Elementary,E,NC,R16E02y06b_info1_250Hz_gu2_AEP.conn
R16A02G05B,R16A02g05b_info1_250Hz_gu1_AEP.conn,gu1,0.3004809523809524,0.3059619047619047,0.30285238095238093,0.2880380952380952,0.2761857142857143,0.2330095238095238,0.2312047619047619,0.2606523809523809,0.2918619047619047,0.3050380952380953,0.29646190476190476,0.2884047619047619,0.2648095238095238,0.2829285714285714,0.29364285714285715,0.36422571428571426,0.35205142857142857,0.3576714285714286,0.36149714285714285,0.36217142857142853,0.35251142857142853,0.36018285714285714,0.38315999999999995,0.39828,0.3497514285714286,0.3579771428571429,0.3690571428571429,0.39686285714285713,0.4140485714285715,0.40254857142857137,0.4252714285714285,0.4205914285714285,0.4115914285714286,0.4157085714285714,0.41761142857142863,0.44718285714285716,0.44244571428571416,0.4460085714285714,0.44155714285714287,0.4323742857142857,0.42384000000000005,0.42618285714285714,0.44638285714285714,0.44355714285714287,0.43644285714285724,0.3295765306122448,0.33813673469387756,0.33884081632653057,0.33333775510204083,0.3300775510204082,0.3164724489795918,0.3182163265306123,0.32155000000000006,0.3233989795918367,0.332465306122449,0.33395408163265305,0.33441530612244896,0.34742448979591833,0.3457724489795918,0.35580612244897963,0.4693738095238096,0.47640714285714286,0.47808095238095244,0.47842142857142855,0.46297857142857146,0.4644809523809523,0.47310238095238094,0.4768357142857143,0.47717380952380956,0.47749761904761906,0.4791904761904762,0.47996666666666665,0.47888809523809517,0.4734452380952381,0.4675476190476191,0.35613741496598644,0.36079999999999995,0.3627721088435374,0.354369387755102,0.3482571428571428,0.35711904761904767,0.3592149659863946,0.3635755102040817,0.356856462585034,0.3653380952380953,0.3630210884353741,0.3536408163265306,0.3643102040816326,0.3646843537414966,0.35997346938775504,Female,5,5-7,Elementary,A,NC,R16A02g05b_info1_250Hz_gu2_AEP.conn
R16E14B10,R16E14b10_info1_250Hz_gu1_AEP.conn,gu1,0.19267619047619047,0.19907142857142857,0.20144761904761901,0.20542380952380954,0.2033142857142857,0.19720000000000001,0.19374761904761906,0.18645714285714285,0.18133333333333335,0.20535238095238098,0.20145714285714286,0.19768095238095237,0.2528047619047619,0.24687142857142855,0.24695238095238092,0.29699714285714285,0.3025285714285714,0.30281714285714284,0.30756285714285714,0.30736285714285716,0.29910857142857145,0.2978142857142857,0.29913999999999996,0.29805714285714285,0.29844857142857145,0.29873142857142854,0.3047114285714286,0.3207685714285714,0.31788571428571427,0.32979714285714284,0.32254285714285713,0.32096285714285716,0.32380857142857145,0.3258942857142857,0.32404285714285713,0.32029428571428575,0.31526857142857145,0.3190342857142857,0.3192857142857143,0.32602857142857145,0.3304914285714286,0.3309,0.32188,0.32382285714285713,0.33351428571428565,0.337284693877551,0.3393551020408164,0.3398663265306123,0.33750816326530614,0.33314591836734697,0.3183224489795919,0.3196367346938776,0.324865306122449,0.3262632653061225,0.34011122448979586,0.33980612244897956,0.33656020408163273,0.3370989795918367,0.3447561224489796,0.35333877551020404,0.3855619047619047,0.38067619047619045,0.38160952380952384,0.38353333333333334,0.38711428571428574,0.39814047619047616,0.39699761904761904,0.39412380952380954,0.39063571428571425,0.3774595238095238,0.37899761904761897,0.38043571428571427,0.3875714285714285,0.38735238095238095,0.38289761904761904,0.2823986394557823,0.284130612244898,0.2846680272108843,0.28423537414965994,0.28529795918367357,0.28037687074829926,0.2781013605442177,0.27666530612244894,0.2761721088435373,0.2827897959183674,0.28337551020408164,0.2837353741496598,0.27457414965986393,0.2729292517006802,0.28646802721088427,Male,10,8-12,Elementary,E,NC,R16E14b10_info1_250Hz_gu2_AEP.conn
R16A07B12,R16A07b12_info1_250Hz_gu1_AEP.conn,gu1,0.3136761904761905,0.3267142857142857,0.3447428571428571,0.34590000000000004,0.3387952380952381,0.35291904761904763,0.3369952380952381,0.321552380952381,0.3384238095238095,0.3244666666666666,0.3548809523809524,0.36279047619047616,0.37057142857142855,0.3551571428571429,0.39152380952380944,0.43492,0.41941428571428574,0.4082914285714286,0.4046742857142857,0.3987942857142857,0.4175314285714286,0.43088,0.44223714285714283,0.4412542857142857,0.4165857142857143,0.4152571428571429,0.42252,0.44230857142857144,0.44849714285714287,0.45898571428571433,0.33605142857142856,0.3302,0.32175428571428566,0.33653999999999995,0.32849142857142855,0.34992571428571434,0.3418514285714286,0.3730714285714285,0.36636,0.34535142857142864,0.3372657142857142,0.3380657142857143,0.35189428571428566,0.3801628571428572,0.33696571428571426,0.3792897959183673,0.3740897959183674,0.3727734693877551,0.3753887755102041,0.38265510204081626,0.3986112244897959,0.38810408163265303,0.38684795918367343,0.38553979591836735,0.3780336734693877,0.37916326530612243,0.3758183673469388,0.40321938775510197,0.40608775510204076,0.4111010204081632,0.3774,0.39521428571428574,0.39667857142857144,0.3852285714285714,0.3958666666666666,0.41967380952380956,0.40818095238095237,0.38699285714285714,0.36573809523809514,0.3932285714285714,0.38855476190476196,0.38119047619047614,0.4273238095238095,0.41134999999999994,0.3961690476190476,0.37766462585034005,0.37235714285714294,0.36345850340136054,0.36121700680272106,0.36650816326530616,0.3914496598639457,0.3875666666666667,0.3798476190476191,0.3753931972789116,0.3751904761904762,0.36991224489795915,0.36741836734693883,0.3845442176870748,0.3806707482993198,0.38154149659863945,Male,12,8-12,Secondary,A,NC,R16A07b12_info1_250Hz_gu2_AEP.conn
R16S18G10,R16S18g10_info1_250Hz_gu1_AEP.conn,gu1,0.2882,0.28476190476190477,0.29210476190476187,0.30164285714285716,0.31400476190476195,0.32162380952380953,0.3149904761904762,0.3096999999999999,0.3227047619047619,0.2886380952380952,0.2881,0.2972142857142857,0.3586619047619048,0.35405714285714285,0.3274761904761905,0.36133714285714286,0.3607228571428571,0.3651628571428571,0.36658,0.3692742857142857,0.3667057142857142,0.3663942857142857,0.3565885714285714,0.3571342857142857,0.35448285714285716,0.3600057142857143,0.3690028571428572,0.3835371428571429,0.3780942857142857,0.37070285714285717,0.27324000000000004,0.26798285714285713,0.26428285714285715,0.2574914285714286,0.2569942857142857,0.27274571428571426,0.27976285714285715,0.27413714285714286,0.27088285714285715,0.2665657142857143,0.26270857142857146,0.2555914285714286,0.2728371428571429,0.27259142857142854,0.2580457142857143,0.3468234693877551,0.3495775510204081,0.34816122448979586,0.3435969387755101,0.3436959183673469,0.3526663265306122,0.35382142857142856,0.3523928571428571,0.3479653061224489,0.3488765306122449,0.3484030612244898,0.34576122448979596,0.37105714285714286,0.3736836734693877,0.3711163265306122,0.4113452380952381,0.4124642857142857,0.41194523809523803,0.4102785714285715,0.404152380952381,0.39431666666666665,0.38473095238095234,0.3783404761904762,0.3877690476190476,0.41040000000000004,0.40109285714285714,0.3956142857142857,0.39425714285714286,0.38336428571428566,0.3948619047619047,0.2836353741496599,0.283287074829932,0.28274285714285713,0.2849428571428571,0.28424965986394557,0.2938170068027211,0.2933496598639455,0.29089591836734696,0.28604829931972797,0.2845278911564626,0.2834265306122449,0.2837768707482993,0.28306394557823134,0.28259523809523807,0.28511360544217684,Female,10,8-12,Elementary,S,NC,R16S18g10_info1_250Hz_gu2_AEP.conn
R16E06Y08G8,R16E06y08g8_info1_250Hz_gu1_AEP.conn,gu1,0.2898380952380953,0.2880952380952381,0.2896666666666667,0.29387142857142856,0.3057285714285714,0.2931952380952381,0.26268571428571424,0.26426190476190475,0.26912857142857144,0.3087857142857143,0.31173809523809526,0.3032809523809524,0.29591428571428574,0.2767952380952381,0.3332809523809524,0.32959428571428573,0.31026857142857145,0.33370571428571427,0.32605428571428574,0.31983142857142854,0.3314828571428571,0.3346571428571429,0.3593228571428571,0.35912,0.3161142857142857,0.3411942857142857,0.3474285714285714,0.3624657142857143,0.3759257142857143,0.35137714285714283,0.3105057142857143,0.30712000000000006,0.2979142857142857,0.28696,0.2818657142857143,0.29725999999999997,0.3201171428571429,0.3563485714285714,0.35194285714285717,0.3217885714285714,0.31529714285714283,0.3091857142857143,0.3173714285714285,0.3483257142857143,0.3249714285714286,0.41109387755102045,0.40639897959183674,0.40252142857142864,0.4022836734693877,0.4061724489795918,0.41357040816326535,0.4168183673469388,0.4233938775510203,0.42185102040816325,0.42335408163265315,0.42193877551020403,0.4189204081632653,0.4267938775510204,0.43050612244897957,0.4441285714285715,0.5006357142857142,0.4896261904761905,0.4978952380952381,0.514045238095238,0.5276571428571428,0.5057619047619047,0.49687857142857134,0.5076547619047619,0.5146309523809524,0.4780285714285714,0.4818809523809524,0.4940428571428572,0.5015214285714286,0.4977214285714286,0.4687547619047619,0.37588027210884356,0.37229591836734693,0.3700469387755102,0.35829931972789114,0.35368639455782314,0.3556639455782313,0.3546727891156462,0.35467959183673464,0.3601074829931972,0.37090204081632655,0.3660863945578232,0.3592353741496599,0.3609925170068027,0.3654278911564626,0.3578836734693877,Female,8,8-12,Elementary,E,NC,R16E06y08g8_info1_250Hz_gu2_AEP.conn
R16E19B5,R16E19b5_info1_250Hz_gu1_AEP.conn,gu1,0.3211142857142857,0.3071,0.3068,0.3208142857142858,0.3499238095238095,0.3415333333333333,0.33837619047619044,0.3246047619047619,0.31551904761904764,0.3098571428571429,0.3197285714285714,0.32629523809523814,0.3492523809523809,0.3402,0.349652380952381,0.4324571428571429,0.4319571428571428,0.43726000000000004,0.4425742857142857,0.44014857142857144,0.4170457142857143,0.4197571428571429,0.4321085714285714,0.43485428571428575,0.4283571428571428,0.4386771428571429,0.43280571428571435,0.42531428571428564,0.43278,0.46276571428571434,0.3806685714285714,0.3894714285714286,0.38684285714285715,0.39840285714285717,0.404,0.42126,0.41638285714285717,0.4054028571428572,0.3900657142857143,0.3851285714285714,0.38452,0.40096,0.3988542857142857,0.39618,0.39154,0.5071897959183673,0.5045499999999999,0.5031408163265306,0.50295,0.501854081632653,0.515565306122449,0.514569387755102,0.5124244897959185,0.5092836734693877,0.5141204081632654,0.5111469387755102,0.5150877551020409,0.5355785714285713,0.5329448979591838,0.5364000000000001,0.5199476190476191,0.5190619047619048,0.5063333333333334,0.49677142857142864,0.5026690476190476,0.49151428571428574,0.49541904761904765,0.5024571428571428,0.4973357142857142,0.5200690476190476,0.5091190476190477,0.5021238095238095,0.4935285714285715,0.4961738095238096,0.5049190476190476,0.3828006802721089,0.3873408163265307,0.39315170068027216,0.3921721088435374,0.3861231292517006,0.3751897959183673,0.37659047619047614,0.37371020408163264,0.3708965986394558,0.39651972789115647,0.4002496598639455,0.39663129251700674,0.37941904761904766,0.3774598639455783,0.40265782312925175,Male,5,5-7,Elementary,E,NC,R16E19b5_info1_250Hz_gu2_AEP.conn
R16S04G5,R16S04g5_info1_250Hz_gu1_AEP.conn,gu1,0.2723333333333333,0.27213333333333334,0.2771904761904762,0.2795571428571429,0.27216666666666667,0.2573190476190476,0.2704333333333333,0.27683809523809527,0.26920952380952384,0.2522571428571429,0.26183809523809526,0.25842857142857145,0.3005666666666667,0.31342857142857145,0.2974333333333334,0.33392857142857146,0.34027714285714283,0.3463171428571429,0.35480285714285714,0.35717428571428567,0.36410857142857145,0.35744571428571426,0.3457285714285714,0.3401571428571429,0.33827999999999997,0.3447942857142857,0.3491114285714286,0.37088285714285707,0.3686314285714286,0.3502085714285715,0.24510285714285715,0.24575428571428573,0.23859142857142857,0.23672285714285715,0.2282028571428571,0.25949714285714287,0.26633999999999997,0.2607,0.25652285714285716,0.2506028571428571,0.2394571428571428,0.23273142857142853,0.26080000000000003,0.25749428571428573,0.2488314285714286,0.32670510204081626,0.3306316326530613,0.3273438775510204,0.32316020408163265,0.32268877551020403,0.33043367346938773,0.32453673469387756,0.32321428571428573,0.32624795918367344,0.32245204081632656,0.32094285714285714,0.3228969387755102,0.3338795918367347,0.3316816326530613,0.3396836734693877,0.38575000000000004,0.3841904761904762,0.3867619047619047,0.3816357142857143,0.3765404761904762,0.3868785714285714,0.38853333333333334,0.3911,0.3858571428571429,0.38871190476190476,0.3909190476190476,0.38524761904761906,0.4001904761904762,0.3995952380952381,0.39859285714285714,0.2867176870748299,0.28460408163265305,0.2778761904761905,0.2726142857142857,0.27565510204081634,0.2871081632653061,0.28022176870748305,0.27553809523809525,0.27861836734693873,0.2897591836734694,0.2835904761904762,0.27972176870748294,0.2821789115646259,0.2766285714285714,0.2875244897959184,Female,5,5-7,Elementary,S,NC,R16S04g5_info1_250Hz_gu2_AEP.conn
R16S25B8,R16S25b8_info1_250Hz_gu1_AEP.conn,gu1,0.34066190476190483,0.34280952380952384,0.3390904761904762,0.32319523809523815,0.31757619047619046,0.30682857142857145,0.3099571428571429,0.34203333333333336,0.33420000000000005,0.33459047619047616,0.33286190476190475,0.3202428571428571,0.36070952380952376,0.3924428571428571,0.3722809523809523,0.40956285714285706,0.4107200000000001,0.42092285714285715,0.4263171428571429,0.4267771428571428,0.4271257142857142,0.4193485714285714,0.4344742857142857,0.4388857142857144,0.4152571428571429,0.426,0.4295771428571428,0.44016,0.45023714285714284,0.44268857142857143,0.4084514285714286,0.4054485714285715,0.39933142857142856,0.3841342857142857,0.3773714285714286,0.4209771428571428,0.40958000000000006,0.3924971428571428,0.3897371428571429,0.39925714285714287,0.3893542857142857,0.37912285714285715,0.4080114285714286,0.3895885714285714,0.38128285714285715,0.4839316326530612,0.48751836734693876,0.470273469387755,0.47450714285714285,0.47325000000000006,0.48662959183673465,0.47337448979591834,0.47458571428571433,0.47902244897959184,0.48600306122448983,0.47100000000000003,0.4773816326530612,0.49142959183673474,0.4851265306122449,0.4814989795918367,0.5131714285714286,0.5130476190476191,0.5114333333333333,0.5095238095238096,0.513597619047619,0.5222190476190476,0.5266642857142857,0.5345642857142857,0.5433690476190476,0.5148904761904761,0.5173619047619048,0.5170928571428571,0.5234666666666666,0.5179404761904762,0.5105690476190475,0.36703469387755105,0.3672108843537415,0.3610802721088436,0.3632455782312926,0.36836258503401365,0.35314829931972797,0.3535557823129251,0.3525401360544218,0.37016326530612237,0.3613163265306123,0.3546585034013605,0.36031292517006797,0.3486340136054422,0.3469176870748299,0.33907891156462583,Male,8,8-12,Elementary,S,NC,R16S25b8_info1_250Hz_gu2_AEP.conn
R16E15G5,R16E15g5_info1_250Hz_gu1_AEP.conn,gu1,0.23393809523809525,0.23534761904761903,0.24637142857142857,0.25514285714285717,0.25073809523809526,0.22796190476190473,0.2411714285714286,0.2558285714285714,0.25535238095238094,0.23862857142857144,0.24359047619047616,0.24942857142857142,0.2935714285714286,0.2934095238095238,0.27696190476190474,0.33157714285714285,0.32691428571428577,0.3217771428571429,0.3234685714285714,0.3222914285714286,0.3070685714285714,0.31682571428571427,0.3313942857142857,0.33139714285714283,0.3272514285714286,0.32366285714285714,0.3224971428571429,0.3460628571428571,0.349,0.3358771428571429,0.2553714285714285,0.24589142857142857,0.24093142857142857,0.24052285714285718,0.2463285714285714,0.2597142857142857,0.24931714285714288,0.25413428571428576,0.2658742857142857,0.2422914285714286,0.2387142857142857,0.2380542857142857,0.2213742857142857,0.22844571428571428,0.23841714285714283,0.3046132653061225,0.29790714285714287,0.29395000000000004,0.2935387755102041,0.29373673469387757,0.3092316326530612,0.3075234693877551,0.3066316326530612,0.3062367346938775,0.30029693877551017,0.29395,0.29183979591836734,0.3226438775510204,0.32453775510204075,0.3241234693877551,0.42503571428571435,0.4207571428571428,0.4117571428571429,0.40770476190476196,0.4095071428571429,0.40004761904761904,0.4049380952380952,0.40714761904761904,0.40971428571428564,0.41584047619047615,0.4084952380952381,0.4076190476190476,0.41241190476190476,0.40558571428571427,0.4107190476190476,0.29655918367346934,0.29063129251700687,0.29184081632653064,0.2939680272108844,0.2918115646258504,0.30149319727891155,0.30455306122448983,0.306412925170068,0.30877006802721096,0.2953142857142857,0.29205646258503404,0.2943013605442176,0.3011034013605442,0.30251564625850336,0.29490476190476195,Female,5,5-7,Elementary,E,NC,R16E15g5_info1_250Hz_gu2_AEP.conn
R16A01BY08,R16A01by08_info1_250Hz_gu1_AEP.conn,gu1,0.33235714285714285,0.33684761904761906,0.33894285714285716,0.3336142857142857,0.32632857142857147,0.31793333333333335,0.30347619047619045,0.31610476190476194,0.3230571428571429,0.3478047619047619,0.3416904761904762,0.3307761904761905,0.3655190476190476,0.3813095238095238,0.36221428571428566,0.4113142857142857,0.41523714285714275,0.42748285714285705,0.43518285714285715,0.4127828571428571,0.41821142857142857,0.4160857142857143,0.41060857142857143,0.4009085714285715,0.43485428571428575,0.43837714285714285,0.43948857142857134,0.4471342857142857,0.4524742857142857,0.4552485714285715,0.30723428571428574,0.3213028571428571,0.32776285714285713,0.32573142857142867,0.30388857142857145,0.31332000000000004,0.3178057142857143,0.3190657142857143,0.3071942857142857,0.3448428571428571,0.33370571428571427,0.3321657142857143,0.32080857142857144,0.3267714285714286,0.33898285714285714,0.3745173469387755,0.37116632653061216,0.36984999999999996,0.36895102040816324,0.3708499999999999,0.36594693877551016,0.3706469387755102,0.3809581632653061,0.3860704081632654,0.37979081632653067,0.38049387755102054,0.3827377551020409,0.38932244897959184,0.39501122448979586,0.39661530612244894,0.4660261904761905,0.47014523809523806,0.48560714285714285,0.49533571428571427,0.4928119047619048,0.49581666666666663,0.4933904761904762,0.49065000000000003,0.5002119047619048,0.4711285714285715,0.4856333333333333,0.49706190476190476,0.48737857142857144,0.47106190476190474,0.475397619047619,0.36480884353741494,0.36997278911564624,0.3694775510204082,0.37184149659863935,0.37268707482993196,0.36526258503401354,0.36434489795918373,0.364521768707483,0.36579387755102044,0.3719068027210884,0.375378231292517,0.3772959183673469,0.3519040816326531,0.3512394557823129,0.36687346938775506,Female,8,8-12,Elementary,A,NC,R16A01by08_info1_250Hz_gu2_AEP.conn
R16E11B5,R16E11b5_info1_250Hz_gu1_AEP.conn,gu1,0.31276666666666664,0.30660952380952383,0.3022047619047619,0.2982238095238095,0.30190476190476195,0.3074095238095238,0.3093238095238095,0.32261428571428574,0.31733809523809525,0.2847476190476191,0.2842142857142857,0.2958285714285714,0.3313619047619048,0.34637619047619045,0.3206428571428571,0.37172571428571427,0.3605771428571428,0.3541085714285715,0.34256,0.34863999999999995,0.36352857142857137,0.3521314285714286,0.35366285714285717,0.3627742857142857,0.3543942857142857,0.3454142857142857,0.33200571428571424,0.3727371428571429,0.37167142857142854,0.37713714285714284,0.35753999999999997,0.35757142857142854,0.35964857142857143,0.35160285714285716,0.35568857142857135,0.35502571428571433,0.3545314285714286,0.3564828571428572,0.3652857142857143,0.37607999999999997,0.3726514285714286,0.3633885714285715,0.37432571428571426,0.37206,0.3893342857142857,0.41865204081632656,0.4222224489795918,0.42683469387755096,0.42616836734693875,0.4251877551020408,0.4157408163265307,0.4204428571428571,0.4260938775510204,0.433534693877551,0.43016938775510205,0.4310785714285714,0.4276938775510204,0.4409377551020408,0.4455142857142858,0.4425255102040816,0.4627380952380953,0.45808809523809524,0.45109285714285713,0.4437976190476191,0.4385761904761905,0.45265,0.444302380952381,0.4501833333333334,0.4479690476190476,0.4569928571428572,0.45140714285714284,0.4500095238095238,0.4387047619047619,0.4356404761904762,0.4433666666666667,0.3388904761904762,0.34164217687074827,0.34398163265306125,0.34529183673469394,0.3413571428571429,0.3362823129251701,0.33804217687074833,0.3408278911564625,0.3412938775510203,0.34518231292517,0.34566598639455787,0.3457809523809524,0.342460544217687,0.3439074829931973,0.3439809523809525,Male,5,5-7,Elementary,E,NC,R16E11b5_info1_250Hz_gu2_AEP.conn
R16S13B9,R16S13b9_info1_250Hz_gu1_AEP.conn,gu1,0.23006190476190477,0.22602380952380954,0.2323047619047619,0.23850952380952384,0.24113333333333334,0.2313666666666667,0.2261857142857143,0.2224142857142857,0.22845714285714283,0.22168095238095234,0.22802857142857139,0.23099523809523811,0.2785095238095238,0.2684904761904762,0.26575238095238096,0.32209428571428567,0.31739428571428563,0.30709428571428576,0.30268285714285714,0.2981,0.3092142857142857,0.30161714285714286,0.3026942857142857,0.30383428571428567,0.31216,0.30919714285714284,0.30915428571428566,0.32304285714285713,0.32395999999999997,0.33678285714285716,0.2909428571428571,0.28499142857142856,0.2885142857142858,0.29584,0.2962028571428571,0.2995028571428572,0.30319714285714283,0.30608857142857143,0.30746,0.29320571428571424,0.29414,0.2945571428571429,0.3025371428571429,0.3110714285714286,0.32656571428571424,0.35876530612244906,0.35505816326530615,0.35189591836734696,0.3560367346938775,0.3580969387755103,0.36846428571428574,0.3718204081632654,0.3702663265306122,0.36423877551020406,0.3648775510204082,0.3597071428571428,0.35997551020408164,0.3769673469387755,0.37579387755102045,0.3776510204081633,0.43891904761904765,0.4425261904761904,0.4363261904761904,0.43050476190476195,0.4272214285714286,0.41015952380952386,0.40427619047619046,0.4036380952380953,0.4135,0.4438619047619048,0.4391214285714286,0.4379380952380953,0.4040761904761905,0.39589761904761905,0.42963571428571434,0.335630612244898,0.3322367346938776,0.33186938775510205,0.3343244897959184,0.3343285714285715,0.3324285714285714,0.3344380952380953,0.3348210884353741,0.33459115646258514,0.3305204081632653,0.32866802721088434,0.3341544217687075,0.334051700680272,0.3319850340136054,0.3283646258503401,Male,9,8-12,Elementary,S,NC,R16S13b9_info1_250Hz_gu2_AEP.conn
R16S16G11,R16S16g11_info1_250Hz_gu1_AEP.conn,gu1,0.35193809523809527,0.34629523809523804,0.3392142857142857,0.33271428571428574,0.32621428571428573,0.3944857142857143,0.3898761904761905,0.3629142857142857,0.3425476190476191,0.34718095238095237,0.3268047619047619,0.31844761904761903,0.43655238095238097,0.41421904761904765,0.3726095238095239,0.4142228571428571,0.40876,0.4025828571428572,0.41246,0.41598857142857143,0.43905714285714287,0.4351114285714286,0.42646857142857153,0.42874,0.4043057142857143,0.3989028571428571,0.41260285714285716,0.45312857142857144,0.44455142857142854,0.4239114285714286,0.33919999999999995,0.36168,0.36407428571428574,0.3754799999999999,0.3820285714285714,0.36323714285714287,0.3702028571428571,0.37298285714285717,0.38466857142857147,0.34650857142857144,0.36066000000000004,0.3765942857142857,0.36012571428571427,0.37016857142857146,0.3617914285714286,0.44201530612244894,0.4412510204081633,0.435615306122449,0.42616734693877545,0.42678673469387757,0.4261969387755103,0.4255285714285714,0.4238051020408164,0.42173673469387757,0.44069795918367344,0.43484081632653065,0.4304714285714285,0.4501061224489796,0.4477724489795918,0.4497530612244898,0.4829880952380952,0.4820738095238095,0.49347380952380954,0.5003071428571427,0.5011119047619047,0.4913023809523809,0.49940238095238104,0.49287619047619047,0.4923380952380952,0.4844142857142857,0.49096190476190477,0.4975880952380953,0.4986190476190476,0.49143333333333333,0.48200238095238096,0.36410136054421766,0.3632142857142857,0.36466054421768707,0.3624557823129252,0.36607482993197277,0.37051972789115645,0.3765571428571428,0.3778850340136054,0.3795374149659864,0.36054421768707484,0.3651414965986395,0.3668027210884353,0.37424761904761905,0.37671700680272113,0.3647197278911565,Female,11,8-12,Elementary,S,NC,R16S16g11_info1_250Hz_gu2_AEP.conn
R16E10G9,R16E10g9_info1_250Hz_gu1_AEP.conn,gu1,0.37261428571428573,0.38821904761904763,0.3969095238095239,0.4050047619047619,0.40186666666666665,0.3934571428571429,0.3815190476190476,0.3780238095238095,0.37968571428571435,0.4057,0.4129,0.4235952380952381,0.46567142857142857,0.45967142857142856,0.47248571428571423,0.4876314285714286,0.5017914285714286,0.4968828571428571,0.4927342857142857,0.49134857142857147,0.4935085714285714,0.5007171428571429,0.5138571428571428,0.5184085714285713,0.5088371428571429,0.5010542857142857,0.4996657142857144,0.529042857142857,0.5412114285714285,0.5237,0.3667142857142857,0.36912,0.37212,0.37446857142857143,0.3750514285714286,0.38339142857142855,0.38045999999999996,0.38934285714285716,0.38211428571428574,0.36856,0.37542,0.38240571428571435,0.37477142857142864,0.3853457142857143,0.3695771428571429,0.3494112244897959,0.3528551020408163,0.3530989795918367,0.3538102040816326,0.3570591836734694,0.364165306122449,0.36339285714285713,0.3631051020408163,0.35836020408163266,0.36348061224489797,0.36653571428571424,0.3659091836734694,0.37120000000000003,0.3762408163265306,0.38692653061224486,0.48283809523809523,0.4803190476190476,0.48287857142857143,0.48371904761904766,0.48610714285714285,0.47361666666666674,0.47987380952380954,0.48360476190476187,0.4910714285714286,0.49400238095238097,0.4966047619047618,0.4940142857142858,0.4850166666666667,0.4782619047619048,0.48829285714285714,0.3585938775510204,0.36110068027210884,0.3683721088435375,0.3647489795918368,0.36104353741496603,0.3496761904761905,0.3516013605442177,0.3488496598639456,0.3536020408163265,0.3635809523809524,0.369178231292517,0.36867823129251703,0.34582380952380953,0.341687074829932,0.37125306122448976,Female,9,8-12,Elementary,E,NC,R16E10g9_info1_250Hz_gu2_AEP.conn
R16E04G10,R16E04g10_info1_250Hz_gu1_AEP.conn,gu1,0.14145238095238097,0.14696190476190477,0.15498095238095239,0.1592714285714286,0.16097142857142857,0.14979523809523812,0.1438904761904762,0.14525238095238094,0.15122380952380954,0.15782380952380953,0.1636857142857143,0.17096666666666668,0.19774761904761906,0.19558095238095238,0.23130952380952377,0.28354571428571423,0.28246000000000004,0.2931714285714285,0.30232285714285717,0.2988828571428571,0.28340857142857145,0.28610857142857143,0.28976857142857143,0.29570285714285716,0.2797342857142857,0.2805028571428571,0.29219999999999996,0.30893999999999994,0.31101142857142855,0.31001142857142855,0.3322971428571429,0.33447714285714286,0.3324457142857143,0.3340714285714286,0.33296857142857145,0.3420314285714286,0.3343514285714286,0.3286257142857143,0.3305457142857143,0.34243999999999997,0.34068571428571437,0.34101142857142863,0.3459085714285714,0.34259714285714293,0.3486742857142857,0.3247418367346939,0.32378061224489796,0.3215683673469388,0.3165193877551021,0.3108265306122449,0.3149316326530612,0.3196479591836735,0.3209540816326531,0.3179775510204082,0.31796224489795916,0.3178897959183673,0.31569897959183674,0.32401122448979597,0.32515714285714287,0.3349826530612245,0.35666904761904766,0.3582095238095239,0.36113095238095233,0.3555285714285714,0.35110238095238094,0.3408690476190476,0.35558333333333336,0.3592380952380952,0.35511190476190474,0.3451976190476191,0.35045714285714286,0.34500000000000003,0.34897380952380946,0.3591666666666667,0.34886190476190476,0.24659863945578234,0.24438571428571426,0.25401904761904764,0.2586272108843537,0.2595170068027211,0.2582829931972789,0.2606877551020408,0.25644693877551017,0.2536387755102041,0.24331292517006803,0.2530306122448979,0.25540204081632656,0.2585598639455783,0.2544292517006803,0.25442653061224485,Female,10,8-12,Elementary,E,NC,R16E04g10_info1_250Hz_gu2_AEP.conn
R16BF01B10,R16BF01b10_info1_250Hz_gu1_AEP.conn,gu1,0.3389095238095238,0.35429047619047616,0.33396190476190474,0.31405714285714287,0.30213809523809526,0.3123047619047619,0.3346238095238095,0.35419523809523806,0.3688714285714285,0.33386190476190475,0.32325714285714285,0.3106380952380952,0.3608857142857143,0.39017619047619045,0.3688952380952381,0.38762,0.41056857142857145,0.4184485714285714,0.4064228571428571,0.3982571428571428,0.3938228571428572,0.4004657142857143,0.3967171428571429,0.39665428571428574,0.4079,0.4133942857142857,0.4070057142857143,0.4207142857142857,0.4154542857142857,0.42677999999999994,0.39767714285714295,0.4150085714285715,0.4271542857142857,0.42062571428571427,0.4049742857142856,0.40042857142857147,0.40468857142857145,0.4105485714285715,0.4073142857142857,0.41578857142857145,0.4214171428571428,0.4188257142857143,0.41315714285714283,0.4239828571428571,0.4394114285714286,0.3273153061224489,0.3297479591836735,0.3379622448979592,0.3339132653061225,0.3148255102040816,0.3199683673469388,0.33222346938775515,0.3403979591836734,0.3346295918367347,0.32098163265306123,0.3318275510204082,0.32715102040816324,0.34807959183673465,0.35541122448979584,0.34136428571428573,0.4085261904761905,0.41800952380952383,0.41345238095238096,0.4094666666666666,0.41385,0.39103809523809524,0.38675238095238096,0.39168333333333333,0.3934214285714286,0.4192952380952381,0.4173476190476191,0.4133857142857143,0.38748571428571427,0.38243571428571427,0.4127642857142857,0.3275585034013605,0.33243741496598644,0.33709863945578233,0.33577278911564623,0.3303108843537415,0.33819591836734697,0.3370469387755102,0.3308537414965985,0.32577074829931973,0.33551700680272106,0.338669387755102,0.3387088435374149,0.32750680272108845,0.324991156462585,0.34619659863945573,Male,10,8-12,Elementary,S,NC,R16BF01b10_info1_250Hz_gu2_AEP.conn
R16S08G10,R16S08g10_info1_250Hz_gu1_AEP.conn,gu1,0.21917142857142857,0.21775714285714287,0.20638095238095236,0.20796666666666666,0.22693809523809527,0.20567619047619046,0.2079238095238095,0.20737142857142854,0.21604761904761904,0.21985714285714286,0.21316666666666664,0.20647142857142856,0.24071428571428574,0.24196666666666666,0.2614285714285714,0.30419999999999997,0.2991,0.3038571428571428,0.30274,0.3069857142857143,0.3081257142857143,0.3150914285714285,0.3094028571428571,0.2963285714285714,0.31381428571428577,0.31629142857142856,0.3092114285714286,0.3536428571428571,0.34939428571428577,0.3723714285714286,0.2798428571428571,0.2628628571428571,0.2653542857142857,0.2782657142857143,0.2840542857142857,0.2828885714285714,0.2802,0.2728028571428572,0.26902857142857145,0.26654,0.27402000000000004,0.2874342857142857,0.2796485714285714,0.27938571428571424,0.28552285714285713,0.2864755102040816,0.28943673469387754,0.2903081632653061,0.29408469387755104,0.28958265306122444,0.2991989795918367,0.2956704081632653,0.28774693877551016,0.278584693877551,0.2801581632653061,0.2826459183673469,0.28715102040816326,0.30478061224489794,0.2995357142857143,0.29363979591836736,0.3529619047619048,0.35585952380952385,0.3571071428571429,0.3546380952380952,0.36122857142857145,0.37514047619047625,0.3691785714285714,0.37384285714285714,0.3747619047619048,0.3501452380952381,0.34966666666666674,0.35419285714285714,0.3608119047619048,0.3615642857142857,0.3497333333333333,0.3079421768707483,0.31427074829931967,0.31088231292517,0.3077591836734694,0.31249047619047615,0.31109931972789123,0.3178333333333333,0.32065306122448983,0.31996938775510203,0.3128632653061225,0.3093734693877551,0.30248707482993187,0.3050897959183673,0.30790136054421763,0.31533877551020406,Female,10,8-12,Elementary,S,NC,R16S08g10_info1_250Hz_gu2_AEP.conn
R16A03G07,R16A03g07_info1_250Hz_gu1_AEP.conn,gu1,0.22714285714285717,0.20705238095238096,0.20742857142857143,0.2194095238095238,0.22938095238095238,0.21190952380952377,0.2275,0.23183809523809526,0.24257619047619047,0.20574285714285714,0.20470000000000002,0.21482857142857145,0.2792428571428571,0.2825,0.2665,0.30822285714285713,0.3041028571428572,0.2979685714285714,0.30308285714285715,0.2975771428571429,0.31063999999999997,0.3096942857142857,0.30310857142857145,0.3003342857142857,0.30658285714285716,0.30538857142857145,0.30816,0.3427657142857143,0.3382257142857143,0.3409885714285714,0.29800857142857146,0.29897714285714283,0.3001542857142857,0.3075571428571429,0.3076971428571429,0.2958171428571429,0.28723428571428566,0.28120285714285714,0.27786285714285713,0.2884885714285714,0.28510285714285716,0.29834,0.29374,0.28570285714285715,0.2837142857142857,0.2555418367346939,0.2522132653061225,0.25069591836734695,0.2556765306122449,0.2544591836734694,0.25678571428571434,0.24963979591836732,0.24525714285714287,0.24287142857142857,0.2482989795918367,0.24575918367346936,0.2518479591836735,0.2651969387755102,0.2582918367346939,0.26350510204081634,0.3323619047619048,0.3278380952380952,0.31829523809523813,0.30501428571428574,0.30387857142857144,0.33785714285714286,0.3441714285714286,0.3404428571428571,0.33835238095238096,0.321897619047619,0.31431190476190474,0.3036666666666667,0.3543619047619048,0.3451738095238095,0.3090952380952381,0.22993809523809525,0.22280408163265306,0.21831972789115647,0.22287278911564629,0.22934217687074826,0.2371850340136054,0.23060884353741495,0.2316401360544218,0.2400551020408163,0.22253605442176866,0.22293265306122448,0.2245721088435374,0.2339462585034014,0.23096666666666665,0.23126598639455778,Female,7,5-7,Elementary,A,NC,R16A03g07_info1_250Hz_gu2_AEP.conn
R16S14B5,R16S14b5_info1_250Hz_gu1_AEP.conn,gu1,0.29647142857142855,0.29045714285714286,0.2832428571428571,0.2783809523809524,0.28563809523809525,0.269247619047619,0.2603666666666667,0.26504761904761903,0.2631904761904762,0.2961333333333333,0.2815380952380952,0.2722,0.2892857142857143,0.30083333333333334,0.2961666666666667,0.3679314285714285,0.3740285714285715,0.3845142857142857,0.38935142857142857,0.3854485714285714,0.39054857142857147,0.3834942857142857,0.3773885714285714,0.3723657142857143,0.37873142857142855,0.3933485714285714,0.3986314285714285,0.4054057142857143,0.4020857142857143,0.4061457142857143,0.32906571428571435,0.3329714285714286,0.34302,0.3499885714285714,0.3571142857142857,0.34508857142857147,0.3515771428571428,0.3582714285714285,0.3576885714285714,0.3390514285714285,0.35006000000000004,0.3543571428571428,0.34508285714285714,0.34929714285714286,0.3516428571428571,0.38715714285714287,0.38584897959183667,0.38751632653061235,0.3855734693877551,0.38923061224489797,0.3691438775510204,0.3764173469387755,0.383915306122449,0.38630204081632646,0.38465918367346935,0.38573265306122445,0.38735204081632657,0.39367040816326526,0.3976091836734694,0.410023469387755,0.4333404761904762,0.425802380952381,0.4242142857142857,0.41496666666666665,0.41289047619047614,0.4194928571428571,0.4172952380952381,0.41504761904761905,0.4133809523809524,0.4230857142857143,0.416647619047619,0.4087333333333334,0.4148285714285714,0.41350238095238095,0.41479523809523805,0.30962993197278915,0.30994557823129243,0.31175986394557825,0.3178170068027211,0.3175122448979592,0.3056931972789115,0.30713333333333326,0.3110979591836735,0.310656462585034,0.3094836734693877,0.3081462585034013,0.3135190476190476,0.30556666666666665,0.31062925170068023,0.31177755102040816,Male,5,5-7,Elementary,S,NC,R16S14b5_info1_250Hz_gu2_AEP.conn
R16E08Y05B5,R16E08y05b5_info1_250Hz_gu1_AEP.conn,gu1,0.2854095238095238,0.2991952380952381,0.299252380952381,0.2929,0.29587142857142856,0.3210095238095238,0.32603809523809524,0.3277666666666667,0.3279190476190476,0.3003714285714285,0.2984619047619047,0.2964571428571429,0.37890476190476186,0.3800428571428571,0.3600095238095238,0.39541714285714286,0.3965828571428572,0.3944428571428572,0.4019857142857143,0.4119028571428571,0.4124771428571429,0.4103914285714286,0.40944,0.4194942857142857,0.38805428571428574,0.38811714285714294,0.39655714285714283,0.4275942857142857,0.4272514285714286,0.4060371428571428,0.3395028571428571,0.3315514285714286,0.34088857142857143,0.35032571428571424,0.35374000000000005,0.33967714285714284,0.33899142857142855,0.33169714285714286,0.33871714285714283,0.32824857142857145,0.3384885714285714,0.35084,0.3392571428571428,0.3338285714285714,0.3291542857142857,0.388919387755102,0.3858163265306123,0.39188673469387764,0.40128673469387743,0.40941020408163264,0.40234693877551025,0.4009979591836735,0.40122755102040814,0.40559693877551023,0.3886989795918367,0.3949255102040817,0.4041459183673469,0.4244,0.4231214285714286,0.42137346938775505,0.4718190476190476,0.47842619047619045,0.4807738095238096,0.47429523809523805,0.47187142857142855,0.472054761904762,0.47178809523809523,0.47261428571428565,0.4675595238095238,0.4805523809523809,0.48251428571428573,0.4808119047619048,0.4717142857142857,0.4806000000000001,0.47959285714285715,0.34945238095238096,0.3552945578231293,0.36138231292517004,0.3636639455782313,0.36153197278911564,0.3596414965986393,0.3559734693877551,0.35544897959183674,0.3580197278911564,0.3587285714285715,0.36047346938775515,0.3631897959183674,0.3515789115646259,0.35334149659863945,0.3576122448979591,Male,5,5-7,Elementary,E,NC,R16E08y05b5_info1_250Hz_gu2_AEP.conn
R16E18G9,R16E18g9_info1_250Hz_gu1_AEP.conn,gu1,0.22716666666666666,0.23684285714285716,0.24975238095238095,0.25244761904761903,0.2453,0.28037142857142855,0.27319999999999994,0.2661,0.26445238095238094,0.25024285714285716,0.26420952380952384,0.2629333333333333,0.3210142857142857,0.31384761904761904,0.32136666666666663,0.38827999999999996,0.3881171428571428,0.3869142857142857,0.38661999999999996,0.3917771428571428,0.40648,0.4040742857142857,0.41128,0.41731428571428575,0.39047714285714286,0.38958,0.3940771428571428,0.4371285714285714,0.44295142857142855,0.4199285714285714,0.32834,0.33436571428571427,0.34437714285714294,0.3559742857142857,0.3576257142857143,0.36092857142857143,0.35146,0.3505428571428571,0.3494285714285714,0.3432828571428571,0.3519428571428572,0.3613971428571429,0.34879714285714286,0.3499485714285715,0.3448285714285714,0.39454795918367347,0.3942357142857143,0.39171530612244904,0.39442040816326523,0.39793673469387747,0.38744081632653066,0.3887826530612245,0.39266632653061223,0.3956224489795918,0.3919448979591837,0.39207551020408166,0.39391938775510205,0.40333571428571424,0.4086479591836735,0.40730204081632654,0.3400357142857143,0.33997380952380957,0.33062619047619046,0.32279047619047624,0.3276166666666667,0.3282857142857143,0.3298571428571429,0.32803571428571426,0.3247738095238096,0.33756666666666674,0.3253214285714286,0.3178190476190476,0.3269166666666667,0.33745952380952376,0.3264238095238095,0.28479591836734697,0.28751292517006805,0.2907020408163265,0.2917836734693877,0.29088027210884354,0.28700612244897955,0.2913571428571429,0.29298707482993197,0.2936959183673469,0.2892285714285714,0.29202789115646255,0.29069251700680276,0.2874972789115646,0.2868061224489796,0.29739251700680275,Female,9,8-12,Elementary,E,NC,R16E18g9_info1_250Hz_gu2_AEP.conn
R16S07B8,R16S07b8_info1_250Hz_gu1_AEP.conn,gu1,0.27887619047619044,0.2747380952380952,0.273247619047619,0.27205714285714283,0.26800476190476186,0.30612857142857147,0.2893571428571428,0.26204285714285713,0.23994285714285715,0.27585714285714286,0.2700619047619048,0.2670952380952381,0.3407047619047619,0.3216428571428571,0.32485714285714284,0.33742285714285714,0.3354142857142857,0.3430257142857143,0.34724571428571427,0.34454285714285715,0.32725428571428566,0.3445514285714285,0.3521914285714286,0.3396485714285714,0.33878285714285716,0.34516,0.3508628571428571,0.35184571428571426,0.3556485714285714,0.3707028571428571,0.2905857142857143,0.30009142857142856,0.30828000000000005,0.31634,0.30966285714285713,0.27981142857142854,0.2795314285714286,0.28905428571428576,0.2866742857142857,0.30731428571428576,0.3159314285714286,0.3187371428571429,0.28250857142857144,0.29722857142857145,0.3156457142857143,0.4145755102040816,0.41754795918367354,0.41855510204081636,0.42295612244897957,0.4235959183673469,0.40162755102040804,0.3985183673469388,0.4039428571428572,0.4018265306122449,0.41844897959183674,0.4246469387755102,0.4298540816326531,0.4187632653061225,0.4197632653061224,0.4336122448979592,0.4877452380952381,0.49389047619047627,0.4888142857142857,0.4863285714285714,0.4853428571428571,0.48529523809523806,0.4970023809523809,0.4987333333333334,0.4828690476190476,0.48404761904761906,0.48108095238095233,0.4819452380952381,0.4993880952380953,0.4920452380952382,0.4585285714285714,0.33029047619047625,0.3283673469387755,0.32914557823129253,0.3327687074829931,0.332039455782313,0.3281986394557823,0.32959047619047616,0.3267918367346939,0.3289081632653061,0.3269489795918368,0.3267272108843538,0.3276945578231293,0.3252469387755102,0.3258496598639456,0.3256360544217688,Male,8,8-12,Elementary,S,NC,R16S07b8_info1_250Hz_gu2_AEP.conn
R16S03B10,R16S03b10_info1_250Hz_gu1_AEP.conn,gu1,0.24851904761904764,0.2475047619047619,0.24258095238095237,0.24612857142857145,0.23662857142857144,0.25115238095238096,0.24914761904761906,0.25866190476190476,0.2618714285714286,0.23296666666666668,0.2472047619047619,0.25416666666666665,0.3111952380952381,0.32126666666666664,0.31292380952380944,0.34109999999999996,0.34330285714285713,0.3430714285714285,0.34992285714285715,0.3571857142857143,0.33060285714285714,0.3376657142857143,0.33179428571428576,0.34194,0.3323057142857143,0.3452571428571428,0.3582828571428571,0.3622942857142857,0.3604342857142857,0.38156,0.32561999999999997,0.31772857142857147,0.3021685714285714,0.30103714285714284,0.30330285714285715,0.29476,0.29990857142857147,0.29582,0.2991342857142857,0.30126571428571425,0.29935428571428574,0.29757999999999996,0.2992257142857143,0.29465428571428565,0.30426857142857144,0.3478479591836735,0.34036122448979594,0.34201734693877545,0.34305918367346944,0.3473683673469388,0.345638775510204,0.34473775510204085,0.3418795918367348,0.3412142857142858,0.33896836734693875,0.3429622448979592,0.34327244897959186,0.3578765306122449,0.3548551020408164,0.36165102040816327,0.4219880952380952,0.41594285714285717,0.4143095238095238,0.4077595238095239,0.4013642857142856,0.4013047619047619,0.39394761904761905,0.3924095238095238,0.41004523809523813,0.4130476190476191,0.40820952380952386,0.4005238095238095,0.40028571428571436,0.39522857142857143,0.39905000000000007,0.30580408163265305,0.3163714285714286,0.31848231292517,0.31467823129251693,0.31248843537414955,0.31511836734693877,0.315178231292517,0.3142034013605442,0.3092755102040816,0.31317823129251693,0.31054013605442177,0.30702993197278916,0.300969387755102,0.3072414965986395,0.3031707482993197,Male,10,8-12,Elementary,S,NC,R16S03b10_info1_250Hz_gu2_AEP.conn
R16A06G10,R16A06g10_info1_250Hz_gu1_AEP.conn,gu1,0.2890190476190477,0.3180142857142857,0.30648095238095235,0.2974428571428571,0.2829333333333333,0.2614095238095238,0.2635571428571428,0.2968904761904762,0.31806666666666666,0.3359666666666666,0.3229285714285714,0.2999619047619047,0.33619047619047615,0.35948095238095235,0.3809428571428571,0.3795857142857143,0.39204,0.3866485714285714,0.3746285714285714,0.3657514285714286,0.39211714285714283,0.3897742857142857,0.3758514285714286,0.3778142857142857,0.40236,0.39417142857142856,0.36880857142857143,0.4192742857142857,0.40284571428571425,0.4210742857142857,0.3204828571428571,0.30633428571428567,0.3041914285714286,0.2967142857142857,0.2964742857142857,0.3215657142857143,0.31129142857142855,0.30027428571428566,0.3327257142857143,0.3174571428571428,0.3145228571428571,0.30094000000000004,0.29918000000000006,0.29331142857142856,0.30975142857142857,0.3513275510204081,0.35256122448979593,0.3636204081632653,0.3676326530612245,0.36333061224489793,0.3393969387755102,0.3468316326530611,0.3485887755102041,0.3579408163265306,0.35459489795918364,0.3654918367346938,0.3673428571428571,0.3649938775510204,0.3684071428571429,0.3774214285714286,0.3950547619047618,0.3927809523809524,0.382147619047619,0.3785095238095238,0.3777404761904762,0.39841190476190474,0.38746428571428576,0.3718857142857143,0.35768333333333335,0.3857,0.3784357142857144,0.3771333333333333,0.3798238095238095,0.3722857142857143,0.38307857142857143,0.32013265306122446,0.31725238095238095,0.3205204081632653,0.32216666666666666,0.31915782312925167,0.31823469387755104,0.31561360544217687,0.3156115646258503,0.3070795918367347,0.3214925170068027,0.321556462585034,0.3233591836734694,0.31182176870748296,0.3126496598639456,0.31656326530612244,Female,10,8-12,Elementary,A,NC,R16A06g10_info1_250Hz_gu2_AEP.conn
R16S02B_G6,R16S02b_g6_info1_250Hz_gu1_AEP.conn,gu1,0.22123809523809523,0.23825238095238097,0.24242857142857144,0.23132380952380951,0.22326666666666664,0.24991428571428567,0.2685285714285714,0.2726095238095238,0.2765238095238095,0.24589523809523808,0.24942857142857142,0.23997142857142859,0.3123238095238095,0.31426666666666664,0.30574761904761905,0.3373771428571429,0.34824857142857146,0.3552114285714286,0.3497828571428571,0.3450485714285714,0.3550114285714286,0.36481714285714284,0.3589171428571428,0.35121142857142856,0.3562314285714286,0.36747428571428575,0.3623571428571429,0.3870942857142857,0.38288857142857136,0.3965428571428572,0.31831714285714285,0.3148542857142857,0.30852285714285715,0.30476857142857144,0.3001857142857143,0.31435142857142856,0.31031714285714285,0.30624571428571434,0.29781142857142856,0.32441142857142863,0.3200142857142857,0.31798857142857145,0.29593428571428565,0.2978057142857143,0.32448571428571427,0.39111020408163266,0.39109591836734686,0.3818622448979592,0.3759591836734694,0.37912551020408164,0.39460918367346937,0.39751530612244906,0.3988132653061225,0.39464183673469383,0.39091326530612236,0.38580204081632646,0.382711224489796,0.4092520408163266,0.4106040816326531,0.40105102040816326,0.4083380952380952,0.405847619047619,0.40563571428571427,0.41348333333333337,0.41249285714285716,0.42233095238095236,0.4290023809523809,0.42992619047619046,0.4194,0.4016952380952381,0.40290000000000004,0.40666666666666673,0.42812142857142854,0.4234,0.40202619047619054,0.29641088435374147,0.295956462585034,0.30109523809523797,0.30360952380952383,0.30008843537414964,0.29986054421768704,0.30550272108843535,0.30801836734693877,0.308043537414966,0.30009387755102035,0.30449523809523804,0.3048877551020408,0.30337823129251695,0.3049727891156463,0.3154789115646258,Female,6,5-7,Elementary,S,NC,R16S02b_g6_info1_250Hz_gu2_AEP.conn
R16S15B10,R16S15b10_info1_250Hz_gu1_AEP.conn,gu1,0.20605238095238096,0.20943809523809523,0.20354761904761906,0.19713809523809525,0.18419523809523808,0.1830857142857143,0.1811666666666667,0.18699047619047623,0.20974285714285715,0.20015238095238094,0.19589047619047617,0.1899666666666667,0.25829523809523813,0.25517142857142855,0.23121428571428573,0.28632285714285716,0.2953485714285714,0.30773714285714293,0.31019142857142856,0.29844857142857145,0.2759028571428571,0.27992285714285714,0.2910914285714286,0.3048,0.30388571428571426,0.3139685714285715,0.31533714285714287,0.31586,0.3229542857142857,0.3469542857142857,0.30385142857142855,0.2950857142857143,0.29941428571428574,0.30141714285714283,0.3002657142857143,0.30188,0.3159657142857143,0.3278114285714286,0.325,0.3120342857142857,0.3126942857142857,0.3144828571428572,0.3127971428571429,0.31863714285714284,0.32656571428571424,0.37680510204081635,0.37670714285714285,0.37721632653061227,0.37508571428571436,0.37076734693877544,0.37846326530612245,0.37726122448979593,0.3767622448979591,0.375711224489796,0.381815306122449,0.3800795918367347,0.37491632653061224,0.3939336734693878,0.3918061224489796,0.39113265306122447,0.4020833333333333,0.4056285714285714,0.40968095238095237,0.41446190476190475,0.4163785714285713,0.41877380952380955,0.4131428571428571,0.414752380952381,0.4204333333333334,0.40667619047619047,0.4105119047619048,0.41495238095238096,0.4203095238095238,0.41559047619047623,0.4083047619047619,0.2846285714285715,0.2892020408163265,0.2851462585034015,0.27826530612244893,0.2798414965986394,0.2755986394557823,0.2798918367346939,0.2806,0.28077006802721094,0.2911170068027211,0.2890442176870748,0.28310952380952376,0.27874149659863945,0.2797156462585034,0.2881503401360544,Male,10,8-12,Elementary,S,NC,R16S15b10_info1_250Hz_gu2_AEP.conn
R16E12B9,R16E12b9_info1_250Hz_gu1_AEP.conn,gu1,0.3127380952380952,0.3134428571428572,0.32217142857142855,0.3286,0.34731428571428574,0.3462285714285715,0.3651666666666667,0.3597619047619047,0.35143809523809527,0.3273142857142857,0.33141904761904767,0.3282238095238095,0.3542238095238095,0.3645190476190476,0.3678619047619048,0.3237857142857143,0.32485714285714284,0.35126857142857143,0.36495714285714287,0.37008857142857143,0.32473142857142856,0.3292,0.3321228571428571,0.34612857142857145,0.3192028571428571,0.3415142857142857,0.35016857142857144,0.3514771428571429,0.3604,0.3522571428571428,0.3307771428571428,0.34100285714285716,0.3552,0.3594428571428572,0.3491542857142857,0.31868285714285716,0.29951714285714287,0.29850857142857146,0.30281714285714284,0.35038,0.3547857142857143,0.35485428571428573,0.29670857142857143,0.2956314285714285,0.35079142857142853,0.42059795918367354,0.4193908163265306,0.42474999999999996,0.4158265306122449,0.4077010204081633,0.4084806122448979,0.40848877551020407,0.41710306122448976,0.4208765306122449,0.43232346938775507,0.4370061224489796,0.42671326530612247,0.4283367346938776,0.43438571428571426,0.45543367346938773,0.5476928571428571,0.535254761904762,0.5337547619047619,0.5280261904761906,0.518497619047619,0.5535666666666667,0.5437571428571429,0.5294285714285715,0.5263642857142856,0.5325880952380952,0.5341619047619047,0.5293571428571427,0.5456047619047618,0.5331809523809524,0.5304357142857143,0.364274149659864,0.36606938775510206,0.36677959183673464,0.3631693877551021,0.36616122448979593,0.35734217687074826,0.354421768707483,0.34869047619047616,0.3476938775510204,0.3739034013605443,0.36717687074829924,0.3630047619047619,0.35433129251700685,0.3497823129251701,0.36573469387755103,Male,9,8-12,Elementary,E,NC,R16E12b9_info1_250Hz_gu2_AEP.conn
R16S22B10,R16S22b10_info1_250Hz_gu1_AEP.conn,gu1,0.34037619047619044,0.3442904761904762,0.34044761904761905,0.32561904761904764,0.3103190476190476,0.32458571428571426,0.33270952380952384,0.3323428571428571,0.3383809523809524,0.35177619047619046,0.3450952380952381,0.32832380952380946,0.38386666666666674,0.38626190476190475,0.37247619047619046,0.4563314285714285,0.4531914285714286,0.44129142857142856,0.42695142857142854,0.4312485714285715,0.4524,0.4519457142857143,0.44756,0.4564342857142857,0.44547428571428566,0.43597714285714284,0.4328314285714286,0.4736885714285714,0.47198571428571423,0.44873714285714283,0.3674114285714286,0.37462,0.3870485714285714,0.38808,0.38108285714285717,0.3408399999999999,0.33809142857142854,0.34254571428571434,0.3460314285714286,0.3816542857142857,0.3863114285714286,0.3840571428571428,0.3493657142857143,0.3509428571428571,0.3759657142857143,0.45025000000000004,0.4463448979591837,0.44909693877551016,0.4546530612244898,0.46016020408163266,0.46451530612244907,0.4613091836734694,0.45805714285714283,0.4560775510204082,0.4475428571428572,0.4473591836734694,0.45102346938775506,0.4689112244897959,0.4670214285714286,0.46850102040816327,0.5528904761904762,0.546752380952381,0.5434476190476191,0.5516738095238095,0.5561190476190476,0.5698761904761905,0.5669738095238096,0.5689142857142857,0.5687047619047619,0.5445142857142856,0.543502380952381,0.5495166666666668,0.5752119047619048,0.5615476190476191,0.5335738095238095,0.3666380952380952,0.36713129251700677,0.37116870748299324,0.3710857142857143,0.3697306122448979,0.3734251700680272,0.372756462585034,0.36505714285714286,0.362430612244898,0.3706802721088436,0.3714299319727891,0.37001972789115645,0.36855850340136054,0.3636156462585034,0.3651619047619048,Male,10,8-12,Elementary,S,NC,R16S22b10_info1_250Hz_gu2_AEP.conn
R16BF02G9INFO1,R16BF02g9info1_250Hz_gu1_AEP.conn,gu1,0.25834761904761905,0.2577,0.23623333333333332,0.22911428571428571,0.23695714285714287,0.24486666666666668,0.24830952380952379,0.24878571428571428,0.2510857142857143,0.2760142857142857,0.2610571428571429,0.25853333333333334,0.33605238095238094,0.3310619047619047,0.3289380952380952,0.36669142857142856,0.3769628571428571,0.38743714285714287,0.38197714285714285,0.3691542857142857,0.38594,0.40307714285714286,0.40068857142857145,0.3956114285714286,0.3920285714285714,0.40070000000000006,0.39963714285714286,0.4329085714285713,0.43902,0.4290228571428571,0.2775628571428571,0.28902,0.29518857142857147,0.3168514285714286,0.3055514285714286,0.26648285714285713,0.27214,0.27328571428571424,0.26996571428571425,0.2862942857142857,0.29429428571428573,0.3104314285714286,0.2723,0.27861714285714284,0.2896685714285714,0.27600918367346944,0.28107346938775507,0.2799112244897959,0.2872530612244898,0.28614693877551023,0.26931530612244897,0.271034693877551,0.2749295918367347,0.27420408163265303,0.28162755102040815,0.283319387755102,0.28796836734693876,0.28458877551020406,0.290734693877551,0.29932551020408166,0.3798809523809524,0.3799880952380952,0.38756428571428575,0.3996,0.4136571428571429,0.37769761904761906,0.3671142857142857,0.361097619047619,0.37201190476190477,0.3795595238095238,0.3887047619047619,0.40205952380952387,0.36150952380952384,0.3522571428571429,0.38859523809523805,0.26728503401360537,0.27185646258503404,0.2763142857142857,0.28280340136054416,0.2837544217687075,0.2779285714285714,0.27638639455782305,0.2802095238095238,0.2816714285714285,0.26849319727891163,0.27523197278911565,0.2810625850340135,0.2704884353741497,0.27428843537414965,0.2699918367346939,Female,9,8-12,Elementary,S,NC,R16BF02g9info1_250Hz_gu2_AEP.conn
R16S06G6,R16S06g6_info1_250Hz_gu1_AEP.conn,gu1,0.19633333333333333,0.2110761904761905,0.21208095238095237,0.20443809523809522,0.19274761904761906,0.20556190476190472,0.19680952380952385,0.18912380952380956,0.19477619047619052,0.21426190476190476,0.21294761904761902,0.20287619047619046,0.25860476190476195,0.24718571428571426,0.2582047619047619,0.3526371428571428,0.34915714285714283,0.34806857142857145,0.34516285714285716,0.3372342857142857,0.34518000000000004,0.3411771428571429,0.3410114285714286,0.34772857142857144,0.3563257142857143,0.3501457142857142,0.34178857142857144,0.3640514285714285,0.36300571428571426,0.37561428571428573,0.2983142857142857,0.2963142857142857,0.2951457142857143,0.30104857142857144,0.3072057142857143,0.32142,0.30947142857142856,0.3076,0.3122028571428571,0.30325714285714284,0.2994942857142857,0.29976285714285716,0.30372571428571427,0.3040457142857143,0.29631142857142856,0.267419387755102,0.26720918367346935,0.26556020408163267,0.26156224489795915,0.2609724489795918,0.2684132653061225,0.26760306122448985,0.26805102040816325,0.2693,0.274669387755102,0.27254489795918363,0.2698622448979592,0.2852612244897959,0.2842479591836734,0.28858673469387747,0.3369785714285714,0.33895238095238095,0.34528571428571425,0.35155000000000003,0.35150952380952377,0.34653333333333336,0.3554928571428571,0.35445476190476183,0.3536809523809523,0.34150952380952376,0.35070952380952375,0.356147619047619,0.3597214285714286,0.35951666666666665,0.33807857142857145,0.2579319727891156,0.26131360544217686,0.26334489795918364,0.2629843537414966,0.2598156462585034,0.25886870748299323,0.25831292517006804,0.25360680272108843,0.2506333333333333,0.26672517006802715,0.2675204081632653,0.2678870748299319,0.26071700680272103,0.25899183673469384,0.275008843537415,Female,6,5-7,Elementary,S,NC,R16S06g6_info1_250Hz_gu2_AEP.conn
R16BF05B5,R16BF05b5_info1_250Hz_gu1_AEP.conn,gu1,0.2058047619047619,0.20965714285714288,0.21495714285714285,0.22788571428571427,0.23214761904761905,0.23758095238095236,0.22454761904761902,0.22751428571428575,0.22553809523809523,0.2150095238095238,0.21141904761904762,0.21978571428571428,0.26099047619047616,0.2691238095238095,0.2633380952380952,0.3053571428571429,0.30751428571428574,0.30794857142857146,0.30926,0.3183371428571428,0.3230085714285714,0.3290514285714286,0.32477428571428574,0.3214371428571428,0.3063828571428571,0.30841142857142856,0.3043342857142857,0.3567742857142857,0.3535542857142857,0.33070571428571427,0.29576857142857144,0.2891914285714286,0.29372,0.30660000000000004,0.32246857142857144,0.32877999999999996,0.3319314285714286,0.31931714285714285,0.3008314285714285,0.2907685714285714,0.29228,0.29552000000000006,0.33090571428571425,0.3197171428571429,0.30220285714285716,0.2744438775510204,0.2675071428571429,0.2679816326530612,0.27089795918367343,0.2703336734693877,0.27633367346938775,0.27377959183673467,0.2735612244897959,0.2721795918367347,0.2739622448979592,0.2723438775510204,0.27078061224489797,0.29160612244897954,0.2889387755102041,0.28721224489795916,0.3745428571428571,0.3767309523809524,0.38051904761904765,0.37744523809523806,0.38105000000000006,0.3878761904761905,0.38902857142857145,0.3874261904761905,0.3833738095238095,0.37721428571428567,0.3775071428571428,0.3751047619047619,0.3905642857142857,0.3790166666666667,0.36976666666666663,0.27676938775510207,0.2776768707482994,0.27706870748299317,0.2739557823129251,0.2721401360544218,0.2772761904761905,0.28467891156462577,0.2849006802721088,0.2813244897959184,0.27643469387755104,0.27729659863945577,0.2755095238095238,0.27769727891156465,0.28125238095238103,0.27527891156462586,Male,5,5-7,Elementary,S,NC,R16BF05b5_info1_250Hz_gu2_AEP.conn
R16E07B9,R16E07b9_info1_250Hz_gu1_AEP.conn,gu1,0.3436571428571429,0.33960000000000007,0.32589523809523807,0.3234857142857143,0.3204761904761905,0.32689523809523807,0.32885238095238095,0.33296666666666663,0.32228571428571423,0.3442904761904762,0.3269190476190476,0.32375238095238096,0.35630952380952374,0.3547238095238095,0.3418857142857143,0.41086857142857147,0.4037085714285714,0.3940457142857143,0.38801142857142856,0.3841428571428571,0.41706857142857146,0.42368285714285714,0.42977999999999994,0.4207142857142857,0.4067914285714286,0.40251428571428577,0.3966057142857143,0.44241142857142857,0.4441114285714286,0.4228628571428571,0.37292285714285717,0.3792571428571429,0.38645428571428575,0.3923857142857142,0.3934,0.39506285714285716,0.39584285714285716,0.4012714285714286,0.39837142857142854,0.3912771428571429,0.39999714285714283,0.4046942857142857,0.39941714285714286,0.40098857142857147,0.4083685714285714,0.4894081632653062,0.49225816326530614,0.4944479591836735,0.4955132653061224,0.4962836734693878,0.49376530612244907,0.4932224489795919,0.49617448979591827,0.4969948979591837,0.4994755102040816,0.5023408163265306,0.5063520408163266,0.5067602040816327,0.5109775510204082,0.5244571428571428,0.5193071428571429,0.515057142857143,0.5101142857142856,0.5157642857142857,0.5178023809523808,0.5390928571428572,0.5411904761904761,0.5366142857142857,0.5234047619047618,0.5219190476190476,0.5178166666666667,0.526597619047619,0.5448904761904761,0.5367761904761904,0.5219357142857143,0.3469809523809524,0.3450312925170068,0.3465149659863946,0.34710068027210883,0.35120408163265304,0.36353741496598646,0.3658503401360544,0.3639863945578231,0.36048775510204084,0.35532993197278906,0.3512340136054422,0.3493292517006803,0.3591319727891157,0.36150408163265313,0.35917891156462584,Male,9,8-12,Elementary,E,NC,R16E07b9_info1_250Hz_gu2_AEP.conn
R16A05Y08B,R16A05y08b_info1_250Hz_gu1_AEP.conn,gu1,0.29005238095238095,0.2868714285714286,0.2846095238095238,0.28845238095238096,0.2914952380952381,0.2841904761904762,0.2795,0.29050952380952383,0.29377619047619047,0.2930714285714286,0.2871142857142857,0.2832666666666666,0.3332904761904762,0.3435809523809524,0.32456666666666667,0.3263971428571429,0.32185142857142857,0.3130685714285714,0.3162342857142857,0.3175257142857143,0.3234228571428572,0.3157,0.31928,0.3245942857142857,0.32784,0.31896,0.3165914285714286,0.3555542857142857,0.3598057142857143,0.34816857142857144,0.23013142857142857,0.2331314285714286,0.2434542857142857,0.24202285714285715,0.23763428571428574,0.21837714285714283,0.21100571428571424,0.22568857142857138,0.24049714285714283,0.23450000000000001,0.23980857142857143,0.23224285714285714,0.21817714285714285,0.23082000000000003,0.23990285714285714,0.3772428571428571,0.3833428571428571,0.3872163265306123,0.39218775510204074,0.3935591836734695,0.3877877551020408,0.3915438775510204,0.39388265306122444,0.39111122448979596,0.38594285714285714,0.38780000000000003,0.39177244897959185,0.409215306122449,0.4101448979591837,0.40327040816326537,0.459954761904762,0.4571809523809523,0.45923095238095235,0.46105,0.46004047619047617,0.46957380952380956,0.4722214285714286,0.47211428571428565,0.47809523809523813,0.4647857142857143,0.4608071428571429,0.4603238095238095,0.472047619047619,0.46753333333333336,0.4621785714285714,0.32288979591836736,0.322204081632653,0.3247721088435374,0.32603401360544215,0.32588163265306125,0.3455190476190476,0.34073537414965993,0.3324170068027211,0.32806734693877554,0.32968435374149657,0.33137959183673465,0.3281374149659864,0.33201496598639446,0.32370612244897956,0.32933673469387753,Female,8,8-12,Elementary,A,NC,R16A05y08b_info1_250Hz_gu2_AEP.conn
R16X01S_G10,R16x01S_g10_info1_250Hz_gu1_AEP.conn,gu1,0.2959857142857143,0.30739047619047616,0.30820000000000003,0.31276190476190474,0.3059238095238095,0.2874285714285714,0.2871857142857143,0.2906714285714285,0.28881428571428575,0.32017619047619045,0.31707619047619046,0.32207619047619046,0.32576190476190475,0.3426571428571428,0.3484047619047619,0.4078428571428572,0.4064028571428572,0.3960142857142857,0.3982428571428572,0.4043685714285714,0.38810857142857136,0.38902285714285717,0.39896285714285706,0.4157685714285714,0.4084885714285715,0.3983485714285714,0.4040485714285714,0.4156714285714286,0.4263742857142857,0.42813428571428574,0.2815714285714286,0.2785285714285714,0.2887571428571428,0.28495428571428577,0.28339714285714285,0.28645142857142863,0.28637999999999997,0.27483142857142856,0.27972571428571424,0.29612000000000005,0.30087714285714284,0.29413714285714293,0.27894571428571424,0.2697171428571429,0.31692,0.27129795918367344,0.27454693877551023,0.2819091836734694,0.284869387755102,0.2898295918367347,0.27451530612244895,0.2798183673469387,0.27882551020408164,0.2791204081632653,0.27704693877551023,0.2825132653061224,0.2842989795918367,0.29342244897959185,0.29186428571428574,0.29878877551020405,0.3189095238095238,0.3166357142857143,0.3162619047619048,0.3143976190476191,0.31798809523809524,0.3128095238095238,0.32296190476190473,0.32821428571428574,0.3218190476190476,0.3124357142857143,0.31085,0.31192380952380955,0.3189595238095238,0.32361904761904764,0.3078690476190476,0.25088843537414973,0.2549884353741496,0.25853401360544215,0.26213265306122446,0.25837891156462583,0.26569047619047625,0.26741632653061226,0.26249251700680276,0.25312176870748304,0.2550428571428571,0.2566544217687075,0.2604503401360544,0.26515034013605443,0.26096530612244895,0.2567714285714286,Female,10,8-12,Elementary,S,NC,R16x01S_g10_info1_250Hz_gu2_AEP.conn
R16S09G6,R16s09g6_info1_250Hz_gu1_AEP.conn,gu1,0.21143333333333328,0.22397619047619047,0.22817619047619045,0.2447857142857143,0.24970000000000003,0.24861904761904763,0.22839047619047617,0.21343809523809523,0.23146666666666663,0.23840952380952377,0.2345047619047619,0.23645238095238094,0.3023619047619048,0.28133333333333327,0.28815238095238094,0.3665857142857143,0.35739714285714286,0.34496000000000004,0.3688,0.37489428571428574,0.4063828571428572,0.4076199999999999,0.39040285714285716,0.3813314285714286,0.35591999999999996,0.3491457142857143,0.3680857142857143,0.42862857142857147,0.41314,0.35533142857142863,0.33471142857142866,0.3425057142857143,0.3447685714285714,0.33254857142857147,0.3255485714285714,0.37163142857142856,0.3609257142857143,0.36315714285714285,0.3588,0.33301428571428576,0.3352657142857142,0.32442000000000004,0.33595428571428576,0.34638285714285716,0.3303942857142857,0.37566020408163264,0.36714489795918365,0.369430612244898,0.36974183673469385,0.3718704081632653,0.37471122448979594,0.37844489795918373,0.3838581632653061,0.3895979591836735,0.3602336734693878,0.36490612244897963,0.36980306122448975,0.38407448979591835,0.39429795918367344,0.3811,0.4871357142857143,0.4918595238095238,0.489252380952381,0.4761809523809523,0.4749999999999999,0.4774452380952381,0.47674047619047616,0.46588571428571424,0.4640142857142857,0.48761666666666664,0.4836571428571428,0.4711095238095238,0.5038714285714286,0.49713333333333337,0.4804333333333333,0.3210122448979592,0.31443605442176864,0.31055646258503394,0.3092972789115646,0.3084496598639456,0.3262238095238095,0.3256496598639456,0.32196598639455787,0.3174163265306122,0.3138938775510204,0.3115823129251701,0.30540544217687077,0.3170965986394557,0.31355374149659865,0.30855918367346946,Female,6,5-7,Elementary,S,NC,R16s09g6_info1_250Hz_gu2_AEP.conn
R16S01Y08B,R16S01y08b_info1_250Hz_gu1_AEP.conn,gu1,0.32368095238095235,0.3220095238095238,0.31735714285714284,0.3138238095238095,0.3203809523809524,0.3025523809523809,0.30887142857142863,0.31412857142857137,0.3129380952380953,0.31450952380952374,0.31315238095238096,0.3167857142857143,0.3512190476190476,0.35494761904761907,0.3483,0.36281714285714284,0.3668057142857143,0.3695657142857143,0.3570485714285715,0.35022285714285717,0.3464028571428571,0.34998285714285715,0.3496942857142857,0.34357714285714286,0.3636828571428571,0.3694228571428571,0.3609114285714286,0.3879342857142857,0.3884942857142857,0.3763742857142857,0.2651828571428571,0.2656428571428572,0.26898857142857147,0.2740514285714285,0.2820542857142857,0.2784885714285714,0.2691485714285714,0.25952000000000003,0.26380857142857145,0.25862285714285715,0.26091142857142857,0.26935142857142863,0.25956285714285715,0.25438285714285713,0.2511457142857143,0.30271734693877544,0.3032969387755102,0.3107357142857143,0.31894897959183677,0.3187928571428572,0.31136224489795916,0.31071122448979593,0.31239285714285714,0.3123183673469388,0.30727653061224486,0.3127846938775511,0.3178938775510204,0.32564795918367345,0.3262785714285715,0.3385051020408163,0.3918642857142857,0.3905285714285715,0.39721190476190477,0.40215952380952386,0.39952857142857146,0.40670714285714277,0.4005904761904762,0.3933285714285714,0.385402380952381,0.39447857142857146,0.3995785714285714,0.40164523809523806,0.39205476190476185,0.3781547619047619,0.40019047619047615,0.29289183673469393,0.2977557823129252,0.29582653061224484,0.29540884353741503,0.28968435374149654,0.2859938775510204,0.2869163265306123,0.2885789115646259,0.29297074829931974,0.2931455782312925,0.291478231292517,0.29339863945578226,0.28651972789115654,0.2849326530612245,0.2855537414965987,Female,8,8-12,Elementary,S,NC,R16S01y08b_info1_250Hz_gu2_AEP.conn
R16E17B5,R16E17b5_info1_250Hz_gu1_AEP.conn,gu1,0.22445714285714283,0.23665238095238095,0.24480476190476194,0.24308095238095237,0.2352238095238095,0.23134285714285716,0.23271904761904758,0.21127142857142855,0.20357142857142854,0.22113809523809524,0.2286,0.23512857142857144,0.27271428571428574,0.2600857142857143,0.25149523809523805,0.32094,0.3232828571428571,0.31846857142857143,0.32067428571428575,0.32056,0.3096685714285714,0.30920857142857144,0.3243257142857143,0.32807714285714284,0.32280571428571425,0.31796857142857143,0.32200571428571434,0.33054,0.3436828571428572,0.34425999999999995,0.23811142857142858,0.22483142857142857,0.22861428571428571,0.23646000000000003,0.23847142857142858,0.22154571428571432,0.22409428571428572,0.2289142857142857,0.22919714285714282,0.2266085714285714,0.23604857142857144,0.24020000000000002,0.21448857142857145,0.22007714285714292,0.23557999999999998,0.28870612244897964,0.29265612244897954,0.29373163265306124,0.29237551020408165,0.29649285714285717,0.29746224489795925,0.30091224489795915,0.29974591836734693,0.2947030612244898,0.29481530612244894,0.29782857142857144,0.2938275510204082,0.31087755102040815,0.3064295918367347,0.31705918367346947,0.37926190476190474,0.38334761904761905,0.38880000000000003,0.40168095238095236,0.4057214285714285,0.3937309523809524,0.39662619047619047,0.38932380952380957,0.38204047619047626,0.40180476190476194,0.40289523809523803,0.40776190476190477,0.3863190476190476,0.37860000000000005,0.412747619047619,0.27192721088435373,0.2754095238095238,0.2780027210884354,0.2822258503401361,0.28674761904761914,0.28111224489795916,0.2793040816326531,0.2802612244897959,0.28548571428571423,0.27783265306122445,0.2771619047619048,0.2800972789115646,0.2779469387755102,0.2821537414965986,0.27703741496598644,Male,5,5-7,Elementary,E,NC,R16E17b5_info1_250Hz_gu2_AEP.conn
R16S11B10,R16S11b10_info1_250Hz_gu1_AEP.conn,gu1,0.2756285714285714,0.2844857142857143,0.3022142857142857,0.3063,0.2997666666666667,0.27623333333333333,0.2999428571428571,0.3136238095238095,0.3156666666666667,0.29566666666666663,0.3087619047619048,0.3070428571428571,0.33040476190476187,0.3405666666666667,0.35732857142857144,0.3514428571428571,0.3581142857142857,0.35578571428571426,0.35934285714285713,0.34843428571428575,0.37092571428571425,0.37770000000000004,0.38977428571428574,0.3804828571428572,0.37166,0.3741857142857143,0.3735114285714286,0.4048,0.41414,0.3954714285714286,0.30134285714285713,0.2905942857142857,0.27536,0.28266285714285716,0.28866,0.2946542857142857,0.2881714285714286,0.2966685714285714,0.29714857142857143,0.28672857142857144,0.27214,0.2776114285714286,0.2888571428571428,0.2796885714285714,0.28333714285714284,0.3566204081632653,0.35746530612244903,0.3485112244897959,0.3470999999999999,0.35537142857142856,0.36195000000000005,0.35995918367346935,0.3639397959183674,0.37269693877551013,0.35824081632653054,0.35392653061224494,0.36087755102040825,0.3828775510204081,0.38295510204081634,0.3718357142857142,0.41918809523809525,0.42156666666666665,0.42276666666666657,0.4229023809523809,0.43736904761904766,0.4346880952380953,0.42089047619047615,0.4200166666666667,0.423197619047619,0.40790238095238096,0.4214809523809524,0.42895476190476195,0.4364952380952381,0.42555476190476194,0.41161904761904755,0.3229489795918367,0.3250714285714286,0.3295353741496598,0.33533333333333326,0.33783945578231295,0.31608707482993204,0.3220428571428572,0.32968299319727884,0.33290272108843544,0.32049251700680265,0.33026598639455784,0.3361115646258504,0.32191904761904755,0.32541632653061225,0.32637278911564627,Male,10,8-12,Elementary,S,NC,R16S11b10_info1_250Hz_gu2_AEP.conn
R16S20G7,R16S20g7_info1_250Hz_gu1_AEP.conn,gu1,0.20007619047619052,0.19485714285714284,0.19174761904761908,0.19396190476190475,0.18450476190476187,0.20988571428571426,0.20123333333333335,0.19760476190476192,0.19034761904761907,0.17945714285714287,0.1898761904761905,0.19987142857142856,0.248,0.24528571428571425,0.25262380952380953,0.26644285714285715,0.26833714285714283,0.26615714285714287,0.2662228571428571,0.2694742857142858,0.28602285714285713,0.2883657142857142,0.28749142857142856,0.27610857142857137,0.2624371428571429,0.26686571428571426,0.2717257142857143,0.29544571428571426,0.29066857142857144,0.3009142857142857,0.25626,0.25548000000000004,0.2657857142857143,0.27217142857142856,0.27526,0.26540857142857144,0.26800285714285715,0.27072857142857143,0.2639342857142858,0.25963142857142857,0.26242571428571426,0.26303428571428566,0.26004285714285713,0.26729142857142857,0.25840285714285716,0.3097275510204081,0.3112367346938775,0.31145408163265303,0.31028367346938773,0.3100051020408164,0.2922826530612244,0.29041428571428574,0.29413367346938774,0.30065000000000003,0.3057459183673469,0.304915306122449,0.30533265306122453,0.30719795918367343,0.3107469387755102,0.3135326530612245,0.3960166666666667,0.3945,0.39585000000000004,0.40255714285714284,0.4080047619047619,0.4103309523809524,0.4060214285714286,0.40848571428571434,0.412202380952381,0.39580952380952383,0.399397619047619,0.3993214285714286,0.4048,0.40772857142857144,0.4024761904761905,0.2866795918367347,0.2853020408163265,0.28616598639455787,0.2889170068027211,0.2871455782312925,0.29308367346938774,0.29267687074829934,0.290156462585034,0.28706054421768706,0.2805476190476191,0.28220204081632655,0.28575850340136055,0.28969931972789115,0.28838503401360543,0.2859952380952381,Female,7,5-7,Elementary,S,NC,R16S20g7_info1_250Hz_gu2_AEP.conn
R16E16B7,R16E16b7_info1_250Hz_gu1_AEP.conn,gu1,0.27617142857142857,0.28022857142857144,0.28322857142857144,0.2854952380952381,0.2688809523809524,0.28508571428571433,0.27385714285714285,0.292752380952381,0.3048190476190476,0.289,0.29037142857142856,0.2949761904761905,0.34861904761904766,0.35912857142857146,0.3624285714285714,0.3979685714285714,0.3883685714285714,0.38075428571428577,0.37780571428571436,0.3858457142857143,0.39044,0.3886342857142857,0.3930057142857143,0.39076571428571427,0.38423428571428564,0.37760571428571427,0.3758542857142857,0.4156971428571429,0.4173685714285714,0.40637428571428574,0.30018,0.3039914285714286,0.2986942857142857,0.29258285714285714,0.28577714285714284,0.2944857142857143,0.29118571428571427,0.28453428571428574,0.2872142857142857,0.2993742857142857,0.2941,0.2908142857142857,0.2983457142857143,0.29420285714285715,0.30223428571428573,0.3887979591836735,0.3914183673469388,0.39233367346938774,0.39357142857142857,0.38963265306122447,0.392838775510204,0.3926744897959184,0.39428469387755094,0.39531122448979594,0.3958857142857143,0.397115306122449,0.40052346938775507,0.41453367346938774,0.41444693877551014,0.41685000000000005,0.46884047619047614,0.46712142857142863,0.4719380952380953,0.4796809523809524,0.47897380952380947,0.48148809523809527,0.47640714285714286,0.47212857142857145,0.4697380952380951,0.46615,0.4707285714285714,0.4795785714285714,0.47089999999999993,0.4613404761904762,0.46703333333333336,0.3455945578231293,0.34719999999999995,0.3467027210884354,0.3463612244897959,0.34726462585034007,0.3444734693877551,0.3421707482993197,0.34025034013605443,0.343065306122449,0.3493163265306123,0.34936394557823125,0.3512408163265306,0.3355020408163265,0.33546054421768706,0.34965646258503397,Male,7,5-7,Elementary,E,NC,R16E16b7_info1_250Hz_gu2_AEP.conn
R16BF04G10,R16BF04g10_info1_250Hz_gu1_AEP.conn,gu1,0.30114761904761905,0.3022142857142857,0.31556190476190477,0.3294761904761905,0.3218095238095238,0.3103,0.3190047619047619,0.3121857142857143,0.307047619047619,0.32154285714285713,0.3320619047619047,0.34188095238095245,0.39057619047619047,0.3906190476190476,0.3798809523809525,0.4340514285714286,0.43313428571428564,0.4345428571428571,0.4347485714285715,0.43977714285714287,0.4475257142857143,0.4489485714285714,0.42902571428571423,0.42060000000000003,0.4404171428571429,0.4386028571428572,0.43758285714285716,0.47853142857142855,0.45979714285714285,0.4465028571428572,0.29522857142857145,0.28605142857142857,0.29798,0.30496,0.30175714285714283,0.31344000000000005,0.30803714285714284,0.28827714285714284,0.28404,0.2965342857142857,0.2967257142857143,0.29697428571428575,0.3137685714285714,0.2964628571428571,0.30208285714285715,0.35424183673469384,0.34516224489795916,0.35013877551020406,0.3627724489795918,0.3716979591836735,0.3770836734693877,0.37724897959183673,0.3822020408163266,0.3888071428571428,0.3459479591836735,0.35176734693877554,0.36195612244897957,0.39381326530612243,0.39860000000000007,0.37999795918367346,0.3909238095238095,0.4003285714285714,0.4043666666666666,0.4051571428571428,0.4145119047619048,0.4127119047619048,0.40169285714285713,0.4036309523809524,0.40168333333333334,0.39821666666666666,0.40951904761904756,0.41740714285714287,0.403297619047619,0.4020880952380952,0.41760476190476187,0.3383258503401361,0.33899251700680283,0.33594285714285715,0.33351632653061225,0.3294408163265305,0.3466931972789116,0.34183945578231284,0.3363462585034014,0.3311394557823129,0.3419959183673469,0.3401476190476191,0.3345020408163265,0.3298503401360544,0.3231632653061224,0.33977619047619045,Female,10,8-12,Elementary,S,NC,R16BF04g10_info1_250Hz_gu2_AEP.conn
R16A04B8,R16A04b8_info1_250Hz_gu1_AEP.conn,gu1,0.32184285714285715,0.32294285714285714,0.3476238095238095,0.3564047619047619,0.3388857142857143,0.2716904761904762,0.29967142857142853,0.31884285714285715,0.31050476190476195,0.3206142857142857,0.3223238095238095,0.3362523809523809,0.3339047619047619,0.35556666666666664,0.33239523809523813,0.41712,0.409,0.4078057142857143,0.41083428571428565,0.4161714285714286,0.40709142857142855,0.4114685714285714,0.41414,0.4121657142857143,0.4237742857142856,0.4207171428571429,0.4145942857142857,0.4384857142857143,0.42912285714285714,0.41814571428571423,0.36027714285714285,0.3688057142857143,0.38730000000000003,0.3950342857142857,0.3875028571428571,0.3435085714285714,0.34784,0.37138,0.36315714285714285,0.3690885714285715,0.38785428571428576,0.3963457142857143,0.3571,0.3707857142857143,0.3761685714285714,0.43469591836734695,0.4365816326530612,0.44026122448979593,0.4508234693877551,0.4605632653061225,0.42723265306122443,0.4346938775510204,0.43727244897959183,0.44119285714285716,0.4530285714285715,0.4575591836734695,0.4694602040816326,0.45112244897959186,0.45466122448979596,0.4699928571428571,0.5131023809523809,0.5101761904761904,0.5127071428571428,0.5116333333333333,0.5122976190476191,0.516847619047619,0.525097619047619,0.5255690476190477,0.5159952380952381,0.506252380952381,0.5096833333333334,0.509752380952381,0.5245023809523809,0.52325,0.5015333333333333,0.3805034013605442,0.3810489795918367,0.38052244897959187,0.37691700680272117,0.37677551020408157,0.3796843537414966,0.3870469387755103,0.389126530612245,0.38652448979591836,0.3837489795918367,0.38489795918367353,0.3819183673469388,0.3868115646258502,0.388756462585034,0.3867421768707483,Male,8,8-12,Elementary,A,NC,R16A04b8_info1_250Hz_gu2_AEP.conn
R16S19B10,R16S19b10_info1_250Hz_gu1_AEP.conn,gu1,0.23809523809523805,0.2465190476190476,0.24999523809523808,0.24840000000000004,0.24656666666666668,0.2483761904761905,0.23966190476190477,0.23052857142857144,0.2308714285714286,0.2422,0.24748095238095238,0.24797619047619046,0.2906142857142857,0.28367619047619047,0.29116666666666663,0.3414114285714286,0.3377857142857143,0.33476,0.33849999999999997,0.3428771428571429,0.33261714285714283,0.32492857142857146,0.31646857142857143,0.3137142857142857,0.3338285714285715,0.3295685714285714,0.3317571428571429,0.35334571428571426,0.3489742857142857,0.35923428571428573,0.3281771428571429,0.3328142857142857,0.3312514285714286,0.32584285714285716,0.31961999999999996,0.31770571428571426,0.30793714285714285,0.30718285714285715,0.31441428571428565,0.31989999999999996,0.32015999999999994,0.3144771428571428,0.30813714285714283,0.3087914285714286,0.30219428571428575,0.3877520408163265,0.39206836734693884,0.39312653061224495,0.3911377551020408,0.38656326530612234,0.3895224489795918,0.39471428571428574,0.398319387755102,0.3964714285714286,0.39436734693877545,0.39661326530612245,0.39615510204081633,0.4119285714285715,0.4138204081632653,0.4103877551020408,0.5032809523809524,0.4999071428571429,0.508004761904762,0.511945238095238,0.509054761904762,0.5002714285714286,0.5069666666666666,0.5080714285714286,0.5086833333333334,0.5048880952380952,0.5112761904761904,0.5152928571428572,0.5031428571428571,0.5089,0.5209809523809524,0.3084639455782313,0.3084836734693877,0.31151088435374147,0.3113503401360544,0.3086809523809524,0.31437959183673464,0.31508367346938776,0.31385442176870754,0.3123442176870748,0.309591156462585,0.3129986394557823,0.3151299319727891,0.31577006802721086,0.31470544217687074,0.32241768707482993,Male,10,8-12,Elementary,S,NC,R16S19b10_info1_250Hz_gu2_AEP.conn
R16S21B8,R16S21b8_info1_250Hz_gu1_AEP.conn,gu1,0.21832857142857143,0.22115238095238096,0.22495238095238093,0.22156190476190474,0.2263666666666667,0.2476142857142857,0.2543285714285714,0.2450904761904762,0.2421047619047619,0.23877142857142855,0.23707619047619052,0.22694285714285714,0.3108904761904762,0.2986619047619048,0.29791428571428574,0.33460285714285715,0.34501142857142864,0.3418714285714286,0.33312571428571425,0.3266314285714286,0.32299142857142854,0.3267542857142857,0.3317914285714285,0.33024571428571425,0.3453942857142857,0.3420571428571429,0.32734285714285716,0.3595371428571429,0.3564314285714286,0.35313714285714287,0.3091028571428572,0.3161057142857143,0.322,0.31956,0.3250914285714286,0.31146857142857143,0.3230571428571428,0.32539428571428564,0.31666285714285713,0.32371999999999995,0.3299971428571428,0.32545428571428575,0.31615714285714286,0.32546571428571436,0.3351742857142857,0.3333520408163265,0.34055714285714284,0.3475173469387755,0.34821122448979586,0.34923163265306123,0.33717653061224484,0.3412091836734694,0.34433265306122446,0.33978163265306127,0.34286122448979583,0.3476612244897958,0.3515438775510204,0.36494081632653064,0.36966326530612237,0.36944183673469394,0.4000571428571429,0.3958571428571429,0.3916,0.38807619047619046,0.39264999999999994,0.37889047619047617,0.37315476190476193,0.3728238095238095,0.37216190476190475,0.3989785714285714,0.3937833333333333,0.3896785714285714,0.3787261904761905,0.3660547619047619,0.3909833333333334,0.2847952380952381,0.2821272108843537,0.279208843537415,0.2847857142857143,0.2873659863945579,0.2866312925170068,0.28396326530612254,0.2818503401360544,0.28423333333333334,0.2817680272108843,0.2806877551020408,0.2852938775510204,0.2812244897959183,0.2793054421768708,0.2863931972789115,Male,8,8-12,Elementary,S,NC,R16S21b8_info1_250Hz_gu2_AEP.conn
R16S23G8,R16S23g8_info1_250Hz_gu1_AEP.conn,gu1,0.25840476190476197,0.2551714285714286,0.2512238095238095,0.23954761904761904,0.2359285714285714,0.27376666666666666,0.25865714285714286,0.24853809523809522,0.24735714285714286,0.2557809523809524,0.2593761904761905,0.2513666666666667,0.3222,0.3058285714285714,0.32485238095238095,0.3489,0.34207714285714286,0.3427685714285714,0.35221142857142856,0.3689571428571429,0.3721685714285714,0.36771714285714285,0.36620285714285716,0.3612685714285715,0.3470857142857143,0.3493942857142857,0.3560114285714286,0.3964085714285714,0.39398000000000005,0.38702,0.30529428571428574,0.2974942857142857,0.31124857142857143,0.32472,0.3360828571428572,0.34778285714285717,0.3421342857142857,0.3338885714285714,0.33214571428571427,0.30330285714285715,0.31504000000000004,0.3271657142857144,0.35043428571428575,0.34542571428571434,0.34103999999999995,0.41742857142857137,0.4115418367346938,0.40818673469387756,0.41185,0.41386224489795914,0.4137428571428572,0.41947653061224494,0.41886428571428563,0.413784693877551,0.41568775510204087,0.41454285714285716,0.4165367346938775,0.4482204081632653,0.4476010204081633,0.43937755102040815,0.4581380952380952,0.4453142857142858,0.4334071428571429,0.42230000000000006,0.4288976190476191,0.43951904761904764,0.43956666666666666,0.44317142857142855,0.4484285714285714,0.4505595238095239,0.43494285714285713,0.4260928571428571,0.4475047619047619,0.4382714285714285,0.43701190476190477,0.34224693877551016,0.3418959183673469,0.3430653061224489,0.34076462585034006,0.3419489795918368,0.346178231292517,0.34375510204081633,0.3433244897959183,0.3424700680272108,0.34763673469387757,0.3461210884353742,0.34205782312925165,0.34207074829931977,0.3413625850340137,0.343182993197279,Female,8,8-12,Elementary,S,NC,R16S23g8_info1_250Hz_gu2_AEP.conn
R16E13B5,R16E13b5_info1_250Hz_gu1_AEP.conn,gu1,0.2445761904761905,0.2547904761904762,0.26253809523809524,0.2608095238095238,0.25068095238095234,0.22501428571428572,0.22950476190476188,0.22677619047619046,0.23503333333333332,0.24477142857142856,0.2623619047619048,0.26818095238095235,0.2826571428571429,0.27953809523809525,0.31465238095238096,0.3877542857142857,0.38590285714285716,0.3834714285714286,0.38078,0.37753999999999993,0.37294857142857146,0.3774685714285714,0.38254571428571427,0.3920485714285714,0.38818857142857144,0.38704857142857146,0.3849514285714286,0.40818857142857146,0.41537428571428575,0.4226857142857143,0.4266571428571428,0.42548571428571436,0.4242971428571429,0.4233057142857143,0.41578,0.41164000000000006,0.41796000000000005,0.4184028571428572,0.4166971428571428,0.41750857142857145,0.41504285714285716,0.4150942857142857,0.42165714285714284,0.41779142857142854,0.41197714285714293,0.4592173469387756,0.46149999999999997,0.4647704081632654,0.46952244897959183,0.47013163265306107,0.45644999999999997,0.4570714285714286,0.45953061224489805,0.4614010204081633,0.45777244897959185,0.4610183673469388,0.46342551020408157,0.4733602040816326,0.47608775510204077,0.4775357142857143,0.5382547619047618,0.5377357142857143,0.5388166666666666,0.5355166666666666,0.5308,0.5259285714285714,0.5249333333333334,0.5286904761904762,0.5334238095238094,0.5420904761904762,0.5445238095238095,0.539597619047619,0.523195238095238,0.5375357142857143,0.5542404761904762,0.35338503401360544,0.3560904761904762,0.3549088435374149,0.3558469387755102,0.3590238095238095,0.35267891156462583,0.3512353741496598,0.34959319727891164,0.3531523809523809,0.3540238095238096,0.35119727891156455,0.35238843537414966,0.3456299319727891,0.3455816326530612,0.35084285714285707,Male,5,5-7,Elementary,E,NC,R16E13b5_info1_250Hz_gu2_AEP.conn
