participant_id,filename,condition,delta_ACtL_ACrL,delta_ACtL_ACaL,delta_ACtL_ACtR,delta_ACtL_ACrR,delta_ACtL_ACaR,delta_ACrL_ACaL,delta_ACrL_ACtR,delta_ACrL_ACrR,delta_ACrL_ACaR,delta_ACaL_ACtR,delta_ACaL_ACrR,delta_ACaL_ACaR,delta_ACtR_ACrR,delta_ACtR_ACaR,delta_ACrR_ACaR,theta_ACtL_ACrL,theta_ACtL_ACaL,theta_ACtL_ACtR,theta_ACtL_ACrR,theta_ACtL_ACaR,theta_ACrL_ACaL,theta_ACrL_ACtR,theta_ACrL_ACrR,theta_ACrL_ACaR,theta_ACaL_ACtR,theta_ACaL_ACrR,theta_ACaL_ACaR,theta_ACtR_ACrR,theta_ACtR_ACaR,theta_ACrR_ACaR,alpha_ACtL_ACrL,alpha_ACtL_ACaL,alpha_ACtL_ACtR,alpha_ACtL_ACrR,alpha_ACtL_ACaR,alpha_ACrL_ACaL,alpha_ACrL_ACtR,alpha_ACrL_ACrR,alpha_ACrL_ACaR,alpha_ACaL_ACtR,alpha_ACaL_ACrR,alpha_ACaL_ACaR,alpha_ACtR_ACrR,alpha_ACtR_ACaR,alpha_ACrR_ACaR,beta_ACtL_ACrL,beta_ACtL_ACaL,beta_ACtL_ACtR,beta_ACtL_ACrR,beta_ACtL_ACaR,beta_ACrL_ACaL,beta_ACrL_ACtR,beta_ACrL_ACrR,beta_ACrL_ACaR,beta_ACaL_ACtR,beta_ACaL_ACrR,beta_ACaL_ACaR,beta_ACtR_ACrR,beta_ACtR_ACaR,beta_ACrR_ACaR,highbeta_ACtL_ACrL,highbeta_ACtL_ACaL,highbeta_ACtL_ACtR,highbeta_ACtL_ACrR,highbeta_ACtL_ACaR,highbeta_ACrL_ACaL,highbeta_ACrL_ACtR,highbeta_ACrL_ACrR,highbeta_ACrL_ACaR,highbeta_ACaL_ACtR,highbeta_ACaL_ACrR,highbeta_ACaL_ACaR,highbeta_ACtR_ACrR,highbeta_ACtR_ACaR,highbeta_ACrR_ACaR,gamma_ACtL_ACrL,gamma_ACtL_ACaL,gamma_ACtL_ACtR,gamma_ACtL_ACrR,gamma_ACtL_ACaR,gamma_ACrL_ACaL,gamma_ACrL_ACtR,gamma_ACrL_ACrR,gamma_ACrL_ACaR,gamma_ACaL_ACtR,gamma_ACaL_ACrR,gamma_ACaL_ACaR,gamma_ACtR_ACrR,gamma_ACtR_ACaR,gamma_ACrR_ACaR,gender,age,age_group,age_group_edu,lang,lang_group,file_name
R16C06B16,R16C06b16_info1_250Hz_gu1_AEP(1).conn,gu1,0.304,0.3075047619047619,0.29865238095238095,0.2940333333333333,0.3098476190476191,0.35209047619047623,0.3470571428571429,0.3350142857142857,0.35390476190476194,0.34588095238095234,0.3389142857142858,0.3245095238095238,0.3853666666666667,0.37223333333333336,0.34613333333333335,0.3362514285714286,0.3535914285714286,0.36222857142857146,0.36436857142857143,0.36510571428571426,0.3691942857142857,0.3683371428571428,0.3662314285714286,0.35604,0.3452914285714286,0.3508114285714286,0.3591285714285714,0.36796285714285715,0.3673914285714286,0.3543314285714286,0.33095142857142856,0.34436857142857147,0.34483142857142857,0.3446028571428571,0.34598,0.33672,0.33687142857142854,0.3371542857142857,0.3400971428571429,0.3483657142857143,0.34425142857142854,0.34128,0.34429714285714286,0.3388971428571429,0.3395457142857143,0.3641132653061225,0.3667948979591837,0.37145510204081633,0.37602346938775516,0.3779336734693878,0.3663061224489796,0.3614744897959184,0.36550816326530616,0.37326020408163263,0.38456428571428575,0.38968877551020403,0.39194387755102034,0.3929836734693878,0.3912877551020409,0.3844142857142857,0.28949285714285716,0.29788333333333333,0.29925238095238094,0.2923190476190476,0.28982619047619046,0.2896452380952381,0.2862761904761905,0.27926666666666666,0.2762047619047619,0.2762380952380952,0.28453095238095233,0.2803285714285714,0.3021309523809524,0.29379523809523805,0.28991904761904763,0.26779795918367344,0.26940476190476187,0.2665224489795919,0.2581598639455783,0.25341156462585035,0.2563428571428572,0.25445238095238093,0.25130340136054424,0.25426462585034015,0.26172244897959185,0.26087823129251697,0.2550428571428571,0.2578544217687075,0.2564877551020408,0.26054897959183676,Male,16,Teen,Secondary,C,C,R16C06b16_info1_250Hz_gu2_AEP(1).conn
R16C05B13,R16C05b13_info1_250Hz_gu1_AEP.conn,gu1,0.3051904761904762,0.2975523809523809,0.3195904761904762,0.3438666666666667,0.36582380952380955,0.3423904761904762,0.3362428571428571,0.31329999999999997,0.32995714285714284,0.3644428571428571,0.3617619047619048,0.3653571428571429,0.3507904761904761,0.3443809523809523,0.36639523809523805,0.37403714285714285,0.37854857142857146,0.3915142857142857,0.38798,0.3904971428571429,0.3906742857142857,0.38932571428571433,0.37362,0.36525714285714284,0.3672257142857143,0.38196571428571424,0.38245428571428575,0.37649999999999995,0.36345142857142854,0.38964571428571426,0.26490857142857144,0.25844285714285714,0.2682085714285714,0.2781314285714286,0.2915571428571428,0.2714885714285714,0.2509,0.24308285714285716,0.25893714285714287,0.24699142857142858,0.25825428571428566,0.26461999999999997,0.24817142857142854,0.24094571428571426,0.27641714285714286,0.33463979591836734,0.3335836734693878,0.3358867346938776,0.34006224489795916,0.3477234693877551,0.3374683673469388,0.32775510204081637,0.32318877551020414,0.32871428571428574,0.34871632653061224,0.35306224489795923,0.3545285714285716,0.35873673469387757,0.354169387755102,0.3601581632653061,0.31083095238095243,0.3257547619047619,0.32592380952380956,0.31404047619047615,0.29792142857142856,0.2950023809523809,0.29242142857142855,0.3002642857142857,0.30296666666666666,0.3441690476190476,0.3459642857142857,0.34639761904761907,0.3349976190476191,0.32302380952380955,0.33238809523809526,0.28685170068027205,0.2868945578231292,0.2897612244897959,0.2933204081632653,0.2968659863945578,0.2636571428571428,0.2630598639455783,0.2606578231292517,0.2643544217687075,0.2882891156462585,0.28730408163265303,0.29139387755102036,0.27540136054421765,0.27608979591836735,0.28809931972789116,Male,13,Teen,Secondary,C,C,R16C05b13_info1_250Hz_gu2_AEP.conn
R16C39B10,R16C39b10_info1_250Hz_gu1_AEP.conn,gu1,0.3359952380952382,0.328052380952381,0.3203857142857143,0.3243142857142857,0.33494285714285715,0.3278952380952381,0.32953333333333334,0.33858571428571427,0.36768571428571434,0.3561857142857143,0.3502857142857143,0.36214285714285716,0.36057619047619055,0.3662333333333334,0.36078571428571427,0.39752857142857145,0.3984571428571429,0.4092885714285714,0.42365142857142857,0.4366942857142857,0.4023771428571429,0.41296285714285713,0.41943714285714284,0.41102857142857135,0.39210285714285714,0.3992514285714286,0.41052285714285713,0.4005457142857143,0.4074542857142857,0.4016457142857143,0.34132,0.34017714285714284,0.33969999999999995,0.34827142857142857,0.3456228571428572,0.3326885714285714,0.3302771428571429,0.33623142857142857,0.34157714285714286,0.33694,0.3406514285714286,0.34744285714285716,0.3325028571428571,0.33383428571428575,0.3401885714285714,0.34934183673469393,0.3528275510204081,0.35048367346938775,0.3427816326530612,0.33693979591836737,0.34806734693877545,0.3460836734693878,0.3474918367346938,0.34882244897959186,0.3662591836734695,0.365419387755102,0.36202448979591834,0.3588428571428572,0.3575734693877551,0.36327959183673464,0.29095952380952383,0.2790238095238095,0.2669333333333333,0.2643857142857143,0.26857142857142857,0.28943571428571424,0.29390476190476195,0.29787857142857144,0.29446190476190476,0.27195714285714284,0.2587095238095238,0.2524476190476191,0.27918809523809524,0.28081190476190476,0.26576666666666665,0.23471360544217687,0.23476190476190475,0.23312925170068027,0.22999591836734698,0.23338503401360552,0.2293149659863946,0.23545986394557822,0.2427809523809524,0.24765714285714285,0.2442931972789116,0.23949251700680274,0.23770748299319727,0.24402925170068027,0.24551632653061223,0.24573333333333333,Male,10,8-12,Elementary,C,C,R16C39b10_info1_250Hz_gu2_AEP.conn
R16C33B05,R16C33b05_info1_250Hz_gu1_AEP.conn,gu1,0.29163333333333336,0.30493809523809523,0.32569523809523804,0.31774761904761906,0.3004142857142857,0.3119714285714286,0.29709523809523813,0.3050285714285714,0.3424857142857143,0.35600952380952383,0.36190000000000005,0.35255714285714285,0.3187714285714286,0.3198809523809523,0.36304761904761906,0.3252,0.32322571428571434,0.32998000000000005,0.3298542857142857,0.3306657142857143,0.31843714285714286,0.30472,0.28747999999999996,0.28970285714285715,0.31983428571428574,0.31297714285714284,0.3139,0.30318285714285714,0.28550285714285717,0.3132771428571428,0.2363742857142857,0.23381714285714286,0.2375457142857143,0.24109714285714284,0.23722,0.25975714285714285,0.2515742857142857,0.24436571428571424,0.24503142857142857,0.2399,0.24058857142857143,0.24264285714285716,0.24192285714285716,0.22907714285714284,0.23839714285714284,0.3007989795918367,0.30449081632653063,0.3100204081632653,0.3175367346938775,0.3255897959183673,0.33171326530612244,0.3299540816326531,0.3179357142857144,0.3137122448979592,0.32407244897959187,0.3322857142857143,0.336934693877551,0.3374295918367348,0.32845306122448975,0.338111224489796,0.2730761904761905,0.27250476190476186,0.27417142857142857,0.25855952380952385,0.24664761904761903,0.2738023809523809,0.2774142857142857,0.27396904761904756,0.27425714285714287,0.2954833333333333,0.29837857142857144,0.28995,0.2734761904761905,0.2782904761904762,0.2970238095238095,0.21279727891156466,0.21416938775510208,0.21835714285714283,0.21804285714285718,0.21991292517006802,0.2142190476190477,0.21624557823129248,0.213556462585034,0.21091836734693878,0.21817687074829933,0.22219523809523806,0.22089523809523803,0.22033877551020403,0.22041768707482992,0.22127551020408165,Male,5,5-7,Elementary,C,C,R16C33b05_info1_250Hz_gu2_AEP.conn
R16C03G5,R16C03g5_info1_250Hz_gu1_AEP.conn,gu1,0.32394285714285714,0.29758095238095233,0.28363809523809524,0.28028571428571425,0.26667619047619046,0.3281809523809524,0.3322333333333333,0.3412142857142857,0.37733333333333335,0.34640476190476194,0.3274904761904762,0.3291523809523809,0.37282857142857145,0.3798238095238095,0.33580476190476194,0.3837771428571429,0.38060857142857146,0.3821914285714285,0.3803714285714285,0.38326000000000005,0.38757714285714284,0.3873628571428571,0.38339999999999996,0.3952457142857143,0.3877942857142857,0.3757742857142857,0.37008857142857143,0.38248000000000004,0.3751657142857144,0.3795085714285714,0.2867085714285714,0.29537142857142856,0.30856285714285714,0.30696,0.31673142857142855,0.2978828571428572,0.29484285714285713,0.2892314285714286,0.28290000000000004,0.2883857142857143,0.30724285714285715,0.3124142857142857,0.2805742857142857,0.28064000000000006,0.2962228571428571,0.29637857142857144,0.30833877551020406,0.3143408163265307,0.32195816326530613,0.31308877551020403,0.3026316326530612,0.3014316326530612,0.2980316326530613,0.29471428571428576,0.32098877551020405,0.32967857142857143,0.33487857142857136,0.320345918367347,0.31557959183673473,0.3251918367346939,0.29934285714285713,0.2833095238095238,0.2864761904761905,0.3035690476190476,0.3143809523809524,0.29403095238095234,0.2876690476190476,0.2867523809523809,0.2919714285714286,0.31602619047619046,0.2990690476190476,0.29638809523809523,0.299397619047619,0.29985,0.3064119047619048,0.31096326530612245,0.31045578231292514,0.30907142857142855,0.305034693877551,0.29856462585034016,0.28413061224489794,0.2959408163265306,0.3039537414965986,0.307912925170068,0.3097428571428571,0.3084836734693878,0.3119619047619048,0.30298163265306116,0.3070972789115646,0.3101741496598639,Female,5,5-7,Elementary,C,C,R16C03g5_info1_250Hz_gu2_AEP.conn
R16C25B5,R16C25b5_info1_250Hz_gu1_AEP.conn,gu1,0.3349285714285714,0.33004285714285714,0.3428857142857143,0.35512380952380956,0.3588380952380952,0.3605857142857143,0.3455142857142857,0.3337904761904762,0.3682047619047619,0.34847142857142854,0.36790476190476196,0.3742857142857143,0.37590476190476196,0.3749523809523809,0.38451428571428564,0.3804142857142857,0.3642885714285714,0.37008857142857143,0.3766,0.37669142857142857,0.4066057142857142,0.4158371428571429,0.4161514285714286,0.40647714285714287,0.3513685714285715,0.36050857142857146,0.37393428571428566,0.39875142857142853,0.3961828571428571,0.37358857142857144,0.3079457142857143,0.29804571428571425,0.29320571428571424,0.29925428571428575,0.2995028571428572,0.2920285714285714,0.31019428571428576,0.31092,0.3023571428571429,0.27611428571428576,0.2771,0.28499142857142856,0.2904028571428571,0.2856314285714286,0.28582857142857143,0.3251673469387755,0.3221938775510204,0.3229602040816326,0.32451428571428576,0.31936734693877555,0.31887653061224486,0.3195887755102041,0.3206071428571429,0.326019387755102,0.3431714285714285,0.3405479591836734,0.33944489795918364,0.33562346938775506,0.3338530612244898,0.34607040816326534,0.3165166666666666,0.3133547619047619,0.31068809523809526,0.2936547619047619,0.28125,0.30748095238095235,0.32229523809523813,0.32277142857142854,0.3123738095238095,0.30912142857142855,0.30384285714285714,0.29069523809523806,0.3083214285714286,0.3127166666666667,0.31260952380952384,0.2553782312925171,0.2526625850340136,0.2512632653061224,0.2567938775510204,0.2573625850340136,0.2660448979591837,0.2673768707482993,0.26160068027210887,0.25852585034013603,0.2556918367346939,0.25956190476190466,0.2631741496598639,0.2631931972789116,0.25726734693877545,0.263721768707483,Male,5,5-7,Elementary,C,C,R16C25b5_info1_250Hz_gu2_AEP.conn
R16M09G18,R16M09g18_info1_250Hz_gu1_AEP.conn,gu1,0.33883333333333326,0.34506190476190474,0.3433,0.33666666666666667,0.3344333333333333,0.3129476190476191,0.3252,0.3351523809523809,0.37281428571428576,0.37797619047619047,0.3838238095238095,0.3816428571428571,0.3626190476190477,0.3661761904761905,0.3827904761904763,0.35874285714285714,0.3611028571428571,0.35862285714285713,0.3561171428571429,0.35913428571428574,0.3774628571428572,0.3751914285714286,0.3740114285714286,0.38359714285714286,0.35891142857142855,0.3643371428571428,0.36204857142857144,0.3624714285714286,0.3627285714285714,0.3606885714285714,0.26555428571428574,0.27253999999999995,0.2776057142857143,0.2767685714285714,0.2820542857142857,0.27352857142857145,0.28524857142857146,0.28824857142857147,0.29389714285714286,0.26149428571428573,0.26443142857142854,0.26469714285714285,0.2734114285714285,0.2739342857142857,0.25693714285714286,0.3172673469387755,0.3211989795918367,0.3182765306122449,0.3155734693877551,0.31275714285714284,0.2980795918367346,0.3039836734693878,0.3099255102040817,0.3102408163265306,0.3387204081632653,0.3374938775510204,0.3351387755102041,0.31822857142857136,0.32310714285714287,0.3346336734693877,0.3046690476190476,0.3015261904761905,0.30577380952380956,0.30874523809523813,0.3081285714285715,0.31520714285714285,0.3183642857142857,0.32174047619047613,0.3191333333333334,0.32407380952380954,0.32271666666666665,0.32875000000000004,0.3327261904761905,0.33359999999999995,0.3232380952380952,0.2822408163265306,0.28091292517006805,0.2809183673469388,0.2771387755102041,0.27725034013605443,0.2729142857142857,0.27603469387755103,0.27996462585034004,0.2840891156462585,0.2821061224489796,0.2838421768707483,0.28269387755102043,0.28070000000000006,0.2832278911564626,0.28290680272108837,Female,18,Teen,Secondary,C,C,R16M09g18_info1_250Hz_gu2_AEP.conn
R16C19G8,R16C19g8_info1_250Hz_gu1_AEP.conn,gu1,0.2761523809523809,0.272247619047619,0.2729285714285714,0.2833666666666667,0.28969047619047616,0.27110000000000006,0.27229047619047614,0.2746714285714286,0.3178285714285714,0.31421904761904756,0.31044285714285713,0.3199,0.3102952380952381,0.313052380952381,0.31770952380952383,0.34244857142857144,0.3509914285714285,0.3552857142857143,0.35487714285714284,0.34548285714285715,0.36462000000000006,0.35960285714285717,0.35991428571428574,0.34890571428571426,0.3307714285714286,0.33936857142857135,0.3485542857142857,0.36136,0.36280285714285715,0.33362,0.3081999999999999,0.30534000000000006,0.3030371428571429,0.30086571428571435,0.29627428571428577,0.3072742857142857,0.30243714285714285,0.30116,0.30515142857142863,0.29057714285714287,0.28656,0.2920542857142857,0.3087714285714286,0.30956857142857147,0.28228,0.36366224489795923,0.36216326530612236,0.36566428571428566,0.3686928571428571,0.3665959183673469,0.37369795918367343,0.37594591836734687,0.376365306122449,0.3696102040816327,0.37939693877551023,0.3723224489795919,0.3760051020408163,0.38531530612244896,0.38959285714285713,0.37011224489795913,0.3049071428571429,0.30858095238095234,0.31499761904761897,0.3149904761904762,0.30623333333333336,0.3122047619047619,0.3059880952380953,0.3051,0.3041595238095239,0.31189047619047616,0.3235952380952381,0.3222571428571428,0.3186357142857143,0.316,0.32377142857142854,0.2764734693877551,0.28056462585034014,0.2848680272108843,0.28270204081632655,0.26944013605442174,0.27734829931972793,0.27691088435374156,0.2773707482993197,0.2757006802721088,0.28171904761904765,0.28996734693877546,0.2896659863945579,0.2762544217687075,0.28137551020408164,0.2898238095238095,Female,8,8-12,Elementary,C,C,R16C19g8_info1_250Hz_gu2_AEP.conn
R16C37B6,R16C37b6_info1_250Hz_gu1_AEP.conn,gu1,0.3389761904761905,0.34263809523809524,0.3280571428571428,0.3244666666666666,0.3269619047619048,0.3050380952380952,0.3076190476190476,0.3138285714285714,0.3545047619047619,0.33996190476190474,0.33455238095238093,0.3339428571428571,0.3458047619047619,0.35125238095238104,0.32866190476190477,0.3384485714285715,0.34058571428571427,0.3360971428571428,0.3329942857142857,0.32626285714285713,0.3241914285714286,0.3203971428571429,0.30644857142857146,0.30169999999999997,0.33356285714285716,0.3237285714285714,0.31533428571428573,0.31135999999999997,0.3060142857142857,0.31105428571428567,0.24236,0.24364285714285713,0.23575428571428572,0.23813428571428572,0.23571142857142857,0.24063428571428572,0.23689714285714286,0.22660857142857144,0.23285428571428574,0.23507428571428574,0.23664285714285715,0.23580571428571426,0.22774,0.22549999999999998,0.24370571428571428,0.3229091836734693,0.3234030612244898,0.3163357142857143,0.3109551020408164,0.30517346938775514,0.32620000000000005,0.32572448979591834,0.32564081632653064,0.3259591836734693,0.3390112244897959,0.33238061224489795,0.3293857142857143,0.34105,0.3382622448979592,0.33731122448979595,0.30245952380952384,0.29614523809523813,0.28525000000000006,0.2816738095238095,0.27727380952380953,0.2933333333333333,0.2866190476190476,0.2859809523809524,0.29063333333333335,0.2935142857142857,0.28799761904761906,0.2888023809523809,0.28398333333333337,0.2823333333333334,0.30176190476190473,0.22640680272108843,0.21738979591836735,0.2152489795918367,0.22052585034013605,0.22606190476190485,0.2297598639455782,0.23009659863945578,0.23477891156462585,0.23542448979591832,0.22316394557823133,0.21687755102040812,0.22444149659863946,0.2387843537414966,0.24176938775510204,0.22213741496598638,Male,6,5-7,Elementary,C,C,R16C37b6_info1_250Hz_gu2_AEP.conn
R16M06B06,R16M06b06_info1_250Hz_gu1_AEP.conn,gu1,0.3542095238095238,0.3324476190476191,0.3135666666666667,0.31059047619047614,0.3204619047619048,0.34821428571428564,0.3658857142857143,0.38729047619047624,0.4164095238095238,0.3566380952380952,0.33837142857142855,0.33377619047619045,0.3883857142857143,0.4067428571428571,0.37436190476190473,0.3986914285714286,0.39362857142857144,0.39080857142857145,0.38690857142857144,0.3914542857142857,0.38806857142857143,0.39176,0.39681142857142854,0.3976742857142857,0.40620571428571434,0.39168285714285717,0.3803314285714286,0.3960742857142857,0.39807999999999993,0.40233428571428576,0.33542285714285713,0.33639428571428576,0.32939714285714283,0.31390571428571434,0.3032628571428571,0.32451142857142856,0.3228342857142857,0.3285914285714286,0.3382914285714286,0.3403342857142857,0.33758857142857146,0.32016285714285714,0.31326,0.32004571428571427,0.3334857142857143,0.3486714285714285,0.3526122448979592,0.35167142857142863,0.34887142857142855,0.3494132653061225,0.36410714285714285,0.3691071428571428,0.3630530612244899,0.3555265306122449,0.3626785714285714,0.3593061224489796,0.35221122448979597,0.3688673469387755,0.3694295918367347,0.35747142857142855,0.3434714285714286,0.33975238095238086,0.3523428571428571,0.36198571428571436,0.36004285714285716,0.37861428571428574,0.380797619047619,0.3818357142857143,0.37766666666666665,0.35045,0.3648214285714286,0.37866428571428573,0.3825476190476191,0.3878714285714286,0.3776,0.2919387755102041,0.2879020408163265,0.2843251700680272,0.27799931972789116,0.277865306122449,0.2824659863945578,0.2763700680272109,0.26982108843537417,0.26825442176870745,0.2911816326530612,0.2887068027210884,0.28415850340136056,0.2829863945578231,0.2791374149659864,0.29238163265306116,Male,6,5-7,Elementary,C,C,R16M06b06_info1_250Hz_gu2_AEP.conn
R16C34B06,R16C34b06_info1_250Hz_gu1_AEP.conn,gu1,0.37152857142857143,0.36140952380952385,0.35899523809523814,0.3689761904761905,0.382147619047619,0.3825857142857143,0.3674,0.36559047619047624,0.39510476190476185,0.3683047619047619,0.37781904761904767,0.3938761904761905,0.3915904761904762,0.3889380952380952,0.3863999999999999,0.3616828571428571,0.37498,0.3685142857142857,0.36038000000000003,0.3603942857142857,0.36785999999999996,0.3627771428571428,0.35532571428571436,0.3552742857142857,0.3649942857142857,0.3610914285714285,0.34823428571428566,0.35534,0.3557571428571429,0.35331999999999997,0.2562714285714286,0.26793428571428574,0.2721857142857143,0.2755714285714286,0.27169714285714286,0.24499142857142858,0.23876,0.24186000000000002,0.24698000000000006,0.2669485714285714,0.26679428571428576,0.2678,0.2361657142857143,0.23673142857142854,0.2558885714285714,0.3454775510204082,0.3477908163265306,0.3534632653061225,0.36020816326530614,0.36181938775510203,0.3454469387755102,0.34472653061224495,0.34367346938775506,0.34563877551020405,0.36431734693877554,0.36649489795918366,0.37364489795918365,0.36524285714285726,0.36990204081632655,0.3686918367346939,0.2802142857142857,0.2751904761904762,0.27459285714285714,0.2685380952380952,0.2781047619047619,0.29199285714285717,0.29011666666666663,0.2805666666666667,0.2779761904761905,0.28308571428571433,0.28557380952380956,0.28474285714285713,0.2858428571428571,0.2826238095238095,0.29019285714285714,0.25935986394557825,0.25984013605442174,0.26218571428571424,0.2634360544217687,0.2629034013605442,0.2679904761904763,0.26909251700680276,0.2709789115646259,0.2651503401360544,0.26570952380952384,0.2680496598639455,0.26920136054421767,0.2712068027210884,0.2735714285714286,0.2658768707482993,Male,6,5-7,Elementary,C,C,R16C34b06_info1_250Hz_gu2_AEP.conn
R16C07G9,R16C07g9_info1_250Hz_gu1_AEP.conn,gu1,0.3601952380952382,0.3549380952380952,0.36392380952380954,0.3660142857142857,0.34650476190476187,0.3585619047619047,0.3621714285714286,0.34483333333333327,0.37508571428571424,0.40194761904761905,0.3897952380952381,0.38859047619047615,0.3900285714285714,0.3725809523809524,0.38418095238095235,0.3455142857142858,0.33952,0.34812,0.3613571428571429,0.36569142857142856,0.3804828571428572,0.3728828571428572,0.3609257142857143,0.3516142857142857,0.3510771428571429,0.3465714285714286,0.36326857142857144,0.3855542857142857,0.37733428571428573,0.3527771428571429,0.33132571428571433,0.3234257142857143,0.3111942857142857,0.30798,0.30354571428571425,0.3163514285714285,0.3316571428571428,0.3307457142857143,0.32041714285714284,0.3241628571428571,0.3124628571428571,0.3141342857142857,0.32836285714285723,0.32475714285714286,0.30564285714285716,0.3711877551020408,0.3710255102040816,0.36587040816326527,0.3674602040816327,0.36619285714285715,0.3437530612244898,0.34674897959183676,0.35439285714285707,0.3565948979591837,0.38212040816326526,0.37870714285714285,0.381576530612245,0.3633887755102041,0.3683326530612245,0.3723224489795918,0.28929999999999995,0.2901095238095238,0.2917976190476191,0.30408809523809527,0.31270476190476193,0.3018904761904762,0.2986238095238095,0.3023357142857143,0.30679523809523807,0.300245238095238,0.2995333333333334,0.30820952380952377,0.2920142857142857,0.2930285714285714,0.29795,0.26781496598639454,0.2653068027210884,0.262578231292517,0.2535034013605442,0.2506707482993197,0.26312244897959186,0.26396734693877544,0.26063333333333333,0.2661374149659863,0.2609517006802722,0.25231564625850345,0.24790748299319731,0.2659020408163265,0.2655129251700681,0.24743877551020407,Female,9,8-12,Elementary,C,C,R16C07g9_info1_250Hz_gu2_AEP.conn
R16C18B7,R16C18b7_info1_250Hz_gu1_AEP.conn,gu1,0.3771809523809524,0.3943428571428571,0.38602380952380955,0.3606904761904762,0.3601761904761904,0.3194714285714286,0.33486190476190475,0.33100952380952386,0.3804,0.4397380952380952,0.4270047619047619,0.4083857142857143,0.38459047619047615,0.3742047619047619,0.410347619047619,0.3971942857142857,0.40008285714285713,0.40621142857142856,0.4096571428571429,0.4064342857142858,0.34265428571428574,0.3568628571428572,0.3653542857142857,0.3744142857142857,0.39308571428571426,0.4085057142857143,0.40732285714285715,0.3772285714285714,0.3775371428571429,0.39650285714285716,0.37801999999999997,0.3775914285714285,0.36813142857142855,0.3738714285714285,0.35417714285714286,0.3457228571428571,0.3480971428571429,0.3387142857142857,0.33896000000000004,0.37512285714285715,0.37836571428571425,0.3822885714285714,0.3628857142857143,0.35047428571428574,0.3879485714285714,0.4221785714285714,0.4185979591836735,0.4109122448979593,0.4043908163265306,0.40393775510204083,0.4175785714285714,0.4135530612244898,0.41464285714285715,0.419645918367347,0.4283173469387756,0.4236102040816327,0.4206755102040816,0.43967346938775503,0.4312948979591837,0.42395,0.35378333333333334,0.3622880952380953,0.35679999999999995,0.35269047619047617,0.34092142857142854,0.33106904761904765,0.31985238095238094,0.3327738095238096,0.3358666666666667,0.3558428571428571,0.3477071428571428,0.3483785714285714,0.3287166666666666,0.3276357142857143,0.3420642857142857,0.29874081632653054,0.28961292517006804,0.29327482993197274,0.30253061224489797,0.30716054421768707,0.3045578231292517,0.3009843537414967,0.2977537414965986,0.29895374149659865,0.30136530612244905,0.3033761904761905,0.31098095238095236,0.3121972789115646,0.3049870748299319,0.2975578231292517,Male,7,5-7,Elementary,C,C,R16C18b7_info1_250Hz_gu2_AEP.conn
R16C20B9,R16C20b9_info1_250Hz_gu1_AEP.conn,gu1,0.3092095238095238,0.300095238095238,0.30265238095238095,0.2947095238095238,0.29073333333333334,0.3096285714285714,0.30743809523809523,0.3187428571428571,0.34052857142857135,0.31907619047619046,0.3143190476190476,0.3084142857142857,0.31999523809523805,0.3256285714285714,0.31626666666666664,0.30014285714285716,0.29163142857142854,0.2849742857142857,0.28656857142857145,0.2873228571428571,0.3100657142857143,0.3166142857142857,0.3263057142857143,0.32452285714285717,0.30654857142857145,0.3067971428571429,0.3066542857142857,0.3239914285714286,0.33449999999999996,0.31841142857142857,0.22830857142857144,0.23342000000000002,0.2415542857142857,0.2513285714285714,0.2492542857142857,0.24622285714285716,0.25090285714285715,0.2499942857142857,0.2476828571428571,0.23532571428571428,0.24266571428571426,0.2539314285714286,0.2565571428571428,0.26465142857142854,0.24886857142857144,0.3194724489795919,0.31854387755102037,0.3135918367346938,0.30988979591836735,0.3093938775510204,0.32093775510204076,0.31644693877551017,0.3157520408163265,0.3158285714285714,0.34592653061224493,0.3402285714285714,0.3358489795918368,0.33459897959183676,0.33191836734693875,0.34059897959183677,0.23758095238095236,0.22479523809523808,0.22069285714285714,0.21482857142857145,0.21601428571428571,0.23254761904761903,0.2299952380952381,0.22668809523809522,0.22745,0.25155,0.23869285714285715,0.23423809523809525,0.25077619047619043,0.25435714285714284,0.24278095238095235,0.21138367346938777,0.21329863945578237,0.2149503401360544,0.2191265306122449,0.2212469387755102,0.20554625850340133,0.20662857142857144,0.21221428571428572,0.21608707482993197,0.22474489795918368,0.22454761904761902,0.22780068027210884,0.20856530612244897,0.21488231292517004,0.22764897959183678,Male,9,8-12,Elementary,C,C,R16C20b9_info1_250Hz_gu2_AEP.conn
R16C15B07,R16C15b07_info1_250Hz_gu1_AEP.conn,gu1,0.4367666666666667,0.43147142857142856,0.4166047619047619,0.40288571428571435,0.4029190476190476,0.4175380952380952,0.4106047619047619,0.4056380952380952,0.4338666666666666,0.45254761904761903,0.4399666666666667,0.4272761904761904,0.42136190476190477,0.4079142857142857,0.4437952380952381,0.3856514285714286,0.3935257142857143,0.40091428571428567,0.4057314285714286,0.4036314285714287,0.3919828571428571,0.37941714285714284,0.37044571428571427,0.3752228571428571,0.37666000000000005,0.3882028571428572,0.38993428571428573,0.3510714285714286,0.34963999999999995,0.38568857142857144,0.3460914285714286,0.34840571428571426,0.34962857142857146,0.35648285714285716,0.3565314285714286,0.3627885714285714,0.34924,0.34134000000000003,0.34121999999999997,0.34189142857142857,0.34031428571428574,0.33864857142857135,0.3205628571428571,0.3188028571428571,0.33668857142857145,0.40421122448979585,0.4002816326530612,0.3997744897959184,0.4056663265306123,0.4118795918367348,0.41861122448979593,0.41610408163265306,0.4205918367346938,0.422084693877551,0.415019387755102,0.41692142857142855,0.42410102040816333,0.4214591836734694,0.42736122448979597,0.42528979591836735,0.29452619047619044,0.29035,0.2751119047619048,0.2695666666666667,0.2701833333333334,0.2801904761904762,0.27862857142857145,0.2757142857142857,0.27933095238095235,0.3090857142857143,0.3007357142857142,0.29006190476190474,0.2827642857142857,0.2893047619047619,0.30293809523809523,0.3037129251700681,0.3086210884353741,0.3082891156462585,0.3115006802721088,0.31409659863945577,0.29947482993197283,0.29787074829931964,0.2995340136054422,0.2990666666666667,0.3169972789115646,0.31366666666666665,0.31502925170068025,0.3096578231292517,0.3154380952380952,0.3117979591836735,Male,7,5-7,Elementary,C,C,R16C15b07_info1_250Hz_gu2_AEP.conn
R16C23B5,R16C23b5_info1_250Hz_gu1_AEP.conn,gu1,0.29117619047619053,0.30484285714285714,0.3133047619047619,0.3194333333333333,0.3172857142857142,0.2919047619047619,0.2932619047619048,0.28679523809523805,0.3249095238095238,0.33230952380952383,0.3391380952380952,0.34760952380952387,0.3167857142857142,0.31311428571428573,0.3140571428571428,0.34714,0.3650257142857143,0.37328285714285714,0.3735114285714286,0.3716257142857142,0.3418371428571429,0.33010285714285714,0.3194228571428571,0.31628,0.35594857142857145,0.36264285714285716,0.3589,0.33920000000000006,0.3295571428571429,0.33674857142857145,0.3359714285714286,0.33543999999999996,0.33636,0.33841428571428567,0.34008000000000005,0.29756,0.2966457142857143,0.31036,0.3205914285714285,0.3417942857142857,0.33475142857142853,0.33285428571428577,0.31545428571428574,0.32324857142857144,0.31960285714285713,0.37083979591836735,0.3669020408163265,0.37188265306122453,0.3794571428571429,0.38395204081632656,0.3899326530612245,0.3845265306122449,0.38135816326530614,0.37535510204081624,0.3864142857142857,0.38950408163265315,0.3934326530612245,0.4001561224489797,0.395215306122449,0.38908265306122447,0.3253595238095238,0.3280333333333333,0.323947619047619,0.3239404761904762,0.32741190476190474,0.3252285714285714,0.32966428571428574,0.34195238095238095,0.3429571428571429,0.34375952380952385,0.33480714285714286,0.32502380952380955,0.34574285714285713,0.3453761904761905,0.3203761904761905,0.2932863945578231,0.2925707482993197,0.2928482993197279,0.29295442176870745,0.29519183673469385,0.2867455782312926,0.28773809523809524,0.2869836734693878,0.2820857142857143,0.2951775510204082,0.29568503401360546,0.29562448979591843,0.2863299319727891,0.2880802721088435,0.29539251700680275,Male,5,5-7,Elementary,C,C,R16C23b5_info1_250Hz_gu2_AEP.conn
R16C31B07,R16C31b07_info1_250Hz_gu1_AEP.conn,gu1,0.31818571428571424,0.33489523809523813,0.35564285714285715,0.36096666666666666,0.36098571428571424,0.3374095238095238,0.3373952380952381,0.34577619047619046,0.3664285714285714,0.3525857142857143,0.3627142857142857,0.36218571428571433,0.3513,0.35819523809523807,0.3484714285714286,0.3555428571428571,0.3589914285714285,0.3644314285714286,0.36353714285714284,0.3568057142857143,0.36603714285714284,0.3717514285714286,0.37361714285714287,0.3677857142857143,0.34786285714285714,0.35157142857142853,0.3555342857142857,0.35988571428571425,0.36104571428571425,0.3465857142857142,0.2611257142857143,0.2577885714285714,0.2513914285714286,0.25610571428571427,0.25881714285714286,0.2669742857142857,0.26584571428571424,0.2623885714285714,0.26852000000000004,0.24430285714285715,0.2374542857142857,0.24721142857142855,0.26645142857142856,0.2605542857142857,0.23171714285714287,0.2921795918367347,0.2921081632653061,0.29225,0.2931551020408163,0.29123265306122453,0.28393367346938786,0.28865102040816326,0.287030612244898,0.28464591836734693,0.3057091836734694,0.30569387755102045,0.30381632653061225,0.30085,0.2975,0.3043877551020408,0.2554261904761905,0.2600285714285714,0.2637738095238095,0.2618738095238095,0.2552761904761905,0.2628404761904762,0.2697452380952381,0.27364285714285713,0.27614761904761903,0.27276904761904763,0.27298809523809525,0.2693857142857143,0.2681357142857143,0.28165476190476196,0.2702142857142858,0.20618707482993195,0.2083034013605442,0.214,0.21773061224489795,0.21927551020408162,0.2233489795918368,0.2262170068027211,0.2260142857142857,0.21983945578231293,0.2171503401360544,0.22638503401360546,0.22769591836734693,0.23306530612244897,0.23648095238095238,0.22769455782312922,Male,7,5-7,Elementary,C,C,R16C31b07_info1_250Hz_gu2_AEP.conn
M01Y09CB,M01y09cb_info1_250Hz_gu1_AEP.conn,gu1,0.34198095238095244,0.34209047619047617,0.3512666666666666,0.3374095238095238,0.3295952380952381,0.37338571428571427,0.36649047619047614,0.363947619047619,0.3926857142857143,0.38974761904761906,0.39028095238095245,0.38328095238095233,0.3788952380952381,0.38536666666666664,0.38492857142857145,0.4168314285714286,0.4097371428571429,0.3963371428571429,0.3780714285714285,0.37356285714285703,0.4194657142857142,0.4027571428571428,0.39672857142857143,0.3922771428571429,0.4089771428571429,0.4010257142857143,0.3936571428571428,0.40657714285714286,0.40546571428571426,0.39814000000000005,0.3751885714285714,0.36478571428571427,0.3653342857142857,0.3604485714285714,0.3475314285714285,0.3834685714285714,0.3859685714285714,0.3845171428571429,0.3760200000000001,0.36948857142857144,0.3733171428571428,0.3649685714285714,0.3861085714285714,0.3910857142857143,0.3710857142857143,0.41681836734693883,0.4233132653061224,0.4284418367346939,0.43440714285714277,0.43013367346938763,0.4214755102040816,0.420723469387755,0.42322551020408156,0.4246857142857142,0.4347479591836734,0.43869897959183674,0.44094999999999995,0.43122959183673465,0.4392020408163266,0.4434581632653061,0.3007690476190476,0.30402619047619045,0.31034523809523806,0.3108071428571429,0.3050428571428571,0.2939,0.3028309523809524,0.30354285714285717,0.3071166666666667,0.30061190476190475,0.30647142857142856,0.30655476190476194,0.3085547619047619,0.31599523809523805,0.2991738095238095,0.2989244897959184,0.29565510204081624,0.2976462585034014,0.2963775510204082,0.2983693877551021,0.306743537414966,0.3077414965986395,0.30875646258503403,0.30892380952380954,0.3018748299319728,0.30428707482993195,0.3010496598639456,0.31003265306122446,0.31268571428571434,0.3083537414965986,Female,9,8-12,Elementary,C,C,M01y09cb_info1_250Hz_gu2_AEP.conn
R16C24B7,R16C24b7_info1_250Hz_gu1_AEP.conn,gu1,0.2859809523809524,0.26848571428571427,0.26963809523809523,0.2705904761904762,0.26012857142857143,0.23254285714285716,0.23540000000000003,0.24305238095238094,0.28652857142857147,0.3091904761904762,0.3071,0.30150000000000005,0.27454761904761904,0.2818619047619047,0.2999809523809524,0.3265057142857143,0.31011999999999995,0.3117,0.3200742857142857,0.31685714285714284,0.32545714285714283,0.3317257142857143,0.3308228571428572,0.31730285714285716,0.3051028571428571,0.30654000000000003,0.3162514285714285,0.3270742857142857,0.32818571428571425,0.3070428571428571,0.32027428571428573,0.31961428571428574,0.32400285714285715,0.31402285714285716,0.3036371428571428,0.3204257142857142,0.32158857142857145,0.3181,0.31348000000000004,0.3096514285714286,0.31851142857142856,0.31573142857142855,0.33263428571428577,0.32354285714285713,0.30515142857142863,0.3392061224489796,0.3461520408163265,0.34972142857142857,0.3386755102040816,0.33698877551020406,0.349234693877551,0.35068979591836735,0.34904591836734694,0.35064387755102044,0.3537897959183673,0.3581183673469388,0.3516795918367347,0.37161020408163264,0.3691061224489796,0.35611632653061215,0.27518095238095236,0.27810714285714283,0.2753047619047619,0.27466428571428575,0.26904761904761904,0.26764523809523805,0.26284761904761905,0.25189761904761904,0.24475000000000002,0.28267857142857145,0.2782261904761905,0.27701666666666663,0.27213333333333334,0.2635523809523809,0.2792571428571428,0.2105360544217687,0.21443877551020418,0.20890612244897958,0.20702312925170066,0.2109666666666666,0.21462176870748295,0.2127299319727891,0.2108353741496599,0.20996530612244893,0.2157816326530612,0.21119999999999997,0.2112619047619048,0.21120136054421773,0.2126761904761904,0.21108843537414967,Male,7,5-7,Elementary,C,C,R16C24b7_info1_250Hz_gu2_AEP.conn
R16C04B13,R16C04b13_info1_250Hz_gu1_AEP.conn,gu1,0.29106190476190474,0.29698571428571424,0.30656666666666665,0.3014666666666667,0.29673809523809525,0.3072285714285714,0.29999047619047614,0.296352380952381,0.3213142857142857,0.3276761904761905,0.33844761904761905,0.3314285714285714,0.34543809523809527,0.3347333333333333,0.3363380952380952,0.3442571428571428,0.3549685714285714,0.3662657142857143,0.36266,0.36044857142857134,0.3688771428571428,0.3758542857142857,0.3783857142857143,0.3741771428571428,0.35098285714285715,0.35806000000000004,0.35591428571428574,0.38234571428571434,0.38290857142857143,0.3479714285714285,0.3080571428571429,0.30603714285714284,0.30006285714285713,0.29294,0.2936657142857143,0.29643142857142857,0.30118857142857147,0.3045714285714286,0.3056971428571429,0.3001971428571429,0.29406,0.29136,0.30491714285714283,0.3063714285714286,0.2977828571428572,0.3391551020408163,0.33815612244897963,0.33531224489795924,0.33207448979591836,0.3322530612244898,0.3368591836734694,0.33294897959183684,0.32955612244897964,0.3265938775510204,0.3526428571428571,0.3514040816326531,0.34868673469387756,0.35674285714285714,0.353354081632653,0.3556948979591837,0.267497619047619,0.2659238095238095,0.2633547619047619,0.25697619047619047,0.2574571428571429,0.28256428571428577,0.2855333333333333,0.28055238095238094,0.2765904761904762,0.2721571428571429,0.2729404761904762,0.26041428571428576,0.3071309523809524,0.29829761904761903,0.2748285714285715,0.25104965986394556,0.2518639455782313,0.2543639455782313,0.25551088435374153,0.25500952380952385,0.2502170068027211,0.25217006802721087,0.2542394557823129,0.2546619047619048,0.25441156462585035,0.25626394557823134,0.2559503401360544,0.26204693877551016,0.26352176870748295,0.2554775510204082,Male,13,Teen,Secondary,C,C,R16C04b13_info1_250Hz_gu2_AEP.conn
R16C22G10,R16C22g10_info1_250Hz_gu1_AEP.conn,gu1,0.3211761904761905,0.3134,0.3138238095238095,0.32111904761904764,0.32539047619047623,0.3210380952380952,0.32562380952380954,0.32919523809523804,0.3532285714285714,0.34050952380952376,0.34353809523809525,0.35210476190476186,0.3368809523809524,0.34676666666666667,0.33518571428571436,0.2997914285714286,0.29557714285714287,0.2938228571428571,0.2939971428571428,0.29040285714285713,0.2848514285714286,0.2876085714285715,0.2960542857142857,0.2943314285714285,0.2865457142857143,0.2844285714285714,0.2850428571428572,0.2692857142857143,0.27565714285714293,0.27908285714285713,0.18488857142857146,0.19619142857142857,0.20465428571428573,0.2096857142857143,0.20820285714285713,0.20258000000000004,0.1999142857142857,0.20804857142857142,0.2107885714285714,0.20566571428571429,0.20938571428571429,0.2121971428571429,0.19646857142857144,0.19668285714285713,0.2089314285714286,0.26857755102040815,0.2643459183673469,0.26383877551020407,0.2621857142857143,0.25765102040816323,0.260045918367347,0.2571040816326531,0.2546469387755102,0.25577755102040817,0.2795704081632653,0.2802612244897959,0.2824275510204082,0.2707551020408164,0.2652897959183674,0.2748142857142857,0.23731190476190478,0.23476666666666668,0.23633809523809526,0.24145952380952382,0.24444285714285716,0.22582619047619049,0.23342142857142859,0.23743095238095235,0.23812857142857138,0.25505952380952385,0.26190952380952376,0.2659238095238095,0.24168809523809523,0.2467404761904762,0.24698095238095238,0.2394972789115646,0.23719523809523807,0.23631632653061227,0.24035986394557826,0.23987482993197282,0.2392965986394558,0.24106122448979592,0.24043129251700673,0.23900816326530613,0.24428299319727895,0.24479319727891158,0.24420476190476192,0.2425034013605442,0.2431986394557823,0.24347823129251697,Female,10,8-12,Elementary,C,C,R16C22g10_info1_250Hz_gu2_AEP.conn
R16C26F10,R16C26f10_info1_250Hz_gu1_AEP.conn,gu1,0.2819333333333333,0.2761809523809524,0.2768714285714286,0.2640047619047619,0.2700428571428572,0.2725190476190476,0.2801571428571428,0.28868095238095237,0.3214238095238095,0.31090476190476185,0.31692380952380955,0.30713809523809527,0.30834761904761904,0.3117666666666667,0.304452380952381,0.32224571428571425,0.32683714285714294,0.3341342857142857,0.32810285714285714,0.3307942857142857,0.33541714285714286,0.3271857142857143,0.3254028571428571,0.3197171428571429,0.33015999999999995,0.3319228571428572,0.3288885714285715,0.33068857142857144,0.33236,0.32654000000000005,0.27786285714285713,0.2774485714285714,0.27582571428571434,0.2705057142857143,0.26846571428571425,0.25268,0.2566685714285714,0.2549914285714286,0.2601,0.26727142857142855,0.2637028571428571,0.26486,0.25737714285714286,0.26159714285714286,0.25943142857142854,0.3313591836734694,0.32591020408163257,0.3211234693877551,0.3182489795918367,0.31625612244897955,0.3139346938775511,0.32236836734693874,0.32432551020408157,0.33090816326530614,0.34783469387755106,0.3449979591836735,0.3388908163265306,0.3462051020408163,0.34667755102040815,0.3439632653061224,0.31020714285714285,0.30323571428571433,0.29697142857142855,0.2999357142857143,0.30843095238095236,0.3141142857142857,0.31785476190476186,0.3183166666666667,0.31808571428571425,0.3151523809523809,0.31319285714285716,0.31760714285714287,0.33857857142857145,0.3396166666666666,0.3200976190476191,0.23055034013605438,0.23102244897959187,0.2361904761904762,0.2435829931972789,0.24458707482993194,0.24860816326530616,0.24958911564625852,0.24768639455782313,0.24057823129251701,0.23758163265306126,0.2407469387755102,0.24708367346938775,0.2572190476190476,0.25624421768707484,0.24403741496598638,Female,10,8-12,Elementary,C,C,R16C26f10_info1_250Hz_gu2_AEP.conn
R16C09B08,R16C09b08_info1_250Hz_gu1_AEP.conn,gu1,0.2643714285714286,0.2620047619047619,0.2601333333333333,0.2629857142857143,0.2659285714285714,0.32125714285714285,0.32184285714285715,0.31750000000000006,0.35667619047619054,0.3001047619047619,0.2976809523809524,0.3063904761904762,0.3526714285714285,0.35000952380952377,0.30442857142857144,0.3479685714285714,0.3449885714285715,0.34893142857142856,0.3508942857142857,0.34487142857142855,0.34529714285714286,0.3465714285714286,0.3404457142857143,0.3477314285714285,0.3482742857142857,0.3527285714285714,0.35179714285714286,0.3383257142857143,0.3342428571428571,0.3532457142857143,0.3174657142857143,0.31975714285714285,0.3270228571428571,0.31673999999999997,0.3106771428571428,0.3317142857142857,0.32112571428571435,0.3145771428571429,0.3115657142857143,0.31119714285714284,0.31757714285714284,0.31016571428571427,0.31161714285714287,0.30729142857142855,0.31990285714285716,0.365504081632653,0.3710622448979592,0.3795581632653061,0.3807551020408163,0.3761030612244897,0.37109285714285717,0.37487244897959177,0.38247551020408155,0.38539081632653066,0.3893244897959183,0.3997795918367347,0.39984285714285717,0.3944938775510205,0.39865408163265303,0.3956142857142857,0.30437619047619047,0.3066404761904762,0.30302619047619045,0.2947809523809524,0.2947714285714285,0.2963833333333334,0.3019833333333333,0.3062047619047618,0.30309761904761906,0.32848809523809525,0.32670238095238097,0.3185142857142857,0.3216809523809524,0.3206142857142857,0.3260642857142857,0.25519115646258506,0.2556523809523809,0.2543387755102041,0.2485312925170068,0.24351904761904763,0.23811836734693875,0.2386741496598639,0.24216122448979588,0.24534557823129255,0.25932789115646254,0.25821768707483,0.2514789115646258,0.24190068027210893,0.24266938775510205,0.2548156462585034,Male,8,8-12,Elementary,C,C,R16C09b08_info1_250Hz_gu2_AEP.conn
R16MME07GU_F10,R16mme07gu_f10_info1_250Hz_gu1_AEP.conn,gu1,0.38620000000000004,0.3873047619047619,0.3869952380952381,0.3826333333333333,0.38377619047619044,0.39967619047619046,0.38687619047619054,0.3801380952380953,0.4063761904761905,0.41506666666666664,0.4113190476190476,0.4148857142857143,0.4064904761904762,0.4041619047619048,0.3878666666666666,0.40929714285714286,0.4266971428571429,0.42908,0.4189171428571429,0.41091999999999995,0.4086,0.4161257142857143,0.42170857142857143,0.41997999999999996,0.4341885714285715,0.4389828571428572,0.4228057142857143,0.41698571428571424,0.4216800000000001,0.42524857142857153,0.3666314285714286,0.37754,0.38032857142857146,0.38434285714285715,0.3790885714285714,0.39462,0.3859142857142857,0.3785,0.3714685714285715,0.4140228571428571,0.41179714285714286,0.4032285714285714,0.3834228571428572,0.37638571428571427,0.40372571428571435,0.38637857142857135,0.3894520408163266,0.37851224489795915,0.3709163265306122,0.3723755102040816,0.37567448979591844,0.38107142857142856,0.3831765306122448,0.3838938775510204,0.4071663265306123,0.3966051020408163,0.3903591836734694,0.3977244897959184,0.399795918367347,0.3993214285714286,0.3580309523809524,0.371204761904762,0.3711595238095238,0.36453809523809527,0.35858809523809526,0.3550976190476191,0.36673333333333336,0.3764476190476191,0.3766833333333333,0.3750738095238095,0.37293809523809524,0.3640285714285714,0.37401190476190477,0.37437380952380955,0.36367619047619054,0.25769251700680273,0.2629836734693877,0.26423469387755105,0.2639278911564626,0.25869183673469387,0.2676748299319728,0.2653170068027211,0.2580136054421769,0.2526700680272109,0.2668816326530612,0.26213265306122446,0.26091564625850344,0.26660544217687077,0.26576870748299325,0.25940068027210883,Female,10,8-12,Elementary,C,C,R16mme07gu_f10_info1_250Hz_gu2_AEP.conn
R16C30M7,R16C30m7_info1_250Hz_gu1_AEP.conn,gu1,0.24793809523809526,0.2587190476190477,0.2682904761904762,0.26448571428571427,0.25694285714285714,0.24684761904761907,0.2500380952380952,0.24080000000000001,0.28559523809523807,0.3017095238095238,0.305247619047619,0.30145238095238097,0.2871428571428571,0.2947190476190476,0.30706190476190476,0.3237171428571428,0.32258571428571425,0.3333057142857143,0.3388857142857143,0.32970571428571427,0.3550228571428572,0.3478628571428571,0.34117428571428576,0.3350714285714286,0.3297771428571429,0.33998285714285714,0.33729714285714285,0.3488257142857143,0.3460457142857143,0.34600857142857144,0.33827714285714283,0.3372428571428571,0.34072,0.34415714285714283,0.3409628571428572,0.32177999999999995,0.3220914285714286,0.32810285714285714,0.33098285714285713,0.34886,0.3555085714285714,0.34979428571428567,0.33561142857142856,0.34489999999999993,0.35955714285714285,0.3227510204081633,0.32148571428571426,0.3260765306122449,0.3307418367346939,0.3344438775510204,0.32854693877551017,0.32884285714285716,0.33318469387755106,0.3413010204081633,0.3376112244897959,0.34208061224489794,0.34648673469387753,0.3428173469387756,0.3454744897959184,0.3457448979591837,0.27773571428571425,0.27075714285714286,0.26676428571428573,0.26835714285714285,0.2766047619047619,0.27431190476190476,0.2778380952380952,0.27976904761904764,0.27686190476190475,0.2727619047619047,0.2742476190476191,0.28932619047619046,0.27871190476190477,0.27645,0.2849904761904762,0.24629523809523815,0.2476068027210885,0.2432700680272109,0.24280680272108843,0.24051972789115642,0.2429952380952381,0.2405544217687075,0.23861972789115649,0.23971360544217687,0.24360408163265307,0.24206734693877555,0.24741632653061213,0.2407210884353741,0.23919319727891156,0.24107551020408163,Male,7,5-7,Elementary,C,C,R16C30m7_info1_250Hz_gu2_AEP.conn
R16C12G7,R16C12g7_info1_250Hz_gu1_AEP.conn,gu1,0.28854285714285716,0.2903095238095238,0.2850285714285714,0.2791666666666666,0.26934285714285716,0.22692857142857145,0.23120952380952384,0.2501857142857143,0.3086380952380952,0.3193523809523809,0.3244714285714286,0.3204428571428572,0.2555047619047619,0.2821476190476191,0.3294142857142857,0.3136485714285714,0.30982000000000004,0.3024085714285714,0.28729714285714286,0.27867428571428576,0.30158571428571423,0.30673428571428574,0.30497142857142856,0.31178285714285714,0.3059228571428571,0.30274285714285715,0.29477714285714285,0.2962371428571428,0.29724000000000006,0.2990657142857143,0.27355142857142856,0.2756142857142857,0.2628314285714286,0.2556628571428571,0.2538571428571429,0.26881714285714287,0.26418285714285716,0.2656085714285714,0.26381428571428567,0.26306285714285715,0.25202571428571424,0.24948,0.26160285714285714,0.26558857142857145,0.25601714285714283,0.26745204081632656,0.27024693877551026,0.2702387755102041,0.2753020408163266,0.2758755102040817,0.26543265306122443,0.2667061224489796,0.27018265306122446,0.2745765306122449,0.29259183673469386,0.2923602040816326,0.2904561224489796,0.29092857142857137,0.29598469387755105,0.2954734693877551,0.2956357142857143,0.29405714285714285,0.2924857142857143,0.2922904761904762,0.2897571428571429,0.2931119047619048,0.29611190476190474,0.2989476190476191,0.3022095238095238,0.29819999999999997,0.29723333333333335,0.2972928571428571,0.3143833333333333,0.3155428571428572,0.3056142857142857,0.2496251700680272,0.24814285714285708,0.25015714285714286,0.24792244897959184,0.24546190476190477,0.25073333333333336,0.25179863945578235,0.2546074829931973,0.2535721088435374,0.25229931972789116,0.25518911564625857,0.2539789115646259,0.25085850340136057,0.25589047619047617,0.25803265306122447,Female,7,5-7,Elementary,C,C,R16C12g7_info1_250Hz_gu2_AEP.conn
R16C08G09,R16C08g09_info1_250Hz_gu1_AEP.conn,gu1,0.42915238095238095,0.42716666666666664,0.4274571428571429,0.43525714285714284,0.43788095238095237,0.4514714285714285,0.45023333333333343,0.44367142857142855,0.4516047619047619,0.4538,0.4510904761904762,0.45438095238095233,0.4734904761904762,0.46085238095238096,0.4674238095238095,0.46047714285714286,0.4624942857142857,0.4610485714285715,0.4620685714285714,0.47073142857142863,0.46630000000000005,0.47213142857142854,0.4748571428571429,0.4746942857142858,0.46763714285714286,0.4615628571428571,0.45054285714285713,0.4703685714285714,0.4721714285714286,0.4603428571428571,0.3998085714285714,0.3977314285714285,0.3974457142857143,0.3992342857142857,0.4055114285714286,0.39711142857142856,0.3952028571428572,0.3910057142857143,0.39018,0.39962285714285706,0.3960714285714286,0.39316,0.39871428571428574,0.3958028571428572,0.3870085714285714,0.4159969387755103,0.4107020408163266,0.40862040816326534,0.4090010204081632,0.40743061224489796,0.40538367346938775,0.4112918367346938,0.4167346938775511,0.4108,0.41727959183673474,0.4110285714285714,0.415854081632653,0.42475612244897964,0.4252877551020408,0.41832755102040814,0.3382023809523809,0.34589285714285717,0.3492166666666667,0.3521071428571429,0.3465857142857143,0.315302380952381,0.3111404761904762,0.3106047619047619,0.32460476190476184,0.3280380952380953,0.33080000000000004,0.3361285714285714,0.3167595238095238,0.3169952380952381,0.3245595238095238,0.29077755102040814,0.28487414965986396,0.29088095238095235,0.3031714285714286,0.30530408163265305,0.3018639455782313,0.30560272108843545,0.30239931972789114,0.29978707482993194,0.2954360544217688,0.3015360544217687,0.31034489795918374,0.30831020408163273,0.3044285714285715,0.302330612244898,Female,9,8-12,Elementary,C,C,R16C08g09_info1_250Hz_gu2_AEP.conn
R16M04G10,R16M04g10_info1_250Hz_gu1_AEP.conn,gu1,0.34578095238095236,0.3365428571428571,0.3285571428571428,0.3301428571428571,0.3392761904761905,0.3114571428571428,0.3051952380952381,0.30178095238095237,0.330352380952381,0.3634904761904762,0.35109523809523807,0.35621428571428576,0.3419857142857143,0.33834761904761906,0.3431666666666667,0.41582285714285705,0.41390857142857146,0.41250285714285717,0.4081714285714286,0.4103285714285715,0.4113485714285715,0.40176285714285714,0.39900571428571424,0.3990085714285715,0.41590571428571427,0.4115942857142857,0.40605714285714284,0.40521428571428564,0.40221999999999997,0.39994571428571424,0.38658285714285706,0.39428857142857143,0.3992342857142857,0.38623428571428564,0.3726342857142857,0.3716371428571429,0.37001428571428574,0.3776771428571428,0.38334285714285715,0.39556857142857144,0.3992114285714285,0.38809428571428567,0.3824142857142857,0.3906314285714286,0.38424,0.3589673469387756,0.3616448979591837,0.3611877551020409,0.36213469387755104,0.35941326530612244,0.3601489795918367,0.3612561224489796,0.3635693877551021,0.36485102040816325,0.3826081632653061,0.3805765306122449,0.38095408163265315,0.37504693877551026,0.3793714285714286,0.391484693877551,0.35425476190476196,0.3555285714285714,0.3449166666666667,0.3388190476190476,0.33841666666666664,0.3358857142857143,0.3361809523809524,0.3362285714285714,0.33927619047619045,0.35784047619047615,0.3501928571428572,0.3456142857142857,0.34070476190476184,0.3439071428571428,0.35686904761904764,0.3097204081632653,0.3064843537414966,0.30727551020408167,0.31194421768707487,0.3190843537414966,0.31265170068027215,0.3190816326530612,0.3223278911564626,0.3218326530612245,0.32007891156462587,0.32002312925170073,0.32009115646258507,0.32150748299319737,0.32611904761904764,0.32565306122448984,Female,10,8-12,Elementary,C,C,R16M04g10_info1_250Hz_gu2_AEP.conn
R16C11B09,R16C11b09_info1_250Hz_gu1_AEP.conn,gu1,0.5251190476190476,0.5227333333333334,0.5258142857142857,0.5250142857142858,0.5095619047619047,0.5233714285714286,0.5126428571428572,0.5024952380952381,0.5178333333333334,0.5254095238095239,0.5208952380952382,0.5183428571428571,0.5274809523809524,0.514647619047619,0.5178857142857143,0.5425771428571429,0.5417085714285713,0.5378371428571429,0.5369342857142858,0.5354371428571427,0.5133657142857142,0.5172914285714286,0.5243228571428571,0.530457142857143,0.5315657142857143,0.5312314285714285,0.5314771428571428,0.5158685714285715,0.5202857142857142,0.5217400000000001,0.44422000000000006,0.4426571428571429,0.44665142857142853,0.4408342857142856,0.4344771428571428,0.4307657142857143,0.4369314285714285,0.4428228571428572,0.44451714285714283,0.4413114285714285,0.4426228571428571,0.4377657142857143,0.4499771428571429,0.4504314285714286,0.4327342857142857,0.4977632653061225,0.4984530612244899,0.505584693877551,0.5049989795918367,0.5064397959183673,0.5106204081632654,0.5111408163265306,0.5128367346938775,0.5136704081632654,0.5146846938775511,0.5186704081632654,0.5168846938775511,0.5230418367346938,0.5203642857142857,0.517161224489796,0.40036428571428573,0.3995380952380952,0.40043809523809526,0.3946214285714286,0.38925476190476194,0.3833785714285714,0.3823285714285714,0.37845,0.37722380952380946,0.37379523809523807,0.3771571428571428,0.3752595238095238,0.3699261904761905,0.3637571428571429,0.37317380952380946,0.39001768707483,0.3882918367346939,0.3859217687074829,0.38843401360544216,0.39475170068027204,0.4086557823129252,0.41038163265306127,0.40847414965986384,0.40556802721088436,0.3928489795918366,0.39160952380952385,0.39031088435374156,0.41605442176870755,0.41306054421768706,0.39742517006802724,Male,9,8-12,Elementary,C,C,R16C11b09_info1_250Hz_gu2_AEP.conn
R16C38G6,R16C38g6_info1_250Hz_gu1_AEP.conn,gu1,0.308352380952381,0.2863047619047619,0.3043,0.3238904761904762,0.3330857142857143,0.3261809523809524,0.32733809523809526,0.32498095238095237,0.36168571428571433,0.32424761904761906,0.3434904761904762,0.3643380952380953,0.35372380952380955,0.35258095238095244,0.34154761904761904,0.33838,0.3401828571428571,0.35865714285714284,0.3713428571428572,0.3788285714285714,0.35058,0.33647428571428567,0.3311342857142857,0.33952000000000004,0.3337828571428571,0.35272571428571425,0.3570457142857143,0.34524857142857146,0.3369371428571429,0.35734000000000005,0.27736000000000005,0.2629942857142857,0.26009999999999994,0.25686,0.25179999999999997,0.23182,0.24989714285714287,0.2475,0.25514571428571425,0.24227142857142853,0.24381714285714282,0.22907142857142854,0.2559828571428571,0.2591057142857143,0.23650000000000002,0.2938234693877551,0.3032122448979591,0.3214,0.3301775510204082,0.3207,0.30022755102040816,0.3016295918367347,0.3000591836734694,0.302645918367347,0.325830612244898,0.3347857142857143,0.3394714285714286,0.31451428571428564,0.31503571428571425,0.331265306122449,0.2568857142857143,0.2558166666666667,0.26831190476190475,0.27974523809523805,0.2860952380952381,0.2696690476190476,0.284447619047619,0.2950595238095239,0.29036904761904764,0.27664761904761903,0.2836857142857143,0.2926142857142857,0.30189523809523816,0.3025166666666667,0.2887904761904762,0.23495578231292522,0.22881904761904767,0.2271639455782313,0.22870816326530613,0.22916258503401363,0.23328231292517007,0.2375122448979592,0.23135442176870752,0.22663673469387757,0.24061156462585034,0.24327074829931974,0.24604693877551026,0.25287414965986393,0.24809455782312928,0.2440843537414966,Female,6,5-7,Elementary,C,C,R16C38g6_info1_250Hz_gu2_AEP.conn
R16C32B08,R16C32b08_info1_250Hz_gu1_AEP.conn,gu1,0.41759047619047623,0.4265857142857143,0.42483333333333323,0.4445571428571428,0.4607333333333334,0.4572904761904762,0.452252380952381,0.43450476190476195,0.4558428571428572,0.48765238095238095,0.480952380952381,0.4854380952380952,0.4903714285714285,0.47478095238095236,0.47853809523809526,0.46064571428571427,0.47870285714285715,0.4767485714285714,0.47001142857142864,0.4652114285714285,0.4681114285714285,0.46370571428571433,0.45475714285714275,0.45546857142857144,0.48725142857142856,0.47946285714285714,0.46482,0.4707171428571428,0.46406857142857144,0.47829714285714287,0.33252571428571426,0.3377457142857143,0.35107142857142853,0.3697885714285714,0.37154000000000004,0.35119999999999996,0.3531,0.35228571428571426,0.34334,0.35401714285714286,0.3564142857142858,0.3642457142857143,0.35825714285714283,0.3559171428571428,0.35729714285714287,0.34886428571428574,0.34317346938775517,0.34711428571428565,0.3543918367346938,0.3517571428571428,0.34105612244897954,0.3431122448979592,0.348715306122449,0.34806734693877545,0.36243061224489803,0.3649357142857143,0.3721306122448979,0.3612877551020408,0.36901020408163265,0.37071224489795923,0.29683095238095236,0.30158095238095234,0.3007452380952382,0.2959880952380952,0.28249285714285716,0.30221904761904766,0.30566190476190475,0.30802857142857143,0.30054761904761906,0.31969761904761906,0.31560952380952384,0.30622619047619054,0.31469285714285716,0.3217142857142857,0.31899285714285713,0.27391088435374145,0.27929523809523815,0.2769979591836734,0.27201156462585036,0.2653197278911565,0.273256462585034,0.2756442176870748,0.2761095238095238,0.273965306122449,0.28718843537414973,0.2844931972789116,0.28105782312925165,0.28048775510204077,0.2844755102040817,0.2800231292517007,Male,8,8-12,Elementary,C,C,R16C32b08_info1_250Hz_gu2_AEP.conn
R16C27M9,R16C27m9_info1_250Hz_gu1_AEP.conn,gu1,0.2958571428571428,0.29121904761904766,0.28271428571428575,0.26910952380952374,0.27343809523809526,0.285647619047619,0.30006666666666665,0.3026142857142857,0.33611428571428575,0.3262809523809524,0.32819523809523815,0.3160190476190476,0.3282238095238095,0.3290142857142857,0.3346571428571428,0.31427714285714287,0.3109571428571428,0.30605714285714286,0.2974457142857143,0.30128571428571427,0.284,0.2958657142857143,0.30137714285714284,0.2996314285714286,0.3195171428571429,0.3161171428571429,0.3062,0.30252,0.29889142857142853,0.31628,0.26754857142857147,0.26019714285714285,0.2536542857142857,0.25342,0.2661142857142857,0.25768,0.2677285714285714,0.27155428571428575,0.26410857142857147,0.27783714285714284,0.2728371428571429,0.2760114285714285,0.27028571428571435,0.2710514285714286,0.28663142857142854,0.2779,0.2755061224489796,0.2745908163265306,0.2739867346938776,0.2811469387755102,0.29376632653061224,0.2912081632653062,0.28456836734693874,0.27886020408163265,0.29700714285714286,0.30094591836734697,0.30233673469387756,0.30433571428571426,0.29539897959183675,0.30589387755102043,0.2472095238095238,0.25177857142857146,0.25193095238095237,0.24700000000000003,0.254147619047619,0.26646428571428576,0.27672380952380954,0.27577380952380953,0.26958333333333334,0.2473904761904762,0.24642380952380952,0.2458285714285714,0.27725952380952384,0.2724761904761905,0.2520166666666667,0.22922789115646258,0.22811496598639458,0.2202285714285714,0.21534353741496595,0.21623129251700685,0.229730612244898,0.22298843537414972,0.22331360544217688,0.2264408163265306,0.24074761904761904,0.22899183673469392,0.2206374149659864,0.22884353741496605,0.23063945578231293,0.23320748299319727,Male,9,8-12,Elementary,C,C,R16C27m9_info1_250Hz_gu2_AEP.conn
R16C14B07,R16C14b07_info1_250Hz_gu1_AEP.conn,gu1,0.3562380952380952,0.359547619047619,0.3752571428571429,0.38766190476190476,0.3781095238095238,0.3388761904761905,0.33251904761904766,0.33601904761904766,0.37461904761904763,0.4001333333333334,0.4196904761904762,0.4224333333333334,0.36298571428571424,0.35909047619047624,0.4289238095238095,0.3637657142857143,0.3657514285714286,0.3721228571428571,0.3789914285714286,0.3741514285714286,0.37188857142857135,0.3786342857142857,0.3723257142857143,0.3662371428571428,0.3773971428571428,0.3746428571428571,0.37188,0.37450857142857147,0.3743342857142856,0.37956,0.32527142857142854,0.33503142857142854,0.34393714285714283,0.35474,0.35686857142857137,0.35649428571428576,0.36360571428571425,0.35716285714285717,0.3487571428571429,0.3423342857142857,0.34947999999999996,0.3531342857142857,0.36652,0.36315142857142857,0.3577057142857143,0.41646020408163265,0.41788469387755106,0.41653265306122444,0.4185459183673469,0.42201428571428573,0.40120102040816324,0.4058346938775511,0.4048448979591837,0.40847142857142854,0.420991836734694,0.4269816326530612,0.42972142857142864,0.4256255102040817,0.4256642857142858,0.42957959183673466,0.3164357142857143,0.32820714285714286,0.32774761904761907,0.3191738095238095,0.3117095238095238,0.32855000000000006,0.32298571428571426,0.32013809523809517,0.3162333333333333,0.3384261904761905,0.33799285714285715,0.3298142857142857,0.3346285714285715,0.3331904761904762,0.33714761904761903,0.2996197278911565,0.3032537414965986,0.30397210884353737,0.304874149659864,0.3027496598639456,0.30361156462585037,0.3111020408163265,0.31833945578231293,0.31770680272108853,0.3051673469387755,0.3095482993197279,0.31110340136054426,0.3121965986394558,0.32089795918367353,0.3136700680272109,Male,7,5-7,Elementary,C,C,R16C14b07_info1_250Hz_gu2_AEP.conn
R16C21G7,R16C21g7_info1_250Hz_gu1_AEP.conn,gu1,0.3303190476190476,0.3318190476190476,0.3312523809523809,0.33876190476190476,0.3323285714285715,0.33245238095238094,0.3103571428571429,0.29855714285714285,0.32625714285714286,0.3620571428571429,0.3538904761904762,0.36124285714285714,0.3519666666666666,0.34038095238095245,0.35035238095238097,0.3531428571428572,0.35918285714285714,0.3633228571428571,0.35928571428571426,0.3618714285714286,0.3605542857142857,0.35957999999999996,0.3483485714285714,0.3544314285714285,0.3534114285714286,0.35648285714285716,0.35954571428571425,0.34946,0.34373714285714285,0.3496085714285714,0.2765142857142857,0.27212571428571425,0.24971142857142853,0.23835142857142855,0.2463942857142857,0.2890457142857143,0.2763942857142857,0.2689171428571429,0.26131714285714286,0.26942571428571427,0.2555914285714286,0.24016285714285712,0.24284,0.24150000000000005,0.24656857142857141,0.2985877551020409,0.30192755102040814,0.3138612244897959,0.31332448979591837,0.3154632653061225,0.31982346938775513,0.3106357142857143,0.3036051020408163,0.3044775510204082,0.3205489795918367,0.3247836734693878,0.32595918367346943,0.32110000000000005,0.31702244897959186,0.32820510204081627,0.2962928571428572,0.2941309523809524,0.29977857142857145,0.2955142857142857,0.2992642857142857,0.2846642857142857,0.2875071428571429,0.28424523809523805,0.276052380952381,0.3271928571428571,0.3223333333333333,0.3131404761904762,0.3150404761904762,0.31643809523809524,0.32024047619047624,0.277547619047619,0.2768591836734694,0.28836530612244893,0.2873517006802721,0.2826789115646258,0.27850816326530614,0.28013401360544216,0.2769074829931973,0.27490816326530604,0.2761530612244898,0.28784557823129253,0.28679047619047615,0.2812612244897959,0.27492244897959184,0.28747687074829936,Female,7,5-7,Elementary,C,C,R16C21g7_info1_250Hz_gu2_AEP.conn
R16ME08_F10,R16me08_f10_info1_250Hz_gu1_AEP.conn,gu1,0.3705285714285715,0.3832857142857143,0.39043333333333335,0.3914190476190476,0.3963666666666667,0.37964285714285717,0.3816095238095238,0.38812857142857143,0.39808095238095237,0.4061761904761905,0.4172761904761904,0.4242809523809523,0.40928571428571425,0.4106285714285714,0.4119190476190477,0.45462857142857144,0.4505742857142857,0.4619142857142857,0.47408285714285714,0.47647428571428574,0.48135142857142865,0.4787514285714286,0.4831428571428571,0.48290285714285713,0.4460342857142857,0.45600571428571435,0.47078,0.47144,0.4733171428571429,0.46583428571428576,0.45277714285714277,0.45284571428571424,0.45076,0.4512371428571429,0.45892571428571427,0.45946285714285723,0.4535857142857143,0.44386857142857145,0.4398371428571428,0.4450457142857143,0.44049714285714286,0.44330857142857144,0.4388228571428572,0.4321885714285714,0.44144000000000005,0.43333673469387757,0.4275479591836735,0.42109387755102035,0.4188765306122449,0.42519081632653066,0.4330438775510205,0.4290683673469388,0.4250102040816327,0.42057244897959195,0.43131428571428565,0.42517244897959194,0.42505612244897956,0.43011836734693876,0.43142448979591835,0.4328367346938776,0.3788547619047619,0.37454999999999994,0.36353809523809527,0.3661357142857143,0.36952857142857143,0.3847738095238095,0.38587857142857146,0.3787904761904762,0.3749714285714285,0.3784404761904762,0.36202142857142866,0.3567261904761905,0.3856119047619047,0.383497619047619,0.36769999999999997,0.3913455782312925,0.3864374149659864,0.38199999999999995,0.3831884353741497,0.38537959183673476,0.3853843537414966,0.38466394557823136,0.3822299319727892,0.3811387755102041,0.38438707482993206,0.37657278911564623,0.37528639455782314,0.39057006802721095,0.38593537414965984,0.38027482993197276,Female,10,8-12,Elementary,C,C,R16me08_f10_info1_250Hz_gu2_AEP.conn
R16C16B07,R16C16b07_info1_250Hz_gu1_AEP.conn,gu1,0.37760476190476194,0.37233333333333335,0.38157619047619046,0.3996095238095238,0.40035714285714286,0.32905238095238093,0.3418380952380953,0.3421095238095238,0.3809809523809524,0.3898809523809524,0.4083952380952381,0.41740000000000005,0.3834190476190476,0.37979047619047623,0.3943952380952381,0.4008971428571428,0.4102685714285714,0.41043142857142856,0.40309999999999996,0.40056,0.38676000000000005,0.39727999999999997,0.40046,0.4061057142857143,0.41439142857142863,0.41504,0.40101999999999993,0.40117714285714284,0.40826285714285715,0.3953828571428571,0.31661142857142854,0.3234828571428571,0.3102714285714286,0.3075742857142857,0.3076142857142857,0.31208285714285716,0.30386857142857143,0.2981057142857143,0.2864885714285714,0.3431285714285714,0.33181428571428573,0.3160171428571429,0.3176657142857143,0.31618857142857143,0.3190257142857143,0.2924081632653061,0.2868969387755102,0.27521326530612245,0.2746163265306122,0.2798734693877551,0.2943336734693877,0.2866826530612245,0.28706530612244896,0.28715510204081635,0.3064816326530613,0.30064693877551024,0.29369285714285714,0.3014387755102041,0.29729285714285714,0.30109183673469386,0.27736666666666665,0.2697047619047619,0.26435000000000003,0.2681333333333333,0.2753095238095238,0.26541904761904767,0.265152380952381,0.2788523809523809,0.2806809523809524,0.28173095238095236,0.27449285714285715,0.2840261904761905,0.29269523809523806,0.2956452380952381,0.2753738095238096,0.24618843537414967,0.24157619047619044,0.24140408163265303,0.24826530612244896,0.2506333333333334,0.24081224489795922,0.24744761904761908,0.24805442176870743,0.24527142857142856,0.24978911564625847,0.24542040816326524,0.2463625850340136,0.25490272108843537,0.25810748299319736,0.2508795918367347,Male,7,5-7,Elementary,C,C,R16C16b07_info1_250Hz_gu2_AEP.conn
R16C29F9,R16C29f9_info1_250Hz_gu1_AEP.conn,gu1,0.31541904761904765,0.3040761904761904,0.3011,0.3025714285714286,0.3140523809523809,0.32353809523809524,0.3364619047619047,0.3343285714285715,0.35013333333333335,0.32029523809523813,0.3084714285714285,0.31150952380952385,0.35213809523809525,0.34109523809523806,0.3174904761904762,0.30860571428571426,0.3045942857142857,0.30621714285714285,0.3093485714285714,0.32002285714285716,0.33695142857142857,0.32349714285714287,0.32251428571428564,0.3345342857142857,0.30701142857142855,0.3107171428571428,0.31891142857142857,0.31792571428571426,0.31067142857142854,0.31300000000000006,0.26650285714285715,0.2566771428571429,0.25401142857142855,0.2604057142857143,0.2641085714285714,0.2606542857142857,0.24982571428571426,0.2394342857142857,0.24849714285714283,0.24330000000000002,0.23768000000000003,0.2408,0.23828285714285716,0.22852285714285717,0.2279114285714286,0.3399367346938776,0.33680510204081626,0.3304357142857142,0.32504081632653065,0.32331020408163264,0.3318602040816327,0.33139795918367343,0.3313153061224489,0.33748061224489795,0.3485122448979592,0.34527448979591835,0.3387806122448979,0.3489765306122448,0.344569387755102,0.3401510204081632,0.2691809523809524,0.2759880952380952,0.2822666666666667,0.2892571428571428,0.28812142857142853,0.24530476190476191,0.2637619047619048,0.2827595238095238,0.2925785714285714,0.2827190476190476,0.2918785714285714,0.29987142857142857,0.2767928571428571,0.2856142857142857,0.2923571428571429,0.21761020408163267,0.21838911564625857,0.21537755102040818,0.2199918367346939,0.22593741496598638,0.2096,0.21871496598639453,0.2202904761904762,0.20862040816326524,0.22076054421768707,0.2203326530612245,0.225612925170068,0.22115850340136056,0.22256598639455788,0.2182972789115646,Female,9,8-12,Elementary,C,C,R16C29f9_info1_250Hz_gu2_AEP.conn
R16C17B6,R16C17b6_info1_250Hz_gu1_AEP.conn,gu1,0.28723809523809524,0.31292380952380955,0.33936666666666665,0.3511095238095237,0.33507142857142863,0.33090476190476187,0.32841904761904767,0.34604285714285715,0.3684047619047619,0.34405238095238094,0.3609857142857143,0.3697142857142857,0.353847619047619,0.3699333333333334,0.35806190476190475,0.3380628571428571,0.34111142857142857,0.35618857142857147,0.35910857142857144,0.3587771428571429,0.3979971428571428,0.41519428571428574,0.41616285714285717,0.40324857142857146,0.34310571428571424,0.36199714285714285,0.3608114285714286,0.4010485714285714,0.40959142857142855,0.36294000000000004,0.30861428571428573,0.31717428571428574,0.30994,0.29975999999999997,0.29766571428571426,0.32106857142857137,0.30984,0.29772857142857145,0.2950885714285714,0.3101314285714286,0.30833999999999995,0.3063314285714286,0.31344,0.3029142857142857,0.3113914285714286,0.3516479591836735,0.36326224489795916,0.36939693877551016,0.3752897959183673,0.3716214285714286,0.3571193877551021,0.34395306122448976,0.33213673469387756,0.3379877551020409,0.3631469387755102,0.36500918367346935,0.36884081632653054,0.35681122448979596,0.35209081632653055,0.3548622448979592,0.3587833333333334,0.3605619047619048,0.3526666666666667,0.3468571428571428,0.3385571428571428,0.35003809523809526,0.3558357142857143,0.3462261904761905,0.3361,0.3629238095238095,0.35948571428571424,0.34302857142857146,0.36497380952380953,0.3566952380952381,0.35069285714285714,0.28320544217687077,0.2813108843537415,0.28288503401360543,0.28214149659863946,0.2866938775510205,0.28664217687074833,0.29084285714285707,0.2944278911564626,0.28679999999999994,0.2831639455782312,0.28227142857142856,0.27579727891156464,0.28476802721088434,0.2884687074829932,0.28733265306122446,Male,6,5-7,Elementary,C,C,R16C17b6_info1_250Hz_gu2_AEP.conn
R16C28M6,R16C28m6_info1_250Hz_gu1_AEP.conn,gu1,0.39316666666666666,0.4041428571428572,0.4136952380952381,0.41756190476190475,0.41066666666666674,0.3808142857142857,0.3927238095238095,0.41076190476190483,0.43492380952380955,0.41715238095238094,0.41648571428571435,0.41780476190476185,0.42178571428571426,0.43801904761904753,0.40324285714285707,0.3895457142857143,0.3996257142857143,0.41006857142857145,0.41767714285714286,0.4092714285714285,0.39206857142857143,0.4050742857142858,0.40996571428571427,0.39966,0.3801857142857143,0.38456,0.3956828571428571,0.39900857142857143,0.4037628571428571,0.37763142857142856,0.2759371428571429,0.28452285714285713,0.28792571428571423,0.29412571428571427,0.2944542857142857,0.2919457142857143,0.29232571428571424,0.2918828571428571,0.28643428571428575,0.27365142857142855,0.27661428571428576,0.2828628571428572,0.2803485714285715,0.2836457142857143,0.26867142857142856,0.3086459183673469,0.3066,0.3123479591836735,0.31615102040816323,0.3155602040816326,0.3180816326530612,0.3207357142857143,0.3187163265306122,0.3152265306122449,0.3266377551020408,0.3342030612244898,0.336461224489796,0.34074591836734697,0.33774387755102037,0.3422448979591836,0.25904285714285713,0.2617690476190477,0.2606904761904762,0.2602642857142857,0.2560047619047619,0.2656690476190476,0.2804404761904762,0.2818047619047619,0.2798738095238095,0.28323809523809523,0.28340238095238096,0.2848214285714286,0.303452380952381,0.30241666666666667,0.2822047619047619,0.25726938775510205,0.25472448979591833,0.24862380952380955,0.24557278911564623,0.2426319727891156,0.25140204081632656,0.25420544217687074,0.25483945578231293,0.25030816326530614,0.2658149659863946,0.2606136054421769,0.25907891156462587,0.26195782312925175,0.2606414965986395,0.264278231292517,Male,6,5-7,Elementary,C,C,R16C28m6_info1_250Hz_gu2_AEP.conn
R16M08B09,R16M08b09_info1_250Hz_gu1_AEP.conn,gu1,0.3674,0.3626904761904762,0.36794761904761897,0.37366190476190475,0.37326666666666664,0.34886666666666666,0.3508285714285715,0.3554428571428571,0.37081428571428576,0.3802190476190477,0.38194285714285714,0.3899904761904762,0.36522380952380945,0.37510952380952384,0.3811333333333334,0.3832714285714286,0.38365428571428567,0.39128285714285715,0.3958028571428571,0.3936685714285714,0.39537999999999995,0.39394000000000007,0.39631428571428573,0.3943314285714286,0.38780285714285717,0.39042,0.38527428571428574,0.39006571428571435,0.3958171428571428,0.3908457142857143,0.25957428571428576,0.26004857142857146,0.2606857142857143,0.25786571428571425,0.25745142857142855,0.26931428571428573,0.2704428571428571,0.2802685714285714,0.28891142857142854,0.25762857142857143,0.2617542857142857,0.25772,0.2723457142857143,0.27966285714285716,0.2711428571428572,0.3051265306122449,0.3077163265306123,0.31057653061224494,0.30457244897959185,0.3056357142857143,0.3015102040816327,0.30366530612244896,0.3027581632653061,0.3031969387755102,0.31339897959183677,0.31664081632653057,0.31222653061224487,0.3147979591836735,0.31372244897959184,0.3180918367346939,0.2695285714285714,0.26894761904761905,0.2635166666666667,0.25931190476190474,0.26390476190476186,0.2662714285714286,0.2579547619047619,0.25384047619047617,0.25438571428571427,0.25231190476190474,0.24745238095238095,0.24674285714285712,0.25748571428571426,0.2581595238095238,0.2533357142857143,0.24498707482993198,0.24439523809523814,0.2435918367346939,0.24247823129251703,0.24484013605442176,0.2533829931972789,0.25335238095238094,0.2552095238095238,0.25733673469387747,0.2502857142857143,0.2452625850340136,0.24457551020408164,0.25135986394557824,0.25427006802721086,0.2522136054421769,Male,9,8-12,Elementary,C,C,R16M08b09_info1_250Hz_gu2_AEP.conn
R16C36B6,R16C36b6_info1_250Hz_gu1_AEP.conn,gu1,0.30495714285714287,0.30597619047619046,0.3192952380952381,0.3232904761904762,0.32901428571428576,0.2923761904761905,0.2961666666666667,0.3074666666666666,0.32662857142857143,0.31329999999999997,0.3261904761904762,0.32800476190476185,0.3218857142857143,0.34272857142857144,0.2999619047619047,0.3410142857142857,0.33544571428571424,0.33208571428571426,0.33308857142857146,0.3384542857142857,0.3447085714285714,0.34010857142857137,0.33445714285714284,0.32644857142857137,0.3366371428571428,0.3301828571428571,0.32367999999999997,0.3330885714285714,0.33486000000000005,0.3297857142857143,0.27637428571428574,0.28228285714285717,0.29614285714285715,0.3166942857142857,0.3067085714285714,0.2885714285714286,0.2817914285714286,0.2847514285714286,0.27839714285714284,0.2879114285714286,0.2971457142857143,0.30691142857142856,0.2735914285714286,0.2766057142857143,0.29668571428571433,0.31548061224489793,0.31180204081632656,0.315934693877551,0.3196806122448979,0.32155204081632655,0.32166836734693877,0.32569387755102047,0.32592653061224486,0.32293163265306113,0.3264071428571428,0.32207448979591835,0.321730612244898,0.34142244897959184,0.3392204081632653,0.3201714285714286,0.2497690476190476,0.2435642857142857,0.2505880952380952,0.2596428571428571,0.2637595238095238,0.26525714285714286,0.25496428571428575,0.24155000000000001,0.2414833333333333,0.2624880952380952,0.26329285714285716,0.2660190476190476,0.2738928571428571,0.2683547619047619,0.2823357142857143,0.2592687074829932,0.26375714285714286,0.26756734693877554,0.2673897959183674,0.2695877551020408,0.26452925170068026,0.2638612244897959,0.262312925170068,0.2590122448979592,0.26673537414965987,0.2734387755102041,0.27520816326530617,0.27184421768707484,0.269074149659864,0.2734993197278912,Male,6,5-7,Elementary,C,C,R16C36b6_info1_250Hz_gu2_AEP.conn
R16C06B16,R16C06b16_info1_250Hz_gu1_AEP.conn,gu1,0.3248142857142857,0.31666666666666665,0.32344285714285714,0.33350952380952376,0.35346666666666665,0.3440666666666667,0.34670476190476185,0.3603571428571429,0.3754523809523809,0.3332904761904762,0.3401857142857143,0.3575952380952381,0.35070000000000007,0.36943333333333334,0.3424714285714286,0.39149428571428574,0.40073428571428565,0.4059057142857142,0.4060828571428571,0.40487142857142855,0.4117914285714286,0.4067114285714286,0.4038485714285714,0.40336571428571427,0.39767142857142856,0.40022,0.40405428571428575,0.3984200000000001,0.39546285714285717,0.41131142857142855,0.3615657142857143,0.3531971428571429,0.34998,0.3491485714285714,0.34951714285714286,0.37091142857142856,0.35981428571428575,0.36637714285714285,0.3707114285714286,0.35238285714285716,0.35166857142857144,0.3541628571428571,0.35494,0.3508057142857143,0.3661342857142857,0.3950193877551021,0.3957571428571428,0.3950765306122449,0.39231632653061227,0.385530612244898,0.3980183673469387,0.3993153061224489,0.39923979591836734,0.3983591836734694,0.4189071428571429,0.4137061224489796,0.41097857142857147,0.4154969387755102,0.41700816326530615,0.4143265306122449,0.36282619047619047,0.36466904761904756,0.3638928571428571,0.3631595238095238,0.35950952380952383,0.3681595238095238,0.37357380952380953,0.37025,0.3683976190476191,0.3729523809523809,0.36722619047619043,0.3695785714285715,0.36227380952380955,0.36374761904761904,0.37518809523809526,0.2557979591836735,0.2593027210884354,0.2613326530612245,0.26406122448979585,0.2605904761904762,0.2649224489795919,0.2627646258503401,0.260443537414966,0.2612442176870749,0.26870544217687076,0.26699863945578234,0.2700020408163265,0.275939455782313,0.2721993197278912,0.26990952380952377,Male,16,Teen,Secondary,C,C,R16C06b16_info1_250Hz_gu2_AEP(1).conn
R16C35B06,R16C35b06_info1_250Hz_gu1_AEP.conn,gu1,0.3313095238095238,0.3265952380952381,0.3396142857142858,0.3375047619047619,0.33536190476190475,0.322647619047619,0.3205571428571429,0.3225,0.35784285714285713,0.3674952380952381,0.3766,0.37568095238095234,0.3596904761904762,0.3622761904761904,0.3849619047619048,0.3861485714285714,0.38666,0.38699142857142854,0.3829228571428572,0.3860114285714285,0.3836028571428571,0.38172,0.38435714285714284,0.38822,0.3906114285714286,0.3923685714285714,0.3870628571428571,0.40374571428571426,0.4025228571428571,0.39857714285714285,0.37969142857142857,0.38038285714285713,0.3822514285714286,0.3756114285714286,0.37664285714285717,0.35981142857142856,0.3583142857142857,0.3510971428571429,0.35353142857142855,0.3849314285714286,0.3832342857142857,0.3764342857142857,0.3659942857142856,0.35714,0.37623428571428574,0.39682244897959185,0.403304081632653,0.406530612244898,0.4047510204081633,0.40593163265306126,0.4047683673469388,0.4042867346938776,0.40032755102040823,0.39935918367346934,0.42243061224489803,0.4220418367346939,0.4187969387755102,0.4177948979591836,0.41855510204081636,0.4235969387755102,0.2911142857142857,0.28555,0.2882238095238095,0.28954285714285716,0.29324999999999996,0.2920857142857142,0.2914690476190476,0.28215,0.27667857142857144,0.28140952380952383,0.27966428571428575,0.2843,0.2861952380952381,0.28381666666666666,0.2834452380952381,0.2849727891156463,0.28247959183673466,0.2779843537414966,0.27742176870748303,0.28371428571428575,0.28578503401360544,0.2858809523809524,0.2861102040816326,0.2871836734693877,0.29218299319727886,0.2891448979591837,0.28835918367346935,0.2920190476190476,0.29382176870748306,0.28977210884353743,Male,6,5-7,Elementary,C,C,R16C35b06_info1_250Hz_gu2_AEP.conn
R16P02C_G16,R16P02C_g16_info1_250Hz_gu1_AEP.conn,gu1,0.22909047619047618,0.2106095238095238,0.19888095238095235,0.21315238095238098,0.23296666666666668,0.22386666666666666,0.22199047619047618,0.21021428571428571,0.2434285714285714,0.25566666666666665,0.23556666666666667,0.24281428571428573,0.2576809523809524,0.2544285714285714,0.23816666666666672,0.3449657142857142,0.35131714285714283,0.3467942857142857,0.34628571428571425,0.35155428571428576,0.34484,0.34879714285714286,0.3569742857142857,0.36015142857142857,0.34412000000000004,0.34578,0.3447257142857143,0.3383514285714286,0.34917999999999993,0.3431457142857143,0.2874342857142857,0.29276857142857143,0.29716857142857145,0.30033714285714286,0.30288857142857145,0.31170285714285717,0.3109514285714286,0.30206571428571427,0.29126857142857143,0.29485428571428574,0.2945,0.29243428571428576,0.30499714285714286,0.2940457142857143,0.3020685714285714,0.299515306122449,0.3071010204081634,0.30934591836734693,0.30786326530612246,0.30204285714285717,0.3073836734693877,0.30661938775510206,0.306311224489796,0.30772653061224486,0.31508469387755106,0.31579999999999997,0.3101051020408163,0.31999183673469384,0.3196163265306123,0.3096581632653061,0.23902619047619048,0.2316952380952381,0.21793809523809526,0.2183071428571429,0.23647857142857143,0.23373095238095234,0.2343714285714286,0.2288690476190476,0.22744285714285714,0.24057142857142855,0.2306380952380952,0.22851428571428575,0.25114047619047614,0.24802380952380954,0.22990238095238094,0.2553571428571428,0.25229863945578235,0.24775714285714284,0.24798639455782312,0.24746122448979588,0.2664360544217687,0.2605156462585035,0.2517414965986395,0.25242517006802717,0.260252380952381,0.2569557823129252,0.25623061224489796,0.26937687074829936,0.26363333333333333,0.2608857142857143,Female,16,Teen,Secondary,C,C,R16P02C_g16_info1_250Hz_gu2_AEP.conn
CSD499KK01F21,CSD499KK01f21_info1_250Hz_gu1_AEP.conn,gu1,0.3008619047619047,0.30134761904761903,0.3129904761904762,0.328052380952381,0.3479952380952381,0.31430952380952387,0.3248095238095238,0.32159523809523805,0.32653809523809524,0.33859047619047616,0.3419666666666667,0.3560190476190476,0.32962857142857144,0.3297952380952381,0.3417285714285714,0.33792,0.3470171428571428,0.3542085714285713,0.3645,0.3802628571428571,0.37450857142857147,0.36312571428571433,0.3689942857142857,0.3804171428571429,0.34415142857142855,0.35253428571428574,0.36281142857142856,0.3466314285714286,0.3536,0.36690571428571417,0.33072,0.3428942857142857,0.3489228571428572,0.33639142857142856,0.3395371428571428,0.34279714285714286,0.3382428571428572,0.33958571428571427,0.33873142857142857,0.3264228571428572,0.3262457142857142,0.3182285714285714,0.32597714285714285,0.32663714285714285,0.31921999999999995,0.32028163265306125,0.3287704081632653,0.33741938775510205,0.33310510204081634,0.3222285714285715,0.3290765306122449,0.3307795918367347,0.3300336734693878,0.3269806122448979,0.3470591836734694,0.3528806122448979,0.35300816326530615,0.3498061224489796,0.35300102040816334,0.35110714285714284,0.24485476190476188,0.25197380952380954,0.27009523809523805,0.28232142857142856,0.2848595238095238,0.26815952380952385,0.27758571428571427,0.2723833333333333,0.2686523809523809,0.2565904761904762,0.2751857142857143,0.28274523809523805,0.26437857142857146,0.2729214285714286,0.26954285714285714,0.20166938775510201,0.19383741496598642,0.20075646258503402,0.20339591836734697,0.20215850340136057,0.1837455782312925,0.1826027210884354,0.19042380952380955,0.19709863945578227,0.20093537414965984,0.21024761904761902,0.210156462585034,0.19269795918367347,0.1953877551020408,0.2119204081632653,Female,21,Teen,Tertiary,C,C,CSD499KK01f21_info1_250Hz_gu2_AEP.conn
R16TEENPVB,R16teenPvb_info1_250Hz_gu1_AEP.conn,gu1,0.2988095238095238,0.2902761904761905,0.2874952380952381,0.2912095238095238,0.2974761904761905,0.28995714285714286,0.2901190476190476,0.28614761904761904,0.332247619047619,0.32061904761904764,0.32842857142857146,0.33204285714285714,0.32934285714285716,0.3319809523809524,0.3246857142857143,0.3399685714285715,0.35165142857142856,0.35816857142857145,0.3563428571428572,0.3564,0.34631428571428574,0.3378228571428571,0.32975714285714286,0.3225485714285714,0.3451657142857143,0.3462914285714286,0.33868857142857145,0.33946571428571426,0.3297457142857143,0.34405428571428576,0.2881542857142857,0.3031,0.3057057142857143,0.3035285714285715,0.2950942857142857,0.29806,0.29536285714285715,0.2909028571428572,0.2888542857142857,0.30759142857142857,0.30795428571428574,0.30390285714285714,0.30010000000000003,0.2951285714285714,0.3089085714285714,0.4065091836734694,0.4129102040816326,0.41506734693877545,0.4167418367346939,0.4138928571428572,0.408934693877551,0.41472142857142863,0.41591428571428574,0.4158234693877551,0.4275663265306123,0.4287510204081632,0.4299979591836735,0.42762346938775514,0.4286336734693878,0.43777755102040816,0.4223952380952381,0.4189047619047619,0.4238571428571429,0.422547619047619,0.41807380952380946,0.42392857142857143,0.42312857142857135,0.41729285714285713,0.4168119047619047,0.4050595238095238,0.4102928571428572,0.4101642857142857,0.40981666666666666,0.4126880952380953,0.41327142857142857,0.3238122448979591,0.323391156462585,0.3218918367346939,0.31922993197278915,0.3155367346938775,0.3217748299319728,0.32352585034013603,0.3219360544217687,0.3143462585034014,0.3247646258503402,0.3228326530612244,0.3203748299319728,0.3212687074829932,0.3203353741496598,0.3222700680272109,Male,16,Teen,Secondary,E,NC,R16teenPvb_info1_250Hz_gu2_AEP.conn
R16TEEN5CB16,R16Teen5Cb16_info1_250Hz_gu1_AEP.conn,gu1,0.29742857142857143,0.3082190476190476,0.30924285714285715,0.32907619047619047,0.3268904761904762,0.3380666666666667,0.3193619047619047,0.2902238095238096,0.33122380952380953,0.31574285714285716,0.32024761904761906,0.3348619047619048,0.3442809523809524,0.31982380952380957,0.3087142857142858,0.3334514285714286,0.33267714285714284,0.3234285714285714,0.32058285714285717,0.32858,0.3395114285714286,0.33823714285714285,0.3343285714285714,0.3325057142857143,0.3253571428571429,0.3232885714285715,0.3227942857142857,0.32275142857142863,0.3166542857142858,0.32876,0.2804514285714286,0.2808171428571429,0.2779114285714286,0.2767857142857143,0.29238285714285717,0.28710571428571424,0.2815114285714285,0.27281999999999995,0.27783428571428576,0.27852,0.27804,0.27671142857142855,0.29279428571428573,0.28666857142857144,0.2912828571428571,0.3484061224489796,0.3482469387755102,0.35449795918367355,0.3572948979591836,0.3587459183673469,0.3770785714285713,0.37406224489795914,0.36804897959183674,0.36873877551020406,0.3555316326530612,0.3635683673469387,0.3703857142857143,0.3927551020408163,0.38757959183673474,0.36159591836734695,0.29100952380952383,0.2808404761904762,0.2805238095238095,0.27941666666666665,0.28600476190476193,0.2885166666666667,0.2949309523809524,0.29555,0.29504523809523814,0.2799714285714286,0.282397619047619,0.2858833333333334,0.3095380952380952,0.30702380952380953,0.27721904761904764,0.2979312925170069,0.29680952380952375,0.2907408163265306,0.28702857142857147,0.28826802721088435,0.2836986394557824,0.28610816326530614,0.29162040816326534,0.29623401360544216,0.2942374149659864,0.29102040816326524,0.2881734693877551,0.29952176870748304,0.30439727891156454,0.28451020408163263,Male,16,Teen,Secondary,C,C,R16Teen5Cb16_info1_250Hz_gu2_AEP.conn
CSD499AB04G21,CSD499AB04g21_info1_250Hz_gu1_AEP.conn,gu1,0.2641761904761905,0.2826571428571429,0.2819428571428572,0.28262857142857145,0.28427142857142856,0.26402857142857145,0.26274285714285717,0.26183809523809526,0.2850428571428571,0.29474285714285714,0.29833333333333334,0.3006857142857143,0.27212857142857144,0.2797809523809524,0.29696666666666666,0.31088571428571427,0.3158971428571428,0.32240857142857143,0.3373342857142857,0.34322857142857144,0.31797714285714285,0.31604,0.3136342857142857,0.3222457142857143,0.3205571428571429,0.32413142857142857,0.3303,0.32019714285714285,0.3189114285714286,0.3198371428571429,0.3058714285714285,0.3086285714285714,0.3105257142857143,0.3114057142857143,0.3077657142857143,0.3123285714285714,0.30721999999999994,0.3056228571428572,0.3050857142857143,0.31056857142857147,0.31464,0.3116742857142857,0.31006,0.30827142857142853,0.3117171428571429,0.3363387755102041,0.3371224489795919,0.3314948979591837,0.32252959183673463,0.31606632653061223,0.3362867346938775,0.33746836734693886,0.33815408163265304,0.34174999999999994,0.34725306122448985,0.34289693877551025,0.3367857142857143,0.35816122448979587,0.3591867346938775,0.3463724489795918,0.3393952380952381,0.33843095238095233,0.3395761904761905,0.3329619047619048,0.33602380952380956,0.3310142857142857,0.3394095238095238,0.34435952380952384,0.3453833333333333,0.3299214285714286,0.32312857142857143,0.3191333333333333,0.33997380952380957,0.3393595238095238,0.317647619047619,0.21633129251700678,0.21641972789115652,0.22029795918367348,0.21998775510204083,0.2236680272108844,0.20612040816326532,0.20879727891156463,0.210212925170068,0.20627074829931977,0.21642448979591838,0.21848979591836737,0.21936190476190479,0.2151197278911565,0.2170197278911565,0.2161136054421769,Female,21,Teen,Tertiary,A,NC,CSD499AB04g21_info1_250Hz_gu2_AEP.conn
R16JY24B17,R16jy24b17_info1_250Hz_gu1_AEP.conn,gu1,0.2575619047619047,0.2553095238095238,0.2609095238095238,0.2571904761904762,0.2501333333333334,0.26153333333333334,0.26074761904761906,0.2673285714285714,0.3169571428571429,0.3012142857142857,0.3050285714285714,0.2977190476190476,0.32012380952380953,0.3250523809523809,0.3040857142857143,0.31202571428571424,0.30257428571428574,0.30618285714285715,0.3037228571428572,0.30260857142857145,0.30313999999999997,0.30444,0.30356,0.3023828571428572,0.30131142857142856,0.3047542857142857,0.3054771428571429,0.3273542857142857,0.32407428571428576,0.29653714285714283,0.27251714285714285,0.27732,0.2794914285714286,0.27938285714285715,0.28341428571428573,0.27074000000000004,0.26520857142857146,0.26825714285714286,0.27667428571428576,0.27144571428571423,0.27334285714285717,0.274,0.28715999999999997,0.28096,0.26630000000000004,0.34903469387755104,0.3444551020408163,0.3418387755102041,0.34500000000000003,0.3512765306122449,0.3498122448979592,0.3451285714285714,0.3481132653061224,0.35509591836734694,0.3592714285714286,0.3595418367346939,0.36299285714285706,0.3674795918367347,0.3670602040816326,0.36195102040816324,0.2536380952380953,0.25193809523809524,0.2517642857142857,0.24668809523809523,0.24118333333333333,0.2534690476190476,0.25620952380952383,0.25056428571428574,0.24503333333333333,0.25526190476190475,0.25183571428571433,0.251097619047619,0.26127142857142854,0.25503809523809523,0.24238809523809524,0.23300884353741497,0.2304204081632653,0.22857210884353735,0.2320278911564626,0.23577278911564623,0.238191156462585,0.2416102040816327,0.24040952380952382,0.23758367346938783,0.2368721088435374,0.23117755102040813,0.23384353741496594,0.23983605442176872,0.23646190476190476,0.23082993197278906,Male,17,Teen,Secondary,C,C,R16jy24b17_info1_250Hz_gu2_AEP.conn
R16CTEEN06G16,R16Cteen06g16_info1_250Hz_gu1_AEP.conn,gu1,0.21707142857142858,0.22502857142857144,0.23892380952380954,0.2459190476190476,0.24009047619047616,0.20883809523809524,0.22601428571428572,0.24483333333333332,0.27811428571428576,0.26270476190476194,0.27872380952380954,0.2895380952380952,0.26937619047619044,0.28164285714285714,0.2763333333333333,0.3176457142857143,0.32572285714285715,0.3427914285714285,0.34534000000000004,0.3390942857142857,0.3069571428571429,0.3216885714285714,0.33072285714285715,0.3267171428571428,0.3257485714285714,0.33705142857142856,0.33865142857142855,0.33339714285714284,0.3388285714285714,0.3354371428571429,0.32546857142857144,0.31126,0.31252857142857143,0.31448,0.32553714285714286,0.3345542857142857,0.33868571428571426,0.3373428571428571,0.32516285714285714,0.32784571428571435,0.3333085714285714,0.33266,0.3415714285714285,0.3408057142857143,0.3466657142857143,0.28560612244897954,0.2749663265306123,0.27394795918367354,0.2766265306122449,0.2820561224489796,0.2808377551020409,0.2832387755102041,0.2866071428571428,0.2830908163265306,0.28753979591836737,0.2846030612244898,0.2888173469387755,0.2939153061224489,0.29568061224489794,0.2856959183673469,0.25603333333333333,0.2524119047619047,0.25535238095238094,0.2619547619047619,0.25793095238095237,0.2696285714285714,0.27503333333333335,0.2740285714285714,0.2726690476190476,0.25899999999999995,0.2539095238095238,0.2611357142857143,0.27550714285714284,0.2766214285714286,0.2590119047619048,0.2824544217687075,0.2792265306122449,0.2714442176870748,0.2686571428571428,0.2698517006802721,0.28232993197278916,0.2870428571428571,0.28785034013605443,0.28636394557823125,0.2818326530612244,0.2755061224489796,0.2752571428571429,0.28492585034013607,0.28368911564625854,0.2798530612244898,Female,16,Teen,Secondary,C,C,R16Cteen06g16_info1_250Hz_gu2_AEP.conn
CSD499SL03F20,CSD499SL03F20_info1_250Hz_gu1_AEP.conn,gu1,0.24640952380952383,0.24134285714285716,0.2446,0.24332857142857142,0.24732857142857143,0.2325761904761905,0.23929999999999998,0.24210000000000007,0.29840952380952385,0.2874142857142858,0.2941142857142857,0.2939714285714286,0.2943095238095238,0.2918619047619047,0.2894761904761905,0.2693171428571429,0.2837657142857143,0.29463428571428574,0.2932828571428572,0.2832,0.2690485714285714,0.27126,0.28114285714285714,0.28787714285714283,0.2925885714285714,0.30200285714285713,0.30107999999999996,0.27703714285714287,0.2830971428571429,0.2922228571428572,0.2553885714285714,0.2602457142857143,0.2660142857142857,0.2612142857142857,0.25409714285714285,0.25008857142857144,0.2411514285714286,0.24008285714285718,0.24696,0.25340571428571423,0.2591742857142857,0.25908857142857145,0.24299999999999997,0.2386914285714286,0.24593428571428574,0.30740612244897964,0.3033724489795918,0.30341734693877553,0.3002173469387755,0.30074285714285715,0.30347142857142856,0.2944867346938776,0.2922571428571429,0.29477653061224496,0.325961224489796,0.3235173469387755,0.3224418367346939,0.3129806122448979,0.3130306122448979,0.327461224489796,0.27649523809523807,0.26844523809523807,0.26975238095238097,0.27463809523809524,0.27435952380952383,0.2914119047619048,0.29537380952380954,0.3016928571428572,0.2870952380952381,0.28489285714285717,0.28315476190476185,0.2905833333333333,0.3093857142857143,0.3062333333333333,0.2849857142857143,0.24722448979591838,0.24708775510204078,0.25041496598639457,0.25044625850340135,0.24309455782312925,0.2470326530612245,0.24794013605442172,0.24316258503401358,0.24173605442176868,0.25008843537414965,0.2544224489795918,0.25317074829931974,0.25157074829931975,0.24551428571428568,0.25241632653061225,Female,20,Teen,Tertiary,S,NC,CSD499SL03F20_info1_250Hz_gu2_AEP.conn
CSD499DV04F21,CSD499DV04f21_info1_250Hz_gu1_AEP.conn,gu1,0.3052904761904762,0.3042809523809524,0.29511428571428566,0.28044761904761906,0.2906380952380953,0.3053904761904762,0.32791904761904767,0.33325714285714286,0.35478095238095236,0.32887142857142854,0.3275619047619048,0.32400476190476196,0.36374285714285715,0.3532761904761905,0.32327142857142854,0.3557514285714286,0.3482942857142857,0.3432142857142857,0.34701428571428566,0.34945714285714286,0.3511971428571429,0.3682114285714285,0.3766714285714286,0.37363428571428575,0.33919142857142853,0.33618571428571425,0.34854285714285715,0.35751714285714287,0.36645428571428573,0.3302685714285714,0.31818285714285716,0.31226,0.3126942857142857,0.3234628571428571,0.3283028571428571,0.30522857142857146,0.29438,0.2899542857142857,0.30943428571428566,0.3076514285714286,0.31348857142857145,0.3335685714285715,0.2933,0.29698285714285716,0.32165714285714286,0.35985408163265303,0.3626132653061224,0.3639204081632653,0.3721622448979592,0.37047857142857143,0.37126122448979587,0.36965918367346934,0.3625673469387755,0.3621122448979592,0.3903877551020408,0.3962826530612245,0.39918469387755096,0.3851683673469388,0.3791204081632653,0.4024724489795918,0.36585,0.3690809523809524,0.3609833333333334,0.3445428571428571,0.3313952380952381,0.36027857142857145,0.3579857142857143,0.36525238095238105,0.3730166666666666,0.3795976190476191,0.3745261904761905,0.36229761904761904,0.3605642857142857,0.36384761904761903,0.368852380952381,0.28077823129251706,0.281834693877551,0.28423809523809523,0.2839959183673469,0.2885700680272108,0.2960795918367347,0.28999115646258505,0.2846700680272109,0.2820809523809524,0.29138095238095235,0.2972455782312925,0.29679455782312913,0.2925993197278911,0.2888435374149661,0.3029197278911565,Female,21,Teen,Tertiary,S,NC,CSD499DV04f21_info1_250Hz_gu2_AEP.conn
NIH01C01B17,NIH01C01b17_info1_250Hz_gu1_AEP.conn,gu1,0.3396095238095238,0.3512666666666666,0.3857714285714285,0.39306190476190467,0.3760380952380952,0.33982857142857154,0.34205714285714284,0.3539857142857143,0.3718142857142858,0.37051428571428574,0.4043285714285714,0.4122333333333333,0.35990952380952385,0.3573523809523809,0.39861904761904765,0.4370228571428572,0.42741999999999997,0.4389114285714285,0.45054285714285713,0.4492285714285714,0.44849714285714287,0.44490857142857143,0.4423171428571429,0.4242228571428572,0.4482685714285714,0.4537228571428571,0.45388857142857136,0.4334085714285715,0.4361342857142857,0.46480000000000005,0.40856000000000003,0.4043742857142857,0.39535428571428566,0.3945371428571428,0.3936342857142857,0.41274571428571427,0.42298285714285716,0.42374,0.41140857142857146,0.4218285714285714,0.4135942857142857,0.4099342857142857,0.41833714285714285,0.40720285714285714,0.4121114285714286,0.39479693877551025,0.39021224489795925,0.3897397959183673,0.39578673469387754,0.40649897959183673,0.402730612244898,0.3931479591836736,0.3898132653061225,0.39236632653061226,0.40355408163265316,0.3956857142857143,0.4040316326530612,0.4114071428571429,0.4060591836734694,0.3950969387755103,0.34772380952380955,0.354802380952381,0.35037619047619056,0.3520642857142858,0.36558095238095234,0.3588476190476191,0.3580642857142857,0.3466142857142857,0.32702142857142863,0.3642476190476191,0.35773095238095237,0.35887380952380954,0.3618857142857143,0.3507214285714286,0.3693380952380952,0.3106972789115646,0.31947755102040815,0.318787074829932,0.32167687074829937,0.32468435374149657,0.31351972789115645,0.32152789115646263,0.3311068027210885,0.3316455782312925,0.31060476190476194,0.31159863945578226,0.31098027210884355,0.31587346938775507,0.3176367346938776,0.3155013605442177,Male,17,Teen,Secondary,C,C,NIH01C01b17_info1_250Hz_gu2_AEP.conn
CSD499LS06F20,CSD499LS06f20_info1_250Hz_gu1_AEP.conn,gu1,0.20168095238095238,0.20552857142857142,0.1983952380952381,0.2041047619047619,0.21619047619047618,0.21365714285714288,0.225647619047619,0.24509523809523812,0.2753142857142858,0.24300000000000002,0.2404142857142857,0.2369238095238095,0.2601857142857143,0.28695714285714286,0.22462857142857148,0.2759714285714286,0.2697114285714286,0.26444,0.27305999999999997,0.28236,0.2646314285714286,0.2668742857142857,0.2810971428571429,0.28360571428571424,0.25577428571428573,0.2507857142857143,0.26084285714285715,0.2747057142857143,0.27931142857142854,0.2416714285714286,0.21260000000000004,0.21212,0.21197428571428573,0.21066,0.21534285714285714,0.21503999999999998,0.2083428571428571,0.2023857142857143,0.20662285714285716,0.21035428571428566,0.20502571428571428,0.2034942857142857,0.20621142857142857,0.19698,0.21660571428571435,0.2733173469387755,0.2804969387755102,0.2837979591836734,0.27439387755102035,0.27013571428571426,0.272334693877551,0.2665469387755102,0.2630785714285714,0.2656816326530612,0.29691836734693877,0.2976122448979592,0.29118979591836736,0.2876102040816327,0.2826387755102041,0.2903173469387755,0.26421904761904763,0.2712071428571428,0.2805714285714286,0.28295000000000003,0.27810952380952375,0.26445,0.26929523809523814,0.2737857142857143,0.27577380952380953,0.29339999999999994,0.3036190476190476,0.3056357142857143,0.29619523809523807,0.29529999999999995,0.30491666666666667,0.22323605442176866,0.2215095238095238,0.22448367346938772,0.22883741496598636,0.22810952380952382,0.2133170068027211,0.21207687074829928,0.21381020408163265,0.21725238095238097,0.22661292517006806,0.22894013605442173,0.23347142857142855,0.22578843537414967,0.22675102040816322,0.2275721088435374,Female,20,Teen,Tertiary,S,NC,CSD499LS06f20_info1_250Hz_gu2_AEP.conn
CSD499CS02F20,CSD499CS02f20_info1_250Hz_gu1_AEP.conn,gu1,0.20558095238095234,0.19832380952380954,0.18662380952380953,0.17836190476190475,0.17047142857142858,0.2013952380952381,0.20361428571428572,0.19625238095238093,0.2296,0.24766190476190475,0.2423142857142857,0.22513809523809525,0.2308095238095238,0.21964761904761906,0.2539238095238095,0.27957142857142864,0.28402,0.2825314285714286,0.28084571428571425,0.27622,0.2786028571428571,0.2679828571428572,0.27104,0.2754028571428571,0.2722371428571429,0.2731057142857143,0.26854285714285714,0.2603742857142857,0.2622342857142857,0.2652428571428571,0.20727428571428574,0.21096857142857145,0.213,0.21694285714285716,0.22086,0.19981428571428572,0.19832,0.20910571428571428,0.22022857142857144,0.2089314285714286,0.21278857142857147,0.21348857142857142,0.1978942857142857,0.20959714285714287,0.21601714285714285,0.25468673469387754,0.25225,0.2523081632653061,0.25405816326530617,0.2538357142857143,0.25258571428571425,0.24881632653061225,0.24638571428571426,0.2462336734693878,0.2614336734693878,0.26983673469387753,0.2770255102040816,0.26585306122448976,0.266104081632653,0.26939795918367343,0.2319285714285714,0.2462547619047619,0.2576095238095238,0.25951904761904765,0.2528833333333333,0.24161190476190478,0.23580714285714285,0.2380309523809524,0.24100952380952378,0.26287857142857146,0.2794857142857143,0.28648809523809526,0.2650142857142857,0.26295714285714283,0.2736523809523809,0.2044510204081633,0.20342244897959186,0.2027625850340136,0.20032380952380954,0.19724421768707484,0.19687687074829932,0.19885034013605446,0.20047619047619047,0.2001292517006803,0.20595442176870749,0.20647210884353742,0.2058374149659864,0.2059605442176871,0.20545850340136057,0.2047768707482993,Female,20,Teen,Tertiary,S,NC,CSD499CS02f20_info1_250Hz_gu2_AEP.conn
NIH01C02B19,NIH01C02b19_info1_250Hz_gu1_AEP.conn,gu1,0.3111285714285714,0.3199285714285714,0.31692380952380955,0.3115,0.3116857142857143,0.29714285714285715,0.2917666666666667,0.29377142857142857,0.3180190476190476,0.3530666666666667,0.3487380952380952,0.34138095238095234,0.30515238095238095,0.3045333333333333,0.3363857142857143,0.39462,0.4039628571428572,0.3962171428571429,0.39167428571428575,0.38566,0.38091714285714284,0.3911457142857143,0.3964085714285715,0.39831714285714287,0.4116200000000001,0.40560571428571424,0.4011971428571429,0.39247714285714286,0.40126285714285714,0.40890000000000004,0.37205999999999995,0.37930285714285716,0.38109714285714286,0.38292857142857145,0.3806114285714286,0.3729742857142857,0.37940857142857143,0.37020571428571425,0.36273999999999995,0.37313714285714294,0.37746285714285716,0.3846971428571429,0.3988171428571428,0.3927028571428572,0.37166571428571427,0.35033571428571436,0.35789693877551026,0.36402040816326536,0.361504081632653,0.35442448979591834,0.3501989795918367,0.3465469387755102,0.3434112244897959,0.3426255102040816,0.36308367346938775,0.36741530612244894,0.3672744897959184,0.3573908163265306,0.3546816326530612,0.35681020408163266,0.2869904761904762,0.29095,0.2980833333333333,0.293652380952381,0.28547142857142854,0.28716904761904766,0.2919380952380952,0.2966238095238095,0.2951642857142857,0.2969666666666666,0.29695,0.2918595238095238,0.30870000000000003,0.3112261904761905,0.2875095238095238,0.21425986394557822,0.21512925170068029,0.21959183673469387,0.2225836734693877,0.2222115646258503,0.20974897959183675,0.21283129251700683,0.21178979591836736,0.21283809523809522,0.22304421768707486,0.22585442176870746,0.22835374149659865,0.22511428571428568,0.22725646258503404,0.2247585034013605,Male,19,Teen,Tertiary,C,C,NIH01C02b19_info1_250Hz_gu2_AEP.conn
CSD499K07F21,CSD499K07f21_info1_250Hz_gu1_AEP.conn,gu1,0.2823761904761905,0.27813809523809524,0.2783238095238096,0.2710238095238095,0.2769857142857142,0.3193714285714286,0.3116666666666667,0.29554285714285716,0.3005190476190476,0.2995666666666667,0.29582380952380943,0.2878809523809524,0.3343047619047619,0.31010476190476194,0.2964047619047619,0.3230742857142857,0.3081257142857142,0.2986742857142857,0.29377428571428577,0.2955857142857143,0.32207714285714284,0.3205571428571428,0.3158057142857143,0.31288571428571427,0.30119999999999997,0.2916114285714285,0.28582,0.31715714285714286,0.30677714285714286,0.29716857142857145,0.24684571428571428,0.25256857142857136,0.25495428571428574,0.25896,0.2605342857142857,0.25132571428571426,0.25504000000000004,0.25664,0.24852857142857143,0.25142571428571425,0.24837142857142855,0.25169428571428576,0.23895999999999998,0.23888857142857142,0.25254857142857146,0.29107040816326535,0.29685918367346936,0.2987551020408164,0.3046857142857143,0.3097071428571428,0.30329285714285714,0.3069030612244898,0.30323877551020406,0.3033428571428572,0.3097275510204081,0.3113765306122449,0.3174224489795918,0.32273673469387754,0.3186530612244898,0.31703673469387755,0.2983190476190476,0.2866190476190476,0.2815357142857143,0.2892261904761905,0.29716428571428566,0.29742857142857143,0.30453095238095235,0.2952809523809524,0.2915857142857143,0.29295952380952384,0.28510238095238094,0.28897619047619044,0.3095642857142857,0.3100404761904762,0.28968809523809524,0.32103809523809523,0.3201054421768708,0.3166741496598639,0.313295918367347,0.3129231292517007,0.3126619047619048,0.3106224489795918,0.3098632653061224,0.3111231292517007,0.3274061224489796,0.32230748299319734,0.3192401360544218,0.318743537414966,0.3171108843537415,0.31796870748299316,Female,21,Teen,Tertiary,S,NC,CSD499K07f21_info1_250Hz_gu2_AEP.conn
CSD499B8F21,CSD499B8f21_info1_250Hz_gu1_AEP.conn,gu1,0.28974285714285714,0.2767380952380952,0.26222380952380947,0.2655047619047619,0.2810333333333333,0.28195238095238095,0.2696904761904762,0.26268571428571424,0.2917904761904762,0.31074285714285715,0.30014285714285716,0.3015095238095238,0.30770000000000003,0.3029,0.3134857142857143,0.3228742857142857,0.31910571428571427,0.31972000000000006,0.3236914285714286,0.32630857142857145,0.3258057142857143,0.32758857142857145,0.32650285714285715,0.3287,0.32238285714285714,0.32355428571428574,0.3253828571428572,0.32279142857142856,0.3231914285714286,0.33063714285714285,0.2436714285714286,0.23515714285714284,0.24145714285714287,0.24305714285714292,0.25058857142857144,0.2651285714285714,0.2540142857142857,0.24301714285714282,0.23206571428571426,0.23540571428571427,0.24744285714285713,0.2544942857142857,0.25462,0.24862285714285712,0.25308,0.2928071428571428,0.2866377551020408,0.2892510204081633,0.2928306122448979,0.2963183673469388,0.2956602040816327,0.30395918367346936,0.3043030612244898,0.29774897959183677,0.30333775510204086,0.30467755102040817,0.3044612244897959,0.31834591836734694,0.31963163265306127,0.3038234693877551,0.23548809523809522,0.23346190476190476,0.2371,0.24157142857142858,0.24455476190476197,0.2489404761904762,0.24887857142857142,0.24107380952380955,0.23449047619047622,0.2341214285714286,0.2308,0.23119523809523812,0.24466190476190477,0.2404666666666667,0.23407857142857147,0.1707047619047619,0.17131360544217683,0.173543537414966,0.1759455782312925,0.17732857142857142,0.17201768707482992,0.17355510204081637,0.17711292517006805,0.1758170068027211,0.16744489795918366,0.16841428571428574,0.17050544217687072,0.1810877551020408,0.1820891156462585,0.1743170068027211,Female,21,Teen,Tertiary,S,NC,CSD499B8f21_info1_250Hz_gu2_AEP.conn
CSD499AH10F21,CSD499AH10f21_info1_250Hz_gu1_AEP.conn,gu1,0.24211428571428573,0.24434285714285717,0.2299571428571429,0.21660476190476194,0.23202380952380955,0.23848095238095238,0.23355714285714288,0.2333285714285714,0.2663809523809524,0.2692285714285714,0.2558095238095238,0.24734761904761907,0.27145238095238095,0.2562666666666667,0.27554285714285714,0.3352171428571428,0.33792,0.33402857142857145,0.32644,0.32565714285714287,0.3415342857142857,0.33399999999999996,0.33226,0.33679714285714285,0.33858571428571427,0.33573714285714285,0.32504571428571427,0.33613714285714286,0.3285542857142857,0.3521714285714285,0.2652371428571429,0.25229714285714283,0.25588285714285713,0.2635885714285714,0.2712171428571429,0.26670285714285713,0.25700571428571434,0.24326000000000003,0.23208857142857142,0.25579714285714283,0.2548942857142857,0.25774285714285716,0.26627142857142855,0.25282,0.25454,0.3496612244897959,0.3507387755102041,0.3508275510204082,0.34934591836734696,0.35435,0.3405183673469388,0.33796530612244896,0.3468928571428571,0.35237551020408164,0.3636020408163265,0.3690816326530612,0.3721357142857143,0.36730918367346943,0.3686755102040817,0.371045918367347,0.2928119047619048,0.29584285714285713,0.29704761904761906,0.2903523809523809,0.28720000000000007,0.29869285714285715,0.2779357142857143,0.27444999999999997,0.28403333333333336,0.2941619047619048,0.30081904761904765,0.2958690476190476,0.2794642857142857,0.27545476190476187,0.2993404761904762,0.2552238095238095,0.2562074829931973,0.2565183673469388,0.25777891156462585,0.25311904761904763,0.2544707482993197,0.2524204081632653,0.253487074829932,0.2587408163265306,0.257925850340136,0.26073061224489796,0.2640557823129252,0.25381904761904767,0.25349727891156465,0.26226394557823124,Female,21,Teen,Tertiary,E,NC,CSD499AH10f21_info1_250Hz_gu2_AEP.conn
R16CJTEST_B15,R16CjTest_b15_info1_250Hz_gu1_AEP.conn,gu1,0.35793333333333327,0.3449619047619048,0.3292428571428571,0.32738571428571434,0.32883333333333337,0.30161428571428567,0.3155190476190476,0.32175238095238096,0.3608428571428572,0.37627619047619043,0.3522238095238095,0.34712857142857145,0.33670952380952385,0.3465857142857143,0.3591333333333333,0.32509142857142864,0.3246942857142857,0.3405657142857143,0.36038000000000003,0.36112,0.3533885714285715,0.3497,0.3461457142857143,0.35449142857142857,0.34354285714285715,0.35196571428571427,0.3595942857142857,0.3486657142857143,0.3452,0.3623628571428571,0.26868857142857144,0.2652857142857143,0.26721428571428574,0.27611142857142856,0.29261142857142863,0.2731742857142857,0.2713,0.2732485714285714,0.27445714285714284,0.27105999999999997,0.27248,0.27717142857142857,0.26668000000000003,0.2665571428571428,0.27800857142857144,0.33114387755102037,0.3355265306122449,0.33572346938775516,0.3294581632653061,0.3283704081632653,0.3177877551020409,0.32289285714285715,0.32986734693877545,0.3305744897959183,0.3514571428571428,0.3543816326530612,0.3523948979591837,0.3457285714285714,0.3464826530612245,0.35388775510204085,0.3235928571428571,0.3242238095238095,0.31928809523809526,0.31397857142857144,0.31616904761904757,0.311352380952381,0.31319761904761906,0.3271523809523809,0.3399619047619047,0.34405714285714284,0.33466190476190477,0.33342142857142854,0.3366047619047619,0.33718809523809523,0.34019523809523816,0.2918904761904762,0.29827619047619053,0.3000414965986395,0.29807551020408163,0.2934156462585034,0.2796054421768708,0.28088775510204084,0.2846027210884354,0.2846,0.30111360544217686,0.3019265306122449,0.2992857142857143,0.2886204081632653,0.29245850340136054,0.30005714285714286,Male,15,Teen,Secondary,C,C,R16CjTest_b15_info1_250Hz_gu2_AEP.conn
CSD499E9F21,CSD499E9f21_info1_250Hz_gu1_AEP.conn,gu1,0.25711904761904764,0.2669142857142857,0.28597619047619044,0.2915666666666667,0.28213333333333335,0.2860714285714286,0.2669190476190476,0.2295666666666667,0.2649809523809524,0.31457142857142856,0.3360761904761905,0.33847619047619054,0.30815714285714285,0.2896857142857143,0.3307333333333333,0.3280828571428572,0.32860857142857147,0.34047714285714287,0.3374114285714286,0.3376914285714286,0.32677428571428574,0.3314971428571428,0.3292542857142857,0.3269971428571429,0.3405085714285714,0.34862,0.34602,0.3190142857142857,0.32608,0.3539714285714286,0.28930571428571433,0.2864885714285715,0.30180285714285715,0.30290000000000006,0.3074628571428571,0.3101371428571429,0.31549142857142853,0.30836857142857144,0.29797714285714283,0.28961714285714285,0.30382571428571425,0.30728,0.3197,0.31416000000000005,0.3153657142857143,0.36206938775510206,0.356184693877551,0.35985102040816325,0.36460918367346945,0.36920816326530614,0.3635122448979592,0.3717765306122449,0.3638683673469388,0.3574948979591836,0.3733755102040816,0.3787132653061224,0.38189999999999996,0.38233571428571417,0.3789265306122448,0.3812214285714286,0.3376547619047619,0.3539880952380952,0.33895238095238095,0.32865,0.33354285714285714,0.3331023809523809,0.3288761904761905,0.31816904761904763,0.31631666666666663,0.3527595238095238,0.3422023809523809,0.328652380952381,0.3367333333333334,0.33322857142857143,0.3510619047619048,0.2603319727891157,0.2581700680272109,0.25382721088435367,0.2624918367346939,0.2694115646258504,0.27251632653061225,0.27791564625850335,0.27164693877551016,0.2678455782312925,0.2656503401360545,0.26003809523809523,0.26034897959183667,0.2773278911564626,0.2713755102040817,0.26551836734693873,Female,21,Teen,Tertiary,E,NC,CSD499E9f21_info1_250Hz_gu2_AEP.conn
MMS06M22,mms06m22_250Hz_gu1_AEP.conn,gu1,0.2552380952380952,0.2554619047619048,0.25990952380952376,0.26180000000000003,0.2573190476190476,0.2399,0.23423333333333338,0.23915238095238092,0.27912380952380955,0.29148095238095234,0.2955666666666667,0.2956619047619048,0.2659428571428571,0.2734904761904762,0.30082857142857145,0.2681085714285714,0.26238857142857147,0.2630914285714286,0.26673714285714284,0.26983999999999997,0.26345142857142856,0.26117142857142855,0.26338857142857147,0.2664742857142858,0.2622114285714286,0.26435142857142857,0.26659142857142853,0.2609457142857143,0.26490857142857144,0.2663942857142857,0.21961999999999998,0.22198285714285712,0.22123714285714285,0.21264285714285713,0.2096628571428571,0.21765142857142855,0.2249457142857143,0.22485999999999998,0.21986285714285714,0.20809142857142854,0.21201714285714285,0.2086114285714286,0.21756571428571428,0.2205885714285714,0.20676857142857147,0.2935112244897959,0.2960867346938776,0.29455612244897955,0.29266938775510204,0.28874081632653054,0.29147244897959185,0.28829999999999995,0.28651020408163264,0.2864040816326531,0.3096132653061225,0.30849795918367345,0.30803775510204084,0.30805102040816335,0.3097928571428571,0.30708367346938775,0.2719190476190476,0.27183571428571424,0.2754309523809524,0.2768095238095238,0.2765190476190476,0.27698809523809526,0.2797809523809524,0.28231190476190476,0.28038095238095234,0.2876142857142857,0.2918809523809524,0.29418571428571433,0.3003166666666666,0.3035047619047619,0.28932380952380954,0.20827074829931969,0.21264081632653056,0.2205122448979592,0.22546870748299316,0.22441972789115647,0.21222925170068027,0.2112904761904762,0.21252176870748296,0.2171034013605442,0.22312244897959183,0.22705034013605438,0.22877210884353738,0.22509523809523801,0.22312108843537418,0.224156462585034,Male,22,Adult,Tertiary,C,C,mms06m22_250Hz_gu2_AEP.conn
MMS04F25,mms04f25_250Hz_gu1_AEP.conn,gu1,0.45313809523809523,0.4597380952380952,0.4654142857142856,0.4614142857142857,0.4580857142857142,0.4676380952380952,0.4635809523809524,0.46078095238095235,0.4649190476190476,0.46984761904761907,0.4722380952380953,0.47263809523809525,0.4694285714285715,0.4680142857142857,0.47745714285714297,0.44458285714285717,0.44174857142857143,0.44535714285714284,0.44823142857142856,0.4435257142857143,0.45451142857142857,0.44748285714285724,0.44465714285714286,0.45054285714285713,0.41510571428571436,0.41628857142857145,0.42354285714285717,0.42222571428571437,0.4233142857142857,0.41962,0.3542057142857143,0.35823142857142853,0.3573828571428571,0.3598228571428571,0.36066571428571426,0.37830285714285716,0.36872285714285713,0.3598,0.3537057142857143,0.33997428571428573,0.34032285714285715,0.34757142857142853,0.34738857142857144,0.33934857142857144,0.35187714285714283,0.41270204081632655,0.4115765306122448,0.4125693877551021,0.41542959183673467,0.4260948979591837,0.42955102040816323,0.4307142857142857,0.4247040816326531,0.42430918367346937,0.43415204081632647,0.4321948979591836,0.43101326530612244,0.449676530612245,0.44771734693877546,0.4417551020408163,0.39094523809523807,0.3922857142857143,0.39422857142857143,0.39436904761904756,0.39317857142857143,0.3909309523809523,0.3890119047619048,0.3778452380952381,0.37761428571428574,0.3722761904761905,0.37257380952380953,0.36815,0.3624904761904762,0.36410952380952377,0.3729452380952381,0.34055918367346943,0.33855850340136057,0.3361673469387755,0.33512040816326527,0.33587959183673477,0.3443190476190476,0.3463578231292517,0.3445149659863946,0.340965306122449,0.33959047619047616,0.3381632653061225,0.3365904761904763,0.3448408163265307,0.34300204081632646,0.34211904761904766,Female,25,Adult,Adult,C,C,mms04f25_250Hz_gu2_AEP.conn
EES22M27,EES22M27_250Hz_gu1_AEP.conn,gu1,0.20221428571428576,0.18983809523809522,0.18400952380952382,0.18338571428571426,0.18483333333333332,0.2025714285714286,0.20103809523809524,0.19416190476190476,0.22968095238095235,0.2419095238095238,0.22702857142857144,0.22078571428571428,0.2411,0.23401904761904765,0.24415714285714288,0.3059885714285714,0.30594000000000005,0.30331142857142857,0.30238,0.30972,0.29501999999999995,0.29852,0.2990285714285714,0.3015685714285714,0.30095428571428573,0.2949771428571428,0.2906428571428571,0.2814914285714286,0.2823142857142857,0.27569999999999995,0.22509428571428575,0.22318000000000002,0.22640571428571427,0.22963714285714287,0.23316285714285717,0.23967428571428573,0.23613714285714288,0.2315428571428572,0.22548285714285715,0.23796,0.2415771428571428,0.2379,0.23963428571428574,0.24184285714285716,0.24138571428571426,0.284330612244898,0.28456632653061226,0.2868581632653061,0.28705612244897954,0.28681122448979585,0.2817255102040816,0.2796704081632653,0.27841428571428567,0.2748826530612245,0.2995244897959184,0.3015479591836735,0.30062142857142865,0.3007030612244898,0.3015887755102041,0.303480612244898,0.26390714285714284,0.2631809523809524,0.25389285714285714,0.25345238095238093,0.25855,0.2649738095238095,0.26448571428571427,0.2668404761904762,0.26629047619047624,0.25513095238095235,0.24560714285714283,0.2500357142857143,0.27870476190476184,0.27764761904761903,0.2503357142857143,0.1936734693877551,0.19067619047619053,0.18839659863945582,0.19056870748299323,0.18937278911564628,0.18953061224489792,0.18969387755102038,0.1894265306122449,0.188678231292517,0.1956190476190476,0.1936238095238095,0.1929081632653061,0.1929081632653061,0.19423333333333334,0.19688435374149663,Male,27,Adult,Adult,E,NC,EES22M27_250Hz_gu2_AEP.conn
EES07M34,ees07m34_250Hz_gu1_AEP.conn,gu1,0.2719428571428571,0.26348571428571427,0.26148571428571427,0.24868571428571426,0.24136190476190475,0.25761904761904764,0.25044761904761903,0.25014285714285717,0.30165714285714285,0.2823952380952381,0.2887476190476191,0.2793714285714286,0.3005619047619048,0.30663809523809527,0.29218095238095243,0.3040228571428571,0.31189999999999996,0.3223028571428571,0.31697142857142857,0.30478285714285713,0.31312285714285715,0.3065942857142857,0.30773142857142854,0.3123,0.3040457142857143,0.31285428571428575,0.30614857142857144,0.3057942857142857,0.30546285714285715,0.3150314285714286,0.24621142857142858,0.2521857142857143,0.2530514285714286,0.2515085714285714,0.24619142857142856,0.2459657142857143,0.25091142857142856,0.25029714285714283,0.24541999999999997,0.24384285714285717,0.24584,0.24214285714285713,0.24571142857142864,0.24547142857142862,0.2394342857142857,0.22821836734693873,0.22867346938775507,0.2317357142857143,0.23518061224489797,0.2374908163265306,0.2342,0.2333387755102041,0.23132959183673468,0.23072346938775512,0.24833367346938776,0.25083469387755103,0.2542867346938775,0.24727551020408162,0.2490530612244898,0.2483744897959183,0.22235714285714284,0.21783571428571427,0.2155761904761905,0.2155809523809524,0.2156809523809524,0.21192142857142857,0.2071738095238095,0.2118690476190476,0.21609285714285711,0.22280952380952382,0.22810476190476192,0.2316357142857143,0.21669999999999998,0.22491428571428573,0.229802380952381,0.16425034013605438,0.1642442176870748,0.16720612244897962,0.16895578231292518,0.1690816326530612,0.1698122448979592,0.16906394557823132,0.17126054421768708,0.17236734693877553,0.16722448979591834,0.1712081632653061,0.1732265306122449,0.17520544217687076,0.17577755102040818,0.17194421768707482,Male,34,Adult,Adult,E,NC,ees07m34_250Hz_gu2_AEP.conn
EES06F24,ees06f24_250Hz_gu1_AEP.conn,gu1,0.33869047619047626,0.3310190476190476,0.32944285714285715,0.3221285714285714,0.3205571428571428,0.34500476190476187,0.33686666666666665,0.32907619047619047,0.3497142857142857,0.36482857142857145,0.3599142857142858,0.35159047619047623,0.3695904761904762,0.36107142857142854,0.3694142857142857,0.3049914285714286,0.3144342857142857,0.32483428571428574,0.32065142857142853,0.3118914285714286,0.32640285714285716,0.32251142857142856,0.3157628571428571,0.31043714285714286,0.30364857142857143,0.31634285714285715,0.3179828571428571,0.3144142857142857,0.3085942857142857,0.32364,0.24402,0.2516514285714285,0.26289428571428575,0.26519714285714285,0.2596628571428571,0.2696857142857143,0.2550314285714286,0.24693428571428572,0.24502285714285713,0.23605428571428572,0.24495428571428568,0.24846857142857143,0.23079714285714284,0.22266857142857138,0.2400057142857143,0.29157653061224487,0.294580612244898,0.30215408163265306,0.30371122448979593,0.3002755102040816,0.2958744897959184,0.2946408163265306,0.30020408163265305,0.2972387755102041,0.3094642857142857,0.31601122448979596,0.31975000000000003,0.30454897959183674,0.3060612244897959,0.3145704081632653,0.2549666666666667,0.2628690476190476,0.26115476190476195,0.26255,0.26150476190476185,0.2573976190476191,0.25101666666666667,0.25402142857142856,0.25064761904761906,0.2816666666666666,0.27509523809523806,0.27504285714285714,0.25947619047619047,0.2559119047619048,0.27008333333333334,0.2168299319727891,0.21482653061224488,0.2125585034013605,0.21067006802721083,0.21075374149659862,0.2075775510204082,0.2070578231292517,0.20976326530612247,0.21012857142857144,0.22221496598639454,0.2205034013605442,0.2192625850340136,0.2134897959183673,0.21644557823129254,0.21790748299319732,Female,24,Adult,Adult,E,NC,ees06f24_250Hz_gu2_AEP.conn
EES08M41,ees08m41_250Hz_gu1_AEP.conn,gu1,0.2745190476190476,0.2683952380952381,0.27220000000000005,0.2749714285714286,0.2764238095238095,0.2778619047619048,0.28171904761904765,0.2753857142857143,0.28729047619047615,0.2967619047619048,0.2944761904761905,0.29480476190476185,0.3078714285714286,0.2987095238095238,0.2915095238095238,0.31463714285714284,0.3089085714285714,0.31044857142857146,0.30784,0.30445142857142865,0.29152571428571433,0.29312285714285713,0.29534857142857146,0.2960285714285714,0.30504857142857145,0.3050085714285714,0.3000085714285714,0.29692285714285716,0.2942257142857143,0.30184,0.23083142857142858,0.23020857142857146,0.22998285714285718,0.22539714285714285,0.22140285714285715,0.24082857142857145,0.24676857142857145,0.24035142857142855,0.22963428571428574,0.22483714285714287,0.22302,0.21473714285714282,0.2403914285714286,0.23386285714285715,0.21996571428571426,0.2514255102040816,0.25122959183673477,0.2543173469387755,0.2577826530612245,0.257284693877551,0.2521663265306123,0.2520979591836735,0.25139183673469384,0.24965510204081634,0.2708816326530612,0.27228469387755105,0.2725877551020408,0.269595918367347,0.2708459183673469,0.27371734693877553,0.22781904761904762,0.23287619047619046,0.24053333333333338,0.2377904761904762,0.2302357142857143,0.22498809523809524,0.22915476190476192,0.22930000000000003,0.23034999999999997,0.2453642857142857,0.2476142857142857,0.23969761904761902,0.23603571428571427,0.2374333333333333,0.24487142857142855,0.2035598639455782,0.20262312925170073,0.20314761904761908,0.2022959183673469,0.2019700680272109,0.2001020408163265,0.20385170068027209,0.20583741496598634,0.20409115646258505,0.20429319727891151,0.20180544217687071,0.1980374149659864,0.20206802721088438,0.2016857142857143,0.20363809523809523,Male,41,Adult,Adult,E,NC,ees08m41_250Hz_gu2_AEP.conn
EES10M22,EES10M22_250Hz_gu1_AEP.conn,gu1,0.24717619047619047,0.23299523809523806,0.22430000000000003,0.22585238095238092,0.2190952380952381,0.26008095238095236,0.2576619047619047,0.2471428571428572,0.2789428571428571,0.26712857142857144,0.2576333333333333,0.2637714285714286,0.3011238095238095,0.2896095238095238,0.2668190476190477,0.3058228571428572,0.3008314285714286,0.29804285714285716,0.29712571428571427,0.29990285714285714,0.28691714285714287,0.27769999999999995,0.2811257142857143,0.28110857142857143,0.28322857142857144,0.28837714285714283,0.28346857142857146,0.26494,0.2713771428571429,0.27388,0.21849142857142861,0.21240571428571425,0.2195885714285714,0.22030285714285713,0.2161314285714285,0.2221742857142857,0.21120857142857147,0.20802857142857145,0.20525142857142858,0.18984285714285715,0.2003,0.19703142857142855,0.1905885714285714,0.1894914285714286,0.19584571428571432,0.28701020408163264,0.28768775510204087,0.2921091836734694,0.2901938775510205,0.2880377551020408,0.28516326530612246,0.28493775510204084,0.2832428571428572,0.277934693877551,0.30081428571428565,0.29910000000000003,0.29731224489795915,0.30154183673469387,0.30056938775510206,0.29719081632653055,0.31590238095238093,0.3207404761904762,0.31666666666666665,0.30965952380952383,0.30985476190476186,0.29759285714285716,0.30037857142857144,0.30145714285714287,0.3050404761904762,0.33179285714285717,0.32905,0.3294166666666667,0.31366428571428573,0.3209,0.31852619047619046,0.2299551020408163,0.2297993197278912,0.2281775510204081,0.22409727891156464,0.2199816326530613,0.2298557823129252,0.22686870748299326,0.22668843537414962,0.2311877551020408,0.23620340136054419,0.23460952380952385,0.23086462585034012,0.22955102040816322,0.2302326530612245,0.23531836734693878,Male,22,Adult,Tertiary,E,NC,EES10M22_250Hz_gu2_AEP.conn
MMS20M28,mms20m28_250Hz_gu1_AEP.conn,gu1,0.2965142857142857,0.2979,0.2993095238095238,0.31855714285714287,0.31322380952380957,0.2835714285714286,0.32100476190476196,0.3339095238095238,0.3800333333333334,0.3125190476190476,0.3131523809523809,0.3354142857142857,0.3756285714285714,0.37570476190476193,0.3047666666666667,0.3814942857142857,0.37059142857142857,0.37247714285714284,0.38224,0.38060285714285713,0.36214,0.37027714285714286,0.3676657142857143,0.3632485714285714,0.3572114285714286,0.36965714285714285,0.37468857142857137,0.3808371428571428,0.37969714285714284,0.37141714285714283,0.33562857142857144,0.32760285714285714,0.3336514285714286,0.3403371428571429,0.3396514285714286,0.2957942857142858,0.28698,0.2823485714285714,0.28792285714285715,0.31189714285714293,0.31579714285714283,0.3260057142857143,0.3024942857142857,0.2927914285714286,0.3060857142857143,0.30077857142857145,0.29253265306122456,0.2877081632653061,0.2844887755102041,0.2843897959183674,0.2795612244897959,0.2731785714285714,0.2758469387755102,0.27906632653061225,0.3024826530612245,0.3006744897959184,0.3023295918367347,0.2968285714285715,0.294219387755102,0.29869693877551023,0.26478809523809527,0.26497857142857145,0.24965238095238096,0.2592904761904761,0.2615880952380953,0.25180952380952376,0.24733809523809525,0.24632619047619045,0.24485238095238096,0.2656833333333333,0.2557404761904762,0.260197619047619,0.25805952380952385,0.24587619047619047,0.262297619047619,0.1971503401360544,0.20053605442176875,0.19576598639455786,0.19864421768707483,0.20441156462585036,0.1951299319727891,0.19336938775510207,0.18985238095238094,0.19211020408163268,0.2091748299319728,0.20588639455782315,0.20588843537414966,0.2069768707482993,0.19960748299319728,0.20379795918367347,Male,28,Adult,Adult,C,C,mms20m28_250Hz_gu2_AEP.conn
MMS19F30,mms19f30_250Hz_gu1_AEP.conn,gu1,0.2887619047619048,0.2918904761904762,0.2952904761904762,0.2961142857142857,0.28263333333333335,0.29030952380952385,0.2798904761904762,0.2720619047619048,0.30683809523809524,0.3266761904761905,0.3310904761904762,0.3342285714285714,0.3238857142857143,0.31661904761904763,0.3283428571428572,0.35669428571428574,0.3614257142857143,0.3657457142857143,0.36528857142857135,0.36089999999999994,0.34209428571428574,0.3441228571428571,0.34353999999999996,0.3405142857142857,0.3597257142857143,0.3645771428571429,0.36439714285714286,0.34103142857142854,0.34336,0.3557885714285714,0.26438285714285714,0.2713742857142857,0.2776371428571428,0.27698,0.2712257142857143,0.27583714285714284,0.27350857142857143,0.27192,0.26687714285714287,0.27490857142857145,0.2818542857142857,0.28087142857142855,0.26625142857142864,0.2717542857142857,0.28388857142857143,0.2605061224489796,0.2566959183673469,0.26051632653061224,0.2625591836734694,0.2704561224489796,0.25522755102040817,0.25539693877551023,0.2567775510204081,0.2564479591836735,0.2780183673469388,0.2803775510204082,0.28172551020408165,0.26996428571428577,0.27549489795918364,0.27765816326530607,0.258097619047619,0.2571309523809524,0.257097619047619,0.2566809523809524,0.2604642857142857,0.2544095238095238,0.2636380952380952,0.2647738095238095,0.2677380952380952,0.268197619047619,0.2718214285714286,0.27223095238095235,0.27840238095238096,0.27699285714285715,0.26682857142857147,0.2831918367346939,0.2836224489795918,0.28437414965986396,0.28388911564625846,0.28682653061224495,0.2823054421768707,0.2838544217687075,0.28311020408163257,0.2815510204081632,0.28579931972789113,0.2838986394557823,0.28304489795918364,0.2855857142857142,0.2846551020408163,0.2810380952380953,Female,30,Adult,Adult,C,C,mms19f30_250Hz_gu2_AEP.conn
MMS18M36MIX,mms18m36mix_250Hz_gu1_AEP.conn,gu1,0.2595,0.2547142857142857,0.2519952380952381,0.24215714285714288,0.22903809523809526,0.2324238095238095,0.2300714285714286,0.23149047619047616,0.26712857142857144,0.28588571428571424,0.2886952380952381,0.2802809523809524,0.26587619047619043,0.2674047619047619,0.28294285714285716,0.2801742857142857,0.28392000000000006,0.2846542857142857,0.2834028571428572,0.2826142857142857,0.28315428571428575,0.2849114285714286,0.2898314285714286,0.2929114285714286,0.2871142857142857,0.2881600000000001,0.28692571428571423,0.28218000000000004,0.2882571428571429,0.28178285714285717,0.22907714285714284,0.2285542857142857,0.22413142857142856,0.22070285714285717,0.21638571428571432,0.22054,0.2146085714285714,0.2136914285714286,0.21745714285714285,0.2221714285714286,0.21976285714285715,0.22387714285714289,0.20526285714285714,0.20991142857142853,0.2206657142857143,0.2729244897959183,0.2787387755102041,0.276369387755102,0.2707030612244898,0.27154285714285714,0.2788020408163265,0.27275204081632654,0.2690061224489796,0.2689591836734694,0.29091326530612244,0.2888132653061225,0.28292448979591833,0.28763673469387757,0.2829887755102041,0.2887734693877551,0.2206404761904762,0.23304047619047616,0.24033095238095237,0.23408809523809526,0.23027857142857144,0.21850714285714287,0.22216190476190475,0.22876428571428573,0.23111428571428572,0.2527690476190476,0.25574285714285716,0.24899761904761908,0.23593809523809525,0.23681666666666665,0.25209047619047625,0.18803809523809525,0.18461292517006805,0.18339931972789117,0.1825312925170068,0.17684965986394557,0.17879931972789115,0.1783938775510204,0.17694285714285712,0.180234693877551,0.18787278911564625,0.1868333333333333,0.186278231292517,0.1883299319727891,0.18571768707482994,0.19121224489795918,Male,36,Adult,Adult,C,C,mms18m36mix_250Hz_gu2_AEP.conn
MMS16M23,mms16m23_250Hz_gu1_AEP.conn,gu1,0.28600952380952377,0.2867380952380952,0.2833952380952381,0.28649523809523814,0.29619999999999996,0.30814761904761906,0.30360952380952383,0.29872857142857145,0.314947619047619,0.30872380952380957,0.3007,0.3071714285714286,0.3272190476190476,0.3221666666666666,0.30626666666666663,0.29594571428571426,0.29804571428571436,0.29514,0.2958457142857143,0.3007314285714286,0.30285142857142855,0.30727714285714286,0.3103342857142858,0.3156771428571428,0.28837142857142856,0.28442,0.28687142857142856,0.2947942857142857,0.2951571428571428,0.28674571428571427,0.21629428571428577,0.2188514285714286,0.21998857142857142,0.2156771428571429,0.21306857142857144,0.2175457142857143,0.21336857142857144,0.2159057142857143,0.21811428571428565,0.21072285714285713,0.2113142857142857,0.21105142857142858,0.21388,0.21752857142857146,0.22089142857142857,0.2710877551020408,0.27541020408163264,0.27795408163265306,0.27575714285714287,0.2726408163265306,0.27187244897959184,0.268630612244898,0.27051122448979587,0.2736051020408163,0.29458265306122444,0.29583061224489793,0.2952591836734694,0.28893061224489797,0.294969387755102,0.29639897959183675,0.23417142857142859,0.24165238095238095,0.23644999999999997,0.23009523809523813,0.23220000000000005,0.21296904761904764,0.21661666666666668,0.22057380952380948,0.22502857142857144,0.25484999999999997,0.25398809523809524,0.2555119047619047,0.23183571428571428,0.23565238095238097,0.2545595238095238,0.19708911564625853,0.2014265306122449,0.19904285714285713,0.19400068027210887,0.19071768707482994,0.18852585034013605,0.19587551020408167,0.1998829931972789,0.20131632653061227,0.19141700680272106,0.19119183673469392,0.1900802721088435,0.19397891156462582,0.19664149659863947,0.18308571428571432,Male,23,Adult,Adult,C,C,mms16m23_250Hz_gu2_AEP.conn
EES14F26,ees14f26_250Hz_gu1_AEP.conn,gu1,0.25426190476190474,0.25847619047619047,0.260052380952381,0.24666666666666667,0.2397047619047619,0.2485238095238095,0.2449095238095238,0.233747619047619,0.25662857142857143,0.2897476190476191,0.2858190476190476,0.2778380952380952,0.2788333333333333,0.26517619047619045,0.29151428571428567,0.2816657142857143,0.2861342857142857,0.2814142857142857,0.26810285714285714,0.2718542857142857,0.2596914285714286,0.26094,0.2665914285714286,0.2714857142857143,0.28872285714285717,0.27913999999999994,0.2655885714285714,0.2666428571428571,0.2709428571428571,0.2671942857142857,0.19064571428571428,0.19314285714285712,0.19566571428571428,0.20206285714285716,0.20819142857142858,0.21592571428571428,0.21178,0.2049142857142857,0.19940571428571427,0.20007428571428573,0.20177714285714282,0.20616571428571429,0.20313428571428577,0.20417999999999997,0.20188857142857142,0.22739489795918372,0.23849795918367347,0.2438857142857143,0.23968979591836734,0.2297602040816326,0.23768367346938774,0.23963163265306123,0.23882551020408166,0.23576428571428573,0.25641734693877555,0.2648530612244898,0.2624,0.26185408163265306,0.2570836734693877,0.2631887755102041,0.24353809523809525,0.24280714285714286,0.24025952380952384,0.24514285714285713,0.24673333333333333,0.2400928571428572,0.239,0.2417571428571428,0.24444523809523808,0.2614214285714285,0.2543666666666667,0.2575404761904762,0.2495547619047619,0.2486095238095238,0.2577333333333333,0.2016891156462585,0.1963952380952381,0.19182244897959183,0.1893489795918367,0.19013197278911562,0.19597414965986393,0.1956938775510204,0.19459659863945578,0.1954761904761905,0.20053673469387756,0.19553197278911566,0.192912925170068,0.19648231292517004,0.19564217687074834,0.191143537414966,Female,26,Adult,Adult,E,NC,ees14f26_250Hz_gu2_AEP.conn
EES09M30MU,EES09m30mu_250Hz_gu1_AEP.conn,gu1,0.3188285714285714,0.3114333333333333,0.3018285714285714,0.2991809523809524,0.3008904761904762,0.3195380952380953,0.31882857142857146,0.3104809523809524,0.32667142857142856,0.3259238095238095,0.322747619047619,0.3321761904761905,0.3314809523809524,0.32150000000000006,0.3202809523809524,0.33268285714285717,0.33828,0.33378857142857143,0.32786857142857145,0.33034285714285716,0.33998285714285714,0.33839142857142857,0.34088857142857143,0.3426342857142857,0.33109142857142854,0.3239228571428571,0.3207714285714286,0.32868571428571425,0.33126571428571433,0.3160657142857143,0.2962057142857143,0.29240571428571427,0.28644857142857144,0.2785714285714286,0.2739342857142857,0.2769028571428571,0.27876285714285715,0.28461714285714285,0.2818857142857143,0.27402571428571426,0.2719514285714286,0.27014,0.27580857142857146,0.27962000000000004,0.2541971428571429,0.3218132653061225,0.3235795918367347,0.32063571428571425,0.3182642857142857,0.3157306122448979,0.3185459183673469,0.3197724489795918,0.32337857142857146,0.32336836734693886,0.33921938775510213,0.33834183673469387,0.33890204081632647,0.34257040816326534,0.3419877551020408,0.3367173469387756,0.2869904761904762,0.2824261904761905,0.28218095238095237,0.2871547619047619,0.29456190476190475,0.3014095238095238,0.3010452380952381,0.31407619047619045,0.3194166666666667,0.30030714285714283,0.3035571428571429,0.3098690476190476,0.32478571428571434,0.3265238095238095,0.2996261904761905,0.2132795918367347,0.2124571428571429,0.21597006802721083,0.2171374149659864,0.22159115646258495,0.22418843537414967,0.21683401360544213,0.21315918367346937,0.209078231292517,0.22038095238095243,0.22362993197278913,0.22405374149659862,0.21958707482993198,0.2175170068027211,0.22285306122448986,Male,30,Adult,Adult,E,NC,EES09m30mu_250Hz_gu2_AEP.conn
EES23F24,ees23f24_250Hz_gu1_AEP.conn,gu1,0.29231904761904765,0.289852380952381,0.28559047619047623,0.2880809523809524,0.2965666666666667,0.2753333333333333,0.27969523809523805,0.28179523809523804,0.297752380952381,0.3158142857142857,0.309,0.305052380952381,0.2964857142857143,0.2984,0.3138380952380952,0.2997914285714286,0.30202,0.3067942857142857,0.30899428571428567,0.31083714285714287,0.3112028571428571,0.31046,0.30271142857142863,0.2942942857142857,0.29130571428571433,0.2917,0.29612285714285713,0.30270285714285716,0.29307428571428573,0.2910628571428572,0.24131428571428568,0.2322314285714286,0.22768000000000002,0.23604857142857144,0.24842857142857144,0.24922,0.2461057142857143,0.24829714285714286,0.24990857142857145,0.22100857142857144,0.22075999999999998,0.22998000000000002,0.2342742857142857,0.23669714285714286,0.23424857142857142,0.2646969387755102,0.262665306122449,0.2601622448979592,0.2650367346938775,0.27126122448979595,0.26831734693877546,0.2656857142857143,0.2680928571428572,0.2673357142857143,0.281530612244898,0.28062142857142863,0.28487244897959185,0.28340612244897956,0.2857326530612245,0.2830326530612245,0.224647619047619,0.23465238095238095,0.2391452380952381,0.2419714285714286,0.2386095238095238,0.23612857142857147,0.2354642857142857,0.23827380952380953,0.2358261904761905,0.24203333333333335,0.24807619047619045,0.24812142857142858,0.24667380952380955,0.2470785714285714,0.24065476190476187,0.1866204081632653,0.18671496598639456,0.18881020408163268,0.19115374149659867,0.19154625850340132,0.18522653061224492,0.1880829931972789,0.18742993197278912,0.18756122448979595,0.19654149659863948,0.20073945578231295,0.20352108843537414,0.1932829931972789,0.1934789115646258,0.20055850340136055,Female,24,Adult,Adult,E,NC,ees23f24_250Hz_gu2_AEP.conn
EES21F20,EES21F20_250Hz_gu1_AEP.conn,gu1,0.2780238095238095,0.2844666666666667,0.28895714285714286,0.2805380952380952,0.2727190476190476,0.2679714285714285,0.26922857142857143,0.2651142857142857,0.2915857142857143,0.28630952380952385,0.29231428571428575,0.2838333333333334,0.2925142857142857,0.28759523809523807,0.2814857142857143,0.2966028571428571,0.29245428571428567,0.28902571428571433,0.2893085714285714,0.29420857142857143,0.2868571428571428,0.2953514285714286,0.2985257142857143,0.2974171428571428,0.27936571428571433,0.27908857142857146,0.2815657142857143,0.2885228571428572,0.2877371428571429,0.28044285714285716,0.23358285714285715,0.2293542857142857,0.23077142857142854,0.23304857142857144,0.23732285714285717,0.23476,0.2382942857142857,0.23958571428571435,0.23054857142857146,0.22222,0.22604285714285713,0.22718000000000002,0.22780285714285714,0.23261142857142855,0.22963428571428574,0.23324081632653065,0.23572959183673464,0.2346938775510204,0.23829183673469392,0.24611530612244897,0.24282653061224485,0.24249489795918372,0.24386734693877551,0.24390306122448976,0.26140204081632656,0.26429795918367344,0.2658326530612245,0.2652397959183674,0.2667948979591837,0.2692142857142857,0.2539452380952381,0.2530952380952381,0.2582738095238095,0.2595809523809524,0.2640904761904762,0.27189761904761905,0.2718785714285714,0.2645214285714286,0.2557261904761905,0.26701904761904766,0.2760738095238095,0.2812547619047619,0.2779333333333333,0.2760761904761905,0.2694357142857143,0.19645714285714289,0.19325714285714288,0.1943108843537415,0.1978231292517007,0.1989925170068027,0.19568231292517008,0.1997578231292517,0.1980857142857143,0.19500884353741496,0.19816054421768706,0.19942448979591834,0.20591972789115648,0.20476258503401357,0.20641904761904759,0.20135510204081633,Female,20,Adult,Tertiary,E,NC,EES21F20_250Hz_gu2_AEP.conn
EES11M35,ees11m35_250Hz_gu1_AEP.conn,gu1,0.23915238095238092,0.2392761904761905,0.24089047619047618,0.24758095238095237,0.26116190476190476,0.2896095238095238,0.28664761904761904,0.2762047619047619,0.3016238095238095,0.27605238095238094,0.2751571428571428,0.2772380952380953,0.31443333333333334,0.3089809523809524,0.27812857142857145,0.2987942857142857,0.29598,0.2940714285714286,0.29814285714285715,0.3001371428571429,0.3134771428571429,0.3137314285714286,0.3039142857142857,0.2917457142857143,0.2890142857142857,0.2923342857142857,0.29338285714285717,0.3047228571428572,0.2944228571428571,0.28982,0.26965714285714293,0.26710571428571434,0.27235714285714285,0.2824171428571428,0.28606,0.27764571428571433,0.28985428571428573,0.30136857142857143,0.3040714285714286,0.27006285714285716,0.2753571428571429,0.2878228571428571,0.28754857142857143,0.2907085714285714,0.27538,0.30678775510204087,0.31123163265306125,0.3169040816326531,0.31500204081632655,0.3149520408163266,0.30813265306122445,0.3116122448979592,0.31626734693877545,0.3110295918367347,0.32929795918367344,0.33214387755102043,0.3306306122448979,0.33243061224489795,0.3300244897959183,0.3318265306122448,0.25611904761904764,0.2539595238095238,0.2647285714285714,0.26830952380952383,0.2657595238095238,0.25108095238095235,0.2568833333333333,0.2620642857142857,0.26053571428571426,0.2779190476190476,0.2799904761904762,0.2766071428571429,0.28080714285714287,0.2791928571428572,0.28157142857142853,0.20957482993197277,0.20996938775510204,0.20935374149659863,0.21153333333333327,0.21040952380952382,0.21071904761904764,0.21311156462585032,0.21635034013605445,0.2197544217687075,0.2144238095238095,0.2151700680272109,0.21493741496598642,0.21548707482993196,0.2188632653061225,0.21547278911564624,Male,35,Adult,Adult,E,NC,ees11m35_250Hz_gu2_AEP.conn
EES20F22,ees20f22_250Hz_gu1_AEP.conn,gu1,0.30066666666666664,0.3048571428571429,0.3026,0.3037666666666667,0.3079238095238095,0.3160857142857143,0.30669523809523813,0.28832380952380954,0.2952095238095238,0.31916666666666665,0.3124571428571428,0.3052142857142857,0.3344666666666667,0.3155428571428571,0.31174285714285715,0.31146571428571435,0.31248000000000004,0.30233142857142853,0.29349714285714285,0.2960771428571428,0.2967285714285714,0.2944685714285714,0.29753428571428575,0.30245714285714287,0.3051285714285714,0.29364285714285715,0.2857657142857143,0.28841142857142854,0.29071714285714284,0.30015714285714284,0.18676285714285712,0.1979742857142857,0.19702857142857141,0.1960142857142857,0.19066,0.19345714285714283,0.1878542857142857,0.1923828571428571,0.19713142857142857,0.18686285714285716,0.19009714285714285,0.18820285714285714,0.18684571428571428,0.1843857142857143,0.19654285714285713,0.249680612244898,0.2518642857142857,0.24744693877551022,0.24591428571428572,0.24234081632653065,0.25657346938775516,0.25584591836734694,0.2555091836734694,0.25238163265306124,0.2660397959183673,0.2620765306122449,0.26119693877551015,0.2756061224489796,0.27683571428571424,0.26179591836734695,0.24451666666666663,0.2463666666666667,0.24278809523809528,0.23978333333333335,0.23674285714285714,0.23422857142857145,0.2448404761904762,0.24650238095238097,0.24722619047619046,0.26271904761904763,0.25714047619047625,0.2595880952380953,0.2617357142857143,0.26538095238095244,0.24964523809523811,0.23210884353741493,0.23103673469387753,0.22972108843537412,0.22618843537414968,0.22489455782312928,0.22497755102040817,0.22412993197278913,0.22634693877551024,0.23055102040816325,0.2383659863945578,0.23685918367346942,0.23413469387755098,0.23369455782312928,0.2347319727891157,0.23450544217687072,Female,22,Adult,Tertiary,E,NC,ees20f22_250Hz_gu2_AEP.conn
MMS05F36,mms05f36_250Hz_gu1_AEP.conn,gu1,0.2570333333333333,0.2527761904761905,0.2333857142857143,0.23546666666666663,0.22724761904761903,0.22946190476190476,0.2312047619047619,0.22450952380952383,0.2659190476190476,0.29364285714285715,0.28171428571428575,0.28136190476190476,0.27377142857142855,0.26709047619047616,0.2788380952380953,0.2987628571428571,0.3075485714285714,0.29962857142857147,0.2836142857142857,0.26947428571428567,0.26208,0.2668342857142857,0.27533428571428564,0.27332285714285715,0.2952,0.2947428571428571,0.2834257142857143,0.26315428571428573,0.2656685714285715,0.27682857142857137,0.2044285714285714,0.20796857142857142,0.20920857142857147,0.20058857142857142,0.20287714285714284,0.20348571428571427,0.21135428571428574,0.21091714285714286,0.20872000000000002,0.21456857142857144,0.21357714285714285,0.20139428571428572,0.21126285714285714,0.20994857142857143,0.21642285714285717,0.2533979591836735,0.25061326530612243,0.25043061224489793,0.2506408163265306,0.25801530612244894,0.2640163265306122,0.26308469387755107,0.25881530612244896,0.2564561224489796,0.2685959183673469,0.26948979591836736,0.27319795918367346,0.27515306122448974,0.27516632653061224,0.27553469387755103,0.22506666666666664,0.22890714285714284,0.22781428571428572,0.22832857142857144,0.22801666666666667,0.21703333333333333,0.2137,0.2123547619047619,0.22254285714285715,0.236852380952381,0.23329047619047616,0.23659761904761908,0.2289785714285714,0.2274261904761905,0.24144761904761905,0.1992387755102041,0.1983421768707483,0.19793401360544222,0.2016496598639456,0.20404353741496603,0.2035170068027211,0.20431972789115646,0.206043537414966,0.20402448979591836,0.20718095238095235,0.20766938775510205,0.20990884353741499,0.20815714285714285,0.2081503401360544,0.20752312925170072,Female,36,Adult,Adult,C,C,mms05f36_250Hz_gu2_AEP.conn
MMS13F24,mms13f24_250Hz_gu1_AEP.conn,gu1,0.2229952380952381,0.21316666666666664,0.2124047619047619,0.2208095238095238,0.2311619047619048,0.266947619047619,0.2564666666666667,0.25497619047619047,0.28991904761904763,0.28397619047619044,0.2785,0.2860904761904762,0.3037761904761905,0.3007714285714285,0.29068571428571427,0.2895457142857143,0.27656285714285717,0.26334,0.26831714285714287,0.27960857142857143,0.305,0.30356000000000005,0.30782857142857145,0.31426,0.2847914285714286,0.2675742857142857,0.2677457142857143,0.3048857142857143,0.30768,0.2764542857142857,0.20359142857142856,0.19887714285714286,0.20122857142857145,0.21023428571428573,0.21323714285714285,0.21072571428571427,0.22195428571428572,0.22569142857142857,0.21589142857142857,0.20859428571428573,0.21259142857142854,0.21328571428571425,0.22064000000000003,0.22409714285714286,0.21475142857142854,0.2500081632653061,0.2501602040816327,0.24648571428571425,0.24998163265306125,0.249265306122449,0.2521030612244898,0.24734591836734696,0.24852142857142856,0.25770714285714286,0.2678081632653061,0.2670969387755102,0.2709857142857143,0.26458877551020404,0.26607653061224484,0.2760489795918367,0.25187380952380956,0.24723095238095236,0.24956428571428568,0.2539595238095238,0.2596404761904762,0.24797380952380954,0.23822142857142856,0.2268619047619048,0.21693809523809526,0.24882380952380956,0.2477452380952381,0.25161666666666666,0.24783333333333332,0.24211666666666667,0.2473619047619047,0.1863877551020408,0.1875244897959184,0.18961020408163265,0.18584897959183674,0.1842027210884354,0.19036938775510204,0.18799931972789113,0.18724217687074826,0.1856360544217687,0.1924340136054422,0.1921795918367347,0.18457687074829934,0.19027551020408168,0.1891027210884354,0.19208367346938773,Female,24,Adult,Adult,C,C,mms13f24_250Hz_gu2_AEP.conn
EES19F33,EES19f33_250Hz_gu1_AEP.conn,gu1,0.2106380952380952,0.21134761904761903,0.20408095238095236,0.19736666666666666,0.2076714285714286,0.1983047619047619,0.20247619047619048,0.2023285714285714,0.23888571428571428,0.25037142857142863,0.2377952380952381,0.23896190476190474,0.23791904761904759,0.24367142857142854,0.22934285714285715,0.29635428571428574,0.2978885714285714,0.2914,0.28515428571428575,0.29148571428571424,0.28543142857142856,0.30156571428571427,0.3145371428571429,0.3182485714285714,0.29473428571428567,0.2847171428571429,0.28607142857142853,0.2986457142857143,0.31393714285714286,0.2795971428571428,0.22640000000000002,0.22419714285714284,0.22145714285714288,0.22439714285714288,0.23212571428571427,0.26108000000000003,0.2648628571428572,0.25973428571428575,0.26044857142857136,0.22679142857142853,0.22865142857142856,0.23064857142857145,0.24876,0.25246571428571424,0.23153714285714283,0.28031428571428574,0.27488265306122445,0.2696,0.2703234693877551,0.27783877551020403,0.2863408163265307,0.29136326530612244,0.2945857142857143,0.29718571428571433,0.29392857142857143,0.2945469387755102,0.29895306122448984,0.3120244897959183,0.3113428571428571,0.29835918367346936,0.24327380952380953,0.2420190476190476,0.25173809523809526,0.2563785714285714,0.25505,0.23357142857142862,0.23128571428571423,0.22357142857142862,0.22119999999999998,0.26093809523809525,0.2621142857142857,0.2571952380952381,0.24524761904761905,0.23589761904761905,0.24658571428571427,0.22188775510204084,0.2250068027210884,0.23007482993197273,0.22451564625850337,0.21655034013605445,0.22185034013605445,0.22561836734693874,0.22614557823129247,0.2248380952380953,0.22915170068027207,0.2322102040816326,0.22149795918367346,0.22790136054421772,0.22686394557823128,0.22951020408163264,Female,33,Adult,Adult,E,NC,EES19f33_250Hz_gu2_AEP.conn
MMS14F25,mms14f25_250Hz_gu1_AEP.conn,gu1,0.3662857142857143,0.3741095238095238,0.38332380952380957,0.3896380952380953,0.38199523809523805,0.3825238095238095,0.3796666666666666,0.3614238095238094,0.3568952380952381,0.3828142857142856,0.398152380952381,0.4045952380952382,0.3838,0.37060000000000004,0.4020333333333333,0.38638000000000006,0.38518857142857144,0.3839828571428572,0.39130000000000004,0.39811428571428575,0.3877657142857143,0.38754857142857146,0.3868371428571428,0.3894885714285714,0.3770085714285714,0.3789542857142858,0.3838285714285714,0.3723457142857143,0.36935714285714283,0.38504285714285713,0.3199342857142857,0.3206771428571429,0.3174485714285714,0.31536285714285717,0.31028,0.31299714285714286,0.30800285714285713,0.29490857142857146,0.28127714285714284,0.31126857142857145,0.3034085714285714,0.2962285714285714,0.2900971428571429,0.2759285714285714,0.2969085714285714,0.3498571428571429,0.3488295918367347,0.34961938775510204,0.3500897959183674,0.34472142857142857,0.35064387755102044,0.34997551020408174,0.3440551020408163,0.3389530612244898,0.37533469387755103,0.3742255102040817,0.37571836734693875,0.3671755102040816,0.3668948979591837,0.3757142857142858,0.29005714285714285,0.28609761904761905,0.2905761904761905,0.28955476190476187,0.27751428571428566,0.31005,0.2943523809523809,0.28038095238095234,0.27558095238095237,0.2948404761904762,0.29753095238095234,0.29609761904761905,0.2881952380952381,0.28361190476190473,0.30406904761904757,0.27560476190476185,0.2709238095238095,0.2677285714285714,0.2640789115646259,0.26564421768707486,0.2756986394557823,0.27237687074829936,0.2693557823129251,0.2683197278911565,0.2737476190476191,0.27250680272108846,0.2706061224489796,0.272243537414966,0.2720986394557823,0.2755034013605442,Female,25,Adult,Adult,C,C,mms14f25_250Hz_gu2_AEP.conn
EES24F29,EES24F29_250Hz_gu1_AEP.conn,gu1,0.22079523809523813,0.23502380952380952,0.2467047619047619,0.25256666666666666,0.2595619047619047,0.23158095238095244,0.23970000000000002,0.24823809523809523,0.2931857142857143,0.27878095238095235,0.28591428571428573,0.2927,0.27135714285714285,0.28248571428571434,0.2830571428571429,0.31462285714285715,0.3140342857142857,0.3217514285714286,0.3364114285714286,0.34600285714285717,0.3237885714285714,0.32536,0.3242542857142857,0.3271828571428571,0.3127428571428571,0.31964000000000004,0.33074285714285717,0.32776285714285713,0.3293057142857143,0.3224571428571429,0.26973142857142857,0.26168,0.2577142857142857,0.2632342857142857,0.26854,0.26536,0.27111714285714283,0.26657428571428576,0.2608142857142857,0.25872571428571434,0.2491885714285714,0.25334,0.26826,0.27052571428571426,0.2498942857142857,0.28224795918367346,0.27872448979591835,0.28091632653061227,0.2854785714285714,0.2907632653061225,0.28941836734693877,0.2964959183673469,0.2899438775510204,0.2827510204081633,0.3069367346938776,0.3079408163265307,0.3070214285714286,0.31044795918367346,0.30769795918367343,0.3180989795918367,0.27526190476190476,0.27865,0.2790761904761905,0.27835,0.27939523809523814,0.26315,0.2559952380952381,0.2568357142857143,0.2639119047619048,0.2910714285714286,0.2952261904761905,0.294152380952381,0.2671357142857143,0.276747619047619,0.28963095238095243,0.19778775510204077,0.19420544217687075,0.1941972789115646,0.19069319727891157,0.1939918367346939,0.19694489795918368,0.19714013605442174,0.2004374149659864,0.2061102040816327,0.1989993197278912,0.2021925170068027,0.20218775510204084,0.2047823129251701,0.20491836734693875,0.21028639455782316,Female,29,Adult,Adult,E,NC,EES24F29_250Hz_gu2_AEP.conn
MMS10F23,mms10f23_250Hz_gu1_AEP.conn,gu1,0.3472952380952381,0.3487952380952381,0.32943809523809525,0.32503333333333334,0.3162428571428571,0.3286333333333333,0.3375285714285714,0.3360809523809524,0.3749428571428571,0.383852380952381,0.37973809523809515,0.3771380952380952,0.37273333333333336,0.36070952380952387,0.37548095238095236,0.36440857142857147,0.3657771428571429,0.3573314285714286,0.3595285714285714,0.36022571428571426,0.37984285714285726,0.3695457142857143,0.3677657142857143,0.3725657142857143,0.3575885714285715,0.3576771428571428,0.3543085714285715,0.35711142857142864,0.35227428571428576,0.3606114285714285,0.31307999999999997,0.32200571428571434,0.3177657142857143,0.31555428571428573,0.3003571428571428,0.2833571428571429,0.28480857142857147,0.29130857142857147,0.2939657142857143,0.3238542857142857,0.32065714285714286,0.31226000000000004,0.27969428571428573,0.28374857142857135,0.3200142857142857,0.29802551020408163,0.2992785714285714,0.29245612244897956,0.2917377551020408,0.291965306122449,0.29805816326530615,0.3076275510204082,0.3034918367346939,0.29553571428571423,0.3190183673469388,0.31601224489795926,0.31439897959183677,0.31557857142857143,0.3145163265306123,0.318684693877551,0.2810142857142857,0.28355238095238094,0.27200238095238094,0.2712833333333333,0.2766142857142857,0.29495714285714286,0.28902857142857147,0.2652738095238095,0.25912380952380953,0.2905261904761905,0.27746666666666664,0.27985714285714286,0.2898904761904762,0.2712380952380952,0.2696809523809524,0.2124455782312925,0.2126081632653061,0.2139278911564626,0.21474693877551015,0.21942789115646266,0.20766258503401364,0.20265646258503403,0.206556462585034,0.20810476190476193,0.2114884353741497,0.21376734693877553,0.21249931972789118,0.2039551020408163,0.2080557823129252,0.20992925170068022,Female,23,Adult,Adult,C,C,mms10f23_250Hz_gu2_AEP.conn
MMS15M25,mms15m25_250Hz_gu1_AEP.conn,gu1,0.33880952380952384,0.3368761904761904,0.3372809523809524,0.3379761904761905,0.3337666666666667,0.34154761904761904,0.34255238095238094,0.34255714285714284,0.35140952380952384,0.35094285714285717,0.35000476190476193,0.35063809523809525,0.3602619047619047,0.3571904761904762,0.3585047619047619,0.34032000000000007,0.3456542857142857,0.3466571428571429,0.34133142857142856,0.33327999999999997,0.3319914285714286,0.33690285714285717,0.3389628571428572,0.3418,0.33288285714285715,0.32992,0.32122285714285714,0.32667428571428575,0.3278914285714286,0.3243742857142856,0.26034000000000007,0.25749428571428573,0.25518285714285716,0.2477142857142857,0.24108285714285715,0.2528828571428571,0.25520571428571426,0.2590771428571429,0.26624857142857145,0.2531514285714286,0.25236571428571425,0.24058857142857143,0.24355142857142856,0.24974857142857143,0.25734,0.28258979591836736,0.2828030612244897,0.282315306122449,0.28456224489795917,0.28306428571428566,0.2845387755102041,0.2850714285714286,0.28991122448979584,0.2928224489795919,0.31155,0.30972653061224487,0.30881326530612246,0.3072520408163265,0.31098163265306117,0.3111,0.28139285714285717,0.27841428571428567,0.2787857142857143,0.27986666666666665,0.2705357142857144,0.27683571428571424,0.27618809523809523,0.28445238095238096,0.2816714285714286,0.3013452380952381,0.2987309523809524,0.30220714285714284,0.3004833333333333,0.3044071428571428,0.2908547619047619,0.22953741496598634,0.23106938775510205,0.23306870748299321,0.2309340136054422,0.22901564625850343,0.22783265306122452,0.22710408163265303,0.22660680272108846,0.22996462585034014,0.2380027210884354,0.2386360544217687,0.239512925170068,0.23672312925170064,0.2364918367346939,0.234412925170068,Male,25,Adult,Adult,C,C,mms15m25_250Hz_gu2_AEP.conn
EES15F31,ees15f31_250Hz_gu1_AEP.conn,gu1,0.23618095238095238,0.24399047619047617,0.23884761904761906,0.23360000000000003,0.22742380952380956,0.20124285714285714,0.20971904761904767,0.22685714285714287,0.26975238095238097,0.28094285714285716,0.2724857142857143,0.26835714285714285,0.24866666666666667,0.2667380952380952,0.2649761904761905,0.27928571428571425,0.2811428571428572,0.2789542857142857,0.2758028571428571,0.27183999999999997,0.2675057142857143,0.2635257142857143,0.2617857142857143,0.25999142857142854,0.2782685714285714,0.2762857142857143,0.27319142857142853,0.2687800000000001,0.26750285714285715,0.2674857142857143,0.19660285714285716,0.2052,0.20979714285714288,0.2113142857142857,0.21028857142857144,0.18950285714285714,0.1858714285714286,0.18584857142857142,0.18722,0.21236285714285713,0.21075428571428573,0.20583714285714283,0.1939057142857143,0.18982571428571426,0.20611142857142856,0.2394285714285714,0.2402520408163266,0.2419357142857143,0.2393295918367347,0.23972346938775507,0.24194591836734694,0.24836326530612246,0.24924183673469383,0.24416122448979594,0.26215816326530617,0.2598734693877551,0.2572367346938776,0.26105204081632655,0.2593183673469387,0.2596316326530612,0.24694523809523808,0.2461190476190476,0.24836190476190476,0.24818333333333334,0.2487142857142857,0.25511190476190476,0.2548714285714286,0.2598261904761905,0.259,0.27053571428571427,0.27398333333333336,0.2734642857142857,0.27621666666666667,0.28016904761904765,0.26694761904761904,0.1617931972789116,0.1652374149659864,0.1705707482993197,0.17328231292517007,0.17138843537414966,0.16021836734693878,0.16013741496598638,0.16149319727891157,0.1640394557823129,0.17026122448979591,0.17299319727891155,0.17550816326530616,0.16968027210884357,0.1705122448979592,0.1711108843537415,Female,31,Adult,Adult,E,NC,ees15f31_250Hz_gu2_AEP.conn
MMS09F24,mms09f24_250Hz_gu1_AEP.conn,gu1,0.29620952380952387,0.2946619047619048,0.2956666666666667,0.30254285714285717,0.30462857142857147,0.3037190476190476,0.29872857142857145,0.3033238095238095,0.3222666666666667,0.3133,0.32050952380952386,0.32848571428571427,0.31174761904761905,0.3177476190476191,0.30872380952380957,0.31168285714285715,0.3201457142857143,0.3249485714285714,0.3237514285714286,0.3225542857142857,0.32414,0.31827714285714287,0.30857142857142855,0.3093,0.3052,0.3112885714285714,0.3122771428571428,0.31204857142857145,0.30187714285714284,0.30600285714285713,0.23646857142857142,0.24680285714285716,0.24967714285714288,0.24628857142857147,0.24952571428571427,0.25999999999999995,0.26596285714285717,0.2584885714285714,0.2516057142857143,0.21912285714285712,0.2282457142857143,0.22845142857142858,0.25906571428571434,0.24887428571428574,0.2197571428571429,0.2799704081632653,0.2782969387755102,0.2731142857142857,0.26661632653061224,0.26136326530612247,0.27076530612244903,0.26922857142857143,0.26798469387755103,0.2685938775510204,0.29154591836734695,0.2885530612244898,0.2826857142857143,0.2842877551020408,0.2883326530612245,0.2925397959183673,0.2735452380952381,0.2707785714285715,0.2608238095238095,0.25334523809523807,0.2563357142857143,0.25837380952380956,0.2626476190476191,0.2669238095238095,0.2690738095238095,0.2773619047619048,0.270147619047619,0.26675714285714286,0.2653761904761905,0.27218333333333333,0.26198095238095237,0.224143537414966,0.22263061224489794,0.221665306122449,0.22304965986394562,0.22206190476190474,0.22748775510204083,0.228121768707483,0.22465986394557827,0.22158231292517003,0.23472108843537418,0.23434353741496605,0.23547278911564629,0.23365578231292514,0.23455034013605444,0.23310204081632652,Female,24,Adult,Adult,C,C,mms09f24_250Hz_gu2_AEP.conn
MMS11F22,mms11f22_250Hz_gu1_AEP.conn,gu1,0.2780238095238095,0.2679,0.278504761904762,0.2857571428571428,0.2903047619047619,0.2666857142857143,0.2722904761904762,0.27732857142857154,0.30585238095238093,0.3115952380952381,0.3188666666666667,0.3207904761904761,0.3166809523809524,0.3175142857142857,0.3326761904761905,0.30060000000000003,0.2956971428571428,0.30169428571428575,0.30310571428571426,0.30478571428571427,0.3034199999999999,0.3042828571428572,0.30403142857142856,0.2980771428571429,0.2989857142857143,0.30211142857142853,0.29845714285714287,0.29438000000000003,0.2972485714285714,0.31217428571428574,0.22790285714285713,0.22770857142857145,0.2348171428571429,0.2406914285714286,0.2402914285714286,0.2390142857142857,0.23172857142857142,0.2287857142857143,0.22370000000000007,0.22384857142857145,0.22967714285714283,0.23526285714285713,0.22126,0.21817714285714285,0.23570571428571432,0.2847510204081632,0.28100408163265306,0.27702448979591837,0.27370102040816324,0.2745418367346939,0.2830081632653061,0.2824214285714286,0.27701734693877555,0.26922551020408164,0.29679285714285714,0.2944877551020407,0.2932602040816326,0.2946479591836734,0.29317653061224486,0.2908214285714286,0.26441190476190474,0.2638333333333333,0.2638809523809524,0.2705952380952381,0.2763547619047619,0.26448333333333335,0.2672880952380952,0.27035238095238096,0.26307142857142857,0.28569285714285714,0.27844761904761905,0.2818785714285714,0.27701904761904766,0.2823047619047619,0.27224047619047614,0.2129904761904762,0.21110204081632652,0.21167006802721092,0.215295918367347,0.215069387755102,0.21274829931972786,0.2137108843537415,0.21708707482993198,0.21910544217687075,0.2185979591836735,0.22016394557823132,0.21927210884353737,0.21434761904761906,0.22068775510204078,0.2201727891156462,Female,22,Adult,Tertiary,C,C,mms11f22_250Hz_gu2_AEP.conn
MMS08M24,mms08m24_250Hz_gu1_AEP.conn,gu1,0.3292,0.32262380952380953,0.3129571428571428,0.3141,0.3132904761904762,0.3188190476190476,0.309252380952381,0.30086666666666667,0.3168904761904762,0.34482857142857143,0.337747619047619,0.3375095238095238,0.33250476190476186,0.3270428571428572,0.3408047619047619,0.35601714285714287,0.36777714285714286,0.3693399999999999,0.3622142857142857,0.35872857142857145,0.35069142857142854,0.34670571428571434,0.3471942857142857,0.34826,0.3441371428571428,0.34777142857142856,0.3380828571428571,0.32806857142857143,0.32437142857142864,0.3404485714285714,0.27322285714285716,0.2822942857142857,0.2815342857142857,0.27326285714285714,0.27311142857142856,0.28846857142857146,0.27655714285714283,0.27995714285714285,0.2942285714285714,0.2704314285714286,0.2691885714285714,0.25577714285714287,0.2587857142857143,0.25454571428571426,0.26442,0.28378979591836734,0.2854724489795919,0.28944897959183674,0.28847551020408163,0.2840765306122449,0.28329591836734697,0.28343367346938775,0.28805918367346944,0.29090000000000005,0.3109540816326531,0.3099918367346938,0.30874795918367354,0.304465306122449,0.3073122448979592,0.3080887755102041,0.2470285714285714,0.24869761904761903,0.24848095238095236,0.25221190476190475,0.25515,0.24337857142857144,0.24059285714285714,0.24250476190476192,0.2418357142857143,0.2560571428571428,0.25179761904761905,0.2599857142857143,0.25865238095238097,0.25526190476190475,0.2531809523809524,0.1867972789115646,0.18691496598639457,0.18531768707482993,0.18856734693877553,0.1897659863945578,0.18224897959183672,0.18299795918367345,0.18318843537414967,0.18281836734693876,0.19488299319727895,0.1907408163265306,0.1935884353741496,0.19212108843537415,0.19313809523809522,0.19374353741496597,Male,24,Adult,Adult,C,C,mms08m24_250Hz_gu2_AEP.conn
MMS12M23,mms12m23_250Hz_gu1_AEP.conn,gu1,0.35094761904761906,0.35582380952380954,0.3712333333333333,0.36682857142857145,0.3495809523809524,0.34795714285714285,0.34243333333333337,0.3389142857142857,0.3607666666666667,0.3741857142857143,0.3890761904761904,0.38442857142857134,0.3709523809523809,0.3587761904761905,0.38830952380952377,0.3634314285714285,0.36125142857142856,0.3588857142857143,0.3512828571428572,0.3557257142857143,0.36772,0.3617514285714286,0.3530028571428572,0.34405142857142856,0.3443257142857143,0.3453657142857143,0.3443628571428571,0.3456942857142858,0.33612285714285717,0.3396,0.22802571428571428,0.22691142857142857,0.22596285714285713,0.22052571428571427,0.22255142857142857,0.21672857142857144,0.22108571428571427,0.22765714285714284,0.2247142857142857,0.2142028571428572,0.22073142857142858,0.22108,0.21013714285714286,0.21118,0.22331714285714285,0.2835367346938776,0.2839663265306122,0.2855244897959184,0.286634693877551,0.286265306122449,0.29099285714285716,0.28876530612244894,0.2874091836734693,0.28926224489795915,0.3112938775510204,0.3115255102040817,0.3122663265306122,0.311261224489796,0.3076336734693878,0.3138714285714285,0.246002380952381,0.25215952380952383,0.25288809523809525,0.2509952380952381,0.2563238095238095,0.2537547619047619,0.24857619047619042,0.2482595238095238,0.25302619047619046,0.2771976190476191,0.2722333333333334,0.267347619047619,0.2682380952380952,0.2690166666666667,0.2704452380952381,0.232804081632653,0.23052040816326538,0.22746598639455778,0.22912312925170072,0.22807891156462587,0.22531428571428572,0.22371428571428573,0.22322517006802722,0.2252578231292517,0.2341190476190476,0.2316312925170068,0.2323360544217687,0.2258374149659864,0.22709115646258504,0.23103129251700683,Male,23,Adult,Adult,C,C,mms12m23_250Hz_gu2_AEP.conn
EES16F34,EES16f34_250Hz_gu1_AEP.conn,gu1,0.3046571428571429,0.3017285714285714,0.3047809523809524,0.30182380952380955,0.2957428571428571,0.32891428571428577,0.31990952380952375,0.3055761904761905,0.3176571428571429,0.32021428571428573,0.3309809523809524,0.3349857142857143,0.33223333333333327,0.32497619047619053,0.32866190476190477,0.33301714285714284,0.33433428571428575,0.3360542857142857,0.3287771428571428,0.3171914285714285,0.32618857142857144,0.32134000000000007,0.31667428571428574,0.3217428571428572,0.31949714285714287,0.31569714285714284,0.30826857142857145,0.3179571428571428,0.3099314285714286,0.3178971428571429,0.2625314285714285,0.2565085714285714,0.25907714285714284,0.2647514285714286,0.26480571428571426,0.2749057142857142,0.2696085714285715,0.26092857142857145,0.25706571428571434,0.25039142857142854,0.25005714285714287,0.25181142857142863,0.25364857142857145,0.24579714285714283,0.2555657142857143,0.229819387755102,0.22910918367346936,0.22665102040816323,0.22800204081632655,0.2302112244897959,0.22343673469387756,0.22114183673469384,0.21883163265306124,0.21671326530612248,0.23839897959183678,0.23827653061224494,0.23996428571428566,0.23344591836734693,0.22964081632653058,0.23528775510204086,0.23897380952380956,0.23628095238095237,0.2399690476190476,0.24021428571428569,0.23911428571428575,0.2380095238095238,0.24345714285714284,0.24670000000000003,0.2430809523809524,0.24314285714285713,0.24798809523809526,0.2494809523809524,0.2618904761904762,0.26472619047619045,0.2484380952380952,0.21653673469387755,0.21671292517006804,0.21764353741496598,0.21821768707482989,0.21803809523809525,0.21823605442176874,0.21944149659863946,0.2102680272108844,0.20203537414965986,0.21804353741496596,0.22159591836734702,0.2230857142857144,0.22435510204081635,0.21837687074829928,0.22144421768707487,Female,34,Adult,Adult,E,NC,EES16f34_250Hz_gu2_AEP.conn
EES12F24,ees12f24_250Hz_gu1_AEP.conn,gu1,0.2602857142857143,0.27677142857142856,0.2787952380952381,0.27055238095238093,0.26153809523809524,0.2610571428571428,0.2729714285714286,0.2838,0.3238476190476191,0.33611428571428575,0.3356047619047619,0.3203761904761905,0.32398571428571427,0.3176666666666667,0.3275666666666666,0.3489971428571429,0.34724571428571427,0.34214857142857147,0.3368028571428572,0.34255714285714284,0.35471142857142857,0.3555514285714286,0.35490000000000005,0.3567514285714286,0.3484457142857143,0.35049428571428576,0.35352285714285714,0.3446314285714286,0.3473542857142858,0.37084857142857147,0.28468571428571426,0.2958342857142857,0.2854742857142858,0.27372857142857143,0.27604,0.2752942857142857,0.27847428571428573,0.2709628571428571,0.26499428571428574,0.2771314285714286,0.2781085714285714,0.28052285714285713,0.28433142857142857,0.27875428571428573,0.28497428571428574,0.29839591836734697,0.30502959183673467,0.3042163265306122,0.30790102040816325,0.31142857142857144,0.2960255102040816,0.29735102040816325,0.2963969387755102,0.29319591836734693,0.3177571428571428,0.31586836734693874,0.31791530612244895,0.31573571428571423,0.3172255102040817,0.3105132653061224,0.27851428571428566,0.28262857142857145,0.2875047619047619,0.2883642857142857,0.28829047619047615,0.2737523809523809,0.2747595238095238,0.27618571428571426,0.27448809523809525,0.28141904761904757,0.2842142857142857,0.2787095238095238,0.28728809523809523,0.29433809523809523,0.2765880952380952,0.21552448979591834,0.2219836734693878,0.22889183673469388,0.2311829931972789,0.22874013605442178,0.22011904761904763,0.21973809523809518,0.22112653061224496,0.22221632653061224,0.22686666666666666,0.22988843537414977,0.2306666666666667,0.2301816326530612,0.22914965986394556,0.22360408163265302,Female,24,Adult,Adult,E,NC,ees12f24_250Hz_gu2_AEP.conn
EES17F38,EES17F38_250Hz_gu1_AEP.conn,gu1,0.19989523809523804,0.19439523809523807,0.19000952380952382,0.18433333333333332,0.18606666666666669,0.19758095238095238,0.1882809523809524,0.19600000000000004,0.24238095238095236,0.22625238095238098,0.2178285714285714,0.2154952380952381,0.22078095238095238,0.22914285714285718,0.2189142857142857,0.2589285714285714,0.2602514285714285,0.2648,0.2681657142857143,0.27115999999999996,0.26282,0.2640942857142857,0.2730428571428572,0.27390857142857145,0.2538571428571429,0.25796,0.2607542857142857,0.2638285714285714,0.26588571428571434,0.2635314285714285,0.18436285714285713,0.18487714285714288,0.18151142857142857,0.17948285714285714,0.18323142857142857,0.18101142857142855,0.18533714285714284,0.18986285714285717,0.19156,0.17724857142857142,0.17755714285714286,0.17364857142857143,0.18712571428571428,0.18862,0.17645714285714287,0.23915306122448984,0.23628571428571427,0.23699183673469387,0.23942857142857146,0.2408826530612245,0.24326428571428574,0.24394183673469388,0.2472081632653061,0.244769387755102,0.2556316326530612,0.25555,0.2568704081632653,0.26106632653061224,0.2662877551020408,0.25389591836734693,0.2692142857142857,0.26671428571428574,0.26165,0.25595,0.25101190476190477,0.25747619047619047,0.26358333333333334,0.26919047619047615,0.26366666666666666,0.2734071428571429,0.2669452380952381,0.26353333333333334,0.27309047619047616,0.2804690476190476,0.2577690476190477,0.18201700680272112,0.1849965986394558,0.18751768707482994,0.1878074829931973,0.18812993197278913,0.18269183673469389,0.18272312925170067,0.18405510204081638,0.18695170068027211,0.18724149659863945,0.18796802721088432,0.1867326530612245,0.18870476190476188,0.1880448979591836,0.1813360544217687,Female,38,Adult,Adult,E,NC,EES17F38_250Hz_gu2_AEP.conn
EES13M27,ees13m27_250Hz_gu1_AEP.conn,gu1,0.28736666666666666,0.2832571428571429,0.2770904761904762,0.2803285714285714,0.27969523809523805,0.2787380952380953,0.27803809523809525,0.29306666666666664,0.3268285714285714,0.3163190476190476,0.3077809523809524,0.3077666666666667,0.3267333333333333,0.33790476190476193,0.3201714285714286,0.2999142857142857,0.29533428571428577,0.2950628571428572,0.30063428571428574,0.3032714285714286,0.30349714285714285,0.3079171428571429,0.31217428571428574,0.30793714285714285,0.2964514285714286,0.2934171428571428,0.2982028571428571,0.3029314285714285,0.30826000000000003,0.28758,0.20950571428571427,0.2040085714285714,0.20300285714285712,0.2053971428571429,0.2084742857142857,0.20017428571428572,0.20172285714285718,0.2149657142857143,0.21933714285714284,0.20374000000000003,0.20059142857142853,0.20481142857142856,0.19367428571428574,0.20359714285714287,0.19457428571428573,0.2627163265306123,0.2652469387755102,0.26494387755102045,0.2638755102040816,0.2596265306122449,0.2533061224489796,0.25853265306122447,0.2643091836734694,0.2648326530612245,0.2726591836734694,0.2708112244897959,0.2718928571428571,0.27491122448979594,0.2822581632653061,0.26255306122448974,0.23217380952380953,0.2359571428571429,0.23249285714285717,0.2297404761904762,0.23124047619047616,0.2407595238095238,0.23670714285714287,0.23360238095238092,0.23149523809523806,0.2470642857142857,0.2440738095238095,0.24528571428571425,0.2403309523809524,0.24741428571428567,0.24832857142857145,0.22703197278911566,0.22626734693877554,0.22514557823129247,0.2284612244897959,0.2279727891156463,0.22702517006802722,0.22529523809523808,0.22369115646258506,0.22092857142857142,0.2271727891156463,0.22916734693877558,0.2309823129251701,0.23041224489795922,0.22886598639455774,0.22738775510204084,Male,27,Adult,Adult,E,NC,ees13m27_250Hz_gu2_AEP.conn
MMS17M25,mms17m25_250Hz_gu1_AEP.conn,gu1,0.30516190476190475,0.3101523809523809,0.3111714285714286,0.30546190476190477,0.29045714285714286,0.28227142857142856,0.2885571428571429,0.284952380952381,0.30239999999999995,0.33681904761904763,0.3403238095238095,0.33204761904761904,0.3070333333333333,0.305847619047619,0.33172857142857143,0.3494114285714286,0.3496485714285714,0.3547742857142857,0.35319142857142866,0.3489857142857143,0.34429714285714286,0.3468971428571429,0.3448371428571429,0.34465714285714283,0.34698,0.34976571428571435,0.3436028571428571,0.3515857142857143,0.3502885714285714,0.36176571428571425,0.32487714285714286,0.33684857142857144,0.34056857142857144,0.3356685714285714,0.33319428571428567,0.3260314285714285,0.3341857142857143,0.34159428571428574,0.33196,0.3224314285714286,0.32201142857142856,0.3127857142857143,0.31200857142857147,0.32168857142857143,0.31597714285714285,0.3557326530612244,0.3635775510204081,0.3610826530612245,0.359934693877551,0.3599357142857143,0.36038979591836734,0.3586969387755102,0.3621428571428571,0.36123571428571427,0.3913816326530612,0.3887877551020408,0.38495306122448986,0.38090102040816326,0.37874591836734695,0.3850071428571429,0.3309690476190476,0.33730476190476183,0.34015238095238093,0.33869047619047626,0.3355357142857143,0.35136428571428574,0.3494904761904762,0.34722619047619047,0.34286190476190476,0.3536619047619048,0.3582214285714285,0.35720238095238094,0.364902380952381,0.3584214285714286,0.34856428571428566,0.2547877551020409,0.25529795918367343,0.2570755102040816,0.26081836734693875,0.2633843537414966,0.2610122448979592,0.2594278911564626,0.259569387755102,0.25977551020408157,0.26267891156462586,0.2642095238095238,0.2670986394557823,0.26568775510204085,0.2658612244897959,0.26724557823129247,Male,25,Adult,Adult,C,C,mms17m25_250Hz_gu2_AEP.conn
MMS07F25A,mms07f25A_250Hz_gu1_AEP.conn,gu1,0.17476666666666665,0.1863095238095238,0.19445238095238096,0.1939857142857143,0.19220952380952383,0.1851380952380952,0.19647619047619047,0.2049761904761905,0.23957619047619053,0.2326190476190476,0.23555714285714288,0.2369666666666667,0.2436095238095238,0.24300476190476186,0.2362047619047619,0.2547257142857143,0.24677142857142856,0.24426857142857142,0.25356857142857137,0.2609057142857143,0.2573657142857143,0.26820857142857146,0.27370285714285714,0.27096,0.2548914285714286,0.24844,0.25026,0.26845428571428565,0.27426,0.2549971428571428,0.20173714285714284,0.20376000000000002,0.20605428571428575,0.2052942857142857,0.20386285714285718,0.2100942857142857,0.21214,0.2100742857142857,0.20954857142857147,0.20901142857142857,0.21062285714285717,0.2125085714285714,0.21996571428571432,0.21942000000000003,0.20822857142857137,0.22779693877551024,0.23203265306122448,0.2389377551020408,0.24196428571428566,0.23940000000000003,0.23467755102040816,0.23761326530612245,0.24428163265306121,0.24875918367346933,0.25413673469387754,0.258080612244898,0.26136632653061226,0.260184693877551,0.2631397959183673,0.2570642857142857,0.23930000000000004,0.23036190476190477,0.22568809523809527,0.23306190476190478,0.23304047619047621,0.25887857142857146,0.25781190476190474,0.2604619047619048,0.24893809523809526,0.2541119047619047,0.252147619047619,0.25783809523809526,0.27881428571428574,0.2724071428571429,0.2530880952380952,0.1995823129251701,0.19907142857142854,0.199952380952381,0.20045306122448978,0.19904013605442175,0.1983591836734694,0.19797687074829934,0.19776258503401362,0.19794625850340136,0.20501836734693873,0.20781632653061224,0.20914693877551022,0.20282312925170068,0.20410816326530612,0.21000544217687073,Female,25,Adult,Adult,C,C,mms07f25A_250Hz_gu2_AEP.conn
R16E05G10,R16E05g10_info1_250Hz_gu1_AEP.conn,gu1,0.23726190476190476,0.25406190476190477,0.2611095238095238,0.24032380952380952,0.2254904761904762,0.2535476190476191,0.2509095238095238,0.2355333333333333,0.26786666666666664,0.2876666666666667,0.2804761904761905,0.2607333333333333,0.29382380952380954,0.283547619047619,0.26884761904761906,0.32979142857142857,0.33188285714285715,0.33638571428571434,0.33436571428571427,0.33978,0.32990857142857144,0.32854,0.31596285714285716,0.30663714285714283,0.31997714285714285,0.31674857142857143,0.3204857142857143,0.32584,0.3143371428571428,0.3081542857142857,0.3012942857142857,0.31318285714285715,0.3122542857142857,0.30585142857142855,0.28706,0.28042,0.2836171428571429,0.28058571428571427,0.27996571428571426,0.28253142857142854,0.2817942857142857,0.2784885714285714,0.27191428571428566,0.2748714285714286,0.2721085714285714,0.32037653061224486,0.3198030612244898,0.31688979591836736,0.30638163265306123,0.3054122448979592,0.298169387755102,0.297634693877551,0.2958561224489796,0.2934540816326531,0.33665,0.3317448979591836,0.3188091836734694,0.31285612244897953,0.31440714285714283,0.3284948979591837,0.2993642857142857,0.30319999999999997,0.30852857142857143,0.30952142857142856,0.29833095238095236,0.30025952380952375,0.2924666666666666,0.2790547619047619,0.2779404761904762,0.29668333333333335,0.2981547619047619,0.29571190476190473,0.2830952380952381,0.27084285714285716,0.28536904761904763,0.20874965986394556,0.20550204081632653,0.20467142857142862,0.20565034013605438,0.20620476190476186,0.203491156462585,0.2095904761904762,0.2087353741496599,0.20815170068027214,0.21009523809523808,0.20780272108843537,0.20823809523809525,0.20832244897959182,0.2113380952380952,0.20423401360544216,Female,10,8-12,Elementary,E,NC,R16E05g10_info1_250Hz_gu2_AEP.conn
R16E01Y10G,R16E01y10g_info1_250Hz_gu1_AEP.conn,gu1,0.38643333333333335,0.3832285714285714,0.38523333333333337,0.3873666666666667,0.39534285714285716,0.39470000000000005,0.39422380952380953,0.3915,0.4035619047619048,0.4137666666666666,0.4113190476190476,0.41250952380952377,0.4113523809523809,0.4041857142857143,0.4075666666666667,0.3900971428571428,0.38312285714285715,0.38602857142857144,0.3878542857142857,0.3886714285714285,0.37955714285714287,0.3888285714285714,0.39258571428571426,0.3866057142857143,0.37160571428571426,0.37240571428571434,0.3699485714285714,0.38072,0.3784571428571429,0.3636942857142857,0.35574000000000006,0.35773714285714286,0.35601999999999995,0.3455057142857143,0.3453828571428571,0.33324000000000004,0.34136,0.3411257142857143,0.35111142857142863,0.3510714285714286,0.34952,0.3340314285714286,0.3401085714285714,0.33483142857142856,0.3451342857142857,0.40253979591836725,0.4050908163265306,0.4058255102040817,0.40772448979591835,0.4067744897959184,0.4031091836734694,0.40155204081632656,0.4048030612244898,0.4111755102040817,0.4224642857142857,0.42431836734693873,0.4242571428571428,0.4241387755102041,0.4243571428571428,0.43006020408163265,0.35660952380952377,0.3578642857142857,0.35080952380952385,0.34806428571428577,0.34430476190476184,0.35191666666666666,0.3566761904761904,0.3573,0.35190238095238097,0.3700047619047619,0.36869523809523813,0.3698214285714286,0.3472071428571428,0.35134523809523804,0.37757380952380953,0.28713401360544216,0.29164353741496596,0.29724897959183666,0.29913401360544223,0.2943163265306123,0.2842238095238095,0.28136054421768714,0.27900952380952376,0.277669387755102,0.29368027210884357,0.29992040816326526,0.29998571428571424,0.2821687074829932,0.28102244897959183,0.29972653061224486,Female,10,8-12,Elementary,E,NC,R16E01y10g_info1_250Hz_gu2_AEP.conn
R16E20B4,R16E20b4_info1_250Hz_gu1_AEP.conn,gu1,0.45994761904761905,0.44167142857142855,0.44519523809523814,0.45783333333333337,0.4466714285714286,0.4389619047619047,0.43732857142857146,0.42541428571428574,0.4279,0.4540666666666667,0.4713047619047619,0.48582857142857144,0.43327619047619054,0.4220809523809524,0.45862857142857144,0.4061714285714286,0.39283999999999997,0.3935742857142857,0.3987542857142857,0.4038285714285714,0.4157914285714286,0.4260428571428571,0.42996,0.4299257142857143,0.36828571428571427,0.3594428571428571,0.3681657142857142,0.39734,0.3992142857142857,0.3636742857142857,0.3652457142857143,0.36441714285714283,0.34987142857142856,0.33476285714285714,0.3262142857142857,0.3666714285714286,0.35247142857142866,0.34323714285714285,0.3507342857142857,0.3540371428571429,0.3314371428571429,0.3216542857142857,0.33012,0.3223857142857143,0.3352142857142857,0.4179734693877551,0.41990612244897957,0.42470102040816327,0.4336357142857143,0.4489704081632652,0.4240387755102041,0.4249438775510205,0.42811122448979594,0.4344224489795918,0.42978979591836725,0.42862857142857147,0.4339112244897959,0.4428561224489796,0.44189591836734693,0.43269897959183673,0.41792380952380953,0.4155,0.40892142857142866,0.4088095238095238,0.41955000000000003,0.4151095238095239,0.4084452380952381,0.39468333333333333,0.3879857142857143,0.4080452380952381,0.39552142857142863,0.4039904761904762,0.4082904761904762,0.4105476190476191,0.3971595238095238,0.3737863945578231,0.3680680272108844,0.3612537414965986,0.35929251700680276,0.3561795918367347,0.3487918367346939,0.3515183673469388,0.3532170068027211,0.358138775510204,0.3765700680272109,0.36411428571428567,0.36266462585034004,0.36560748299319723,0.36468231292517006,0.3653619047619048,Male,4,5-7,Elementary,E,NC,R16E20b4_info1_250Hz_gu2_AEP.conn
R16E09G10,R16E09g10_info1_250Hz_gu1_AEP.conn,gu1,0.29280476190476196,0.29913809523809526,0.2871190476190476,0.27796190476190474,0.2705380952380953,0.3042142857142857,0.3115142857142858,0.31708571428571425,0.34252857142857146,0.3293238095238095,0.31939047619047617,0.3052761904761905,0.3394142857142857,0.3447523809523809,0.3172,0.3452085714285714,0.35359714285714283,0.35571142857142857,0.35348000000000007,0.34763714285714287,0.37097428571428576,0.36906,0.3652285714285714,0.3629657142857143,0.3421742857142857,0.34893142857142856,0.3478228571428571,0.35875142857142855,0.3534628571428572,0.33787142857142854,0.29736,0.29389714285714286,0.2792942857142857,0.2782085714285714,0.27868571428571426,0.2779142857142857,0.27900857142857144,0.27855428571428575,0.27303142857142854,0.2868457142857143,0.2750914285714286,0.27405999999999997,0.26584285714285716,0.2729628571428572,0.2689971428571428,0.28115,0.2812877551020408,0.27837448979591845,0.27798571428571434,0.27749999999999997,0.2694265306122449,0.2770948979591837,0.28069183673469383,0.27810612244897964,0.304211224489796,0.2978081632653061,0.29430102040816325,0.2932357142857143,0.29806530612244897,0.2963755102040816,0.2608357142857143,0.27078095238095234,0.27035238095238096,0.25648809523809524,0.2475333333333333,0.2832071428571428,0.29391428571428574,0.29558333333333336,0.29007857142857146,0.2832023809523809,0.2782261904761904,0.2680142857142857,0.30695952380952385,0.3109523809523809,0.2736047619047619,0.22311292517006803,0.23042448979591834,0.22985034013605446,0.22853061224489796,0.22787482993197278,0.22591700680272106,0.22794081632653065,0.22652380952380946,0.2304278911564626,0.23102312925170065,0.22990408163265305,0.2329054421768708,0.22875034013605444,0.22646802721088438,0.22168639455782313,Female,10,8-12,Elementary,E,NC,R16E09g10_info1_250Hz_gu2_AEP.conn
R16S12G8,R16S12g8_info1_250Hz_gu1_AEP.conn,gu1,0.34645238095238096,0.3428047619047619,0.34788095238095235,0.35657619047619044,0.3683714285714285,0.3122666666666667,0.311,0.32042857142857145,0.3580857142857143,0.36245714285714287,0.3614904761904762,0.3704809523809524,0.32978095238095234,0.3382,0.34926666666666667,0.35097142857142855,0.3509257142857143,0.3437485714285714,0.33470285714285714,0.34049999999999997,0.3193942857142858,0.3242371428571429,0.3311914285714286,0.3337914285714286,0.3459771428571428,0.3396085714285714,0.33322,0.3133971428571429,0.3241857142857143,0.32667142857142856,0.23134000000000002,0.22790285714285713,0.2294742857142857,0.22904857142857143,0.23361142857142858,0.2429914285714286,0.24487428571428568,0.24358,0.24138571428571426,0.22536285714285711,0.22948285714285716,0.23684,0.24462857142857142,0.24444285714285713,0.23060285714285716,0.34077551020408176,0.34059489795918363,0.3464836734693878,0.3495561224489796,0.3552061224489796,0.34730816326530606,0.34899897959183673,0.35046530612244897,0.35301428571428567,0.36192346938775505,0.36338163265306117,0.3661928571428571,0.36530408163265304,0.3659826530612245,0.36512040816326524,0.29409285714285716,0.2950309523809524,0.30190476190476184,0.30777857142857146,0.31725476190476193,0.2991809523809524,0.3035809523809524,0.2999380952380953,0.29486190476190477,0.3014952380952381,0.31215238095238096,0.3214,0.32210476190476195,0.32014523809523815,0.31102380952380954,0.2178292517006803,0.21947006802721086,0.2192904761904762,0.22122108843537414,0.22484353741496602,0.21167278911564627,0.2152863945578231,0.2190680272108844,0.21747891156462582,0.2265387755102041,0.22681836734693878,0.23123605442176873,0.230187074829932,0.23824829931972785,0.22417687074829934,Female,8,8-12,Elementary,S,NC,R16S12g8_info1_250Hz_gu2_AEP.conn
R16L01SY06,R16L01sy06_info1_250Hz_gu1_AEP.conn,gu1,0.3110476190476191,0.2960904761904762,0.29232857142857144,0.29163333333333336,0.2885904761904761,0.3177142857142858,0.31880476190476187,0.3055571428571428,0.34068095238095236,0.3214047619047619,0.31434761904761904,0.3157904761904762,0.35721428571428576,0.34888095238095235,0.31787142857142864,0.3342085714285714,0.34310285714285715,0.3395971428571429,0.34292571428571433,0.33878857142857144,0.34401714285714285,0.3455171428571428,0.3477457142857142,0.3473,0.35008285714285714,0.34547142857142854,0.3411142857142857,0.3442371428571428,0.34597999999999995,0.34943428571428575,0.39444857142857137,0.38814857142857145,0.38432000000000005,0.3848885714285714,0.3832885714285714,0.3822914285714286,0.38791714285714285,0.3932942857142857,0.3933142857142857,0.39478,0.3884657142857143,0.38086857142857145,0.39547714285714286,0.39379428571428565,0.3940571428571429,0.4365632653061224,0.4276887755102042,0.42670306122448975,0.4265969387755102,0.42518571428571417,0.4301204081632654,0.4359979591836734,0.43853163265306117,0.44026734693877545,0.4404173469387755,0.43736224489795916,0.4359438775510203,0.4468489795918368,0.45179387755102035,0.4353132653061224,0.2683071428571429,0.268247619047619,0.2637452380952381,0.26888095238095244,0.2704809523809524,0.26416904761904764,0.27094999999999997,0.2790642857142857,0.2852071428571429,0.27895714285714285,0.2772571428571428,0.27336190476190475,0.26754285714285714,0.27968571428571426,0.2783785714285714,0.3048176870748299,0.3016632653061225,0.2969884353741496,0.2926027210884354,0.29460408163265306,0.2869149659863946,0.286212925170068,0.2906986394557822,0.29825510204081623,0.30040680272108844,0.2974605442176871,0.2952455782312925,0.2889673469387755,0.29550544217687086,0.29048979591836727,Female,6,5-7,Elementary,S,NC,R16L01sy06_info1_250Hz_gu2_AEP.conn
R16S17G6,R16S17g6_info1_250Hz_gu1_AEP.conn,gu1,0.39229523809523803,0.3779619047619048,0.3848761904761904,0.38306190476190466,0.3727666666666667,0.35427142857142857,0.3493095238095238,0.36099523809523815,0.3746857142857143,0.37847142857142857,0.37410476190476194,0.3718000000000001,0.37218095238095233,0.3704,0.3711333333333333,0.3881057142857143,0.37958000000000003,0.3799257142857143,0.38296571428571424,0.38584857142857143,0.38406285714285715,0.37522,0.3712371428571428,0.36018285714285714,0.36444,0.3664428571428572,0.3693971428571429,0.36952857142857143,0.37010571428571426,0.3646971428571429,0.25180857142857144,0.25265428571428566,0.2563057142857143,0.2564057142857143,0.2557971428571429,0.26334857142857143,0.2518285714285714,0.23693142857142857,0.23098571428571427,0.24319714285714283,0.24322000000000005,0.23867714285714287,0.2529914285714286,0.23116571428571428,0.23960571428571434,0.35667959183673464,0.3621571428571429,0.36506020408163264,0.3641918367346939,0.3640642857142857,0.3653285714285714,0.3671020408163265,0.363815306122449,0.3617499999999999,0.37368265306122456,0.3767469387755102,0.3763397959183674,0.38517244897959174,0.38267142857142866,0.376061224489796,0.32457142857142857,0.3383809523809524,0.34574285714285713,0.34523333333333334,0.34566666666666673,0.34845238095238096,0.3543904761904762,0.36146190476190476,0.3592785714285715,0.32859047619047616,0.3351785714285714,0.3385952380952381,0.3446547619047619,0.3515642857142858,0.34736666666666666,0.28537142857142855,0.2879428571428571,0.2922585034013606,0.29831836734693873,0.2962190476190476,0.2954972789115646,0.2938904761904762,0.29126326530612234,0.2924768707482993,0.28662244897959177,0.29296054421768714,0.2981108843537415,0.2883489795918367,0.2867952380952381,0.2928700680272109,Female,6,5-7,Elementary,S,NC,R16S17g6_info1_250Hz_gu2_AEP.conn
R16BF06G8,R16BF06g8_info1_250Hz_gu1_AEP.conn,gu1,0.3339047619047619,0.34297142857142865,0.33843333333333336,0.33686190476190475,0.3297666666666667,0.3265428571428572,0.3201857142857143,0.31497619047619047,0.3590238095238096,0.3855,0.38028095238095244,0.38350476190476185,0.372047619047619,0.36527142857142864,0.3963142857142857,0.4354085714285715,0.44351714285714283,0.43463142857142856,0.4358000000000001,0.4337857142857143,0.43029142857142866,0.42745428571428573,0.4299685714285714,0.4323714285714285,0.4479,0.43920571428571425,0.4405514285714286,0.4376085714285714,0.4423342857142858,0.4426285714285714,0.3972942857142857,0.40589142857142857,0.40755714285714284,0.4129142857142857,0.40902000000000005,0.41047142857142854,0.40898571428571434,0.4024885714285714,0.39546571428571425,0.40456571428571425,0.4101285714285714,0.4169771428571429,0.40925142857142854,0.39863142857142864,0.4197571428571429,0.37405510204081643,0.3733265306122449,0.3765867346938775,0.3787897959183673,0.3737887755102041,0.37303571428571436,0.3720387755102041,0.37327857142857146,0.37094795918367346,0.38906020408163267,0.3919489795918367,0.39359693877551016,0.3862877551020408,0.38438163265306124,0.3894234693877551,0.31590952380952375,0.3118761904761905,0.31601904761904764,0.3201642857142857,0.3257142857142857,0.3219452380952382,0.3209190476190476,0.3172619047619048,0.316902380952381,0.3318833333333333,0.34174047619047615,0.350052380952381,0.33785714285714286,0.3391809523809524,0.33640714285714285,0.30437142857142857,0.30438571428571426,0.3035972789115646,0.30342108843537413,0.3012707482993197,0.3012863945578232,0.2972544217687075,0.29324829931972785,0.29180884353741493,0.3054027210884353,0.30594965986394557,0.3056217687074829,0.29444489795918366,0.2923455782312925,0.30441836734693883,Female,8,8-12,Elementary,S,NC,R16BF06g8_info1_250Hz_gu2_AEP.conn
R16E02Y06B,R16E02y06b_info1_250Hz_gu1_AEP.conn,gu1,0.3717809523809524,0.38934761904761905,0.40640000000000004,0.4000142857142858,0.3721714285714286,0.3648047619047619,0.3754,0.3907571428571428,0.4023142857142857,0.42466190476190474,0.4422333333333333,0.4374714285714285,0.42248571428571435,0.4357047619047619,0.44371904761904757,0.4849342857142857,0.47454857142857143,0.4719171428571428,0.4697971428571428,0.4591942857142858,0.4366371428571429,0.4438657142857143,0.45856571428571424,0.4619114285714286,0.48021714285714284,0.47910285714285716,0.4708971428571429,0.4530428571428571,0.4640885714285714,0.4841285714285714,0.44292571428571426,0.4335342857142857,0.43027999999999994,0.43529999999999996,0.44021999999999994,0.42711999999999994,0.42509428571428576,0.41731999999999997,0.43613714285714283,0.4552428571428571,0.4485742857142857,0.4419228571428572,0.41296,0.4117171428571428,0.47244285714285716,0.5116316326530612,0.5062571428571429,0.5090010204081633,0.509830612244898,0.5051744897959184,0.5069744897959184,0.5055132653061224,0.5040489795918367,0.5104673469387755,0.517623469387755,0.5179612244897959,0.5148530612244898,0.5148285714285714,0.5155377551020408,0.5291938775510204,0.41195476190476193,0.41975000000000007,0.43150714285714287,0.43093809523809523,0.42264047619047623,0.4185952380952381,0.41410714285714284,0.3998714285714285,0.4076880952380953,0.4017571428571429,0.39422857142857143,0.38515238095238097,0.41148333333333337,0.39691904761904756,0.3943285714285714,0.41526326530612245,0.4167034013605442,0.41440680272108854,0.4125380952380953,0.4093503401360545,0.3958312925170068,0.3946666666666668,0.393543537414966,0.3893394557823129,0.4098598639455782,0.41062993197278913,0.4080496598639456,0.38909999999999995,0.38777210884353736,0.4150979591836734,Female,6,5-7,Elementary,E,NC,R16E02y06b_info1_250Hz_gu2_AEP.conn
R16A02G05B,R16A02g05b_info1_250Hz_gu1_AEP.conn,gu1,0.35773809523809524,0.35758571428571423,0.3659238095238095,0.36425238095238094,0.3603476190476191,0.3470904761904762,0.3404047619047619,0.3361047619047619,0.3836333333333333,0.38870000000000005,0.3892380952380952,0.3897952380952381,0.372247619047619,0.37559047619047625,0.3770238095238095,0.4593228571428572,0.4571257142857143,0.4579657142857143,0.45705999999999997,0.4593114285714286,0.4234314285714286,0.41601428571428567,0.4285457142857143,0.4406714285714286,0.4663114285714286,0.4556742857142857,0.45655999999999997,0.4309885714285714,0.43594285714285713,0.45508,0.44165714285714286,0.4354514285714286,0.43448000000000003,0.4359228571428571,0.43855714285714276,0.4221571428571428,0.4267142857142857,0.42876571428571425,0.43927999999999995,0.4394514285714285,0.43653142857142857,0.43962857142857137,0.4330742857142857,0.43587428571428577,0.43912000000000007,0.4573122448979592,0.4536204081632653,0.44405408163265303,0.4337010204081633,0.42796428571428574,0.4356234693877551,0.43426428571428577,0.43721020408163264,0.44303163265306117,0.4664755102040816,0.457769387755102,0.4483448979591837,0.4563367346938776,0.458169387755102,0.44746326530612246,0.3862309523809524,0.3814809523809524,0.3713976190476191,0.35611428571428566,0.3417023809523809,0.37106190476190476,0.3701666666666667,0.3578714285714286,0.3560595238095238,0.38836190476190474,0.37461428571428573,0.36131190476190483,0.3894547619047619,0.3755833333333333,0.36568809523809526,0.2767013605442177,0.274178231292517,0.26936462585034016,0.26687687074829936,0.26925646258503405,0.27130952380952383,0.2755421768707483,0.2829122448979592,0.2811136054421769,0.2829387755102041,0.27828367346938776,0.2748768707482993,0.28334489795918366,0.28723877551020405,0.27829727891156464,Female,5,5-7,Elementary,A,NC,R16A02g05b_info1_250Hz_gu2_AEP.conn
R16E14B10,R16E14b10_info1_250Hz_gu1_AEP.conn,gu1,0.2440285714285714,0.2424714285714286,0.23943333333333336,0.23563333333333336,0.22837142857142853,0.20667619047619046,0.20961428571428567,0.21070476190476187,0.2515809523809524,0.2670047619047619,0.2651047619047619,0.2662809523809524,0.25624761904761906,0.2586761904761905,0.25684285714285715,0.26738,0.26890571428571425,0.2725228571428572,0.27212000000000003,0.26304571428571427,0.2612942857142857,0.2683942857142857,0.27545714285714284,0.2800257142857142,0.2642285714285714,0.2606857142857143,0.2659657142857143,0.2718171428571428,0.2813485714285714,0.25888,0.2727828571428571,0.27537142857142854,0.27106285714285716,0.2721057142857143,0.27766,0.30609714285714285,0.3112628571428572,0.31182,0.29925142857142856,0.28092857142857136,0.2772942857142857,0.2780285714285714,0.3163857142857143,0.3191685714285714,0.2839514285714286,0.32585204081632657,0.3307397959183674,0.3392387755102041,0.33537551020408163,0.3300918367346939,0.3178142857142857,0.321530612244898,0.3237316326530612,0.3243683673469388,0.348869387755102,0.3554530612244898,0.35535204081632654,0.3410724489795919,0.34388775510204084,0.35224897959183676,0.2601404761904762,0.2595523809523809,0.26169285714285717,0.25411666666666666,0.2467904761904762,0.2435595238095238,0.24321904761904767,0.2482142857142857,0.2536833333333333,0.2613666666666667,0.2589857142857143,0.2564119047619048,0.23857857142857145,0.24298333333333333,0.25172619047619044,0.17745850340136055,0.17847142857142856,0.17752108843537415,0.1777673469387755,0.1804068027210884,0.18332925170068032,0.17749183673469388,0.17409931972789114,0.17346326530612247,0.18936122448979592,0.18874285714285716,0.1862013605442177,0.18220612244897957,0.17875986394557825,0.18625374149659862,Male,10,8-12,Elementary,E,NC,R16E14b10_info1_250Hz_gu2_AEP.conn
R16A07B12,R16A07b12_info1_250Hz_gu1_AEP.conn,gu1,0.35647619047619045,0.3710571428571429,0.40186666666666665,0.41059047619047623,0.40492857142857147,0.39884761904761906,0.3833523809523809,0.3686095238095238,0.39645714285714284,0.4169428571428571,0.4123047619047619,0.41947142857142855,0.42282380952380955,0.3925238095238095,0.3971190476190476,0.41886,0.4141685714285714,0.4137371428571428,0.41615714285714284,0.41125999999999996,0.4220942857142857,0.4210400000000001,0.41764285714285715,0.40735714285714286,0.42412,0.41482857142857144,0.41331428571428563,0.41920285714285715,0.40057714285714285,0.4190628571428571,0.3827457142857143,0.37955714285714287,0.3720942857142857,0.3601628571428571,0.37009142857142857,0.36028000000000004,0.36181714285714284,0.3683742857142857,0.38491428571428565,0.4031057142857143,0.3979314285714285,0.37102857142857143,0.3571914285714286,0.35991142857142855,0.4247142857142857,0.38749693877551017,0.3906806122448979,0.3978908163265306,0.3977653061224489,0.3949612244897959,0.3994244897959183,0.4149642857142858,0.41002959183673465,0.40886224489795914,0.40366836734693873,0.40546326530612253,0.40184897959183674,0.40490816326530604,0.41602653061224487,0.39912551020408166,0.36679047619047617,0.3449761904761905,0.34014999999999995,0.3598547619047619,0.3809952380952381,0.363547619047619,0.3488452380952381,0.3477619047619047,0.37732857142857146,0.35969523809523807,0.35958571428571434,0.38038571428571427,0.36093095238095235,0.3579833333333333,0.3758738095238095,0.3141326530612245,0.31067142857142854,0.3073619047619048,0.3142544217687075,0.3132428571428571,0.2948224489795918,0.29879183673469395,0.2988414965986395,0.3021523809523809,0.31636734693877555,0.3157646258503401,0.3162904761904762,0.29792448979591835,0.298256462585034,0.32117482993197277,Male,12,8-12,Secondary,A,NC,R16A07b12_info1_250Hz_gu2_AEP.conn
R16S18G10,R16S18g10_info1_250Hz_gu1_AEP.conn,gu1,0.2846571428571429,0.28587619047619045,0.29222857142857145,0.2937285714285714,0.29302857142857147,0.2788333333333333,0.2719238095238095,0.2775142857142857,0.31574285714285716,0.3319142857142857,0.3314333333333333,0.3311142857142857,0.30911428571428573,0.3118190476190476,0.3273238095238095,0.3658914285714286,0.3702142857142857,0.3676114285714286,0.35877428571428577,0.35432857142857144,0.34706000000000004,0.35214571428571434,0.3592485714285715,0.36093142857142857,0.37586,0.3721457142857143,0.35947428571428564,0.34975714285714277,0.3581457142857143,0.3686257142857143,0.3348514285714286,0.3356657142857143,0.32867999999999997,0.3240657142857143,0.3187457142857143,0.3211457142857143,0.31870571428571426,0.31333428571428573,0.3065028571428571,0.34212857142857145,0.33918857142857134,0.3333514285714285,0.31843999999999995,0.31480857142857144,0.34056571428571425,0.362934693877551,0.3627826530612245,0.36323877551020406,0.36446020408163265,0.36452040816326525,0.3630887755102041,0.3598887755102041,0.3563693877551021,0.3556530612244898,0.3698714285714286,0.3714683673469388,0.3762020408163265,0.3752234693877551,0.37371938775510205,0.3689255102040816,0.2941047619047619,0.29175,0.2942666666666667,0.2978309523809524,0.30039285714285713,0.31333571428571433,0.3056309523809524,0.2831261904761905,0.2767119047619047,0.29893095238095235,0.2990452380952381,0.3044928571428571,0.3066857142857143,0.29112857142857146,0.2966166666666667,0.237591156462585,0.23561020408163272,0.23042925170068032,0.22623401360544215,0.2267700680272109,0.22850272108843536,0.22290816326530608,0.22386666666666666,0.2247197278911565,0.2373795918367347,0.23522108843537415,0.23173061224489802,0.22892653061224488,0.23057346938775508,0.23381496598639462,Female,10,8-12,Elementary,S,NC,R16S18g10_info1_250Hz_gu2_AEP.conn
R16E06Y08G8,R16E06y08g8_info1_250Hz_gu1_AEP.conn,gu1,0.3728190476190476,0.37129523809523807,0.3785523809523809,0.3819333333333333,0.35853333333333337,0.3482523809523809,0.3357142857142857,0.3251523809523809,0.3504095238095239,0.4134380952380952,0.4279904761904762,0.4123428571428572,0.3646571428571428,0.3673619047619048,0.4545095238095238,0.40800857142857144,0.4153028571428571,0.4074,0.4087771428571429,0.41054571428571424,0.3916457142857143,0.39573428571428576,0.3824657142857143,0.38855428571428574,0.4182028571428572,0.42129142857142854,0.4161885714285714,0.4034428571428571,0.39707428571428566,0.4350085714285714,0.3709,0.36585142857142855,0.37949142857142854,0.3715685714285714,0.36418,0.30265714285714285,0.31387714285714285,0.3233885714285714,0.32878857142857143,0.3605542857142857,0.3802857142857142,0.3729657142857143,0.3052742857142857,0.3205685714285715,0.36795142857142854,0.35393163265306127,0.34170306122448973,0.3454704081632653,0.34992244897959185,0.35368571428571427,0.3517693877551021,0.35084591836734685,0.35535000000000005,0.35926632653061225,0.3426459183673468,0.33753979591836736,0.34971938775510203,0.3553326530612244,0.3580479591836735,0.34803469387755104,0.3955142857142857,0.3927214285714285,0.3801071428571428,0.37881190476190474,0.3829809523809524,0.3658666666666666,0.35589523809523804,0.3526714285714286,0.3424857142857143,0.385902380952381,0.3695785714285715,0.3724404761904762,0.3517857142857142,0.3544380952380953,0.36019761904761904,0.2888993197278912,0.28893945578231295,0.2811414965986395,0.2835068027210884,0.28433741496598647,0.2880034013605442,0.2877931972789116,0.2972210884353742,0.29152585034013606,0.2812557823129251,0.27863741496598643,0.28308435374149665,0.28880952380952385,0.2969707482993198,0.28081156462585033,Female,8,8-12,Elementary,E,NC,R16E06y08g8_info1_250Hz_gu2_AEP.conn
R16E19B5,R16E19b5_info1_250Hz_gu1_AEP.conn,gu1,0.3881666666666666,0.38628095238095234,0.3943857142857143,0.40303809523809525,0.41129047619047626,0.40477619047619046,0.40656190476190474,0.4067809523809524,0.4418380952380952,0.40359999999999996,0.42451904761904763,0.44433809523809525,0.4411809523809524,0.43530952380952387,0.41148095238095234,0.41242285714285715,0.41389428571428566,0.40114285714285713,0.40227142857142856,0.3996171428571429,0.4140885714285714,0.42114857142857137,0.4197342857142857,0.4185657142857143,0.41573142857142853,0.4069857142857143,0.4042057142857143,0.43047142857142856,0.42874857142857153,0.4087885714285715,0.3478428571428571,0.3427771428571429,0.3313285714285715,0.3409028571428571,0.3495342857142857,0.36998,0.36129428571428573,0.3578542857142858,0.3666257142857143,0.34934,0.33724571428571426,0.33625142857142853,0.35978000000000004,0.36212285714285714,0.3272571428571428,0.41097653061224493,0.41330204081632654,0.4153785714285715,0.4150877551020408,0.4146561224489796,0.40939285714285717,0.4144030612244897,0.4139010204081633,0.4081928571428572,0.43472857142857135,0.43442244897959187,0.42877959183673475,0.43612653061224477,0.4366112244897959,0.4346581632653061,0.3376333333333333,0.31736666666666663,0.30838571428571426,0.31933333333333336,0.32365238095238097,0.3406595238095238,0.33745476190476187,0.3333142857142857,0.32136666666666663,0.31540952380952375,0.3108261904761905,0.31813333333333327,0.34320476190476185,0.3418095238095238,0.3191047619047619,0.33459183673469384,0.3309190476190475,0.32940068027210884,0.32618639455782317,0.3235646258503402,0.3306938775510204,0.3328761904761905,0.3328299319727891,0.3325469387755102,0.32804693877551017,0.3183571428571429,0.31549387755102043,0.3252299319727891,0.33052176870748307,0.31776054421768707,Male,5,5-7,Elementary,E,NC,R16E19b5_info1_250Hz_gu2_AEP.conn
R16S04G5,R16S04g5_info1_250Hz_gu1_AEP.conn,gu1,0.32199523809523806,0.29725714285714283,0.27567142857142857,0.2715476190476191,0.2751619047619048,0.3074095238095238,0.3219714285714286,0.33629523809523815,0.36574285714285715,0.30838571428571426,0.2921095238095239,0.2851095238095238,0.3633333333333333,0.3725619047619047,0.31405238095238097,0.35091142857142854,0.3457685714285714,0.34113142857142853,0.33803714285714287,0.33205142857142855,0.3312,0.34057714285714286,0.34508285714285714,0.34409428571428574,0.32867142857142856,0.32222,0.3210485714285714,0.33216571428571434,0.33903142857142854,0.31421142857142864,0.28822000000000003,0.2834685714285714,0.2862,0.28631142857142855,0.2834685714285714,0.30554571428571425,0.28897999999999996,0.28144,0.27696,0.2871714285714286,0.2858371428571428,0.28529142857142864,0.2908085714285714,0.28398,0.28310857142857143,0.35684489795918367,0.3595275510204082,0.3555969387755103,0.3500918367346939,0.3546030612244898,0.3623795918367347,0.3616683673469388,0.35967551020408167,0.36333979591836735,0.3690153061224491,0.3729622448979592,0.37268673469387753,0.37981020408163263,0.3764887755102041,0.37534591836734693,0.3810238095238095,0.37775952380952377,0.38393809523809524,0.38480000000000003,0.37604047619047615,0.3786619047619048,0.3758714285714286,0.37942857142857145,0.3824666666666667,0.35114047619047617,0.3656166666666667,0.37245476190476184,0.3775666666666668,0.3766809523809524,0.36699047619047614,0.2779482993197279,0.2786823129251701,0.2809993197278912,0.2806360544217687,0.2776122448979592,0.2799598639455782,0.2822020408163265,0.2786721088435374,0.2727727891156463,0.2897755102040817,0.2911530612244898,0.28576666666666667,0.28325646258503406,0.28093061224489796,0.28756598639455777,Female,5,5-7,Elementary,S,NC,R16S04g5_info1_250Hz_gu2_AEP.conn
R16S25B8,R16S25b8_info1_250Hz_gu1_AEP.conn,gu1,0.33259047619047616,0.3218190476190476,0.31260952380952384,0.319647619047619,0.3072238095238095,0.3383857142857143,0.34339523809523814,0.3488952380952381,0.37297142857142856,0.3741285714285714,0.36242380952380954,0.3679333333333334,0.37097142857142856,0.3843190476190476,0.382147619047619,0.35631142857142856,0.3630371428571429,0.3649514285714286,0.36140571428571433,0.34587142857142855,0.3445085714285715,0.35102,0.34980857142857147,0.3319885714285714,0.3573857142857143,0.3606771428571428,0.3529142857142857,0.3444857142857143,0.35087142857142856,0.3649885714285714,0.34725142857142854,0.35477428571428565,0.3517542857142857,0.34672000000000003,0.34014571428571433,0.3515371428571428,0.34546,0.3206342857142857,0.31642571428571425,0.36359142857142857,0.35327714285714285,0.34046571428571426,0.3429428571428571,0.3156485714285714,0.3555857142857143,0.3749591836734693,0.3720795918367346,0.37655102040816324,0.3707938775510204,0.3720663265306122,0.3725571428571429,0.364134693877551,0.36424693877551023,0.36549795918367345,0.382880612244898,0.38676836734693876,0.38443469387755097,0.38573877551020397,0.39185408163265306,0.3858775510204081,0.32350238095238093,0.32476190476190475,0.31921428571428573,0.31969999999999993,0.32059285714285707,0.31516190476190475,0.32254999999999995,0.32888095238095233,0.3283214285714286,0.31316666666666665,0.30328571428571427,0.30213809523809526,0.3306071428571429,0.3351309523809524,0.29873809523809525,0.29056122448979593,0.29203809523809526,0.29235782312925174,0.2905843537414966,0.2907911564625851,0.2806170068027211,0.2860795918367347,0.29065714285714284,0.2909952380952381,0.29867006802721086,0.2994598639455782,0.2980938775510204,0.2954278911564627,0.2990700680272109,0.2955476190476191,Male,8,8-12,Elementary,S,NC,R16S25b8_info1_250Hz_gu2_AEP.conn
R16E15G5,R16E15g5_info1_250Hz_gu1_AEP.conn,gu1,0.24702380952380953,0.23707142857142857,0.2385952380952381,0.24599047619047618,0.24145714285714281,0.2572428571428571,0.25535238095238094,0.24755714285714284,0.2847952380952381,0.28638095238095235,0.27672380952380954,0.2720142857142857,0.2878095238095238,0.29300476190476193,0.2809190476190476,0.30191999999999997,0.29997999999999997,0.2901657142857143,0.2911314285714285,0.29378,0.28336857142857147,0.28152857142857146,0.2799085714285714,0.28165142857142855,0.2864514285714286,0.28134,0.2860057142857143,0.28437999999999997,0.2850857142857143,0.3000685714285714,0.2965885714285714,0.2905942857142857,0.2845714285714286,0.2825114285714285,0.2772771428571429,0.27633714285714284,0.2722685714285714,0.26306,0.25052857142857143,0.2773514285714286,0.26786571428571426,0.2705,0.26126571428571427,0.2562085714285714,0.27344,0.29272653061224485,0.29699897959183674,0.29562857142857146,0.294984693877551,0.2986571428571429,0.2880602040816327,0.28112551020408166,0.27710510204081634,0.2753663265306122,0.3070561224489795,0.30770918367346933,0.3060122448979592,0.2992214285714286,0.2940744897959183,0.305984693877551,0.2791666666666667,0.2729380952380952,0.26725952380952384,0.27055714285714283,0.2664404761904762,0.2521047619047619,0.2563404761904762,0.2665452380952381,0.27062857142857144,0.279252380952381,0.2788785714285714,0.28732142857142856,0.2607833333333333,0.2686047619047619,0.2672809523809524,0.1930482993197279,0.19147891156462585,0.18521020408163266,0.18526462585034015,0.18677142857142856,0.18672176870748297,0.1847795918367347,0.1764700680272109,0.17564761904761905,0.1901326530612245,0.18688367346938775,0.18701768707482994,0.19183401360544217,0.1820027210884354,0.18810136054421772,Female,5,5-7,Elementary,E,NC,R16E15g5_info1_250Hz_gu2_AEP.conn
R16A01BY08,R16A01by08_info1_250Hz_gu1_AEP.conn,gu1,0.33639523809523814,0.35459523809523813,0.36097142857142855,0.3496285714285714,0.3191523809523809,0.3560238095238095,0.3492142857142857,0.3476857142857143,0.3631571428571429,0.38498095238095237,0.3872428571428572,0.37579523809523807,0.34676190476190477,0.3543428571428571,0.35971904761904766,0.38564571428571426,0.3715742857142857,0.3678514285714286,0.36176857142857144,0.35039714285714285,0.3647,0.35726285714285716,0.3610542857142857,0.35514285714285715,0.38351428571428575,0.37521714285714286,0.36481142857142856,0.36440571428571433,0.3588714285714286,0.3794571428571428,0.37916857142857135,0.3758114285714286,0.39006857142857143,0.4041085714285714,0.40996000000000005,0.3943028571428572,0.38090857142857143,0.3628628571428571,0.36729142857142866,0.37286285714285716,0.39003428571428567,0.4068257142857143,0.3644942857142857,0.35806571428571426,0.3603714285714285,0.3701826530612245,0.36578775510204087,0.3532010204081633,0.35262040816326523,0.3694081632653062,0.3849479591836734,0.38014081632653063,0.38179285714285716,0.38442857142857145,0.37817551020408163,0.37756734693877547,0.37986938775510204,0.3803928571428572,0.3779510204081632,0.38899795918367347,0.31590952380952375,0.3022690476190476,0.30395,0.31565952380952383,0.3270904761904762,0.3025738095238095,0.29218809523809525,0.29705238095238096,0.3045214285714286,0.32217380952380953,0.32504047619047616,0.337452380952381,0.29899285714285717,0.3041333333333333,0.3381452380952381,0.3046952380952381,0.29971156462585036,0.2983176870748299,0.30007687074829925,0.3013374149659863,0.3182884353741497,0.31791020408163273,0.3165469387755102,0.31692176870748306,0.3076571428571429,0.3055578231292517,0.30528503401360546,0.3086190476190476,0.31252925170068024,0.3195401360544217,Female,8,8-12,Elementary,A,NC,R16A01by08_info1_250Hz_gu2_AEP.conn
R16E11B5,R16E11b5_info1_250Hz_gu1_AEP.conn,gu1,0.29866190476190474,0.2858380952380952,0.2757095238095238,0.2675619047619048,0.2618809523809524,0.25528095238095233,0.24053333333333335,0.2388523809523809,0.27786666666666665,0.30870000000000003,0.2904666666666667,0.29594761904761907,0.27589523809523814,0.2797523809523809,0.30033333333333334,0.3629171428571428,0.35715142857142856,0.3603171428571429,0.36210285714285717,0.36224285714285714,0.32926,0.3368771428571429,0.3421885714285714,0.3431057142857143,0.3513942857142857,0.34590571428571426,0.3465971428571429,0.3371685714285714,0.34932285714285716,0.33718571428571426,0.32054,0.3158714285714286,0.30936857142857144,0.30405142857142853,0.30694857142857146,0.30114857142857143,0.30160571428571425,0.3007857142857143,0.2986257142857143,0.3067857142857143,0.30514,0.3019514285714286,0.29795999999999995,0.30765999999999993,0.3017485714285714,0.3202204081632653,0.32331122448979593,0.32373469387755105,0.3239581632653061,0.32036530612244896,0.32632959183673466,0.33181632653061227,0.32691938775510204,0.32128673469387753,0.33431224489795924,0.3372285714285714,0.33904183673469385,0.34221530612244905,0.33788163265306126,0.3380357142857142,0.2624547619047619,0.2515309523809524,0.2568357142857143,0.25928095238095233,0.26665,0.24856666666666669,0.24623809523809526,0.25744285714285714,0.26607619047619047,0.2674952380952381,0.2648904761904762,0.2662071428571428,0.28297857142857147,0.28354285714285715,0.26844523809523807,0.23354489795918365,0.22695170068027212,0.22954761904761906,0.23102108843537414,0.22564829931972796,0.22031224489795923,0.22056598639455785,0.22030476190476192,0.22035510204081626,0.23524013605442182,0.2395965986394558,0.2379578231292517,0.2303510204081633,0.2289319727891156,0.24021428571428569,Male,5,5-7,Elementary,E,NC,R16E11b5_info1_250Hz_gu2_AEP.conn
R16S13B9,R16S13b9_info1_250Hz_gu1_AEP.conn,gu1,0.3612714285714285,0.3705857142857143,0.3924380952380953,0.3962238095238095,0.38126190476190475,0.3605047619047619,0.3634476190476191,0.3701142857142857,0.40105714285714283,0.3780142857142857,0.3955666666666666,0.40438095238095245,0.3793714285714285,0.3822190476190476,0.38230476190476187,0.38999999999999996,0.3892257142857143,0.39032285714285714,0.37905428571428573,0.3706942857142857,0.37976857142857146,0.36210285714285717,0.3620542857142857,0.3626828571428572,0.3763714285714286,0.3677971428571428,0.3535314285714286,0.3522257142857143,0.35222571428571425,0.35828571428571426,0.3087314285714286,0.31894,0.31549142857142864,0.3076514285714286,0.30678857142857147,0.30766000000000004,0.30216571428571426,0.29904571428571425,0.3019971428571429,0.3129314285714285,0.30646285714285704,0.2945257142857143,0.28916571428571425,0.28670285714285715,0.30117142857142853,0.33233061224489796,0.33192244897959183,0.332119387755102,0.3320581632653061,0.33285510204081625,0.33616326530612245,0.33788571428571423,0.34109795918367347,0.3411826530612245,0.34461632653061225,0.34594285714285716,0.34483571428571425,0.3571734693877551,0.3627714285714285,0.3407867346938776,0.26161428571428574,0.2605809523809524,0.2624166666666667,0.2683809523809524,0.2650238095238095,0.26290952380952387,0.26680000000000004,0.2704309523809524,0.2665690476190477,0.2678071428571429,0.26841666666666664,0.27772619047619046,0.28607142857142853,0.29045238095238096,0.26223095238095234,0.2507544217687074,0.25032993197278913,0.24886190476190478,0.24778231292517003,0.24815850340136053,0.24408843537414965,0.2440272108843537,0.24337006802721084,0.2454591836734694,0.2511163265306122,0.2477612244897959,0.2470353741496599,0.2514795918367347,0.25449863945578227,0.24172380952380948,Male,9,8-12,Elementary,S,NC,R16S13b9_info1_250Hz_gu2_AEP.conn
R16S16G11,R16S16g11_info1_250Hz_gu1_AEP.conn,gu1,0.33772380952380954,0.32890476190476187,0.32415714285714287,0.33227619047619045,0.32875238095238096,0.3480857142857143,0.35639523809523804,0.35897142857142855,0.3919095238095238,0.3692190476190476,0.35997619047619045,0.36520476190476187,0.38267142857142855,0.3787809523809524,0.3670333333333333,0.4050857142857144,0.41429142857142853,0.41089714285714296,0.41096571428571427,0.4112857142857143,0.41059999999999997,0.4169085714285715,0.42539999999999994,0.4332885714285714,0.41052571428571427,0.41424571428571433,0.41302571428571433,0.4246085714285714,0.42571999999999993,0.4204742857142857,0.37876857142857145,0.37757714285714283,0.3619742857142857,0.34991142857142854,0.35328857142857134,0.3585885714285714,0.35096285714285713,0.3494,0.36620285714285716,0.3739971428571428,0.36235142857142855,0.34894857142857144,0.35336285714285715,0.3443742857142857,0.3636514285714286,0.3437214285714285,0.34137040816326536,0.3397183673469388,0.33861020408163267,0.3378448979591836,0.3363948979591837,0.3393969387755102,0.3412765306122449,0.3422561224489796,0.3618,0.3605938775510204,0.357911224489796,0.3505357142857143,0.35685102040816324,0.3676173469387755,0.3227333333333333,0.3267690476190476,0.3339071428571429,0.3290404761904762,0.30640238095238087,0.3142595238095238,0.3176904761904762,0.33132142857142854,0.3339238095238095,0.3514333333333333,0.35428333333333334,0.3474928571428571,0.32608333333333334,0.3364023809523809,0.34094761904761905,0.30212653061224487,0.299443537414966,0.2957700680272109,0.29442857142857143,0.29365034013605446,0.29272857142857145,0.29475510204081634,0.29806258503401367,0.30545374149659865,0.3020537414965987,0.2949367346938776,0.29913945578231294,0.2990727891156463,0.3041938775510204,0.29969455782312926,Female,11,8-12,Elementary,S,NC,R16S16g11_info1_250Hz_gu2_AEP.conn
R16E10G9,R16E10g9_info1_250Hz_gu1_AEP.conn,gu1,0.30513809523809526,0.2837,0.28020952380952385,0.28789047619047614,0.3013047619047619,0.3120523809523809,0.32910476190476196,0.33431428571428573,0.3511571428571429,0.3277809523809524,0.31743333333333335,0.3287333333333333,0.3356619047619048,0.34476666666666667,0.33476190476190476,0.3939971428571429,0.3872342857142857,0.39073142857142856,0.40372,0.39585428571428577,0.3994171428571428,0.39377428571428574,0.3899485714285714,0.3812714285714286,0.3863485714285715,0.3929942857142857,0.4065314285714286,0.3786171428571429,0.37458285714285716,0.38867714285714283,0.32174571428571425,0.30635714285714283,0.30510571428571426,0.3217857142857143,0.33753714285714287,0.3077857142857142,0.30187428571428565,0.3052142857142857,0.2968885714285714,0.3217971428571429,0.31849714285714287,0.3329714285714286,0.3107371428571428,0.30160857142857145,0.3287657142857143,0.316515306122449,0.31987448979591837,0.32648979591836735,0.3268561224489796,0.3182142857142857,0.3282255102040817,0.3268938775510204,0.3281744897959184,0.3237081632653061,0.3373489795918367,0.34259897959183677,0.3427367346938775,0.3428836734693878,0.3466510204081633,0.34775306122448985,0.3035619047619047,0.31489285714285714,0.31181190476190473,0.3098261904761905,0.3107666666666667,0.3192095238095238,0.3279071428571428,0.33422380952380953,0.33326904761904763,0.3162238095238095,0.31403571428571425,0.30574761904761905,0.33575238095238097,0.3393238095238095,0.3218261904761905,0.28648639455782315,0.2849353741496599,0.2883721088435375,0.2958088435374149,0.2963380952380952,0.29811156462585037,0.3003795918367347,0.2975020408163265,0.301730612244898,0.29424965986394563,0.3004625850340136,0.3043863945578232,0.3061897959183674,0.3021170068027211,0.3039210884353742,Female,9,8-12,Elementary,E,NC,R16E10g9_info1_250Hz_gu2_AEP.conn
R16E04G10,R16E04g10_info1_250Hz_gu1_AEP.conn,gu1,0.4058761904761905,0.4193476190476191,0.4328619047619047,0.43447619047619046,0.4230380952380952,0.41099999999999987,0.41744761904761907,0.4285761904761905,0.45010476190476184,0.46176666666666666,0.47298095238095234,0.4749952380952381,0.44652857142857144,0.4566761904761905,0.46545238095238095,0.4463114285714285,0.4426457142857143,0.44730857142857144,0.4523400000000001,0.4523485714285715,0.44591714285714285,0.4434285714285714,0.4426228571428571,0.4476857142857143,0.45960857142857137,0.46601142857142863,0.4651828571428571,0.4601828571428571,0.46286571428571427,0.4726057142857142,0.41280857142857136,0.4093828571428572,0.4065628571428571,0.4054942857142857,0.4075971428571428,0.40114857142857147,0.39916,0.39277999999999996,0.38863428571428565,0.4126314285714285,0.41541999999999996,0.4127828571428571,0.4060657142857143,0.39972285714285716,0.41054571428571424,0.424438775510204,0.42213469387755104,0.42134591836734697,0.41696122448979583,0.4135265306122449,0.43220306122448976,0.42587653061224495,0.4162030612244898,0.4140010204081631,0.42968469387755104,0.43269387755102046,0.4327142857142858,0.4358295918367347,0.42918163265306114,0.43573877551020396,0.32895714285714284,0.3299904761904762,0.3371309523809524,0.34573095238095236,0.3583619047619047,0.34585952380952384,0.3416547619047619,0.33410952380952375,0.3342047619047619,0.3367238095238096,0.3437785714285715,0.3437333333333334,0.33656904761904766,0.3394571428571429,0.34146666666666664,0.31608843537414966,0.3209476190476191,0.3214326530612245,0.3202081632653061,0.31670204081632664,0.31886938775510193,0.32076054421768707,0.3196639455782313,0.31968571428571435,0.3244829931972789,0.3222571428571429,0.3173632653061225,0.31986938775510204,0.32004421768707486,0.3198136054421768,Female,10,8-12,Elementary,E,NC,R16E04g10_info1_250Hz_gu2_AEP.conn
R16BF01B10,R16BF01b10_info1_250Hz_gu1_AEP.conn,gu1,0.3622380952380952,0.36651428571428574,0.36130476190476185,0.33857619047619053,0.33179047619047614,0.3171952380952381,0.3330952380952381,0.3335904761904762,0.3505047619047619,0.3855761904761905,0.3804809523809524,0.3633809523809524,0.3524666666666667,0.35652380952380947,0.3526809523809524,0.4006628571428571,0.4105942857142857,0.41211714285714285,0.39740857142857144,0.40196,0.38757714285714284,0.40621142857142856,0.4124314285714285,0.4032114285714286,0.38520571428571426,0.37931714285714285,0.36648285714285717,0.4071457142857143,0.40854285714285715,0.3594914285714285,0.3326485714285715,0.3185485714285714,0.34151714285714285,0.36472,0.39026285714285713,0.3229971428571428,0.3462714285714285,0.3699685714285714,0.3676342857142857,0.3246857142857143,0.34071428571428575,0.3599942857142857,0.34213428571428567,0.36240571428571433,0.3457571428571429,0.3946051020408163,0.39174591836734696,0.3920959183673469,0.3878275510204081,0.38332040816326535,0.3855244897959184,0.3801816326530612,0.38267551020408164,0.3828448979591837,0.4072632653061224,0.41075918367346936,0.40547448979591827,0.396938775510204,0.4007234693877551,0.41357244897959183,0.3463238095238095,0.3431666666666667,0.34499285714285716,0.33435,0.3366857142857143,0.32603333333333334,0.3286357142857143,0.3197785714285714,0.3191452380952381,0.35784047619047626,0.3587595238095238,0.3435119047619048,0.3225261904761905,0.32430476190476193,0.3502285714285715,0.2823666666666667,0.2860639455782313,0.28465714285714294,0.28490136054421766,0.2925108843537415,0.28046258503401367,0.28744421768707484,0.3018278911564626,0.30956394557823125,0.28586870748299315,0.2890408163265306,0.29382857142857144,0.28958163265306125,0.3025972789115647,0.29583197278911566,Male,10,8-12,Elementary,S,NC,R16BF01b10_info1_250Hz_gu2_AEP.conn
R16S08G10,R16S08g10_info1_250Hz_gu1_AEP.conn,gu1,0.35854761904761906,0.3487523809523809,0.3360666666666667,0.3382,0.3295857142857143,0.32818571428571425,0.33745714285714284,0.35040476190476194,0.3791761904761905,0.3717,0.3580380952380952,0.35823333333333335,0.35211904761904766,0.3634523809523809,0.34120476190476196,0.34880571428571433,0.3520914285714286,0.35062000000000004,0.35334857142857146,0.3519228571428571,0.3536971428571429,0.3508285714285714,0.35037142857142856,0.3585857142857144,0.3381085714285714,0.3380571428571429,0.34094,0.34407714285714286,0.34020571428571433,0.32098,0.29820285714285716,0.2972485714285714,0.29033714285714285,0.27772,0.26874571428571425,0.3092828571428571,0.3005771428571428,0.2961628571428571,0.28922857142857145,0.30067714285714287,0.29839142857142864,0.2862285714285714,0.2986371428571428,0.2889171428571429,0.3032742857142857,0.39365714285714287,0.39585612244897955,0.3946510204081632,0.3866112244897959,0.38304387755102043,0.4040683673469388,0.39546530612244896,0.39217448979591835,0.3914642857142857,0.39977346938775504,0.3979132653061225,0.39614081632653064,0.4034571428571429,0.3997081632653061,0.3965020408163264,0.30929999999999996,0.29945476190476195,0.29869285714285715,0.29883571428571426,0.30587380952380955,0.31556666666666666,0.30479285714285714,0.30584285714285714,0.30716190476190475,0.3103142857142857,0.30285,0.3035952380952381,0.31493571428571426,0.31322619047619044,0.30010714285714285,0.26654217687074827,0.26618299319727895,0.2718442176870748,0.27178775510204084,0.27215918367346936,0.27597687074829935,0.2793952380952381,0.2818319727891157,0.28103877551020406,0.27560748299319726,0.27615986394557823,0.278974149659864,0.2888272108843537,0.2936605442176871,0.28034557823129247,Female,10,8-12,Elementary,S,NC,R16S08g10_info1_250Hz_gu2_AEP.conn
R16A03G07,R16A03g07_info1_250Hz_gu1_AEP.conn,gu1,0.227052380952381,0.23518095238095238,0.23171904761904769,0.22238571428571427,0.23012857142857146,0.21750000000000003,0.23524285714285717,0.2352619047619048,0.27163333333333334,0.2648142857142857,0.2591761904761905,0.2503809523809524,0.27797142857142854,0.2611428571428571,0.2573714285714286,0.29626857142857144,0.2993542857142858,0.2944657142857143,0.2851971428571428,0.2900285714285714,0.2949342857142857,0.2951114285714286,0.29461714285714286,0.30468571428571434,0.29183142857142863,0.2806457142857143,0.27524857142857145,0.28330571428571427,0.2872657142857143,0.28537714285714283,0.21824,0.2343028571428571,0.23895714285714287,0.23899714285714285,0.23788,0.2427485714285714,0.24379428571428569,0.24786000000000002,0.2568285714285714,0.22639428571428571,0.2248942857142857,0.2195885714285714,0.23154,0.2374542857142857,0.21139714285714284,0.2673785714285714,0.2777948979591837,0.2789306122448979,0.2750530612244898,0.2716520408163265,0.27559387755102044,0.2730857142857143,0.27166122448979596,0.26755,0.29681428571428575,0.30158061224489796,0.2992663265306122,0.29305510204081625,0.2896275510204082,0.2987806122448979,0.23336904761904761,0.23380238095238093,0.23959047619047621,0.24498809523809525,0.25170476190476193,0.25967619047619045,0.265747619047619,0.27618571428571426,0.27589523809523814,0.2572261904761905,0.25879761904761905,0.2560642857142857,0.2674690476190476,0.269052380952381,0.2610071428571428,0.20509183673469392,0.2071537414965986,0.20654489795918368,0.20698299319727892,0.20594829931972788,0.20395238095238094,0.20557414965986393,0.20539387755102045,0.20100068027210888,0.20355918367346937,0.20558775510204078,0.2092945578231293,0.20660204081632658,0.20861564625850343,0.20647210884353745,Female,7,5-7,Elementary,A,NC,R16A03g07_info1_250Hz_gu2_AEP.conn
R16S14B5,R16S14b5_info1_250Hz_gu1_AEP.conn,gu1,0.32025238095238096,0.3061380952380952,0.2962142857142857,0.3019904761904762,0.30067142857142864,0.303652380952381,0.28655238095238095,0.2735809523809524,0.30734761904761904,0.3230714285714285,0.3166857142857143,0.3246761904761905,0.29810476190476193,0.2875190476190476,0.3083619047619048,0.32130285714285717,0.3162285714285714,0.3207914285714286,0.3268285714285714,0.32617714285714283,0.3106285714285714,0.3150228571428571,0.3124771428571428,0.3021857142857143,0.31075428571428576,0.3136685714285714,0.31161428571428573,0.3180942857142857,0.31714,0.29735999999999996,0.3626714285714286,0.3593828571428571,0.36226285714285716,0.35314000000000006,0.3440485714285715,0.34578571428571425,0.34546,0.3451428571428571,0.3376828571428572,0.3561142857142857,0.3584942857142857,0.3418857142857143,0.35550000000000004,0.35572857142857145,0.3513857142857143,0.42916020408163263,0.4269244897959183,0.4285836734693878,0.4281438775510204,0.4298826530612245,0.446057142857143,0.44406224489795915,0.44152653061224495,0.4370224489795917,0.439465306122449,0.43876836734693886,0.4374928571428572,0.45748163265306113,0.4576142857142857,0.4435714285714286,0.30878333333333335,0.31277142857142853,0.3139523809523809,0.31226666666666675,0.3051619047619048,0.31089523809523806,0.3192190476190477,0.3264333333333333,0.31956666666666667,0.3184357142857143,0.31578095238095233,0.3082619047619048,0.3229738095238095,0.3259761904761905,0.3101904761904762,0.2748802721088435,0.27263469387755096,0.2744251700680272,0.2751047619047619,0.27648231292517006,0.26902585034013604,0.2694027210884354,0.26881292517006805,0.2671421768707483,0.2761102040816326,0.278143537414966,0.28100884353741495,0.2840857142857142,0.28320884353741493,0.28072857142857144,Male,5,5-7,Elementary,S,NC,R16S14b5_info1_250Hz_gu2_AEP.conn
R16E08Y05B5,R16E08y05b5_info1_250Hz_gu1_AEP.conn,gu1,0.37860000000000005,0.35924761904761904,0.34738571428571435,0.3378476190476191,0.33611904761904765,0.35001428571428567,0.35637619047619057,0.36651904761904763,0.4059952380952381,0.3853380952380953,0.3830857142857143,0.3807809523809524,0.3865809523809524,0.391,0.3944571428571429,0.37283428571428573,0.3780028571428572,0.3821742857142857,0.3756257142857143,0.3744942857142857,0.39203714285714286,0.3883485714285714,0.38891714285714285,0.3856114285714286,0.37424285714285715,0.37825428571428577,0.37410000000000004,0.3943828571428571,0.3951,0.38105714285714287,0.34360857142857143,0.34090857142857145,0.33500857142857143,0.3319171428571428,0.32417714285714283,0.3470285714285714,0.33578285714285716,0.3347142857142858,0.33571142857142855,0.3334428571428571,0.32522,0.3266857142857143,0.3343028571428571,0.33424,0.32057142857142856,0.35712857142857146,0.3595612244897959,0.3552755102040817,0.35329591836734686,0.35194387755102036,0.3525938775510204,0.35678877551020405,0.3579459183673469,0.3516020408163265,0.376954081632653,0.3718938775510204,0.3707102040816325,0.3706408163265307,0.3709765306122449,0.37006122448979595,0.2785761904761905,0.2807595238095238,0.28986904761904764,0.29287857142857143,0.29511666666666664,0.28540238095238096,0.2854761904761905,0.28803333333333336,0.28790476190476194,0.2893047619047619,0.3041714285714286,0.3090285714285714,0.2946714285714286,0.2943857142857143,0.30638095238095236,0.28997891156462585,0.28660272108843543,0.28689863945578237,0.2843034013605442,0.2903843537414967,0.2970993197278912,0.29900136054421766,0.29971292517006803,0.29528843537414967,0.2917707482993197,0.294143537414966,0.2920591836734694,0.30194081632653064,0.3047993197278912,0.29366190476190474,Male,5,5-7,Elementary,E,NC,R16E08y05b5_info1_250Hz_gu2_AEP.conn
R16E18G9,R16E18g9_info1_250Hz_gu1_AEP.conn,gu1,0.30613333333333337,0.3244190476190476,0.3251714285714286,0.31469047619047613,0.30051904761904763,0.30640952380952385,0.3012142857142857,0.3062190476190476,0.3552095238095238,0.36361428571428567,0.3643761904761906,0.35700952380952383,0.3520142857142858,0.3585238095238095,0.36278095238095237,0.37298571428571425,0.3743085714285714,0.3702857142857143,0.3679914285714286,0.3734685714285714,0.4015971428571429,0.3968857142857143,0.3887028571428572,0.38684571428571435,0.38352571428571425,0.3812542857142857,0.38447714285714285,0.40597428571428573,0.40169428571428567,0.38191714285714284,0.2915628571428571,0.2977171428571429,0.30052285714285715,0.3020542857142857,0.3078428571428572,0.30362,0.3017971428571429,0.295,0.2874714285714286,0.3014828571428571,0.3023628571428571,0.30824571428571435,0.3065114285714286,0.30250571428571427,0.30264857142857143,0.33079387755102035,0.335634693877551,0.3335061224489796,0.3261010204081632,0.3223673469387755,0.33228775510204084,0.33564999999999995,0.3370295918367347,0.3338836734693878,0.3468040816326531,0.34595714285714285,0.3440316326530612,0.3597693877551021,0.35447551020408163,0.346073469387755,0.34777142857142856,0.3520666666666667,0.34773571428571426,0.3410571428571429,0.34487142857142855,0.3369190476190476,0.33973809523809523,0.3472095238095238,0.3447238095238095,0.33558333333333334,0.33379523809523803,0.33131428571428573,0.34526190476190477,0.34032380952380953,0.33918571428571426,0.26177551020408163,0.2613897959183673,0.2586666666666667,0.263030612244898,0.26500204081632656,0.25845170068027207,0.2558401360544218,0.2570394557823129,0.2543707482993197,0.2569843537414966,0.25733265306122444,0.2613931972789115,0.25809931972789113,0.2600326530612245,0.2586850340136054,Female,9,8-12,Elementary,E,NC,R16E18g9_info1_250Hz_gu2_AEP.conn
R16S07B8,R16S07b8_info1_250Hz_gu1_AEP.conn,gu1,0.2994047619047619,0.30136666666666667,0.29553333333333337,0.29601428571428573,0.3008571428571429,0.2881285714285714,0.2928380952380953,0.28913809523809525,0.3290333333333333,0.3335857142857142,0.32544761904761904,0.3329333333333333,0.32936190476190474,0.3269571428571429,0.30859047619047614,0.3284828571428572,0.3399085714285714,0.3349314285714286,0.3242628571428571,0.3254657142857143,0.31376857142857145,0.3171285714285714,0.31862,0.31822,0.32064571428571426,0.3160857142857143,0.3018571428571429,0.3012714285714285,0.3056257142857143,0.3085885714285714,0.30722571428571427,0.31462571428571423,0.31356,0.30140857142857147,0.29717142857142853,0.3201542857142857,0.31212,0.3082485714285714,0.3116257142857143,0.30864857142857144,0.31588000000000005,0.3090314285714286,0.30352,0.2992228571428571,0.31797714285714285,0.35460408163265306,0.35919387755102045,0.3598928571428572,0.35572755102040815,0.35771020408163273,0.3576530612244898,0.36043673469387755,0.3653775510204081,0.36404591836734695,0.37995510204081645,0.38069693877551025,0.378480612244898,0.3807836734693878,0.38165612244897956,0.38119897959183663,0.3083952380952381,0.2979714285714286,0.29382380952380954,0.29121904761904766,0.2910309523809524,0.29804523809523814,0.29642619047619045,0.29407857142857147,0.2838238095238095,0.28401904761904767,0.29050238095238096,0.2982166666666667,0.29025476190476185,0.2913452380952381,0.28109047619047617,0.2660897959183674,0.26786122448979593,0.2634537414965986,0.2589013605442177,0.2610795918367347,0.25501156462585034,0.25418775510204084,0.24926598639455777,0.2508442176870748,0.2749258503401361,0.27317482993197284,0.27047006802721085,0.2627748299319728,0.25994489795918363,0.2713925170068026,Male,8,8-12,Elementary,S,NC,R16S07b8_info1_250Hz_gu2_AEP.conn
R16S03B10,R16S03b10_info1_250Hz_gu1_AEP.conn,gu1,0.2538714285714286,0.25419047619047624,0.2616095238095238,0.27333809523809527,0.27884761904761907,0.23375238095238093,0.24004761904761907,0.24123809523809525,0.28395238095238096,0.3046333333333333,0.3074142857142857,0.30854761904761907,0.2903047619047619,0.2938619047619048,0.3132857142857143,0.3071742857142857,0.30557142857142855,0.30328571428571427,0.3066371428571429,0.30632571428571426,0.30329999999999996,0.3001657142857143,0.29562571428571427,0.29796,0.29411714285714285,0.29744857142857145,0.30376857142857144,0.29726285714285716,0.29240000000000005,0.29146285714285713,0.2713342857142857,0.27506285714285716,0.28505714285714284,0.2883342857142857,0.28860857142857144,0.27408,0.27572571428571424,0.28452857142857135,0.28663428571428573,0.2748828571428571,0.28218857142857146,0.29198285714285716,0.2643514285714285,0.27712,0.2802685714285714,0.3041132653061224,0.2988142857142857,0.2968938775510204,0.29851938775510206,0.30467346938775514,0.3024979591836735,0.30207448979591833,0.30433571428571426,0.302245918367347,0.3201734693877551,0.31248163265306117,0.3123622448979592,0.3182938775510204,0.32029489795918364,0.31483265306122454,0.26480714285714285,0.25719761904761906,0.25395,0.24521904761904764,0.2491404761904762,0.2583642857142857,0.253647619047619,0.24583809523809522,0.23535238095238095,0.2569714285714286,0.24675952380952382,0.24239285714285716,0.2574952380952381,0.25845952380952386,0.24291904761904762,0.22636462585034012,0.22922380952380947,0.23002108843537414,0.23059047619047612,0.22923877551020402,0.2280802721088436,0.23157551020408165,0.23072993197278913,0.2251707482993197,0.23409251700680273,0.23438435374149658,0.2369455782312925,0.23563605442176874,0.23569931972789118,0.24515986394557823,Male,10,8-12,Elementary,S,NC,R16S03b10_info1_250Hz_gu2_AEP.conn
R16A06G10,R16A06g10_info1_250Hz_gu1_AEP.conn,gu1,0.35937619047619046,0.38411904761904764,0.4048285714285715,0.41364285714285715,0.41718571428571427,0.38015714285714286,0.39590952380952377,0.39586666666666676,0.4258523809523809,0.4092047619047619,0.4300952380952381,0.4362809523809523,0.42924761904761904,0.433604761904762,0.4245333333333334,0.42500857142857146,0.42998571428571425,0.4290171428571429,0.43432000000000004,0.43644571428571427,0.4198657142857143,0.42064,0.41882285714285716,0.42710857142857145,0.4279428571428571,0.42097999999999997,0.4213457142857143,0.41726,0.4195685714285714,0.42762857142857136,0.3298085714285714,0.33699142857142855,0.33083142857142855,0.3362228571428571,0.33468285714285717,0.31270285714285717,0.31581714285714285,0.30856,0.3002057142857143,0.3259057142857143,0.31741714285714284,0.3212371428571429,0.3150371428571429,0.3105257142857143,0.3138085714285714,0.3120724489795919,0.31055000000000005,0.30645510204081633,0.30306122448979594,0.29926938775510203,0.30469285714285715,0.30911020408163264,0.3066071428571429,0.2977561224489796,0.3225561224489796,0.31697244897959187,0.31844387755102044,0.3219724489795918,0.3207571428571428,0.31619489795918365,0.3202047619047619,0.3281619047619047,0.3278690476190476,0.3216857142857143,0.33986428571428573,0.3176809523809524,0.31609523809523815,0.32173333333333337,0.34600000000000003,0.32767857142857143,0.32628571428571435,0.3224214285714286,0.3279642857142857,0.3375857142857143,0.33394523809523813,0.29118639455782314,0.28677414965986403,0.2864197278911564,0.27533061224489797,0.2818401360544217,0.28356870748299323,0.28147278911564627,0.2803238095238095,0.28858775510204077,0.2836319727891156,0.28211836734693874,0.2704877551020408,0.2776639455782314,0.27828299319727895,0.28716938775510203,Female,10,8-12,Elementary,A,NC,R16A06g10_info1_250Hz_gu2_AEP.conn
R16S02B_G6,R16S02b_g6_info1_250Hz_gu1_AEP.conn,gu1,0.369952380952381,0.3648857142857143,0.3633523809523809,0.36465714285714296,0.3639857142857143,0.3888380952380952,0.39217619047619046,0.38958095238095236,0.3907809523809524,0.38348095238095237,0.38914285714285707,0.4005809523809523,0.41412380952380956,0.4150857142857143,0.4020285714285714,0.35988857142857145,0.35553142857142855,0.36061714285714286,0.36517142857142854,0.3608971428571429,0.3585257142857142,0.35281999999999997,0.3550542857142857,0.3549914285714285,0.3375942857142857,0.33602857142857145,0.34395714285714285,0.33394285714285715,0.3397085714285714,0.33413714285714285,0.2791542857142857,0.2708114285714286,0.28524571428571427,0.2926714285714286,0.2930114285714286,0.27735714285714286,0.2669542857142857,0.2681857142857143,0.27567714285714284,0.26830571428571426,0.27745428571428576,0.2819942857142857,0.2467685714285714,0.2509228571428571,0.2825971428571429,0.3903571428571428,0.38472040816326525,0.3825163265306122,0.38278571428571423,0.3841806122448979,0.386495918367347,0.39082346938775514,0.3964418367346939,0.3982091836734694,0.40571938775510213,0.4087724489795918,0.4083122448979592,0.40491530612244897,0.40606326530612247,0.41293061224489797,0.3828404761904762,0.3792190476190476,0.37371904761904756,0.3662071428571429,0.3679261904761904,0.37643571428571426,0.36886904761904765,0.3714547619047619,0.37107380952380953,0.3849499999999999,0.3804166666666667,0.3803238095238095,0.3757761904761905,0.3757714285714286,0.3767071428571429,0.2969374149659864,0.29039115646258506,0.28767687074829923,0.2900632653061224,0.2938278911564626,0.29725918367346943,0.29692925170068024,0.29750952380952383,0.2966918367346938,0.2996959183673469,0.29487210884353743,0.29476734693877554,0.3077006802721088,0.3070768707482993,0.2940510204081633,Female,6,5-7,Elementary,S,NC,R16S02b_g6_info1_250Hz_gu2_AEP.conn
R16S15B10,R16S15b10_info1_250Hz_gu1_AEP.conn,gu1,0.3346333333333333,0.32711904761904764,0.32174285714285716,0.32026666666666664,0.31851428571428575,0.2861428571428571,0.28678571428571425,0.2932428571428571,0.34613333333333335,0.34486666666666665,0.349,0.3536285714285714,0.31729523809523813,0.32167142857142855,0.3368619047619048,0.31517999999999996,0.3152114285714286,0.3165085714285714,0.32127714285714287,0.32224285714285716,0.3007742857142857,0.3035828571428572,0.3103228571428572,0.3194085714285714,0.3181314285714286,0.3207857142857143,0.3224485714285715,0.3056142857142857,0.3115942857142857,0.32795428571428575,0.24248571428571428,0.24439428571428573,0.2527114285714286,0.26038,0.26046,0.2445,0.2479657142857143,0.2534657142857143,0.25751999999999997,0.2520057142857143,0.2544571428571428,0.2559742857142857,0.24497428571428573,0.25129428571428575,0.25762857142857143,0.2825979591836735,0.2794551020408163,0.2783887755102041,0.2810867346938775,0.28780816326530617,0.29642755102040813,0.29943367346938776,0.30026326530612246,0.2971122448979592,0.30125612244897954,0.29875,0.2989459183673469,0.3071877551020408,0.3084795918367346,0.3015275510204081,0.2658833333333333,0.27088809523809526,0.2711261904761905,0.272152380952381,0.2708285714285714,0.2624214285714286,0.25663571428571424,0.2559761904761905,0.2506261904761905,0.2850428571428572,0.28841428571428573,0.28843809523809527,0.27324523809523804,0.2803714285714286,0.28572380952380955,0.1880408163265306,0.1892666666666667,0.18876190476190477,0.18327142857142856,0.18109183673469392,0.18675102040816324,0.1875122448979592,0.18860272108843534,0.1865551020408163,0.1955272108843537,0.19318571428571427,0.1880265306122449,0.19004625850340137,0.19349319727891157,0.1919142857142857,Male,10,8-12,Elementary,S,NC,R16S15b10_info1_250Hz_gu2_AEP.conn
R16E12B9,R16E12b9_info1_250Hz_gu1_AEP.conn,gu1,0.3354095238095238,0.3251380952380953,0.3219476190476191,0.3339380952380952,0.3381619047619047,0.3205857142857143,0.3262238095238095,0.3366619047619048,0.32664285714285707,0.32603809523809524,0.3388380952380952,0.36597142857142856,0.34454761904761905,0.3390904761904762,0.3543857142857143,0.4152542857142857,0.4000114285714285,0.4031057142857143,0.40917142857142863,0.3978857142857143,0.4029571428571429,0.38022285714285725,0.3763685714285715,0.37227714285714286,0.38225428571428566,0.3912571428571428,0.40308857142857146,0.3789657142857143,0.36323142857142854,0.37812,0.36842571428571425,0.34985714285714287,0.35331142857142855,0.34624,0.3448171428571429,0.3273428571428572,0.3421485714285715,0.35140285714285713,0.3313885714285714,0.34528,0.3411657142857143,0.3313371428571429,0.32818571428571425,0.3354971428571428,0.3206771428571429,0.33435714285714285,0.3410836734693878,0.3492234693877551,0.35050918367346945,0.3485275510204081,0.3390724489795919,0.3332948979591837,0.32989795918367354,0.3324285714285714,0.3558683673469387,0.35693673469387754,0.3607714285714286,0.34682142857142867,0.3451020408163265,0.35133265306122446,0.35459999999999997,0.3500904761904762,0.3427166666666666,0.33644999999999997,0.3355047619047619,0.32639999999999997,0.32639999999999997,0.32419761904761907,0.32075952380952377,0.3403119047619048,0.32926666666666665,0.3264095238095238,0.34779999999999994,0.34873809523809524,0.335747619047619,0.3305659863945578,0.33901632653061226,0.34569455782312924,0.34429727891156464,0.33896190476190474,0.3329938775510204,0.33685238095238096,0.33917755102040814,0.33605850340136056,0.3367714285714285,0.34325782312925174,0.34045578231292517,0.3330993197278912,0.3367707482993197,0.34158503401360546,Male,9,8-12,Elementary,E,NC,R16E12b9_info1_250Hz_gu2_AEP.conn
R16S22B10,R16S22b10_info1_250Hz_gu1_AEP.conn,gu1,0.375704761904762,0.37425714285714284,0.37794285714285714,0.3759904761904762,0.33376190476190476,0.3259190476190476,0.3342380952380952,0.3489380952380952,0.40113333333333334,0.42031904761904765,0.41403809523809515,0.40159523809523806,0.4032,0.4038285714285714,0.4165095238095238,0.41024857142857146,0.4170742857142857,0.41948857142857143,0.41194571428571425,0.3835742857142857,0.38288857142857147,0.3818028571428571,0.3965428571428572,0.41526571428571424,0.4322457142857143,0.42971142857142863,0.4215942857142857,0.40134,0.4103257142857143,0.43270857142857155,0.34754857142857143,0.3552057142857143,0.3663542857142857,0.3657514285714286,0.36459142857142857,0.3555885714285714,0.3548085714285715,0.3534171428571429,0.3602657142857143,0.36710857142857145,0.3764771428571429,0.3758771428571429,0.35690571428571427,0.3614257142857143,0.37746,0.38068367346938786,0.3856183673469388,0.38975918367346946,0.3897336734693878,0.38278367346938774,0.38702346938775517,0.38533673469387747,0.3797479591836735,0.3811020408163265,0.39841836734693875,0.4039479591836734,0.40331734693877547,0.3990418367346939,0.39729387755102047,0.40857040816326534,0.300202380952381,0.3042690476190476,0.30258095238095234,0.2969452380952381,0.29405952380952377,0.28265238095238093,0.29060238095238095,0.29935000000000006,0.3067809523809524,0.30454999999999993,0.3102,0.3056404761904762,0.30696428571428575,0.3151285714285714,0.3054738095238095,0.26473197278911564,0.2648374149659864,0.26228435374149667,0.26244761904761904,0.26576870748299314,0.2640496598639456,0.2669979591836735,0.26987551020408157,0.2730081632653061,0.26699863945578234,0.26639455782312915,0.2647714285714285,0.2728102040816327,0.27572993197278917,0.2635231292517006,Male,10,8-12,Elementary,S,NC,R16S22b10_info1_250Hz_gu2_AEP.conn
R16BF02G9INFO1,R16BF02g9info1_250Hz_gu1_AEP.conn,gu1,0.24353809523809522,0.24264285714285716,0.2241857142857143,0.23040952380952381,0.23840000000000003,0.23941904761904764,0.24546666666666664,0.24834761904761904,0.2656190476190476,0.28217619047619047,0.26465714285714287,0.2575476190476191,0.2683380952380952,0.2583809523809524,0.26365238095238097,0.3068857142857143,0.3192457142857143,0.31871428571428567,0.3110028571428572,0.29829999999999995,0.3071542857142857,0.3278028571428572,0.3261142857142857,0.3059914285714286,0.30948571428571425,0.3066857142857143,0.3008,0.3168514285714286,0.3244657142857143,0.3081514285714285,0.21801142857142858,0.22437142857142858,0.2351714285714286,0.22716285714285714,0.20502285714285712,0.22875142857142863,0.24606571428571428,0.23918571428571428,0.22412285714285715,0.22363142857142856,0.2261028571428571,0.2197685714285714,0.2337714285714286,0.23137142857142856,0.22962571428571424,0.23735408163265306,0.23902346938775512,0.24351224489795917,0.24600306122448976,0.24522346938775513,0.2475224489795918,0.24673367346938777,0.2426255102040816,0.24864081632653062,0.26020000000000004,0.2683622448979592,0.2708632653061224,0.2556438775510204,0.25466428571428573,0.278769387755102,0.2626071428571429,0.25373809523809526,0.25456666666666666,0.24854285714285715,0.24950238095238095,0.27785238095238096,0.26612857142857144,0.2507619047619048,0.2546928571428571,0.2505380952380953,0.24503571428571427,0.24193333333333333,0.26484761904761905,0.2597047619047619,0.2439404761904762,0.2058414965986395,0.197169387755102,0.20170952380952376,0.19739795918367348,0.1964816326530612,0.21115782312925174,0.2167530612244898,0.21863061224489796,0.21538231292517004,0.20329795918367347,0.20851972789115644,0.2032625850340136,0.2084299319727891,0.21139047619047618,0.21099523809523815,Female,9,8-12,Elementary,S,NC,R16BF02g9info1_250Hz_gu2_AEP.conn
R16S06G6,R16S06g6_info1_250Hz_gu1_AEP.conn,gu1,0.2983095238095238,0.2926714285714286,0.2801476190476191,0.27462857142857144,0.2709333333333333,0.2608142857142857,0.26179523809523814,0.25807142857142856,0.289147619047619,0.3286476190476191,0.3182809523809524,0.30944761904761914,0.2850619047619048,0.28394761904761906,0.3114571428571428,0.2678257142857142,0.2665942857142857,0.2634914285714286,0.26616285714285715,0.2618542857142857,0.2704,0.26346857142857144,0.25086571428571425,0.23969142857142858,0.25395999999999996,0.2524571428571428,0.2555085714285715,0.2514657142857143,0.23905428571428572,0.2604314285714286,0.22063714285714284,0.20642285714285716,0.19744285714285717,0.2079285714285714,0.2158257142857143,0.24197142857142856,0.23374,0.22686,0.21706285714285717,0.20815714285714285,0.20982000000000003,0.21540571428571428,0.23039142857142858,0.22445428571428572,0.21208,0.3291775510204081,0.33046836734693874,0.3266551020408163,0.3215428571428572,0.3228418367346939,0.33154897959183677,0.32682755102040817,0.32344285714285714,0.31932857142857146,0.34574795918367357,0.34412653061224485,0.3418714285714285,0.34596122448979594,0.3425734693877551,0.34224489795918356,0.285547619047619,0.27576904761904764,0.2746880952380953,0.2699666666666667,0.26933809523809527,0.26744761904761905,0.268,0.26597857142857145,0.26957619047619047,0.28499761904761906,0.2839309523809524,0.28126904761904764,0.28463333333333335,0.2839809523809524,0.28335714285714286,0.20217687074829932,0.20150408163265304,0.20184285714285713,0.2026197278911565,0.20016802721088436,0.2080585034013605,0.20644285714285715,0.20600476190476188,0.20309931972789114,0.20009047619047612,0.20105102040816328,0.20188367346938774,0.20285034013605444,0.1988877551020408,0.20018571428571427,Female,6,5-7,Elementary,S,NC,R16S06g6_info1_250Hz_gu2_AEP.conn
R16BF05B5,R16BF05b5_info1_250Hz_gu1_AEP.conn,gu1,0.26185238095238095,0.2590952380952381,0.26439523809523807,0.26061428571428574,0.27522380952380954,0.25915714285714286,0.2531047619047619,0.25229523809523813,0.2804809523809524,0.2763904761904762,0.27756190476190473,0.28286666666666666,0.28523809523809524,0.28558571428571433,0.2793095238095238,0.31566571428571427,0.31580285714285716,0.3125657142857143,0.30032285714285717,0.3017714285714286,0.31738571428571427,0.32912857142857144,0.33091714285714285,0.3262514285714285,0.3139228571428571,0.31608,0.30789714285714287,0.3151657142857143,0.31958,0.31989428571428574,0.24981428571428568,0.2601171428571428,0.26242571428571426,0.2541428571428571,0.25607142857142856,0.26404,0.26752857142857145,0.26946857142857145,0.26870000000000005,0.25748,0.2543142857142857,0.24911999999999995,0.26277142857142854,0.2579742857142857,0.25552,0.3022857142857143,0.29948367346938776,0.29332142857142857,0.28518775510204086,0.28277959183673473,0.3008836734693877,0.3045561224489796,0.307030612244898,0.3054724489795918,0.31832142857142853,0.31042755102040814,0.3084030612244898,0.32106122448979596,0.32519387755102036,0.3120163265306123,0.2729095238095238,0.2792880952380952,0.27567619047619046,0.2726595238095238,0.26911904761904765,0.2678095238095238,0.2602857142857143,0.26694285714285715,0.27364285714285713,0.27230000000000004,0.2704690476190476,0.2718023809523809,0.2767023809523809,0.2817595238095238,0.2674761904761905,0.22513333333333335,0.2234455782312925,0.22211564625850336,0.2236829931972789,0.22998163265306126,0.23118571428571427,0.23369727891156458,0.23085782312925168,0.23022108843537414,0.2284768707482994,0.22734489795918367,0.22910816326530611,0.2442938775510204,0.2418,0.23075850340136056,Male,5,5-7,Elementary,S,NC,R16BF05b5_info1_250Hz_gu2_AEP.conn
R16E07B9,R16E07b9_info1_250Hz_gu1_AEP.conn,gu1,0.3862047619047619,0.3877095238095238,0.3891809523809524,0.3852,0.37000476190476195,0.3388619047619048,0.34643809523809527,0.3529666666666667,0.39325238095238096,0.4088095238095239,0.41512857142857146,0.4158523809523809,0.38320952380952383,0.3922666666666667,0.40061904761904765,0.41496571428571427,0.4216399999999999,0.43094,0.43255142857142853,0.42604,0.4347657142857143,0.43390571428571434,0.42511428571428567,0.4207285714285714,0.43024571428571434,0.44034000000000006,0.4402257142857143,0.4439228571428572,0.43703142857142857,0.4424257142857143,0.3468857142857143,0.35546,0.36104857142857144,0.37168,0.37761428571428574,0.3730285714285714,0.36217714285714286,0.3612057142857143,0.3688571428571429,0.37308,0.3755685714285714,0.37852571428571424,0.3752114285714286,0.369,0.3751685714285714,0.3767704081632653,0.3732153061224489,0.3698918367346939,0.3728285714285714,0.37549081632653053,0.36031836734693873,0.35795102040816323,0.3569,0.35938673469387755,0.38893061224489806,0.3868142857142857,0.38627244897959184,0.37478061224489795,0.37668571428571423,0.3865306122448979,0.26500714285714283,0.26371666666666665,0.26094047619047617,0.2650857142857143,0.26570714285714286,0.27562619047619047,0.27343333333333336,0.2748023809523809,0.2620595238095238,0.27500714285714284,0.27626904761904764,0.2756785714285714,0.27435000000000004,0.2777476190476191,0.27018095238095235,0.2849380952380952,0.2812074829931973,0.28156870748299323,0.283178231292517,0.2871789115646259,0.2712625850340136,0.27300068027210883,0.27217891156462587,0.27566666666666667,0.2899176870748299,0.2952061224489796,0.29287278911564624,0.27558775510204087,0.2759952380952382,0.2940333333333334,Male,9,8-12,Elementary,E,NC,R16E07b9_info1_250Hz_gu2_AEP.conn
R16A05Y08B,R16A05y08b_info1_250Hz_gu1_AEP.conn,gu1,0.2821190476190476,0.2654095238095238,0.2705904761904762,0.2760666666666667,0.2699238095238095,0.2972809523809523,0.29945238095238097,0.29595714285714286,0.3181,0.2920809523809524,0.29554761904761906,0.29963809523809526,0.3156428571428571,0.3072523809523809,0.3013380952380953,0.33739714285714284,0.32962857142857144,0.33421142857142855,0.3338742857142857,0.3325228571428572,0.3462971428571429,0.3455885714285714,0.3441,0.3456485714285714,0.32785142857142857,0.3275057142857143,0.3259914285714286,0.3362628571428571,0.33617714285714284,0.3263771428571428,0.28269142857142854,0.2916571428571429,0.2978257142857143,0.2948742857142857,0.29631714285714283,0.28235714285714286,0.28069142857142854,0.2779057142857143,0.28463714285714287,0.28463714285714287,0.29697142857142855,0.2961314285714286,0.27915999999999996,0.27932,0.29004,0.3123785714285714,0.3120448979591837,0.3135438775510204,0.3149775510204082,0.3153265306122449,0.31858979591836734,0.31330816326530603,0.31168571428571434,0.31050816326530606,0.32782244897959184,0.328984693877551,0.32839081632653055,0.327630612244898,0.32256428571428575,0.32826122448979594,0.2512595238095238,0.25160714285714286,0.2543690476190476,0.25430476190476187,0.25786190476190474,0.24049047619047617,0.24237380952380952,0.2500428571428571,0.25188095238095237,0.2637857142857143,0.26608571428571426,0.2685571428571429,0.2621452380952381,0.26234285714285716,0.2661761904761905,0.21369455782312924,0.21126462585034012,0.21162925170068028,0.2083918367346939,0.2095680272108844,0.21000068027210878,0.2076918367346939,0.2137374149659864,0.22048775510204083,0.2165925170068027,0.21490136054421766,0.21542585034013606,0.21319659863945575,0.2152360544217687,0.21514421768707478,Female,8,8-12,Elementary,A,NC,R16A05y08b_info1_250Hz_gu2_AEP.conn
R16X01S_G10,R16x01S_g10_info1_250Hz_gu1_AEP.conn,gu1,0.22704761904761908,0.23925714285714283,0.2603380952380952,0.25407142857142856,0.24929523809523813,0.2453809523809524,0.23995714285714284,0.24586666666666668,0.2971809523809524,0.2689571428571429,0.2851666666666667,0.2833952380952381,0.2755809523809524,0.29144285714285717,0.28250476190476187,0.2804228571428572,0.27386571428571427,0.27772857142857144,0.2782342857142857,0.27335428571428577,0.2820371428571429,0.29629142857142854,0.30236,0.2975057142857143,0.28296857142857146,0.2871228571428571,0.2756628571428571,0.28948857142857143,0.2974257142857143,0.2955657142857143,0.2664685714285714,0.26936857142857146,0.26149142857142854,0.2569257142857143,0.25189142857142854,0.25918,0.2664314285714286,0.2654342857142858,0.26393428571428573,0.28019428571428573,0.2693057142857143,0.26113142857142857,0.2857142857142857,0.2772571428571429,0.26820285714285713,0.33980000000000005,0.3403295918367347,0.3369285714285714,0.32486734693877556,0.3254418367346939,0.3410612244897959,0.3314061224489796,0.32826836734693876,0.32697448979591826,0.3512918367346939,0.34613877551020417,0.3361030612244898,0.34583367346938776,0.34738979591836733,0.3400989795918367,0.29299285714285717,0.2925571428571428,0.2797785714285715,0.2786071428571429,0.2859571428571429,0.2837904761904762,0.2940190476190476,0.29627857142857145,0.2894785714285714,0.2914071428571428,0.2806904761904762,0.27818095238095236,0.29326904761904765,0.2963571428571428,0.27824285714285707,0.266804081632653,0.26758979591836735,0.26940544217687074,0.2745959183673469,0.27575782312925173,0.2655863945578231,0.2623625850340136,0.25715578231292513,0.25986326530612247,0.26249999999999996,0.26690272108843544,0.27426190476190476,0.2714836734693878,0.26506326530612245,0.2637401360544218,Female,10,8-12,Elementary,S,NC,R16x01S_g10_info1_250Hz_gu2_AEP.conn
R16S09G6,R16s09g6_info1_250Hz_gu1_AEP.conn,gu1,0.32610952380952385,0.3278857142857143,0.3246,0.29487619047619046,0.28495714285714285,0.36334285714285713,0.3666095238095239,0.34140952380952383,0.36174761904761904,0.3720380952380952,0.3721571428571429,0.34650000000000003,0.39694761904761905,0.37519047619047613,0.3684333333333334,0.3573885714285715,0.3676714285714286,0.37133142857142853,0.35305142857142857,0.33112285714285716,0.3788057142857143,0.3818657142857143,0.3838085714285714,0.3809142857142857,0.36972857142857146,0.3823885714285714,0.35610857142857144,0.3826771428571428,0.3921742857142857,0.3700914285714285,0.28935428571428573,0.2846571428571429,0.2831571428571429,0.29522,0.30567428571428573,0.27402857142857145,0.27065428571428574,0.2957057142857143,0.3155771428571429,0.29035714285714287,0.29688000000000003,0.30214571428571435,0.28772857142857144,0.3108114285714286,0.28872285714285717,0.32807653061224495,0.31712448979591834,0.30692040816326527,0.31063673469387754,0.31652755102040814,0.3284724489795918,0.3186479591836734,0.32363367346938776,0.3334755102040816,0.33610102040816325,0.3339653061224489,0.3393724489795919,0.33421530612244904,0.3403275510204082,0.33846428571428566,0.3068976190476191,0.30041666666666667,0.3001095238095238,0.3021404761904762,0.3025047619047619,0.3081023809523809,0.3038119047619047,0.29363095238095244,0.2946261904761905,0.3218595238095238,0.3096190476190476,0.2959214285714286,0.30188333333333334,0.301152380952381,0.2964047619047619,0.2680571428571429,0.262247619047619,0.25839727891156467,0.25524421768707484,0.27021904761904764,0.25503129251700685,0.263147619047619,0.26249047619047616,0.2602755102040816,0.2691517006802722,0.26759863945578233,0.2596530612244898,0.25944489795918363,0.2588353741496598,0.27495034013605446,Female,6,5-7,Elementary,S,NC,R16s09g6_info1_250Hz_gu2_AEP.conn
R16S01Y08B,R16S01y08b_info1_250Hz_gu1_AEP.conn,gu1,0.32512857142857143,0.3260619047619047,0.3121047619047619,0.2913238095238095,0.28595238095238096,0.3014,0.30193333333333333,0.3041333333333333,0.3284047619047619,0.3385761904761904,0.3302047619047619,0.3149190476190476,0.33221428571428574,0.3388809523809524,0.3364190476190476,0.35014,0.3468,0.33839142857142857,0.3265742857142857,0.3229228571428571,0.34453142857142854,0.3502914285714286,0.3498942857142857,0.3456542857142857,0.33643428571428574,0.33005142857142855,0.32777142857142855,0.34947428571428574,0.3523657142857143,0.33499142857142855,0.27687428571428574,0.28165428571428575,0.28796285714285713,0.28307714285714286,0.28358571428571433,0.2788828571428571,0.2763942857142857,0.2810885714285714,0.29642285714285715,0.2686657142857143,0.2723457142857143,0.27276857142857136,0.28909714285714283,0.2914257142857143,0.27006,0.2903948979591836,0.29076632653061224,0.29539693877551015,0.2974734693877551,0.29767551020408156,0.2906785714285714,0.28768673469387757,0.28668775510204086,0.2846367346938775,0.3062632653061224,0.31192142857142857,0.31349081632653064,0.30303163265306127,0.3024204081632652,0.312334693877551,0.3262261904761905,0.31797380952380955,0.30910238095238096,0.30265714285714285,0.3002761904761904,0.3088214285714285,0.30857380952380953,0.3018095238095238,0.29365238095238094,0.33127142857142855,0.3303023809523809,0.32045714285714283,0.3116738095238095,0.3024404761904762,0.33203095238095237,0.23849319727891158,0.24180476190476194,0.24856394557823133,0.24779047619047617,0.243030612244898,0.24514489795918365,0.24439727891156465,0.24163877551020405,0.24045646258503398,0.24548503401360544,0.25209999999999994,0.2533353741496599,0.24873333333333333,0.24795442176870747,0.24686190476190467,Female,8,8-12,Elementary,S,NC,R16S01y08b_info1_250Hz_gu2_AEP.conn
R16E17B5,R16E17b5_info1_250Hz_gu1_AEP.conn,gu1,0.3299857142857143,0.3208238095238095,0.30665714285714285,0.30679523809523807,0.3245,0.33960000000000007,0.3479666666666666,0.3500142857142858,0.38602857142857144,0.3390904761904761,0.3327142857142857,0.3369809523809524,0.36219523809523807,0.3790761904761905,0.3392190476190476,0.34405428571428576,0.3574628571428571,0.36666571428571426,0.36608,0.36708285714285716,0.37268285714285704,0.38167142857142855,0.3794885714285715,0.3740457142857143,0.3465028571428571,0.3608057142857143,0.36260571428571425,0.35553999999999997,0.3604342857142857,0.3637857142857143,0.2463857142857143,0.25116,0.2592857142857143,0.2611542857142857,0.25227142857142854,0.27313714285714286,0.27448571428571433,0.2740228571428571,0.2635885714285714,0.24799428571428575,0.25264285714285717,0.2536771428571428,0.2523114285714286,0.2552514285714286,0.24897714285714284,0.3018469387755102,0.3052489795918368,0.30612142857142854,0.3039010204081633,0.3002724489795919,0.31298367346938777,0.313395918367347,0.3055081632653061,0.2949897959183673,0.32286428571428566,0.3242887755102041,0.3193367346938776,0.3213285714285714,0.3116959183673469,0.3210163265306122,0.32461190476190477,0.33042619047619043,0.33359761904761903,0.3342333333333333,0.3427571428571428,0.34474047619047615,0.33958333333333335,0.33261428571428575,0.3301619047619047,0.3443285714285714,0.34887380952380953,0.3491595238095238,0.35642619047619045,0.3484738095238095,0.34664761904761904,0.26966054421768704,0.26837755102040817,0.26871836734693877,0.2668299319727891,0.2662523809523809,0.2717013605442177,0.27137074829931973,0.26797210884353745,0.2710353741496599,0.2764857142857143,0.2748857142857143,0.2719095238095238,0.27762380952380955,0.27448843537414963,0.2808721088435374,Male,5,5-7,Elementary,E,NC,R16E17b5_info1_250Hz_gu2_AEP.conn
R16S11B10,R16S11b10_info1_250Hz_gu1_AEP.conn,gu1,0.2750428571428571,0.27087619047619044,0.2768523809523809,0.2782761904761905,0.2822904761904762,0.25756666666666667,0.24564285714285714,0.24017142857142856,0.2950523809523809,0.3207285714285714,0.32349999999999995,0.3229952380952381,0.2870333333333333,0.2828380952380953,0.3127809523809524,0.3620514285714285,0.3574285714285714,0.35588857142857144,0.34522571428571436,0.35246857142857146,0.35191428571428574,0.34486000000000006,0.33771142857142855,0.34546857142857135,0.3546885714285714,0.35088285714285716,0.32881714285714286,0.34121999999999997,0.33605142857142856,0.35392285714285715,0.30045428571428573,0.2750342857142857,0.2634885714285714,0.27402571428571426,0.29279142857142854,0.3048742857142857,0.3101942857142857,0.3221942857142857,0.3177485714285714,0.28700571428571425,0.2839885714285715,0.28735714285714287,0.3164257142857143,0.3248371428571428,0.30920000000000003,0.3234724489795918,0.3106612244897959,0.2976030612244898,0.2911102040816327,0.30456938775510206,0.2910102040816326,0.2920204081632653,0.30399489795918366,0.3055969387755102,0.32870102040816324,0.31672653061224487,0.3169969387755102,0.30878163265306124,0.31275102040816327,0.3139918367346938,0.257047619047619,0.26343333333333335,0.27235238095238096,0.28063095238095237,0.2775761904761905,0.27725,0.2688952380952381,0.27630952380952384,0.28063095238095237,0.2824738095238095,0.2939690476190476,0.30252380952380953,0.2783880952380952,0.2749238095238095,0.29137380952380953,0.23680272108843536,0.24158503401360537,0.23246258503401357,0.2309251700680272,0.2285843537414967,0.23993741496598645,0.23855306122448985,0.23642380952380954,0.23596326530612244,0.24135170068027206,0.23065306122448978,0.22825306122448974,0.2349721088435374,0.23142653061224486,0.23133061224489793,Male,10,8-12,Elementary,S,NC,R16S11b10_info1_250Hz_gu2_AEP.conn
R16S20G7,R16S20g7_info1_250Hz_gu1_AEP.conn,gu1,0.3540666666666667,0.36463809523809526,0.36893333333333334,0.37791904761904765,0.3780047619047619,0.36601904761904763,0.3670523809523809,0.37680952380952376,0.3995761904761905,0.40102857142857146,0.4099285714285714,0.4131380952380952,0.4003714285714286,0.4135761904761905,0.4174666666666667,0.39102000000000003,0.3999942857142858,0.41563428571428573,0.42082571428571425,0.4118228571428572,0.3982,0.4002742857142857,0.4047371428571428,0.40774857142857146,0.38741142857142863,0.4033771428571429,0.41137999999999997,0.3838628571428572,0.3896314285714286,0.3933428571428571,0.2910171428571428,0.2888285714285714,0.2831485714285714,0.2818714285714286,0.28407714285714286,0.28587714285714283,0.2794857142857142,0.2775142857142857,0.27680285714285713,0.27420285714285714,0.27111714285714283,0.27274571428571426,0.2664657142857143,0.26878857142857143,0.2729628571428571,0.3378826530612245,0.3373602040816327,0.3373979591836735,0.34001428571428566,0.33497857142857146,0.3342377551020408,0.33496836734693874,0.3330183673469388,0.3345673469387756,0.35412244897959183,0.3521867346938775,0.3545010204081632,0.35053061224489795,0.3471918367346939,0.35024693877551033,0.318402380952381,0.315402380952381,0.32112619047619045,0.32534761904761905,0.3229309523809524,0.3335690476190476,0.3307333333333333,0.3240214285714286,0.3261023809523809,0.3294357142857143,0.3293357142857143,0.3280666666666667,0.3214642857142857,0.3196785714285714,0.31770238095238096,0.2618598639455782,0.2631,0.2635714285714286,0.2601340136054422,0.25682653061224486,0.26279659863945576,0.2580210884353742,0.25358027210884365,0.2514666666666666,0.2754795918367347,0.2721292517006803,0.2654857142857143,0.26603809523809524,0.2600115646258503,0.2738265306122449,Female,7,5-7,Elementary,S,NC,R16S20g7_info1_250Hz_gu2_AEP.conn
R16E16B7,R16E16b7_info1_250Hz_gu1_AEP.conn,gu1,0.27577619047619045,0.26683809523809526,0.2587428571428571,0.25734285714285715,0.2548142857142857,0.2652142857142857,0.25983809523809526,0.25230476190476187,0.2914380952380952,0.3060285714285714,0.2962285714285714,0.2896,0.2921380952380952,0.28236666666666665,0.30069523809523807,0.29432285714285716,0.29485142857142854,0.29832000000000003,0.3057171428571429,0.30435428571428574,0.30498000000000003,0.30708857142857143,0.3071685714285714,0.3123828571428572,0.3030457142857143,0.30370857142857144,0.3086285714285714,0.31100000000000005,0.31181714285714285,0.30522,0.29728571428571426,0.29258,0.29208285714285714,0.29576285714285716,0.2937314285714286,0.2897914285714286,0.29708,0.30714857142857144,0.3024742857142857,0.29858285714285715,0.2982485714285715,0.30179428571428574,0.3105,0.31856,0.30748857142857144,0.35302142857142854,0.35273469387755096,0.3603693877551019,0.3559265306122449,0.3529265306122449,0.3598438775510204,0.3584428571428572,0.3548408163265306,0.35724387755102033,0.37045510204081633,0.3736928571428571,0.3703877551020408,0.37685204081632656,0.3739816326530612,0.3731408163265306,0.2858404761904762,0.27717142857142857,0.2760738095238095,0.2776095238095238,0.275204761904762,0.28511904761904766,0.2876714285714285,0.2810309523809524,0.27463095238095236,0.27768095238095236,0.278297619047619,0.2745690476190476,0.28536428571428574,0.2847071428571428,0.2766714285714286,0.2495748299319728,0.24547414965986394,0.24582448979591845,0.2432578231292517,0.241269387755102,0.25654149659863945,0.2567455782312925,0.25391428571428576,0.25070476190476193,0.25363401360544213,0.2535149659863945,0.25124353741496597,0.26077687074829936,0.2585972789115646,0.25714625850340134,Male,7,5-7,Elementary,E,NC,R16E16b7_info1_250Hz_gu2_AEP.conn
R16BF04G10,R16BF04g10_info1_250Hz_gu1_AEP.conn,gu1,0.2698095238095239,0.28788095238095235,0.2918095238095238,0.2851619047619047,0.26985238095238095,0.23840476190476192,0.24663333333333334,0.25589047619047617,0.3064857142857143,0.3183428571428571,0.3204428571428571,0.3170380952380952,0.3003952380952381,0.3092285714285714,0.3079857142857143,0.3069342857142857,0.32195142857142856,0.3308771428571429,0.3298057142857143,0.3233971428571428,0.32058857142857144,0.32697714285714286,0.33380571428571426,0.32362,0.32030571428571425,0.323,0.3200971428571428,0.33000285714285715,0.33650857142857143,0.3118971428571428,0.28003142857142854,0.2900285714285714,0.2921142857142857,0.2979428571428572,0.2986114285714285,0.2818,0.2904857142857143,0.29816,0.30699428571428566,0.28122,0.28430857142857147,0.2873885714285714,0.29684571428571427,0.29984571428571427,0.2885428571428571,0.3476632653061224,0.34496632653061227,0.34003673469387763,0.34088265306122445,0.3425622448979591,0.3378785714285715,0.3400132653061224,0.3421346938775511,0.34502959183673465,0.3611051020408163,0.3556346938775509,0.3542826530612245,0.35464183673469385,0.356404081632653,0.3573602040816327,0.2788285714285714,0.27030714285714286,0.2652785714285714,0.2668904761904762,0.2763833333333333,0.29396428571428573,0.2934309523809524,0.27551190476190474,0.27359047619047616,0.2730619047619048,0.27258333333333334,0.2755,0.29369523809523806,0.2874309523809524,0.2814190476190476,0.2495006802721088,0.2474632653061224,0.25226530612244896,0.2578163265306122,0.25861292517006806,0.24175646258503397,0.2432108843537415,0.2444646258503401,0.24165782312925166,0.24954489795918372,0.2581176870748299,0.2602360544217687,0.24902721088435367,0.24944081632653062,0.2592068027210884,Female,10,8-12,Elementary,S,NC,R16BF04g10_info1_250Hz_gu2_AEP.conn
R16A04B8,R16A04b8_info1_250Hz_gu1_AEP.conn,gu1,0.38357619047619046,0.37278571428571433,0.3800333333333334,0.37994761904761915,0.37346666666666667,0.38916190476190476,0.3646904761904762,0.3579333333333334,0.41005714285714284,0.4072047619047619,0.42598095238095235,0.4234857142857143,0.4160809523809524,0.4047,0.42399523809523815,0.40636857142857147,0.4122828571428571,0.4237485714285715,0.4166828571428572,0.41178857142857145,0.43459714285714285,0.43619142857142856,0.44002857142857155,0.4501485714285714,0.41543142857142856,0.42566,0.41563999999999995,0.43879999999999997,0.44274571428571424,0.43041714285714283,0.38024571428571424,0.3823885714285714,0.37030857142857143,0.35332,0.3547142857142857,0.3798742857142857,0.39464,0.39012285714285716,0.3809142857142857,0.36590285714285714,0.36730571428571424,0.35584,0.39556571428571424,0.38346571428571424,0.3753228571428571,0.3951806122448979,0.39599081632653066,0.40570306122448985,0.4099234693877551,0.41109795918367353,0.4181428571428572,0.4082142857142857,0.395430612244898,0.3921285714285715,0.41220102040816325,0.4229591836734693,0.426069387755102,0.42377755102040815,0.41511836734693885,0.42569489795918375,0.3248142857142857,0.32589523809523807,0.32796428571428565,0.33108571428571426,0.3381595238095238,0.35418095238095243,0.34691190476190475,0.3391666666666666,0.3354,0.3497380952380953,0.33302380952380956,0.33126190476190476,0.3615,0.3552333333333333,0.3452690476190476,0.30872312925170076,0.3146673469387754,0.3171639455782313,0.3182251700680272,0.31421292517006805,0.3170993197278911,0.3162680272108844,0.32432244897959184,0.32527959183673466,0.3123734693877551,0.31646802721088435,0.32720952380952384,0.31846802721088435,0.3201244897959184,0.3187863945578232,Male,8,8-12,Elementary,A,NC,R16A04b8_info1_250Hz_gu2_AEP.conn
R16S19B10,R16S19b10_info1_250Hz_gu1_AEP.conn,gu1,0.40793809523809527,0.4112809523809524,0.3960333333333333,0.3841857142857143,0.3805571428571428,0.4012238095238095,0.3984095238095238,0.39637619047619044,0.41832380952380954,0.4194142857142857,0.4145095238095238,0.4024714285714286,0.41801904761904757,0.4230571428571428,0.4004190476190476,0.3742628571428572,0.3831114285714286,0.3839942857142857,0.3898457142857143,0.3816114285714286,0.3992714285714286,0.39544285714285715,0.3953857142857143,0.39723142857142857,0.3940228571428571,0.39733142857142856,0.3996342857142857,0.4043885714285714,0.40341714285714286,0.39665714285714293,0.37346285714285715,0.37183714285714287,0.3773542857142857,0.38493714285714287,0.3863742857142857,0.3651628571428572,0.3681428571428571,0.37192000000000003,0.37305142857142853,0.39001714285714284,0.39250285714285715,0.3997914285714286,0.3812542857142857,0.3856514285714286,0.3930885714285714,0.48216224489795917,0.4811418367346939,0.4827887755102041,0.48283469387755096,0.4857204081632653,0.47083877551020403,0.4654948979591837,0.4602459183673469,0.4618173469387754,0.49346530612244893,0.4957377551020409,0.49680612244897965,0.4827336734693878,0.4796959183673469,0.5006489795918367,0.3808142857142857,0.37531428571428577,0.3767857142857143,0.37786190476190473,0.3752452380952381,0.376654761904762,0.3857309523809524,0.37635952380952387,0.3677285714285714,0.3635071428571428,0.3666023809523809,0.37115476190476193,0.3829595238095238,0.3770619047619048,0.3701261904761905,0.3492346938775511,0.34082721088435375,0.3367673469387754,0.3383149659863946,0.3422843537414967,0.3425197278911564,0.34075578231292525,0.33781564625850335,0.3372469387755102,0.34451836734693875,0.34491700680272114,0.3464333333333333,0.3487952380952381,0.3465149659863946,0.3520816326530612,Male,10,8-12,Elementary,S,NC,R16S19b10_info1_250Hz_gu2_AEP.conn
R16S21B8,R16S21b8_info1_250Hz_gu1_AEP.conn,gu1,0.2969,0.2883380952380952,0.2914380952380953,0.3003952380952381,0.31811428571428574,0.3328761904761905,0.33657619047619053,0.3327333333333333,0.3484380952380952,0.33122380952380953,0.3381285714285715,0.33868571428571426,0.3625285714285715,0.36311428571428567,0.3430285714285714,0.35234857142857146,0.3499828571428571,0.35222571428571425,0.3463542857142857,0.3534657142857143,0.36454000000000003,0.3666514285714286,0.36617142857142854,0.3606028571428571,0.3566142857142857,0.36458,0.36110571428571425,0.3727028571428571,0.3706771428571428,0.3674142857142857,0.3355971428571428,0.3347657142857143,0.33280571428571426,0.32664,0.3278028571428572,0.32687428571428573,0.33304,0.3357171428571429,0.33497999999999994,0.34253999999999996,0.3424514285714285,0.33685714285714285,0.3232628571428572,0.3300657142857143,0.3483257142857143,0.3101163265306122,0.30862448979591833,0.3109571428571429,0.3115204081632653,0.3129867346938776,0.3087377551020408,0.3091408163265306,0.30678877551020406,0.30603877551020403,0.3282051020408164,0.32811632653061235,0.32792959183673476,0.3267428571428571,0.3264479591836735,0.32706020408163267,0.25369761904761906,0.2523690476190476,0.24485238095238096,0.24005238095238093,0.24391904761904762,0.2552690476190476,0.25387857142857145,0.2559142857142857,0.25385238095238094,0.25517857142857137,0.25088809523809524,0.2475190476190476,0.2694404761904762,0.2724690476190476,0.25770476190476194,0.2128170068027211,0.21127619047619048,0.2078986394557823,0.20893673469387758,0.20831564625850346,0.20795170068027213,0.2099557823129252,0.2074299319727891,0.2060047619047619,0.21225034013605443,0.20807891156462585,0.20691768707482996,0.21224625850340137,0.2110129251700681,0.20453741496598637,Male,8,8-12,Elementary,S,NC,R16S21b8_info1_250Hz_gu2_AEP.conn
R16S23G8,R16S23g8_info1_250Hz_gu1_AEP.conn,gu1,0.3226428571428571,0.3200476190476191,0.30841428571428575,0.3122047619047619,0.3284952380952381,0.32450952380952386,0.33390000000000003,0.3415238095238095,0.3583666666666667,0.35494761904761907,0.34383333333333327,0.34691904761904757,0.36920000000000003,0.3732571428571428,0.3591904761904762,0.34164285714285714,0.3432542857142857,0.3465714285714286,0.36064857142857143,0.3727857142857143,0.3760114285714286,0.36450285714285713,0.35903999999999997,0.3590342857142857,0.3427685714285714,0.3448942857142857,0.3560028571428572,0.3592457142857143,0.34975142857142855,0.35525142857142866,0.3030457142857143,0.30374285714285715,0.30173428571428573,0.3053685714285714,0.30495142857142854,0.3108142857142857,0.30558,0.30388857142857145,0.3149742857142857,0.3057085714285714,0.29684,0.29848857142857144,0.30556571428571433,0.30014571428571424,0.2920285714285714,0.33069795918367345,0.3325928571428572,0.34031020408163265,0.34189897959183674,0.34398367346938785,0.3501010204081632,0.34570510204081634,0.3435204081632653,0.34548163265306125,0.3529408163265307,0.3547448979591836,0.3574979591836734,0.3622551020408164,0.3628581632653062,0.3512571428571429,0.3029142857142857,0.3061047619047619,0.3071785714285714,0.30785476190476185,0.3074952380952381,0.30774047619047623,0.30616904761904756,0.3024047619047619,0.2955857142857143,0.32203571428571426,0.32680476190476193,0.32741666666666663,0.32001666666666667,0.3142,0.3172880952380952,0.2604959183673469,0.25909727891156453,0.25789319727891163,0.25556530612244893,0.2535517006802721,0.2484482993197279,0.24791904761904765,0.25051632653061223,0.25317823129251704,0.2531142857142857,0.25246394557823126,0.2509802721088436,0.24802448979591843,0.25041836734693873,0.24707619047619048,Female,8,8-12,Elementary,S,NC,R16S23g8_info1_250Hz_gu2_AEP.conn
R16E13B5,R16E13b5_info1_250Hz_gu1_AEP.conn,gu1,0.3380047619047619,0.33960476190476196,0.344252380952381,0.3444,0.34230000000000005,0.3465428571428572,0.34864761904761904,0.3315904761904762,0.34951428571428567,0.36532380952380955,0.36867142857142854,0.37040952380952374,0.36463333333333336,0.35102380952380946,0.3635285714285714,0.38232285714285713,0.3876342857142857,0.3938085714285714,0.4026485714285714,0.40428857142857144,0.37832857142857146,0.38599714285714287,0.3920657142857143,0.3908085714285715,0.39077142857142855,0.3919142857142857,0.4026428571428572,0.39499142857142855,0.39652000000000004,0.38007714285714284,0.3040257142857143,0.31050000000000005,0.3136885714285714,0.3167714285714286,0.31686571428571425,0.28814285714285715,0.2887342857142857,0.29156857142857145,0.29651428571428573,0.3171485714285714,0.32496285714285716,0.33057428571428576,0.3025171428571428,0.30219428571428575,0.3137,0.3388,0.34246428571428567,0.35182346938775516,0.3545938775510204,0.35624795918367347,0.3459857142857143,0.3496448979591838,0.3538979591836734,0.3597785714285715,0.3647704081632654,0.36782040816326533,0.36639795918367346,0.3731091836734693,0.3750622448979592,0.3657244897959184,0.28098333333333336,0.2853833333333333,0.28354285714285715,0.27875476190476195,0.27553809523809525,0.27958571428571427,0.2884690476190476,0.28631666666666666,0.27922380952380954,0.2787047619047619,0.2775809523809524,0.27516904761904765,0.30405,0.29216190476190473,0.2773166666666667,0.2934421768707483,0.29391904761904764,0.294312925170068,0.2970068027210885,0.3004353741496599,0.30898231292517003,0.3123789115646258,0.3110551020408162,0.3065034013605442,0.30092585034013597,0.2981401360544218,0.2980687074829932,0.3075775510204082,0.3089197278911565,0.30391564625850337,Male,5,5-7,Elementary,E,NC,R16E13b5_info1_250Hz_gu2_AEP.conn
