participant_id,filename,condition,delta_ACtL_ACrL,delta_ACtL_ACaL,delta_ACtL_ACtR,delta_ACtL_ACrR,delta_ACtL_ACaR,delta_ACrL_ACaL,delta_ACrL_ACtR,delta_ACrL_ACrR,delta_ACrL_ACaR,delta_ACaL_ACtR,delta_ACaL_ACrR,delta_ACaL_ACaR,delta_ACtR_ACrR,delta_ACtR_ACaR,delta_ACrR_ACaR,theta_ACtL_ACrL,theta_ACtL_ACaL,theta_ACtL_ACtR,theta_ACtL_ACrR,theta_ACtL_ACaR,theta_ACrL_ACaL,theta_ACrL_ACtR,theta_ACrL_ACrR,theta_ACrL_ACaR,theta_ACaL_ACtR,theta_ACaL_ACrR,theta_ACaL_ACaR,theta_ACtR_ACrR,theta_ACtR_ACaR,theta_ACrR_ACaR,alpha_ACtL_ACrL,alpha_ACtL_ACaL,alpha_ACtL_ACtR,alpha_ACtL_ACrR,alpha_ACtL_ACaR,alpha_ACrL_ACaL,alpha_ACrL_ACtR,alpha_ACrL_ACrR,alpha_ACrL_ACaR,alpha_ACaL_ACtR,alpha_ACaL_ACrR,alpha_ACaL_ACaR,alpha_ACtR_ACrR,alpha_ACtR_ACaR,alpha_ACrR_ACaR,beta_ACtL_ACrL,beta_ACtL_ACaL,beta_ACtL_ACtR,beta_ACtL_ACrR,beta_ACtL_ACaR,beta_ACrL_ACaL,beta_ACrL_ACtR,beta_ACrL_ACrR,beta_ACrL_ACaR,beta_ACaL_ACtR,beta_ACaL_ACrR,beta_ACaL_ACaR,beta_ACtR_ACrR,beta_ACtR_ACaR,beta_ACrR_ACaR,highbeta_ACtL_ACrL,highbeta_ACtL_ACaL,highbeta_ACtL_ACtR,highbeta_ACtL_ACrR,highbeta_ACtL_ACaR,highbeta_ACrL_ACaL,highbeta_ACrL_ACtR,highbeta_ACrL_ACrR,highbeta_ACrL_ACaR,highbeta_ACaL_ACtR,highbeta_ACaL_ACrR,highbeta_ACaL_ACaR,highbeta_ACtR_ACrR,highbeta_ACtR_ACaR,highbeta_ACrR_ACaR,gamma_ACtL_ACrL,gamma_ACtL_ACaL,gamma_ACtL_ACtR,gamma_ACtL_ACrR,gamma_ACtL_ACaR,gamma_ACrL_ACaL,gamma_ACrL_ACtR,gamma_ACrL_ACrR,gamma_ACrL_ACaR,gamma_ACaL_ACtR,gamma_ACaL_ACrR,gamma_ACaL_ACaR,gamma_ACtR_ACrR,gamma_ACtR_ACaR,gamma_ACrR_ACaR,gender,age,age_group,age_group_edu,lang,lang_group,file_name
R16M04G10,R16M04g10_info1_250Hz_gu2_AEP.conn,gu2,0.3502857142857143,0.36374761904761904,0.38201904761904765,0.38936666666666664,0.3892571428571429,0.37187619047619047,0.3643,0.35491904761904763,0.3598095238095238,0.38160952380952384,0.39724761904761907,0.40385714285714286,0.3796761904761905,0.37241428571428575,0.41637142857142856,0.4400371428571429,0.44406,0.44694,0.44355714285714287,0.4386457142857143,0.4515028571428571,0.44432857142857146,0.4347828571428571,0.4330971428571429,0.4519942857142857,0.45532000000000006,0.45395428571428564,0.4655857142857143,0.45748,0.45719142857142864,0.3348485714285714,0.33592000000000005,0.34354571428571434,0.35512,0.35923428571428573,0.3508371428571429,0.3507314285714286,0.3489742857142857,0.3487085714285715,0.3463171428571429,0.35115714285714283,0.3590942857142857,0.3336514285714286,0.3377085714285714,0.3477142857142857,0.43192142857142857,0.4336918367346939,0.43663163265306115,0.4382867346938776,0.43668877551020413,0.4437816326530612,0.44698367346938783,0.45064081632653064,0.44927346938775514,0.4381357142857144,0.4373316326530613,0.43520918367346934,0.4625979591836734,0.46260510204081634,0.4584581632653061,0.48088333333333333,0.4841904761904761,0.48554047619047624,0.4854285714285715,0.48488809523809523,0.4779928571428571,0.4815380952380952,0.48486428571428575,0.4881095238095238,0.48862619047619044,0.4890190476190477,0.49295952380952385,0.4843690476190476,0.47411190476190473,0.4806857142857142,0.42061836734693875,0.42261836734693875,0.42484489795918373,0.42532108843537425,0.4237020408163265,0.43203741496598635,0.4302292517006802,0.4288972789115647,0.4281768707482994,0.42914557823129257,0.43397619047619046,0.4334231292517008,0.42169591836734693,0.420038775510204,0.4283714285714286,Female,10,8-12,Elementary,C,C,R16M04g10_info1_250Hz_gu2_AEP.conn
R16C07G9,R16C07g9_info1_250Hz_gu2_AEP.conn,gu2,0.31693333333333334,0.3258190476190476,0.32785714285714285,0.316,0.30738095238095237,0.3067904761904762,0.3203047619047619,0.3343571428571428,0.33225714285714286,0.3228142857142857,0.3206523809523809,0.3115142857142857,0.3532095238095238,0.36643333333333333,0.34997619047619044,0.44125142857142857,0.4437371428571429,0.4480428571428571,0.43982,0.4369028571428572,0.4409914285714286,0.43016000000000004,0.4250285714285714,0.42285428571428574,0.43904571428571426,0.44849714285714287,0.4405914285714285,0.4570085714285715,0.4482142857142857,0.46440285714285723,0.3914114285714286,0.3787,0.37316571428571427,0.37333142857142854,0.38474285714285716,0.3887714285714286,0.38071714285714287,0.38094571428571433,0.3839714285714286,0.3863057142857143,0.3929628571428571,0.4026685714285714,0.3833057142857143,0.3781914285714285,0.4016857142857143,0.4231061224489796,0.42667857142857146,0.4246163265306123,0.41861938775510205,0.4131204081632654,0.42341938775510196,0.4225418367346939,0.42232244897959187,0.42127959183673463,0.42611530612244897,0.42493571428571425,0.422684693877551,0.43041224489795926,0.42850204081632653,0.43432551020408167,0.37233571428571427,0.3699261904761904,0.36304761904761906,0.37284761904761904,0.3888095238095239,0.38156190476190477,0.3804476190476191,0.37278809523809525,0.3733261904761904,0.37491904761904765,0.36742380952380954,0.3663904761904762,0.3771595238095238,0.3839047619047619,0.3758452380952381,0.30415170068027214,0.3120802721088436,0.31480136054421776,0.31123945578231293,0.306752380952381,0.3055068027210884,0.30498843537414977,0.3027156462585034,0.29979795918367347,0.3152884353741497,0.31459863945578226,0.31088571428571427,0.2984938775510204,0.29969523809523807,0.31636326530612247,Female,9,8-12,Elementary,C,C,R16C07g9_info1_250Hz_gu2_AEP.conn
R16C39B10,R16C39b10_info1_250Hz_gu2_AEP.conn,gu2,0.16522857142857142,0.16909523809523808,0.18375714285714287,0.19651428571428572,0.19738571428571428,0.21874285714285716,0.1868238095238095,0.16998095238095237,0.1720095238095238,0.16515238095238094,0.17376190476190476,0.18974761904761903,0.2542190476190476,0.23088571428571433,0.23346190476190473,0.31504,0.3260914285714286,0.3235428571428572,0.3170085714285714,0.3016628571428571,0.30885714285714283,0.2990542857142857,0.29522,0.2906228571428571,0.3368485714285715,0.33142571428571427,0.3242971428571429,0.31701428571428575,0.31214285714285717,0.35225999999999996,0.26277428571428574,0.26506857142857143,0.26959714285714287,0.26711142857142856,0.2690514285714286,0.26371142857142854,0.26814571428571427,0.25586857142857145,0.25539999999999996,0.26880571428571426,0.2668628571428572,0.26344,0.2699514285714286,0.26426571428571427,0.2635828571428571,0.33931428571428573,0.34145306122448976,0.3394581632653062,0.340404081632653,0.3402673469387755,0.33236428571428567,0.3299836734693878,0.3259163265306122,0.3240551020408163,0.34212857142857145,0.34000306122448976,0.339215306122449,0.34802755102040817,0.3437418367346939,0.3576724489795919,0.41038095238095235,0.4015952380952381,0.4043999999999999,0.41424285714285713,0.4237714285714285,0.4150809523809524,0.41006190476190474,0.4105023809523809,0.4115761904761905,0.41063809523809525,0.414852380952381,0.42010714285714285,0.40825952380952374,0.4133666666666666,0.41558095238095233,0.2649367346938775,0.2671891156462585,0.2671523809523809,0.26618911564625847,0.2657959183673469,0.26660408163265303,0.27110204081632655,0.2730054421768707,0.2739768707482993,0.2685285714285714,0.26910952380952374,0.26908163265306123,0.2654931972789115,0.2657013605442176,0.27257687074829934,Male,10,8-12,Elementary,C,C,R16C39b10_info1_250Hz_gu2_AEP.conn
R16C17B6,R16C17b6_info1_250Hz_gu2_AEP.conn,gu2,0.27549047619047623,0.2599190476190476,0.23344761904761904,0.2288714285714286,0.2614,0.28594761904761906,0.2664809523809524,0.29456190476190475,0.33170000000000005,0.26,0.2395857142857143,0.2336047619047619,0.34816666666666657,0.34180000000000005,0.31895238095238093,0.3631114285714286,0.3624057142857143,0.36757999999999996,0.36415999999999993,0.3705857142857143,0.3584114285714286,0.3607457142857143,0.3887485714285714,0.41102285714285725,0.35864000000000007,0.35774,0.3472657142857143,0.40158571428571427,0.4212999999999999,0.37524285714285716,0.35571142857142857,0.35393428571428565,0.3499257142857143,0.3421028571428571,0.33415999999999996,0.33880857142857146,0.3529228571428572,0.3453257142857143,0.35500857142857145,0.3383457142857143,0.3386057142857143,0.3335457142857143,0.34224571428571426,0.3539171428571429,0.3152657142857143,0.38375918367346945,0.38619795918367344,0.3810051020408163,0.3761744897959184,0.3748867346938775,0.3744826530612246,0.37421632653061215,0.37213367346938775,0.36838673469387756,0.38880408163265306,0.3874683673469388,0.3749316326530612,0.3743010204081632,0.3799663265306122,0.406815306122449,0.44167142857142855,0.4470095238095238,0.44369761904761895,0.4398166666666667,0.43829523809523807,0.44499523809523817,0.43642380952380955,0.4385619047619047,0.42327619047619053,0.4496357142857143,0.4433619047619048,0.4411714285714286,0.44615,0.4391214285714286,0.4374,0.3347755102040817,0.34197414965986395,0.34500408163265306,0.3431,0.3408795918367347,0.3392108843537415,0.34135510204081637,0.34569659863945573,0.3462551020408163,0.3440904761904762,0.3438843537414965,0.34378639455782317,0.3403210884353741,0.3461585034013605,0.3372136054421768,Male,6,5-7,Elementary,C,C,R16C17b6_info1_250Hz_gu2_AEP.conn
R16M06B06,R16M06b06_info1_250Hz_gu2_AEP.conn,gu2,0.2465190476190476,0.2550666666666666,0.25754285714285713,0.2681,0.2743333333333333,0.3066380952380952,0.30296666666666666,0.29572380952380956,0.2997666666666667,0.2759238095238095,0.2774857142857143,0.27487619047619044,0.35050476190476193,0.35265714285714284,0.34489047619047614,0.3248257142857143,0.3382,0.33646,0.33337999999999995,0.32812,0.35704,0.35230285714285714,0.35376571428571424,0.3508942857142857,0.3488914285714285,0.3435885714285714,0.33134571428571424,0.3876857142857143,0.38480285714285717,0.36921428571428566,0.33085714285714285,0.3217228571428571,0.3158628571428571,0.32226285714285713,0.32409428571428567,0.34167142857142857,0.3248171428571428,0.3164342857142857,0.3140857142857143,0.33005142857142855,0.32600285714285715,0.3305142857142857,0.34817714285714285,0.3278771428571428,0.3398085714285714,0.4326244897959185,0.42748367346938776,0.42764897959183673,0.4252010204081632,0.4281448979591838,0.4353102040816325,0.43153673469387754,0.4299704081632652,0.42617448979591827,0.41796020408163265,0.4205295918367348,0.42175918367346943,0.44654387755102043,0.4480377551020408,0.43303979591836733,0.3881380952380953,0.39205476190476185,0.3917404761904762,0.40431190476190476,0.4067095238095238,0.4139285714285714,0.40491666666666676,0.40025,0.4076785714285714,0.4005285714285714,0.39964761904761903,0.40772380952380943,0.40505714285714284,0.4083309523809524,0.4115166666666667,0.3114353741496599,0.3086503401360544,0.30804693877551026,0.3108265306122449,0.3124938775510204,0.32034489795918364,0.32288231292517,0.31569659863945576,0.3124054421768707,0.3106659863945578,0.31257142857142856,0.31401836734693883,0.3052993197278912,0.3014551020408163,0.3146952380952381,Male,6,5-7,Elementary,C,C,R16M06b06_info1_250Hz_gu2_AEP.conn
R16C37B6,R16C37b6_info1_250Hz_gu2_AEP.conn,gu2,0.1845190476190476,0.18676190476190477,0.17906666666666668,0.1820238095238095,0.20384285714285713,0.17693333333333336,0.17807142857142857,0.19600952380952377,0.21236190476190478,0.18593333333333337,0.17314761904761908,0.18003809523809522,0.20513809523809523,0.21506190476190476,0.21135714285714283,0.3111057142857143,0.31308857142857144,0.2994285714285715,0.3046657142857143,0.3075171428571428,0.29597428571428575,0.30029428571428574,0.3017971428571428,0.31207714285714283,0.32023714285714283,0.30577714285714286,0.3126342857142857,0.32609714285714286,0.32789714285714283,0.3270428571428571,0.2579457142857143,0.2504314285714286,0.24386571428571427,0.2545828571428571,0.2752342857142857,0.26472285714285715,0.25856,0.26182285714285713,0.2723257142857142,0.24786571428571427,0.24231142857142857,0.25732,0.2606171428571428,0.26661714285714283,0.25016571428571427,0.36111938775510205,0.35766530612244896,0.35450714285714285,0.3577214285714286,0.36279795918367347,0.3572540816326531,0.3514316326530612,0.3598581632653061,0.3656908163265306,0.3482030612244898,0.3474163265306122,0.3507938775510205,0.37305612244897957,0.3780795918367347,0.36053367346938775,0.43651666666666666,0.44265952380952384,0.4467547619047619,0.44965952380952384,0.45202380952380955,0.4405928571428572,0.44095,0.4388880952380952,0.4424904761904762,0.4389357142857144,0.44723571428571424,0.45193095238095243,0.4446666666666667,0.4381690476190476,0.4454761904761905,0.31068435374149667,0.3097455782312925,0.30848367346938776,0.3046068027210884,0.3001517006802721,0.3160272108843537,0.31188367346938783,0.31156258503401363,0.3120326530612245,0.3133448979591837,0.3102503401360543,0.30432789115646264,0.3062068027210885,0.3026598639455782,0.31063809523809527,Male,6,5-7,Elementary,C,C,R16C37b6_info1_250Hz_gu2_AEP.conn
R16C16B07,R16C16b07_info1_250Hz_gu2_AEP.conn,gu2,0.22126190476190474,0.20918095238095238,0.20620476190476192,0.22365238095238094,0.23589523809523807,0.22290000000000001,0.21807619047619045,0.21159999999999998,0.21137619047619047,0.23126666666666665,0.2185904761904762,0.21639047619047616,0.2715095238095238,0.2725095238095238,0.29138095238095235,0.29420857142857143,0.2881228571428571,0.2818085714285714,0.2861142857142857,0.30429142857142855,0.2838771428571429,0.27651714285714285,0.2867771428571429,0.30361714285714286,0.29795999999999995,0.2966228571428572,0.3018828571428571,0.29541428571428574,0.2979828571428572,0.32976000000000005,0.25984857142857143,0.26758,0.27505999999999997,0.28423999999999994,0.28519142857142854,0.2857799999999999,0.2848257142857143,0.2790285714285714,0.2769342857142857,0.267,0.27711714285714284,0.2883342857142857,0.26482285714285714,0.2647428571428571,0.28256857142857145,0.3409275510204081,0.3362816326530612,0.3393693877551021,0.3433969387755102,0.3499357142857143,0.34628265306122447,0.35072551020408166,0.35355510204081636,0.3525724489795919,0.3363204081632653,0.3395948979591837,0.3459132653061224,0.35851224489795924,0.3616163265306123,0.35278469387755107,0.3640119047619048,0.3624047619047619,0.35672142857142863,0.35877857142857145,0.3649357142857143,0.3686309523809524,0.36710952380952383,0.3738571428571429,0.3823809523809523,0.3730404761904762,0.37312142857142855,0.37320714285714285,0.37447857142857144,0.38413571428571425,0.37850476190476195,0.25492380952380955,0.2557068027210884,0.2599265306122449,0.2634605442176871,0.2640605442176871,0.27093741496598645,0.2727768707482993,0.27722244897959186,0.27827551020408164,0.25894285714285714,0.26091836734693885,0.26516190476190477,0.27910680272108845,0.28179251700680275,0.2670734693877551,Male,7,5-7,Elementary,C,C,R16C16b07_info1_250Hz_gu2_AEP.conn
R16C22G10,R16C22g10_info1_250Hz_gu2_AEP.conn,gu2,0.2692857142857143,0.2645285714285714,0.2672142857142857,0.2730095238095238,0.27613333333333334,0.29674285714285714,0.3018809523809524,0.29801428571428573,0.28156190476190474,0.2489904761904762,0.2567523809523809,0.26359523809523805,0.35814285714285715,0.3652285714285714,0.3264190476190476,0.32844285714285715,0.33307714285714285,0.34119142857142853,0.33974857142857146,0.3441314285714286,0.3346485714285714,0.3424571428571429,0.35262000000000004,0.3599342857142857,0.32774000000000003,0.3368057142857143,0.3401142857142857,0.36272857142857146,0.3759257142857143,0.3693428571428571,0.3043314285714286,0.3030342857142857,0.31554571428571426,0.31816571428571433,0.31917142857142855,0.28918000000000005,0.3014942857142857,0.3081257142857143,0.3030285714285715,0.3101342857142858,0.3210514285714286,0.3236714285714286,0.3213742857142857,0.3255257142857143,0.32904857142857147,0.3450204081632653,0.3420408163265306,0.3402244897959183,0.34096938775510205,0.3453663265306122,0.3459244897959183,0.34589795918367355,0.34297244897959184,0.34163571428571426,0.34205102040816326,0.340930612244898,0.3374336734693878,0.35375612244897964,0.3515540816326531,0.35803469387755094,0.40416666666666673,0.3990333333333333,0.3994809523809524,0.396147619047619,0.3949404761904762,0.3822285714285714,0.38580714285714285,0.38585714285714284,0.3892404761904762,0.3983142857142857,0.40117380952380954,0.39463809523809523,0.3799857142857143,0.387752380952381,0.393397619047619,0.2793442176870748,0.2749326530612245,0.2735496598639456,0.27388231292517007,0.2768789115646259,0.28681292517006807,0.2879081632653061,0.2880258503401361,0.2847374149659863,0.278665306122449,0.2830591836734694,0.2838503401360544,0.28414013605442173,0.2847598639455783,0.29610612244897955,Female,10,8-12,Elementary,C,C,R16C22g10_info1_250Hz_gu2_AEP.conn
R16C03G5,R16C03g5_info1_250Hz_gu2_AEP.conn,gu2,0.29148095238095234,0.2709190476190476,0.2568619047619048,0.27411904761904765,0.2991095238095238,0.23855238095238093,0.24311428571428573,0.2724904761904761,0.2965238095238096,0.3015142857142857,0.2814190476190476,0.28645238095238096,0.2999380952380953,0.32151428571428575,0.3367142857142857,0.40870000000000006,0.3948371428571428,0.3812028571428572,0.3852485714285714,0.3820342857142857,0.40528000000000003,0.3913942857142857,0.3846971428571428,0.3980257142857143,0.39856,0.3818857142857143,0.3905114285714286,0.4400142857142857,0.43338857142857157,0.4122685714285714,0.38094285714285714,0.3891914285714285,0.40211428571428576,0.4041,0.39104285714285714,0.4162285714285715,0.4299942857142858,0.4320771428571429,0.4306914285714286,0.4029857142857143,0.41605428571428577,0.41003428571428574,0.41715714285714284,0.41944857142857145,0.4214685714285714,0.42788877551020404,0.4311428571428571,0.4432979591836735,0.44845612244897953,0.45036836734693875,0.4432469387755102,0.4404102040816328,0.42832959183673464,0.4217183673469388,0.44064081632653057,0.44412448979591834,0.4500795918367347,0.44718469387755094,0.43842653061224496,0.4513755102040817,0.45905952380952386,0.4575357142857142,0.4498095238095239,0.4410714285714286,0.4405880952380952,0.44464523809523815,0.45187619047619054,0.45255952380952386,0.44481428571428566,0.4735452380952381,0.4701738095238095,0.4570214285714285,0.46297857142857146,0.4607142857142857,0.4827119047619048,0.2970823129251701,0.2986047619047619,0.2996428571428572,0.29793333333333333,0.29168911564625843,0.2714741496598639,0.2695965986394558,0.2709333333333333,0.2845020408163266,0.3003829931972789,0.29751428571428573,0.2937353741496599,0.26730136054421766,0.2750503401360544,0.29187006802721094,Female,5,5-7,Elementary,C,C,R16C03g5_info1_250Hz_gu2_AEP.conn
R16C27M9,R16C27m9_info1_250Hz_gu2_AEP.conn,gu2,0.2234857142857143,0.23184285714285716,0.2355857142857143,0.24712380952380952,0.2531428571428571,0.25492857142857145,0.26299047619047616,0.2622857142857143,0.2494857142857143,0.23830476190476188,0.23643333333333336,0.2438761904761905,0.29064761904761904,0.2938571428571428,0.2699380952380952,0.3282857142857143,0.33853714285714287,0.3407428571428571,0.3461828571428572,0.3465285714285714,0.3591371428571429,0.3594571428571428,0.35974,0.35553714285714283,0.3488942857142857,0.34669714285714287,0.34675142857142854,0.3909742857142857,0.3932171428571428,0.36830285714285715,0.26017142857142855,0.26824857142857145,0.27344571428571424,0.2725485714285715,0.26890571428571425,0.28606571428571426,0.29437428571428575,0.2870485714285714,0.2749,0.26789714285714283,0.2731314285714286,0.27078285714285716,0.28290571428571426,0.27782285714285715,0.2748542857142857,0.3605132653061225,0.36354897959183674,0.3646285714285714,0.3611969387755103,0.3559183673469387,0.3521581632653062,0.35801020408163264,0.35916734693877544,0.35707959183673477,0.35726938775510203,0.3553255102040817,0.351034693877551,0.37881530612244896,0.37619081632653056,0.36225,0.4496547619047619,0.4439,0.4402928571428571,0.4353595238095238,0.4291309523809524,0.44460952380952384,0.4412095238095238,0.4429880952380953,0.44186190476190473,0.4478,0.4440928571428571,0.4355547619047619,0.44925952380952383,0.4381238095238096,0.43620714285714285,0.2805687074829932,0.2769605442176871,0.2798680272108844,0.279852380952381,0.2791551020408163,0.2926850340136054,0.28915374149659867,0.28441224489795924,0.2814544217687076,0.2808496598639455,0.28238639455782305,0.28232789115646256,0.29285034013605443,0.28722448979591836,0.281878231292517,Male,9,8-12,Elementary,C,C,R16C27m9_info1_250Hz_gu2_AEP.conn
R16C19G8,R16C19g8_info1_250Hz_gu2_AEP.conn,gu2,0.22329047619047618,0.2032095238095238,0.2151809523809524,0.22950000000000004,0.22105714285714284,0.25105714285714287,0.2513190476190476,0.2590142857142857,0.24426666666666666,0.2146095238095238,0.22329999999999997,0.22716190476190476,0.28154285714285715,0.2797809523809524,0.25935714285714284,0.35033142857142857,0.3455914285714286,0.3471685714285715,0.3555257142857143,0.34928,0.35978857142857146,0.3643342857142857,0.37434857142857136,0.37517999999999996,0.35013714285714287,0.3589942857142857,0.36766,0.3920085714285714,0.39509428571428573,0.3803285714285714,0.29486,0.29096571428571427,0.2901228571428571,0.30164,0.29944571428571426,0.30785142857142855,0.3018057142857143,0.30196285714285714,0.31228285714285714,0.26598,0.2798342857142857,0.30472857142857146,0.3079885714285714,0.3053971428571428,0.26859714285714287,0.29604795918367355,0.2997979591836734,0.3155275510204082,0.32078571428571434,0.312834693877551,0.290245918367347,0.2911438775510204,0.2980826530612245,0.30587346938775506,0.2963938775510204,0.31292244897959176,0.31583265306122454,0.3259224489795919,0.3290387755102041,0.3305408163265306,0.3877404761904762,0.3820047619047619,0.3777809523809525,0.3864452380952381,0.39228095238095234,0.38654285714285713,0.38835238095238095,0.39245714285714284,0.386902380952381,0.38501428571428575,0.3780547619047619,0.3835357142857143,0.39524047619047614,0.39638571428571434,0.38389999999999996,0.28081972789115645,0.2821639455782313,0.2831857142857143,0.2845278911564626,0.290578231292517,0.2851612244897959,0.2898448979591836,0.29257278911564616,0.2948204081632653,0.2873204081632653,0.2877979591836735,0.29159591836734694,0.2854156462585034,0.29061156462585047,0.2962448979591837,Female,8,8-12,Elementary,C,C,R16C19g8_info1_250Hz_gu2_AEP.conn
R16C26F10,R16C26f10_info1_250Hz_gu2_AEP.conn,gu2,0.2808857142857143,0.28746190476190475,0.2934666666666667,0.29395714285714286,0.29020952380952386,0.2687428571428571,0.26599047619047617,0.2805285714285714,0.29169047619047617,0.3116142857142858,0.32325714285714285,0.32512857142857143,0.31530952380952376,0.3138809523809524,0.37282857142857145,0.35781142857142856,0.36077142857142863,0.3654828571428571,0.35867142857142864,0.3585028571428572,0.34456,0.3353285714285714,0.34120285714285714,0.35651714285714287,0.36809714285714284,0.37332571428571426,0.3693228571428572,0.37203714285714284,0.3706257142857143,0.39457428571428577,0.28292,0.2831314285714286,0.27608571428571427,0.27734571428571425,0.27156857142857144,0.2703085714285714,0.27080571428571426,0.26350285714285715,0.27088285714285715,0.28356857142857145,0.2710457142857143,0.26866,0.28232857142857143,0.28018857142857145,0.26687428571428573,0.37202551020408164,0.3774806122448979,0.37714489795918366,0.3807948979591837,0.3850663265306122,0.3801632653061224,0.3775734693877551,0.37481326530612247,0.37553163265306116,0.37792244897959176,0.38003367346938777,0.38478469387755104,0.40221122448979596,0.4009530612244898,0.39796836734693875,0.4630642857142857,0.4654571428571428,0.457797619047619,0.4398619047619048,0.4300428571428571,0.45329047619047613,0.45264999999999994,0.4486738095238095,0.44998333333333324,0.46654047619047617,0.45815,0.4430095238095239,0.45469999999999994,0.4408166666666667,0.4384857142857142,0.3280095238095238,0.32454693877551016,0.3213319727891156,0.32066054421768714,0.32071768707482995,0.3151435374149661,0.31421496598639453,0.31636938775510215,0.3152707482993197,0.3259721088435374,0.32305782312925163,0.32159251700680275,0.30616394557823134,0.3113081632653062,0.32011292517006806,Female,10,8-12,Elementary,C,C,R16C26f10_info1_250Hz_gu2_AEP.conn
R16C15B07,R16C15b07_info1_250Hz_gu2_AEP.conn,gu2,0.3295571428571428,0.3441571428571429,0.3510761904761905,0.34899047619047624,0.34212380952380955,0.31766190476190476,0.31578095238095244,0.31648095238095236,0.3228285714285714,0.3404904761904762,0.3487952380952381,0.3463428571428571,0.34821904761904765,0.34855714285714284,0.3555952380952381,0.4333514285714285,0.4368085714285715,0.4362971428571429,0.4387628571428571,0.4380371428571429,0.4299314285714286,0.42667714285714287,0.4211485714285715,0.4155571428571429,0.45054285714285713,0.44375428571428577,0.43232,0.4509342857142856,0.44571428571428573,0.44368857142857143,0.42999142857142864,0.4273542857142857,0.42742,0.42865714285714285,0.4281828571428572,0.43682571428571426,0.43168285714285715,0.4263828571428571,0.4215885714285714,0.4343514285714286,0.4325657142857143,0.4324571428571429,0.4184914285714286,0.4087257142857143,0.4329657142857143,0.4332704081632653,0.43510204081632653,0.43527959183673476,0.4286816326530612,0.42475612244897964,0.4315785714285714,0.4307224489795919,0.4265938775510203,0.4259479591836734,0.44280918367346933,0.4415020408163265,0.4337051020408164,0.45767551020408165,0.4536316326530612,0.4569591836734694,0.4346642857142858,0.43595714285714277,0.43397619047619046,0.4354619047619048,0.44553809523809523,0.4264452380952381,0.4278261904761904,0.43038333333333334,0.4354047619047619,0.443502380952381,0.4434,0.44352142857142857,0.42980952380952386,0.43267380952380957,0.44409523809523804,0.34138979591836727,0.34140544217687074,0.33717687074829933,0.3355646258503402,0.33660884353741494,0.32688639455782315,0.33085442176870744,0.334017006802721,0.33258979591836735,0.3384979591836735,0.32973401360544213,0.32792244897959183,0.3304163265306123,0.3295741496598639,0.3328551020408163,Male,7,5-7,Elementary,C,C,R16C15b07_info1_250Hz_gu2_AEP.conn
R16C20B9,R16C20b9_info1_250Hz_gu2_AEP.conn,gu2,0.2704904761904762,0.26139047619047623,0.24793333333333334,0.24046190476190477,0.22886666666666666,0.2514904761904762,0.23884285714285713,0.2296047619047619,0.2419285714285714,0.2681428571428572,0.26126190476190475,0.25465238095238096,0.2868428571428572,0.2758952380952381,0.29704761904761906,0.3248771428571428,0.3236514285714286,0.31954,0.32133142857142855,0.3175314285714285,0.3315142857142857,0.33238571428571423,0.32644285714285715,0.32305142857142854,0.3240571428571428,0.32925142857142853,0.3390342857142857,0.3608971428571429,0.3644885714285714,0.35490857142857146,0.28938857142857144,0.2931457142857143,0.29276285714285716,0.29424,0.2983885714285714,0.29432285714285716,0.2951114285714286,0.2961714285714286,0.28414285714285714,0.2995485714285714,0.30442285714285716,0.3013657142857143,0.3004457142857143,0.3099685714285714,0.30870857142857144,0.39111734693877553,0.3946265306122449,0.39997040816326523,0.4031908163265306,0.400504081632653,0.39955408163265294,0.3975040816326531,0.3992775510204082,0.3944204081632653,0.40473265306122447,0.41087448979591834,0.4164591836734694,0.41213367346938773,0.41406938775510194,0.4276571428571429,0.5055952380952381,0.5045571428571428,0.5189928571428571,0.5154238095238095,0.49969761904761906,0.49737857142857145,0.4964619047619048,0.4938476190476191,0.4859476190476191,0.5160809523809523,0.5304476190476191,0.5209595238095238,0.4957261904761905,0.5009666666666667,0.5238452380952382,0.31204829931972794,0.3146761904761905,0.31215034013605447,0.3078020408163265,0.3033190476190476,0.2967360544217688,0.300995918367347,0.3021578231292517,0.30086258503401364,0.3216734693877551,0.32317891156462586,0.316134693877551,0.2986707482993197,0.3015136054421768,0.31760204081632654,Male,9,8-12,Elementary,C,C,R16C20b9_info1_250Hz_gu2_AEP.conn
R16C18B7,R16C18b7_info1_250Hz_gu2_AEP.conn,gu2,0.4047095238095238,0.40802380952380957,0.40619999999999995,0.4066857142857143,0.4109238095238095,0.41170476190476196,0.40859047619047617,0.40624285714285713,0.4160714285714286,0.4132428571428572,0.4038142857142857,0.4019333333333333,0.4569666666666667,0.4608142857142857,0.4360809523809524,0.46390000000000003,0.46102571428571437,0.4526285714285714,0.4503371428571429,0.4510685714285715,0.4971114285714286,0.4973142857142857,0.48593142857142857,0.4837371428571428,0.47729428571428567,0.46267142857142857,0.4525771428571428,0.5321114285714285,0.5257257142857144,0.48644857142857145,0.4069885714285714,0.40350857142857144,0.4138171428571429,0.4174885714285714,0.42373714285714287,0.4402885714285715,0.4468685714285714,0.4512028571428572,0.4561,0.41527714285714284,0.42184285714285713,0.43089428571428573,0.4515714285714285,0.4548228571428571,0.4160514285714285,0.49325204081632645,0.4922479591836736,0.4957551020408163,0.49151122448979595,0.48542959183673473,0.49927959183673465,0.4988142857142857,0.501065306122449,0.5018540816326531,0.5028387755102041,0.5092785714285715,0.5061336734693878,0.5075448979591837,0.5117448979591837,0.5240418367346938,0.45805238095238093,0.4660619047619048,0.4698,0.4783928571428571,0.48238095238095235,0.4630571428571429,0.45842619047619043,0.4624119047619047,0.47971190476190473,0.46573571428571436,0.46748095238095244,0.4791666666666667,0.4633452380952381,0.4746761904761905,0.4705714285714286,0.4385646258503401,0.4382891156462585,0.4411632653061223,0.442695918367347,0.44529931972789116,0.45034761904761905,0.4495571428571428,0.45108095238095236,0.4482897959183674,0.44291972789115636,0.44597551020408166,0.4504768707482994,0.45785782312925166,0.45255102040816325,0.4549102040816327,Male,7,5-7,Elementary,C,C,R16C18b7_info1_250Hz_gu2_AEP.conn
R16MME07GU_F10,R16mme07gu_f10_info1_250Hz_gu2_AEP.conn,gu2,0.2678904761904762,0.2839809523809524,0.29109523809523813,0.2905190476190476,0.2999095238095238,0.28012857142857145,0.2947380952380953,0.2929333333333333,0.2992714285714286,0.29563809523809526,0.2982238095238095,0.2849333333333333,0.3475714285714286,0.35095238095238096,0.3445904761904761,0.3666028571428571,0.3695771428571429,0.36601428571428574,0.3706257142857142,0.3683685714285715,0.36918857142857137,0.36550285714285713,0.3596457142857143,0.34993714285714284,0.3635885714285715,0.3614571428571428,0.37083714285714287,0.3893457142857143,0.38788571428571433,0.3672257142857143,0.32066285714285714,0.3256057142857143,0.3320171428571429,0.3349628571428571,0.33576285714285714,0.3590057142857144,0.35810571428571425,0.34895428571428566,0.3416657142857143,0.32994857142857137,0.33183428571428575,0.33615142857142855,0.35010857142857144,0.34522,0.33336571428571427,0.4039908163265306,0.41684591836734697,0.4235928571428572,0.41956734693877556,0.4145418367346938,0.42517040816326535,0.4241591836734694,0.4242816326530612,0.4243816326530613,0.4226255102040816,0.4226755102040816,0.41674387755102044,0.44252244897959186,0.43979693877551024,0.4276632653061224,0.45190476190476186,0.45457857142857133,0.452952380952381,0.4560190476190477,0.4560261904761904,0.44462857142857143,0.4563952380952381,0.46288333333333337,0.46578333333333344,0.46218333333333333,0.4592095238095238,0.46316190476190483,0.4685714285714286,0.4653190476190476,0.4621404761904762,0.3606877551020408,0.362195918367347,0.3596979591836734,0.3555557823129251,0.34890884353741497,0.3500632653061225,0.3581925170068027,0.36372176870748296,0.3654020408163265,0.3642761904761905,0.36292721088435376,0.3606537414965987,0.3583557823129252,0.3659659863945578,0.36143333333333333,Female,10,8-12,Elementary,C,C,R16mme07gu_f10_info1_250Hz_gu2_AEP.conn
R16C32B08,R16C32b08_info1_250Hz_gu2_AEP.conn,gu2,0.27387619047619044,0.2605095238095238,0.2667285714285714,0.2613666666666667,0.2470333333333333,0.28579047619047615,0.28450000000000003,0.27144285714285715,0.25670952380952383,0.250547619047619,0.25075714285714285,0.2581333333333333,0.3215238095238095,0.30502380952380953,0.2953095238095238,0.3583457142857142,0.3523057142857143,0.34054285714285715,0.32380857142857145,0.30898285714285717,0.3556914285714285,0.35274571428571433,0.3467685714285714,0.34211714285714284,0.33905714285714283,0.31986,0.3131657142857143,0.3782628571428571,0.3698542857142857,0.3455371428571429,0.33122285714285715,0.3178257142857143,0.30607142857142855,0.3122628571428572,0.3246542857142857,0.32702,0.3229228571428572,0.31914000000000003,0.3150057142857142,0.3059342857142857,0.2993485714285714,0.31493142857142853,0.33165999999999995,0.3293028571428572,0.3200857142857143,0.4417989795918368,0.4440744897959183,0.4448357142857143,0.44528367346938774,0.4509785714285714,0.44828163265306126,0.44926632653061216,0.4465051020408163,0.44249285714285713,0.43703775510204085,0.4384397959183674,0.43895612244897964,0.47297653061224487,0.47474183673469394,0.4523989795918367,0.4833309523809524,0.478552380952381,0.4769142857142857,0.4827404761904763,0.4794309523809524,0.4762095238095238,0.46785000000000004,0.46006428571428576,0.4503357142857143,0.48020476190476186,0.4718142857142858,0.47649523809523814,0.4663619047619047,0.45775476190476194,0.4567333333333334,0.35549047619047625,0.35406190476190486,0.353456462585034,0.3548149659863945,0.3518102040816326,0.35254217687074824,0.3500693877551021,0.3493054421768707,0.3466945578231292,0.3586442176870749,0.36119795918367353,0.36507755102040823,0.3415272108843537,0.3429285714285714,0.3621285714285714,Male,8,8-12,Elementary,C,C,R16C32b08_info1_250Hz_gu2_AEP.conn
R16C06B16,R16C06b16_info1_250Hz_gu2_AEP(1).conn,gu2,0.2578714285714286,0.2636380952380952,0.2658714285714286,0.2727333333333333,0.2717619047619047,0.281252380952381,0.2844857142857143,0.2881190476190476,0.27544285714285716,0.2611238095238095,0.2653190476190476,0.2718238095238095,0.33079047619047613,0.32752380952380955,0.3068142857142857,0.35165428571428575,0.35666571428571425,0.3664342857142857,0.3705771428571428,0.3730257142857143,0.35266285714285717,0.35131999999999997,0.36006857142857146,0.36172,0.34948285714285715,0.3613257142857143,0.36817714285714287,0.3710114285714286,0.3754685714285714,0.38355428571428574,0.2595,0.2547114285714286,0.25814,0.26703428571428567,0.27373714285714285,0.24704857142857142,0.24549428571428572,0.24770000000000003,0.2541971428571429,0.25008857142857144,0.2618771428571428,0.27718,0.23536285714285712,0.2359542857142857,0.2559314285714286,0.29038673469387755,0.284884693877551,0.2896571428571429,0.29808469387755104,0.2960285714285714,0.2857173469387755,0.28718775510204086,0.28887551020408164,0.2979326530612245,0.2826183673469388,0.28884795918367345,0.29897551020408164,0.3028469387755103,0.3044193877551021,0.3100316326530613,0.3507761904761905,0.36049047619047614,0.3664214285714285,0.3631809523809524,0.3628023809523809,0.3493357142857143,0.3541309523809524,0.3556809523809524,0.3625833333333333,0.35751904761904757,0.3627261904761905,0.36302142857142855,0.35124523809523805,0.35709047619047624,0.36315238095238095,0.2869183673469387,0.2859768707482993,0.2892034013605442,0.292387074829932,0.29632380952380954,0.2932115646258503,0.29712040816326535,0.2968761904761905,0.29605510204081636,0.2840802721088435,0.2917598639455781,0.2973557823129252,0.29610408163265306,0.29686802721088434,0.2926680272108844,Male,16,Teen,Secondary,C,C,R16C06b16_info1_250Hz_gu2_AEP(1).conn
R16C14B07,R16C14b07_info1_250Hz_gu2_AEP.conn,gu2,0.3252714285714286,0.33489047619047624,0.32880000000000004,0.3206809523809524,0.3320571428571429,0.31011904761904757,0.315152380952381,0.31848095238095236,0.3081428571428572,0.32708571428571426,0.3318761904761905,0.3351380952380952,0.3537285714285714,0.3513380952380953,0.37699047619047615,0.38909142857142853,0.38626000000000005,0.3822057142857143,0.37147714285714284,0.3705514285714286,0.3794828571428571,0.38721428571428573,0.37883428571428573,0.37571142857142853,0.37918285714285715,0.37727142857142865,0.37428285714285714,0.41478000000000004,0.40559142857142866,0.3992714285714286,0.33192,0.3230571428571429,0.3154057142857143,0.31029142857142855,0.31234,0.3289028571428571,0.33409714285714287,0.32666000000000006,0.3175857142857143,0.3305914285714286,0.32068285714285716,0.31564857142857145,0.34208571428571427,0.3458228571428571,0.33717142857142857,0.47523367346938766,0.47919183673469384,0.48382857142857144,0.48348061224489797,0.4795653061224491,0.47357244897959194,0.4700724489795919,0.46580714285714286,0.47030918367346947,0.4839785714285714,0.48799693877551015,0.4872877551020408,0.4815489795918367,0.4799448979591836,0.4943112244897958,0.46130714285714286,0.47299285714285716,0.47662619047619054,0.4785857142857142,0.48641666666666666,0.47092142857142866,0.4615404761904762,0.45580952380952383,0.4600714285714285,0.4767261904761905,0.48315714285714284,0.48493571428571425,0.4709904761904762,0.4526833333333333,0.47287142857142855,0.3453231292517007,0.3513095238095238,0.35091088435374146,0.35070816326530607,0.34974965986394563,0.35256394557823123,0.35313333333333335,0.3492204081632653,0.34935986394557833,0.35294693877551025,0.3504707482993198,0.3487897959183673,0.33624013605442177,0.3338326530612245,0.35176530612244905,Male,7,5-7,Elementary,C,C,R16C14b07_info1_250Hz_gu2_AEP.conn
R16ME08_F10,R16me08_f10_info1_250Hz_gu2_AEP.conn,gu2,0.30262857142857147,0.2978523809523809,0.3087142857142857,0.3214952380952381,0.3255095238095238,0.305947619047619,0.3151190476190476,0.3284,0.3400238095238095,0.32501904761904765,0.32306666666666667,0.32907619047619047,0.3121333333333333,0.32259047619047615,0.3621857142857143,0.36813428571428575,0.3612,0.34713428571428573,0.34046000000000004,0.3451714285714286,0.3503742857142857,0.35612857142857146,0.36392857142857143,0.37064285714285716,0.3602942857142858,0.35210857142857144,0.3494857142857143,0.36841142857142856,0.3740828571428571,0.35895714285714286,0.3747828571428572,0.38175428571428577,0.38366,0.38678,0.3804342857142857,0.38366285714285714,0.39428857142857143,0.3878428571428572,0.37913142857142856,0.37971142857142864,0.38734285714285716,0.39435714285714285,0.4002714285714285,0.38795714285714283,0.38420571428571426,0.42229693877551017,0.4221,0.4182316326530611,0.4153285714285714,0.4125846938775509,0.426180612244898,0.4250704081632653,0.4206081632653061,0.42300612244897956,0.42764081632653056,0.4218,0.4208336734693877,0.4478734693877552,0.4433132653061224,0.44330918367346933,0.514752380952381,0.505752380952381,0.5051857142857142,0.512202380952381,0.5187238095238095,0.4982452380952382,0.49789285714285714,0.49334523809523817,0.49630952380952387,0.5174357142857142,0.5159928571428571,0.520004761904762,0.5061619047619047,0.49048095238095235,0.5217404761904761,0.39214013605442183,0.3894040816326531,0.39120748299319724,0.39488231292517006,0.3988809523809523,0.40532244897959185,0.40294965986394565,0.4059034013605442,0.40415510204081634,0.39266870748299326,0.3933489795918367,0.39527551020408164,0.3917714285714285,0.3977768707482993,0.3933149659863946,Female,10,8-12,Elementary,C,C,R16me08_f10_info1_250Hz_gu2_AEP.conn
R16C34B06,R16C34b06_info1_250Hz_gu2_AEP.conn,gu2,0.21472857142857146,0.22368571428571427,0.2295095238095238,0.23469523809523807,0.2363714285714286,0.2038047619047619,0.20693809523809525,0.22693809523809524,0.22970000000000002,0.21083333333333332,0.21635238095238096,0.22867619047619048,0.26412380952380954,0.2706952380952381,0.25626190476190475,0.3731771428571429,0.3812885714285715,0.3825571428571429,0.38112857142857137,0.38262857142857143,0.38768857142857144,0.37945142857142866,0.38088857142857147,0.38770000000000004,0.3865714285714286,0.38344,0.38688857142857147,0.41342,0.41448285714285704,0.3990285714285714,0.35,0.3540457142857143,0.36383714285714286,0.36269999999999997,0.3534771428571429,0.35479428571428573,0.35719142857142855,0.3462942857142857,0.3437714285714286,0.3511657142857143,0.3542,0.3523685714285715,0.35998285714285716,0.34998571428571434,0.3461171428571429,0.3472897959183673,0.346784693877551,0.34406938775510204,0.3410755102040816,0.34131326530612244,0.35384387755102037,0.35464999999999997,0.3558591836734694,0.35607857142857136,0.35187551020408164,0.3461887755102041,0.34407142857142853,0.37076326530612247,0.37087346938775506,0.3669561224489795,0.40021904761904753,0.39969761904761897,0.39619999999999994,0.3968309523809524,0.39724999999999994,0.39077619047619044,0.39498809523809525,0.39950714285714284,0.40024523809523815,0.4088785714285715,0.4049833333333334,0.4054166666666667,0.4008380952380952,0.41273333333333334,0.42207857142857147,0.28590544217687075,0.2869544217687074,0.2828591836734694,0.27973945578231296,0.28229115646258507,0.27275646258503405,0.27542040816326524,0.2791374149659865,0.2833673469387755,0.286447619047619,0.28423605442176875,0.2807632653061224,0.26949863945578223,0.27387074829931973,0.28472108843537414,Male,6,5-7,Elementary,C,C,R16C34b06_info1_250Hz_gu2_AEP.conn
R16C05B13,R16C05b13_info1_250Hz_gu2_AEP.conn,gu2,0.23285714285714287,0.23289047619047618,0.2397952380952381,0.24530952380952384,0.24834285714285712,0.23473809523809522,0.24399523809523807,0.2515571428571428,0.25192380952380955,0.22781428571428572,0.23235714285714285,0.23907619047619044,0.28002857142857146,0.29410476190476187,0.27926666666666666,0.32174571428571425,0.3330457142857143,0.3429714285714286,0.34597714285714287,0.34430857142857146,0.34622857142857144,0.33902571428571426,0.32365714285714287,0.32332285714285713,0.33269714285714286,0.3407914285714285,0.3429257142857142,0.36117714285714286,0.3509285714285715,0.35885999999999996,0.26625428571428567,0.2756628571428571,0.2779057142857143,0.28577142857142857,0.2815714285714286,0.28080571428571427,0.27942857142857136,0.27115142857142854,0.2779828571428571,0.2721942857142857,0.27828285714285717,0.2848142857142857,0.2644514285714285,0.26144,0.26155142857142855,0.2864234693877551,0.2894408163265306,0.2921826530612245,0.2896204081632653,0.2899918367346938,0.2854857142857143,0.2902326530612244,0.2858142857142857,0.2800204081632653,0.28997448979591844,0.2935989795918368,0.2906040816326531,0.30837653061224485,0.30842755102040814,0.3076397959183673,0.3959690476190476,0.38682857142857147,0.3809833333333334,0.37383809523809525,0.36639047619047616,0.36340952380952385,0.37065,0.3688071428571429,0.3651571428571429,0.39420476190476195,0.3846857142857143,0.3747309523809524,0.37043571428571426,0.37251904761904764,0.38055714285714287,0.24509523809523806,0.24567006802721095,0.24547687074829933,0.24293809523809523,0.2407680272108844,0.2429210884353742,0.24256598639455781,0.24287755102040814,0.24292040816326527,0.2487380952380953,0.248734693877551,0.24765170068027215,0.23928299319727891,0.23851156462585033,0.25079591836734694,Male,13,Teen,Secondary,C,C,R16C05b13_info1_250Hz_gu2_AEP.conn
R16C21G7,R16C21g7_info1_250Hz_gu2_AEP.conn,gu2,0.2602809523809524,0.27771904761904764,0.2699857142857143,0.26795714285714284,0.28262380952380955,0.34423333333333334,0.3517952380952381,0.3364809523809524,0.33746190476190474,0.2635285714285714,0.26713809523809523,0.2764952380952381,0.3552714285714286,0.35151904761904756,0.33481904761904757,0.3602114285714285,0.3750542857142857,0.36154857142857144,0.34737428571428575,0.3666257142857143,0.3612228571428571,0.36498857142857144,0.3453542857142857,0.3422171428571429,0.3606657142857143,0.35950285714285707,0.3720228571428571,0.40197142857142854,0.3977285714285714,0.3831371428571429,0.3039971428571428,0.2899942857142857,0.28498,0.29770857142857143,0.3115171428571428,0.3010828571428571,0.3008314285714285,0.29098,0.3015457142857143,0.28282857142857143,0.2780457142857143,0.29886,0.3308114285714286,0.3383571428571429,0.29440571428571427,0.3630785714285714,0.36011530612244896,0.369984693877551,0.37473163265306125,0.37383061224489794,0.3785255102040817,0.37982653061224486,0.38390102040816326,0.3847102040816326,0.37304489795918366,0.372154081632653,0.36532755102040815,0.39260510204081633,0.3966020408163265,0.3965642857142857,0.4266666666666667,0.4360761904761905,0.4424785714285715,0.4308880952380952,0.41639761904761907,0.37920238095238096,0.37732142857142853,0.39043333333333335,0.4058595238095239,0.40533095238095235,0.4022833333333333,0.3858595238095239,0.4013190476190476,0.4176142857142857,0.3893452380952381,0.3336721088435375,0.3371272108843537,0.3391333333333333,0.3372727891156463,0.33855034013605445,0.33327074829931963,0.3410374149659864,0.34165374149659866,0.34364897959183666,0.3282224489795919,0.3212850340136054,0.3208802721088435,0.3461537414965986,0.3454312925170069,0.3197904761904762,Female,7,5-7,Elementary,C,C,R16C21g7_info1_250Hz_gu2_AEP.conn
R16C08G09,R16C08g09_info1_250Hz_gu2_AEP.conn,gu2,0.2669666666666667,0.26917142857142856,0.28347619047619044,0.2930428571428572,0.29629047619047616,0.2574809523809524,0.2678857142857143,0.29202380952380946,0.2933952380952381,0.2684380952380952,0.2869333333333333,0.3002428571428571,0.33070000000000005,0.3494285714285714,0.2992666666666666,0.3933314285714286,0.4042914285714286,0.4080971428571429,0.40986,0.41166285714285705,0.39311428571428575,0.37733714285714287,0.3698142857142857,0.36720571428571425,0.40496571428571426,0.40568,0.4108599999999999,0.40439428571428576,0.40443428571428575,0.4142971428571429,0.37166285714285713,0.37362,0.36426,0.36052285714285714,0.35531428571428575,0.3562714285714286,0.36157142857142854,0.3605771428571429,0.3552285714285714,0.3598228571428571,0.3522971428571429,0.3551371428571428,0.33918,0.3441828571428572,0.3439857142857143,0.4740765306122449,0.46916224489795916,0.46647857142857146,0.46731224489795925,0.4764255102040815,0.4692744897959184,0.48137346938775505,0.4877551020408163,0.4910775510204081,0.46999591836734694,0.46877755102040825,0.4703040816326531,0.4923275510204082,0.4964510204081632,0.4867255102040816,0.5299190476190476,0.5279642857142858,0.5268166666666667,0.5247642857142857,0.528347619047619,0.5239,0.514652380952381,0.5150333333333333,0.5276952380952381,0.5257547619047619,0.5277595238095238,0.5217333333333334,0.5205047619047619,0.5111476190476191,0.52765,0.33099047619047617,0.33573265306122446,0.34026122448979584,0.34277959183673473,0.3449863945578231,0.33463401360544215,0.3292006802721089,0.33110068027210876,0.33884693877551014,0.3374448979591837,0.34454829931972786,0.34772244897959176,0.32786394557823134,0.33172040816326537,0.34962176870748296,Female,9,8-12,Elementary,C,C,R16C08g09_info1_250Hz_gu2_AEP.conn
R16C04B13,R16C04b13_info1_250Hz_gu2_AEP.conn,gu2,0.2877904761904762,0.2830285714285714,0.29295714285714286,0.28470476190476185,0.2586285714285715,0.33076666666666665,0.3394857142857142,0.33354761904761904,0.3190571428571429,0.3141428571428571,0.320847619047619,0.3133761904761905,0.3848190476190476,0.3685238095238095,0.3762095238095238,0.42898571428571436,0.4241085714285714,0.4255228571428572,0.4275942857142857,0.43331428571428565,0.43854000000000004,0.43942571428571425,0.43594571428571427,0.42944571428571426,0.4271285714285714,0.43097714285714284,0.4320428571428572,0.4732828571428572,0.4662428571428571,0.4505085714285714,0.40209142857142854,0.40422285714285716,0.40569714285714287,0.4114771428571428,0.42256,0.39366,0.4002714285714286,0.3917771428571428,0.39368857142857144,0.4098057142857143,0.41197999999999996,0.4160057142857143,0.4003,0.3844628571428571,0.3962428571428571,0.3595775510204081,0.3609755102040816,0.361419387755102,0.3615755102040817,0.36546326530612244,0.3596377551020408,0.36309183673469386,0.35907244897959195,0.35137448979591834,0.36732959183673464,0.3669704081632652,0.3688367346938775,0.37158061224489797,0.37092448979591836,0.37595204081632655,0.4462690476190476,0.44735238095238095,0.45091428571428566,0.4478166666666667,0.4488190476190477,0.4254857142857143,0.4246642857142857,0.4299714285714286,0.4357619047619048,0.44489523809523807,0.44987619047619054,0.44768571428571424,0.4162761904761905,0.41400952380952377,0.43934761904761904,0.33627006802721093,0.33708639455782313,0.3348380952380952,0.3390312925170068,0.3425904761904762,0.33691972789115643,0.3384462585034014,0.3375863945578231,0.33639183673469397,0.3425870748299319,0.3430904761904762,0.34378571428571414,0.3321469387755102,0.33295306122448975,0.3425816326530612,Male,13,Teen,Secondary,C,C,R16C04b13_info1_250Hz_gu2_AEP.conn
R16C38G6,R16C38g6_info1_250Hz_gu2_AEP.conn,gu2,0.3145571428571428,0.3043,0.29594761904761907,0.2990904761904762,0.30203809523809527,0.3403857142857143,0.34146190476190474,0.3325761904761904,0.3167190476190476,0.3212619047619048,0.3211952380952381,0.3273619047619048,0.38055714285714287,0.3690047619047619,0.3455095238095238,0.37224,0.38199428571428573,0.38002857142857144,0.3802828571428571,0.3869828571428572,0.39081714285714286,0.3982028571428572,0.39909142857142854,0.3911171428571429,0.3841885714285714,0.37946,0.3745914285714286,0.41865428571428576,0.42436285714285715,0.40191999999999994,0.33979714285714285,0.3603171428571429,0.3584228571428571,0.34796285714285713,0.32361428571428574,0.31268,0.3236085714285714,0.32358571428571425,0.31805714285714287,0.3575628571428571,0.36369714285714283,0.3553,0.31966571428571433,0.3217028571428571,0.3619085714285714,0.3586244897959184,0.35969999999999996,0.35570510204081635,0.35117653061224496,0.34412857142857145,0.35352755102040817,0.35567346938775507,0.3547826530612245,0.3475377551020408,0.36291938775510196,0.3593081632653062,0.3543183673469388,0.37033775510204076,0.3668061224489795,0.3709469387755102,0.44701190476190483,0.4489261904761905,0.43823809523809515,0.42782619047619047,0.4131476190476191,0.4236785714285715,0.4293428571428571,0.43497142857142856,0.42800476190476194,0.45515952380952385,0.4373071428571429,0.42095952380952384,0.42893571428571425,0.43580476190476186,0.4300761904761905,0.31632925170068027,0.3175646258503401,0.3200523809523809,0.3192122448979592,0.31554829931972794,0.33099115646258503,0.33292380952380957,0.3309666666666667,0.3283578231292517,0.31581700680272107,0.3187530612244898,0.31807482993197267,0.3326489795918367,0.3330993197278912,0.32137414965986383,Female,6,5-7,Elementary,C,C,R16C38g6_info1_250Hz_gu2_AEP.conn
M01Y09CB,M01y09cb_info1_250Hz_gu2_AEP.conn,gu2,0.2909095238095238,0.28415714285714283,0.28777619047619046,0.3107380952380952,0.32353809523809524,0.28838095238095235,0.3007095238095238,0.3025142857142857,0.2968428571428572,0.2895666666666667,0.29414761904761905,0.3070809523809524,0.355547619047619,0.35231904761904764,0.35189047619047614,0.36071142857142857,0.3662542857142857,0.3739142857142857,0.3817485714285714,0.3872771428571428,0.3872114285714286,0.38704,0.3866314285714286,0.3867542857142858,0.3745,0.37783714285714287,0.38281714285714286,0.40149999999999997,0.4083857142857143,0.4155914285714285,0.32574000000000003,0.33294,0.3390485714285714,0.3461857142857143,0.35006857142857145,0.3497,0.34662000000000004,0.3442942857142857,0.33753142857142854,0.32448285714285713,0.3299,0.3378457142857143,0.33433999999999997,0.33783142857142856,0.33528571428571424,0.4313826530612245,0.42940000000000006,0.42457040816326524,0.4213948979591837,0.42015612244897954,0.4287316326530612,0.42625612244897954,0.4234622448979592,0.42261326530612253,0.42969795918367343,0.4276357142857143,0.4299928571428571,0.4437408163265307,0.44058673469387755,0.44649795918367347,0.4786047619047619,0.47564761904761904,0.4660547619047619,0.4563238095238096,0.4629452380952381,0.47393095238095234,0.4793690476190476,0.48328809523809535,0.4866619047619048,0.48297380952380947,0.480297619047619,0.472802380952381,0.4802333333333333,0.4850785714285714,0.4739285714285714,0.3561319727891157,0.35371156462585035,0.3531027210884353,0.35033741496598636,0.3483863945578231,0.34329319727891155,0.34446190476190475,0.34993401360544213,0.3542292517006803,0.35568571428571427,0.35514149659863953,0.34834013605442177,0.3404034013605441,0.34941292517006795,0.34908979591836736,Female,9,8-12,Elementary,C,C,M01y09cb_info1_250Hz_gu2_AEP.conn
R16C06B16,R16C06b16_info1_250Hz_gu2_AEP.conn,gu2,0.29550952380952383,0.28785714285714287,0.28463333333333335,0.28681904761904764,0.2861666666666666,0.3060380952380952,0.31198571428571426,0.3243,0.3267857142857143,0.29252857142857147,0.2870904761904762,0.2873095238095238,0.3590285714285714,0.3648,0.33413809523809523,0.3838114285714286,0.3814114285714286,0.38294285714285714,0.3884742857142857,0.38584857142857143,0.40462857142857145,0.4048,0.40392,0.3928028571428571,0.39928285714285716,0.39798,0.39905142857142856,0.4333285714285714,0.43670285714285717,0.42911428571428567,0.4063085714285714,0.4103514285714286,0.41703999999999997,0.4074742857142857,0.4099857142857143,0.40942,0.39888285714285715,0.39595714285714284,0.40444571428571435,0.4076657142857143,0.4146114285714286,0.4029028571428571,0.4138628571428572,0.41470285714285715,0.42322000000000004,0.4132448979591837,0.41421122448979597,0.4120316326530612,0.41542551020408164,0.41749387755102035,0.4196530612244898,0.41432755102040814,0.41442346938775515,0.41729795918367346,0.41731632653061224,0.41144795918367344,0.4125979591836734,0.4323244897959184,0.4323387755102041,0.4272622448979591,0.5091142857142857,0.5045880952380952,0.5016976190476191,0.50145,0.5032904761904763,0.5058738095238096,0.4983357142857143,0.48588095238095236,0.4928761904761904,0.5002809523809524,0.5030904761904762,0.5015809523809523,0.5019166666666667,0.4855023809523809,0.48757619047619055,0.38361904761904764,0.3789591836734693,0.3804802721088436,0.3797462585034014,0.38441088435374154,0.39201768707482987,0.39104761904761903,0.38405646258503395,0.38261088435374146,0.37851020408163255,0.37967210884353747,0.38205034013605443,0.3876414965986394,0.3808421768707483,0.3815469387755102,Male,16,Teen,Secondary,C,C,R16C06b16_info1_250Hz_gu2_AEP(1).conn
R16C33B05,R16C33b05_info1_250Hz_gu2_AEP.conn,gu2,0.1766857142857143,0.19243333333333335,0.2035190476190476,0.20626666666666668,0.19201904761904762,0.20148571428571427,0.21980476190476192,0.21999047619047618,0.21584761904761904,0.1950047619047619,0.21096190476190477,0.21435238095238093,0.27659523809523806,0.2829619047619048,0.2735142857142857,0.2941571428571429,0.28873714285714286,0.29318,0.2982314285714286,0.2965171428571428,0.29819428571428575,0.30247999999999997,0.3009342857142857,0.29589999999999994,0.3042457142857143,0.3034857142857143,0.30661428571428573,0.3237457142857143,0.3236914285714286,0.34233428571428576,0.2560942857142857,0.26477142857142855,0.27117142857142856,0.26271428571428573,0.25172285714285714,0.2701257142857143,0.26774,0.26676,0.2707542857142857,0.27240285714285717,0.27760571428571434,0.2735914285714286,0.25083142857142854,0.25233142857142854,0.28081999999999996,0.29872448979591837,0.30187857142857133,0.3022795918367347,0.30529489795918374,0.3071520408163265,0.30210204081632647,0.2965010204081633,0.2918612244897959,0.29281122448979596,0.3027255102040816,0.30337040816326527,0.30793367346938766,0.30676734693877544,0.3025867346938776,0.3290551020408164,0.3495928571428572,0.35301190476190475,0.34815476190476186,0.33860952380952386,0.3334000000000001,0.33628809523809516,0.3349928571428571,0.34620000000000006,0.34939761904761896,0.3530761904761905,0.34545952380952377,0.33152380952380955,0.3263333333333333,0.3406666666666667,0.33597380952380956,0.2471421768707483,0.2493544217687075,0.24573333333333333,0.2439183673469388,0.24530068027210883,0.2498285714285714,0.24947346938775514,0.2548272108843537,0.2594047619047619,0.25335918367346943,0.245287074829932,0.2411448979591837,0.2442843537414966,0.24891292517006797,0.24707619047619048,Male,5,5-7,Elementary,C,C,R16C33b05_info1_250Hz_gu2_AEP.conn
R16C23B5,R16C23b5_info1_250Hz_gu2_AEP.conn,gu2,0.2211523809523809,0.22304761904761905,0.23273333333333335,0.22963809523809528,0.22245714285714283,0.23903809523809524,0.23188571428571428,0.23435238095238095,0.23006190476190477,0.22820952380952378,0.23783809523809527,0.23656190476190475,0.3001095238095239,0.30401428571428574,0.2745952380952381,0.3418742857142857,0.34011428571428576,0.34047714285714287,0.34112857142857145,0.3451057142857143,0.3425028571428572,0.3419428571428572,0.3516057142857143,0.3610457142857143,0.34908571428571433,0.34873714285714286,0.34674,0.37225142857142857,0.38137714285714286,0.3599057142857144,0.34510857142857143,0.34817142857142863,0.34713999999999995,0.34562571428571426,0.33522285714285716,0.32880000000000004,0.3224542857142857,0.3338428571428571,0.3487028571428571,0.3339885714285714,0.3385542857142857,0.3404,0.31782571428571427,0.3184114285714285,0.3327771428571428,0.33388163265306126,0.33463469387755096,0.3401642857142857,0.34923673469387756,0.355569387755102,0.336484693877551,0.33917142857142857,0.3411765306122449,0.3377030612244898,0.3345122448979592,0.34068775510204086,0.3460857142857143,0.3638336734693878,0.3615928571428571,0.35852142857142855,0.3613166666666667,0.3506547619047619,0.35503095238095234,0.35910238095238095,0.3680095238095238,0.3472595238095238,0.36211190476190475,0.36310714285714285,0.35711190476190474,0.3606214285714286,0.3633619047619048,0.3646547619047619,0.3596595238095239,0.36217380952380956,0.3737,0.3030952380952381,0.29872653061224497,0.2985272108843537,0.3004666666666666,0.3061938775510204,0.29544489795918366,0.2985095238095237,0.29948163265306116,0.2990496598639456,0.29684897959183676,0.30129251700680276,0.299539455782313,0.29853333333333326,0.2960231292517006,0.31745170068027206,Male,5,5-7,Elementary,C,C,R16C23b5_info1_250Hz_gu2_AEP.conn
R16C30M7,R16C30m7_info1_250Hz_gu2_AEP.conn,gu2,0.3581761904761905,0.3246857142857143,0.30665238095238095,0.29540952380952384,0.2955190476190476,0.30952857142857143,0.32139047619047617,0.32649047619047616,0.34017142857142857,0.3244619047619048,0.30738095238095237,0.3015666666666666,0.35208095238095233,0.36469999999999997,0.35130476190476195,0.4029628571428572,0.3831657142857143,0.38224285714285716,0.3847428571428571,0.39415428571428573,0.3937742857142857,0.3726228571428572,0.37876000000000004,0.39301428571428565,0.37614000000000003,0.38255999999999996,0.3818657142857143,0.4065485714285715,0.4195914285714285,0.3985942857142857,0.2957742857142857,0.2903428571428571,0.3093257142857143,0.30564,0.3151085714285714,0.28404857142857143,0.28786,0.29979999999999996,0.31572857142857136,0.2900142857142857,0.31128285714285714,0.3107171428571428,0.2921371428571429,0.3050342857142857,0.3090257142857143,0.35515204081632656,0.35396122448979594,0.3580122448979592,0.3713367346938776,0.37052040816326526,0.3500459183673469,0.361434693877551,0.37054489795918366,0.37373979591836737,0.36064795918367354,0.36158673469387753,0.37152142857142856,0.3748428571428572,0.38524795918367355,0.37637755102040815,0.4211595238095238,0.43282142857142863,0.43229047619047617,0.4371499999999999,0.44039999999999996,0.42010238095238095,0.43615000000000004,0.43952619047619046,0.4304261904761904,0.42696666666666666,0.4280119047619048,0.43558571428571424,0.43991190476190484,0.44069047619047613,0.4205261904761905,0.3827095238095238,0.38667278911564634,0.38861972789115656,0.38824625850340133,0.38935578231292506,0.3939578231292517,0.40021904761904764,0.3942115646258504,0.39225170068027215,0.3897687074829932,0.3918734693877551,0.38905170068027206,0.3971231292517006,0.39236326530612237,0.39012176870748305,Male,7,5-7,Elementary,C,C,R16C30m7_info1_250Hz_gu2_AEP.conn
R16C09B08,R16C09b08_info1_250Hz_gu2_AEP.conn,gu2,0.27888571428571424,0.2916809523809523,0.30173809523809525,0.30482857142857145,0.30260952380952383,0.28589523809523804,0.291447619047619,0.27895714285714285,0.2766190476190476,0.2983,0.30201904761904763,0.30607619047619045,0.3043666666666667,0.29991428571428574,0.3430619047619048,0.31571428571428567,0.3282,0.33616,0.3415085714285714,0.33595142857142857,0.3428942857142857,0.3450485714285714,0.33766857142857143,0.3348714285714286,0.33196,0.33931142857142854,0.34292,0.36310000000000003,0.3543857142857143,0.3517457142857142,0.2553885714285714,0.2648857142857143,0.26964571428571427,0.2665514285714286,0.2531,0.2578114285714286,0.26453142857142853,0.2720057142857143,0.2638628571428572,0.2584342857142857,0.26030000000000003,0.26001428571428575,0.27528857142857144,0.27658000000000005,0.25832,0.36716836734693875,0.3733316326530612,0.37384081632653066,0.3763040816326531,0.3760142857142857,0.37116530612244897,0.3798428571428572,0.3866,0.3881744897959184,0.37325204081632657,0.37530816326530614,0.3761887755102041,0.39289489795918364,0.3984122448979591,0.3849163265306123,0.4091309523809523,0.40772619047619046,0.40746190476190475,0.41283571428571436,0.4248857142857143,0.4001142857142857,0.3977833333333334,0.40635952380952384,0.40755238095238094,0.4122166666666666,0.41171666666666673,0.41651428571428567,0.40789523809523803,0.4110547619047619,0.40770476190476185,0.3316238095238095,0.3317904761904763,0.3314176870748299,0.3289993197278912,0.3265258503401361,0.33678435374149657,0.33290680272108847,0.33542721088435373,0.33455646258503396,0.33438571428571434,0.3323,0.3310544217687074,0.33915850340136044,0.3404748299319727,0.33585510204081637,Male,8,8-12,Elementary,C,C,R16C09b08_info1_250Hz_gu2_AEP.conn
R16C31B07,R16C31b07_info1_250Hz_gu2_AEP.conn,gu2,0.3114333333333334,0.31084761904761904,0.3113952380952381,0.3230761904761905,0.3338857142857143,0.2866095238095238,0.2926571428571429,0.3042714285714286,0.3124,0.3247380952380952,0.32619999999999993,0.33143809523809525,0.3211666666666666,0.33124761904761907,0.34692380952380947,0.3968028571428571,0.39557714285714285,0.3931171428571429,0.39988285714285715,0.40023428571428576,0.3738171428571429,0.38245714285714283,0.3952514285714286,0.4014057142857143,0.40826857142857137,0.4065714285714285,0.41038857142857144,0.4184657142857143,0.42086571428571434,0.4293085714285715,0.3333628571428571,0.33795142857142857,0.34394,0.3409257142857143,0.34097142857142854,0.33356285714285716,0.3416542857142857,0.33986857142857146,0.3454085714285714,0.34140857142857145,0.34855714285714284,0.34195142857142863,0.3407942857142857,0.3430142857142857,0.34998285714285715,0.34142653061224487,0.3439397959183673,0.3449244897959184,0.342969387755102,0.34021224489795915,0.35409387755102045,0.3555836734693877,0.35135204081632654,0.3514520408163266,0.3482051020408164,0.3470826530612245,0.34472959183673474,0.3685979591836735,0.36377959183673464,0.36429183673469395,0.3708404761904762,0.3667428571428572,0.3669833333333334,0.3726428571428571,0.37706666666666666,0.37903095238095236,0.3832571428571429,0.38591904761904755,0.3892928571428571,0.3613357142857143,0.36442619047619046,0.3725380952380953,0.38337142857142853,0.38290952380952376,0.3668357142857143,0.2901673469387755,0.28741292517006806,0.28561088435374155,0.29009387755102045,0.2911244897959183,0.28547959183673466,0.285074149659864,0.28821632653061224,0.28846734693877557,0.29148367346938775,0.2906367346938775,0.29221292517006797,0.2873503401360544,0.2874306122448981,0.2950000000000001,Male,7,5-7,Elementary,C,C,R16C31b07_info1_250Hz_gu2_AEP.conn
R16C35B06,R16C35b06_info1_250Hz_gu2_AEP.conn,gu2,0.30169047619047623,0.3020285714285715,0.31132380952380956,0.3266047619047619,0.3388761904761905,0.3144428571428571,0.30115714285714285,0.301447619047619,0.31727619047619043,0.2994047619047619,0.30658095238095234,0.3240904761904762,0.3539999999999999,0.36617619047619043,0.35853333333333337,0.4018714285714286,0.39522,0.39482,0.39504857142857147,0.39860285714285715,0.4073371428571429,0.4126314285714286,0.4043257142857143,0.40288571428571424,0.3953657142857143,0.39122857142857137,0.39121428571428574,0.43851142857142855,0.4356771428571428,0.42528571428571427,0.32839142857142856,0.3261342857142857,0.32272,0.31962000000000007,0.3168485714285715,0.3051342857142857,0.31850285714285714,0.3188742857142858,0.3170771428571428,0.3222542857142857,0.31851714285714283,0.3158228571428571,0.3141457142857143,0.31360857142857135,0.31817142857142855,0.45397959183673464,0.4526989795918368,0.4527020408163266,0.44934693877551013,0.44591224489795916,0.4556377551020408,0.46096020408163263,0.46475,0.46787551020408163,0.4602285714285715,0.46359795918367347,0.4621438775510205,0.4765846938775509,0.4767357142857143,0.4857122448979592,0.5207428571428572,0.5206833333333334,0.5219999999999999,0.529002380952381,0.5327595238095238,0.5264285714285715,0.519652380952381,0.5180071428571429,0.5243,0.5193952380952381,0.5196928571428572,0.5253619047619048,0.5187261904761905,0.506547619047619,0.5116833333333334,0.342278231292517,0.3435619047619048,0.34425034013605443,0.34331700680272104,0.34424829931972795,0.34106870748299317,0.3416108843537415,0.3441863945578231,0.34606258503401366,0.34674965986394557,0.34728435374149663,0.3488496598639456,0.33758775510204075,0.34392244897959184,0.34549387755102046,Male,6,5-7,Elementary,C,C,R16C35b06_info1_250Hz_gu2_AEP.conn
R16C28M6,R16C28m6_info1_250Hz_gu2_AEP.conn,gu2,0.2591428571428571,0.25377619047619054,0.2530095238095238,0.2474857142857143,0.23819047619047617,0.2621523809523809,0.2607190476190476,0.27455238095238094,0.28121904761904765,0.25815238095238097,0.2546095238095238,0.2402428571428571,0.28754285714285716,0.3021142857142857,0.2806571428571429,0.36556571428571427,0.3558171428571429,0.3448657142857143,0.3402657142857143,0.3349228571428572,0.3457057142857142,0.3448657142857143,0.3331857142857143,0.33457428571428566,0.35712,0.34079428571428566,0.33311999999999997,0.36800285714285713,0.35997142857142855,0.3578,0.36368571428571433,0.3516514285714286,0.3506,0.3436628571428571,0.3325114285714285,0.34991714285714287,0.34877142857142857,0.3467657142857143,0.34582285714285715,0.35044,0.35450857142857145,0.3539457142857143,0.34286,0.33701428571428566,0.3679542857142858,0.3908642857142857,0.3925704081632653,0.3920153061224489,0.3889459183673469,0.38823367346938786,0.3870163265306123,0.38897653061224485,0.3873969387755101,0.38784591836734694,0.3918714285714286,0.39447142857142853,0.3889795918367347,0.40754081632653055,0.40526326530612244,0.4071204081632653,0.4125595238095237,0.41229523809523805,0.4130119047619048,0.4178976190476191,0.4211595238095238,0.41572380952380955,0.42023809523809524,0.42452142857142855,0.42702619047619045,0.4168095238095238,0.4212214285714286,0.42106904761904757,0.4220357142857143,0.43523333333333336,0.4311238095238095,0.3443904761904762,0.34108027210884356,0.3383748299319728,0.33910000000000007,0.33863061224489793,0.3235625850340136,0.3273006802721088,0.33480612244897956,0.3401251700680273,0.34022789115646257,0.3388965986394558,0.33903129251700675,0.3242544217687075,0.32942517006802724,0.33661360544217694,Male,6,5-7,Elementary,C,C,R16C28m6_info1_250Hz_gu2_AEP.conn
R16C29F9,R16C29f9_info1_250Hz_gu2_AEP.conn,gu2,0.22015238095238096,0.2107380952380952,0.21760476190476188,0.22305238095238092,0.23932380952380952,0.2257190476190476,0.20961428571428573,0.20834761904761903,0.20399523809523812,0.21123809523809522,0.21586666666666673,0.22313809523809522,0.2607857142857143,0.2625190476190476,0.2643714285714286,0.3093457142857143,0.3120114285714286,0.30235142857142855,0.3071457142857143,0.31757428571428575,0.29588857142857145,0.30178,0.30395142857142854,0.29730285714285715,0.3108685714285714,0.30064,0.30191714285714283,0.3318657142857143,0.3374114285714286,0.32398,0.25841714285714285,0.2544571428571429,0.2557771428571428,0.2559,0.26607714285714285,0.24992857142857144,0.25136,0.25016571428571427,0.263,0.26326,0.2680828571428572,0.26178285714285715,0.26076000000000005,0.2550828571428571,0.27126285714285714,0.2922510204081633,0.29278979591836735,0.3015051020408163,0.30790816326530607,0.30784387755102044,0.2956836734693878,0.29708367346938774,0.29975102040816326,0.30901632653061223,0.2996499999999999,0.3027081632653061,0.3036214285714286,0.3147000000000001,0.31748877551020405,0.31764285714285717,0.32612142857142856,0.32507380952380954,0.3249095238095238,0.31716428571428573,0.3137714285714286,0.31971666666666665,0.3246904761904762,0.32735476190476187,0.33034761904761906,0.331452380952381,0.33212619047619046,0.323597619047619,0.33003095238095237,0.3286595238095238,0.3334809523809523,0.25867278911564623,0.2654897959183674,0.26712448979591835,0.2673707482993197,0.264065306122449,0.2634544217687075,0.2626421768707483,0.2582455782312925,0.25205714285714287,0.271621768707483,0.2720326530612245,0.2713408163265307,0.2620945578231292,0.2582904761904762,0.27392517006802714,Female,9,8-12,Elementary,C,C,R16C29f9_info1_250Hz_gu2_AEP.conn
R16M08B09,R16M08b09_info1_250Hz_gu2_AEP.conn,gu2,0.2480619047619048,0.24793809523809526,0.2553190476190476,0.25924285714285716,0.2675047619047619,0.25047619047619046,0.2670095238095238,0.26520476190476194,0.25064285714285717,0.24118095238095236,0.2522142857142857,0.2665142857142857,0.2966047619047619,0.2987380952380952,0.28319523809523806,0.33753714285714287,0.33722285714285716,0.34495714285714285,0.35240285714285713,0.36959142857142857,0.3463971428571429,0.3533885714285714,0.3564571428571429,0.3498942857142857,0.3328085714285714,0.34977428571428576,0.36259428571428576,0.3952857142857143,0.40123428571428565,0.38459714285714286,0.3667285714285714,0.38289428571428574,0.3948314285714286,0.3917942857142857,0.38289142857142855,0.3955914285714286,0.40202857142857146,0.403,0.3921971428571428,0.3823971428571429,0.39164857142857146,0.38986,0.41637142857142856,0.41952,0.4013228571428572,0.46896224489795924,0.4727357142857143,0.47059387755102045,0.46889693877551025,0.4635214285714286,0.47013061224489805,0.4711224489795918,0.47042857142857136,0.46525408163265297,0.4709030612244897,0.4683448979591836,0.4684928571428571,0.476534693877551,0.47456428571428566,0.4806642857142857,0.49213095238095234,0.492802380952381,0.4955452380952381,0.4907642857142857,0.4902166666666666,0.49777142857142853,0.4991357142857143,0.4945380952380953,0.5023595238095239,0.4851404761904761,0.49214285714285716,0.49008571428571424,0.5028,0.4953023809523809,0.4963214285714286,0.31070612244897955,0.31667210884353736,0.31551224489795915,0.31962244897959186,0.322973469387755,0.32286190476190474,0.3260326530612245,0.32921768707482996,0.3357244897959183,0.3189693877551021,0.31966326530612243,0.32426122448979594,0.3220891156462585,0.3230204081632654,0.3220272108843537,Male,9,8-12,Elementary,C,C,R16M08b09_info1_250Hz_gu2_AEP.conn
R16C36B6,R16C36b6_info1_250Hz_gu2_AEP.conn,gu2,0.2355095238095238,0.23113809523809525,0.22344285714285714,0.22945238095238094,0.2569095238095238,0.2572238095238096,0.24897142857142862,0.2428095238095238,0.25133333333333335,0.2360047619047619,0.21985238095238094,0.2279809523809524,0.287447619047619,0.28294285714285716,0.2660190476190476,0.31527428571428573,0.3123971428571429,0.3060171428571428,0.30892285714285717,0.31305428571428573,0.2984628571428572,0.3063571428571429,0.32129142857142856,0.32935142857142863,0.32597714285714285,0.31086285714285716,0.3046485714285714,0.3304542857142857,0.3462314285714286,0.32411999999999996,0.27168285714285717,0.2679885714285714,0.28502,0.29340000000000005,0.2868942857142857,0.27853428571428573,0.2818085714285714,0.2924685714285714,0.29756285714285713,0.29001428571428567,0.30010857142857145,0.30090285714285714,0.28193714285714283,0.29277142857142857,0.30156857142857146,0.31145510204081633,0.3082826530612245,0.3129744897959184,0.3144897959183673,0.30937959183673464,0.3055663265306122,0.30937040816326533,0.31643775510204086,0.3091622448979591,0.31228061224489795,0.3161714285714285,0.31653571428571425,0.31322040816326524,0.31997448979591836,0.32690612244897965,0.3620571428571429,0.3515357142857143,0.3385547619047619,0.3335619047619048,0.33980952380952384,0.3438547619047619,0.3345214285714286,0.3323333333333333,0.3432214285714285,0.3598357142857143,0.3456738095238095,0.34447857142857147,0.34579285714285707,0.3349738095238095,0.3441404761904762,0.26948435374149654,0.2632122448979592,0.2616272108843537,0.2668585034013605,0.2716619047619047,0.2655857142857143,0.2616258503401361,0.2575108843537415,0.25883945578231293,0.26792176870748297,0.26583333333333337,0.27195918367346944,0.2615387755102041,0.2560598639455783,0.2717585034013605,Male,6,5-7,Elementary,C,C,R16C36b6_info1_250Hz_gu2_AEP.conn
R16M09G18,R16M09g18_info1_250Hz_gu2_AEP.conn,gu2,0.32490476190476186,0.3445952380952381,0.3499714285714286,0.3414428571428571,0.3319619047619048,0.3207380952380952,0.3171809523809524,0.3191904761904762,0.32067142857142855,0.3578571428571429,0.36263333333333336,0.35735238095238087,0.362852380952381,0.3623285714285715,0.3960047619047619,0.4130657142857143,0.41698,0.42182,0.42434857142857146,0.42965428571428566,0.4351571428571428,0.43946571428571435,0.43466000000000005,0.42928285714285713,0.42076285714285716,0.42532,0.4276999999999999,0.4597771428571428,0.4546685714285714,0.4502857142857143,0.35223428571428567,0.3514685714285714,0.3538942857142857,0.35560285714285716,0.34419428571428573,0.3516028571428571,0.3598714285714286,0.3593857142857143,0.3563628571428572,0.3457057142857143,0.3497885714285714,0.3570914285714286,0.3494,0.34535142857142853,0.33731714285714287,0.3602744897959183,0.36418061224489795,0.3611551020408163,0.3577316326530612,0.3545479591836735,0.36285102040816325,0.3634581632653061,0.36246224489795925,0.3652836734693878,0.36765,0.3644142857142857,0.36037551020408165,0.3822632653061224,0.381873469387755,0.38228775510204077,0.3724452380952381,0.37054761904761907,0.36954523809523804,0.37334285714285714,0.3724928571428572,0.36637619047619047,0.36392142857142856,0.36027380952380955,0.3557714285714286,0.37233571428571427,0.3636333333333333,0.36467380952380957,0.36773809523809525,0.36339999999999995,0.3634785714285715,0.32134285714285715,0.31976666666666664,0.3172428571428571,0.31663741496598635,0.3187938775510204,0.3106530612244898,0.3163523809523809,0.31912925170068024,0.32005646258503406,0.3259244897959183,0.3247809523809524,0.32459795918367346,0.3211136054421769,0.3233884353741496,0.3294938775510204,Female,18,Teen,Secondary,C,C,R16M09g18_info1_250Hz_gu2_AEP.conn
R16C11B09,R16C11b09_info1_250Hz_gu2_AEP.conn,gu2,0.42774285714285715,0.4277809523809524,0.42440000000000005,0.42770476190476187,0.4341095238095238,0.42917619047619043,0.43248095238095235,0.4332714285714286,0.4232333333333334,0.4363666666666666,0.43507619047619045,0.4431428571428571,0.4874714285714285,0.4858619047619048,0.4832523809523808,0.5108971428571428,0.5183714285714285,0.5360542857142857,0.5403628571428571,0.5373971428571428,0.5291714285714286,0.5241171428571428,0.5192428571428571,0.5126342857142857,0.5377628571428572,0.5529428571428572,0.5530285714285714,0.5511571428571429,0.5502028571428571,0.5667142857142856,0.44849714285714287,0.4456142857142857,0.44209714285714286,0.4452742857142857,0.44711999999999996,0.44390857142857143,0.4381571428571429,0.43387999999999993,0.42869714285714283,0.44289999999999996,0.44206,0.4566771428571429,0.4460514285714286,0.44134285714285715,0.43972285714285714,0.39037244897959184,0.3897489795918368,0.39377346938775515,0.39219489795918366,0.38671122448979584,0.3871826530612244,0.38411938775510196,0.38333979591836737,0.38868775510204084,0.3991653061224489,0.40475714285714276,0.3963102040816327,0.3977704081632653,0.4008857142857143,0.4128234693877551,0.5082595238095239,0.49816190476190475,0.4803714285714286,0.4729047619047619,0.48242619047619045,0.5108261904761905,0.4987690476190476,0.4942547619047619,0.49285476190476185,0.4990690476190476,0.49258571428571435,0.48661666666666664,0.49727380952380945,0.5042238095238095,0.5056190476190476,0.44369659863945576,0.4427612244897959,0.43731632653061214,0.4294210884353741,0.4297530612244899,0.44226870748299313,0.4389102040816326,0.4399639455782312,0.44035306122448986,0.44761428571428563,0.44419183673469387,0.43733877551020417,0.4352503401360545,0.43995102040816325,0.4492469387755103,Male,9,8-12,Elementary,C,C,R16C11b09_info1_250Hz_gu2_AEP.conn
R16C24B7,R16C24b7_info1_250Hz_gu2_AEP.conn,gu2,0.2907142857142857,0.28367619047619047,0.27558571428571427,0.2716095238095238,0.2673047619047619,0.2905761904761905,0.289152380952381,0.2852571428571429,0.26905238095238093,0.2739904761904762,0.26421428571428573,0.25910476190476195,0.3360904761904762,0.33552857142857145,0.3105904761904762,0.3998914285714286,0.4024914285714285,0.40033142857142856,0.39684,0.3892028571428571,0.38826857142857146,0.38661142857142855,0.3817057142857143,0.37494285714285713,0.39679142857142863,0.39550857142857143,0.3961571428571428,0.41017714285714285,0.40930285714285713,0.41512857142857146,0.3459971428571429,0.3440457142857143,0.34317142857142857,0.35102,0.35629714285714287,0.3619057142857143,0.36710000000000004,0.36215428571428576,0.3637971428571428,0.3505457142857143,0.3464885714285714,0.34716,0.36066285714285706,0.3635028571428571,0.36059142857142856,0.33654081632653066,0.3361755102040816,0.3458989795918367,0.3453836734693877,0.3461551020408163,0.356195918367347,0.35085816326530617,0.3483663265306122,0.3433663265306122,0.3376755102040816,0.34392244897959184,0.3445744897959183,0.36246020408163265,0.3655877551020407,0.36280612244897964,0.4080238095238095,0.4067523809523809,0.40500714285714273,0.40385000000000004,0.40165476190476196,0.3908333333333333,0.3912642857142858,0.38682857142857147,0.38516904761904763,0.4114809523809524,0.40576666666666666,0.40484523809523804,0.3929,0.3825238095238095,0.4069904761904762,0.2875755102040817,0.2895727891156462,0.2867102040816326,0.28255034013605435,0.2810367346938775,0.28358367346938773,0.286291156462585,0.2933863945578231,0.2962496598639456,0.2958401360544217,0.2916496598639456,0.2871462585034014,0.2807278911564626,0.2882965986394558,0.2920374149659864,Male,7,5-7,Elementary,C,C,R16C24b7_info1_250Hz_gu2_AEP.conn
R16C25B5,R16C25b5_info1_250Hz_gu2_AEP.conn,gu2,0.28021428571428575,0.26109999999999994,0.26199047619047616,0.27116190476190477,0.2691571428571428,0.3076857142857143,0.3031095238095238,0.3063190476190476,0.282247619047619,0.2410285714285714,0.26248095238095237,0.27897142857142854,0.3378238095238095,0.3359285714285714,0.2970333333333333,0.36408857142857143,0.3537942857142857,0.3526371428571428,0.3472914285714286,0.33563142857142864,0.36802,0.36966857142857146,0.36213142857142855,0.3505028571428571,0.3464514285714286,0.36089142857142853,0.35848285714285716,0.39934000000000003,0.39064571428571426,0.38998857142857146,0.3440342857142857,0.34674285714285713,0.33841142857142853,0.3267771428571429,0.3264514285714285,0.3199171428571428,0.3249514285714285,0.3281057142857143,0.3407857142857143,0.33279142857142857,0.3255142857142857,0.3295542857142857,0.3231057142857143,0.32173142857142856,0.32094,0.3674979591836735,0.36168265306122444,0.35993775510204085,0.36312244897959184,0.3692561224489796,0.3734132653061225,0.3730979591836735,0.36968265306122455,0.37590816326530613,0.3593285714285714,0.3606795918367348,0.36621938775510215,0.3943438775510204,0.39073571428571435,0.3791816326530612,0.4454452380952381,0.4595595238095238,0.4694904761904761,0.46436666666666665,0.45949761904761904,0.45460952380952385,0.4443714285714286,0.43414047619047613,0.4341976190476191,0.4734690476190477,0.4794785714285714,0.4652928571428572,0.455747619047619,0.4417666666666667,0.4715761904761904,0.2988823129251701,0.303352380952381,0.3027156462585034,0.2989360544217687,0.3000061224489796,0.2863061224489796,0.295104081632653,0.2945632653061224,0.29236462585034007,0.3007428571428572,0.3020204081632653,0.2962476190476191,0.29466326530612247,0.2899775510204082,0.30049387755102036,Male,5,5-7,Elementary,C,C,R16C25b5_info1_250Hz_gu2_AEP.conn
R16C12G7,R16C12g7_info1_250Hz_gu2_AEP.conn,gu2,0.19323809523809524,0.20065714285714287,0.21275714285714287,0.21166666666666667,0.18893333333333331,0.2124285714285714,0.20532857142857142,0.20528571428571427,0.21546666666666667,0.18610000000000002,0.1993904761904762,0.20327142857142855,0.23953333333333335,0.23968095238095236,0.2513095238095238,0.2992228571428571,0.29574285714285714,0.2895142857142857,0.2934,0.29923142857142854,0.3010571428571428,0.29869142857142855,0.29855714285714285,0.30887999999999993,0.2953514285714286,0.28954857142857143,0.29458,0.32819428571428577,0.3280571428571429,0.32205142857142854,0.24808000000000002,0.2541657142857143,0.2484142857142857,0.24461714285714287,0.23683142857142858,0.2516142857142857,0.25660000000000005,0.25836000000000003,0.2662428571428571,0.24998285714285715,0.24564857142857138,0.24013714285714288,0.26290285714285716,0.2718057142857143,0.24558857142857143,0.25888571428571433,0.26317755102040824,0.26128367346938774,0.25996632653061225,0.2573785714285714,0.2594081632653061,0.25258265306122446,0.24795510204081633,0.24655,0.254184693877551,0.25562959183673467,0.25899795918367347,0.27331224489795913,0.27466530612244894,0.2718714285714286,0.34691190476190475,0.34077380952380953,0.33835,0.3468,0.3515714285714286,0.34355714285714284,0.3427928571428571,0.3353119047619047,0.3343666666666667,0.3370595238095238,0.3349190476190476,0.34257857142857145,0.3471904761904762,0.3356571428571429,0.3195595238095238,0.25508979591836745,0.24883673469387754,0.24559727891156463,0.2420068027210885,0.24021972789115645,0.24890544217687074,0.2475551020408163,0.24845986394557823,0.24904285714285718,0.2514285714285715,0.24435510204081626,0.23591428571428572,0.2436802721088435,0.24466326530612242,0.24850136054421768,Female,7,5-7,Elementary,C,C,R16C12g7_info1_250Hz_gu2_AEP.conn
CSD499AH10F21,CSD499AH10f21_info1_250Hz_gu2_AEP.conn,gu2,0.2933952380952381,0.29128095238095236,0.2926190476190476,0.2926285714285714,0.29387142857142856,0.26927619047619045,0.27276666666666666,0.2830285714285714,0.2933142857142857,0.28931904761904764,0.28197619047619044,0.2770571428571429,0.3183761904761904,0.3199857142857143,0.31011428571428573,0.38166857142857147,0.38786000000000004,0.3905228571428571,0.38494285714285714,0.38175714285714285,0.3615514285714285,0.36868,0.36876857142857145,0.3742114285714286,0.39042000000000004,0.3892514285714286,0.3817085714285714,0.40218571428571426,0.39281714285714286,0.39448285714285714,0.3118714285714286,0.29872,0.30329999999999996,0.3143971428571429,0.3098742857142857,0.2981142857142857,0.2989171428571428,0.29377428571428565,0.2992657142857143,0.29530571428571434,0.29626285714285716,0.3021457142857143,0.30014571428571435,0.29203999999999997,0.28843142857142856,0.3170153061224489,0.310115306122449,0.30927959183673476,0.31144999999999995,0.30907551020408164,0.29075204081632655,0.2951571428571428,0.29909489795918365,0.3005,0.3102612244897959,0.3064581632653061,0.3104867346938776,0.31257244897959185,0.3185928571428572,0.3197010204081633,0.44327857142857147,0.43891904761904765,0.42592619047619046,0.4141333333333333,0.4036142857142857,0.41048095238095245,0.40910714285714284,0.40064285714285713,0.4039738095238096,0.4500714285714285,0.4412595238095238,0.42889285714285713,0.41385,0.4112714285714285,0.4325428571428571,0.2806993197278912,0.2823136054421768,0.2789340136054422,0.2763795918367347,0.2701823129251701,0.2824326530612244,0.2808380952380953,0.2818068027210884,0.2781884353741496,0.28908911564625855,0.281639455782313,0.27492244897959184,0.2776850340136054,0.28129115646258496,0.28673945578231297,Female,21,Teen,Tertiary,E,NC,CSD499AH10f21_info1_250Hz_gu2_AEP.conn
R16CJTEST_B15,R16CjTest_b15_info1_250Hz_gu2_AEP.conn,gu2,0.2052571428571429,0.21486190476190478,0.2114904761904762,0.2055619047619048,0.19495714285714286,0.21516190476190478,0.21542857142857144,0.19854761904761906,0.1888523809523809,0.21671428571428572,0.21011904761904762,0.2087142857142857,0.2402857142857143,0.22496190476190478,0.24960000000000002,0.31794285714285714,0.3076885714285714,0.2879485714285715,0.2891257142857143,0.2975971428571429,0.3348628571428572,0.3181514285714286,0.3008,0.3075228571428571,0.3089285714285714,0.28347714285714287,0.28774,0.34058,0.31730857142857144,0.31714000000000003,0.28344571428571436,0.2785485714285714,0.2832285714285715,0.2803457142857143,0.2768857142857143,0.28968,0.2838914285714286,0.2848342857142857,0.2814542857142857,0.2803028571428572,0.27634285714285717,0.27038571428571434,0.29196285714285714,0.2866371428571429,0.27689428571428565,0.32820816326530616,0.3254673469387755,0.3301857142857143,0.33479795918367344,0.3388051020408163,0.3281010204081633,0.33012653061224484,0.3232071428571429,0.3215704081632653,0.32430612244897966,0.32647346938775507,0.3327102040816326,0.33438571428571434,0.33200816326530613,0.35023979591836735,0.3860166666666667,0.38378333333333337,0.38544761904761904,0.3783261904761905,0.3740095238095238,0.3709428571428571,0.3653547619047619,0.3574190476190477,0.3538142857142857,0.3830357142857143,0.38083809523809525,0.37143333333333334,0.3757166666666667,0.36211666666666664,0.3689357142857143,0.2792306122448979,0.27500748299319727,0.2734197278911564,0.275187074829932,0.2758312925170068,0.2766074829931973,0.2744972789115646,0.27628367346938776,0.2785646258503401,0.2778795918367346,0.27648367346938774,0.2740333333333333,0.2725721088435374,0.2769816326530612,0.2784605442176871,Male,15,Teen,Secondary,C,C,R16CjTest_b15_info1_250Hz_gu2_AEP.conn
R16TEENPVB,R16teenPvb_info1_250Hz_gu2_AEP.conn,gu2,0.2957761904761904,0.29566190476190474,0.2948190476190476,0.2959380952380953,0.3031904761904762,0.2826904761904762,0.2809142857142857,0.28647142857142854,0.2931714285714286,0.2903238095238096,0.2867380952380953,0.28852380952380957,0.2960428571428571,0.30601428571428574,0.2995238095238095,0.3553085714285714,0.35490285714285713,0.35300857142857145,0.35172,0.3520428571428572,0.34159428571428563,0.34158571428571427,0.34020285714285714,0.33991714285714286,0.3539742857142857,0.3540885714285714,0.35310285714285716,0.3705971428571429,0.37222857142857146,0.35925714285714283,0.3042571428571429,0.30663428571428575,0.29463714285714293,0.2842971428571429,0.28222857142857144,0.2857742857142857,0.2808257142857143,0.2837428571428572,0.29484857142857146,0.30517142857142854,0.3007228571428572,0.29377714285714285,0.28106857142857145,0.28356,0.3014085714285714,0.40067653061224495,0.40431326530612244,0.40222448979591835,0.40055306122448986,0.3987969387755102,0.4014367346938776,0.39931122448979595,0.3997275510204082,0.39932142857142855,0.4032714285714286,0.40034693877551025,0.3991316326530612,0.4088173469387755,0.41180000000000005,0.405680612244898,0.49189999999999995,0.4924690476190477,0.4986952380952381,0.5062666666666668,0.5103833333333333,0.5117380952380952,0.5117261904761904,0.5079452380952382,0.5001738095238096,0.48943571428571425,0.4967333333333333,0.5049285714285715,0.508854761904762,0.49333571428571427,0.47887857142857143,0.3692734693877551,0.366687074829932,0.367687074829932,0.3733945578231293,0.3740183673469388,0.375256462585034,0.372408843537415,0.37110000000000004,0.3696802721088436,0.3714380952380953,0.3715238095238095,0.37776258503401355,0.36328231292517005,0.36183333333333334,0.36937278911564625,Male,16,Teen,Secondary,E,NC,R16teenPvb_info1_250Hz_gu2_AEP.conn
CSD499K07F21,CSD499K07f21_info1_250Hz_gu2_AEP.conn,gu2,0.2319809523809524,0.22854761904761903,0.23688571428571428,0.24350952380952381,0.24593333333333334,0.25489523809523806,0.24877142857142856,0.23835714285714285,0.2352904761904762,0.22222857142857144,0.223147619047619,0.23103333333333334,0.29322380952380955,0.28431904761904764,0.2627952380952381,0.2833171428571428,0.2844914285714285,0.2817228571428571,0.2788857142857143,0.2795914285714286,0.28743428571428575,0.28748,0.28385142857142853,0.2807085714285714,0.2653371428571428,0.26710285714285714,0.2764028571428572,0.30291999999999997,0.2996371428571428,0.2896228571428572,0.2827571428571428,0.27920285714285714,0.27383714285714283,0.27043142857142854,0.2717085714285714,0.29400571428571426,0.2969828571428571,0.28868,0.28717714285714285,0.2893514285714286,0.28051428571428566,0.27958285714285713,0.28562571428571426,0.27974,0.28661714285714285,0.3011673469387755,0.30327551020408156,0.31039795918367347,0.31263877551020414,0.31058571428571424,0.31367142857142866,0.31291428571428576,0.3063102040816327,0.3059816326530612,0.30459285714285717,0.3114591836734694,0.31413775510204084,0.3299479591836735,0.3241612244897959,0.3276428571428572,0.3977547619047619,0.3993761904761905,0.4003357142857143,0.3998809523809524,0.39816428571428575,0.39112142857142845,0.3922714285714286,0.39870476190476195,0.406797619047619,0.4015571428571429,0.40157619047619053,0.39944761904761905,0.3975309523809523,0.3968785714285714,0.3970714285714286,0.26830000000000004,0.2676823129251701,0.26515442176870746,0.26886530612244897,0.2724884353741497,0.26885238095238095,0.2658619047619048,0.26732517006802725,0.2717591836734694,0.2683095238095238,0.26562857142857144,0.26489931972789116,0.26294217687074833,0.26575646258503405,0.2650952380952381,Female,21,Teen,Tertiary,S,NC,CSD499K07f21_info1_250Hz_gu2_AEP.conn
CSD499SL03F20,CSD499SL03F20_info1_250Hz_gu2_AEP.conn,gu2,0.1973904761904762,0.19552380952380954,0.18874285714285713,0.18289999999999998,0.18621904761904762,0.17555714285714286,0.17808095238095242,0.1876095238095238,0.20239523809523807,0.1825095238095238,0.17958571428571427,0.1752857142857143,0.23465238095238097,0.235252380952381,0.22493333333333335,0.30983142857142865,0.30754,0.30111999999999994,0.30385142857142855,0.30870571428571425,0.3087114285714286,0.30876285714285717,0.3081742857142857,0.3164485714285714,0.3108457142857143,0.3085228571428571,0.3107457142857143,0.33956,0.3350114285714286,0.33776,0.2789857142857143,0.27538,0.2722942857142857,0.2663114285714286,0.26199428571428574,0.2468057142857143,0.25673142857142855,0.2702657142857143,0.27346,0.2667085714285714,0.2708942857142857,0.26293714285714287,0.25295428571428574,0.25724857142857144,0.27547428571428567,0.3033571428571428,0.30725510204081635,0.3077857142857142,0.30642551020408165,0.3023336734693878,0.29940714285714287,0.3028224489795918,0.30256020408163264,0.3012755102040816,0.30613367346938775,0.30594795918367346,0.30185102040816325,0.32130918367346945,0.3218571428571429,0.32682755102040817,0.32005476190476195,0.32861666666666667,0.3394952380952381,0.3462571428571429,0.3425761904761904,0.3345261904761905,0.3356047619047619,0.3317880952380952,0.32983095238095234,0.33013809523809523,0.3405261904761905,0.34311190476190473,0.33900476190476186,0.3256214285714286,0.33052857142857145,0.23775646258503397,0.2371238095238096,0.2348591836734694,0.23716530612244893,0.23706122448979597,0.22941496598639452,0.22789659863945574,0.23080408163265304,0.2341761904761905,0.2399802721088435,0.23667346938775516,0.23627074829931968,0.23009183673469394,0.2346571428571428,0.2371061224489796,Female,20,Teen,Tertiary,S,NC,CSD499SL03F20_info1_250Hz_gu2_AEP.conn
R16P02C_G16,R16P02C_g16_info1_250Hz_gu2_AEP.conn,gu2,0.2724476190476191,0.2739904761904762,0.2610571428571428,0.25449523809523805,0.25621428571428567,0.2707095238095238,0.26650476190476186,0.27242380952380957,0.28330476190476195,0.2823761904761905,0.27562380952380955,0.26716190476190477,0.33271904761904764,0.32922857142857137,0.3292190476190476,0.3727971428571429,0.36645714285714287,0.35591142857142855,0.35418000000000005,0.3567285714285714,0.36086285714285715,0.36360857142857145,0.36927714285714286,0.3798914285714286,0.3676857142857143,0.36364857142857143,0.3626142857142857,0.39589428571428575,0.4003142857142857,0.38061999999999996,0.31394,0.3083142857142857,0.3021457142857143,0.30260857142857145,0.30056000000000005,0.3163828571428572,0.3150685714285714,0.3278085714285714,0.3364571428571429,0.31530571428571424,0.3151771428571429,0.31638285714285713,0.31597428571428565,0.32961714285714283,0.32917428571428564,0.32876938775510206,0.33115,0.33152755102040815,0.33275102040816323,0.33173775510204084,0.33500306122448975,0.33589489795918365,0.3324959183673469,0.3307112244897959,0.3367346938775511,0.3392438775510205,0.3389244897959183,0.3517551020408164,0.3501785714285714,0.36239081632653053,0.4147380952380952,0.40759285714285715,0.40530952380952384,0.40918095238095237,0.41241666666666665,0.39422857142857143,0.389197619047619,0.38916190476190476,0.38880000000000003,0.4060238095238095,0.4043261904761905,0.40667380952380955,0.38660714285714287,0.3832452380952381,0.4006404761904762,0.2611530612244898,0.25753197278911566,0.2555278911564626,0.25705102040816324,0.2574646258503402,0.25816054421768714,0.2579544217687075,0.2575496598639456,0.25532585034013605,0.25370000000000004,0.2527850340136054,0.25616938775510206,0.24907687074829934,0.24892721088435374,0.25570340136054415,Female,16,Teen,Secondary,C,C,R16P02C_g16_info1_250Hz_gu2_AEP.conn
R16JY24B17,R16jy24b17_info1_250Hz_gu2_AEP.conn,gu2,0.22838095238095238,0.2233333333333333,0.22493809523809527,0.224747619047619,0.22663333333333333,0.21419047619047618,0.21725714285714282,0.2154380952380952,0.21206666666666665,0.2237761904761905,0.2220047619047619,0.22312857142857145,0.24801428571428571,0.25143809523809524,0.26074761904761906,0.2976057142857143,0.2929628571428572,0.2888714285714286,0.28266,0.2771485714285714,0.3063057142857143,0.30138,0.29318,0.29033999999999993,0.2879085714285714,0.28696571428571427,0.2832685714285714,0.3264542857142857,0.3171428571428571,0.3399514285714285,0.3181457142857143,0.31986,0.3249971428571428,0.33746857142857145,0.34582857142857143,0.3377914285714286,0.3303885714285714,0.32205142857142854,0.3204714285714286,0.3203657142857143,0.32600285714285715,0.33559714285714287,0.31352,0.3091685714285714,0.31945428571428575,0.28145408163265306,0.279169387755102,0.28195816326530615,0.28242244897959184,0.2797673469387755,0.29168571428571427,0.2892918367346939,0.2834663265306122,0.27975612244897957,0.27390714285714285,0.2766071428571429,0.27973367346938766,0.30597653061224495,0.30442142857142857,0.2955275510204082,0.36696666666666666,0.3648547619047619,0.36379999999999996,0.3590452380952381,0.35401666666666665,0.35337380952380953,0.3539904761904762,0.3579261904761905,0.3603119047619048,0.3602714285714285,0.36004047619047613,0.3544904761904762,0.3512714285714286,0.3601785714285714,0.3612404761904762,0.26806462585034013,0.27009455782312924,0.2729850340136054,0.27622176870748294,0.27753469387755103,0.2749374149659864,0.27826190476190477,0.278765306122449,0.2784190476190475,0.27199727891156467,0.2737972789115646,0.2753557823129252,0.2804020408163265,0.2759353741496599,0.28042653061224493,Male,17,Teen,Secondary,C,C,R16jy24b17_info1_250Hz_gu2_AEP.conn
CSD499DV04F21,CSD499DV04f21_info1_250Hz_gu2_AEP.conn,gu2,0.23242857142857143,0.2325047619047619,0.23699523809523812,0.2513761904761905,0.2674666666666667,0.2101952380952381,0.20401904761904757,0.20693333333333333,0.21543333333333334,0.2417904761904762,0.2521,0.2641523809523809,0.26245238095238094,0.2613238095238095,0.2751190476190476,0.3355971428571428,0.34240571428571426,0.3475371428571429,0.3461885714285714,0.34930000000000005,0.3484257142857143,0.3488028571428572,0.34503999999999996,0.34557142857142853,0.35532,0.35601142857142865,0.3497085714285714,0.3797428571428571,0.3739142857142857,0.3921285714285714,0.35720857142857143,0.35185714285714287,0.3464571428571429,0.3435657142857143,0.34038285714285715,0.33605142857142856,0.3428314285714286,0.34663714285714287,0.3506571428571429,0.3614571428571428,0.3570657142857144,0.34927142857142857,0.35805714285714285,0.35155714285714285,0.36878,0.3324948979591837,0.3319204081632653,0.32931632653061227,0.3256367346938776,0.3233989795918368,0.31970816326530616,0.31929693877551024,0.318030612244898,0.3172938775510204,0.32502142857142857,0.3251183673469388,0.3225551020408163,0.3231969387755102,0.3273959183673469,0.3341520408163265,0.43414047619047613,0.4360904761904762,0.43303571428571436,0.43590476190476185,0.44631904761904756,0.45429761904761906,0.44793571428571427,0.44585,0.4426547619047619,0.4402523809523809,0.44368571428571424,0.4501095238095238,0.4561809523809524,0.4525571428571428,0.4594547619047619,0.3192544217687075,0.3184585034013605,0.31425238095238095,0.3111034013605442,0.30975918367346944,0.3230108843537415,0.3158265306122449,0.30694149659863945,0.30276598639455776,0.3185027210884353,0.31216394557823124,0.3117748299319728,0.3148448979591837,0.3080142857142857,0.31629659863945586,Female,21,Teen,Tertiary,S,NC,CSD499DV04f21_info1_250Hz_gu2_AEP.conn
CSD499E9F21,CSD499E9f21_info1_250Hz_gu2_AEP.conn,gu2,0.2189095238095238,0.2136809523809524,0.2079333333333333,0.2068333333333333,0.20571904761904766,0.20762857142857147,0.21857619047619048,0.23221904761904763,0.22038095238095243,0.2120047619047619,0.20887619047619047,0.2148095238095238,0.25310000000000005,0.2752047619047619,0.22405238095238098,0.2727342857142857,0.2589171428571428,0.2597342857142857,0.26643428571428573,0.2738542857142857,0.2511028571428572,0.2677885714285714,0.2691571428571428,0.25476,0.2509514285714286,0.2506342857142857,0.26296571428571425,0.29562,0.30342857142857144,0.2790285714285714,0.25050000000000006,0.2476142857142857,0.23676857142857144,0.23731142857142856,0.2600685714285714,0.2635942857142857,0.25518571428571424,0.24147714285714286,0.23973714285714287,0.24113714285714286,0.23316000000000003,0.22973428571428572,0.25850000000000006,0.2571857142857143,0.23356285714285713,0.27563571428571426,0.27513673469387756,0.2747795918367347,0.2769428571428571,0.27877244897959186,0.2791642857142857,0.27734897959183674,0.27731020408163265,0.27888265306122445,0.2762642857142857,0.2760489795918368,0.27454693877551023,0.29627959183673475,0.29675306122448974,0.29716836734693874,0.33896666666666664,0.3432190476190476,0.35198333333333337,0.35853095238095234,0.36071904761904766,0.3449404761904762,0.3396690476190476,0.32793333333333335,0.3315595238095238,0.34132142857142855,0.3541238095238095,0.35599761904761906,0.34311428571428576,0.33262619047619046,0.3460190476190476,0.27504013605442185,0.2783598639455782,0.27771496598639456,0.27582721088435375,0.27098503401360546,0.2782795918367348,0.27784761904761907,0.27596530612244907,0.27568571428571426,0.28294285714285716,0.2807510204081633,0.2783734693877551,0.2783387755102041,0.27607755102040815,0.27925578231292514,Female,21,Teen,Tertiary,E,NC,CSD499E9f21_info1_250Hz_gu2_AEP.conn
CSD499B8F21,CSD499B8f21_info1_250Hz_gu2_AEP.conn,gu2,0.1969809523809524,0.19737619047619048,0.20420952380952384,0.21780476190476192,0.2270952380952381,0.22072380952380954,0.22215714285714286,0.21761428571428573,0.21121428571428572,0.19744285714285714,0.20201428571428573,0.21046666666666666,0.2818380952380952,0.2858809523809524,0.2617666666666667,0.30528571428571427,0.30806,0.3029828571428571,0.30306,0.3083314285714286,0.3233942857142857,0.3274714285714285,0.32932285714285714,0.32948857142857146,0.30516571428571426,0.3005457142857143,0.29871714285714285,0.3613057142857143,0.3580371428571429,0.3195428571428572,0.27894285714285716,0.27051142857142857,0.26012857142857143,0.2614228571428571,0.26857142857142857,0.2819257142857143,0.2776914285714286,0.2811457142857143,0.2764371428571429,0.2687114285714286,0.25672,0.25351142857142855,0.2739142857142857,0.27143428571428574,0.2508,0.3061163265306122,0.3116091836734694,0.31533979591836736,0.3198295918367347,0.32392346938775507,0.31428877551020407,0.31244693877551016,0.3101428571428571,0.3049408163265306,0.30864693877551025,0.31173469387755104,0.3145877551020408,0.32800510204081634,0.3249571428571429,0.32581122448979594,0.37081428571428576,0.3719904761904762,0.37542380952380955,0.37520714285714285,0.37130238095238094,0.3648952380952381,0.3648119047619047,0.35807380952380957,0.3574523809523809,0.37195952380952385,0.3707261904761905,0.36663571428571434,0.36985714285714283,0.3654023809523809,0.36342380952380954,0.26589387755102045,0.26348843537414973,0.26173673469387754,0.2631380952380952,0.26336122448979593,0.2656183673469388,0.2589591836734694,0.2569374149659863,0.26037891156462584,0.2615925170068027,0.25921564625850335,0.2608598639455782,0.2563238095238095,0.25742244897959177,0.2656863945578231,Female,21,Teen,Tertiary,S,NC,CSD499B8f21_info1_250Hz_gu2_AEP.conn
CSD499LS06F20,CSD499LS06f20_info1_250Hz_gu2_AEP.conn,gu2,0.24126666666666666,0.22766190476190476,0.2106285714285714,0.20457142857142854,0.20815238095238095,0.24069047619047615,0.23193809523809528,0.21497619047619046,0.20822857142857143,0.22831904761904762,0.2049238095238095,0.19171428571428573,0.2714190476190476,0.2612428571428571,0.24759523809523806,0.3112171428571429,0.31752285714285716,0.31527428571428573,0.30858285714285716,0.31736,0.3177428571428572,0.3102914285714286,0.30181142857142856,0.30242857142857144,0.31013714285714283,0.30744285714285713,0.29596,0.32625714285714286,0.32070571428571426,0.3139599999999999,0.23829428571428574,0.24529142857142863,0.24531428571428573,0.24197714285714284,0.2375885714285714,0.24269142857142856,0.24686857142857144,0.2508971428571428,0.24930000000000002,0.24058857142857143,0.23844285714285712,0.23546571428571425,0.24933999999999998,0.25384571428571434,0.23487142857142856,0.27434081632653057,0.27181326530612243,0.27115102040816325,0.27299591836734693,0.2782857142857143,0.2830265306122449,0.2781704081632653,0.26944183673469385,0.2640867346938775,0.27366530612244894,0.2704775510204081,0.27168469387755106,0.28681530612244893,0.2819448979591837,0.2894408163265306,0.32548333333333335,0.3279904761904762,0.3379095238095238,0.3392142857142857,0.32924761904761907,0.3099047619047619,0.3081523809523809,0.30705,0.3064809523809524,0.32269047619047625,0.33270714285714287,0.3365261904761905,0.3131285714285715,0.3112547619047619,0.3278880952380952,0.2589074829931973,0.2666721088435374,0.2666646258503401,0.2583163265306123,0.24992517006802717,0.2504965986394558,0.2512204081632653,0.24773537414965985,0.24463061224489793,0.2638102040816326,0.26311496598639456,0.25532653061224486,0.2539578231292517,0.249547619047619,0.2606591836734694,Female,20,Teen,Tertiary,S,NC,CSD499LS06f20_info1_250Hz_gu2_AEP.conn
CSD499AB04G21,CSD499AB04g21_info1_250Hz_gu2_AEP.conn,gu2,0.17256190476190478,0.1677142857142857,0.17066666666666666,0.17417619047619048,0.18367619047619047,0.18324285714285712,0.19265714285714286,0.19777142857142857,0.1841952380952381,0.1695809523809524,0.1751952380952381,0.17626666666666668,0.2511238095238095,0.25871428571428573,0.2450095238095238,0.35074,0.3427942857142857,0.33466571428571423,0.33180571428571426,0.3255914285714286,0.3125685714285714,0.3166114285714286,0.3252771428571428,0.32703142857142853,0.3453257142857143,0.34072571428571424,0.33330571428571426,0.33717428571428576,0.34802285714285713,0.36240571428571433,0.28996571428571427,0.2893485714285714,0.28875142857142855,0.27923714285714285,0.27328857142857144,0.30256,0.29347428571428574,0.2846285714285714,0.2812514285714286,0.2939142857142857,0.2861542857142857,0.2723971428571429,0.29144000000000003,0.2795457142857143,0.28291999999999995,0.3148693877551021,0.30871122448979593,0.3103295918367347,0.3132142857142857,0.31980204081632657,0.32230714285714285,0.3194377551020408,0.3196357142857143,0.3154969387755102,0.31334999999999996,0.3127336734693877,0.3120428571428571,0.33696530612244896,0.3381530612244898,0.33320714285714287,0.4036976190476191,0.4116761904761905,0.4164833333333333,0.4107904761904762,0.4113047619047619,0.3980333333333333,0.4102619047619047,0.41803809523809526,0.4171547619047619,0.4201452380952381,0.4190642857142857,0.4143309523809524,0.41399761904761906,0.413702380952381,0.4087642857142857,0.2946299319727891,0.29102517006802725,0.29166054421768706,0.291778231292517,0.29582585034013603,0.2879013605442178,0.28364761904761904,0.28281224489795914,0.2869537414965987,0.29184897959183664,0.28949727891156457,0.2890959183673469,0.28133469387755106,0.27999115646258504,0.292926530612245,Female,21,Teen,Tertiary,A,NC,CSD499AB04g21_info1_250Hz_gu2_AEP.conn
CSD499CS02F20,CSD499CS02f20_info1_250Hz_gu2_AEP.conn,gu2,0.19754761904761906,0.19883809523809523,0.20394285714285712,0.20693809523809523,0.2089238095238095,0.2096380952380952,0.21329047619047617,0.21621904761904764,0.20987619047619047,0.19868571428571427,0.2008428571428571,0.20524761904761904,0.2532142857142857,0.24884761904761907,0.24213809523809524,0.26444285714285715,0.2668,0.2772171428571429,0.2822942857142857,0.2773857142857143,0.28172857142857144,0.2776428571428572,0.27661714285714284,0.2777114285714286,0.2579457142857143,0.26806285714285716,0.27671714285714283,0.2985914285714285,0.2987657142857143,0.2949628571428572,0.22011142857142857,0.23457142857142857,0.24307714285714285,0.24527142857142858,0.23446000000000003,0.2167857142857143,0.21797428571428573,0.20942571428571427,0.20672285714285715,0.22979142857142856,0.23790285714285714,0.24058857142857143,0.2067857142857143,0.20664000000000002,0.23640285714285714,0.26332755102040817,0.26553775510204086,0.2679653061224489,0.26797244897959177,0.26766530612244893,0.27342755102040817,0.2792357142857143,0.28014897959183677,0.2764010204081632,0.2720316326530612,0.2702357142857143,0.2672122448979592,0.2946244897959184,0.29841224489795914,0.29144489795918366,0.34868571428571427,0.34801190476190474,0.34631190476190477,0.35190476190476194,0.35272619047619047,0.3560071428571428,0.358297619047619,0.35682619047619046,0.3561095238095238,0.35548571428571424,0.35713095238095244,0.36128809523809524,0.35879285714285714,0.34654761904761905,0.3615333333333333,0.24320136054421768,0.23960884353741496,0.2319707482993197,0.2321319727891157,0.2341408163265306,0.23803401360544219,0.23729455782312922,0.24084829931972793,0.24278503401360543,0.2391156462585034,0.2337707482993197,0.23445782312925165,0.23565714285714293,0.2427496598639455,0.23843401360544222,Female,20,Teen,Tertiary,S,NC,CSD499CS02f20_info1_250Hz_gu2_AEP.conn
NIH01C02B19,NIH01C02b19_info1_250Hz_gu2_AEP.conn,gu2,0.23976190476190476,0.23639047619047618,0.24190952380952382,0.23978571428571427,0.21735238095238094,0.2590571428571429,0.2575047619047619,0.24688095238095234,0.24095238095238095,0.24362380952380955,0.24860000000000002,0.24745238095238095,0.3281904761904762,0.3223619047619048,0.27985714285714286,0.4147314285714286,0.4154342857142857,0.42395428571428573,0.43176,0.4298828571428571,0.4338171428571429,0.43945428571428574,0.4401828571428571,0.44077142857142865,0.42306,0.42274571428571434,0.4306399999999999,0.4605971428571428,0.46658285714285713,0.43591428571428564,0.3350142857142857,0.33292857142857146,0.33242000000000005,0.34090571428571426,0.34969142857142854,0.35069999999999996,0.3573514285714286,0.34929714285714286,0.3460885714285714,0.3386314285714286,0.33812857142857144,0.34772,0.3595342857142857,0.35003428571428574,0.33698,0.35810000000000003,0.35833673469387756,0.3642051020408163,0.3649918367346938,0.3687714285714286,0.36256734693877546,0.362919387755102,0.3597091836734694,0.35553265306122445,0.35578163265306123,0.3576214285714286,0.35940102040816324,0.3695377551020408,0.3636857142857143,0.36899489795918367,0.5173119047619047,0.52235,0.5234547619047619,0.5287499999999999,0.5345190476190476,0.5263071428571428,0.5168666666666667,0.5167047619047619,0.5238595238095238,0.523597619047619,0.5304,0.5357833333333334,0.5097785714285714,0.49954285714285707,0.5254333333333334,0.31891224489795916,0.3169571428571428,0.31494217687074827,0.3089006802721088,0.3103877551020408,0.3112625850340136,0.3127319727891157,0.3168387755102041,0.31797959183673474,0.31659727891156464,0.3200489795918368,0.3165408163265305,0.3076380952380952,0.31265986394557826,0.32617142857142867,Male,19,Teen,Tertiary,C,C,NIH01C02b19_info1_250Hz_gu2_AEP.conn
CSD499KK01F21,CSD499KK01f21_info1_250Hz_gu2_AEP.conn,gu2,0.23876666666666665,0.2423142857142857,0.2426761904761905,0.2355095238095238,0.2309190476190476,0.27199523809523807,0.2568761904761905,0.2522285714285714,0.23960000000000004,0.24177619047619048,0.23741428571428572,0.23281904761904762,0.31065238095238096,0.2972095238095238,0.2786428571428572,0.33392857142857146,0.3305714285714285,0.3299685714285715,0.32318857142857144,0.32485142857142857,0.32995142857142856,0.33217714285714284,0.32429142857142856,0.3215171428571429,0.3336142857142857,0.3329942857142857,0.32714571428571426,0.3563942857142857,0.3523057142857143,0.3611857142857143,0.24381714285714287,0.2423742857142857,0.24612571428571428,0.24608571428571424,0.24017142857142856,0.22410000000000002,0.2293342857142857,0.2343114285714286,0.24606571428571428,0.24717714285714285,0.25510285714285713,0.25277428571428573,0.23315142857142854,0.23721142857142855,0.2595,0.3388357142857143,0.3332132653061225,0.3351581632653061,0.3335948979591837,0.3293408163265306,0.34304897959183667,0.344319387755102,0.342280612244898,0.3368897959183674,0.33304081632653065,0.33075510204081626,0.3298948979591837,0.3624714285714286,0.361915306122449,0.35429183673469383,0.46212380952380944,0.4678785714285714,0.47468333333333335,0.475054761904762,0.4687428571428572,0.48375000000000007,0.48601190476190476,0.48676428571428576,0.4785428571428572,0.475897619047619,0.4819261904761905,0.4846047619047618,0.48418333333333335,0.47950000000000004,0.46943571428571435,0.35676734693877554,0.35401496598639454,0.3506632653061225,0.35189591836734696,0.35606802721088443,0.3473061224489796,0.35770272108843537,0.35906734693877557,0.35202312925170065,0.3613612244897959,0.3606224489795919,0.36034557823129254,0.3571986394557823,0.3560680272108844,0.36787619047619047,Female,21,Teen,Tertiary,C,C,CSD499KK01f21_info1_250Hz_gu2_AEP.conn
R16CTEEN06G16,R16Cteen06g16_info1_250Hz_gu2_AEP.conn,gu2,0.3674476190476191,0.3542904761904762,0.3477142857142857,0.3512095238095238,0.3517619047619047,0.34469047619047616,0.3443333333333333,0.3587761904761905,0.37576190476190474,0.36305238095238096,0.3607190476190476,0.36454761904761906,0.3919142857142857,0.4060095238095238,0.4066190476190476,0.4005057142857143,0.3915057142857143,0.3839428571428571,0.39107142857142857,0.39722285714285716,0.3702714285714286,0.37796857142857143,0.3781714285714286,0.38327714285714287,0.4071771428571429,0.39933142857142856,0.3978342857142857,0.4028514285714285,0.4076257142857143,0.41706857142857146,0.3455685714285714,0.3473171428571428,0.33542,0.3317742857142857,0.3305057142857143,0.3357485714285714,0.33516571428571434,0.3300485714285714,0.3333342857142857,0.34860857142857143,0.3397914285714286,0.33639428571428576,0.3370628571428571,0.33508,0.35256857142857145,0.338254081632653,0.34666632653061225,0.35399591836734695,0.3539418367346939,0.34675918367346936,0.3519469387755102,0.3478867346938776,0.3437540816326531,0.33786530612244897,0.3512755102040816,0.3535122448979592,0.35428571428571426,0.35567551020408167,0.35394999999999993,0.3626530612244898,0.4139357142857143,0.4173642857142858,0.41845952380952384,0.41506904761904756,0.41655714285714285,0.417154761904762,0.41655714285714285,0.4110857142857143,0.4081619047619048,0.4253357142857143,0.4236047619047619,0.4208833333333333,0.41483571428571425,0.4113928571428571,0.4156952380952381,0.3505605442176871,0.35220408163265293,0.352995238095238,0.3445306122448979,0.3438421768707483,0.3552387755102041,0.35270408163265304,0.3505367346938775,0.3527414965986395,0.35378775510204086,0.35674353741496595,0.35044217687074825,0.34660816326530614,0.34934285714285707,0.36033401360544215,Female,16,Teen,Secondary,C,C,R16Cteen06g16_info1_250Hz_gu2_AEP.conn
NIH01C01B17,NIH01C01b17_info1_250Hz_gu2_AEP.conn,gu2,0.3579190476190477,0.3517047619047619,0.3626047619047619,0.3847095238095239,0.3980095238095238,0.4090380952380952,0.4273952380952381,0.42446190476190476,0.40919047619047627,0.3511190476190476,0.3626904761904761,0.3856523809523809,0.43285238095238093,0.4367714285714286,0.40788571428571424,0.3970857142857143,0.39311428571428575,0.39148,0.3869657142857143,0.3901028571428572,0.4085571428571429,0.3929971428571428,0.3844371428571428,0.38115714285714286,0.3889057142857143,0.3947485714285714,0.3899914285714286,0.41893142857142857,0.41067428571428566,0.3914,0.32071999999999995,0.33242000000000005,0.33614,0.33687714285714276,0.35325999999999996,0.32639428571428575,0.3174314285714286,0.31252571428571424,0.31257142857142856,0.32785142857142857,0.32755428571428574,0.3308142857142857,0.3199,0.3121542857142857,0.33226857142857147,0.4430724489795918,0.4450632653061225,0.4482867346938776,0.46100918367346944,0.46206224489795916,0.45198979591836735,0.4558081632653061,0.4594020408163265,0.46889285714285706,0.4497755102040816,0.45612346938775505,0.46540816326530615,0.46972142857142857,0.47080204081632654,0.46679591836734696,0.5207071428571429,0.5076738095238095,0.5130690476190476,0.5193190476190476,0.5251642857142858,0.5154642857142857,0.5024714285714286,0.5040809523809524,0.5090452380952382,0.5052785714285714,0.5102928571428571,0.5199904761904762,0.5119380952380952,0.5151571428571429,0.4910095238095238,0.4045945578231291,0.40598095238095233,0.4110537414965987,0.41160000000000013,0.4050401360544218,0.4105380952380952,0.40683537414965976,0.4073251700680272,0.4121115646258503,0.40672176870748294,0.4024700680272109,0.4016986394557824,0.40970340136054423,0.405812925170068,0.39463469387755107,Male,17,Teen,Secondary,C,C,NIH01C01b17_info1_250Hz_gu2_AEP.conn
R16TEEN5CB16,R16Teen5Cb16_info1_250Hz_gu2_AEP.conn,gu2,0.3492190476190477,0.3469857142857143,0.3308571428571429,0.31285238095238094,0.2934142857142857,0.3339476190476191,0.33772380952380954,0.34104761904761904,0.3391571428571429,0.3591904761904761,0.33226190476190476,0.30642857142857144,0.3732142857142857,0.37189999999999995,0.3829190476190476,0.4244428571428571,0.42670571428571424,0.41950000000000004,0.4068428571428571,0.38977428571428574,0.3945828571428572,0.3972371428571429,0.40631142857142855,0.4062742857142857,0.4300942857142857,0.41204,0.39864,0.42928571428571427,0.43552,0.42315428571428565,0.3357971428571428,0.3429285714285714,0.35017428571428566,0.3456314285714286,0.3313314285714285,0.35649714285714285,0.3416571428571428,0.3387685714285714,0.3374914285714286,0.35279428571428567,0.36342857142857143,0.3591171428571429,0.33906285714285717,0.33790571428571425,0.3610742857142856,0.3663244897959184,0.3680397959183673,0.3675581632653061,0.36235,0.3656755102040817,0.3662693877551021,0.36414387755102046,0.36249285714285717,0.3680948979591837,0.3702795918367347,0.37321122448979593,0.3705612244897959,0.3837622448979592,0.38583367346938774,0.3985408163265306,0.45505,0.44283809523809525,0.43854761904761913,0.43758333333333327,0.44551666666666656,0.45981428571428573,0.46299285714285715,0.4549690476190476,0.45501428571428576,0.4496785714285714,0.4432309523809524,0.43699523809523805,0.4668738095238096,0.4500357142857143,0.45461904761904764,0.357647619047619,0.3538489795918367,0.34725442176870747,0.3477517006802721,0.3533278911564625,0.35912108843537416,0.3578523809523809,0.3538619047619047,0.3480952380952381,0.36042925170068024,0.3615272108843537,0.36094013605442166,0.35472925170068026,0.34971768707482986,0.3740081632653061,Male,16,Teen,Secondary,C,C,R16Teen5Cb16_info1_250Hz_gu2_AEP.conn
MMS08M24,mms08m24_250Hz_gu2_AEP.conn,gu2,0.23172857142857142,0.21618095238095236,0.20903809523809525,0.21536666666666662,0.22495714285714286,0.24667142857142857,0.24625714285714287,0.23163333333333333,0.21352380952380953,0.2228095238095238,0.21268571428571428,0.21669523809523808,0.31051428571428574,0.2987095238095238,0.2788047619047619,0.3462742857142857,0.34242,0.3392885714285714,0.3398285714285714,0.33737142857142854,0.35947999999999997,0.3601971428571429,0.3549228571428572,0.35098285714285715,0.3539542857142858,0.34649142857142856,0.33727428571428575,0.38545714285714283,0.37988,0.37461142857142854,0.2724628571428572,0.2801314285714286,0.2933771428571429,0.29401714285714287,0.29114,0.2729114285714286,0.27889142857142857,0.28798285714285715,0.29148,0.27947428571428573,0.2956914285714286,0.3004057142857143,0.28238,0.2937542857142857,0.2906114285714286,0.3580785714285714,0.35835408163265303,0.3595704081632653,0.3590785714285714,0.3593795918367347,0.3623897959183674,0.3600469387755102,0.36324387755102044,0.36892346938775505,0.36469693877551024,0.361884693877551,0.36077857142857145,0.3826530612244898,0.3840316326530613,0.37735102040816326,0.4367785714285714,0.440497619047619,0.4370023809523809,0.4289380952380952,0.42311190476190474,0.4387190476190477,0.43435714285714283,0.43521666666666664,0.44260476190476195,0.4430214285714285,0.4356571428571429,0.42555476190476194,0.43655952380952384,0.42182857142857144,0.4272023809523809,0.31666190476190476,0.3141891156462585,0.31142721088435377,0.3122095238095238,0.3130680272108843,0.3194952380952381,0.319421768707483,0.31931632653061226,0.31978163265306125,0.30943061224489793,0.30885578231292526,0.31345442176870747,0.31765170068027215,0.31612721088435375,0.3116142857142857,Male,24,Adult,Adult,C,C,mms08m24_250Hz_gu2_AEP.conn
MMS14F25,mms14f25_250Hz_gu2_AEP.conn,gu2,0.23803333333333332,0.2432761904761905,0.25170476190476193,0.25356666666666666,0.23972857142857143,0.2650095238095238,0.2566428571428571,0.24993333333333334,0.24080476190476188,0.24986190476190476,0.2503761904761905,0.25106666666666666,0.2674666666666667,0.26794761904761905,0.2665952380952381,0.4043457142857143,0.4063371428571429,0.39662857142857144,0.38772571428571434,0.3832885714285713,0.38589142857142855,0.37825142857142857,0.37918285714285715,0.3815742857142857,0.4000057142857143,0.3873399999999999,0.3846714285714286,0.39990857142857145,0.39443428571428574,0.39639428571428575,0.3758485714285714,0.3750228571428572,0.3648542857142857,0.35419999999999996,0.35792285714285715,0.36534571428571433,0.3662457142857143,0.3689085714285715,0.3678457142857142,0.38137999999999994,0.3749571428571429,0.3677657142857143,0.3648342857142857,0.36718,0.3719171428571429,0.32793775510204076,0.32045714285714283,0.3142173469387755,0.31242142857142857,0.3167132653061224,0.3221734693877551,0.32481224489795923,0.32711632653061223,0.3264081632653061,0.3190591836734694,0.3149377551020408,0.3157214285714286,0.33915,0.33711326530612246,0.33272040816326526,0.4566880952380952,0.4528357142857143,0.44478095238095244,0.4432809523809524,0.4442595238095239,0.4601547619047619,0.4594642857142857,0.45819523809523816,0.4626738095238095,0.46237857142857147,0.4561714285714285,0.4486380952380952,0.46427380952380953,0.4463000000000001,0.4492261904761905,0.29224217687074827,0.28795850340136053,0.291847619047619,0.2933136054421769,0.2976571428571429,0.2998809523809524,0.2958006802721089,0.29641088435374163,0.29474625850340136,0.29889863945578227,0.301369387755102,0.30224353741496596,0.2974585034013606,0.2994517006802721,0.30531156462585035,Female,25,Adult,Adult,C,C,mms14f25_250Hz_gu2_AEP.conn
EES15F31,ees15f31_250Hz_gu2_AEP.conn,gu2,0.19544285714285717,0.20052380952380952,0.2059095238095238,0.20533333333333337,0.20623333333333335,0.1927428571428571,0.19696190476190475,0.19274285714285713,0.18840476190476188,0.19495714285714283,0.20397142857142855,0.20874285714285715,0.25265714285714286,0.2481809523809524,0.2495047619047619,0.3194314285714286,0.32254285714285713,0.33189428571428564,0.3311942857142857,0.3244628571428571,0.3245228571428571,0.32483428571428574,0.32091428571428565,0.31851714285714283,0.3173257142857143,0.3278485714285714,0.3280600000000001,0.35139714285714285,0.35240571428571427,0.3567085714285714,0.23689428571428567,0.2424028571428572,0.24416285714285713,0.24208285714285713,0.2333514285714286,0.22931428571428575,0.23330857142857142,0.2341342857142857,0.2358457142857143,0.23329428571428576,0.2379057142857143,0.23697428571428575,0.24167714285714284,0.2439457142857143,0.2433057142857143,0.24102040816326534,0.2389530612244898,0.24030510204081626,0.24317755102040817,0.2401969387755102,0.2402510204081633,0.24105102040816326,0.24215918367346936,0.2421724489795918,0.2335520408163265,0.23241020408163263,0.23516632653061226,0.25504795918367346,0.25604795918367346,0.24734489795918368,0.2779547619047619,0.27872857142857144,0.27739285714285716,0.2724333333333333,0.2670595238095238,0.2661952380952381,0.2656642857142857,0.2590238095238095,0.26208809523809523,0.26501904761904765,0.2648357142857143,0.2607976190476191,0.25248809523809523,0.2579714285714286,0.25704047619047615,0.2235857142857143,0.2207945578231293,0.22474761904761903,0.2272040816326531,0.22581224489795923,0.22235170068027207,0.2231768707482994,0.21946122448979594,0.2170965986394558,0.2197408163265307,0.2253,0.22607414965986397,0.22018027210884356,0.21814421768707482,0.23025850340136053,Female,31,Adult,Adult,E,NC,ees15f31_250Hz_gu2_AEP.conn
EES24F29,EES24F29_250Hz_gu2_AEP.conn,gu2,0.2941,0.29023809523809524,0.29495238095238097,0.30186666666666667,0.29745238095238097,0.30725714285714284,0.2968095238095238,0.2874428571428571,0.285447619047619,0.2920190476190476,0.3025857142857143,0.30575714285714284,0.33147619047619054,0.32562857142857143,0.3290714285714285,0.39874571428571426,0.4024228571428571,0.4077685714285715,0.4061,0.3968285714285714,0.3948285714285714,0.39752857142857134,0.39236,0.38036285714285717,0.40644285714285716,0.4096828571428571,0.4059399999999999,0.4214371428571429,0.4223257142857143,0.4250685714285714,0.31307142857142856,0.3015457142857143,0.3033828571428571,0.30565999999999993,0.3043857142857143,0.3000685714285714,0.2893514285714286,0.28398,0.2878771428571429,0.30558,0.3093571428571429,0.30772285714285713,0.2849971428571429,0.2828428571428571,0.31103714285714285,0.37499693877551016,0.3765714285714286,0.3766765306122449,0.3743581632653061,0.37609795918367345,0.36066326530612247,0.36187448979591835,0.3610163265306122,0.36058367346938786,0.38042959183673464,0.3794969387755102,0.381015306122449,0.37974795918367343,0.37770408163265307,0.3941112244897959,0.43680952380952376,0.4431928571428571,0.4465785714285715,0.4527785714285714,0.4571404761904762,0.4476190476190476,0.4503095238095238,0.4570666666666667,0.4595714285714286,0.4508238095238095,0.4519595238095238,0.4576190476190476,0.4473666666666667,0.45359285714285713,0.4648142857142857,0.34666870748299317,0.35032993197278917,0.3478938775510204,0.3477428571428572,0.347308843537415,0.34997346938775503,0.34991836734693876,0.347982993197279,0.3428333333333333,0.34797142857142854,0.34725850340136055,0.3495585034013605,0.34750884353741496,0.34387278911564634,0.34440816326530616,Female,29,Adult,Adult,E,NC,EES24F29_250Hz_gu2_AEP.conn
MMS05F36,mms05f36_250Hz_gu2_AEP.conn,gu2,0.26220952380952384,0.2699238095238095,0.26731428571428567,0.2601428571428571,0.25941904761904766,0.23245714285714283,0.24165714285714288,0.24814761904761903,0.2510380952380952,0.26917619047619046,0.26425714285714286,0.2592047619047619,0.25689523809523807,0.2646714285714286,0.2970333333333333,0.3442171428571429,0.34927714285714284,0.3526314285714286,0.34763142857142854,0.34414,0.32961714285714283,0.3274485714285714,0.32728,0.3238085714285715,0.3437,0.35116857142857144,0.35466857142857144,0.3416085714285714,0.34330285714285724,0.3647914285714286,0.28324857142857146,0.28678000000000003,0.29808,0.29548857142857143,0.29094571428571425,0.27614285714285713,0.2772142857142857,0.28134571428571425,0.28593142857142856,0.28298857142857137,0.29374,0.29524285714285714,0.2750714285714285,0.27911142857142857,0.28974857142857147,0.2719867346938776,0.2690183673469388,0.2647479591836735,0.26290612244897954,0.2645285714285714,0.26688469387755104,0.2682438775510204,0.26892755102040816,0.2722081632653061,0.26857551020408166,0.26667857142857143,0.2648561224489796,0.2914469387755102,0.2881846938775511,0.2855826530612245,0.33936666666666665,0.33901904761904755,0.338702380952381,0.3338380952380952,0.329147619047619,0.3327166666666666,0.33585714285714285,0.3321690476190477,0.3263095238095239,0.33696190476190474,0.33513333333333334,0.33179761904761906,0.3383095238095238,0.33057142857142857,0.33155476190476185,0.2629163265306123,0.26023673469387754,0.2598761904761905,0.2561102040816327,0.2554299319727892,0.25391700680272106,0.2525612244897959,0.24741020408163267,0.24244693877551027,0.2558421768707483,0.25530816326530614,0.252465306122449,0.2507986394557823,0.24722925170068025,0.2532795918367347,Female,36,Adult,Adult,C,C,mms05f36_250Hz_gu2_AEP.conn
MMS09F24,mms09f24_250Hz_gu2_AEP.conn,gu2,0.2822333333333333,0.28023809523809523,0.2729,0.2679095238095239,0.2709619047619048,0.2622333333333333,0.2641761904761905,0.2692857142857143,0.2751857142857143,0.2776095238095238,0.27905714285714284,0.28181904761904764,0.3045619047619048,0.3052904761904762,0.32990476190476187,0.42308,0.42042,0.4113142857142857,0.3983485714285714,0.3917942857142857,0.39879142857142863,0.3983714285714286,0.3995142857142857,0.4037285714285714,0.41590285714285713,0.4106342857142858,0.40278,0.43,0.43351428571428574,0.41975999999999997,0.28480285714285714,0.2814628571428571,0.2774257142857143,0.27707714285714286,0.2764742857142857,0.28183714285714284,0.28612,0.2870742857142857,0.27866285714285716,0.2741085714285715,0.27767714285714284,0.27902571428571427,0.2744742857142857,0.27485142857142864,0.2708685714285715,0.2659602040816326,0.26295102040816326,0.26129591836734695,0.2638887755102041,0.2682234693877551,0.2717397959183673,0.2678632653061224,0.2662938775510204,0.2643285714285714,0.26345204081632656,0.2650459183673469,0.2686714285714286,0.2844234693877551,0.2865153061224489,0.2843173469387756,0.36981904761904766,0.3624809523809523,0.3559619047619047,0.3566428571428571,0.3658571428571429,0.37665,0.37035,0.36338333333333334,0.3612380952380952,0.35995714285714286,0.35485952380952385,0.3590785714285714,0.36597619047619045,0.35659523809523813,0.3538857142857143,0.2989925170068028,0.30092108843537413,0.2998312925170068,0.2992496598639456,0.3004646258503401,0.3067993197278912,0.3045448979591837,0.3015482993197278,0.29995170068027216,0.3044142857142858,0.3039625850340136,0.30051836734693876,0.29832040816326527,0.298043537414966,0.3052115646258503,Female,24,Adult,Adult,C,C,mms09f24_250Hz_gu2_AEP.conn
EES12F24,ees12f24_250Hz_gu2_AEP.conn,gu2,0.18484761904761907,0.18040476190476187,0.18469047619047618,0.1870238095238095,0.18925714285714282,0.2051047619047619,0.21816666666666665,0.21372380952380954,0.20470000000000002,0.1860571428571429,0.18499523809523807,0.18742857142857142,0.24423809523809523,0.26298095238095237,0.24012380952380952,0.3265028571428571,0.3170942857142857,0.3093428571428571,0.3059685714285714,0.3054057142857142,0.3096028571428572,0.3157171428571428,0.3207714285714286,0.31729714285714283,0.32746,0.31730857142857144,0.3140228571428571,0.34024857142857146,0.3426114285714286,0.34973428571428566,0.2714228571428571,0.26661428571428575,0.25897714285714285,0.24931714285714288,0.25355714285714287,0.28461714285714285,0.27941999999999995,0.2649742857142857,0.26279142857142856,0.27521999999999996,0.2748514285714286,0.2579828571428572,0.28788857142857144,0.27089428571428575,0.2710942857142857,0.3017448979591837,0.30033979591836735,0.2991244897959184,0.3001938775510204,0.3069887755102041,0.296730612244898,0.30427346938775507,0.3117836734693877,0.3120795918367346,0.29275102040816325,0.29319489795918363,0.29774489795918363,0.31394183673469384,0.3147908163265306,0.31568877551020413,0.36194047619047615,0.3564404761904762,0.3623571428571428,0.3720071428571428,0.3785,0.3930261904761905,0.3778285714285714,0.37651428571428575,0.38794761904761904,0.35641190476190476,0.3613714285714286,0.3751404761904762,0.36436428571428564,0.3591452380952381,0.35550714285714285,0.30452244897959185,0.3074367346938775,0.307504081632653,0.3001265306122448,0.2996190476190476,0.2969122448979592,0.2957809523809523,0.295834693877551,0.2954231292517006,0.3030979591836735,0.30219727891156456,0.2986557823129252,0.2925918367346939,0.2905530612244898,0.30305782312925167,Female,24,Adult,Adult,E,NC,ees12f24_250Hz_gu2_AEP.conn
EES13M27,ees13m27_250Hz_gu2_AEP.conn,gu2,0.3142904761904762,0.3150714285714286,0.32932857142857147,0.34423333333333334,0.3380809523809524,0.33882380952380947,0.3314142857142857,0.32311428571428574,0.30682380952380955,0.32150952380952386,0.3278190476190476,0.33692380952380957,0.3629571428571428,0.35185238095238097,0.3650380952380952,0.39462285714285716,0.3957514285714286,0.40269142857142864,0.41543142857142856,0.41001714285714286,0.39450285714285716,0.39046,0.38641714285714285,0.3807828571428572,0.39795428571428576,0.4022628571428572,0.4114228571428571,0.41351714285714286,0.4089942857142857,0.41822,0.30200000000000005,0.3010057142857142,0.3051942857142857,0.3081,0.3031628571428572,0.2861228571428572,0.2936971428571428,0.30052,0.3053457142857143,0.31264000000000003,0.31996,0.32528,0.2921828571428572,0.29730000000000006,0.32013428571428576,0.34338673469387754,0.3475683673469388,0.3482071428571429,0.3499357142857143,0.3467622448979592,0.33108673469387745,0.33615714285714277,0.34358469387755103,0.34825510204081633,0.34726530612244894,0.34841938775510206,0.3474265306122449,0.34927755102040814,0.3534642857142858,0.35750408163265307,0.3875595238095238,0.39141904761904756,0.3973785714285715,0.39681666666666665,0.39590238095238095,0.3859119047619048,0.37511190476190476,0.3777238095238096,0.3786380952380952,0.3987857142857143,0.40108571428571427,0.3981928571428572,0.37398095238095247,0.36924761904761905,0.405295238095238,0.29629455782312925,0.29492517006802715,0.2948605442176871,0.29400748299319723,0.2946102040816326,0.2907884353741497,0.29264761904761905,0.2959551020408163,0.2943387755102041,0.2963986394557823,0.29738571428571425,0.2989299319727891,0.2947714285714286,0.2957877551020408,0.29776870748299317,Male,27,Adult,Adult,E,NC,ees13m27_250Hz_gu2_AEP.conn
MMS15M25,mms15m25_250Hz_gu2_AEP.conn,gu2,0.2218,0.21485238095238093,0.21289047619047619,0.21963809523809527,0.2193952380952381,0.21987142857142858,0.22499047619047619,0.23456666666666667,0.2393238095238095,0.21319047619047618,0.21426190476190476,0.2188904761904762,0.28012857142857145,0.2845619047619048,0.2617047619047619,0.30539142857142854,0.30251142857142854,0.2995257142857143,0.29314,0.2943314285714286,0.3036,0.2948628571428572,0.29323714285714286,0.29515714285714284,0.3036142857142857,0.30144857142857145,0.29538285714285717,0.3171028571428571,0.31482571428571426,0.3261085714285714,0.2729971428571428,0.26360857142857147,0.25730857142857144,0.2548542857142857,0.24724285714285715,0.2651742857142857,0.26859714285714287,0.26442857142857146,0.26242,0.26334285714285716,0.2615657142857143,0.2581457142857143,0.2607428571428571,0.2568057142857143,0.2668057142857143,0.2932877551020408,0.2899183673469388,0.29155510204081636,0.2978377551020408,0.2970163265306122,0.2902367346938775,0.2945173469387755,0.29542244897959175,0.2946908163265306,0.29184693877551016,0.29276122448979586,0.2965714285714286,0.3093673469387755,0.31029081632653055,0.30888877551020405,0.3748833333333333,0.3748357142857143,0.37451904761904764,0.37470000000000003,0.3822595238095238,0.3742428571428571,0.37535,0.3771571428571429,0.3870428571428571,0.37890952380952375,0.3818357142857143,0.38198809523809524,0.37757380952380953,0.37451190476190477,0.38100952380952374,0.22455578231292522,0.22378503401360544,0.2237891156462585,0.22414353741496593,0.22572857142857136,0.2269401360544218,0.22791020408163265,0.2316448979591837,0.23461428571428572,0.22442789115646256,0.22528911564625853,0.22703741496598642,0.22878911564625853,0.2324346938775511,0.23440136054421773,Male,25,Adult,Adult,C,C,mms15m25_250Hz_gu2_AEP.conn
MMS11F22,mms11f22_250Hz_gu2_AEP.conn,gu2,0.175552380952381,0.17316666666666666,0.17090476190476192,0.17403809523809524,0.18290952380952383,0.2022142857142857,0.20012857142857143,0.1906904761904762,0.1891857142857143,0.17307619047619047,0.16490476190476192,0.16544761904761907,0.23722857142857143,0.23931428571428573,0.21856190476190474,0.32176571428571427,0.32554571428571427,0.33555428571428575,0.3393428571428571,0.3322542857142857,0.32479142857142856,0.3279114285714286,0.3221457142857143,0.32480285714285706,0.3251657142857143,0.33915142857142855,0.3462571428571429,0.35147142857142855,0.34888,0.3613657142857143,0.3089085714285714,0.31360571428571427,0.31906,0.3226914285714286,0.32158571428571425,0.3153571428571428,0.30677714285714286,0.29632000000000003,0.2934771428571429,0.3140685714285715,0.3168371428571429,0.31778000000000006,0.31022285714285713,0.30616,0.31886000000000003,0.26957346938775506,0.26835714285714285,0.2684489795918367,0.26752551020408166,0.26494591836734693,0.2607785714285714,0.262534693877551,0.2632091836734694,0.2635806122448979,0.27111326530612245,0.2696826530612245,0.2660387755102041,0.28598061224489796,0.28430918367346936,0.2853204081632653,0.29948095238095235,0.3081333333333333,0.3136309523809524,0.32138809523809525,0.3291738095238095,0.32082380952380957,0.3190785714285714,0.32258809523809523,0.3278357142857143,0.3122333333333333,0.3186452380952381,0.3302095238095238,0.31384047619047617,0.3105452380952381,0.31669523809523814,0.22481156462585034,0.2248142857142858,0.23281768707482997,0.237708843537415,0.23324897959183674,0.23040884353741492,0.22636530612244896,0.22655986394557823,0.22713673469387757,0.22566938775510204,0.233652380952381,0.23958639455782316,0.2220251700680272,0.22119251700680267,0.23697755102040816,Female,22,Adult,Tertiary,C,C,mms11f22_250Hz_gu2_AEP.conn
MMS17M25,mms17m25_250Hz_gu2_AEP.conn,gu2,0.22608095238095238,0.22609047619047618,0.2242047619047619,0.22564285714285715,0.23069047619047622,0.2347095238095238,0.23512857142857144,0.24173333333333336,0.23534761904761906,0.2284571428571429,0.2290095238095238,0.2251,0.2899380952380953,0.29442380952380953,0.27483809523809527,0.29214285714285715,0.2915628571428572,0.28903142857142855,0.29066285714285717,0.29150857142857145,0.32145714285714283,0.3209942857142857,0.3075514285714286,0.2976342857142857,0.30506285714285714,0.30254857142857144,0.30141714285714283,0.34804285714285715,0.3403371428571429,0.34283714285714284,0.32446857142857144,0.3115114285714286,0.30683142857142853,0.30650857142857146,0.3083857142857143,0.3381028571428571,0.33822285714285716,0.3280085714285714,0.3216257142857143,0.3122514285714285,0.31152857142857143,0.31144,0.3418028571428571,0.3385257142857142,0.3196285714285715,0.31249081632653064,0.314830612244898,0.31443775510204086,0.3156775510204081,0.3145020408163265,0.31565102040816323,0.3233438775510204,0.3229765306122449,0.3163163265306122,0.3133857142857143,0.3167438775510204,0.31852551020408154,0.33949285714285715,0.3407071428571428,0.3312020408163265,0.395297619047619,0.38965,0.3897952380952381,0.3919095238095238,0.39471666666666666,0.40893571428571424,0.4103666666666667,0.41564047619047617,0.4174238095238096,0.40230476190476194,0.40409523809523806,0.40491190476190475,0.41475,0.40654285714285715,0.4065238095238095,0.29757210884353735,0.2987687074829932,0.29720408163265305,0.2967306122448979,0.2952190476190476,0.2951666666666667,0.2927183673469388,0.2905231292517007,0.29063945578231287,0.3025925170068028,0.3017210884353742,0.2994877551020408,0.294195918367347,0.2969163265306123,0.30724625850340137,Male,25,Adult,Adult,C,C,mms17m25_250Hz_gu2_AEP.conn
MMS20M28,mms20m28_250Hz_gu2_AEP.conn,gu2,0.22874285714285714,0.2282857142857143,0.23008095238095239,0.2313142857142857,0.23924761904761904,0.22925238095238099,0.2153095238095238,0.21109523809523809,0.2202333333333333,0.22704285714285713,0.22510476190476192,0.2207666666666667,0.2824285714285714,0.28537142857142855,0.2860714285714286,0.3413342857142857,0.3374571428571428,0.3393771428571429,0.3489457142857142,0.3483057142857143,0.33167714285714284,0.3331257142857143,0.32396,0.32906571428571424,0.3307028571428571,0.32784857142857143,0.3402971428571429,0.3522885714285714,0.3488914285714286,0.33880571428571427,0.24066571428571432,0.24815142857142863,0.25498571428571426,0.25555428571428573,0.2605342857142857,0.26126285714285713,0.2574857142857143,0.24574571428571432,0.23906571428571427,0.24711714285714287,0.25076,0.25330285714285716,0.2454228571428571,0.2428057142857143,0.25348000000000004,0.2799377551020407,0.28101836734693875,0.2805561224489796,0.28156326530612247,0.2823377551020408,0.2875051020408163,0.2846183673469388,0.28276326530612245,0.283938775510204,0.27342346938775514,0.27437857142857147,0.27759285714285714,0.2994418367346939,0.30162244897959184,0.2934336734693877,0.4052619047619048,0.3995452380952382,0.3922857142857143,0.3897738095238095,0.39625238095238097,0.403702380952381,0.3963690476190476,0.4001857142857143,0.39733095238095245,0.3946571428571428,0.38962380952380954,0.38766190476190476,0.3891857142857143,0.3934309523809523,0.391,0.276338775510204,0.27642517006802725,0.2757238095238095,0.27541972789115643,0.2727224489795918,0.2730340136054422,0.2738639455782313,0.2700639455782313,0.2698530612244897,0.2759986394557823,0.2756823129251701,0.27457482993197274,0.266125850340136,0.2626,0.27722993197278906,Male,28,Adult,Adult,C,C,mms20m28_250Hz_gu2_AEP.conn
EES21F20,EES21F20_250Hz_gu2_AEP.conn,gu2,0.23105238095238098,0.2363333333333333,0.2315761904761905,0.2218619047619048,0.2215047619047619,0.23988571428571426,0.23266190476190474,0.2351142857142857,0.23616666666666666,0.24422380952380954,0.24008571428571426,0.23443333333333335,0.2732047619047619,0.27937142857142855,0.2970714285714286,0.3620457142857143,0.3571714285714286,0.3597657142857143,0.3605142857142857,0.36507428571428574,0.3542828571428571,0.3543628571428571,0.3556399999999999,0.35016857142857144,0.36875714285714284,0.3679314285714286,0.3638857142857143,0.3807914285714286,0.3798457142857143,0.39545142857142856,0.30458285714285716,0.3060085714285714,0.30841142857142856,0.3165971428571429,0.31611428571428574,0.30789999999999995,0.3117142857142857,0.31358571428571425,0.30683999999999995,0.30975428571428576,0.31683142857142854,0.32223714285714294,0.29319142857142855,0.2962628571428571,0.32453714285714297,0.28206836734693874,0.2807510204081633,0.2817244897959184,0.28573163265306123,0.28726122448979596,0.2858704081632653,0.28919081632653054,0.2961673469387755,0.2997051020408163,0.28863877551020406,0.28867448979591837,0.29002142857142854,0.30135102040816325,0.3024877551020408,0.31161836734693876,0.3411595238095238,0.3358714285714286,0.33233571428571435,0.33263809523809523,0.3356142857142857,0.3463809523809524,0.35348095238095234,0.34922619047619047,0.35494285714285717,0.3457547619047619,0.3400785714285714,0.3350619047619048,0.3656714285714286,0.3534952380952381,0.34626666666666667,0.23263061224489795,0.23110476190476187,0.2330421768707483,0.2375306122448979,0.23932176870748306,0.24612244897959185,0.24591496598639453,0.243882993197279,0.24457142857142852,0.23760748299319728,0.241069387755102,0.2456503401360545,0.24254829931972785,0.23888367346938774,0.24620612244897955,Female,20,Adult,Tertiary,E,NC,EES21F20_250Hz_gu2_AEP.conn
MMS13F24,mms13f24_250Hz_gu2_AEP.conn,gu2,0.2492095238095238,0.24050952380952384,0.23865238095238095,0.22703333333333334,0.2147380952380952,0.22419523809523811,0.22651904761904762,0.2203761904761905,0.20942380952380954,0.24303333333333335,0.24358095238095237,0.2423428571428571,0.2735857142857143,0.27066190476190477,0.2937095238095238,0.35498285714285716,0.35528571428571426,0.35388857142857144,0.34678571428571425,0.34861714285714285,0.3707057142857143,0.37834857142857137,0.37638,0.3655257142857143,0.3584428571428572,0.3548371428571429,0.3540342857142857,0.40725428571428574,0.40950571428571425,0.37065714285714285,0.27061999999999997,0.26549999999999996,0.2722485714285714,0.27356,0.2689114285714286,0.29074285714285714,0.2899742857142857,0.28518000000000004,0.2832914285714286,0.28272857142857144,0.2848628571428572,0.28527142857142856,0.2915571428571429,0.28606571428571426,0.29974285714285714,0.27228775510204084,0.27377448979591834,0.27081326530612243,0.26967551020408165,0.268684693877551,0.27766632653061224,0.2806846938775511,0.27709795918367347,0.27392755102040817,0.2720765306122449,0.2752030612244898,0.27468265306122447,0.29151938775510206,0.2861051020408163,0.29321428571428576,0.34571666666666667,0.35655476190476193,0.3484809523809524,0.3333904761904762,0.3284404761904762,0.3513833333333334,0.34519285714285725,0.3416666666666666,0.3512904761904762,0.3525214285714286,0.34275000000000005,0.33225,0.3486261904761905,0.3495928571428571,0.34989285714285717,0.2250319727891157,0.22829115646258502,0.22809183673469394,0.2315721088435374,0.23231564625850343,0.2287353741496599,0.2257367346938775,0.22840680272108838,0.23306054421768704,0.23034285714285724,0.2315884353741497,0.23244149659863947,0.2272210884353742,0.2271006802721089,0.23410136054421765,Female,24,Adult,Adult,C,C,mms13f24_250Hz_gu2_AEP.conn
EES22M27,EES22M27_250Hz_gu2_AEP.conn,gu2,0.20413809523809526,0.19774761904761906,0.19336190476190476,0.18874285714285713,0.1830190476190476,0.20028571428571426,0.1981238095238095,0.20450476190476188,0.1863761904761905,0.20187619047619046,0.19823809523809524,0.18940952380952383,0.24716190476190478,0.2495571428571429,0.25943809523809525,0.31793714285714286,0.3208142857142857,0.32104571428571427,0.32243714285714287,0.3211114285714286,0.31829714285714283,0.31212285714285715,0.30890571428571423,0.3022628571428571,0.3186514285714286,0.3200200000000001,0.31561142857142854,0.33877428571428575,0.33310571428571434,0.3334028571428571,0.22314000000000003,0.22228857142857145,0.2247114285714286,0.2294971428571429,0.23216285714285717,0.21309714285714287,0.22565714285714286,0.23065428571428576,0.2284942857142857,0.22500857142857145,0.23799428571428574,0.2452771428571429,0.24766285714285713,0.2528514285714286,0.24820285714285711,0.2655571428571428,0.26403469387755096,0.26255102040816325,0.25948673469387756,0.2610102040816326,0.2673459183673469,0.2663122448979592,0.2645642857142857,0.26419387755102036,0.2634020408163265,0.26469081632653063,0.26143571428571427,0.27729897959183675,0.275965306122449,0.27529591836734696,0.35588333333333333,0.3558928571428572,0.35560238095238095,0.3581166666666667,0.35837857142857144,0.34273809523809523,0.34375,0.34706428571428566,0.3523904761904762,0.3597452380952381,0.35717142857142853,0.35731666666666667,0.34164047619047616,0.3495547619047619,0.36101904761904763,0.2513074829931973,0.2509428571428572,0.24897006802721094,0.24728231292517003,0.25004217687074837,0.26564489795918367,0.26461292517006796,0.2620870748299319,0.26095102040816326,0.25525442176870744,0.25412517006802726,0.2502721088435374,0.26221224489795913,0.26043809523809525,0.26547755102040815,Male,27,Adult,Adult,E,NC,EES22M27_250Hz_gu2_AEP.conn
EES10M22,EES10M22_250Hz_gu2_AEP.conn,gu2,0.20714761904761905,0.19125238095238095,0.18515238095238096,0.18474761904761905,0.19356190476190474,0.20430952380952383,0.22159523809523807,0.22330952380952382,0.21679523809523812,0.18667142857142857,0.18620952380952382,0.19006190476190477,0.27068571428571425,0.26745714285714284,0.24405238095238094,0.2952742857142857,0.2814,0.2834628571428571,0.29095428571428567,0.2988057142857143,0.3177885714285714,0.3178714285714285,0.3068,0.29924285714285714,0.26930571428571426,0.2776885714285714,0.2906971428571429,0.3379142857142857,0.3249771428571429,0.3052828571428572,0.30626857142857145,0.29444857142857145,0.29915142857142857,0.3056142857142857,0.3112342857142857,0.31354000000000004,0.31034285714285714,0.30536,0.3082942857142857,0.2940714285714286,0.3068714285714286,0.31649142857142853,0.3101,0.3005028571428571,0.3180742857142857,0.2741051020408164,0.2749081632653061,0.2729061224489796,0.2717397959183673,0.27205306122448975,0.2774204081632653,0.27569285714285713,0.2772255102040816,0.28146938775510205,0.26826836734693876,0.267515306122449,0.26916632653061223,0.294484693877551,0.29954795918367344,0.2797469387755102,0.33769999999999994,0.32808095238095236,0.3272095238095238,0.3361238095238095,0.33354285714285714,0.32328571428571423,0.3218476190476191,0.3215571428571429,0.3217547619047619,0.3237809523809524,0.3213095238095238,0.3287833333333333,0.3224309523809524,0.3201023809523809,0.32070238095238096,0.22139251700680274,0.22402312925170068,0.22624557823129252,0.2230408163265306,0.22241700680272108,0.21903129251700676,0.22248979591836737,0.22624761904761903,0.22946462585034016,0.21922585034013603,0.2219816326530612,0.2218068027210884,0.22209659863945577,0.22460612244897957,0.22566666666666665,Male,22,Adult,Tertiary,E,NC,EES10M22_250Hz_gu2_AEP.conn
EES14F26,ees14f26_250Hz_gu2_AEP.conn,gu2,0.19803809523809526,0.19284285714285712,0.19883333333333333,0.20065238095238094,0.1968,0.2206809523809524,0.2226571428571429,0.21136666666666667,0.20608095238095236,0.17927619047619048,0.1898857142857143,0.20077619047619047,0.27384761904761906,0.26324285714285717,0.2451142857142857,0.2923685714285715,0.29000857142857145,0.2889657142857143,0.28390857142857145,0.28498285714285715,0.31044,0.3083028571428572,0.30511428571428567,0.30410857142857145,0.2826457142857143,0.28403428571428574,0.28408,0.33059142857142854,0.32739142857142856,0.31508857142857144,0.23342000000000004,0.23578285714285716,0.2307085714285714,0.23534571428571432,0.24198857142857144,0.2567285714285714,0.25674857142857144,0.24847428571428573,0.24306571428571427,0.24774,0.24257714285714288,0.24135714285714288,0.25644285714285714,0.24787999999999996,0.2514085714285715,0.27631020408163265,0.27779591836734696,0.2776316326530612,0.2788969387755102,0.2804714285714286,0.2691918367346938,0.2670489795918367,0.26642755102040816,0.2647795918367347,0.27763979591836735,0.2812836734693877,0.2821928571428572,0.2857061224489796,0.2844520408163266,0.30398979591836733,0.3366595238095238,0.3342261904761905,0.3316857142857143,0.3336857142857143,0.33407619047619047,0.339952380952381,0.33986190476190475,0.337,0.33866666666666667,0.33249047619047617,0.33247142857142853,0.333847619047619,0.33999285714285715,0.3309619047619048,0.32312619047619046,0.23402244897959185,0.2337292517006803,0.23100884353741497,0.22879387755102046,0.23016326530612238,0.23994897959183673,0.2446734693877551,0.24417346938775505,0.24141292517006802,0.23615102040816321,0.23244965986394553,0.22977823129251695,0.24147755102040816,0.24172925170068021,0.23632312925170065,Female,26,Adult,Adult,E,NC,ees14f26_250Hz_gu2_AEP.conn
MMS04F25,mms04f25_250Hz_gu2_AEP.conn,gu2,0.2491190476190476,0.25665714285714286,0.2563333333333333,0.2543095238095238,0.24983333333333327,0.26343333333333335,0.25743809523809524,0.24692380952380955,0.23604285714285714,0.24953333333333336,0.24225714285714287,0.24250952380952384,0.2840142857142857,0.2725190476190476,0.2732952380952381,0.3746085714285715,0.36895428571428573,0.36839714285714287,0.37535714285714283,0.37883428571428573,0.3899371428571428,0.3894657142857143,0.37668,0.36417142857142853,0.36947714285714284,0.36513142857142855,0.3742628571428571,0.3967742857142857,0.38092571428571426,0.3868057142857143,0.40979142857142853,0.4112228571428572,0.41191714285714287,0.42576285714285705,0.4288628571428571,0.41762285714285713,0.42099714285714285,0.41861999999999994,0.41822,0.4104971428571428,0.42020285714285716,0.4312828571428572,0.4123457142857143,0.4077057142857143,0.42953714285714284,0.42535510204081634,0.4258173469387755,0.4255612244897959,0.43264591836734706,0.4326734693877551,0.4271,0.4252561224489796,0.4231551020408163,0.42392653061224495,0.42463775510204077,0.4254744897959184,0.4329540816326531,0.43670510204081625,0.43150000000000005,0.43503265306122446,0.5001904761904762,0.4963595238095238,0.49298333333333333,0.4947238095238095,0.49862619047619056,0.48860238095238095,0.49455476190476194,0.4984309523809524,0.4935714285714286,0.5065666666666667,0.5033333333333334,0.49999047619047615,0.49588809523809524,0.4927309523809524,0.49860952380952384,0.33772721088435376,0.3358727891156462,0.3319530612244898,0.3280421768707483,0.33015646258503406,0.3300734693877551,0.3303755102040816,0.33008775510204075,0.33163401360544215,0.33992653061224487,0.3346068027210885,0.3292374149659865,0.3275789115646258,0.331565306122449,0.3359340136054423,Female,25,Adult,Adult,C,C,mms04f25_250Hz_gu2_AEP.conn
EES17F38,EES17F38_250Hz_gu2_AEP.conn,gu2,0.15024285714285712,0.14336190476190477,0.1393857142857143,0.14793809523809523,0.15782380952380953,0.13930476190476193,0.13728571428571426,0.14118571428571433,0.13932380952380952,0.14512380952380952,0.14896666666666666,0.1540857142857143,0.19465714285714286,0.20056666666666664,0.18697142857142857,0.24198,0.24217142857142857,0.2382885714285714,0.23693142857142857,0.2396171428571429,0.2627885714285714,0.26004857142857146,0.2522371428571429,0.24755714285714286,0.23883714285714283,0.24053714285714287,0.2392057142857143,0.2847571428571428,0.27804,0.26227999999999996,0.19140285714285715,0.20168,0.2081,0.21402285714285715,0.20841714285714286,0.21141142857142853,0.21894,0.21580857142857143,0.21204857142857142,0.20135142857142857,0.20953714285714287,0.21493714285714285,0.20553142857142856,0.2118314285714286,0.2121057142857143,0.196434693877551,0.19725408163265307,0.20116734693877553,0.20685816326530612,0.2084081632653061,0.19506122448979588,0.1949857142857143,0.19921020408163265,0.1997122448979592,0.19684183673469385,0.1961642857142857,0.20069285714285717,0.20417857142857146,0.21100918367346938,0.21136530612244903,0.2679380952380952,0.26685,0.2648238095238095,0.2684904761904762,0.2709333333333333,0.26305,0.2664904761904762,0.26885,0.2612238095238096,0.2657119047619047,0.26288809523809525,0.26225,0.2655904761904762,0.27067380952380954,0.2663452380952381,0.18779319727891153,0.18579523809523804,0.1904244897959184,0.1902108843537415,0.18961632653061225,0.18877823129251703,0.18757891156462586,0.18629183673469388,0.18795442176870747,0.18689931972789114,0.19147482993197282,0.19244897959183677,0.18473537414965988,0.18371972789115648,0.1931557823129252,Female,38,Adult,Adult,E,NC,EES17F38_250Hz_gu2_AEP.conn
EES20F22,ees20f22_250Hz_gu2_AEP.conn,gu2,0.30737619047619047,0.3000571428571428,0.29623809523809524,0.2908904761904762,0.28862857142857146,0.3021857142857143,0.3119809523809523,0.30948095238095236,0.3050285714285714,0.3076761904761905,0.3088809523809524,0.30160476190476193,0.36360952380952377,0.358352380952381,0.3617142857142857,0.4081542857142857,0.40552857142857146,0.39775999999999995,0.3915514285714286,0.3862114285714286,0.39276285714285714,0.40091428571428567,0.40658571428571433,0.40066857142857143,0.40245142857142857,0.3955828571428571,0.39157428571428576,0.4307485714285715,0.42965428571428577,0.4089485714285714,0.34007428571428566,0.33797142857142853,0.33326,0.32887999999999995,0.3351085714285714,0.3346971428571429,0.33586285714285713,0.3359742857142857,0.32826000000000005,0.33662571428571425,0.32651142857142856,0.3203142857142857,0.34057142857142864,0.3409542857142857,0.33483142857142856,0.3006448979591837,0.29941734693877553,0.2984489795918367,0.29918469387755103,0.3002020408163265,0.29329795918367346,0.2952326530612245,0.30040000000000006,0.30463775510204083,0.296469387755102,0.29693979591836733,0.2966755102040816,0.31881122448979593,0.3259989795918367,0.3147581632653061,0.4032357142857143,0.405252380952381,0.4043285714285714,0.408597619047619,0.40552380952380956,0.40612380952380955,0.4094928571428571,0.40718809523809524,0.40673095238095236,0.4019357142857143,0.4019833333333333,0.4052928571428571,0.41749047619047613,0.41419999999999996,0.40420000000000006,0.33444081632653055,0.3338530612244898,0.33380204081632653,0.33442517006802724,0.3325666666666667,0.33253129251700675,0.3339306122448979,0.33446190476190474,0.33561768707483,0.33272517006802727,0.3347163265306123,0.3353605442176872,0.3294673469387755,0.33097551020408167,0.3324142857142858,Female,22,Adult,Tertiary,E,NC,ees20f22_250Hz_gu2_AEP.conn
EES19F33,EES19f33_250Hz_gu2_AEP.conn,gu2,0.18985238095238097,0.19632380952380948,0.20214761904761902,0.20422857142857143,0.1870047619047619,0.17811904761904762,0.18632857142857143,0.1898142857142857,0.19179999999999997,0.20535714285714288,0.21269523809523808,0.21702857142857143,0.22473333333333334,0.2315380952380952,0.24113809523809526,0.28855142857142857,0.2825485714285715,0.2837771428571429,0.2937228571428571,0.2959685714285714,0.2907828571428571,0.29106,0.28373428571428577,0.2953142857142857,0.2820714285714286,0.28253714285714293,0.29473142857142853,0.3177028571428571,0.3125142857142857,0.3092514285714286,0.2775485714285715,0.28329714285714286,0.2948657142857143,0.30312571428571433,0.30614285714285716,0.2997771428571428,0.29376857142857143,0.2819571428571429,0.2900628571428571,0.2850714285714286,0.29818285714285714,0.3070742857142857,0.2880771428571428,0.28294285714285716,0.2949171428571429,0.2951755102040816,0.2919091836734694,0.29210510204081636,0.2952785714285714,0.2977561224489796,0.287704081632653,0.28974183673469384,0.2887551020408163,0.28496734693877557,0.2914530612244898,0.2937030612244898,0.29769183673469385,0.3024530612244898,0.30243775510204085,0.31038571428571426,0.3185690476190476,0.31190476190476185,0.3192309523809524,0.32260714285714287,0.31408571428571425,0.31295,0.30935,0.3180023809523809,0.32631666666666664,0.3261666666666667,0.33091428571428577,0.3315547619047619,0.31569285714285716,0.3238095238095238,0.33270238095238097,0.2293061224489796,0.23180068027210887,0.23415850340136055,0.23457210884353735,0.2314278911564626,0.22279455782312918,0.22144897959183676,0.2244829931972789,0.22684013605442177,0.23027142857142854,0.23288911564625853,0.2331571428571428,0.22187278911564623,0.2267891156462585,0.2300272108843538,Female,33,Adult,Adult,E,NC,EES19f33_250Hz_gu2_AEP.conn
EES06F24,ees06f24_250Hz_gu2_AEP.conn,gu2,0.21690476190476193,0.21501904761904764,0.22162380952380953,0.22902857142857144,0.22616666666666663,0.21218571428571428,0.20202380952380952,0.2094142857142857,0.20827619047619048,0.23084761904761905,0.23096190476190473,0.2296809523809524,0.26180952380952377,0.26486666666666664,0.2886333333333333,0.30869714285714284,0.3089657142857143,0.30871428571428566,0.3087142857142858,0.3059542857142856,0.2980314285714286,0.2980142857142857,0.3013771428571429,0.2985542857142857,0.29663999999999996,0.29599428571428577,0.29543714285714284,0.31607142857142856,0.31865142857142853,0.3186628571428571,0.24696857142857143,0.2467857142857143,0.2496,0.24708285714285716,0.24128857142857144,0.23282285714285714,0.22551714285714283,0.2244685714285714,0.22963714285714287,0.24578285714285716,0.24491142857142859,0.24288285714285712,0.22517428571428572,0.22368285714285713,0.2277742857142857,0.3217857142857143,0.32419693877551026,0.32060714285714287,0.3174408163265306,0.3185418367346939,0.3231734693877551,0.3191265306122449,0.3176469387755102,0.3204795918367348,0.3203244897959184,0.3170295918367348,0.31630816326530614,0.33076428571428573,0.33031530612244897,0.3279897959183673,0.38430238095238095,0.38624523809523814,0.38698571428571427,0.3859619047619048,0.38488809523809525,0.38499761904761903,0.3841666666666667,0.3862357142857143,0.39204761904761903,0.3861571428571428,0.38645476190476186,0.3857690476190476,0.387804761904762,0.38032142857142853,0.3871666666666667,0.30169727891156456,0.3000972789115646,0.29965034013605446,0.30087346938775505,0.29988367346938777,0.3032482993197278,0.30513401360544223,0.30561836734693876,0.3032789115646258,0.2989755102040816,0.2995122448979592,0.2985340136054422,0.29863537414965996,0.29688163265306117,0.29812040816326535,Female,24,Adult,Adult,E,NC,ees06f24_250Hz_gu2_AEP.conn
MMS19F30,mms19f30_250Hz_gu2_AEP.conn,gu2,0.21410952380952378,0.2182952380952381,0.21036190476190475,0.20376190476190478,0.20367619047619046,0.20811904761904762,0.21415238095238096,0.2085,0.20833333333333334,0.21439047619047621,0.21154285714285714,0.2080809523809524,0.2740476190476191,0.27063333333333334,0.2746571428571429,0.32990571428571436,0.33007714285714285,0.3265,0.32169142857142863,0.3165342857142857,0.3152057142857143,0.31546285714285716,0.31246571428571424,0.31444285714285714,0.3279685714285715,0.3236742857142857,0.3196257142857143,0.34402,0.34565428571428575,0.35236,0.2996257142857143,0.29592285714285715,0.2933428571428572,0.2862571428571429,0.2734914285714286,0.27686285714285713,0.2743657142857143,0.2663971428571429,0.26148000000000005,0.3025285714285714,0.2944171428571429,0.2892085714285714,0.2577314285714286,0.2518,0.28959714285714283,0.3187867346938775,0.32197040816326533,0.3252357142857143,0.3298510204081633,0.3304112244897959,0.329665306122449,0.32660408163265303,0.32764591836734697,0.32992346938775513,0.32730816326530615,0.32941530612244907,0.33039897959183673,0.34011836734693873,0.3395959183673468,0.35197142857142855,0.41881428571428575,0.4126428571428571,0.40432142857142866,0.4010476190476191,0.40309761904761904,0.407,0.4065380952380952,0.40544761904761906,0.4089404761904762,0.41609047619047623,0.4075333333333333,0.4032809523809524,0.39976428571428574,0.4066404761904762,0.4101857142857143,0.25315782312925167,0.2515673469387754,0.25240272108843537,0.25415238095238085,0.2547238095238095,0.2495272108843537,0.2451639455782313,0.2466319727891156,0.24952857142857152,0.2486081632653061,0.25045374149659866,0.2507360544217687,0.24203333333333332,0.24066870748299318,0.2528210884353741,Female,30,Adult,Adult,C,C,mms19f30_250Hz_gu2_AEP.conn
MMS18M36MIX,mms18m36mix_250Hz_gu2_AEP.conn,gu2,0.1817619047619048,0.17819523809523807,0.17903333333333335,0.18376666666666666,0.18842380952380955,0.17946666666666666,0.18167142857142857,0.18176190476190476,0.1815285714285714,0.16943333333333332,0.18023333333333333,0.1854809523809524,0.23625238095238096,0.2372,0.21173809523809525,0.27017714285714284,0.2789428571428571,0.28249142857142856,0.2822914285714286,0.2734857142857143,0.28928000000000004,0.28716285714285716,0.2879971428571429,0.2785371428571429,0.27834,0.27610285714285715,0.26812285714285716,0.3135485714285714,0.3133514285714286,0.2976371428571428,0.2829828571428572,0.2906628571428571,0.2901657142857143,0.2932342857142857,0.2946028571428571,0.2801457142857143,0.2859342857142857,0.2880771428571428,0.2815228571428571,0.2846714285714286,0.2810371428571429,0.2825114285714286,0.2905142857142857,0.29343428571428576,0.28018571428571426,0.2713755102040816,0.27084285714285716,0.2693122448979592,0.26815306122448984,0.26912244897959187,0.27866224489795915,0.2784275510204081,0.27559999999999996,0.2715173469387755,0.27101224489795916,0.26996224489795917,0.26791122448979593,0.3005908163265306,0.29541122448979584,0.2898479591836735,0.35534523809523816,0.3483690476190476,0.34134285714285717,0.3426428571428571,0.3469214285714286,0.36894523809523805,0.36519047619047623,0.35928571428571426,0.3543880952380953,0.3453690476190476,0.3380380952380953,0.33627619047619045,0.35831428571428575,0.34730476190476195,0.3420285714285714,0.2299768707482994,0.2263190476190477,0.21926870748299324,0.21726530612244896,0.21856326530612247,0.21750204081632654,0.2192047619047619,0.22265102040816326,0.22531972789115645,0.22546122448979591,0.2203170068027211,0.21927619047619049,0.21456462585034014,0.22040272108843534,0.2216142857142857,Male,36,Adult,Adult,C,C,mms18m36mix_250Hz_gu2_AEP.conn
MMS12M23,mms12m23_250Hz_gu2_AEP.conn,gu2,0.20963333333333334,0.22407619047619046,0.2235,0.21006666666666665,0.19008571428571427,0.1945285714285714,0.21534285714285714,0.22474285714285713,0.2192619047619048,0.22435714285714284,0.2300857142857143,0.22557142857142856,0.25301904761904764,0.2648714285714286,0.26439047619047623,0.3273828571428571,0.32883428571428575,0.3277028571428572,0.32233428571428574,0.32029142857142856,0.33533999999999997,0.33424000000000004,0.3273085714285714,0.3280457142857143,0.33295142857142856,0.33157999999999993,0.3281314285714285,0.3590942857142857,0.35117428571428577,0.35826571428571424,0.2762714285714286,0.27881428571428574,0.27784857142857144,0.26972571428571424,0.26158,0.29676,0.2977600000000001,0.2963771428571428,0.29136571428571434,0.2815885714285714,0.2824942857142857,0.27525999999999995,0.2956885714285714,0.29321142857142857,0.29146857142857147,0.2831704081632653,0.2871591836734694,0.28689489795918366,0.28695,0.2835122448979592,0.2919448979591836,0.2932724489795918,0.2909,0.2877693877551021,0.2867938775510204,0.28800306122448976,0.2885938775510204,0.3088020408163265,0.30622857142857146,0.3035295918367347,0.365897619047619,0.36621190476190474,0.36784285714285714,0.367,0.36532619047619047,0.37316428571428567,0.3781880952380952,0.3843809523809523,0.3846333333333333,0.3712380952380953,0.37348333333333333,0.37379999999999997,0.3698452380952381,0.3703238095238095,0.3744452380952381,0.22338979591836738,0.22546190476190472,0.22731496598639453,0.22858571428571425,0.2267197278911565,0.23271496598639457,0.23476462585034014,0.2364904761904762,0.24065986394557823,0.22777278911564625,0.23018231292517002,0.23218435374149657,0.23161020408163266,0.23564625850340135,0.23319591836734693,Male,23,Adult,Adult,C,C,mms12m23_250Hz_gu2_AEP.conn
MMS10F23,mms10f23_250Hz_gu2_AEP.conn,gu2,0.299447619047619,0.30807142857142855,0.3132809523809523,0.32532857142857147,0.332,0.3064333333333333,0.30064285714285716,0.3053333333333334,0.2969333333333333,0.31225714285714284,0.31492380952380955,0.3233857142857142,0.3272,0.32828571428571435,0.3375857142857143,0.42292857142857143,0.42765142857142857,0.4225542857142857,0.42307999999999996,0.4278885714285714,0.4156142857142857,0.41615714285714284,0.42078571428571426,0.4140942857142857,0.4249485714285714,0.4203771428571429,0.4186114285714286,0.42991142857142856,0.4358142857142857,0.4376685714285714,0.4429342857142857,0.44149142857142853,0.44497428571428566,0.45733428571428564,0.46297428571428567,0.4429371428571428,0.45548857142857146,0.46516285714285716,0.46576000000000006,0.43173142857142854,0.44141714285714284,0.45668,0.46855714285714284,0.47834571428571426,0.4428142857142857,0.38831632653061227,0.38580204081632646,0.3874724489795919,0.3905877551020408,0.3948979591836734,0.3864663265306122,0.383607142857143,0.3751132653061225,0.372165306122449,0.3800387755102042,0.3835734693877551,0.387445918367347,0.3948622448979592,0.38870102040816323,0.39565102040816325,0.4570047619047619,0.4638119047619047,0.4604714285714286,0.4610404761904762,0.462747619047619,0.43427857142857146,0.4367166666666667,0.43280476190476197,0.4360357142857143,0.4529238095238095,0.44562857142857143,0.44857619047619046,0.42188809523809523,0.40819523809523806,0.4336642857142858,0.35562040816326534,0.3547496598639456,0.35264285714285715,0.3528013605442177,0.35191020408163265,0.34671156462585034,0.34398367346938774,0.3422993197278911,0.34400748299319733,0.35293265306122446,0.354065306122449,0.3583020408163265,0.3425809523809524,0.34199795918367343,0.35200204081632647,Female,23,Adult,Adult,C,C,mms10f23_250Hz_gu2_AEP.conn
EES07M34,ees07m34_250Hz_gu2_AEP.conn,gu2,0.17695238095238097,0.17208095238095242,0.17343809523809525,0.17496190476190476,0.17731428571428573,0.18491904761904765,0.16936190476190474,0.15920476190476193,0.15402380952380954,0.16355238095238098,0.16537142857142859,0.16830952380952383,0.2245,0.22955714285714288,0.2211761904761905,0.32798285714285713,0.3392685714285714,0.34869142857142854,0.3385485714285714,0.32964857142857146,0.31526571428571426,0.31504571428571426,0.3093714285714285,0.30403714285714284,0.3354514285714285,0.3424628571428572,0.3319257142857143,0.3298114285714286,0.33174857142857145,0.3604228571428571,0.28262,0.29265714285714284,0.29598571428571424,0.29129142857142853,0.27217428571428576,0.2761857142857142,0.2714657142857143,0.26889142857142856,0.26581142857142853,0.27923714285714285,0.2846142857142857,0.2885742857142857,0.25851999999999997,0.2666742857142857,0.26576,0.3041122448979592,0.30721020408163263,0.3085887755102041,0.305104081632653,0.2991581632653061,0.3096857142857143,0.3097112244897959,0.30947551020408165,0.30193775510204074,0.30520612244897954,0.3059520408163265,0.30466224489795923,0.3204897959183674,0.3241132653061225,0.31576938775510205,0.39557619047619047,0.4023190476190477,0.40695238095238095,0.40615952380952375,0.39930000000000004,0.3926809523809524,0.3948785714285714,0.3897333333333333,0.3900214285714285,0.3942880952380953,0.40197142857142865,0.40411190476190484,0.39499047619047617,0.38499285714285714,0.3868619047619048,0.24656734693877547,0.24607414965986393,0.24500544217687079,0.24338707482993197,0.24034285714285714,0.24175034013605437,0.24135850340136056,0.2406272108843538,0.23997278911564623,0.246408843537415,0.24773945578231296,0.2452353741496598,0.23742108843537418,0.23906734693877552,0.24780068027210883,Male,34,Adult,Adult,E,NC,ees07m34_250Hz_gu2_AEP.conn
EES09M30MU,EES09m30mu_250Hz_gu2_AEP.conn,gu2,0.2766714285714285,0.28509523809523807,0.2862761904761905,0.28731904761904764,0.2771095238095238,0.27320952380952385,0.26683809523809526,0.2602571428571429,0.2629666666666667,0.2878285714285715,0.28751904761904756,0.28571904761904765,0.32645238095238094,0.31874285714285716,0.3519666666666667,0.35688857142857144,0.36135428571428574,0.36264285714285716,0.3641114285714286,0.36754000000000003,0.3474885714285714,0.35057714285714286,0.35270571428571423,0.35679999999999995,0.36489142857142853,0.3638199999999999,0.36305714285714286,0.3785571428571428,0.37717428571428574,0.3860771428571429,0.3380857142857142,0.33684285714285717,0.3284028571428571,0.3249114285714286,0.32861999999999997,0.3257371428571429,0.3256657142857143,0.3329714285714286,0.33636,0.3353114285714286,0.33243142857142854,0.33481714285714287,0.32201714285714284,0.3265057142857143,0.3437685714285715,0.42900306122448983,0.42688877551020404,0.42509897959183673,0.424638775510204,0.42213571428571434,0.4273683673469387,0.4269867346938775,0.42708979591836727,0.4269357142857143,0.4306142857142858,0.4303540816326531,0.4319530612244897,0.43632959183673475,0.4380326530612245,0.44117551020408163,0.47142857142857136,0.47275,0.4779261904761905,0.4812285714285714,0.48180238095238087,0.4883833333333334,0.4884595238095239,0.4849952380952381,0.48484999999999995,0.4788761904761905,0.4840333333333333,0.4846714285714286,0.48515476190476187,0.4762,0.47811190476190474,0.3128102040816326,0.31467619047619044,0.3144394557823129,0.31506258503401363,0.31679319727891153,0.3161442176870749,0.31413061224489786,0.31162448979591834,0.3126578231292517,0.3127367346938776,0.3122836734693878,0.31354829931972783,0.3139,0.3123142857142857,0.310874149659864,Male,30,Adult,Adult,E,NC,EES09m30mu_250Hz_gu2_AEP.conn
MMS16M23,mms16m23_250Hz_gu2_AEP.conn,gu2,0.1273857142857143,0.11690476190476191,0.11848571428571429,0.12076190476190475,0.11980952380952381,0.1330285714285714,0.1295142857142857,0.12796190476190475,0.13084285714285715,0.12575238095238095,0.11716666666666668,0.12201428571428573,0.18963333333333332,0.19074761904761905,0.17406666666666668,0.24387428571428577,0.2452685714285714,0.2511285714285714,0.2592542857142857,0.26028,0.26128285714285715,0.26508000000000004,0.2634314285714286,0.2678828571428572,0.25594857142857147,0.25095999999999996,0.24943428571428572,0.2856342857142857,0.28006285714285717,0.27913714285714286,0.22555714285714287,0.23512285714285713,0.24476,0.23985428571428571,0.23924285714285717,0.25836571428571425,0.25124,0.24542571428571427,0.24019428571428572,0.23698571428571427,0.24592,0.2447571428571429,0.23946285714285714,0.23897428571428572,0.25172285714285714,0.29436020408163266,0.2932744897959184,0.2906744897959183,0.29092448979591834,0.2898448979591837,0.29425,0.2957316326530612,0.2968183673469388,0.29749591836734696,0.2919397959183674,0.28854897959183673,0.2887275510204081,0.31014081632653057,0.31268469387755105,0.2996244897959183,0.35427619047619047,0.3612547619047619,0.3588333333333334,0.3593523809523809,0.3596285714285714,0.3643,0.36308333333333337,0.3647809523809524,0.3682642857142857,0.36772619047619054,0.36543333333333333,0.36316428571428566,0.37134761904761904,0.3659880952380952,0.36502619047619045,0.23177687074829936,0.23432585034013603,0.23442108843537415,0.23600952380952384,0.23611632653061224,0.24147551020408164,0.23738571428571426,0.23499931972789112,0.23259863945578235,0.23358027210884358,0.23385782312925174,0.2376278911564626,0.23469659863945572,0.2314204081632653,0.2393619047619048,Male,23,Adult,Adult,C,C,mms16m23_250Hz_gu2_AEP.conn
EES23F24,ees23f24_250Hz_gu2_AEP.conn,gu2,0.22183333333333333,0.23504761904761903,0.2340047619047619,0.23185714285714284,0.22905714285714285,0.22650952380952383,0.2285142857142857,0.2259238095238095,0.21874285714285713,0.23594285714285715,0.23679999999999998,0.23789523809523813,0.2773904761904762,0.2789190476190476,0.27756190476190473,0.32798285714285713,0.3359971428571429,0.33966571428571435,0.34399714285714283,0.34345142857142863,0.35371142857142857,0.3509542857142858,0.3493742857142857,0.3382428571428572,0.33799714285714283,0.34177714285714283,0.34391999999999995,0.3734314285714286,0.37026285714285717,0.3651885714285715,0.27825714285714287,0.28226,0.27246,0.2673885714285714,0.27078285714285716,0.26664857142857146,0.26864000000000005,0.27702857142857146,0.2728628571428572,0.28160285714285715,0.27692571428571433,0.26552285714285717,0.2589742857142857,0.2718971428571429,0.2809142857142857,0.33701326530612247,0.3336867346938775,0.3294428571428572,0.32746632653061225,0.3261969387755102,0.33650816326530614,0.3353857142857143,0.33440612244897966,0.33371734693877547,0.33455102040816326,0.3312642857142857,0.327876530612245,0.3497275510204082,0.3491673469387755,0.3448132653061225,0.3668190476190476,0.36845476190476195,0.3768023809523809,0.3849142857142857,0.38976190476190475,0.37258809523809533,0.37168571428571423,0.3783880952380953,0.38710714285714287,0.3715785714285715,0.3776809523809524,0.3865833333333333,0.3765071428571429,0.38234285714285715,0.37695714285714277,0.23894829931972789,0.23817346938775513,0.23514421768707483,0.2343190476190476,0.23571020408163262,0.2289625850340136,0.23269523809523807,0.23319727891156466,0.23195510204081626,0.24012857142857139,0.235234693877551,0.23447619047619045,0.2361530612244898,0.2363482993197279,0.2389299319727891,Female,24,Adult,Adult,E,NC,ees23f24_250Hz_gu2_AEP.conn
MMS07F25A,mms07f25A_250Hz_gu2_AEP.conn,gu2,0.22808095238095238,0.21966666666666668,0.21830000000000002,0.2311761904761905,0.2411428571428572,0.2331190476190476,0.23737142857142857,0.22592857142857145,0.22603809523809523,0.2248619047619048,0.21886666666666668,0.22924761904761903,0.3009904761904762,0.2912952380952381,0.2931285714285714,0.32672,0.33514571428571427,0.3415657142857143,0.3483685714285714,0.34549714285714284,0.33586285714285713,0.34092285714285714,0.34748,0.3469285714285714,0.34312571428571426,0.34505714285714284,0.3420314285714286,0.36158,0.36768285714285714,0.3704228571428572,0.27458,0.27238285714285715,0.27569714285714286,0.28101428571428577,0.28564,0.26620285714285713,0.26901428571428576,0.28026571428571423,0.27939428571428576,0.27208,0.2735542857142857,0.27296571428571426,0.2610485714285714,0.26898857142857147,0.26825714285714286,0.21639897959183668,0.2153377551020408,0.21294693877551021,0.2119285714285714,0.21331224489795925,0.21780408163265305,0.22244387755102044,0.22235510204081635,0.2205255102040816,0.2123908163265306,0.21257959183673472,0.21105204081632656,0.23651326530612243,0.23810204081632652,0.23117244897959183,0.29210238095238095,0.29788571428571425,0.29883809523809524,0.29805714285714285,0.29361190476190474,0.30683571428571427,0.3076595238095238,0.30839047619047616,0.3059714285714286,0.2973523809523809,0.2996071428571429,0.2993714285714285,0.30442380952380954,0.30223809523809525,0.29555238095238096,0.22168707482993194,0.22239455782312928,0.22272993197278912,0.22364285714285717,0.22595850340136053,0.22305986394557825,0.22260544217687067,0.22519863945578233,0.2273272108843537,0.2228503401360544,0.22437278911564626,0.2244108843537415,0.22079047619047618,0.22047823129251698,0.23351768707482998,Female,25,Adult,Adult,C,C,mms07f25A_250Hz_gu2_AEP.conn
EES11M35,ees11m35_250Hz_gu2_AEP.conn,gu2,0.251047619047619,0.23822857142857146,0.22893333333333335,0.22134761904761904,0.21162380952380955,0.22876666666666667,0.23640000000000003,0.24215714285714288,0.23340952380952382,0.2312571428571429,0.21924761904761905,0.2127285714285714,0.27005238095238093,0.27616666666666667,0.2620952380952381,0.35975428571428575,0.3473657142857143,0.34142571428571433,0.3333857142857143,0.3339657142857143,0.34590571428571426,0.3414628571428572,0.33756285714285716,0.3359971428571429,0.3448771428571429,0.33705714285714283,0.3271371428571429,0.36737142857142857,0.3593285714285714,0.36708857142857143,0.28450857142857144,0.2892857142857143,0.28676571428571423,0.2766057142857143,0.2675457142857143,0.2763,0.27322,0.2705257142857143,0.26883714285714283,0.2859028571428571,0.28554285714285715,0.28012857142857145,0.26428571428571423,0.2602257142857143,0.2698228571428571,0.314873469387755,0.311773469387755,0.30915408163265307,0.3088428571428571,0.31105612244897957,0.3203489795918367,0.3218357142857143,0.3193316326530612,0.31623979591836743,0.3039377551020408,0.3044581632653061,0.30827244897959183,0.3397071428571429,0.3362887755102041,0.3216551020408163,0.3754285714285714,0.3735190476190476,0.37054047619047625,0.3590642857142858,0.3558023809523809,0.3627238095238095,0.3726261904761905,0.3839666666666666,0.3825595238095238,0.37647857142857144,0.3742452380952381,0.36650476190476194,0.371852380952381,0.3694142857142857,0.36809285714285717,0.2585469387755102,0.25916326530612244,0.2576850340136054,0.25933945578231293,0.2603979591836734,0.26378299319727894,0.26525374149659864,0.264978231292517,0.2646510204081633,0.2577401360544217,0.25598571428571426,0.25885102040816327,0.2572632653061224,0.25799387755102043,0.2576238095238096,Male,35,Adult,Adult,E,NC,ees11m35_250Hz_gu2_AEP.conn
EES08M41,ees08m41_250Hz_gu2_AEP.conn,gu2,0.3201809523809524,0.31932380952380957,0.32046666666666673,0.3174142857142857,0.31583333333333335,0.3190523809523809,0.31497619047619047,0.3200095238095238,0.31963809523809533,0.3203047619047619,0.3191380952380953,0.31700952380952385,0.3762476190476191,0.3733761904761905,0.36761428571428567,0.4161885714285714,0.41965714285714284,0.42462285714285714,0.4311257142857142,0.43069428571428575,0.41696285714285714,0.4222971428571429,0.4292771428571428,0.44035142857142856,0.41579714285714287,0.4233657142857144,0.4325971428571429,0.4596971428571428,0.4637828571428571,0.43226571428571425,0.2860742857142857,0.29606,0.3067771428571428,0.3074171428571429,0.30728857142857147,0.3024314285714286,0.30675714285714284,0.30894857142857146,0.3120171428571429,0.2941314285714286,0.30254,0.3060342857142857,0.30509714285714284,0.30742571428571425,0.29897142857142855,0.2816091836734694,0.28359081632653066,0.28339591836734696,0.27910816326530613,0.27408877551020405,0.2886734693877551,0.28761428571428566,0.289034693877551,0.2893071428571429,0.28560918367346944,0.286234693877551,0.28312040816326534,0.3076877551020408,0.30587448979591836,0.30557346938775515,0.3811333333333333,0.3732357142857143,0.3707404761904762,0.37326190476190474,0.375097619047619,0.3795119047619047,0.3823595238095238,0.3846166666666666,0.38130238095238095,0.3815952380952381,0.38194047619047616,0.3811047619047619,0.385102380952381,0.38589761904761904,0.38389761904761904,0.30356870748299314,0.30436122448979597,0.3040748299319728,0.2994836734693878,0.29583673469387756,0.30644693877551027,0.3083612244897959,0.3057068027210884,0.3028061224489796,0.3035285714285714,0.3043020408163266,0.2987918367346939,0.3101414965986395,0.30843877551020404,0.3079353741496598,Male,41,Adult,Adult,E,NC,ees08m41_250Hz_gu2_AEP.conn
MMS06M22,mms06m22_250Hz_gu2_AEP.conn,gu2,0.21020476190476187,0.20300952380952383,0.19265238095238094,0.18527619047619048,0.18146190476190474,0.14972857142857143,0.15744285714285713,0.16792857142857143,0.16776190476190478,0.1953952380952381,0.18804761904761905,0.17613333333333334,0.2100333333333333,0.2190761904761905,0.23367619047619048,0.27643142857142855,0.26428285714285715,0.25309714285714285,0.24788571428571432,0.2509057142857143,0.2511771428571429,0.2562428571428571,0.25926285714285713,0.2620371428571429,0.25946285714285716,0.24656571428571428,0.2425685714285714,0.28019714285714287,0.28199714285714284,0.2668542857142857,0.22332285714285716,0.22245428571428572,0.21490285714285715,0.20277714285714285,0.19325428571428574,0.20159714285714286,0.19483428571428574,0.1954885714285714,0.19159142857142855,0.2146342857142857,0.20578857142857143,0.1924142857142857,0.19153142857142855,0.1905,0.1880314285714286,0.2907071428571429,0.28574795918367346,0.2814306122448979,0.2806102040816326,0.28450408163265306,0.2917612244897959,0.29400306122448977,0.29434285714285713,0.29276938775510203,0.2941173469387755,0.29136530612244904,0.28722244897959187,0.31298265306122447,0.3126714285714286,0.3112928571428571,0.343702380952381,0.34597857142857147,0.34931428571428574,0.3489595238095237,0.344052380952381,0.34559523809523807,0.3474142857142857,0.3453238095238094,0.34612380952380956,0.34152619047619054,0.3444809523809524,0.3466452380952381,0.34632619047619045,0.34215476190476196,0.33610238095238104,0.22197891156462587,0.22510204081632657,0.22198027210884355,0.21949727891156462,0.21988911564625854,0.22165850340136053,0.2245258503401361,0.22474149659863948,0.2234136054421769,0.22351156462585037,0.2192938775510204,0.2174666666666667,0.21984217687074828,0.2207061224489796,0.22135442176870748,Male,22,Adult,Tertiary,C,C,mms06m22_250Hz_gu2_AEP.conn
EES16F34,EES16f34_250Hz_gu2_AEP.conn,gu2,0.2597857142857143,0.25606666666666666,0.2550095238095238,0.2595047619047619,0.27455238095238094,0.28361428571428576,0.27495714285714284,0.27603809523809525,0.28105238095238094,0.25556190476190477,0.2602666666666667,0.2689238095238095,0.3218476190476191,0.3164142857142857,0.317547619047619,0.39161999999999997,0.39236571428571426,0.39750571428571424,0.3909771428571429,0.38726857142857146,0.4140657142857142,0.4203342857142857,0.42103714285714283,0.4158485714285714,0.39774857142857145,0.40481999999999996,0.39739142857142856,0.43955714285714287,0.44086,0.43617142857142854,0.3953628571428571,0.39283714285714283,0.39623428571428565,0.38925714285714286,0.38602285714285717,0.40463714285714286,0.40934857142857145,0.4071714285714285,0.40304571428571434,0.39334,0.39354285714285714,0.38554571428571427,0.39702,0.39337714285714287,0.3792142857142857,0.35915714285714284,0.3593306122448979,0.36495510204081627,0.3688765306122449,0.36987346938775506,0.3669632653061225,0.36483673469387756,0.3609551020408163,0.35649693877551025,0.36358265306122445,0.36672959183673465,0.36600714285714286,0.37284693877551023,0.36957040816326525,0.3741448979591837,0.4835809523809524,0.4818476190476191,0.4837142857142856,0.48420476190476186,0.4833404761904762,0.48516666666666675,0.4976619047619048,0.5014595238095237,0.4936023809523809,0.48414047619047623,0.4886404761904762,0.4878119047619047,0.49312142857142865,0.4785690476190476,0.47934523809523805,0.35132176870748294,0.3557823129251701,0.35527346938775517,0.35426870748299316,0.35250612244897955,0.35579047619047616,0.35495374149659864,0.35706870748299313,0.35929659863945573,0.35827551020408166,0.3585326530612245,0.358591156462585,0.35371564625850344,0.3548598639455782,0.3590204081632653,Female,34,Adult,Adult,E,NC,EES16f34_250Hz_gu2_AEP.conn
R16S12G8,R16S12g8_info1_250Hz_gu2_AEP.conn,gu2,0.2981904761904762,0.2947190476190476,0.3025380952380953,0.3065428571428571,0.29312380952380956,0.3142,0.31601904761904764,0.32039047619047617,0.31255714285714287,0.2883333333333333,0.2950238095238095,0.30425238095238094,0.3835523809523809,0.3839380952380953,0.3224238095238095,0.39645714285714284,0.39656857142857144,0.39019714285714285,0.3827999999999999,0.3789457142857143,0.4024457142857143,0.40508,0.40094571428571424,0.38586,0.38494857142857136,0.3830828571428571,0.3801685714285714,0.44318857142857143,0.4381228571428572,0.4068542857142857,0.34053999999999995,0.3334457142857143,0.3348685714285714,0.33722571428571435,0.3364257142857142,0.3391142857142857,0.34439142857142857,0.3485457142857143,0.3506114285714286,0.33278857142857143,0.3329428571428571,0.33434,0.35087714285714283,0.3543742857142857,0.3301342857142857,0.39276734693877546,0.38934387755102035,0.39150510204081634,0.3946826530612245,0.3975346938775511,0.4030510204081633,0.3979704081632653,0.39745102040816327,0.4005612244897959,0.38575,0.3878663265306122,0.39473979591836733,0.4074622448979592,0.40729081632653064,0.3974316326530612,0.40419761904761903,0.3993142857142857,0.3996071428571428,0.4054595238095238,0.4055095238095238,0.41026904761904764,0.4031714285714285,0.41126666666666667,0.41836190476190477,0.39540714285714285,0.3972047619047619,0.40369285714285713,0.4139928571428571,0.4193,0.41345238095238096,0.290060544217687,0.292108843537415,0.294195918367347,0.2966455782312925,0.300247619047619,0.3100013605442178,0.30693333333333334,0.3076544217687075,0.30296394557823125,0.2930170068027211,0.29439727891156464,0.2969319727891156,0.3085265306122449,0.3103551020408164,0.3029136054421769,Female,8,8-12,Elementary,S,NC,R16S12g8_info1_250Hz_gu2_AEP.conn
R16A06G10,R16A06g10_info1_250Hz_gu2_AEP.conn,gu2,0.2647761904761905,0.26575238095238096,0.269152380952381,0.2565,0.2545904761904762,0.2677333333333333,0.2575476190476191,0.25078571428571433,0.25666666666666665,0.27595238095238095,0.2812857142857143,0.27127619047619045,0.3229095238095238,0.31909523809523804,0.3544285714285715,0.37323714285714277,0.3599857142857143,0.35510571428571425,0.3629542857142857,0.36188571428571426,0.35309428571428575,0.34366,0.3464085714285714,0.35927428571428566,0.36237142857142857,0.35433142857142863,0.3576114285714286,0.37586285714285717,0.38526285714285713,0.39059428571428567,0.3164,0.31067714285714293,0.30978000000000006,0.30282285714285717,0.3003142857142857,0.2900457142857143,0.2904771428571428,0.2988657142857143,0.3049514285714286,0.31657428571428575,0.31560285714285713,0.3064085714285715,0.2850714285714286,0.2835914285714286,0.31235999999999997,0.34932346938775505,0.3542010204081633,0.3550112244897959,0.3590142857142857,0.3615142857142857,0.3457938775510204,0.350769387755102,0.3564030612244898,0.35538061224489803,0.3543071428571429,0.3579775510204081,0.36024285714285714,0.3716724489795919,0.37785510204081635,0.3737112244897959,0.3893642857142858,0.3898333333333334,0.39037380952380957,0.3933452380952381,0.40057380952380955,0.38976190476190475,0.3889619047619048,0.3796333333333333,0.36493095238095236,0.388052380952381,0.38940714285714284,0.39467142857142856,0.3900166666666667,0.3899619047619048,0.39246190476190473,0.31407142857142856,0.3125639455782312,0.3095448979591836,0.3074142857142858,0.31174489795918375,0.3097809523809523,0.3141238095238095,0.3113544217687075,0.307643537414966,0.31071768707482994,0.3111006802721088,0.3104877551020409,0.30953129251700673,0.30535510204081634,0.31223809523809526,Female,10,8-12,Elementary,A,NC,R16A06g10_info1_250Hz_gu2_AEP.conn
R16E20B4,R16E20b4_info1_250Hz_gu2_AEP.conn,gu2,0.3411428571428572,0.3383619047619048,0.3349571428571429,0.3282809523809524,0.31939523809523807,0.3140238095238095,0.30925714285714284,0.3038809523809524,0.3056904761904762,0.3302714285714286,0.3247238095238096,0.3168761904761905,0.3442571428571428,0.3481285714285714,0.3548952380952381,0.4169257142857143,0.41699714285714296,0.4194800000000001,0.4207457142857143,0.4124199999999999,0.40922285714285717,0.40711714285714284,0.4013228571428571,0.4017457142857143,0.41936,0.4191371428571428,0.41712285714285713,0.4338971428571428,0.4334371428571428,0.44414,0.3719228571428571,0.37617142857142855,0.3784428571428572,0.3857857142857143,0.37949714285714287,0.38080857142857133,0.37757142857142856,0.3752885714285714,0.3758514285714286,0.3820314285714286,0.3807057142857143,0.3863657142857143,0.3675457142857143,0.37448857142857145,0.3859828571428571,0.38529387755102046,0.38480306122448976,0.38987244897959183,0.39987040816326525,0.4040336734693876,0.4034397959183673,0.40792857142857153,0.40916938775510203,0.40627755102040813,0.39311224489795926,0.39674183673469393,0.40682346938775504,0.4306112244897959,0.4282428571428571,0.41769489795918363,0.4538142857142857,0.45325476190476194,0.4604000000000001,0.46170714285714287,0.46749285714285715,0.4646738095238095,0.4619428571428572,0.46194285714285716,0.46459999999999996,0.45249523809523806,0.4559547619047619,0.4562523809523809,0.46748809523809526,0.47300952380952377,0.44806428571428564,0.3971142857142857,0.3947482993197279,0.39215306122448984,0.3936442176870748,0.3966775510204082,0.3946965986394558,0.3931918367346938,0.3963503401360544,0.3979251700680272,0.3907312925170069,0.3876802721088435,0.3917775510204083,0.39445850340136057,0.39632448979591844,0.3887340136054422,Male,4,5-7,Elementary,E,NC,R16E20b4_info1_250Hz_gu2_AEP.conn
R16BF06G8,R16BF06g8_info1_250Hz_gu2_AEP.conn,gu2,0.3786095238095239,0.3757142857142857,0.38075238095238095,0.3846619047619048,0.3820047619047619,0.39643809523809526,0.3928047619047619,0.3836095238095238,0.3772904761904761,0.3654952380952381,0.36566666666666664,0.3763666666666667,0.4142619047619047,0.41178571428571425,0.3809619047619048,0.41913999999999996,0.42260285714285717,0.4269228571428571,0.42265428571428576,0.41318857142857146,0.43192,0.4341342857142857,0.4316314285714286,0.4263285714285715,0.41237428571428564,0.41668000000000005,0.41451142857142864,0.44645142857142855,0.44654285714285713,0.4263342857142858,0.42552857142857137,0.4305828571428571,0.4300228571428571,0.4152628571428571,0.4103514285714286,0.4244714285714286,0.41845142857142853,0.41374571428571427,0.4102028571428571,0.4256485714285715,0.42481714285714284,0.4064285714285714,0.41290000000000004,0.4139885714285715,0.4178285714285714,0.4453959183673469,0.4442,0.44385408163265305,0.4419071428571429,0.4428591836734693,0.4431183673469387,0.4463112244897959,0.4510663265306123,0.45044183673469396,0.4484102040816326,0.4453897959183673,0.4439377551020408,0.4615244897959184,0.4682112244897959,0.4596051020408162,0.5369595238095238,0.5395523809523809,0.537902380952381,0.5355190476190477,0.5356142857142858,0.5375976190476192,0.5431761904761905,0.539852380952381,0.5300285714285714,0.5341690476190477,0.5281690476190476,0.5287714285714286,0.5511214285714287,0.5400214285714285,0.5171666666666667,0.4538816326530612,0.46122312925170067,0.46503333333333335,0.46776054421768704,0.46274421768707485,0.4531414965986394,0.45253673469387756,0.4508176870748299,0.44441496598639463,0.4629183673469388,0.46315986394557823,0.4647013605442177,0.44348707482993194,0.4406408163265307,0.45695714285714284,Female,8,8-12,Elementary,S,NC,R16BF06g8_info1_250Hz_gu2_AEP.conn
R16S08G10,R16S08g10_info1_250Hz_gu2_AEP.conn,gu2,0.22797142857142857,0.23812857142857147,0.25356666666666666,0.2745666666666667,0.2689,0.2118,0.21815238095238096,0.2372,0.22179047619047618,0.24540952380952383,0.2616,0.2749809523809524,0.2772666666666667,0.2775619047619048,0.28871904761904765,0.33482857142857136,0.3204828571428572,0.30606857142857147,0.30873142857142855,0.30494285714285707,0.32681714285714286,0.3218885714285714,0.3108228571428572,0.29280285714285714,0.3341114285714285,0.3290057142857143,0.32774000000000003,0.34164000000000005,0.3319742857142857,0.36841428571428575,0.2801314285714286,0.27146857142857145,0.2612371428571429,0.2631057142857143,0.27351999999999993,0.25693142857142853,0.2555428571428571,0.2590742857142857,0.2650799999999999,0.2823742857142857,0.27645714285714285,0.2709057142857143,0.27340285714285717,0.2739028571428571,0.2916057142857143,0.28890918367346935,0.28715510204081623,0.29334489795918367,0.29672755102040815,0.2944061224489796,0.29904591836734695,0.3053367346938775,0.3052122448979592,0.2953948979591837,0.28708367346938773,0.2905153061224489,0.29630918367346937,0.3070214285714286,0.3101244897959184,0.3060867346938775,0.37617619047619044,0.35640000000000005,0.3374333333333333,0.3490452380952381,0.36338571428571426,0.38807857142857144,0.38533809523809515,0.3844452380952381,0.37910952380952384,0.36736904761904765,0.35278571428571426,0.36158571428571423,0.3740023809523809,0.3685666666666667,0.3713976190476191,0.30912789115646255,0.3084802721088436,0.30854489795918366,0.30812517006802714,0.3156612244897959,0.33024149659863944,0.32721904761904763,0.3219285714285714,0.3185993197278912,0.3141938775510204,0.31667074829931974,0.3181088435374149,0.31897959183673463,0.31354489795918367,0.319526530612245,Female,10,8-12,Elementary,S,NC,R16S08g10_info1_250Hz_gu2_AEP.conn
R16S07B8,R16S07b8_info1_250Hz_gu2_AEP.conn,gu2,0.22944285714285714,0.22251904761904764,0.2168238095238095,0.22490000000000002,0.24326666666666671,0.26491904761904767,0.2548714285714286,0.2538809523809524,0.26093333333333335,0.23999523809523807,0.2436,0.24973333333333336,0.33047619047619053,0.32905238095238093,0.33508095238095237,0.3347657142857142,0.3306085714285715,0.33367142857142856,0.33141999999999994,0.3369285714285714,0.34916285714285716,0.3499771428571428,0.35831428571428575,0.3465314285714286,0.32060857142857146,0.32808285714285707,0.3285571428571428,0.3628457142857143,0.37377142857142853,0.3557914285714286,0.29977428571428566,0.30564571428571424,0.3121885714285715,0.3196485714285714,0.31218571428571434,0.3025428571428571,0.3016,0.3143742857142857,0.30681428571428576,0.3005628571428572,0.3043,0.30844285714285713,0.2969257142857143,0.30838,0.2940971428571429,0.42084183673469383,0.41918061224489805,0.4187642857142858,0.419134693877551,0.414915306122449,0.4164051020408163,0.4114969387755102,0.408734693877551,0.4115183673469388,0.42622959183673464,0.42678877551020405,0.42577551020408155,0.44023775510204083,0.4361244897959184,0.4396163265306123,0.4980047619047619,0.4990428571428571,0.4945380952380953,0.4870190476190477,0.47381190476190477,0.4768666666666667,0.4728309523809524,0.47949761904761906,0.4881857142857143,0.4990142857142857,0.4991571428571429,0.4933404761904761,0.4837214285714286,0.48371904761904766,0.4868642857142857,0.31273401360544223,0.31594489795918357,0.3235,0.32776462585034016,0.33104217687074833,0.3278891156462585,0.3361809523809524,0.34028435374149657,0.3410931972789116,0.3195190476190476,0.3254401360544218,0.33241224489795923,0.3315945578231293,0.33540068027210873,0.322234693877551,Male,8,8-12,Elementary,S,NC,R16S07b8_info1_250Hz_gu2_AEP.conn
R16S18G10,R16S18g10_info1_250Hz_gu2_AEP.conn,gu2,0.30511428571428567,0.3129,0.311352380952381,0.30062857142857147,0.28952380952380957,0.30464761904761906,0.30292380952380954,0.30052380952380947,0.29394761904761907,0.2914285714285714,0.2928095238095238,0.2928,0.34479523809523815,0.3378285714285714,0.32166190476190476,0.3591742857142857,0.3579485714285714,0.3521457142857143,0.3483828571428572,0.3421971428571429,0.3633657142857143,0.35892,0.35214285714285715,0.3536485714285714,0.35312857142857146,0.34794,0.34371999999999997,0.3921571428571429,0.3835828571428571,0.3648428571428572,0.27505999999999997,0.2712028571428572,0.26561142857142855,0.26351142857142856,0.2719314285714286,0.26775999999999994,0.2655171428571429,0.2648285714285715,0.27026285714285714,0.26959999999999995,0.2654857142857143,0.2680457142857143,0.27247428571428567,0.2684857142857143,0.2751171428571429,0.34489897959183674,0.34235,0.33863469387755096,0.3365775510204081,0.3402826530612245,0.35165408163265305,0.34859897959183667,0.3449081632653061,0.34794897959183674,0.3419653061224491,0.3385704081632653,0.3401244897959183,0.36239897959183676,0.35799387755102036,0.35498469387755105,0.40029999999999993,0.3882238095238095,0.38980476190476193,0.3932047619047619,0.3940119047619047,0.41420714285714283,0.4036261904761904,0.4000619047619048,0.39500714285714283,0.3898166666666667,0.3882285714285714,0.3860642857142857,0.40147142857142853,0.3903690476190476,0.3871357142857143,0.2698469387755102,0.26855034013605444,0.2685061224489796,0.26932108843537417,0.2718455782312925,0.28172653061224484,0.28424217687074826,0.28299319727891153,0.27902108843537415,0.2715945578231292,0.2709231292517006,0.2694877551020408,0.2854598639455782,0.28036938775510206,0.280756462585034,Female,10,8-12,Elementary,S,NC,R16S18g10_info1_250Hz_gu2_AEP.conn
R16L01SY06,R16L01sy06_info1_250Hz_gu2_AEP.conn,gu2,0.24341428571428572,0.25602857142857144,0.26316666666666666,0.27309047619047616,0.2739761904761905,0.2536380952380952,0.2504047619047619,0.2690285714285714,0.2801142857142857,0.24736190476190476,0.25582857142857146,0.26692857142857146,0.32200000000000006,0.33681428571428573,0.3023857142857143,0.31406,0.32150285714285715,0.32895714285714284,0.3319542857142857,0.32782571428571433,0.30816857142857146,0.30641428571428575,0.31830857142857144,0.31869142857142857,0.3237885714285714,0.3341714285714286,0.33215428571428574,0.3381628571428571,0.34537142857142855,0.34817428571428577,0.2978057142857143,0.28336571428571433,0.28510857142857143,0.2897142857142857,0.2892342857142857,0.2881228571428571,0.2903714285714286,0.2939428571428571,0.30221714285714285,0.2931057142857143,0.29182,0.29858,0.2915371428571429,0.2914428571428571,0.30648285714285717,0.39196224489795917,0.3875877551020408,0.390334693877551,0.39557857142857145,0.40052040816326534,0.4033051020408163,0.4056367346938776,0.40797346938775514,0.4137,0.3866071428571428,0.3893377551020408,0.39413367346938777,0.41524999999999995,0.4152755102040816,0.4134806122448979,0.4820404761904762,0.483497619047619,0.48360000000000003,0.4777642857142857,0.4747047619047619,0.49454047619047614,0.4950714285714286,0.49784047619047617,0.49834285714285714,0.4777738095238095,0.47746428571428573,0.47085238095238097,0.5010357142857143,0.4945952380952381,0.4731452380952381,0.36666734693877556,0.36331020408163267,0.3643585034013606,0.36981224489795916,0.3691231292517007,0.37256326530612244,0.3733108843537415,0.3741387755102041,0.3732054421768708,0.3603272108843537,0.3635299319727891,0.36952040816326537,0.3701632653061224,0.3722578231292517,0.3608537414965986,Female,6,5-7,Elementary,S,NC,R16L01sy06_info1_250Hz_gu2_AEP.conn
R16S21B8,R16S21b8_info1_250Hz_gu2_AEP.conn,gu2,0.22092380952380952,0.22137142857142855,0.23350476190476188,0.23936190476190475,0.23362857142857144,0.2258809523809524,0.22664285714285715,0.21945714285714288,0.21662857142857142,0.21569047619047618,0.23045714285714283,0.2366238095238095,0.28044761904761906,0.27008571428571426,0.29220952380952386,0.3258371428571428,0.32472857142857137,0.32832285714285714,0.32977142857142855,0.3294742857142857,0.33856857142857144,0.32618571428571425,0.3243028571428571,0.3385571428571429,0.32890571428571425,0.3305314285714286,0.3251571428571429,0.34971714285714284,0.34183714285714284,0.3623685714285715,0.30560571428571426,0.2979,0.30454571428571425,0.31636857142857144,0.3218057142857143,0.31385142857142856,0.31829999999999997,0.3174542857142857,0.31414,0.29946285714285714,0.3059485714285714,0.3127742857142858,0.32708,0.32880857142857145,0.3178971428571428,0.3497928571428572,0.352854081632653,0.35413265306122454,0.3498163265306123,0.3460520408163265,0.33543571428571434,0.33131020408163264,0.33255204081632656,0.3365469387755102,0.3539632653061225,0.35651734693877557,0.35467857142857145,0.3593010204081632,0.36273469387755103,0.37361428571428573,0.39237380952380946,0.3806119047619047,0.3724928571428572,0.3779285714285714,0.3939809523809523,0.40104047619047617,0.39680714285714286,0.38779047619047624,0.3857547619047619,0.39037380952380957,0.38256428571428575,0.3838404761904762,0.3980261904761904,0.38806904761904765,0.3891595238095238,0.27945714285714285,0.2765006802721089,0.27446870748299323,0.27445714285714284,0.27648163265306125,0.2886088435374149,0.2921190476190476,0.29208911564625856,0.29208707482993196,0.2853428571428572,0.2851006802721089,0.2819938775510204,0.28707687074829935,0.2885551020408163,0.294147619047619,Male,8,8-12,Elementary,S,NC,R16S21b8_info1_250Hz_gu2_AEP.conn
R16S19B10,R16S19b10_info1_250Hz_gu2_AEP.conn,gu2,0.2569,0.26248571428571427,0.2705190476190476,0.27792857142857147,0.2885142857142857,0.2490809523809524,0.248352380952381,0.24362380952380955,0.24443809523809526,0.27499999999999997,0.2918,0.2994333333333334,0.27063333333333334,0.27231904761904757,0.33593809523809526,0.3300828571428571,0.32903714285714286,0.33671714285714294,0.32864,0.3237257142857143,0.33901142857142863,0.32270000000000004,0.3202514285714285,0.32800285714285715,0.3256657142857143,0.3360285714285714,0.3321257142857143,0.34332571428571435,0.34822000000000003,0.36679428571428574,0.34017142857142857,0.3341885714285714,0.32519428571428566,0.3197114285714286,0.31814,0.3271428571428571,0.32693714285714287,0.31943428571428567,0.31754857142857146,0.32624571428571436,0.31639999999999996,0.30870571428571425,0.3317399999999999,0.3243142857142857,0.32820285714285713,0.3860642857142857,0.38790204081632645,0.3878132653061224,0.39255918367346937,0.39545102040816316,0.4045061224489796,0.39881428571428573,0.3983091836734695,0.39781224489795924,0.39461632653061224,0.3914295918367347,0.39590612244897955,0.4150938775510204,0.41648877551020413,0.4115438775510204,0.5028261904761905,0.5073666666666666,0.5071880952380953,0.5179047619047619,0.5263190476190476,0.5129095238095237,0.507742857142857,0.5183857142857143,0.51815,0.5102547619047618,0.5112952380952381,0.5220476190476191,0.5141309523809524,0.5218547619047619,0.5288714285714285,0.3111346938775511,0.3139047619047619,0.3132074829931973,0.31102176870748305,0.31325238095238095,0.3173836734693878,0.31798639455782307,0.3154972789115647,0.3128265306122448,0.31717687074829926,0.3153972789115646,0.31314489795918365,0.31769387755102035,0.3146163265306123,0.3248748299319728,Male,10,8-12,Elementary,S,NC,R16S19b10_info1_250Hz_gu2_AEP.conn
R16A01BY08,R16A01by08_info1_250Hz_gu2_AEP.conn,gu2,0.3225476190476191,0.31851904761904765,0.3077095238095238,0.29731904761904765,0.2975380952380952,0.3330190476190476,0.34424285714285713,0.3147714285714286,0.29854285714285717,0.32234761904761905,0.3164,0.31512380952380953,0.39093809523809525,0.3748190476190476,0.36332380952380955,0.3988771428571429,0.4039314285714286,0.4127914285714286,0.42011142857142864,0.4213971428571428,0.41456857142857134,0.40881428571428574,0.41192285714285715,0.41089142857142863,0.4142857142857143,0.42013999999999996,0.43105142857142853,0.4327514285714285,0.4332114285714286,0.43886571428571425,0.2914771428571429,0.28486571428571433,0.2843714285714286,0.28652285714285713,0.2943942857142857,0.29167714285714286,0.30990285714285715,0.3265257142857143,0.31610285714285713,0.29114,0.29401714285714287,0.2929885714285715,0.32472571428571434,0.32960571428571434,0.31904,0.35822346938775507,0.36124795918367353,0.36230102040816325,0.36379285714285714,0.3648173469387755,0.37060510204081637,0.37297346938775505,0.3768673469387756,0.376254081632653,0.37272244897959184,0.37455,0.37185612244897953,0.38469591836734696,0.38980612244897966,0.39378877551020397,0.4624904761904762,0.46037619047619044,0.460552380952381,0.4651690476190477,0.46548809523809526,0.5072380952380952,0.5006357142857143,0.49501190476190476,0.48438571428571436,0.46651904761904767,0.46743571428571434,0.4754785714285714,0.49850952380952385,0.4823261904761906,0.4588714285714286,0.3544687074829932,0.3528401360544218,0.3536170068027211,0.35488027210884365,0.36011904761904756,0.37182993197278913,0.3682959183673469,0.3625319727891156,0.35832517006802717,0.3577278911564626,0.3591115646258503,0.3602897959183673,0.35910340136054425,0.3542530612244897,0.36223877551020406,Female,8,8-12,Elementary,A,NC,R16A01by08_info1_250Hz_gu2_AEP.conn
R16E09G10,R16E09g10_info1_250Hz_gu2_AEP.conn,gu2,0.28422857142857144,0.27454285714285714,0.2739714285714286,0.27745238095238095,0.2880142857142857,0.32734761904761905,0.3061666666666667,0.29753809523809527,0.3007571428571429,0.2686476190476191,0.2752333333333334,0.2822238095238095,0.36034285714285713,0.3516142857142857,0.30997619047619046,0.4316342857142857,0.4233657142857143,0.41322285714285717,0.4033914285714286,0.3983771428571429,0.4264228571428572,0.4238885714285715,0.4177485714285714,0.4233371428571428,0.4180771428571429,0.4135228571428572,0.40809428571428574,0.45383142857142855,0.4470057142857143,0.4413628571428571,0.35494285714285717,0.3478028571428572,0.33110285714285714,0.31626000000000004,0.31716,0.3674314285714285,0.3614828571428571,0.3519971428571428,0.3452314285714286,0.35637428571428564,0.34126285714285715,0.3239971428571428,0.35013428571428573,0.34793142857142845,0.33868,0.40466734693877554,0.4051928571428572,0.40477448979591835,0.40226734693877547,0.39906122448979586,0.3986683673469388,0.4001428571428571,0.39735408163265307,0.3943377551020408,0.40376734693877553,0.4072704081632653,0.40337551020408163,0.4129469387755102,0.4121173469387756,0.420208163265306,0.46237619047619044,0.46727142857142856,0.46753571428571433,0.47077857142857144,0.47531190476190477,0.4765071428571428,0.48505000000000004,0.48788571428571426,0.49191904761904764,0.4655761904761904,0.4663190476190476,0.47206428571428566,0.48641428571428574,0.4709357142857143,0.46279047619047625,0.3239965986394558,0.3189503401360545,0.3139414965986395,0.3128462585034015,0.3159571428571428,0.3168292517006802,0.31448367346938777,0.31487006802721096,0.315112925170068,0.3161775510204081,0.310925850340136,0.3088251700680272,0.3087006802721088,0.30744557823129254,0.30791224489795926,Female,10,8-12,Elementary,E,NC,R16E09g10_info1_250Hz_gu2_AEP.conn
R16S25B8,R16S25b8_info1_250Hz_gu2_AEP.conn,gu2,0.33904285714285715,0.3442619047619047,0.34717619047619047,0.34420000000000006,0.3247285714285714,0.322,0.32277142857142854,0.31373809523809526,0.3167428571428572,0.3397952380952381,0.33779999999999993,0.33605714285714283,0.3798142857142857,0.36681904761904766,0.37729047619047623,0.42101714285714287,0.41909428571428575,0.4234971428571429,0.42329428571428573,0.4200628571428571,0.42598,0.42830857142857137,0.42704571428571436,0.43034,0.4218628571428571,0.4214314285714285,0.42256285714285713,0.44712571428571435,0.44484571428571434,0.43962571428571423,0.40050285714285716,0.39552571428571426,0.39132,0.38931428571428567,0.3967257142857143,0.4036571428571428,0.39176571428571433,0.3791457142857143,0.3793742857142858,0.3971571428571429,0.39345714285714284,0.3879,0.39329428571428576,0.3863371428571429,0.39694285714285715,0.4943091836734694,0.49475204081632645,0.4920408163265306,0.49544897959183676,0.4971836734693878,0.5019959183673469,0.5020857142857144,0.49919795918367343,0.49416530612244897,0.4982908163265306,0.493284693877551,0.49418061224489795,0.5192755102040816,0.517304081632653,0.5054489795918367,0.5181571428571429,0.5215047619047618,0.5225142857142857,0.5232190476190476,0.5232595238095238,0.5180642857142856,0.5231666666666667,0.5225238095238095,0.5223761904761904,0.5171095238095239,0.5170333333333333,0.5212523809523809,0.520245238095238,0.5117761904761905,0.501802380952381,0.3636333333333333,0.36439727891156465,0.3579945578231293,0.3587210884353741,0.36072789115646253,0.3661809523809524,0.3694102040816326,0.36727006802721085,0.36492380952380954,0.3645734693877551,0.35804013605442175,0.3561238095238095,0.3617136054421769,0.35653537414965986,0.35719455782312926,Male,8,8-12,Elementary,S,NC,R16S25b8_info1_250Hz_gu2_AEP.conn
R16S23G8,R16S23g8_info1_250Hz_gu2_AEP.conn,gu2,0.24666190476190475,0.23735238095238095,0.23476190476190475,0.24075714285714286,0.25520476190476193,0.2587571428571429,0.2800571428571429,0.28144285714285716,0.2719619047619048,0.24984761904761907,0.2446047619047619,0.2549857142857143,0.35727619047619047,0.36124285714285714,0.30317619047619043,0.36256285714285713,0.36959428571428565,0.3744057142857143,0.36594571428571426,0.36258857142857137,0.37712571428571423,0.38221714285714287,0.3764057142857143,0.37154,0.36276857142857144,0.3680542857142857,0.3645514285714286,0.40503142857142854,0.4012942857142857,0.3886085714285714,0.32618285714285716,0.32790857142857144,0.3299428571428572,0.3254142857142857,0.3208971428571429,0.3466571428571429,0.3474514285714286,0.3433428571428572,0.3453314285714285,0.3272685714285714,0.3274457142857143,0.3214028571428572,0.3394457142857143,0.33826857142857136,0.33722857142857143,0.4186989795918367,0.4162622448979592,0.41875918367346937,0.41773673469387756,0.42060510204081636,0.41213265306122454,0.41124897959183676,0.4146142857142857,0.41524081632653065,0.41957244897959184,0.42110000000000003,0.41781428571428575,0.430284693877551,0.432715306122449,0.43713469387755094,0.43273333333333325,0.43585238095238094,0.42924999999999996,0.4362095238095238,0.44097380952380955,0.45299761904761904,0.45193571428571433,0.44953095238095236,0.4479476190476191,0.4420023809523809,0.4394357142857142,0.4424547619047619,0.4566547619047619,0.44644999999999996,0.4355333333333333,0.3438727891156462,0.3472170068027211,0.34798843537414964,0.3472068027210884,0.34443469387755105,0.34952108843537416,0.35576326530612246,0.35528775510204086,0.35720612244897954,0.34820136054421774,0.34995918367346934,0.3502312925170068,0.33603469387755097,0.33887823129251693,0.3470591836734694,Female,8,8-12,Elementary,S,NC,R16S23g8_info1_250Hz_gu2_AEP.conn
R16E15G5,R16E15g5_info1_250Hz_gu2_AEP.conn,gu2,0.2252809523809524,0.21176666666666666,0.20940000000000003,0.21465714285714285,0.21619047619047618,0.2562904761904762,0.25038571428571427,0.23949047619047617,0.23757619047619047,0.22269047619047622,0.22308095238095238,0.22539523809523812,0.2885809523809524,0.2751619047619048,0.2827047619047619,0.31677714285714287,0.3101857142857142,0.3151371428571429,0.31862571428571435,0.3216171428571429,0.3191342857142857,0.31368857142857137,0.30425142857142856,0.30925714285714284,0.3127400000000001,0.31307714285714283,0.3171514285714286,0.3366028571428571,0.33036285714285707,0.32920571428571427,0.24171428571428571,0.24493428571428572,0.25279428571428575,0.26026000000000005,0.26744,0.24001714285714287,0.23848285714285714,0.2483057142857143,0.24854571428571423,0.23672857142857145,0.24297142857142856,0.24922857142857144,0.23407428571428573,0.23897999999999997,0.23999142857142858,0.2930214285714286,0.2909428571428571,0.2910724489795919,0.2928663265306123,0.2958316326530612,0.2857795918367347,0.2846704081632653,0.2851734693877551,0.2867061224489796,0.29512959183673465,0.2949326530612245,0.29133571428571425,0.30252755102040824,0.3036581632653061,0.3113142857142857,0.40283095238095235,0.4052047619047619,0.4025238095238095,0.4066809523809523,0.4039928571428571,0.4058,0.3962690476190476,0.3979238095238095,0.40630238095238097,0.40573333333333333,0.40287619047619044,0.40565238095238104,0.3935,0.39265,0.3985166666666667,0.30401904761904774,0.3082544217687075,0.3071190476190476,0.30362176870748303,0.3007163265306123,0.29545986394557827,0.29538231292517003,0.2989414965986394,0.3004312925170068,0.3072530612244898,0.3061027210884354,0.3001585034013605,0.29892993197278916,0.3044455782312925,0.3034496598639456,Female,5,5-7,Elementary,E,NC,R16E15g5_info1_250Hz_gu2_AEP.conn
R16E16B7,R16E16b7_info1_250Hz_gu2_AEP.conn,gu2,0.2517333333333333,0.2605,0.27936190476190476,0.29501428571428573,0.2997571428571429,0.2991,0.29536190476190477,0.2931809523809524,0.29753809523809527,0.26917142857142856,0.2816285714285714,0.292152380952381,0.3524428571428571,0.3461619047619047,0.33928571428571436,0.36927714285714286,0.37167428571428573,0.37802,0.3899,0.4048114285714286,0.3951657142857143,0.3897685714285714,0.3836914285714286,0.3820257142857143,0.37346285714285715,0.3785742857142857,0.38900000000000007,0.4074114285714286,0.3998571428571428,0.40148571428571433,0.29237714285714284,0.2913314285714286,0.28344571428571425,0.27731428571428574,0.28298285714285715,0.2985142857142857,0.29524000000000006,0.29157714285714287,0.29034000000000004,0.29786,0.2858914285714286,0.27752857142857146,0.29168000000000005,0.2834971428571428,0.3070685714285714,0.4029438775510204,0.40398979591836737,0.40442040816326524,0.40418265306122453,0.40279387755102053,0.40871122448979585,0.4020642857142858,0.39320510204081627,0.3928448979591837,0.4126244897959184,0.4118765306122449,0.41074183673469383,0.41812142857142864,0.40827959183673473,0.4267602040816327,0.48457619047619044,0.4848309523809524,0.4865071428571428,0.4869095238095238,0.4873380952380952,0.4833357142857142,0.48445,0.4854690476190476,0.47828809523809523,0.4912285714285714,0.4887547619047619,0.48850952380952384,0.47115714285714283,0.4717119047619047,0.4879880952380953,0.35518707482993195,0.35447210884353747,0.3569809523809524,0.3561367346938775,0.3582469387755102,0.3502551020408162,0.35601632653061227,0.3561367346938775,0.35321768707483,0.36454897959183674,0.3623523809523809,0.3581340136054421,0.3509108843537415,0.35014557823129244,0.36137074829931976,Male,7,5-7,Elementary,E,NC,R16E16b7_info1_250Hz_gu2_AEP.conn
R16S15B10,R16S15b10_info1_250Hz_gu2_AEP.conn,gu2,0.2176809523809524,0.2251809523809524,0.2350285714285714,0.24458095238095243,0.23873333333333335,0.1912142857142857,0.18005714285714283,0.18104285714285714,0.18567619047619047,0.2240761904761905,0.23274761904761906,0.23816190476190477,0.2508714285714286,0.2492333333333333,0.273247619047619,0.30254000000000003,0.30425142857142856,0.30238,0.30632571428571426,0.3088114285714286,0.27994285714285716,0.2782628571428572,0.27382,0.2730028571428572,0.30399714285714297,0.3014685714285714,0.3081857142857143,0.3122542857142857,0.31004,0.3272342857142857,0.32864571428571426,0.32804,0.31573142857142855,0.3085542857142857,0.31174,0.3131028571428572,0.3075942857142857,0.2971942857142857,0.2944342857142857,0.32124857142857144,0.31790285714285715,0.31592285714285717,0.30556285714285714,0.30762000000000006,0.31790857142857143,0.3837255102040816,0.3844397959183673,0.3811285714285714,0.3801755102040816,0.3811581632653061,0.3845846938775511,0.38496224489795916,0.3857520408163265,0.38327653061224487,0.38241326530612246,0.38076530612244897,0.3794275510204082,0.40211734693877554,0.4011520408163265,0.3972204081632653,0.4260619047619047,0.4243452380952381,0.4218595238095238,0.42345952380952384,0.4271738095238095,0.40719285714285713,0.40884761904761907,0.4168904761904762,0.41577380952380955,0.42747380952380953,0.42295714285714286,0.42026428571428576,0.41259761904761905,0.41288571428571424,0.41564047619047617,0.26776802721088433,0.2693734693877551,0.27794829931972787,0.2779081632653061,0.2724292517006803,0.2801877551020408,0.2781040816326531,0.27696394557823123,0.276017006802721,0.2688074829931973,0.27669319727891156,0.28084557823129264,0.27062312925170073,0.2706816326530613,0.27146666666666663,Male,10,8-12,Elementary,S,NC,R16S15b10_info1_250Hz_gu2_AEP.conn
R16E08Y05B5,R16E08y05b5_info1_250Hz_gu2_AEP.conn,gu2,0.30392380952380954,0.31409047619047614,0.3215666666666667,0.31601428571428575,0.31038571428571426,0.3248285714285714,0.3229190476190476,0.3407809523809524,0.3377095238095238,0.31915714285714286,0.3266571428571428,0.32302380952380955,0.38831428571428567,0.3998095238095238,0.37149047619047626,0.4160342857142857,0.41748571428571424,0.41643428571428565,0.4195285714285714,0.4171857142857143,0.41416571428571436,0.4122828571428571,0.41716857142857144,0.41467142857142864,0.4093800000000001,0.4107342857142857,0.42157999999999995,0.4299571428571428,0.43648,0.42728,0.3463542857142857,0.3400942857142857,0.34099999999999997,0.34818,0.3530971428571429,0.33232,0.33733142857142856,0.34616857142857144,0.3477457142857142,0.3377685714285714,0.33195428571428576,0.3360714285714286,0.33364,0.3429171428571429,0.32021714285714287,0.4012081632653061,0.4017122448979592,0.40211122448979586,0.40418571428571426,0.4033112244897959,0.3966908163265307,0.403865306122449,0.4052948979591838,0.4072673469387754,0.4001734693877551,0.4016704081632653,0.4027591836734694,0.4257908163265306,0.42618367346938774,0.41890612244897957,0.46682142857142855,0.46812380952380955,0.4732738095238096,0.4767928571428572,0.4721595238095238,0.4649904761904762,0.46290476190476193,0.46712619047619053,0.47488095238095235,0.4689142857142857,0.4672857142857143,0.46989523809523814,0.4731476190476191,0.47278809523809523,0.45833095238095245,0.3547510204081633,0.3530680272108844,0.3484632653061225,0.3503353741496599,0.354778231292517,0.35009251700680266,0.3434850340136054,0.3417040816326531,0.3479197278911565,0.3552911564625851,0.351052380952381,0.35163877551020406,0.34302585034013605,0.33922448979591835,0.3511068027210884,Male,5,5-7,Elementary,E,NC,R16E08y05b5_info1_250Hz_gu2_AEP.conn
R16S16G11,R16S16g11_info1_250Hz_gu2_AEP.conn,gu2,0.3395714285714286,0.36213333333333325,0.3725285714285714,0.3723190476190476,0.36406190476190475,0.35663333333333336,0.3514571428571429,0.3408761904761905,0.3306666666666667,0.3679333333333334,0.3770238095238095,0.3804761904761904,0.4144666666666666,0.4071190476190476,0.4181000000000001,0.4309857142857142,0.4343228571428572,0.4423228571428572,0.4488857142857142,0.44474857142857144,0.4251685714285715,0.42433714285714286,0.4263514285714285,0.4265428571428572,0.4407371428571428,0.4416914285714285,0.45163714285714285,0.43348,0.4412971428571428,0.44652285714285717,0.36900571428571427,0.3848228571428572,0.3951314285714286,0.4015314285714286,0.39655428571428575,0.3965114285714285,0.38798857142857146,0.38322,0.37754857142857146,0.39138,0.3922771428571429,0.4002,0.37323142857142855,0.3670514285714286,0.38157428571428575,0.43753775510204085,0.4369734693877551,0.44010714285714286,0.4432377551020409,0.44633673469387763,0.4511510204081633,0.4523867346938775,0.44944183673469384,0.45072551020408164,0.4412204081632653,0.4427571428571429,0.44332244897959183,0.4601724489795918,0.456958163265306,0.45780408163265307,0.48184523809523805,0.4881214285714286,0.48917619047619043,0.4863,0.48491190476190477,0.4909666666666666,0.4909857142857143,0.5034095238095238,0.5179738095238094,0.4867119047619048,0.4923761904761905,0.4949023809523809,0.4901547619047619,0.49838095238095237,0.49047380952380953,0.3756272108843538,0.3757496598639456,0.38118571428571424,0.38114489795918366,0.3721047619047618,0.3765163265306123,0.3797408163265306,0.3816530612244899,0.38551700680272094,0.3805897959183673,0.3787210884353741,0.3777319727891157,0.3748687074829932,0.37476190476190474,0.365212925170068,Female,11,8-12,Elementary,S,NC,R16S16g11_info1_250Hz_gu2_AEP.conn
R16S03B10,R16S03b10_info1_250Hz_gu2_AEP.conn,gu2,0.23351428571428576,0.2420523809523809,0.2292761904761905,0.21153333333333332,0.21658571428571427,0.23431904761904762,0.24612857142857147,0.24464285714285716,0.23385238095238095,0.23749047619047617,0.2301047619047619,0.21675714285714287,0.2921857142857143,0.2875285714285714,0.2750714285714286,0.3329171428571428,0.33170571428571427,0.33594857142857143,0.3340714285714286,0.3315571428571428,0.3351857142857143,0.3311714285714286,0.32403714285714286,0.31521714285714286,0.33681142857142854,0.33870000000000006,0.33013714285714285,0.36412000000000005,0.3551942857142857,0.36496000000000006,0.2894971428571429,0.2900257142857143,0.27952,0.2754114285714286,0.2834628571428571,0.30795142857142854,0.30942857142857144,0.3029628571428572,0.28909142857142855,0.2890085714285714,0.2784914285714286,0.26866571428571423,0.29967714285714286,0.29143714285714284,0.28208285714285714,0.34770102040816325,0.34358265306122443,0.3401571428571429,0.3340214285714285,0.33395306122448976,0.3416214285714286,0.34008673469387757,0.3382663265306123,0.33629489795918366,0.34402959183673465,0.3426551020408164,0.3396479591836735,0.36030408163265315,0.3621326530612245,0.35879693877551017,0.40479523809523815,0.4031666666666667,0.4034452380952382,0.4077666666666666,0.4084071428571428,0.39776428571428574,0.399747619047619,0.4002738095238095,0.40352380952380956,0.4086595238095238,0.40985714285714286,0.41106428571428566,0.4042119047619048,0.40151190476190474,0.4045642857142857,0.2968931972789116,0.30105374149659864,0.30232448979591836,0.2955551020408163,0.29425578231292515,0.2832795918367347,0.28792176870748304,0.2917190476190476,0.291612925170068,0.3004081632653061,0.30381224489795916,0.29734897959183676,0.28842312925170066,0.28949047619047613,0.3025632653061224,Male,10,8-12,Elementary,S,NC,R16S03b10_info1_250Hz_gu2_AEP.conn
R16S04G5,R16S04g5_info1_250Hz_gu2_AEP.conn,gu2,0.28729047619047615,0.29149047619047613,0.2908190476190476,0.2946142857142857,0.30938095238095237,0.24164285714285713,0.24273333333333333,0.2482857142857143,0.2509333333333333,0.2625666666666666,0.26354285714285713,0.27144285714285715,0.2933857142857143,0.29874761904761904,0.30608571428571424,0.3840542857142856,0.3737742857142857,0.36815428571428577,0.36472571428571426,0.36406,0.3686,0.36345142857142854,0.3595342857142857,0.34334000000000003,0.36887428571428565,0.36678857142857146,0.36654,0.3947857142857143,0.39226571428571433,0.39892285714285713,0.2533314285714286,0.2508428571428572,0.24860857142857137,0.2562971428571429,0.2543314285714286,0.2658371428571429,0.2651828571428571,0.25971714285714287,0.2643885714285715,0.2586857142857143,0.2660457142857143,0.2708885714285715,0.26294,0.26005428571428574,0.2770742857142857,0.32967040816326526,0.33179183673469387,0.330530612244898,0.32319387755102047,0.3208428571428571,0.33203775510204087,0.32635306122448976,0.32775408163265307,0.33688673469387753,0.32745714285714284,0.3300469387755102,0.325404081632653,0.34211938775510203,0.3463785714285715,0.34900000000000003,0.4058619047619048,0.4100904761904762,0.40819523809523806,0.40884999999999994,0.4180357142857143,0.39797857142857135,0.3979047619047619,0.39496904761904755,0.3924880952380952,0.4081119047619048,0.4022357142857143,0.4011404761904762,0.3978285714285714,0.39785000000000004,0.39405476190476185,0.2996428571428571,0.2933149659863946,0.2902666666666666,0.2927231292517007,0.2949176870748299,0.2955687074829931,0.2887251700680272,0.2882918367346939,0.2920190476190476,0.2977789115646258,0.2988251700680272,0.3011680272108843,0.2848231292517007,0.2886857142857143,0.30065578231292517,Female,5,5-7,Elementary,S,NC,R16S04g5_info1_250Hz_gu2_AEP.conn
R16S17G6,R16S17g6_info1_250Hz_gu2_AEP.conn,gu2,0.2785571428571429,0.2745476190476191,0.2824809523809524,0.2861142857142857,0.2759047619047619,0.2932047619047619,0.2791952380952381,0.2733952380952381,0.2821666666666666,0.2904857142857143,0.2955285714285714,0.2904047619047619,0.3381476190476191,0.3316142857142857,0.35055714285714284,0.38280000000000003,0.39058,0.3988057142857143,0.3957942857142857,0.3839914285714286,0.3796571428571429,0.38062571428571434,0.38413428571428576,0.3976571428571428,0.3927542857142857,0.4052685714285714,0.4068257142857143,0.4179142857142857,0.4153657142857143,0.4176685714285715,0.3671685714285714,0.3801742857142857,0.3799914285714286,0.37366285714285713,0.36132,0.34775714285714293,0.33871714285714283,0.3375914285714286,0.34038857142857143,0.3623085714285714,0.37096571428571434,0.3749142857142857,0.3290828571428571,0.3256228571428571,0.34836,0.3919367346938775,0.3930908163265306,0.3915316326530612,0.3907357142857143,0.3899357142857144,0.3851928571428571,0.3845102040816327,0.3902255102040815,0.39589591836734694,0.38676734693877546,0.3870255102040816,0.3897265306122449,0.4048551020408164,0.40965102040816326,0.3894734693877551,0.4293142857142857,0.4342690476190476,0.44029999999999997,0.4415476190476191,0.43777142857142864,0.43550952380952374,0.4394523809523809,0.44843333333333324,0.4474690476190477,0.43421666666666664,0.4369738095238096,0.43543333333333334,0.43624523809523813,0.4480095238095238,0.4315238095238096,0.2785639455782313,0.2813,0.2843074829931973,0.2849190476190476,0.2820802721088435,0.28874149659863946,0.28788571428571424,0.2833795918367347,0.28154761904761905,0.27862448979591836,0.28105714285714295,0.2850707482993197,0.28524217687074827,0.2833068027210885,0.2834965986394558,Female,6,5-7,Elementary,S,NC,R16S17g6_info1_250Hz_gu2_AEP.conn
R16S01Y08B,R16S01y08b_info1_250Hz_gu2_AEP.conn,gu2,0.28474285714285713,0.3115380952380953,0.3287857142857143,0.32549523809523806,0.3047904761904762,0.2682857142857143,0.27499523809523807,0.28362857142857145,0.30158095238095234,0.32709523809523805,0.3311428571428571,0.3192761904761905,0.3061809523809524,0.31253333333333333,0.36839047619047616,0.32523428571428575,0.3268428571428571,0.33291714285714286,0.33946,0.3395257142857143,0.3487142857142857,0.34200857142857144,0.3390028571428572,0.3471285714285714,0.3347942857142857,0.3418514285714286,0.34893714285714283,0.36185428571428574,0.36147428571428575,0.37047714285714284,0.2675657142857143,0.26369714285714285,0.26667142857142856,0.26938000000000006,0.28162000000000004,0.27719428571428567,0.2794257142857143,0.28619142857142854,0.30329142857142866,0.25952571428571425,0.26357714285714284,0.26094285714285714,0.2754114285714286,0.2769114285714286,0.2672742857142857,0.3176826530612245,0.3217214285714286,0.3194959183673469,0.32054489795918367,0.3221295918367347,0.33052040816326533,0.33426938775510207,0.33754795918367353,0.338061224489796,0.3211479591836734,0.32087448979591837,0.32059591836734697,0.35978469387755097,0.35819285714285715,0.34190816326530615,0.40833571428571425,0.4033785714285714,0.3957904761904762,0.3954761904761905,0.4027023809523809,0.39815952380952374,0.3890833333333333,0.3828023809523809,0.3846809523809524,0.4107523809523809,0.4048214285714286,0.40480000000000005,0.4031857142857143,0.4008285714285715,0.4059571428571429,0.2984115646258503,0.295548299319728,0.2900959183673469,0.2850761904761906,0.2847986394557823,0.2944074829931973,0.28956598639455783,0.2904047619047619,0.29167414965986393,0.29881836734693873,0.2926972789115646,0.2869285714285714,0.29401768707482995,0.29031428571428575,0.2969278911564626,Female,8,8-12,Elementary,S,NC,R16S01y08b_info1_250Hz_gu2_AEP.conn
R16S11B10,R16S11b10_info1_250Hz_gu2_AEP.conn,gu2,0.2945380952380952,0.2815095238095238,0.27590000000000003,0.2749761904761905,0.2877285714285714,0.2742380952380952,0.28494761904761906,0.26919999999999994,0.2690142857142857,0.2875095238095238,0.28267619047619047,0.28123333333333334,0.3224142857142857,0.3006857142857143,0.3115904761904762,0.36813714285714283,0.36971714285714286,0.36730571428571424,0.3679057142857142,0.3645771428571429,0.35157428571428573,0.3424828571428572,0.34557142857142864,0.3421542857142857,0.36882000000000004,0.3656657142857143,0.36189428571428567,0.35394,0.35815142857142857,0.3799771428571429,0.28616857142857144,0.28428857142857145,0.28510285714285716,0.30284857142857147,0.3081,0.2808285714285714,0.28450571428571425,0.29440857142857146,0.29984857142857146,0.2856228571428571,0.29144571428571425,0.3038342857142857,0.2863542857142857,0.29806,0.30078285714285713,0.3499020408163265,0.3511714285714285,0.3491714285714286,0.34993265306122456,0.3515520408163265,0.34802040816326535,0.35136020408163265,0.3556183673469388,0.3524142857142857,0.35030102040816324,0.35377142857142857,0.3559928571428571,0.3625357142857143,0.3640214285714286,0.3745051020408163,0.3936309523809524,0.39233809523809526,0.3947904761904762,0.39938809523809526,0.39916904761904765,0.40272619047619046,0.3934166666666667,0.3967261904761905,0.4042666666666666,0.3939738095238095,0.3912,0.3878761904761905,0.3904000000000001,0.3920690476190476,0.3794571428571429,0.30661700680272114,0.3066775510204081,0.30704965986394556,0.30286326530612245,0.308421768707483,0.31908911564625847,0.3225598639455783,0.323234693877551,0.32326394557823124,0.3105428571428572,0.3168503401360544,0.3164877551020408,0.3172727891156463,0.31796666666666673,0.3236163265306123,Male,10,8-12,Elementary,S,NC,R16S11b10_info1_250Hz_gu2_AEP.conn
R16E06Y08G8,R16E06y08g8_info1_250Hz_gu2_AEP.conn,gu2,0.3070904761904762,0.3446047619047619,0.34013333333333334,0.30062380952380957,0.2684190476190476,0.28529999999999994,0.31025238095238095,0.30052380952380947,0.31225714285714284,0.31566190476190475,0.32344285714285714,0.2948714285714286,0.34745714285714285,0.34524285714285713,0.3254904761904762,0.33571999999999996,0.3439285714285714,0.3262142857142857,0.32743142857142854,0.31843714285714286,0.35723714285714286,0.35502285714285714,0.35000857142857145,0.3576857142857143,0.3406857142857143,0.32682285714285714,0.32274857142857144,0.36932,0.3691228571428572,0.3495085714285714,0.3336457142857142,0.33383142857142856,0.33979714285714285,0.3368714285714286,0.31127142857142853,0.35472000000000004,0.351,0.36516,0.3753228571428572,0.3514257142857143,0.3486599999999999,0.35150285714285723,0.3464057142857143,0.3633571428571428,0.35892285714285715,0.39311530612244894,0.4034642857142858,0.4052908163265306,0.39509387755102043,0.39331326530612243,0.3901336734693877,0.3977775510204081,0.40693367346938775,0.4040816326530612,0.41198061224489796,0.41649387755102046,0.4141959183673469,0.40729489795918367,0.41466530612244895,0.43321122448979593,0.4769619047619047,0.4852071428571428,0.48962380952380946,0.4881166666666667,0.4829357142857143,0.4945119047619048,0.4970666666666667,0.5015119047619048,0.48679999999999995,0.49584047619047616,0.5003023809523809,0.5041666666666667,0.5142714285714286,0.49525714285714284,0.5025761904761905,0.346043537414966,0.3539054421768707,0.3613551020408164,0.3578034013605443,0.3445183673469388,0.36942857142857144,0.3662061224489796,0.3672687074829931,0.36706870748299325,0.36070272108843543,0.3657829931972789,0.3639476190476191,0.3619448979591836,0.36955714285714286,0.3685517006802721,Female,8,8-12,Elementary,E,NC,R16E06y08g8_info1_250Hz_gu2_AEP.conn
R16A04B8,R16A04b8_info1_250Hz_gu2_AEP.conn,gu2,0.2742238095238095,0.27145238095238095,0.2748,0.3002190476190476,0.2985380952380952,0.2844,0.2860714285714286,0.2890809523809524,0.2813904761904762,0.2816666666666667,0.29941904761904764,0.31742380952380955,0.3244380952380952,0.33417619047619046,0.36013333333333336,0.3785914285714285,0.3826628571428572,0.37691428571428565,0.3825685714285714,0.3814828571428572,0.42222,0.4149857142857142,0.40406,0.39345142857142856,0.39323142857142857,0.39140857142857144,0.3939371428571429,0.43997428571428576,0.42238857142857145,0.42927142857142864,0.3517085714285714,0.3288457142857143,0.32495999999999997,0.33270285714285713,0.3438771428571428,0.33592285714285713,0.3381314285714286,0.3412171428571429,0.34586571428571433,0.35678571428571426,0.35036285714285714,0.3378971428571428,0.33360285714285715,0.3404457142857143,0.3714828571428571,0.42496938775510207,0.4252602040816327,0.4335591836734694,0.4351336734693877,0.435704081632653,0.43215918367346934,0.4297346938775509,0.4257346938775509,0.42816326530612253,0.43287448979591836,0.43769489795918365,0.4371571428571429,0.4475785714285715,0.446880612244898,0.4454051020408164,0.48187142857142856,0.4948666666666666,0.5031666666666667,0.5032166666666668,0.5066214285714286,0.5202309523809524,0.5167261904761905,0.5098190476190476,0.5139333333333332,0.4892166666666667,0.5021666666666668,0.5045357142857143,0.5117238095238096,0.4847214285714286,0.49260476190476193,0.37228231292517006,0.3774054421768708,0.377852380952381,0.3785986394557823,0.37487687074829923,0.37748027210884355,0.3743993197278912,0.3715326530612245,0.36873129251700676,0.3835761904761905,0.38181632653061226,0.38296598639455787,0.3695632653061225,0.3686414965986394,0.3797108843537415,Male,8,8-12,Elementary,A,NC,R16A04b8_info1_250Hz_gu2_AEP.conn
R16E14B10,R16E14b10_info1_250Hz_gu2_AEP.conn,gu2,0.2161238095238095,0.2167190476190476,0.20794761904761905,0.19684285714285712,0.18773809523809523,0.21069047619047618,0.22699999999999995,0.22779523809523808,0.21592380952380955,0.2199238095238095,0.2111333333333333,0.20267142857142859,0.2569333333333333,0.26007142857142856,0.24919047619047618,0.31987999999999994,0.32036000000000003,0.3104057142857143,0.29923142857142854,0.2985857142857143,0.2976628571428571,0.3028342857142857,0.3072685714285714,0.30957714285714283,0.31962285714285715,0.31477714285714287,0.30526285714285717,0.3331428571428572,0.3377771428571429,0.3418114285714286,0.3177,0.3185742857142857,0.31668571428571435,0.3141771428571429,0.3158828571428572,0.32106,0.32247714285714285,0.31915714285714286,0.31186857142857144,0.32233999999999996,0.32111999999999996,0.3178114285714286,0.3412914285714286,0.3393742857142857,0.32432000000000005,0.33339387755102035,0.33168469387755106,0.3300112244897959,0.3307989795918367,0.3347510204081633,0.33849693877551024,0.33736326530612243,0.3353520408163265,0.33567346938775516,0.3262551020408163,0.32541632653061214,0.32538061224489795,0.3479091836734694,0.34975408163265304,0.34124081632653064,0.39333095238095234,0.39048095238095243,0.38355,0.3819690476190476,0.38031666666666664,0.37672857142857147,0.38247619047619047,0.39030476190476193,0.38765714285714287,0.3838761904761905,0.3825428571428571,0.3841785714285714,0.3842476190476191,0.3863095238095238,0.37988333333333335,0.2817571428571428,0.28370544217687077,0.29050612244897944,0.2915551020408163,0.2904857142857143,0.27690408163265307,0.27482925170068023,0.2776380952380952,0.2773251700680272,0.2837877551020408,0.28817959183673475,0.28882176870748294,0.27393605442176866,0.2767258503401361,0.28916870748299317,Male,10,8-12,Elementary,E,NC,R16E14b10_info1_250Hz_gu2_AEP.conn
R16X01S_G10,R16x01S_g10_info1_250Hz_gu2_AEP.conn,gu2,0.29177142857142857,0.28763809523809525,0.2766619047619048,0.27754285714285715,0.2875476190476191,0.2961190476190476,0.3028714285714285,0.30189523809523805,0.2965809523809524,0.3003571428571429,0.29254761904761906,0.2950714285714286,0.3211714285714286,0.31544761904761903,0.330152380952381,0.4203228571428571,0.4141342857142857,0.41056857142857145,0.40507142857142864,0.4056057142857143,0.4083257142857143,0.40227142857142856,0.4007885714285715,0.3926285714285714,0.4231971428571429,0.41189714285714285,0.4032571428571428,0.41234857142857145,0.41455142857142857,0.4313285714285714,0.30288,0.29783714285714286,0.2940085714285714,0.28491428571428573,0.2858228571428571,0.3299628571428571,0.3167914285714286,0.3060171428571429,0.30464857142857144,0.29992857142857143,0.29357714285714287,0.28378857142857145,0.3170857142857143,0.31032,0.2943771428571428,0.27753979591836736,0.27644795918367343,0.2731479591836735,0.276134693877551,0.28502755102040817,0.2882510204081633,0.2853316326530612,0.2846295918367347,0.28263979591836735,0.27619489795918367,0.2755714285714285,0.27994591836734695,0.31068265306122445,0.30964897959183674,0.29795714285714286,0.3333238095238095,0.3350714285714285,0.32715000000000005,0.3356666666666666,0.3366642857142858,0.302597619047619,0.3024904761904762,0.29405714285714285,0.30256666666666665,0.3322452380952381,0.325197619047619,0.3267452380952381,0.30365476190476187,0.302952380952381,0.3171404761904762,0.26315238095238086,0.2686108843537415,0.2694639455782313,0.2695700680272109,0.2662557823129252,0.2620360544217687,0.2627687074829932,0.26446530612244895,0.26693945578231293,0.26280952380952377,0.26794557823129256,0.2726959183673469,0.2612238095238095,0.2624299319727891,0.261212925170068,Female,10,8-12,Elementary,S,NC,R16x01S_g10_info1_250Hz_gu2_AEP.conn
R16BF01B10,R16BF01b10_info1_250Hz_gu2_AEP.conn,gu2,0.33152857142857145,0.3375000000000001,0.3434714285714285,0.35886666666666667,0.3754571428571429,0.34850952380952377,0.3661714285714286,0.34863333333333335,0.3440285714285714,0.3402523809523809,0.3411285714285714,0.34978095238095236,0.4107523809523809,0.4041095238095238,0.4068428571428571,0.3877857142857143,0.39849142857142855,0.3985885714285714,0.4013457142857143,0.39862285714285717,0.4059371428571429,0.4042485714285714,0.40864857142857147,0.4093914285714286,0.41291714285714287,0.41259999999999997,0.4127085714285714,0.43486,0.43844000000000005,0.4362571428571429,0.42726857142857144,0.42093428571428576,0.4199,0.41916285714285717,0.4204485714285714,0.4595685714285714,0.45444571428571423,0.4364228571428571,0.43766571428571427,0.42234285714285724,0.41558285714285714,0.4213,0.45653428571428584,0.4223,0.42197428571428575,0.3482795918367347,0.33902040816326534,0.33940816326530615,0.33680102040816323,0.3392663265306123,0.3511724489795919,0.34130816326530616,0.3365857142857143,0.33513265306122453,0.33389183673469386,0.33283775510204083,0.34156938775510204,0.35504285714285716,0.3478255102040816,0.34790102040816323,0.4345904761904762,0.4268476190476191,0.4194166666666666,0.4159595238095238,0.4109380952380952,0.41749047619047613,0.41877619047619047,0.4111071428571429,0.40364047619047616,0.4275380952380952,0.4162952380952381,0.40673571428571426,0.4187071428571429,0.4061857142857143,0.4133547619047619,0.356856462585034,0.3536836734693877,0.3596619047619047,0.35849863945578225,0.35880884353741493,0.3585142857142857,0.3654823129251701,0.36196462585034017,0.356543537414966,0.3500006802721089,0.35398163265306126,0.3526129251700681,0.36451224489795914,0.3609394557823129,0.3504802721088436,Male,10,8-12,Elementary,S,NC,R16BF01b10_info1_250Hz_gu2_AEP.conn
R16S13B9,R16S13b9_info1_250Hz_gu2_AEP.conn,gu2,0.2531904761904762,0.25861904761904764,0.2523761904761905,0.23450000000000001,0.22848095238095237,0.2573809523809524,0.24407619047619047,0.22885714285714284,0.2268904761904762,0.25834285714285715,0.25216190476190475,0.23484761904761906,0.28272380952380954,0.27828095238095235,0.29581904761904765,0.31093714285714286,0.3089685714285714,0.30184571428571433,0.30849714285714286,0.32380000000000003,0.32889142857142856,0.3342628571428571,0.3275257142857143,0.32207714285714284,0.3026371428571428,0.3020171428571429,0.3067228571428572,0.35463428571428574,0.3505971428571429,0.3325085714285714,0.2815657142857143,0.2890028571428572,0.29472571428571426,0.2991400000000001,0.30128285714285713,0.30559142857142857,0.3082571428571429,0.30488,0.30413428571428575,0.28002285714285713,0.2853514285714286,0.28859142857142855,0.2970714285714286,0.30378,0.3072285714285714,0.3696438775510204,0.3669632653061225,0.3694020408163266,0.3668785714285714,0.362688775510204,0.38767142857142856,0.3864663265306122,0.38115612244897956,0.37160306122448983,0.3640224489795919,0.3668591836734694,0.36204387755102035,0.38964693877551015,0.38492755102040815,0.3832785714285714,0.43043095238095236,0.4275952380952381,0.4220952380952381,0.41992857142857143,0.43201428571428574,0.4343952380952381,0.4362214285714286,0.4357523809523809,0.43592857142857144,0.4335047619047619,0.43171190476190485,0.4309809523809524,0.43781190476190474,0.4253404761904762,0.43220714285714285,0.32933945578231283,0.3292360544217687,0.3323897959183673,0.3349503401360544,0.3389639455782313,0.343843537414966,0.3449340136054422,0.34492925170068034,0.3469925170068027,0.3306884353741497,0.3335176870748299,0.34015238095238093,0.33687142857142854,0.3366068027210884,0.3369707482993197,Male,9,8-12,Elementary,S,NC,R16S13b9_info1_250Hz_gu2_AEP.conn
R16S20G7,R16S20g7_info1_250Hz_gu2_AEP.conn,gu2,0.19077619047619052,0.1969809523809524,0.19641904761904763,0.19762857142857146,0.19884761904761905,0.18268571428571426,0.1948857142857143,0.19966666666666666,0.20074761904761906,0.1937047619047619,0.18552857142857146,0.18635714285714286,0.23630952380952377,0.23894285714285715,0.22412857142857145,0.2896942857142858,0.28651714285714286,0.2747571428571428,0.27285714285714285,0.2763657142857142,0.2769171428571428,0.28683142857142857,0.2894,0.2895,0.28228285714285717,0.27389142857142856,0.27414571428571427,0.3094914285714286,0.31112,0.29892571428571435,0.27253428571428573,0.2681885714285714,0.2587314285714286,0.25621714285714287,0.2580857142857143,0.24871428571428572,0.2515428571428572,0.26725714285714275,0.2800371428571428,0.2713971428571429,0.26339142857142855,0.25642571428571426,0.25564857142857145,0.2676657142857143,0.2690742857142857,0.30578877551020406,0.3063673469387755,0.302465306122449,0.2995102040816327,0.2997316326530612,0.29045816326530616,0.28890102040816323,0.29101020408163264,0.2936244897959184,0.3018755102040816,0.2997816326530613,0.3004704081632653,0.29773571428571427,0.29463877551020407,0.31048265306122447,0.4081738095238096,0.41265476190476197,0.41352380952380957,0.4157547619047619,0.41213571428571427,0.4063333333333334,0.4116976190476191,0.4078904761904762,0.4032071428571429,0.397647619047619,0.40183095238095246,0.4003357142857143,0.3900119047619048,0.3842095238095238,0.3956714285714286,0.2856258503401361,0.2896346938775511,0.28952448979591844,0.2889795918367347,0.2848598639455783,0.28126802721088434,0.28126394557823126,0.2840401360544218,0.2863646258503401,0.2906340136054422,0.2926292517006803,0.29084149659863945,0.2809993197278911,0.28477074829931964,0.2966251700680272,Female,7,5-7,Elementary,S,NC,R16S20g7_info1_250Hz_gu2_AEP.conn
R16S06G6,R16S06g6_info1_250Hz_gu2_AEP.conn,gu2,0.19605714285714285,0.207,0.21270476190476192,0.2150857142857143,0.21621904761904762,0.21734761904761904,0.19223333333333334,0.18245238095238095,0.17926666666666666,0.21635714285714283,0.21802857142857143,0.21858095238095235,0.2428714285714286,0.23189523809523807,0.27472857142857143,0.35298285714285715,0.3598342857142857,0.35346857142857147,0.3449514285714286,0.34639714285714285,0.3636685714285714,0.3494514285714286,0.34388571428571424,0.3435542857142857,0.35789428571428566,0.35044,0.3431685714285714,0.36872,0.37302,0.3686628571428572,0.30796285714285715,0.30957428571428575,0.3120142857142857,0.3089314285714285,0.30629142857142855,0.31267999999999996,0.31733142857142854,0.31150285714285714,0.29896285714285714,0.3026114285714286,0.30419714285714283,0.3058742857142857,0.29714,0.29352285714285714,0.2933428571428572,0.26109489795918367,0.26321224489795914,0.2647520408163266,0.2691173469387755,0.26965714285714293,0.2699948979591837,0.276084693877551,0.27704693877551023,0.27617551020408165,0.2617387755102041,0.26449897959183677,0.26840102040816327,0.28742551020408164,0.289665306122449,0.2793051020408163,0.3432190476190476,0.33651190476190473,0.33155714285714283,0.33718095238095236,0.3446833333333333,0.36108809523809526,0.36616190476190474,0.3633357142857143,0.3633714285714286,0.33763571428571426,0.3330071428571429,0.34311190476190484,0.3605809523809524,0.3502619047619047,0.3259761904761905,0.2581625850340136,0.2573687074829932,0.25537551020408167,0.25841088435374154,0.25829863945578235,0.25535986394557825,0.25475306122448976,0.25600952380952385,0.2587802721088435,0.25983265306122444,0.2599551020408163,0.26141224489795917,0.25471632653061227,0.2542414965986395,0.266708843537415,Female,6,5-7,Elementary,S,NC,R16S06g6_info1_250Hz_gu2_AEP.conn
R16E07B9,R16E07b9_info1_250Hz_gu2_AEP.conn,gu2,0.295447619047619,0.296847619047619,0.3030142857142857,0.31274761904761905,0.3265809523809524,0.31282380952380956,0.31311904761904763,0.3232285714285714,0.31381428571428566,0.28400952380952377,0.29077619047619047,0.30688095238095237,0.3595333333333333,0.36808095238095245,0.32279047619047624,0.37614571428571425,0.3797028571428571,0.3836685714285714,0.38920571428571427,0.3887314285714286,0.38232571428571427,0.3954771428571429,0.3935857142857143,0.38765142857142854,0.38093428571428567,0.3842885714285714,0.39038000000000006,0.4103800000000001,0.4086942857142858,0.40994285714285716,0.3573085714285715,0.3592142857142857,0.35658,0.36645428571428573,0.37068,0.3766114285714286,0.37534285714285714,0.3706028571428571,0.3746571428571428,0.36112857142857147,0.3616371428571428,0.3724085714285714,0.3683257142857143,0.36165142857142857,0.37798,0.4665857142857143,0.4686214285714286,0.46537040816326536,0.47050918367346944,0.4792091836734694,0.4788836734693877,0.4816591836734693,0.4877316326530612,0.4877938775510204,0.48086632653061223,0.47800204081632647,0.48049693877551025,0.49833775510204087,0.5021969387755102,0.5071163265306122,0.49865714285714285,0.5029952380952382,0.5131238095238095,0.5185238095238095,0.5170785714285714,0.5059666666666667,0.49239285714285713,0.4899428571428572,0.49664047619047613,0.5154928571428571,0.5219142857142857,0.5260380952380953,0.49700476190476195,0.47946428571428573,0.5063380952380953,0.3349727891156463,0.33107278911564625,0.33279659863945577,0.33903469387755103,0.34839863945578237,0.34677823129251706,0.34740408163265313,0.3510163265306122,0.3548285714285714,0.3373972789115646,0.3370034013605442,0.34140476190476193,0.3451299319727892,0.3459374149659864,0.3470244897959184,Male,9,8-12,Elementary,E,NC,R16E07b9_info1_250Hz_gu2_AEP.conn
R16A07B12,R16A07b12_info1_250Hz_gu2_AEP.conn,gu2,0.29545238095238097,0.2816238095238095,0.2710666666666667,0.27247142857142853,0.28105238095238094,0.38033333333333336,0.36149047619047625,0.32152380952380955,0.32633809523809526,0.2827,0.28777142857142857,0.28285714285714286,0.4081761904761904,0.38535238095238095,0.3180428571428571,0.37465142857142864,0.3676257142857143,0.35830285714285715,0.35003142857142855,0.35308571428571434,0.42668,0.42347714285714294,0.4135685714285714,0.41218000000000005,0.3635771428571428,0.3649685714285714,0.36657428571428574,0.4509,0.43825714285714285,0.39296000000000003,0.3243028571428571,0.3448257142857143,0.33556285714285716,0.3369742857142858,0.3348371428571429,0.3821057142857143,0.3710857142857143,0.3583142857142857,0.3438085714285714,0.3497085714285714,0.34744,0.35533999999999993,0.36615714285714285,0.3614685714285715,0.3680942857142857,0.3849755102040816,0.3889857142857143,0.38761632653061223,0.38533979591836726,0.3823867346938776,0.3903285714285714,0.3889377551020408,0.39281428571428584,0.3814275510204082,0.3951377551020408,0.39165816326530606,0.38754285714285713,0.41088367346938776,0.4117969387755102,0.41701938775510206,0.4071761904761904,0.41603571428571423,0.4219952380952381,0.4172166666666666,0.4090666666666667,0.44289047619047617,0.44881666666666664,0.42754761904761907,0.41035952380952384,0.42022619047619053,0.42603095238095245,0.42232142857142857,0.450447619047619,0.4266642857142857,0.41441190476190476,0.3529510204081633,0.350786394557823,0.34801088435374145,0.3479598639455782,0.3534326530612245,0.3681857142857143,0.36791360544217694,0.36141292517006807,0.3508176870748299,0.36686326530612245,0.36192585034013597,0.36139727891156465,0.36700476190476183,0.355834693877551,0.3679285714285715,Male,12,8-12,Secondary,A,NC,R16A07b12_info1_250Hz_gu2_AEP.conn
R16E04G10,R16E04g10_info1_250Hz_gu2_AEP.conn,gu2,0.16122380952380955,0.1576238095238095,0.1678142857142857,0.17871904761904764,0.17462380952380951,0.18214285714285713,0.17649523809523812,0.17408095238095242,0.16868571428571424,0.16641428571428574,0.17364285714285713,0.18507619047619048,0.2297,0.22090476190476194,0.2250095238095238,0.28954285714285716,0.28642571428571434,0.29328571428571426,0.29001714285714286,0.2936571428571428,0.2903485714285714,0.2890057142857143,0.28653142857142855,0.2855457142857143,0.28694857142857144,0.2925457142857143,0.2950085714285714,0.3119942857142857,0.3024114285714286,0.3079571428571429,0.3329257142857142,0.3334,0.3189714285714286,0.31004,0.31345999999999996,0.32589428571428575,0.32912571428571435,0.3322142857142857,0.3346685714285714,0.33833714285714284,0.3260085714285715,0.31945142857142855,0.3390714285714285,0.34208285714285713,0.3378628571428571,0.319534693877551,0.3173295918367347,0.31674795918367354,0.31827653061224487,0.3174214285714286,0.3270989795918367,0.3197214285714285,0.3156377551020408,0.31025918367346944,0.3169397959183673,0.3177989795918368,0.3199387755102041,0.3351397959183674,0.3338295918367346,0.34028979591836733,0.35003809523809526,0.34610238095238094,0.34408571428571433,0.3480190476190476,0.34979047619047615,0.34259761904761904,0.33928571428571425,0.3388761904761905,0.33294285714285715,0.34154047619047617,0.34132380952380953,0.34387142857142855,0.3348380952380952,0.3365190476190476,0.3442809523809524,0.261395918367347,0.25741088435374154,0.25528843537414964,0.25602312925170073,0.25903605442176875,0.2598789115646259,0.26081156462585037,0.2602074829931973,0.25632517006802724,0.2595149659863945,0.25769183673469387,0.2572734693877551,0.2606571428571428,0.2598367346938776,0.265834693877551,Female,10,8-12,Elementary,E,NC,R16E04g10_info1_250Hz_gu2_AEP.conn
R16E05G10,R16E05g10_info1_250Hz_gu2_AEP.conn,gu2,0.2756333333333334,0.2939428571428571,0.31396666666666667,0.3240285714285714,0.3225571428571429,0.3184619047619048,0.3172095238095238,0.3112904761904762,0.29582380952380954,0.2931285714285714,0.3023666666666667,0.3086047619047619,0.3709238095238095,0.3664047619047619,0.3345619047619048,0.33506285714285716,0.3561971428571429,0.35930285714285715,0.34795428571428577,0.3526057142857143,0.3541914285714286,0.33453428571428573,0.33092,0.3240885714285714,0.3509085714285714,0.3501114285714285,0.3397971428571428,0.3698257142857143,0.36101142857142854,0.3777314285714285,0.28846571428571427,0.2852657142857143,0.2721571428571429,0.25038,0.24367999999999998,0.2524142857142857,0.2528771428571429,0.24491428571428572,0.2496114285714286,0.27493142857142855,0.25116285714285713,0.23474857142857145,0.26024,0.24839142857142854,0.24327714285714283,0.32527142857142854,0.33257755102040815,0.32959285714285713,0.327015306122449,0.3314244897959183,0.3166510204081633,0.31908979591836734,0.32111224489795914,0.32281938775510205,0.3373122448979592,0.336269387755102,0.33264489795918367,0.34148469387755104,0.33938163265306126,0.3517581632653061,0.4483809523809525,0.4476642857142857,0.44615714285714286,0.4471309523809524,0.4527547619047619,0.4419309523809524,0.439697619047619,0.43417380952380946,0.4332523809523809,0.4575071428571429,0.4538761904761905,0.44431904761904756,0.44682142857142854,0.4340119047619047,0.44195238095238093,0.31981428571428566,0.3261251700680272,0.3210938775510204,0.3182340136054421,0.31832585034013605,0.31694557823129244,0.3192496598639456,0.31809455782312923,0.3209020408163264,0.3280986394557822,0.32174149659863943,0.31784149659863953,0.3132775510204081,0.31629455782312926,0.3167714285714285,Female,10,8-12,Elementary,E,NC,R16E05g10_info1_250Hz_gu2_AEP.conn
R16E19B5,R16E19b5_info1_250Hz_gu2_AEP.conn,gu2,0.35114285714285715,0.35189999999999994,0.3308761904761905,0.3359809523809523,0.34069047619047615,0.3559095238095238,0.3477142857142857,0.3572142857142857,0.3597333333333333,0.33759047619047616,0.3117047619047619,0.30775714285714284,0.3636619047619048,0.3589952380952381,0.3516761904761904,0.42237714285714284,0.43068285714285715,0.4268685714285715,0.4140257142857142,0.3985914285714286,0.4356,0.42605999999999994,0.42962000000000006,0.4350085714285714,0.4360914285714285,0.42190857142857147,0.3990971428571428,0.45256857142857143,0.4544885714285714,0.4513342857142857,0.40810571428571424,0.41197714285714293,0.4100371428571428,0.3999457142857143,0.39398,0.40484857142857145,0.41379428571428567,0.40881428571428574,0.3999342857142857,0.42414571428571424,0.42162571428571427,0.4058742857142857,0.3769542857142857,0.38088857142857135,0.4201485714285714,0.5027938775510203,0.5129959183673469,0.5264173469387755,0.525476530612245,0.514230612244898,0.48965306122448987,0.4898448979591837,0.49552142857142856,0.5088224489795917,0.5219530612244898,0.5299112244897959,0.5317683673469389,0.5119367346938776,0.5094183673469389,0.5463204081632653,0.5064595238095237,0.5155833333333333,0.5189142857142858,0.49926428571428577,0.47968571428571427,0.5073190476190477,0.48805952380952383,0.47848095238095234,0.4982738095238095,0.5067666666666667,0.5061476190476191,0.49541428571428564,0.4913904761904762,0.4894047619047619,0.49618095238095244,0.3934598639455783,0.3959884353741496,0.40125034013605443,0.400456462585034,0.39913877551020416,0.39133945578231294,0.3872748299319728,0.3908877551020408,0.39592721088435373,0.40060408163265293,0.40074897959183664,0.3968755102040818,0.39089387755102045,0.39854353741496606,0.4022176870748299,Male,5,5-7,Elementary,E,NC,R16E19b5_info1_250Hz_gu2_AEP.conn
R16E01Y10G,R16E01y10g_info1_250Hz_gu2_AEP.conn,gu2,0.22620476190476194,0.22369523809523809,0.2390190476190476,0.2517190476190476,0.2355952380952381,0.24406190476190479,0.23912380952380952,0.23794285714285712,0.233152380952381,0.23141904761904764,0.25083809523809525,0.2660666666666667,0.26908095238095237,0.2774047619047619,0.3041761904761905,0.34657142857142853,0.35102571428571433,0.3528771428571429,0.34788285714285716,0.3497485714285714,0.3607114285714286,0.3672542857142857,0.36164285714285715,0.35544000000000003,0.3507514285714286,0.35746,0.35514,0.3700914285714285,0.3749742857142857,0.3753228571428571,0.25849714285714287,0.27106571428571424,0.27310571428571434,0.27268285714285717,0.2592885714285714,0.2698114285714286,0.27548000000000006,0.27476,0.27520285714285714,0.2768914285714286,0.28022857142857144,0.2783257142857143,0.2734,0.27643142857142855,0.2831828571428572,0.302015306122449,0.29823265306122454,0.2981102040816327,0.295965306122449,0.3022755102040816,0.29796428571428574,0.2961,0.2991877551020408,0.30617857142857147,0.3014571428571428,0.29554489795918365,0.2916765306122449,0.31127346938775513,0.3208295918367347,0.3136724489795918,0.39964523809523805,0.3948642857142857,0.39429761904761906,0.3956761904761905,0.40224047619047626,0.41305238095238095,0.41221904761904754,0.4042380952380953,0.3930452380952381,0.38886904761904756,0.3837285714285714,0.3817523809523809,0.4151404761904762,0.4060404761904762,0.38461428571428574,0.31589523809523806,0.31650068027210887,0.3133857142857142,0.31497551020408165,0.31439795918367347,0.31265374149659864,0.3056176870748299,0.3049496598639456,0.30644285714285713,0.31073605442176866,0.31171156462585037,0.3149816326530612,0.30230136054421763,0.2998251700680272,0.3063387755102041,Female,10,8-12,Elementary,E,NC,R16E01y10g_info1_250Hz_gu2_AEP.conn
R16S02B_G6,R16S02b_g6_info1_250Hz_gu2_AEP.conn,gu2,0.2614380952380953,0.26544285714285715,0.25971428571428573,0.2556952380952381,0.2565904761904762,0.23181428571428572,0.22364285714285712,0.22517619047619045,0.2383666666666667,0.26110952380952385,0.2562952380952381,0.2561857142857143,0.29497619047619045,0.2892571428571429,0.3089380952380953,0.3486571428571429,0.33770285714285714,0.3385571428571429,0.3499257142857143,0.3650257142857143,0.35233428571428577,0.35253999999999996,0.3551685714285714,0.36084857142857146,0.3450971428571429,0.34765142857142856,0.3547371428571428,0.3863885714285714,0.3826,0.36884285714285714,0.3348942857142857,0.32624285714285717,0.3213,0.3291657142857143,0.33041142857142863,0.3439514285714286,0.3443714285714286,0.33428,0.3327857142857143,0.3272342857142857,0.3242857142857143,0.3258885714285714,0.3364457142857143,0.33458571428571426,0.3181171428571429,0.39906326530612246,0.39458061224489793,0.3910510204081633,0.38888163265306114,0.39227653061224493,0.4035346938775511,0.3968928571428572,0.39303775510204086,0.40034489795918377,0.39460918367346937,0.39252448979591836,0.39275816326530616,0.41204795918367354,0.4113193877551021,0.4049714285714286,0.412152380952381,0.40665714285714283,0.41692857142857137,0.41893571428571424,0.4084785714285714,0.4266452380952381,0.4264071428571428,0.426302380952381,0.4287047619047619,0.40655,0.4146476190476191,0.4160071428571428,0.43527380952380956,0.4293761904761904,0.40540952380952383,0.3152802721088436,0.31441360544217684,0.3134816326530613,0.3086870748299319,0.30678843537414957,0.3110598639455783,0.3151238095238096,0.31757074829931975,0.31861496598639455,0.3090680272108844,0.3099789115646259,0.3053836734693878,0.32212448979591835,0.3240306122448979,0.3176163265306122,Female,6,5-7,Elementary,S,NC,R16S02b_g6_info1_250Hz_gu2_AEP.conn
R16E12B9,R16E12b9_info1_250Hz_gu2_AEP.conn,gu2,0.3223285714285714,0.3093952380952381,0.31607619047619046,0.3172333333333333,0.3065761904761905,0.32272380952380947,0.31529523809523813,0.3284142857142857,0.32295714285714283,0.3038666666666667,0.3142619047619048,0.32268095238095235,0.3180428571428571,0.33649999999999997,0.3557095238095238,0.33456,0.32278571428571423,0.3193457142857143,0.3112428571428571,0.31294571428571427,0.3227742857142858,0.3203285714285714,0.3191314285714286,0.31161142857142854,0.32090857142857143,0.3222485714285715,0.3131371428571429,0.3410971428571429,0.3534114285714286,0.3493171428571428,0.2952685714285714,0.3083142857142857,0.3107885714285714,0.3183285714285714,0.31063142857142856,0.2931428571428571,0.3010514285714286,0.29796857142857147,0.3031371428571429,0.3147114285714286,0.31617999999999996,0.32381142857142853,0.2865514285714286,0.2901142857142857,0.30084285714285713,0.40088469387755105,0.40491224489795924,0.4048551020408163,0.39751224489795917,0.4001479591836735,0.3969428571428572,0.40358469387755097,0.4028367346938776,0.3963275510204081,0.40624795918367346,0.4046591836734694,0.39736938775510205,0.4213826530612245,0.4225755102040817,0.41242448979591834,0.5318999999999999,0.5291071428571429,0.5216095238095239,0.5199714285714286,0.5156785714285713,0.5130214285714286,0.5232214285714286,0.5268261904761905,0.5116857142857144,0.5288547619047619,0.5179047619047619,0.510102380952381,0.5273357142857141,0.5229738095238095,0.5114714285714286,0.3626401360544218,0.356673469387755,0.3524326530612245,0.35138843537414965,0.349091156462585,0.3553238095238095,0.354221768707483,0.34583877551020403,0.3450510204081632,0.35285714285714287,0.3544619047619048,0.3537380952380952,0.35455510204081636,0.34926598639455786,0.35198843537414964,Male,9,8-12,Elementary,E,NC,R16E12b9_info1_250Hz_gu2_AEP.conn
R16BF04G10,R16BF04g10_info1_250Hz_gu2_AEP.conn,gu2,0.3308952380952381,0.3261190476190476,0.31893333333333335,0.31297619047619046,0.3173619047619048,0.2990761904761905,0.3157857142857143,0.3310142857142857,0.33552380952380956,0.3324666666666667,0.3297285714285714,0.32745714285714284,0.39363333333333334,0.39794285714285715,0.3934095238095238,0.42935999999999996,0.43442857142857144,0.43468,0.42847714285714283,0.43254000000000004,0.4201828571428571,0.41714285714285715,0.41916000000000003,0.4343057142857144,0.4311742857142858,0.43130857142857143,0.4271885714285714,0.45299428571428574,0.45536285714285707,0.4506685714285714,0.31267428571428574,0.3155428571428571,0.3140628571428571,0.3154228571428571,0.30955428571428567,0.30472571428571427,0.3005971428571429,0.2932571428571429,0.29391428571428574,0.3112657142857143,0.30431714285714284,0.3032971428571428,0.3127542857142857,0.3069285714285715,0.30650285714285713,0.3612602040816326,0.3641551020408163,0.36363775510204077,0.3672357142857144,0.3727897959183673,0.3668295918367347,0.3617642857142857,0.35924387755102044,0.35848061224489797,0.3633183673469388,0.3640224489795919,0.366965306122449,0.375030612244898,0.37319795918367354,0.3815265306122449,0.42318095238095244,0.41641666666666666,0.42599285714285706,0.4316047619047619,0.42818333333333336,0.4122690476190476,0.4042904761904762,0.4069190476190476,0.42105476190476193,0.4154333333333333,0.42383333333333334,0.4270642857142857,0.4043023809523809,0.4044380952380952,0.41496428571428573,0.3358163265306122,0.3389292517006802,0.3461224489795918,0.34635646258503405,0.34908027210884346,0.3413428571428571,0.3478979591836735,0.34862653061224486,0.3456761904761905,0.33914285714285725,0.3453326530612245,0.3444993197278911,0.34176530612244893,0.34356054421768717,0.34077959183673473,Female,10,8-12,Elementary,S,NC,R16BF04g10_info1_250Hz_gu2_AEP.conn
R16S09G6,R16s09g6_info1_250Hz_gu2_AEP.conn,gu2,0.2767476190476191,0.2560761904761905,0.28712857142857146,0.3279238095238095,0.31180476190476186,0.2590238095238095,0.267247619047619,0.28850000000000003,0.3254904761904762,0.25943809523809525,0.27195238095238095,0.3154380952380953,0.29183333333333333,0.3096857142857143,0.3054428571428571,0.3744857142857143,0.36379142857142865,0.37411142857142854,0.38811999999999997,0.41965142857142856,0.37282000000000004,0.38030857142857144,0.39368857142857144,0.4113828571428571,0.37270571428571425,0.39016285714285714,0.4062771428571429,0.39086285714285707,0.3930514285714286,0.43479999999999996,0.38209142857142864,0.3746085714285714,0.3902342857142858,0.38932857142857136,0.4085285714285714,0.38456,0.3782657142857143,0.37435142857142856,0.3765028571428572,0.3508171428571428,0.36925428571428565,0.3791428571428571,0.3681542857142857,0.36453428571428576,0.3589542857142857,0.4074714285714286,0.40935714285714286,0.4213408163265307,0.4257540816326531,0.4205765306122449,0.40364897959183665,0.39183163265306126,0.4035622448979592,0.416819387755102,0.3989979591836734,0.4083214285714285,0.41372346938775506,0.402115306122449,0.4149367346938776,0.3988489795918367,0.4968833333333333,0.5005261904761904,0.5025714285714286,0.5271428571428571,0.5518642857142856,0.4930619047619047,0.47827380952380955,0.4768833333333333,0.5019809523809524,0.5036952380952382,0.5060928571428571,0.5059928571428572,0.4800928571428571,0.47655476190476187,0.5224190476190476,0.36470612244897954,0.3501224489795919,0.3504659863945578,0.36280476190476196,0.3708632653061224,0.3693965986394557,0.36615034013605435,0.3565795918367347,0.3502088435374149,0.3445843537414966,0.3520952380952381,0.36427074829931966,0.35542040816326526,0.34996802721088444,0.35392585034013613,Female,6,5-7,Elementary,S,NC,R16s09g6_info1_250Hz_gu2_AEP.conn
R16E18G9,R16E18g9_info1_250Hz_gu2_AEP.conn,gu2,0.27452857142857146,0.25190952380952386,0.24008571428571426,0.2310095238095238,0.22892380952380953,0.2591380952380952,0.26951904761904766,0.2684619047619048,0.2569047619047619,0.25170476190476193,0.24752380952380948,0.2466047619047619,0.3194857142857143,0.3189333333333333,0.30552380952380953,0.39312571428571425,0.3885942857142857,0.39337714285714287,0.3933885714285715,0.3919942857142857,0.42144571428571426,0.41868571428571427,0.41524,0.4226571428571429,0.3921657142857143,0.4030628571428571,0.40392285714285714,0.44109428571428577,0.43539142857142854,0.4234514285714286,0.36628,0.35775999999999997,0.3518285714285714,0.34996,0.34734000000000004,0.3686085714285714,0.36925714285714284,0.3763114285714286,0.38403714285714285,0.36465142857142857,0.35660857142857144,0.3515885714285714,0.35338,0.3629914285714285,0.36185142857142855,0.3964132653061225,0.4015418367346939,0.4006163265306123,0.39937244897959184,0.39583367346938775,0.40635102040816323,0.40298979591836737,0.4053275510204082,0.4081020408163266,0.403380612244898,0.39954591836734704,0.39691224489795923,0.40997040816326535,0.4090734693877551,0.4134581632653061,0.3159047619047619,0.3223547619047619,0.3316404761904762,0.3308261904761905,0.3245357142857143,0.3445619047619048,0.3379690476190476,0.33218095238095235,0.3251357142857143,0.3298666666666667,0.3345190476190476,0.33221904761904764,0.34290714285714285,0.34099999999999997,0.34493095238095234,0.29392312925170067,0.2931013605442177,0.2910598639455782,0.2921204081632653,0.29465102040816327,0.2964591836734694,0.2979428571428572,0.2929979591836735,0.29297619047619045,0.29699455782312933,0.2974598639455782,0.29679659863945573,0.29268367346938773,0.28871156462585035,0.3054176870748299,Female,9,8-12,Elementary,E,NC,R16E18g9_info1_250Hz_gu2_AEP.conn
R16S14B5,R16S14b5_info1_250Hz_gu2_AEP.conn,gu2,0.25798571428571426,0.2631619047619047,0.27583809523809527,0.28559047619047623,0.2751190476190476,0.27071428571428574,0.2540571428571428,0.2568761904761905,0.26598571428571427,0.2673809523809524,0.27585238095238096,0.28076190476190477,0.29686666666666667,0.3030523809523809,0.2972857142857143,0.34571714285714283,0.3422771428571429,0.35714285714285715,0.36533999999999994,0.3714485714285714,0.37882857142857146,0.37350285714285714,0.36704,0.36628285714285713,0.34593714285714283,0.35167714285714285,0.34963714285714287,0.38904,0.3856514285714286,0.36567999999999995,0.3319171428571428,0.3303028571428571,0.33078571428571424,0.33653714285714287,0.33410571428571434,0.3526685714285714,0.35512571428571427,0.35862000000000005,0.3548028571428571,0.3185428571428571,0.32086000000000003,0.33555999999999997,0.3514171428571428,0.35804285714285716,0.32297714285714285,0.3894479591836735,0.3823806122448979,0.37610612244897956,0.37438265306122454,0.37562857142857137,0.37858775510204085,0.37754591836734697,0.3800469387755102,0.3816663265306123,0.37458673469387754,0.37019591836734694,0.37113673469387753,0.40248877551020407,0.39723367346938776,0.39029591836734695,0.4212142857142857,0.4260785714285715,0.4232023809523809,0.41431904761904764,0.40962857142857145,0.4089452380952381,0.4099142857142857,0.4198880952380953,0.4286761904761905,0.4161809523809524,0.4156261904761905,0.4130904761904762,0.41432380952380954,0.41359523809523807,0.4039333333333333,0.3004122448979592,0.3072183673469388,0.3077197278911565,0.3063312925170068,0.3043884353741496,0.2996231292517006,0.30252653061224494,0.3058891156462585,0.31072312925170065,0.3065659863945578,0.3062843537414966,0.3035748299319729,0.3097312925170068,0.30897142857142856,0.30531768707483,Male,5,5-7,Elementary,S,NC,R16S14b5_info1_250Hz_gu2_AEP.conn
R16E11B5,R16E11b5_info1_250Hz_gu2_AEP.conn,gu2,0.2925142857142857,0.28995238095238096,0.2844380952380952,0.29003333333333337,0.2928904761904762,0.30395714285714287,0.29757619047619044,0.2962190476190476,0.3021809523809524,0.2965,0.3031238095238095,0.3072523809523809,0.3341571428571428,0.32674761904761906,0.348047619047619,0.3446771428571429,0.3457314285714286,0.34386857142857147,0.34093142857142855,0.3368542857142858,0.3539514285714286,0.3478771428571429,0.3505371428571429,0.3628057142857143,0.3523914285714286,0.3606771428571428,0.3575885714285714,0.37545142857142855,0.3730657142857143,0.3897171428571429,0.35754571428571436,0.3603942857142857,0.35976857142857144,0.35604285714285716,0.3537228571428571,0.37496285714285715,0.36672285714285713,0.36318571428571433,0.37266857142857146,0.3722885714285714,0.36964571428571424,0.36458571428571424,0.371,0.3684142857142857,0.3829228571428571,0.4245295918367346,0.4225448979591837,0.42479285714285714,0.4310295918367347,0.4356836734693878,0.4226295918367346,0.4179755102040817,0.4213785714285714,0.4286469387755102,0.4303755102040817,0.4288510204081632,0.42994081632653064,0.43898265306122447,0.43834999999999996,0.440930612244898,0.4346999999999999,0.4342,0.4373142857142857,0.4421095238095238,0.44268095238095234,0.44589285714285715,0.4373047619047619,0.43088571428571426,0.44081666666666663,0.43919047619047613,0.43541666666666673,0.4347071428571428,0.4419880952380952,0.43683333333333335,0.4324714285714286,0.3255510204081633,0.3281700680272109,0.33343197278911557,0.3352850340136054,0.33676666666666666,0.31915714285714286,0.3151816326530613,0.3097523809523809,0.31404081632653064,0.33430612244897967,0.33662448979591836,0.33830340136054415,0.3153285714285714,0.3095578231292518,0.33231836734693876,Male,5,5-7,Elementary,E,NC,R16E11b5_info1_250Hz_gu2_AEP.conn
R16E10G9,R16E10g9_info1_250Hz_gu2_AEP.conn,gu2,0.40128095238095235,0.41715238095238094,0.42550476190476183,0.42901428571428574,0.4132523809523809,0.44253809523809523,0.4236761904761905,0.4020285714285714,0.3658285714285714,0.419847619047619,0.4279714285714286,0.42223809523809525,0.4664809523809524,0.44785238095238095,0.4802142857142857,0.49657999999999997,0.4972085714285715,0.4986,0.49712000000000006,0.5069914285714285,0.5071457142857143,0.5013742857142857,0.5024714285714286,0.4921057142857143,0.5194857142857143,0.5149571428571428,0.5087085714285714,0.5363,0.52842,0.5367228571428571,0.38869428571428577,0.38036000000000003,0.3769,0.37806285714285714,0.39161142857142855,0.38454,0.38356857142857137,0.3901142857142857,0.3887342857142857,0.39602571428571426,0.3857257142857143,0.38084285714285715,0.39680571428571426,0.39844857142857143,0.4052142857142857,0.36278571428571427,0.36217857142857135,0.3624448979591837,0.36516428571428566,0.3615336734693878,0.3587336734693878,0.3592193877551019,0.36069489795918364,0.3671479591836735,0.36555714285714286,0.36862244897959184,0.37202755102040813,0.37373367346938774,0.3790602040816327,0.3864530612244898,0.4664904761904762,0.47625476190476185,0.48792619047619046,0.4972095238095238,0.4990690476190476,0.48050714285714285,0.4794190476190476,0.4846976190476191,0.4923,0.49125476190476186,0.49959761904761907,0.5008833333333335,0.4864,0.48044523809523815,0.47989047619047626,0.36271972789115653,0.36125578231292516,0.3663115646258503,0.36940680272108845,0.3719380952380953,0.3571850340136053,0.36220068027210894,0.3648870748299319,0.3670408163265306,0.3714272108843537,0.37155238095238097,0.3672136054421769,0.36461768707483,0.3649986394557823,0.37149795918367345,Female,9,8-12,Elementary,E,NC,R16E10g9_info1_250Hz_gu2_AEP.conn
R16S22B10,R16S22b10_info1_250Hz_gu2_AEP.conn,gu2,0.3966857142857143,0.3993285714285714,0.38563333333333333,0.3716142857142857,0.363447619047619,0.3587952380952381,0.34805714285714284,0.33703333333333335,0.35810000000000003,0.39964761904761903,0.3902380952380953,0.37906666666666666,0.37625238095238095,0.36534761904761903,0.4013571428571428,0.4903657142857143,0.4909085714285714,0.48820571428571435,0.48226571428571424,0.48346857142857147,0.4773085714285714,0.4816228571428572,0.4722542857142857,0.47766285714285717,0.4896571428571429,0.48207714285714287,0.4773428571428571,0.48143714285714284,0.4671114285714286,0.49549142857142864,0.37008,0.38396,0.37660285714285713,0.37250857142857147,0.37340285714285715,0.3838171428571428,0.3841771428571429,0.3789285714285714,0.3746142857142857,0.3798714285714285,0.3709057142857143,0.37586,0.3711685714285714,0.3667028571428571,0.38458571428571436,0.4581755102040816,0.4647918367346939,0.4666,0.4708081632653061,0.46740612244897956,0.4606683673469387,0.46029897959183674,0.46765306122448985,0.46636326530612243,0.46975306122448984,0.472334693877551,0.47409897959183667,0.478173469387755,0.48407142857142854,0.4875887755102041,0.5584166666666667,0.5605428571428571,0.5557738095238095,0.5496190476190476,0.5504738095238095,0.5789095238095239,0.5793809523809524,0.5743357142857143,0.5712952380952382,0.5709238095238095,0.5628357142857143,0.557097619047619,0.5767738095238094,0.5681047619047619,0.5608547619047619,0.38300952380952374,0.38202925170068025,0.38779931972789117,0.3888312925170069,0.38945170068027213,0.38400816326530607,0.3875401360544217,0.3870945578231293,0.38367619047619045,0.38335102040816327,0.38706870748299316,0.38484693877551013,0.38114693877551026,0.37817346938775515,0.39058775510204086,Male,10,8-12,Elementary,S,NC,R16S22b10_info1_250Hz_gu2_AEP.conn
R16A05Y08B,R16A05y08b_info1_250Hz_gu2_AEP.conn,gu2,0.27476666666666666,0.25956666666666667,0.24850000000000003,0.2494761904761905,0.2744333333333333,0.3031285714285714,0.29713809523809526,0.30078095238095237,0.30368095238095233,0.2605952380952381,0.25535714285714284,0.2586714285714286,0.33281428571428573,0.3300285714285715,0.31518571428571424,0.3164057142857143,0.3184457142857143,0.3283142857142857,0.3292914285714285,0.33407714285714285,0.31852857142857144,0.31908285714285717,0.32939714285714283,0.3390742857142857,0.32294,0.3295657142857143,0.3351228571428571,0.34903142857142855,0.3565428571428571,0.3635,0.2399342857142857,0.24678857142857144,0.24817714285714287,0.2473,0.2488342857142857,0.24958857142857144,0.2542942857142857,0.2574485714285714,0.26309142857142853,0.25079142857142855,0.25043714285714286,0.25343142857142853,0.24859142857142857,0.25651428571428575,0.24682857142857145,0.3859948979591836,0.38197959183673463,0.3726326530612245,0.3706673469387755,0.37653571428571425,0.40042244897959184,0.39864795918367346,0.395665306122449,0.39490306122448976,0.3813020408163265,0.37687857142857145,0.3775755102040816,0.4225806122448979,0.4198836734693877,0.40307551020408156,0.47351190476190474,0.46964523809523806,0.46891190476190475,0.47178571428571425,0.46605,0.48179047619047616,0.48929285714285714,0.4860238095238096,0.4814904761904762,0.4688380952380952,0.4661214285714286,0.46677142857142856,0.4865738095238095,0.4746690476190476,0.46413333333333334,0.34559047619047617,0.34497142857142854,0.3432054421768708,0.3364074829931973,0.3366448979591836,0.3267755102040816,0.3285054421768707,0.3331551020408164,0.33662448979591836,0.34390136054421766,0.34110000000000007,0.33757619047619053,0.3317734693877551,0.33588367346938774,0.33445034013605435,Female,8,8-12,Elementary,A,NC,R16A05y08b_info1_250Hz_gu2_AEP.conn
R16BF05B5,R16BF05b5_info1_250Hz_gu2_AEP.conn,gu2,0.2203238095238095,0.2226809523809524,0.21937142857142855,0.20820952380952382,0.21202857142857143,0.21901904761904759,0.21165714285714285,0.22063333333333332,0.22167142857142855,0.22511904761904764,0.22255238095238092,0.21397619047619046,0.27361904761904765,0.28730952380952385,0.2718761904761905,0.31905428571428573,0.3070428571428571,0.3005857142857143,0.30503714285714284,0.3101457142857143,0.30546,0.3002542857142857,0.29912857142857147,0.2978942857142857,0.3000885714285714,0.2981771428571428,0.30567428571428573,0.32281714285714286,0.32483714285714294,0.3182542857142857,0.3017657142857143,0.29103999999999997,0.28165428571428575,0.29144571428571436,0.2923742857142857,0.3158914285714286,0.2969371428571429,0.29933428571428566,0.29382285714285716,0.30104857142857144,0.2899285714285715,0.2960171428571428,0.30893428571428566,0.30514,0.3062314285714286,0.272384693877551,0.2684,0.27131122448979594,0.2790887755102041,0.28232040816326526,0.28126734693877553,0.2769683673469387,0.2783938775510204,0.28259285714285715,0.2674418367346939,0.26864795918367346,0.27595510204081636,0.2895132653061224,0.2877061224489796,0.29319795918367353,0.3834952380952381,0.3840976190476191,0.3899166666666667,0.39362619047619046,0.4001095238095238,0.38467857142857137,0.39408333333333334,0.39512619047619046,0.39544761904761905,0.3833809523809523,0.3893166666666667,0.38921190476190487,0.39180952380952383,0.3766095238095238,0.37946428571428575,0.27578843537414965,0.27430612244897956,0.27474081632653063,0.2755795918367347,0.2755374149659864,0.27945646258503404,0.2802360544217687,0.28331156462585033,0.28536054421768703,0.2768081632653062,0.27349591836734694,0.2720272108843538,0.2779857142857143,0.27790272108843533,0.27298367346938773,Male,5,5-7,Elementary,S,NC,R16BF05b5_info1_250Hz_gu2_AEP.conn
R16E13B5,R16E13b5_info1_250Hz_gu2_AEP.conn,gu2,0.25897619047619047,0.25238571428571427,0.25507619047619046,0.25434761904761904,0.26549523809523806,0.24697142857142854,0.23576666666666668,0.23586666666666667,0.2363428571428571,0.2629,0.2640428571428572,0.26386666666666664,0.29203809523809526,0.29009523809523813,0.31489523809523806,0.37038,0.35659428571428575,0.3613114285714286,0.3677742857142857,0.36632,0.3663628571428571,0.36700285714285713,0.3796028571428572,0.3832428571428571,0.36978,0.37865142857142864,0.3837171428571428,0.4059114285714286,0.4073399999999999,0.42610857142857145,0.44515714285714286,0.43548285714285717,0.4258571428571429,0.42353428571428575,0.42526857142857144,0.42498571428571424,0.4185085714285715,0.42784857142857147,0.4309457142857143,0.4265314285714286,0.4239485714285715,0.4252828571428572,0.41729714285714287,0.42551714285714287,0.4164771428571428,0.4669928571428571,0.4630581632653062,0.45762346938775517,0.4631214285714285,0.46748979591836737,0.46543265306122444,0.47358469387755103,0.474865306122449,0.4755673469387755,0.4598673469387755,0.45748061224489794,0.4622897959183674,0.48239489795918367,0.48478673469387756,0.47504489795918364,0.5323119047619048,0.5307595238095238,0.5261238095238095,0.5317452380952381,0.5373833333333333,0.5314214285714286,0.5368595238095238,0.5446571428571428,0.5469261904761904,0.5338,0.5277880952380952,0.5329047619047619,0.5336666666666666,0.5423857142857144,0.5350904761904762,0.36293401360544214,0.3617,0.35599251700680273,0.34935918367346935,0.35059387755102034,0.36137687074829933,0.3582918367346939,0.3588598639455783,0.35735306122448984,0.35936938775510213,0.3574585034013606,0.3520156462585034,0.35673265306122454,0.35805510204081636,0.361925850340136,Male,5,5-7,Elementary,E,NC,R16E13b5_info1_250Hz_gu2_AEP.conn
R16E17B5,R16E17b5_info1_250Hz_gu2_AEP.conn,gu2,0.252047619047619,0.2586380952380952,0.25253809523809523,0.24210952380952386,0.23172857142857142,0.25491904761904766,0.24500952380952382,0.24185714285714288,0.2195666666666667,0.2592571428571429,0.2611142857142857,0.25839999999999996,0.2678619047619048,0.2630619047619048,0.28688571428571424,0.33942571428571433,0.33833142857142856,0.33195142857142856,0.3248714285714286,0.32084857142857137,0.3190257142857143,0.32273142857142856,0.3256200000000001,0.31710285714285713,0.34134857142857145,0.3404714285714286,0.33958285714285713,0.33498285714285714,0.34443999999999997,0.35726,0.24617142857142857,0.2468914285714286,0.2495628571428572,0.24947142857142862,0.24675142857142857,0.23510571428571433,0.23841714285714283,0.24173142857142857,0.22926285714285716,0.2456171428571429,0.24978285714285717,0.25058285714285716,0.24752571428571427,0.24494000000000002,0.23820571428571427,0.2962775510204082,0.2909377551020408,0.28401530612244896,0.2804744897959184,0.28355408163265305,0.29308877551020407,0.29551632653061216,0.2968387755102041,0.2946714285714286,0.2931928571428571,0.28878877551020404,0.28880510204081633,0.30912551020408163,0.3070173469387755,0.31589285714285714,0.4043261904761905,0.4043142857142857,0.39215,0.38649761904761903,0.3897952380952381,0.3740261904761904,0.3735928571428571,0.3779523809523809,0.3855714285714286,0.40063809523809524,0.39610952380952374,0.38994761904761904,0.3758690476190476,0.38144285714285714,0.4095452380952382,0.27685306122448977,0.2765047619047619,0.2735265306122449,0.27114693877551016,0.2717891156462585,0.2704523809523809,0.2684340136054422,0.2730972789115646,0.28223401360544215,0.2733040816326531,0.27407482993197285,0.27478027210884354,0.2709591836734694,0.27415442176870747,0.2778108843537415,Male,5,5-7,Elementary,E,NC,R16E17b5_info1_250Hz_gu2_AEP.conn
R16A03G07,R16A03g07_info1_250Hz_gu2_AEP.conn,gu2,0.2066714285714286,0.2063952380952381,0.20643333333333336,0.2085809523809524,0.2235666666666667,0.19449523809523808,0.20496666666666666,0.21682857142857145,0.21669523809523808,0.22058571428571427,0.22007619047619045,0.21906666666666666,0.27461428571428576,0.2723857142857143,0.2685571428571429,0.2799571428571429,0.2861371428571428,0.2888342857142857,0.29220857142857143,0.29265428571428576,0.31862,0.31730285714285716,0.30069142857142855,0.2817342857142857,0.2842857142857143,0.2964171428571429,0.30004285714285717,0.34812000000000004,0.3317771428571429,0.3362485714285714,0.2809828571428571,0.2834342857142857,0.2851971428571428,0.29047428571428574,0.29552,0.2941571428571429,0.30240857142857147,0.29585999999999996,0.2881285714285714,0.27997428571428573,0.28831142857142855,0.29102,0.3050657142857142,0.29500571428571426,0.2878742857142857,0.2560979591836735,0.25750510204081634,0.25792448979591837,0.2521377551020408,0.248769387755102,0.24461326530612246,0.24777244897959183,0.2593479591836735,0.2672214285714286,0.2583918367346939,0.26130816326530615,0.25436122448979587,0.2646173469387755,0.27451224489795917,0.2767561224489795,0.3468333333333333,0.34598095238095233,0.3421642857142857,0.33928095238095235,0.3361428571428571,0.31206666666666666,0.31759999999999994,0.31498571428571437,0.3087761904761905,0.3463642857142857,0.3452142857142857,0.3432190476190476,0.3275928571428572,0.3204619047619048,0.33819523809523805,0.2312687074829932,0.23767823129251703,0.23886258503401353,0.23537074829931978,0.23190000000000002,0.22807959183673468,0.23324149659863946,0.24005986394557827,0.2381707482993197,0.23124421768707482,0.23673265306122446,0.23806598639455787,0.22595442176870742,0.22790340136054418,0.23880068027210882,Female,7,5-7,Elementary,A,NC,R16A03g07_info1_250Hz_gu2_AEP.conn
R16E02Y06B,R16E02y06b_info1_250Hz_gu2_AEP.conn,gu2,0.37402380952380954,0.3743666666666667,0.384452380952381,0.39524285714285706,0.3909809523809524,0.3677809523809524,0.3839619047619047,0.36906190476190476,0.3572142857142857,0.3885238095238095,0.3981047619047619,0.3936761904761905,0.3813476190476191,0.37064761904761906,0.4071857142857143,0.47800000000000004,0.47132000000000007,0.46948,0.4652657142857143,0.4575342857142857,0.45541428571428566,0.4645085714285714,0.46178285714285716,0.4664542857142857,0.4719428571428571,0.46441428571428567,0.4598971428571429,0.4958571428571429,0.4897571428571429,0.4833742857142857,0.5013114285714286,0.5046,0.5047971428571427,0.5012485714285714,0.49536571428571435,0.4785085714285714,0.4815942857142857,0.49408571428571424,0.51328,0.5027028571428571,0.50626,0.5092771428571429,0.48151714285714287,0.4904828571428571,0.49723428571428563,0.42415510204081647,0.42076632653061224,0.4132489795918367,0.41647857142857136,0.4248214285714286,0.4377316326530613,0.4311826530612245,0.4249081632653061,0.4312602040816326,0.4291448979591837,0.42452653061224493,0.4249663265306123,0.43678775510204076,0.4387704081632653,0.44425714285714285,0.5138714285714286,0.5137690476190476,0.5179666666666667,0.5213309523809524,0.5104809523809525,0.51765,0.5192738095238095,0.5241738095238095,0.5111119047619047,0.524745238095238,0.5291309523809523,0.5291333333333333,0.5222690476190476,0.5241119047619048,0.527547619047619,0.3983680272108843,0.40276530612244893,0.4128945578231292,0.4106673469387754,0.4058551020408163,0.402174149659864,0.4070095238095239,0.4012095238095238,0.3923122448979592,0.4110401360544217,0.41863537414966,0.420921088435374,0.4006272108843536,0.39554489795918374,0.41749455782312916,Female,6,5-7,Elementary,E,NC,R16E02y06b_info1_250Hz_gu2_AEP.conn
R16BF02G9INFO1,R16BF02g9info1_250Hz_gu2_AEP.conn,gu2,0.2360952380952381,0.2415142857142857,0.24254285714285717,0.24384761904761906,0.2580190476190476,0.24996666666666667,0.2242333333333333,0.23680476190476188,0.25651428571428575,0.24531428571428573,0.25281904761904767,0.2517047619047619,0.29464285714285715,0.3020095238095238,0.32444285714285714,0.39532285714285714,0.3955828571428571,0.39953428571428573,0.4060114285714286,0.40372571428571424,0.3959371428571429,0.39526000000000006,0.39634857142857144,0.4095457142857143,0.39770857142857147,0.4020228571428571,0.4062685714285714,0.43476857142857145,0.43118285714285715,0.4217457142857143,0.28621142857142856,0.2830114285714286,0.2780571428571429,0.2727114285714286,0.27202000000000004,0.28078857142857144,0.2679028571428571,0.2692428571428571,0.2858742857142858,0.28554857142857143,0.28026285714285715,0.2750914285714286,0.27068000000000003,0.26496285714285717,0.26876,0.2797612244897959,0.27686122448979594,0.2711632653061224,0.26563877551020404,0.2590112244897959,0.2669234693877551,0.2615561224489796,0.25695204081632655,0.25271836734693875,0.2742938775510204,0.27155,0.2676091836734694,0.2809642857142857,0.27954591836734693,0.2826520408163265,0.390147619047619,0.38916666666666666,0.38682857142857136,0.37956904761904764,0.3791761904761905,0.3983357142857143,0.38885714285714296,0.36647857142857143,0.3575238095238096,0.38391904761904766,0.3860976190476191,0.3800095238095238,0.38830952380952377,0.37077142857142853,0.38394761904761904,0.27414149659863946,0.26975442176870756,0.2745374149659864,0.27638911564625857,0.28030068027210886,0.2853646258503401,0.27994965986394565,0.2816551020408163,0.28127551020408165,0.27832244897959185,0.28110612244897953,0.2802278911564626,0.26726598639455784,0.2689190476190476,0.2802551020408164,Female,9,8-12,Elementary,S,NC,R16BF02g9info1_250Hz_gu2_AEP.conn
R16A02G05B,R16A02g05b_info1_250Hz_gu2_AEP.conn,gu2,0.28468095238095237,0.2846190476190476,0.29404761904761906,0.30424761904761904,0.29870476190476186,0.2489809523809524,0.249952380952381,0.2869142857142857,0.3012476190476191,0.3026761904761905,0.29733809523809523,0.30563809523809526,0.30665714285714285,0.32251904761904765,0.3193333333333333,0.3871914285714285,0.38674285714285717,0.38721142857142854,0.38021142857142853,0.3804228571428571,0.37435428571428575,0.37395428571428574,0.3770971428571429,0.37278857142857136,0.39198857142857146,0.39460571428571434,0.39135714285714285,0.39476000000000006,0.3993971428571429,0.42887142857142857,0.43129428571428574,0.4400285714285713,0.43674857142857143,0.44016857142857146,0.4323828571428572,0.46732571428571423,0.46541999999999994,0.4617028571428571,0.4438171428571428,0.44241714285714284,0.4455228571428571,0.4540457142857143,0.4645542857142857,0.46053714285714287,0.4449142857142857,0.340330612244898,0.3421826530612245,0.34583469387755095,0.35134489795918367,0.34834285714285723,0.35274693877551017,0.35312040816326523,0.35415306122448975,0.350704081632653,0.33914795918367346,0.3427214285714286,0.3507408163265306,0.36819081632653056,0.3720377551020408,0.3659306122448979,0.4639809523809524,0.45965476190476195,0.4571047619047619,0.46341190476190475,0.4653857142857143,0.46453809523809525,0.4719,0.4752285714285714,0.4607619047619047,0.4610642857142857,0.4706238095238095,0.47396190476190475,0.47468809523809524,0.4700785714285714,0.46810714285714283,0.3730102040816326,0.3661965986394558,0.35699727891156463,0.3500401360544218,0.35639251700680274,0.3521367346938775,0.3585,0.36315102040816327,0.35992176870748294,0.37084829931972785,0.36075986394557813,0.34789455782312934,0.36496122448979584,0.36848707482993204,0.3667591836734694,Female,5,5-7,Elementary,A,NC,R16A02g05b_info1_250Hz_gu2_AEP.conn
