participant_id,filename,condition,delta_ACtL_ACrL,delta_ACtL_ACaL,delta_ACtL_ACtR,delta_ACtL_ACrR,delta_ACtL_ACaR,delta_ACrL_ACaL,delta_ACrL_ACtR,delta_ACrL_ACrR,delta_ACrL_ACaR,delta_ACaL_ACtR,delta_ACaL_ACrR,delta_ACaL_ACaR,delta_ACtR_ACrR,delta_ACtR_ACaR,delta_ACrR_ACaR,theta_ACtL_ACrL,theta_ACtL_ACaL,theta_ACtL_ACtR,theta_ACtL_ACrR,theta_ACtL_ACaR,theta_ACrL_ACaL,theta_ACrL_ACtR,theta_ACrL_ACrR,theta_ACrL_ACaR,theta_ACaL_ACtR,theta_ACaL_ACrR,theta_ACaL_ACaR,theta_ACtR_ACrR,theta_ACtR_ACaR,theta_ACrR_ACaR,alpha_ACtL_ACrL,alpha_ACtL_ACaL,alpha_ACtL_ACtR,alpha_ACtL_ACrR,alpha_ACtL_ACaR,alpha_ACrL_ACaL,alpha_ACrL_ACtR,alpha_ACrL_ACrR,alpha_ACrL_ACaR,alpha_ACaL_ACtR,alpha_ACaL_ACrR,alpha_ACaL_ACaR,alpha_ACtR_ACrR,alpha_ACtR_ACaR,alpha_ACrR_ACaR,beta_ACtL_ACrL,beta_ACtL_ACaL,beta_ACtL_ACtR,beta_ACtL_ACrR,beta_ACtL_ACaR,beta_ACrL_ACaL,beta_ACrL_ACtR,beta_ACrL_ACrR,beta_ACrL_ACaR,beta_ACaL_ACtR,beta_ACaL_ACrR,beta_ACaL_ACaR,beta_ACtR_ACrR,beta_ACtR_ACaR,beta_ACrR_ACaR,highbeta_ACtL_ACrL,highbeta_ACtL_ACaL,highbeta_ACtL_ACtR,highbeta_ACtL_ACrR,highbeta_ACtL_ACaR,highbeta_ACrL_ACaL,highbeta_ACrL_ACtR,highbeta_ACrL_ACrR,highbeta_ACrL_ACaR,highbeta_ACaL_ACtR,highbeta_ACaL_ACrR,highbeta_ACaL_ACaR,highbeta_ACtR_ACrR,highbeta_ACtR_ACaR,highbeta_ACrR_ACaR,gamma_ACtL_ACrL,gamma_ACtL_ACaL,gamma_ACtL_ACtR,gamma_ACtL_ACrR,gamma_ACtL_ACaR,gamma_ACrL_ACaL,gamma_ACrL_ACtR,gamma_ACrL_ACrR,gamma_ACrL_ACaR,gamma_ACaL_ACtR,gamma_ACaL_ACrR,gamma_ACaL_ACaR,gamma_ACtR_ACrR,gamma_ACtR_ACaR,gamma_ACrR_ACaR,gender,age,age_group,age_group_edu,lang,lang_group,file_name
R16C06B16,R16C06b16_info1_250Hz_gu1_AEP(1).conn,gu1,0.24112549019607843,0.24726862745098033,0.24878823529411762,0.25172941176470587,0.2637960784313726,0.2865137254901961,0.2811411764705882,0.2709372549019608,0.27211568627450977,0.25798823529411763,0.26281568627450985,0.2622,0.3093823529411765,0.2990392156862745,0.2816450980392157,0.3106835294117647,0.3196317647058823,0.3244941176470589,0.3289964705882353,0.33624823529411774,0.3357305882352941,0.3348423529411765,0.3300941176470588,0.3239564705882353,0.3161882352941176,0.32225411764705886,0.3275588235294118,0.3364529411764706,0.3336929411764706,0.3357894117647059,0.3226905882352941,0.32285176470588234,0.32040823529411766,0.32602588235294117,0.33312823529411767,0.32525529411764703,0.3216964705882353,0.3187729411764706,0.3207870588235294,0.3204870588235294,0.31726117647058827,0.3183670588235294,0.3279035294117647,0.31849176470588236,0.3115376470588235,0.3560172268907563,0.3584134453781513,0.36169411764705883,0.36590210084033614,0.36701218487394954,0.35381050420168064,0.3521424369747899,0.35499075630252097,0.36189957983193277,0.367618487394958,0.3713546218487395,0.3745546218487395,0.3723773109243697,0.3711844537815126,0.3729218487394958,0.32040980392156865,0.3260078431372549,0.3307137254901961,0.3292058823529412,0.3279352941176471,0.32515,0.3189156862745098,0.3171911764705882,0.31636274509803924,0.3195656862745098,0.32787254901960783,0.3253029411764706,0.3290754901960784,0.32544803921568627,0.3328313725490196,0.2624327731092437,0.26406890756302515,0.2639879551820729,0.26227254901960784,0.26239411764705883,0.26165854341736694,0.25969075630252103,0.25734201680672275,0.25830028011204476,0.2632254901960784,0.26572464985994393,0.26659103641456583,0.2643042016806723,0.26301064425770304,0.26842240896358543,Male,16,Teen,Secondary,C,C,R16C06b16_info1_250Hz_gu2_AEP(1).conn
R16C05B13,R16C05b13_info1_250Hz_gu1_AEP.conn,gu1,0.27134705882352944,0.26982352941176474,0.29211960784313723,0.3069686274509804,0.31247843137254905,0.31669803921568634,0.31054705882352934,0.29488235294117643,0.3036156862745098,0.3087529411764706,0.3181921568627451,0.3219470588235294,0.3320490196078431,0.3230843137254902,0.3425352941176471,0.35850470588235295,0.3533529411764706,0.3585905882352941,0.3592258823529412,0.3624882352941176,0.3739952941176471,0.3776058823529412,0.36841411764705884,0.3692952941176471,0.3508494117647059,0.3544058823529412,0.3570576470588235,0.3799411764705882,0.37458588235294116,0.37255764705882355,0.29693764705882353,0.28475529411764705,0.28026000000000006,0.2910658823529412,0.30580588235294115,0.3114129411764706,0.3048988235294118,0.3032435294117647,0.31648235294117655,0.2705141176470588,0.2698282352941176,0.2823282352941176,0.2967847058823529,0.29671176470588234,0.28324588235294124,0.3197878151260504,0.3180563025210084,0.3160983193277311,0.3159529411764706,0.31843991596638654,0.32769411764705886,0.3261957983193277,0.3246983193277311,0.3245899159663866,0.3285214285714286,0.3246436974789916,0.32202100840336134,0.33855882352941175,0.3387873949579832,0.3370915966386555,0.3341705882352941,0.3356705882352941,0.3338313725490196,0.3298049019607843,0.3265480392156863,0.3338578431372549,0.3410970588235294,0.34507941176470586,0.350314705882353,0.3434950980392157,0.3490421568627451,0.35141274509803916,0.35928039215686275,0.35623725490196073,0.3479598039215686,0.2797156862745098,0.2810445378151261,0.28563613445378155,0.28963165266106444,0.2922159663865546,0.28504957983193274,0.2876649859943977,0.2855156862745099,0.2831826330532213,0.28549439775910357,0.2870613445378152,0.2887854341736694,0.29339271708683473,0.2916224089635854,0.28859243697478987,Male,13,Teen,Secondary,C,C,R16C05b13_info1_250Hz_gu2_AEP.conn
R16C39B10,R16C39b10_info1_250Hz_gu1_AEP.conn,gu1,0.25013529411764707,0.24559607843137257,0.2418098039215686,0.2493372549019608,0.2572686274509804,0.2411392156862745,0.23588235294117646,0.2350352941176471,0.24648235294117649,0.2581921568627451,0.2528078431372549,0.2608901960784314,0.2620803921568628,0.261256862745098,0.2724019607843137,0.3389505882352942,0.3407270588235295,0.34634588235294117,0.35042470588235297,0.35682,0.3342235294117647,0.3348317647058824,0.33706,0.3382588235294118,0.3393905882352941,0.3410729411764706,0.3439623529411765,0.3397070588235294,0.34422,0.3529129411764706,0.3113376470588235,0.3103011764705882,0.31040470588235297,0.3177611764705882,0.3209517647058824,0.3069329411764706,0.30260235294117643,0.3061764705882353,0.31346235294117647,0.3052270588235294,0.3067470588235294,0.30987411764705886,0.30143058823529406,0.30514823529411766,0.3120305882352941,0.3192285714285714,0.32089621848739497,0.3217714285714286,0.31892184873949575,0.31744117647058817,0.31799789915966387,0.3145117647058823,0.3154588235294118,0.31803991596638653,0.32876302521008405,0.33038739495798314,0.32794285714285715,0.3252063025210084,0.3255647058823529,0.3378012605042016,0.30358529411764706,0.2993450980392158,0.2965872549019608,0.2903598039215686,0.2883362745098039,0.3060813725490196,0.3023470588235294,0.30022058823529413,0.29878235294117644,0.29703431372549016,0.29219117647058823,0.28655,0.29311862745098044,0.2939509803921569,0.29878333333333335,0.24553865546218478,0.24525294117647062,0.24195434173669472,0.24042941176470584,0.2394509803921569,0.23830168067226898,0.24140896358543423,0.24527731092436977,0.2481238095238095,0.2501635854341736,0.2458871148459383,0.24634257703081225,0.24855266106442578,0.2500403361344538,0.25152941176470583,Male,10,8-12,Elementary,C,C,R16C39b10_info1_250Hz_gu2_AEP.conn
R16C33B05,R16C33b05_info1_250Hz_gu1_AEP.conn,gu1,0.24923529411764708,0.2503137254901961,0.25523725490196075,0.25446274509803923,0.257821568627451,0.24230980392156865,0.23251764705882358,0.23692745098039217,0.25804705882352935,0.2729392156862745,0.2745588235294118,0.2696470588235294,0.2628039215686275,0.26524509803921564,0.29051960784313724,0.31912117647058824,0.31433176470588237,0.3172976470588235,0.31482823529411763,0.31398470588235294,0.30285882352941174,0.2990388235294118,0.29562823529411764,0.3034858823529412,0.3142070588235294,0.31400352941176474,0.31050352941176473,0.3101364705882353,0.3080270588235294,0.3213482352941176,0.26262705882352944,0.2634082352941176,0.2678682352941177,0.2708976470588235,0.2671635294117647,0.2790705882352941,0.27384,0.26757411764705885,0.27427764705882357,0.26694117647058824,0.26857882352941176,0.27183529411764706,0.26688470588235297,0.26030117647058826,0.2650647058823529,0.2943243697478991,0.3012348739495798,0.3006924369747899,0.2993966386554622,0.3028201680672269,0.30749327731092435,0.30241344537815124,0.2955180672268907,0.29239705882352945,0.3094172268907563,0.3086957983193277,0.30558781512605043,0.31122731092436984,0.3076487394957983,0.313744537815126,0.29036666666666666,0.2857803921568627,0.28675686274509804,0.27879117647058826,0.27417745098039215,0.28756274509803925,0.28846372549019605,0.29352254901960784,0.2963127450980392,0.29315392156862746,0.29478921568627453,0.29004705882352944,0.2867892156862745,0.2945774509803922,0.2946970588235294,0.2399456582633053,0.2429540616246499,0.24723389355742298,0.24647142857142862,0.24408431372549025,0.2467943977591036,0.24806778711484592,0.24677703081232494,0.24337787114845938,0.24603529411764702,0.2525176470588235,0.2517557422969188,0.25008683473389365,0.2517375350140056,0.25094313725490197,Male,5,5-7,Elementary,C,C,R16C33b05_info1_250Hz_gu2_AEP.conn
R16C03G5,R16C03g5_info1_250Hz_gu1_AEP.conn,gu1,0.3314607843137255,0.3206431372549019,0.3161509803921569,0.3217058823529412,0.3217450980392157,0.35546078431372546,0.34159215686274513,0.33136078431372545,0.3340058823529412,0.35255882352941176,0.3435294117647059,0.34077843137254904,0.3670686274509804,0.35931176470588233,0.3751333333333333,0.3854505882352941,0.3894388235294118,0.39047411764705886,0.38387764705882355,0.38807176470588234,0.3873270588235294,0.3790494117647059,0.37300588235294113,0.3755082352941176,0.3936329411764706,0.39058588235294117,0.38362705882352943,0.3961352941176471,0.39407764705882353,0.4001505882352941,0.36845647058823533,0.36224823529411765,0.37282470588235295,0.37726117647058827,0.3854023529411765,0.3643235294117647,0.3591117647058824,0.3591458823529412,0.36198,0.35564823529411765,0.3703411764705883,0.37737411764705886,0.3393929411764706,0.3429458823529412,0.3614964705882353,0.36399075630252103,0.37044411764705887,0.37020420168067236,0.36746680672268905,0.3607991596638655,0.36034369747899164,0.3610663865546218,0.36010630252100845,0.36189705882352946,0.37515336134453786,0.37613907563025206,0.37343319327731095,0.3707974789915966,0.3657546218487395,0.3737441176470588,0.3519127450980392,0.34386274509803916,0.3410333333333333,0.34480784313725493,0.34690098039215683,0.3441450980392156,0.3354009803921569,0.33146274509803925,0.3345676470588235,0.3634460784313725,0.3424725490196079,0.33531274509803927,0.3398323529411764,0.33758921568627454,0.3423794117647059,0.308858543417367,0.30820308123249296,0.3077621848739496,0.3076179271708684,0.3082901960784314,0.29898683473389354,0.30408095238095234,0.30762997198879544,0.3082344537815126,0.31197030812324933,0.3128913165266106,0.31666554621848736,0.30671680672268903,0.307753781512605,0.3147420168067227,Female,5,5-7,Elementary,C,C,R16C03g5_info1_250Hz_gu2_AEP.conn
R16C25B5,R16C25b5_info1_250Hz_gu1_AEP.conn,gu1,0.2724705882352941,0.26655686274509804,0.27364313725490197,0.28564901960784317,0.2844705882352941,0.2921764705882353,0.2928980392156863,0.29287843137254904,0.30469999999999997,0.27562156862745096,0.2887725490196078,0.2976117647058824,0.32308039215686274,0.32145098039215686,0.3094843137254902,0.3382047058823529,0.33763411764705875,0.34335764705882355,0.3478764705882353,0.3426411764705882,0.3457658823529412,0.3526611764705882,0.3558141176470588,0.35222117647058826,0.3264858823529412,0.33475058823529413,0.3451529411764706,0.35807176470588237,0.35742588235294115,0.3421035294117647,0.3088517647058824,0.3055941176470588,0.30475176470588233,0.3142670588235294,0.3174858823529411,0.3035376470588236,0.31855764705882356,0.32384352941176475,0.3244776470588235,0.29453411764705884,0.2972435294117647,0.3060047058823529,0.3096882352941176,0.30877882352941177,0.29181882352941174,0.318540756302521,0.31827226890756294,0.31852899159663867,0.3203697478991597,0.3211155462184874,0.31537773109243694,0.31427142857142865,0.3144634453781512,0.3200474789915967,0.32718907563025207,0.32667857142857143,0.3271588235294118,0.32488823529411764,0.3235714285714285,0.33178529411764707,0.32321862745098034,0.32421764705882355,0.32434215686274515,0.3189107843137255,0.31644215686274507,0.3290598039215687,0.33255588235294115,0.33316372549019607,0.3339107843137255,0.3269519607843137,0.3220588235294118,0.31535882352941175,0.32621372549019606,0.33224313725490195,0.327171568627451,0.2740168067226891,0.27372577030812323,0.27288991596638656,0.2756532212885154,0.2730036414565826,0.26891512605042023,0.2676988795518207,0.26650112044817925,0.2674179271708684,0.27865490196078424,0.2805529411764706,0.28215686274509805,0.2728044817927171,0.27252745098039216,0.2789302521008404,Male,5,5-7,Elementary,C,C,R16C25b5_info1_250Hz_gu2_AEP.conn
R16M09G18,R16M09g18_info1_250Hz_gu1_AEP.conn,gu1,0.3040058823529412,0.30198039215686273,0.2936333333333333,0.28815098039215686,0.2871274509803922,0.29100588235294117,0.2980058823529412,0.2982313725490196,0.31400000000000006,0.32446470588235293,0.3176196078431372,0.31125882352941175,0.32489411764705883,0.3229294117647059,0.34146666666666675,0.3514564705882353,0.3515635294117647,0.34748117647058824,0.34187529411764706,0.340835294117647,0.3533858823529411,0.3556682352941177,0.3516811764705882,0.3530376470588235,0.3502211764705882,0.3468682352941177,0.3427364705882353,0.3650470588235294,0.35778823529411763,0.3583494117647059,0.3068847058823529,0.30924117647058835,0.3105588235294118,0.3105870588235294,0.3151529411764705,0.3176929411764705,0.3256117647058823,0.3260388235294117,0.32267529411764706,0.30230588235294115,0.30144000000000004,0.3015364705882353,0.3090282352941176,0.30802117647058824,0.2892129411764706,0.3164172268907563,0.3180134453781513,0.3218634453781513,0.3214609243697479,0.3189281512605042,0.316972268907563,0.3186991596638656,0.3211726890756303,0.31911344537815134,0.3268046218487396,0.3293735294117647,0.329009243697479,0.33327773109243697,0.33388193277310924,0.33721554621848737,0.313921568627451,0.3180470588235294,0.32566764705882356,0.32839117647058824,0.3297411764705882,0.3267666666666667,0.3256274509803922,0.32752745098039215,0.3253490196078431,0.32948039215686276,0.3335539215686274,0.339243137254902,0.33147745098039216,0.3321401960784313,0.33106176470588233,0.29563809523809526,0.29506638655462186,0.2934050420168067,0.2928285714285715,0.29396442577030807,0.2916254901960785,0.29269411764705877,0.29665322128851546,0.300161344537815,0.2980523809523809,0.2991624649859944,0.2991495798319328,0.29967507002801125,0.30279075630252106,0.30184509803921566,Female,18,Teen,Secondary,C,C,R16M09g18_info1_250Hz_gu2_AEP.conn
R16C19G8,R16C19g8_info1_250Hz_gu1_AEP.conn,gu1,0.2495764705882353,0.2439803921568627,0.24132156862745094,0.24030392156862748,0.23792745098039214,0.2543725490196079,0.26045098039215686,0.27194117647058824,0.28313333333333335,0.2570862745098039,0.2543666666666667,0.25929019607843135,0.29129999999999995,0.3056196078431372,0.28633529411764713,0.3277847058823529,0.32822352941176475,0.33711647058823524,0.3322541176470588,0.32538941176470587,0.3381505882352941,0.33379294117647057,0.33422,0.33075647058823526,0.3149635294117647,0.33032235294117646,0.33089529411764707,0.341384705882353,0.34278705882352933,0.33735882352941177,0.2907329411764706,0.2942211764705882,0.30112941176470587,0.30231176470588234,0.29572000000000004,0.2925376470588235,0.2935141176470588,0.29418705882352947,0.30062470588235296,0.284835294117647,0.2894694117647059,0.2920141176470588,0.2908423529411765,0.29017176470588235,0.2824317647058824,0.3212340336134454,0.3202521008403361,0.3230378151260504,0.3239512605042016,0.3217021008403362,0.317305462184874,0.3224113445378151,0.3276432773109243,0.3237050420168067,0.3290487394957983,0.32797605042016814,0.3291802521008404,0.3326180672268907,0.3409672268907563,0.3345789915966386,0.3179088235294118,0.3234235294117647,0.3260637254901961,0.3265754901960784,0.32359313725490196,0.33712450980392156,0.339628431372549,0.33521666666666666,0.33195,0.3311588235294118,0.3354745098039216,0.33613627450980393,0.33996764705882354,0.3389617647058824,0.33716176470588227,0.2805714285714286,0.282298599439776,0.27996666666666664,0.2753008403361345,0.27013221288515404,0.2788927170868347,0.2790871148459384,0.27814285714285714,0.2763857142857143,0.28394005602240896,0.28355294117647056,0.2805095238095238,0.2809389355742297,0.2836352941176471,0.2812464985994398,Female,8,8-12,Elementary,C,C,R16C19g8_info1_250Hz_gu2_AEP.conn
R16C37B6,R16C37b6_info1_250Hz_gu1_AEP.conn,gu1,0.26807254901960786,0.2635431372549019,0.2575980392156863,0.26420196078431374,0.2674196078431373,0.2557823529411765,0.25811372549019607,0.2671764705882353,0.2837901960784314,0.27166666666666667,0.2741686274509804,0.2761725490196078,0.2931862745098039,0.30238627450980393,0.29073921568627453,0.32169411764705885,0.3245164705882353,0.32803647058823526,0.3288623529411765,0.3250541176470588,0.31748705882352934,0.3172894117647059,0.3069141176470588,0.3041270588235294,0.3247858823529412,0.3247952941176471,0.3234070588235294,0.3290152941176471,0.3204364705882353,0.33287647058823533,0.26576823529411764,0.26839999999999997,0.2706435294117647,0.2676211764705882,0.26478,0.27788705882352943,0.28237529411764706,0.27387882352941173,0.2698341176470588,0.2665964705882353,0.2689635294117647,0.27168352941176466,0.2725517647058823,0.2726705882352941,0.2706941176470588,0.30141092436974787,0.30398697478991593,0.3030873949579832,0.29983697478991594,0.2965781512605043,0.29808151260504195,0.2984159663865546,0.2992340336134453,0.2998924369747899,0.3107155462184874,0.3080533613445378,0.30689621848739496,0.3071063025210084,0.3080932773109244,0.30985840336134457,0.3230088235294118,0.3229490196078431,0.3198441176470588,0.3226274509803922,0.32244117647058823,0.32798431372549025,0.3228549019607843,0.31815294117647064,0.31691470588235293,0.3206921568627451,0.32154215686274507,0.32654411764705876,0.3173372549019608,0.31419411764705885,0.32811764705882346,0.27133865546218494,0.2691459383753501,0.2678226890756302,0.2691655462184874,0.271573949579832,0.274481512605042,0.27362661064425775,0.27288543417366945,0.2719943977591037,0.2714086834733893,0.27040532212885154,0.2730484593837535,0.27968431372549024,0.2781322128851541,0.2685280112044818,Male,6,5-7,Elementary,C,C,R16C37b6_info1_250Hz_gu2_AEP.conn
R16M06B06,R16M06b06_info1_250Hz_gu1_AEP.conn,gu1,0.29614313725490193,0.2813529411764706,0.2731588235294118,0.27571568627450976,0.29068235294117645,0.2962450980392157,0.3084686274509804,0.3223294117647059,0.3359823529411765,0.2940098039215686,0.2874333333333333,0.29392352941176475,0.3323411764705882,0.3422019607843137,0.3322,0.36340588235294125,0.3599894117647059,0.35761882352941177,0.3549341176470588,0.35966000000000004,0.35048705882352943,0.3552305882352941,0.36095411764705876,0.3591152941176471,0.36995294117647054,0.3600811764705882,0.3565847058823529,0.3711423529411764,0.3703917647058823,0.37427529411764704,0.3472035294117647,0.3446717647058824,0.33997647058823527,0.3362505882352941,0.32949058823529415,0.34372823529411767,0.34714235294117646,0.3571776470588236,0.36233882352941177,0.35326823529411766,0.34809411764705883,0.3402105882352941,0.3484905882352941,0.3582317647058824,0.35644588235294117,0.3734382352941176,0.37615924369747894,0.3775138655462184,0.38019201680672265,0.3803411764705883,0.3787256302521009,0.38259915966386554,0.3838214285714286,0.3843063025210084,0.38159957983193277,0.383281512605042,0.38518361344537816,0.3883831932773109,0.3921063025210083,0.3863617647058824,0.3445774509803922,0.34556176470588235,0.35764117647058824,0.36853137254901963,0.37028137254901966,0.36396470588235297,0.36430686274509805,0.36393627450980387,0.36421666666666663,0.34365784313725495,0.3573745098039216,0.37237549019607846,0.36348039215686273,0.36373235294117645,0.36485882352941185,0.3143114845938376,0.312635294117647,0.3106512605042017,0.30863949579831934,0.3100546218487394,0.31121372549019605,0.30606666666666665,0.3010442577030812,0.2999518207282913,0.31895602240896354,0.3164789915966386,0.3142543417366947,0.3074372549019608,0.3025521008403361,0.320129411764706,Male,6,5-7,Elementary,C,C,R16M06b06_info1_250Hz_gu2_AEP.conn
R16C34B06,R16C34b06_info1_250Hz_gu1_AEP.conn,gu1,0.2699156862745098,0.26223529411764707,0.25544901960784316,0.25200196078431375,0.25948235294117644,0.2669882352941177,0.2672803921568628,0.2686176470588235,0.28248823529411765,0.26016078431372547,0.2627921568627451,0.2626039215686275,0.29021372549019603,0.294243137254902,0.2917333333333333,0.34231058823529414,0.3470294117647059,0.33958588235294124,0.3322494117647059,0.32994941176470594,0.3304070588235294,0.3291670588235294,0.3285529411764706,0.32940470588235293,0.34229647058823526,0.3376729411764706,0.3330611764705882,0.33210941176470593,0.3375070588235295,0.3436588235294117,0.31762,0.3214564705882353,0.32264470588235294,0.32190941176470583,0.31982823529411764,0.3126670588235294,0.30303882352941175,0.30338117647058827,0.30765176470588235,0.321175294117647,0.3194247058823529,0.316404705882353,0.30423411764705877,0.30573294117647054,0.31792588235294117,0.3476294117647059,0.3468016806722689,0.3470773109243697,0.3503726890756303,0.3538151260504202,0.3521344537815127,0.3505033613445378,0.3461689075630252,0.3451348739495798,0.3557781512605042,0.3551453781512605,0.3536058823529412,0.36060630252100845,0.3618306722689076,0.3575592436974791,0.32543529411764704,0.3217294117647059,0.3192960784313726,0.31792156862745097,0.32446568627450983,0.33321372549019607,0.3332039215686275,0.33047941176470585,0.3272460784313726,0.32781470588235295,0.3273009803921569,0.3279627450980392,0.33366274509803917,0.3331382352941176,0.33188921568627455,0.27983081232493,0.27970224089635853,0.27894005602240896,0.27831484593837535,0.27889047619047624,0.28019383753501403,0.2812719887955182,0.2827635854341737,0.28239439775910363,0.2869422969187676,0.28652156862745104,0.28530672268907564,0.2825868347338935,0.2846882352941177,0.28804369747899167,Male,6,5-7,Elementary,C,C,R16C34b06_info1_250Hz_gu2_AEP.conn
R16C07G9,R16C07g9_info1_250Hz_gu1_AEP.conn,gu1,0.3328078431372549,0.3260588235294118,0.32206274509803917,0.3264705882352941,0.32134705882352943,0.32287843137254907,0.3234313725490196,0.31768627450980386,0.3340372549019608,0.35247843137254903,0.343335294117647,0.3444450980392157,0.35012941176470586,0.3457588235294118,0.3641509803921568,0.3929494117647058,0.39150117647058824,0.3962482352941176,0.4046435294117646,0.4088564705882353,0.4082529411764706,0.4068964705882353,0.40476470588235297,0.3987352941176471,0.40111647058823535,0.401010588235294,0.4091364705882353,0.4270047058823529,0.4272494117647058,0.41175882352941173,0.39494117647058824,0.39456823529411766,0.3893905882352941,0.3901,0.39033882352941174,0.38936588235294123,0.39715999999999996,0.40138705882352943,0.4011364705882353,0.39596117647058826,0.3900682352941176,0.39172352941176475,0.3916788235294118,0.39713882352941177,0.38509529411764704,0.3819256302521009,0.3838584033613445,0.380844537815126,0.3834218487394958,0.3848735294117646,0.37806680672268905,0.3803844537815126,0.3853285714285714,0.3845361344537815,0.3897247899159665,0.38649621848739496,0.38696134453781506,0.3879836134453782,0.3915226890756303,0.387,0.3192911764705882,0.316343137254902,0.31124019607843134,0.3152372549019608,0.3224882352941177,0.32491470588235294,0.3206666666666667,0.318771568627451,0.3202911764705882,0.3220362745098038,0.3170382352941176,0.3187676470588236,0.3149627450980392,0.31293627450980394,0.3156343137254903,0.30284509803921567,0.30317170868347343,0.30161540616246496,0.2981787114845938,0.29590364145658266,0.3007551820728291,0.2987787114845939,0.2975703081232493,0.29989243697478996,0.30186750700280107,0.2981960784313725,0.2970823529411765,0.30287619047619047,0.3027641456582633,0.29756358543417366,Female,9,8-12,Elementary,C,C,R16C07g9_info1_250Hz_gu2_AEP.conn
R16C18B7,R16C18b7_info1_250Hz_gu1_AEP.conn,gu1,0.3794098039215686,0.3912450980392157,0.38950588235294115,0.3742254901960784,0.3677725490196078,0.32753529411764704,0.33699215686274514,0.34599215686274515,0.3772274509803921,0.4067509803921569,0.4055294117647059,0.39467254901960785,0.38580980392156855,0.390978431372549,0.4185117647058823,0.41234000000000004,0.4067435294117647,0.4170964705882353,0.42213294117647066,0.42123999999999995,0.39354235294117645,0.3988905882352941,0.3983658823529412,0.4123011764705883,0.4073611764705882,0.41978117647058816,0.4191023529411765,0.42492352941176464,0.4241494117647059,0.42967529411764704,0.39806588235294116,0.39990941176470585,0.3989741176470588,0.39876235294117646,0.39016588235294114,0.3906082352941177,0.39200235294117647,0.38691647058823525,0.3927341176470588,0.4002470588235294,0.4053705882352941,0.40680588235294113,0.4095552941176471,0.40499176470588233,0.4087176470588235,0.43044705882352946,0.430705462184874,0.42549537815126054,0.4183256302521009,0.41231302521008406,0.43218739495798314,0.43404327731092435,0.4328289915966387,0.4320941176470589,0.43789243697478986,0.43393487394957975,0.4277298319327732,0.4451012605042016,0.4393495798319327,0.43963949579831935,0.38736176470588246,0.3986882352941176,0.401171568627451,0.403213725490196,0.39811274509803923,0.3715970588235294,0.3730911764705882,0.3850578431372549,0.38708137254901964,0.393871568627451,0.39220784313725493,0.39421960784313725,0.3835176470588235,0.38476568627450974,0.3867441176470588,0.3466495798319328,0.3416761904761905,0.3407187675070028,0.344552380952381,0.3490086834733893,0.3499929971988795,0.3492761904761905,0.34677731092436986,0.34600336134453785,0.3492988795518207,0.34791876750700285,0.35309187675070036,0.357950700280112,0.35316442577030815,0.3471016806722689,Male,7,5-7,Elementary,C,C,R16C18b7_info1_250Hz_gu2_AEP.conn
R16C20B9,R16C20b9_info1_250Hz_gu1_AEP.conn,gu1,0.2703843137254902,0.2679862745098039,0.26884705882352944,0.260564705882353,0.2514137254901961,0.2593137254901961,0.25817254901960784,0.26462549019607845,0.2821196078431372,0.2727882352941176,0.2722803921568628,0.2700607843137255,0.2892137254901961,0.29573529411764704,0.2949,0.29248941176470594,0.28585764705882355,0.28266823529411766,0.28487411764705883,0.2884788235294117,0.29910000000000003,0.3024223529411764,0.30628470588235296,0.3045717647058823,0.2967917647058823,0.29407529411764705,0.2947282352941176,0.31822941176470587,0.32443529411764704,0.31542117647058826,0.26152588235294116,0.25721647058823527,0.2598941176470588,0.2691270588235294,0.2709611764705882,0.2807176470588235,0.280944705882353,0.27874823529411763,0.27684235294117643,0.2622294117647059,0.26541294117647063,0.27299882352941174,0.28532235294117647,0.28391176470588236,0.2737235294117647,0.32359915966386554,0.324440756302521,0.32221722689075627,0.31859285714285707,0.3179789915966387,0.32097184873949575,0.31837731092436977,0.31914831932773113,0.32007310924369753,0.3370651260504202,0.33067815126050426,0.3255365546218488,0.3320651260504201,0.33245042016806725,0.3329827731092436,0.2793117647058823,0.27915882352941174,0.28251176470588235,0.2826421568627451,0.28018333333333334,0.2874117647058824,0.2889460784313726,0.28842254901960784,0.2875107843137255,0.2896598039215687,0.2864107843137255,0.28647254901960784,0.29361960784313723,0.29283039215686274,0.28811568627450984,0.2401280112044817,0.24225406162464985,0.24246358543417365,0.244721568627451,0.24389719887955183,0.23894901960784315,0.2406434173669468,0.24287759103641463,0.24355770308123245,0.24983361344537813,0.24985686274509805,0.25051148459383754,0.24333165266106443,0.24778095238095235,0.2513848739495798,Male,9,8-12,Elementary,C,C,R16C20b9_info1_250Hz_gu2_AEP.conn
R16C15B07,R16C15b07_info1_250Hz_gu1_AEP.conn,gu1,0.36396470588235297,0.36762941176470587,0.3612549019607843,0.3431529411764706,0.3379019607843137,0.34184901960784314,0.33941568627450985,0.3390137254901961,0.3552431372549019,0.3784058823529412,0.37468823529411766,0.359978431372549,0.36222745098039216,0.35783529411764703,0.3821039215686275,0.4115211764705883,0.41311882352941176,0.41479529411764704,0.41292235294117646,0.41171529411764707,0.3975141176470588,0.39226470588235296,0.38739882352941174,0.39109058823529413,0.4068035294117648,0.4120788235294118,0.41052235294117656,0.39041764705882354,0.3920129411764706,0.4194341176470588,0.3845564705882353,0.3915929411764706,0.39282,0.3975847058823529,0.40118,0.3971564705882352,0.38904941176470587,0.3874929411764706,0.38948352941176473,0.3881011764705883,0.38811294117647066,0.39108,0.3756835294117647,0.37717411764705877,0.38582941176470587,0.38106092436974787,0.37706008403361346,0.37562521008403366,0.3798012605042017,0.38561302521008395,0.3867802521008404,0.38294831932773116,0.3845638655462186,0.3865789915966387,0.3842689075630252,0.384913025210084,0.38812605042016796,0.3902285714285715,0.39061848739495797,0.3934995798319328,0.35198137254901957,0.3450774509803922,0.33270098039215684,0.32988039215686277,0.3267127450980392,0.3433794117647058,0.3363774509803921,0.3330323529411765,0.337093137254902,0.356814705882353,0.35171568627450983,0.3497333333333334,0.34151176470588235,0.3450392156862745,0.3595254901960785,0.3114070028011204,0.31374313725490194,0.31576722689075637,0.31872633053221283,0.3191235294117647,0.30850196078431374,0.30928151260504205,0.31075714285714284,0.3107190476190477,0.32303809523809524,0.3221333333333333,0.32231484593837534,0.31664313725490195,0.31995770308123256,0.3216871148459384,Male,7,5-7,Elementary,C,C,R16C15b07_info1_250Hz_gu2_AEP.conn
R16C23B5,R16C23b5_info1_250Hz_gu1_AEP.conn,gu1,0.26966862745098036,0.2688039215686275,0.2701137254901961,0.27533137254901957,0.27965098039215686,0.2643098039215686,0.26622352941176475,0.2604686274509804,0.28331372549019607,0.2768803921568627,0.27409607843137257,0.27983725490196076,0.28974705882352936,0.28114901960784305,0.27814509803921567,0.3225682352941176,0.33047882352941177,0.3304788235294117,0.32816823529411765,0.32952235294117643,0.31138588235294123,0.3076635294117647,0.3000729411764706,0.29782470588235294,0.3268517647058823,0.32226941176470586,0.3216211764705882,0.32166941176470587,0.3123505882352941,0.31548588235294117,0.3169847058823529,0.31246588235294115,0.31352470588235287,0.3150611764705883,0.3171223529411765,0.2981341176470588,0.2973105882352941,0.2991294117647059,0.3039364705882353,0.31244823529411764,0.3099470588235294,0.3075188235294118,0.30368823529411765,0.3005282352941177,0.3009235294117647,0.3442558823529413,0.34152268907563027,0.3411365546218487,0.3416310924369748,0.3417995798319327,0.34621176470588233,0.3449298319327731,0.34224705882352946,0.3418357142857143,0.3479663865546218,0.3460285714285714,0.3462306722689076,0.3556394957983193,0.35550042016806727,0.35487521008403367,0.3424803921568627,0.34027745098039214,0.3353264705882353,0.3391441176470589,0.3438401960784314,0.335093137254902,0.3397666666666667,0.34724803921568625,0.3506205882352942,0.3398598039215686,0.332871568627451,0.33286960784313724,0.3396794117647059,0.3413343137254903,0.32539117647058824,0.3139081232492997,0.314206162464986,0.315033893557423,0.3173100840336135,0.3188406162464986,0.31456862745098035,0.3129422969187675,0.311564705882353,0.30992408963585427,0.31331652661064424,0.31507563025210084,0.31645406162464995,0.3155380952380952,0.31545994397759103,0.31515658263305324,Male,5,5-7,Elementary,C,C,R16C23b5_info1_250Hz_gu2_AEP.conn
R16C31B07,R16C31b07_info1_250Hz_gu1_AEP.conn,gu1,0.27093529411764705,0.27439607843137254,0.2820098039215686,0.28648039215686266,0.28862745098039216,0.2741117647058824,0.2746372549019608,0.28186862745098046,0.29426274509803924,0.2818254901960784,0.2861509803921568,0.2887549019607843,0.29757647058823533,0.3022960784313726,0.30014705882352943,0.3327411764705882,0.33532588235294114,0.3398482352941177,0.34149999999999997,0.3423811764705883,0.3424635294117647,0.3443105882352941,0.35034,0.34824705882352947,0.33326941176470587,0.3382941176470588,0.34342705882352936,0.34930352941176473,0.35355058823529406,0.3475352941176471,0.3002435294117647,0.29967411764705887,0.2984623529411764,0.30042117647058825,0.3016870588235294,0.2962258823529412,0.2977705882352941,0.3017729411764706,0.30834,0.2903470588235294,0.28945882352941177,0.2955929411764705,0.29844470588235295,0.2980188235294118,0.29009764705882357,0.29599789915966396,0.2967579831932773,0.29980420168067223,0.3016163865546218,0.3005050420168067,0.29699705882352945,0.29680630252100837,0.29741344537815123,0.2958151260504202,0.30394705882352946,0.3078651260504202,0.3112252100840336,0.30973235294117646,0.3099764705882353,0.3164306722689076,0.27905686274509806,0.2849823529411765,0.29339509803921565,0.29634607843137256,0.2933411764705882,0.2789372549019608,0.28169313725490197,0.2864970588235293,0.2908078431372549,0.2875696078431373,0.29467058823529413,0.29576764705882347,0.2790637254901961,0.28792843137254903,0.28965686274509805,0.2427484593837535,0.24300896358543417,0.24539103641456586,0.24340756302521002,0.2448593837535014,0.24899887955182068,0.24996610644257702,0.2527549019607843,0.2527176470588235,0.25092156862745096,0.2541344537815126,0.2527602240896359,0.2585607843137255,0.26264705882352934,0.2566428571428572,Male,7,5-7,Elementary,C,C,R16C31b07_info1_250Hz_gu2_AEP.conn
M01Y09CB,M01y09cb_info1_250Hz_gu1_AEP.conn,gu1,0.3272019607843137,0.3304607843137255,0.33359803921568626,0.31374313725490194,0.30440392156862756,0.3354450980392157,0.34174313725490196,0.3346392156862745,0.3477823529411765,0.34874705882352947,0.34732745098039214,0.33459215686274507,0.36015882352941175,0.35997647058823534,0.35036078431372547,0.39474,0.39360235294117646,0.3824047058823529,0.3668847058823529,0.3638458823529412,0.38215764705882355,0.37592,0.37546705882352943,0.3763470588235294,0.3994564705882353,0.38906823529411766,0.375915294117647,0.39258941176470585,0.39419764705882343,0.3933,0.37390117647058824,0.36793411764705886,0.3673035294117647,0.3628270588235294,0.3535047058823529,0.35811647058823526,0.3577623529411764,0.35881294117647056,0.35595058823529413,0.37390352941176463,0.37242823529411767,0.36707882352941174,0.3552105882352941,0.3638470588235294,0.3727388235294118,0.3881630252100841,0.39048361344537813,0.3939138655462186,0.3967563025210084,0.3924752100840336,0.3980180672268908,0.3973159663865546,0.400581512605042,0.4001067226890757,0.39996764705882354,0.4031487394957983,0.40535756302521014,0.4074605042016807,0.4123886554621849,0.4150962184873949,0.3549107843137254,0.3583411764705882,0.362156862745098,0.36554803921568624,0.3640176470588235,0.355921568627451,0.3622666666666667,0.3634980392156863,0.36194215686274517,0.3589196078431372,0.3582431372549019,0.3600627450980392,0.3632049019607843,0.3683049019607843,0.3488568627450981,0.31747450980392156,0.3170053221288515,0.3205053221288515,0.32040532212885153,0.3190263305322129,0.32232577030812326,0.3231428571428572,0.32266890756302524,0.32229243697478993,0.32423781512605043,0.32724117647058826,0.32516302521008394,0.32652464985994395,0.32633053221288516,0.3258633053221289,Female,9,8-12,Elementary,C,C,M01y09cb_info1_250Hz_gu2_AEP.conn
R16C24B7,R16C24b7_info1_250Hz_gu1_AEP.conn,gu1,0.2555156862745098,0.2410549019607843,0.2428450980392157,0.2483470588235294,0.24255686274509802,0.24404705882352942,0.25001372549019607,0.25747647058823525,0.27257450980392156,0.2631294117647059,0.25949803921568626,0.26070196078431374,0.2855176470588235,0.2909921568627451,0.27924509803921566,0.3233952941176471,0.31303176470588234,0.31667529411764705,0.3232505882352942,0.3214388235294117,0.32319294117647057,0.32829176470588234,0.3292070588235294,0.3227705882352941,0.31015176470588235,0.3153329411764706,0.3243835294117647,0.33729647058823525,0.33682,0.32769764705882354,0.33896235294117644,0.3337211764705882,0.33220235294117645,0.32704352941176473,0.3256035294117646,0.3370870588235294,0.3391670588235294,0.3381623529411765,0.3341988235294117,0.3327070588235294,0.3355270588235294,0.3298070588235294,0.3445823529411765,0.34124117647058816,0.33410470588235297,0.3055088235294118,0.3077201680672269,0.3099197478991597,0.30657352941176474,0.3054873949579832,0.31707016806722693,0.3156046218487395,0.31492773109243694,0.31253865546218484,0.3064537815126051,0.3109768907563026,0.3114659663865546,0.32973949579831935,0.3280563025210084,0.3188033613445378,0.2926049019607843,0.2909745098039216,0.2926137254901961,0.29433627450980393,0.29454019607843135,0.29368627450980395,0.2899637254901961,0.28506862745098044,0.28074705882352946,0.2870882352941176,0.29116372549019603,0.29453823529411766,0.29416862745098044,0.2899058823529412,0.2906960784313725,0.25968963585434174,0.2627529411764706,0.25968179271708686,0.259178431372549,0.2621641456582633,0.2627890756302521,0.2601834733893557,0.25796694677871146,0.25686946778711484,0.26407058823529417,0.2613616246498599,0.2633263305322129,0.2615148459383753,0.2601745098039216,0.259096918767507,Male,7,5-7,Elementary,C,C,R16C24b7_info1_250Hz_gu2_AEP.conn
R16C04B13,R16C04b13_info1_250Hz_gu1_AEP.conn,gu1,0.2819960784313726,0.2893254901960784,0.2967862745098039,0.28891960784313725,0.2776666666666667,0.3035156862745098,0.29945490196078434,0.2971490196078432,0.3061156862745098,0.31092549019607846,0.3155509803921569,0.30697647058823535,0.33639803921568623,0.33260980392156864,0.33227254901960784,0.3490282352941177,0.35118000000000005,0.35977294117647063,0.36373058823529414,0.3627811764705883,0.36088000000000003,0.36751999999999996,0.3705129411764706,0.3686647058823529,0.3561458823529412,0.360455294117647,0.36362,0.3836964705882353,0.38453529411764703,0.36714823529411766,0.33067529411764707,0.32848,0.3272082352941176,0.3276823529411765,0.33434705882352944,0.3305258823529412,0.33435529411764703,0.3357235294117647,0.33542823529411764,0.33073294117647056,0.3298423529411765,0.3300564705882353,0.33216235294117646,0.3312458823529412,0.33338941176470593,0.3423142857142857,0.34431386554621846,0.3441058823529412,0.3434420168067227,0.34565336134453784,0.3506735294117647,0.34683487394957985,0.34551470588235295,0.3422420168067227,0.3488394957983193,0.34942184873949583,0.35055210084033617,0.3539138655462185,0.35225210084033615,0.3538163865546219,0.3337833333333333,0.32621960784313725,0.32320686274509797,0.3206637254901961,0.3196578431372549,0.3376960784313725,0.33529607843137255,0.32936862745098044,0.3316411764705883,0.32785392156862747,0.325428431372549,0.3204156862745098,0.3421833333333333,0.3349823529411764,0.32516862745098035,0.28115378151260506,0.28332941176470583,0.28491372549019606,0.28669271708683464,0.2867394957983193,0.2809218487394957,0.2838974789915967,0.28578151260504203,0.2856252100840336,0.28672100840336134,0.2884417366946779,0.28830672268907565,0.2939806722689075,0.294809243697479,0.29064705882352937,Male,13,Teen,Secondary,C,C,R16C04b13_info1_250Hz_gu2_AEP.conn
R16C22G10,R16C22g10_info1_250Hz_gu1_AEP.conn,gu1,0.2834627450980392,0.27825490196078434,0.27763921568627453,0.28377450980392155,0.2862823529411765,0.2814686274509804,0.28405882352941175,0.2838411764705882,0.2950627450980392,0.2826196078431373,0.28296666666666664,0.29158431372549015,0.30706470588235296,0.31123529411764705,0.3067098039215686,0.3266235294117647,0.3248811764705883,0.32590588235294116,0.32764470588235295,0.3285223529411765,0.3234270588235294,0.32270823529411763,0.3215223529411765,0.31912588235294115,0.3121905882352941,0.31332235294117644,0.31712941176470594,0.31872823529411765,0.31828470588235297,0.31830823529411767,0.26538823529411765,0.2627529411764706,0.2730694117647059,0.2833847058823529,0.2859494117647059,0.27211647058823524,0.2738188235294118,0.2788470588235294,0.2777,0.26749529411764705,0.2749164705882353,0.2822458823529412,0.2713776470588235,0.2739223529411765,0.2863894117647059,0.3115827731092437,0.31118613445378157,0.3123903361344538,0.3139012605042017,0.3136689075630252,0.3094596638655463,0.30443487394957985,0.303227731092437,0.30440588235294114,0.3195109243697479,0.32207647058823535,0.32547773109243705,0.317663025210084,0.31664705882352945,0.32363277310924365,0.3147039215686274,0.31145784313725494,0.3106264705882353,0.3145166666666666,0.31454019607843137,0.30087549019607845,0.3048107843137255,0.3102970588235294,0.31126176470588235,0.3212009803921569,0.323828431372549,0.3268058823529412,0.29881470588235287,0.30788137254901965,0.3159107843137255,0.25932745098039217,0.25751036414565825,0.2559207282913165,0.2582607843137255,0.25860504201680673,0.25724229691876743,0.2581826330532213,0.2585840336134454,0.25947114845938374,0.2617605042016806,0.2615708683473389,0.26385798319327736,0.2678593837535014,0.2671549019607843,0.2646649859943978,Female,10,8-12,Elementary,C,C,R16C22g10_info1_250Hz_gu2_AEP.conn
R16C26F10,R16C26f10_info1_250Hz_gu1_AEP.conn,gu1,0.28224313725490197,0.2750058823529412,0.27389411764705884,0.275721568627451,0.28209803921568627,0.27426666666666666,0.2776588235294118,0.2865509803921569,0.30048039215686273,0.2933117647058823,0.2907764705882353,0.29146862745098034,0.30750784313725493,0.3126960784313726,0.3072019607843138,0.3209788235294118,0.3189329411764706,0.3178235294117647,0.3136105882352941,0.3151058823529412,0.3204694117647059,0.3225658823529412,0.327244705882353,0.3294494117647059,0.32520235294117655,0.3238870588235294,0.3194835294117647,0.3404094117647059,0.3429317647058824,0.3344635294117647,0.2863294117647059,0.2808482352941177,0.2770564705882353,0.27436823529411764,0.27447764705882344,0.26952470588235294,0.26868588235294116,0.2705505882352941,0.2749223529411765,0.2692952941176471,0.26745176470588233,0.26879058823529417,0.2688494117647059,0.2711529411764706,0.26542235294117644,0.32454705882352936,0.3213743697478992,0.32061008403361335,0.32184579831932775,0.3234025210084034,0.3196390756302521,0.32548823529411763,0.326596218487395,0.32772647058823523,0.3335546218487395,0.33098865546218487,0.3306504201680673,0.34456050420168066,0.3456743697478991,0.33824957983193277,0.3241401960784314,0.3216205882352941,0.32755,0.3332058823529412,0.33753823529411764,0.32935588235294116,0.32911568627450977,0.32914117647058827,0.3328549019607843,0.32798333333333335,0.33280588235294123,0.3349745098039216,0.34435490196078433,0.3428058823529411,0.3309107843137255,0.2697316526610644,0.27182016806722686,0.27415098039215685,0.2750140056022409,0.2755224089635854,0.27298039215686276,0.27264649859943973,0.27373921568627446,0.27230980392156867,0.2782473389355743,0.27838403361344544,0.2789761904761905,0.28313921568627454,0.2823683473389356,0.27884761904761907,Female,10,8-12,Elementary,C,C,R16C26f10_info1_250Hz_gu2_AEP.conn
R16C09B08,R16C09b08_info1_250Hz_gu1_AEP.conn,gu1,0.2698607843137255,0.2692764705882353,0.2711647058823529,0.28109803921568627,0.2922686274509803,0.3163627450980392,0.31447843137254905,0.3064882352941177,0.32117058823529415,0.29035294117647054,0.2868,0.29702156862745094,0.3418176470588235,0.3362098039215686,0.3049137254901961,0.3317364705882353,0.32937764705882355,0.33456,0.33721058823529415,0.33609764705882345,0.33609294117647065,0.3345470588235294,0.32845176470588233,0.33302235294117655,0.32992823529411763,0.33502117647058827,0.3356117647058824,0.3318188235294117,0.33227294117647055,0.3461729411764706,0.312015294117647,0.3130623529411765,0.31366235294117645,0.31173882352941173,0.3000623529411765,0.32164,0.32118,0.3239988235294118,0.3235,0.3110764705882353,0.31124117647058824,0.3101647058823529,0.31988941176470587,0.32015529411764704,0.3138494117647059,0.3542957983193277,0.35758991596638656,0.36450378151260504,0.36576764705882353,0.36151890756302524,0.35330504201680674,0.3574151260504201,0.36078319327731095,0.3607638655462186,0.36485798319327734,0.37038193277310916,0.3700819327731093,0.3701487394957983,0.37085378151260506,0.36594075630252104,0.33962549019607846,0.3392950980392157,0.3370019607843137,0.3344441176470588,0.33127549019607844,0.3364352941176471,0.34056176470588234,0.34099411764705884,0.3384490196078431,0.3486225490196078,0.34679607843137256,0.3452401960784313,0.3484490196078431,0.34960098039215687,0.3474401960784314,0.29233809523809523,0.29424033613445383,0.29427675070028014,0.28744481792717086,0.2843700280112045,0.2832070028011205,0.2804507002801121,0.2812016806722688,0.2823560224089635,0.29756442577030806,0.29882857142857144,0.29311512605042017,0.28694789915966384,0.2860983193277311,0.2993372549019607,Male,8,8-12,Elementary,C,C,R16C09b08_info1_250Hz_gu2_AEP.conn
R16MME07GU_F10,R16mme07gu_f10_info1_250Hz_gu1_AEP.conn,gu1,0.3151843137254902,0.3218098039215686,0.3238686274509804,0.32110588235294113,0.32019411764705885,0.32190392156862746,0.3175588235294118,0.32606274509803923,0.34093725490196075,0.3378294117647058,0.33312549019607834,0.3299372549019608,0.34285490196078433,0.347278431372549,0.3319274509803921,0.3650129411764706,0.37700823529411764,0.3778282352941177,0.3764529411764706,0.3736282352941177,0.35726,0.3602529411764706,0.3688341176470588,0.37424,0.3791576470588235,0.38090588235294115,0.37681647058823525,0.37275176470588234,0.38101294117647055,0.37846823529411766,0.3351141176470589,0.33660117647058824,0.3367588235294118,0.34532823529411766,0.3469258823529412,0.3374152941176471,0.3346305882352941,0.33526352941176474,0.3366635294117647,0.35760470588235294,0.3523341176470588,0.3539658823529412,0.3488517647058824,0.3507,0.3564776470588236,0.364251680672269,0.36583697478991606,0.360531512605042,0.3553466386554621,0.35603277310924364,0.3568226890756302,0.3592613445378151,0.36227016806722695,0.36514033613445374,0.3752516806722689,0.3694823529411765,0.36783949579831926,0.380090756302521,0.3818168067226891,0.38102521008403356,0.338043137254902,0.3476107843137255,0.3534196078431373,0.353593137254902,0.3502950980392157,0.3480460784313726,0.3510676470588235,0.352606862745098,0.34941176470588237,0.3494470588235294,0.35325686274509804,0.3492294117647059,0.35828725490196084,0.35597352941176474,0.34832843137254904,0.298650700280112,0.3004156862745098,0.2991450980392157,0.2998840336134454,0.2981509803921569,0.29597591036414556,0.2966546218487395,0.29394369747899163,0.29184369747899164,0.30348879551820723,0.2987165266106443,0.2975445378151261,0.29733277310924366,0.2971831932773109,0.2958551820728291,Female,10,8-12,Elementary,C,C,R16mme07gu_f10_info1_250Hz_gu2_AEP.conn
R16C30M7,R16C30m7_info1_250Hz_gu1_AEP.conn,gu1,0.24593137254901962,0.2504509803921569,0.2507666666666667,0.25100392156862744,0.2547372549019608,0.2489470588235294,0.2520470588235294,0.25171764705882355,0.2737470588235294,0.26058039215686274,0.26138235294117645,0.2616764705882353,0.28147843137254897,0.2914333333333333,0.28187647058823534,0.30571647058823526,0.30378000000000005,0.30556352941176473,0.30841882352941175,0.3034588235294118,0.3170764705882353,0.3096741176470588,0.31254,0.3172282352941177,0.3051576470588236,0.30725176470588234,0.3062388235294118,0.3218247058823529,0.3250870588235294,0.3209505882352941,0.3128811764705882,0.31449411764705887,0.3217729411764706,0.3209694117647059,0.3120717647058824,0.29296,0.29589411764705886,0.3032941176470588,0.3067811764705882,0.31034117647058823,0.31960941176470586,0.3183905882352941,0.2952988235294117,0.3063588235294118,0.3151411764705882,0.31190336134453783,0.312422268907563,0.31413571428571435,0.314136974789916,0.3157693277310924,0.3170710084033614,0.317590756302521,0.31848991596638665,0.3211991596638656,0.3235768907563025,0.3274802521008403,0.32599621848739496,0.32887899159663864,0.33072226890756307,0.3376134453781513,0.3094970588235294,0.3041578431372549,0.3042637254901961,0.30613333333333337,0.31035980392156864,0.31287647058823526,0.30972941176470586,0.3116480392156863,0.31353333333333333,0.3052392156862745,0.3054176470588235,0.31201960784313726,0.30671764705882354,0.30724411764705883,0.3100127450980392,0.29341316526610645,0.2934445378151261,0.2909336134453782,0.2900960784313726,0.2877352941176471,0.2914170868347339,0.28953445378151255,0.28694033613445374,0.2876453781512605,0.2955170868347339,0.29410392156862747,0.2971619047619048,0.29339327731092435,0.2920448179271709,0.2946529411764707,Male,7,5-7,Elementary,C,C,R16C30m7_info1_250Hz_gu2_AEP.conn
R16C12G7,R16C12g7_info1_250Hz_gu1_AEP.conn,gu1,0.23566470588235292,0.24141568627450982,0.24191960784313726,0.23617647058823532,0.2220274509803922,0.22523529411764706,0.22636274509803925,0.22946274509803924,0.255756862745098,0.2561470588235294,0.2613294117647059,0.2569705882352942,0.2537411764705882,0.26196274509803924,0.28461764705882353,0.3111811764705882,0.31324117647058825,0.30806941176470587,0.2993941176470588,0.2874247058823529,0.3030117647058823,0.3028752941176471,0.298155294117647,0.3029211764705882,0.31405647058823527,0.3099705882352941,0.30332000000000003,0.31087999999999993,0.3061152941176471,0.31705058823529414,0.25694470588235296,0.26336470588235295,0.2667070588235294,0.2704505882352941,0.26721999999999996,0.26217882352941174,0.25753176470588235,0.2571082352941176,0.2554576470588235,0.25859176470588235,0.2616635294117647,0.2646294117647059,0.2605976470588235,0.26056,0.25723999999999997,0.2501731092436975,0.25213571428571424,0.25650336134453783,0.26006512605042015,0.26149033613445377,0.2508168067226891,0.25207226890756307,0.2565512605042017,0.25754495798319327,0.26528193277310924,0.2649046218487395,0.2637079831932773,0.26788067226890755,0.27389201680672265,0.2709735294117647,0.312193137254902,0.3138137254901961,0.31082941176470585,0.30837156862745096,0.3054372549019608,0.31115,0.3126294117647059,0.31544607843137257,0.3149901960784314,0.3148205882352941,0.31030392156862746,0.3071470588235294,0.316028431372549,0.3194676470588235,0.3073039215686275,0.2484397759103642,0.24624705882352943,0.2448974789915966,0.2447268907563025,0.24473809523809528,0.2492865546218487,0.2468400560224089,0.24473641456582632,0.2437731092436975,0.24849831932773117,0.24557955182072824,0.24562577030812327,0.2505078431372549,0.24959607843137255,0.24707422969187673,Female,7,5-7,Elementary,C,C,R16C12g7_info1_250Hz_gu2_AEP.conn
R16C08G09,R16C08g09_info1_250Hz_gu1_AEP.conn,gu1,0.312721568627451,0.3198196078431373,0.3236254901960784,0.3258039215686274,0.32221176470588236,0.3434450980392157,0.3348058823529412,0.33001176470588234,0.3286294117647059,0.337678431372549,0.3322196078431372,0.32860784313725483,0.3639333333333333,0.3621254901960784,0.3503058823529412,0.4038082352941177,0.4094047058823529,0.4066258823529411,0.40910823529411766,0.4170164705882353,0.41903647058823523,0.42070705882352943,0.42512470588235296,0.4213070588235294,0.4215505882352941,0.41735294117647054,0.4111564705882353,0.4315482352941176,0.43408470588235293,0.43298941176470584,0.3670223529411765,0.36812117647058823,0.3678058823529412,0.37146,0.37536588235294116,0.3628141176470588,0.35779176470588236,0.3587658823529411,0.3655976470588235,0.3705670588235294,0.3698541176470588,0.3734647058823529,0.35678705882352946,0.35570941176470583,0.36867294117647054,0.38548025210084036,0.3867689075630252,0.3872810924369747,0.38812689075630263,0.3879298319327731,0.3761390756302521,0.37871638655462186,0.3818289915966387,0.3859739495798319,0.3928563025210084,0.3890336134453782,0.3908542016806723,0.390835294117647,0.3924378151260504,0.39539705882352943,0.35970686274509805,0.36146372549019606,0.3654392156862745,0.36668529411764705,0.3621137254901961,0.3585666666666667,0.3490970588235294,0.3418862745098039,0.3487176470588236,0.36214607843137253,0.3626705882352941,0.3622519607843137,0.3472470588235294,0.34395,0.365571568627451,0.29356750700280115,0.2923896358543417,0.29532885154061617,0.29913613445378157,0.299332212885154,0.3031630252100841,0.3048624649859943,0.30277927170868346,0.2998148459383753,0.2996294117647059,0.2994663865546218,0.30101428571428573,0.30796442577030814,0.30587591036414563,0.3018901960784313,Female,9,8-12,Elementary,C,C,R16C08g09_info1_250Hz_gu2_AEP.conn
R16M04G10,R16M04g10_info1_250Hz_gu1_AEP.conn,gu1,0.3733901960784314,0.3663117647058824,0.36317647058823527,0.3643431372549019,0.3628647058823529,0.3517411764705883,0.35320196078431376,0.3557078431372549,0.3703705882352941,0.38211372549019607,0.37612549019607844,0.3772078431372549,0.3875156862745098,0.38831960784313724,0.3904254901960784,0.3965823529411765,0.39510000000000006,0.3940223529411765,0.3891658823529412,0.39079176470588234,0.39169882352941177,0.38320941176470585,0.3825858823529412,0.38416823529411764,0.3891576470588235,0.38467764705882346,0.3802976470588235,0.39603411764705887,0.39773764705882353,0.3889658823529412,0.356535294117647,0.36212470588235296,0.3660082352941176,0.36264823529411766,0.3521270588235294,0.3505482352941177,0.34575882352941173,0.3475305882352941,0.34707176470588236,0.3499670588235294,0.35339999999999994,0.3543117647058823,0.34348,0.3448635294117647,0.3402435294117647,0.3615134453781513,0.36183949579831926,0.36270798319327735,0.36298277310924376,0.3617525210084033,0.36575420168067224,0.3658159663865546,0.3643852941176471,0.3662336134453782,0.37045378151260494,0.369172268907563,0.36771302521008403,0.37820420168067226,0.37861470588235296,0.3802491596638656,0.37287843137254906,0.3722509803921569,0.3693078431372549,0.36762450980392153,0.37057156862745105,0.36669509803921563,0.36617058823529414,0.3696205882352941,0.372971568627451,0.37871274509803926,0.37772156862745093,0.376928431372549,0.37205392156862743,0.37602549019607845,0.3843254901960784,0.359990756302521,0.3605761904761905,0.3596879551820728,0.36257478991596637,0.36586946778711477,0.35876498599439777,0.3635366946778711,0.36706134453781514,0.36778599439775905,0.3725072829131652,0.36959831932773113,0.3698549019607843,0.36545490196078434,0.3675535014005602,0.37054565826330527,Female,10,8-12,Elementary,C,C,R16M04g10_info1_250Hz_gu2_AEP.conn
R16C11B09,R16C11b09_info1_250Hz_gu1_AEP.conn,gu1,0.4454039215686274,0.448178431372549,0.4595705882352941,0.45834705882352944,0.43955490196078434,0.4501686274509804,0.44702745098039215,0.4411882352941176,0.44622745098039207,0.4540666666666667,0.45702549019607847,0.45444117647058824,0.4726352941176471,0.46723333333333333,0.4713607843137255,0.4587835294117647,0.46365999999999996,0.4646658823529412,0.4625164705882353,0.4577094117647059,0.4470964705882353,0.4505435294117647,0.4570705882352941,0.4625929411764706,0.4620247058823529,0.46320705882352947,0.4616529411764706,0.45940000000000003,0.463135294117647,0.4647482352941177,0.38815294117647053,0.39038470588235297,0.39412941176470584,0.3949317647058823,0.3957270588235294,0.3937505882352942,0.39593411764705877,0.40232823529411765,0.4082964705882353,0.3891470588235294,0.3898211764705882,0.38924,0.40199411764705884,0.40596705882352946,0.376575294117647,0.44432100840336125,0.44458487394957985,0.4460789915966386,0.4428710084033614,0.4437920168067227,0.45376302521008405,0.45447100840336135,0.45617268907563024,0.4555172268907563,0.4524857142857144,0.4541642857142857,0.4468903361344538,0.4620949579831932,0.4607352941176471,0.45657857142857144,0.42964803921568623,0.4318578431372549,0.43012745098039223,0.42610980392156866,0.4266264705882352,0.4233333333333333,0.4262117647058823,0.4283362745098039,0.43030294117647055,0.4227117647058824,0.42281274509803923,0.4211843137254902,0.41578529411764703,0.416993137254902,0.42495,0.3817109243697479,0.3807042016806723,0.38031512605042017,0.38275434173669476,0.3871635854341736,0.3908252100840336,0.3944011204481792,0.39297170868347336,0.39177198879551817,0.38695238095238094,0.3847633053221288,0.38382128851540614,0.4000848739495798,0.39917142857142857,0.3908330532212884,Male,9,8-12,Elementary,C,C,R16C11b09_info1_250Hz_gu2_AEP.conn
R16C38G6,R16C38g6_info1_250Hz_gu1_AEP.conn,gu1,0.27153333333333335,0.2661372549019608,0.2702745098039216,0.2727921568627451,0.2762666666666667,0.2730823529411765,0.2735686274509804,0.2809686274509804,0.3007509803921568,0.2746411764705882,0.2825901960784314,0.2945078431372549,0.3017607843137255,0.3089137254901961,0.30559803921568635,0.2921388235294118,0.29768,0.3053388235294118,0.3061658823529412,0.30555999999999994,0.2976729411764706,0.3012764705882353,0.3032482352941176,0.30785411764705883,0.2952117647058823,0.30394823529411763,0.30376352941176477,0.3178635294117647,0.31772235294117646,0.31676117647058827,0.273844705882353,0.27417294117647056,0.27335176470588235,0.2681658823529412,0.2655176470588235,0.2460235294117647,0.26062352941176475,0.2666176470588235,0.2726094117647059,0.2661788235294117,0.2689105882352941,0.2577411764705882,0.27013647058823526,0.27383176470588233,0.26148000000000005,0.29010336134453774,0.29380042016806723,0.3025647058823529,0.30850294117647054,0.3070050420168068,0.29553991596638657,0.2962794117647059,0.2957075630252101,0.2959798319327732,0.3079394957983193,0.3108571428571429,0.31587941176470585,0.31374117647058825,0.3142848739495799,0.32281218487394964,0.2874333333333333,0.286386274509804,0.2907549019607843,0.29174607843137257,0.2914921568627451,0.29793823529411767,0.3091,0.3115803921568628,0.30559607843137254,0.3054794117647059,0.30126470588235293,0.3004539215686275,0.3091666666666667,0.30931470588235294,0.3093411764705882,0.2734358543417367,0.2674218487394958,0.2625927170868347,0.2605296918767507,0.26099355742296926,0.267147619047619,0.27320504201680673,0.2751036414565826,0.2731862745098039,0.27304817927170866,0.2718084033613445,0.27192689075630255,0.2855641456582633,0.2839501400560224,0.27492885154061625,Female,6,5-7,Elementary,C,C,R16C38g6_info1_250Hz_gu2_AEP.conn
R16C32B08,R16C32b08_info1_250Hz_gu1_AEP.conn,gu1,0.35239803921568624,0.3510607843137255,0.346621568627451,0.34775294117647065,0.34498039215686277,0.3513470588235294,0.34757450980392157,0.3403333333333333,0.35503333333333337,0.3735862745098039,0.37404509803921576,0.37418235294117635,0.38891176470588235,0.38019607843137254,0.39230000000000004,0.39294941176470594,0.40007882352941176,0.40127764705882357,0.39944823529411766,0.39638588235294114,0.3940070588235294,0.38868705882352944,0.38526941176470586,0.38818823529411767,0.39368823529411767,0.3956905882352941,0.3952094117647059,0.4097811764705882,0.4058682352941177,0.40931764705882356,0.3429364705882353,0.3463964705882353,0.3509211764705882,0.35936823529411765,0.3544658823529412,0.34214352941176474,0.34676117647058824,0.35088823529411767,0.3469929411764706,0.3534423529411765,0.34558823529411764,0.34583294117647057,0.3513894117647059,0.35888352941176466,0.3543082352941177,0.35179747899159663,0.34522184873949585,0.3450436974789916,0.3490453781512605,0.34800882352941176,0.35295336134453786,0.3555563025210084,0.35518403361344536,0.35078655462184877,0.3554529411764706,0.35266554621848734,0.35795378151260504,0.3695138655462185,0.36905084033613444,0.3690268907563025,0.3424411764705883,0.3443029411764706,0.3473009803921569,0.34691764705882355,0.3376470588235294,0.34870392156862745,0.3485901960784314,0.34409215686274514,0.3361186274509804,0.35018137254901954,0.34934803921568625,0.3488833333333334,0.34985490196078434,0.3500696078431373,0.34521960784313727,0.3092450980392157,0.3091137254901961,0.3084879551820728,0.30643585434173665,0.30543333333333333,0.30730784313725484,0.30800084033613445,0.30935742296918767,0.30699131652661066,0.3134355742296919,0.31255154061624646,0.31238179271708677,0.3136736694677871,0.3146473389355742,0.3145974789915967,Male,8,8-12,Elementary,C,C,R16C32b08_info1_250Hz_gu2_AEP.conn
R16C27M9,R16C27m9_info1_250Hz_gu1_AEP.conn,gu1,0.2275098039215686,0.2331901960784314,0.2397156862745098,0.24107450980392153,0.2407450980392157,0.24094901960784312,0.2441019607843137,0.2444156862745098,0.26014117647058826,0.24541568627450974,0.2587843137254902,0.26119803921568624,0.2769764705882352,0.27625098039215684,0.28130000000000005,0.29906352941176473,0.29395764705882355,0.29823764705882355,0.29842,0.3008905882352941,0.2934070588235294,0.2992435294117647,0.30103294117647056,0.30037176470588234,0.2993435294117647,0.30405294117647064,0.3039564705882353,0.31207647058823523,0.3115258823529412,0.31856470588235297,0.28644352941176476,0.2794529411764705,0.2691023529411765,0.2628635294117647,0.2656223529411764,0.26155882352941184,0.26416,0.26748352941176473,0.26734705882352944,0.2841847058823529,0.27205529411764706,0.26923294117647056,0.26412941176470583,0.26707647058823525,0.28021882352941174,0.299144537815126,0.2986626050420168,0.3005668067226891,0.3009966386554622,0.30149537815126054,0.30471890756302517,0.3048882352941176,0.3039773109243697,0.3038012605042017,0.307544537815126,0.3114840336134454,0.3126512605042016,0.31823109243697484,0.31472226890756305,0.317496218487395,0.28779215686274506,0.288178431372549,0.2881843137254902,0.2873656862745098,0.28967843137254906,0.29287450980392155,0.2987147058823529,0.2996509803921569,0.29724803921568627,0.2877078431372549,0.28893431372549017,0.28899901960784313,0.2946127450980392,0.29644607843137255,0.29363235294117646,0.24831624649859946,0.24911372549019611,0.24631316526610642,0.2447551820728291,0.2454927170868347,0.24453641456582637,0.24022857142857149,0.23831960784313724,0.23959495798319327,0.25747815126050416,0.25341792717086836,0.2501915966386554,0.24778403361344545,0.24644257703081235,0.2540736694677871,Male,9,8-12,Elementary,C,C,R16C27m9_info1_250Hz_gu2_AEP.conn
R16C14B07,R16C14b07_info1_250Hz_gu1_AEP.conn,gu1,0.3334333333333333,0.33533529411764706,0.3462647058823529,0.3517470588235294,0.34389999999999993,0.3132039215686275,0.31011764705882355,0.3139823529411765,0.33481568627450975,0.3536843137254902,0.3689313725490196,0.3675058823529412,0.337378431372549,0.3358666666666667,0.38343137254901954,0.3547411764705883,0.3620564705882353,0.3666082352941176,0.3679376470588235,0.36509058823529417,0.3600352941176471,0.3582811764705883,0.3520329411764706,0.35102823529411764,0.3712411764705882,0.3743494117647058,0.3706870588235294,0.37218117647058824,0.3691070588235294,0.3895435294117647,0.33849999999999997,0.3478717647058823,0.35568352941176473,0.3618858823529412,0.3603129411764706,0.3444317647058824,0.34525176470588237,0.34568,0.34951529411764704,0.35129058823529413,0.3597811764705882,0.36174470588235297,0.35313647058823533,0.35331058823529415,0.37076705882352934,0.40841680672268904,0.40923865546218485,0.41024201680672273,0.4130058823529411,0.41110042016806725,0.40777647058823524,0.41037058823529415,0.40746848739495795,0.41200210084033617,0.41076428571428575,0.41229285714285707,0.4137411764705882,0.42035126050420163,0.4177785714285714,0.4141084033613446,0.34184803921568624,0.34531862745098035,0.3467490196078431,0.33996764705882354,0.33950588235294116,0.35656274509803926,0.353914705882353,0.3512303921568627,0.34532254901960785,0.35292156862745094,0.3502764705882353,0.34467647058823525,0.35756274509803926,0.35569999999999996,0.3534480392156863,0.31917899159663865,0.32113445378151256,0.32276470588235295,0.3227235294117648,0.32269719887955184,0.32166946778711486,0.3256803921568628,0.3261274509803922,0.3244274509803921,0.3234271708683473,0.3266408963585435,0.32585042016806726,0.3266638655462185,0.3277840336134454,0.329040056022409,Male,7,5-7,Elementary,C,C,R16C14b07_info1_250Hz_gu2_AEP.conn
R16C21G7,R16C21g7_info1_250Hz_gu1_AEP.conn,gu1,0.29259215686274503,0.2968235294117647,0.2977450980392157,0.2982882352941177,0.29129019607843143,0.2990392156862745,0.2898647058823529,0.29024901960784316,0.2926078431372549,0.31292549019607846,0.30910980392156867,0.30762745098039207,0.32440980392156865,0.32321568627450986,0.3267901960784314,0.3409141176470588,0.3392235294117647,0.3386576470588235,0.33904823529411765,0.3412870588235294,0.35272470588235294,0.3540647058823529,0.3494352941176471,0.34577411764705884,0.3457223529411765,0.342364705882353,0.34062588235294117,0.3544294117647059,0.35382117647058825,0.35306470588235295,0.2806529411764706,0.2863529411764706,0.2777294117647059,0.2744682352941177,0.28110941176470583,0.29743764705882353,0.29132470588235293,0.28516352941176476,0.27984000000000003,0.2783270588235294,0.2742552941176471,0.26980470588235295,0.2792411764705883,0.2787788235294118,0.26993529411764705,0.3102941176470589,0.31091974789915966,0.31256638655462193,0.31177857142857146,0.31697142857142857,0.3216441176470588,0.3140058823529412,0.30540462184873945,0.3035205882352941,0.32053445378151263,0.3188819327731092,0.3178361344537814,0.3254672268907564,0.3197063025210084,0.32870294117647064,0.33645098039215693,0.33530196078431374,0.3404245098039216,0.3386343137254902,0.34579313725490196,0.3322127450980392,0.3324549019607843,0.33552941176470585,0.3369617647058824,0.3546156862745098,0.3487166666666666,0.3420705882352941,0.33835196078431373,0.34242352941176474,0.3526960784313726,0.28729579831932767,0.28558459383753504,0.28836050420168075,0.2888352941176471,0.2902935574229692,0.29370392156862746,0.2977484593837535,0.30215182072829133,0.3005518207282914,0.2840240896358543,0.2881022408963585,0.2894764705882353,0.3016044817927171,0.30367142857142854,0.2900591036414566,Female,7,5-7,Elementary,C,C,R16C21g7_info1_250Hz_gu2_AEP.conn
R16ME08_F10,R16me08_f10_info1_250Hz_gu1_AEP.conn,gu1,0.37857843137254904,0.3852509803921569,0.3882882352941177,0.39964705882352947,0.4139509803921569,0.3950392156862745,0.39133725490196075,0.3915039215686275,0.39167647058823524,0.39966274509803923,0.4047117647058824,0.42037058823529416,0.4278921568627451,0.42158039215686277,0.4105627450980392,0.43206941176470587,0.4278858823529411,0.43010705882352934,0.4364929411764706,0.4366905882352941,0.43995294117647055,0.43856470588235286,0.44058705882352933,0.4354211764705882,0.4238223529411765,0.4247223529411765,0.43349882352941177,0.4405458823529411,0.4425941176470588,0.4341976470588236,0.41659058823529405,0.414544705882353,0.41539529411764703,0.4171811764705883,0.42032823529411767,0.40968117647058816,0.4092317647058824,0.41066941176470595,0.4121564705882353,0.4091117647058824,0.41036,0.4117282352941176,0.40192823529411753,0.4035811764705882,0.4118764705882353,0.40917563025210085,0.40384117647058815,0.3997651260504202,0.39897689075630255,0.4040445378151261,0.40296806722689077,0.4004172268907564,0.4018247899159665,0.39966218487394956,0.4088810924369747,0.4043058823529412,0.40206932773109244,0.40740672268907563,0.4100247899159664,0.4130815126050421,0.39828529411764707,0.3964803921568627,0.39246470588235294,0.39267549019607845,0.39362843137254905,0.41001372549019605,0.4087558823529412,0.4056441176470588,0.40254705882352937,0.39592254901960783,0.39431666666666665,0.3963196078431373,0.40877058823529405,0.40669215686274507,0.3980686274509804,0.38827366946778713,0.38877759103641457,0.3885831932773109,0.38833053221288516,0.3899464985994397,0.3892647058823529,0.3899016806722688,0.3907226890756303,0.3896641456582633,0.3917089635854341,0.3877798319327731,0.38572016806722687,0.3953417366946778,0.3950005602240896,0.3919112044817927,Female,10,8-12,Elementary,C,C,R16me08_f10_info1_250Hz_gu2_AEP.conn
R16C16B07,R16C16b07_info1_250Hz_gu1_AEP.conn,gu1,0.3037117647058823,0.2985313725490196,0.29974705882352937,0.29965686274509795,0.29844901960784315,0.25912549019607845,0.26154313725490197,0.2669901960784314,0.28343921568627456,0.3076156862745098,0.3070019607843137,0.30283333333333334,0.2920666666666667,0.29472549019607847,0.31724901960784313,0.33843058823529415,0.34201294117647063,0.3432729411764706,0.3380423529411764,0.3367058823529412,0.321975294117647,0.3329717647058824,0.33518352941176466,0.3379200000000001,0.3522047058823529,0.34726,0.3359623529411765,0.3473741176470589,0.35317999999999994,0.34805294117647056,0.2935658823529412,0.30398705882352944,0.3057447058823529,0.300815294117647,0.29353294117647055,0.29430352941176474,0.2922094117647059,0.2857258823529411,0.28174470588235295,0.3197729411764706,0.31973882352941174,0.31065411764705886,0.293904705882353,0.28859999999999997,0.3155411764705882,0.29852436974789914,0.2994945378151261,0.2975046218487395,0.29772142857142864,0.29877058823529407,0.3005399159663865,0.2978344537815126,0.296635294117647,0.2926789915966386,0.31275798319327736,0.3145714285714286,0.3129403361344538,0.30828907563025204,0.3064411764705883,0.326540756302521,0.29254803921568623,0.2925029411764706,0.29622058823529407,0.30173039215686276,0.30396666666666666,0.2828852941176471,0.2861382352941177,0.29575,0.29306568627450985,0.3049696078431372,0.30559705882352944,0.3104205882352941,0.3030323529411764,0.3086558823529412,0.30393431372549023,0.2656644257703082,0.2622478991596639,0.26314089635854343,0.26534173669467787,0.26716162464985993,0.25976218487394964,0.26536162464985996,0.26592885154061624,0.26288067226890754,0.2722568627450981,0.27119775910364147,0.26999943977591034,0.2725459383753502,0.2750285714285715,0.27782913165266104,Male,7,5-7,Elementary,C,C,R16C16b07_info1_250Hz_gu2_AEP.conn
R16C29F9,R16C29f9_info1_250Hz_gu1_AEP.conn,gu1,0.2682450980392157,0.2682156862745097,0.2673627450980392,0.2697509803921569,0.2810411764705882,0.26238431372549026,0.2679098039215686,0.2776372549019608,0.28240000000000004,0.27271372549019607,0.2668745098039216,0.2703901960784314,0.2993176470588235,0.302792156862745,0.2844254901960785,0.3036776470588235,0.3006905882352941,0.29604470588235293,0.2969117647058823,0.30514705882352944,0.30528,0.30372,0.3088729411764706,0.3125341176470588,0.2999341176470588,0.2969858823529411,0.30097411764705884,0.317415294117647,0.31903411764705886,0.3123941176470589,0.2767588235294117,0.2716458823529412,0.2630211764705882,0.25745411764705883,0.255075294117647,0.2604952941176471,0.25963176470588234,0.25412588235294115,0.2555188235294118,0.26014705882352945,0.25298470588235294,0.25241058823529416,0.2588035294117647,0.25567529411764706,0.24987294117647058,0.2935768907563025,0.29445714285714286,0.29381260504201684,0.288346218487395,0.2869058823529412,0.28697899159663864,0.28869369747899165,0.290018487394958,0.2952609243697478,0.2990983193277311,0.3002096638655462,0.29736386554621846,0.3079218487394958,0.30796680672268906,0.3029382352941176,0.2842480392156863,0.2875509803921569,0.28891078431372547,0.29091764705882356,0.2897205882352941,0.26338431372549015,0.27505784313725484,0.28692254901960784,0.29118921568627454,0.28572254901960786,0.2901029411764706,0.29340490196078434,0.2819450980392157,0.2891696078431372,0.28658921568627455,0.23649411764705888,0.23631316526610643,0.23431232492997198,0.23597899159663865,0.2381392156862745,0.22902100840336137,0.23605126050420167,0.23568151260504205,0.23001596638655464,0.23732016806722683,0.23895042016806722,0.2422991596638656,0.24097787114845937,0.24194257703081234,0.23958823529411757,Female,9,8-12,Elementary,C,C,R16C29f9_info1_250Hz_gu2_AEP.conn
R16C17B6,R16C17b6_info1_250Hz_gu1_AEP.conn,gu1,0.27115098039215685,0.2919058823529412,0.3036666666666666,0.30849411764705875,0.3031901960784314,0.29229999999999995,0.29515098039215687,0.3045333333333333,0.314135294117647,0.3106176470588235,0.3121019607843137,0.30956470588235296,0.32086666666666663,0.33304117647058823,0.33739019607843135,0.33296470588235294,0.3389423529411765,0.3349835294117647,0.3289352941176471,0.3313564705882353,0.35910352941176465,0.36569529411764706,0.36057176470588237,0.3544894117647059,0.3383494117647058,0.3333141176470588,0.3228470588235294,0.3700011764705883,0.3724176470588235,0.3405235294117647,0.3035705882352941,0.3038294117647059,0.2998776470588236,0.2954847058823529,0.29829294117647065,0.30608705882352943,0.30700000000000005,0.305324705882353,0.29943764705882353,0.2972152941176471,0.29399529411764713,0.2877176470588235,0.2985929411764706,0.2997294117647059,0.2948023529411765,0.32407226890756297,0.327168487394958,0.33232268907563023,0.33097100840336136,0.33240588235294116,0.3224571428571429,0.3244718487394958,0.3186126050420168,0.3177546218487395,0.3316588235294118,0.33285714285714285,0.32832815126050424,0.32988949579831933,0.32850504201680675,0.3341399159663866,0.35537647058823535,0.3541519607843137,0.3534343137254901,0.35303725490196075,0.34985294117647053,0.35461372549019604,0.3603852941176471,0.35616078431372555,0.35217843137254895,0.3533598039215686,0.3565676470588235,0.3505745098039215,0.3604088235294118,0.3552431372549019,0.3494539215686274,0.29863193277310923,0.29828879551820725,0.3038106442577031,0.304321568627451,0.30622184873949576,0.30479047619047617,0.307780112044818,0.30981708683473386,0.30281260504201674,0.30069915966386557,0.3048226890756303,0.30415714285714285,0.3032501400560224,0.30816134453781513,0.3047210084033614,Male,6,5-7,Elementary,C,C,R16C17b6_info1_250Hz_gu2_AEP.conn
R16C28M6,R16C28m6_info1_250Hz_gu1_AEP.conn,gu1,0.2756686274509804,0.2871392156862745,0.29091568627450975,0.2917470588235294,0.28505490196078437,0.28176274509803917,0.28810980392156854,0.2919509803921569,0.3046450980392157,0.2917921568627451,0.292721568627451,0.2939607843137255,0.3175686274509804,0.32446470588235293,0.3021980392156862,0.3374447058823529,0.3402305882352941,0.3443376470588235,0.34785764705882355,0.3437647058823529,0.3283741176470588,0.33663176470588235,0.342404705882353,0.34351176470588235,0.33258000000000004,0.3340388235294117,0.33735294117647063,0.34878705882352945,0.351575294117647,0.34231176470588237,0.3205058823529412,0.3276905882352941,0.3272964705882353,0.3241023529411765,0.32039411764705883,0.3234658823529412,0.3215811764705882,0.3185223529411765,0.31755529411764705,0.31901058823529416,0.3196058823529412,0.3185376470588236,0.32084235294117647,0.3201435294117646,0.32099294117647065,0.33366806722689074,0.3337285714285715,0.33650168067226893,0.3382710084033613,0.3376802521008404,0.33515336134453794,0.3356689075630252,0.3365302521008403,0.33701512605042006,0.3413634453781513,0.3449705882352941,0.3467508403361345,0.3498365546218487,0.34790378151260504,0.3511701680672269,0.31322156862745093,0.308464705882353,0.30218039215686276,0.2957098039215686,0.2900098039215686,0.305128431372549,0.30802843137254904,0.30971274509803925,0.31626176470588235,0.3204107843137255,0.3177656862745098,0.31193039215686275,0.3258196078431373,0.3243058823529412,0.32154607843137256,0.29324537815126056,0.2919602240896359,0.28858347338935575,0.2880801120448179,0.2856675070028012,0.29270588235294115,0.29206638655462186,0.29159887955182073,0.28929635854341734,0.2997546218487396,0.29691372549019607,0.2977789915966386,0.29977927170868346,0.3002840336134454,0.29947927170868344,Male,6,5-7,Elementary,C,C,R16C28m6_info1_250Hz_gu2_AEP.conn
R16M08B09,R16M08b09_info1_250Hz_gu1_AEP.conn,gu1,0.27935882352941177,0.2822568627450981,0.2894529411764705,0.2895117647058824,0.28429215686274506,0.27686666666666665,0.2818666666666667,0.2859019607843137,0.2866078431372549,0.2854098039215686,0.2911078431372549,0.29378431372549024,0.30497647058823524,0.3092882352941177,0.30034313725490197,0.3217352941176471,0.32627764705882356,0.33367058823529405,0.33287999999999995,0.3286376470588236,0.33421882352941185,0.3377905882352941,0.3423211764705883,0.34147764705882355,0.32636588235294123,0.3326129411764706,0.3318964705882353,0.3439270588235294,0.3469611764705882,0.3450682352941177,0.3261482352941176,0.3271258823529412,0.324564705882353,0.3190905882352941,0.3140870588235295,0.31681764705882354,0.3200541176470588,0.3266352941176471,0.32968117647058826,0.3247435294117647,0.3259494117647058,0.3218470588235294,0.32132823529411764,0.3267376470588236,0.32894705882352937,0.33277226890756306,0.3361773109243697,0.3372436974789916,0.32893655462184873,0.3251878151260504,0.3308252100840336,0.33200966386554615,0.3323445378151261,0.3319739495798319,0.3381491596638656,0.33948655462184885,0.33360882352941174,0.3435953781512605,0.34144369747899167,0.3443710084033613,0.30732745098039216,0.3105745098039216,0.3132803921568628,0.3130156862745098,0.31593333333333334,0.3176127450980392,0.3130058823529411,0.3104107843137255,0.30899019607843137,0.3065235294117647,0.30790392156862745,0.3062049019607843,0.31305,0.3101774509803922,0.3122382352941176,0.27726918767507003,0.27721680672268906,0.2790977591036415,0.27993837535014016,0.2816112044817928,0.2873708683473388,0.2893229691876751,0.2878991596638655,0.28886498599439775,0.28459187675070025,0.28495546218487394,0.2856747899159664,0.29442072829131655,0.2944058823529412,0.29018347338935574,Male,9,8-12,Elementary,C,C,R16M08b09_info1_250Hz_gu2_AEP.conn
R16C36B6,R16C36b6_info1_250Hz_gu1_AEP.conn,gu1,0.2875078431372549,0.2859882352941177,0.2861254901960784,0.2820901960784314,0.2825745098039216,0.2812352941176471,0.2891941176470588,0.2934,0.2964294117647059,0.2910372549019607,0.29063137254901955,0.28929215686274506,0.3164803921568628,0.3249705882352941,0.2937,0.32743529411764705,0.3223023529411765,0.33080588235294117,0.33623647058823536,0.33686235294117645,0.3340588235294118,0.3452823529411765,0.3413447058823529,0.3373247058823529,0.32692470588235295,0.33419529411764703,0.3364717647058823,0.35023411764705886,0.34966470588235293,0.3439870588235294,0.3025364705882353,0.30166,0.31128,0.32669529411764703,0.3222329411764706,0.31653764705882353,0.3172505882352941,0.30696352941176464,0.2997611764705882,0.3041505882352941,0.30953882352941176,0.3170517647058823,0.3026917647058823,0.29297411764705883,0.30823294117647054,0.2962163865546219,0.2922138655462185,0.2964159663865546,0.30260042016806726,0.3005436974789916,0.3015932773109244,0.30344579831932766,0.30224285714285715,0.29538739495798316,0.29999789915966385,0.29621932773109244,0.2998310924369748,0.3144605042016807,0.313796218487395,0.30336890756302515,0.295,0.2919382352941176,0.29810882352941176,0.30259411764705885,0.30740588235294114,0.3243509803921569,0.3185892156862746,0.3080313725490196,0.30535196078431376,0.3061852941176471,0.3050470588235294,0.30609019607843135,0.32355294117647054,0.31780392156862747,0.31872941176470587,0.27066022408963586,0.2675201680672269,0.2669963585434174,0.27012240896358547,0.274584593837535,0.26907254901960787,0.2706464985994398,0.27287591036414566,0.2758983193277311,0.27512016806722694,0.2754282913165266,0.27590112044817927,0.27864453781512605,0.27958291316526607,0.27604733893557426,Male,6,5-7,Elementary,C,C,R16C36b6_info1_250Hz_gu2_AEP.conn
R16C06B16,R16C06b16_info1_250Hz_gu1_AEP.conn,gu1,0.29866078431372556,0.2936627450980392,0.2955039215686274,0.3089117647058824,0.3199509803921568,0.30722941176470586,0.30960784313725487,0.31852156862745096,0.32240392156862746,0.3021019607843138,0.30811960784313724,0.3226058823529412,0.330021568627451,0.33688823529411766,0.32419411764705885,0.3776505882352942,0.38776941176470586,0.3954823529411765,0.3987917647058823,0.39580352941176467,0.40146352941176466,0.40660117647058824,0.4059235294117647,0.40457411764705886,0.3876529411764706,0.39485176470588235,0.4003435294117647,0.41300588235294117,0.4106858823529412,0.4090776470588235,0.38493058823529414,0.3876176470588235,0.38911411764705883,0.38783647058823534,0.38589999999999997,0.4000023529411765,0.39711529411764707,0.40105176470588233,0.4021682352941176,0.38252588235294127,0.38640117647058825,0.38826000000000005,0.39084941176470583,0.38789647058823534,0.38953882352941177,0.3793886554621849,0.37950630252100837,0.37856596638655454,0.3772096638655462,0.374036974789916,0.37435336134453784,0.3777504201680672,0.37710252100840336,0.37359621848739494,0.3863483193277311,0.38446260504201685,0.38268781512605043,0.3896487394957983,0.3884298319327732,0.3865197478991597,0.3947029411764706,0.39157647058823525,0.3891715686274509,0.3850735294117647,0.38423235294117647,0.38811372549019607,0.3894970588235294,0.38729117647058825,0.38632254901960783,0.3943892156862745,0.39204411764705877,0.3912392156862745,0.38561666666666666,0.3873156862745099,0.39590392156862747,0.31640756302521006,0.31720896358543416,0.3183686274509804,0.3200571428571428,0.3190100840336134,0.3176689075630253,0.3158672268907563,0.3164235294117647,0.3174834733893558,0.3210641456582633,0.32208543417366947,0.32280700280112046,0.324358543417367,0.323495518207283,0.31985826330532213,Male,16,Teen,Secondary,C,C,R16C06b16_info1_250Hz_gu2_AEP(1).conn
R16C35B06,R16C35b06_info1_250Hz_gu1_AEP.conn,gu1,0.30197450980392154,0.2998058823529412,0.3024647058823529,0.29659411764705884,0.29256078431372545,0.2930745098039216,0.28509215686274514,0.2852862745098039,0.3063137254901961,0.31719019607843135,0.31482941176470586,0.311764705882353,0.31495686274509804,0.31667254901960784,0.3355509803921568,0.3540247058823529,0.3530388235294118,0.35280235294117646,0.35204705882352944,0.3485847058823529,0.350995294117647,0.3510976470588235,0.3506070588235294,0.3513717647058824,0.3536917647058823,0.35243882352941175,0.35245529411764703,0.3673870588235294,0.3660129411764706,0.3675058823529412,0.36429999999999996,0.36443176470588234,0.361035294117647,0.3559741176470588,0.3605070588235294,0.35549647058823525,0.3541858823529412,0.350835294117647,0.35336117647058823,0.3680964705882353,0.36568588235294114,0.36131294117647067,0.36202352941176474,0.35517294117647064,0.36609058823529417,0.38553991596638654,0.3857151260504202,0.3858508403361345,0.38486554621848745,0.3869852941176471,0.3955764705882353,0.39532058823529415,0.39189159663865547,0.3915298319327731,0.3939235294117647,0.3932277310924369,0.39200294117647055,0.401896218487395,0.40081974789915964,0.399235294117647,0.35454215686274515,0.3494911764705882,0.34460980392156865,0.3413833333333333,0.34128921568627457,0.35060490196078437,0.35521666666666657,0.3518205882352941,0.3436980392156863,0.3466666666666667,0.3417931372549019,0.34179313725490196,0.3510019607843137,0.3510607843137255,0.34042549019607843,0.31955042016806723,0.31918711484593826,0.31725546218487405,0.31629215686274514,0.31818179271708685,0.31402464985994394,0.31479075630252096,0.3163677871148459,0.32007030812324927,0.3273047619047619,0.32645434173669463,0.32580924369747893,0.3216450980392157,0.32310784313725494,0.32360308123249293,Male,6,5-7,Elementary,C,C,R16C35b06_info1_250Hz_gu2_AEP.conn
R16P02C_G16,R16P02C_g16_info1_250Hz_gu1_AEP.conn,gu1,0.21565882352941176,0.21196470588235292,0.2104470588235294,0.20988823529411768,0.20874901960784312,0.2227470588235294,0.225121568627451,0.2219274509803922,0.22905882352941176,0.23192156862745095,0.22302156862745096,0.2169823529411765,0.25890980392156865,0.26187058823529413,0.23467450980392157,0.3080764705882353,0.3086364705882353,0.3008635294117647,0.2965258823529412,0.2960917647058824,0.3036941176470588,0.30511647058823527,0.3108517647058823,0.3092964705882353,0.3048411764705882,0.3011682352941176,0.29580117647058823,0.3115529411764706,0.31691647058823524,0.3058964705882353,0.3130011764705882,0.31715411764705886,0.31465647058823526,0.31060235294117644,0.30940705882352937,0.3224223529411765,0.3289776470588235,0.32503294117647064,0.3141670588235294,0.3154941176470588,0.31232823529411763,0.3075423529411765,0.32665764705882355,0.3212658823529412,0.3136188235294118,0.2877966386554621,0.29154579831932775,0.29178235294117644,0.2928924369747899,0.2906474789915966,0.2948533613445378,0.2963021008403361,0.29640546218487396,0.29730210084033615,0.2942588235294118,0.294448319327731,0.2938718487394958,0.3116659663865547,0.31201428571428574,0.29831932773109243,0.32427549019607843,0.32255980392156863,0.31663137254901963,0.31592254901960787,0.3192166666666667,0.3210970588235294,0.3227107843137255,0.3180088235294118,0.3190372549019608,0.32639411764705883,0.32219901960784314,0.32084019607843134,0.32079215686274504,0.3193725490196079,0.3178147058823529,0.25639355742296915,0.2543302521008403,0.2530142857142857,0.25469299719887956,0.25365014005602243,0.2656033613445378,0.2624633053221288,0.2584913165266106,0.26031176470588235,0.26146946778711483,0.25987422969187673,0.261490756302521,0.26985098039215694,0.26656834733893564,0.2618823529411764,Female,16,Teen,Secondary,C,C,R16P02C_g16_info1_250Hz_gu2_AEP.conn
CSD499KK01F21,CSD499KK01f21_info1_250Hz_gu1_AEP.conn,gu1,0.25911960784313726,0.25682352941176473,0.2635745098039216,0.26577058823529415,0.2735529411764706,0.253221568627451,0.25797254901960787,0.26153529411764703,0.26435686274509806,0.27256862745098037,0.27747647058823527,0.2830901960784314,0.2844627450980392,0.2863705882352941,0.2884705882352941,0.2924482352941176,0.2936364705882353,0.29386941176470593,0.2979870588235294,0.30677058823529413,0.3123917647058823,0.30800823529411764,0.30725647058823535,0.3077929411764706,0.28839294117647063,0.29268470588235285,0.29799294117647057,0.3144094117647059,0.3132023529411765,0.3125341176470588,0.27827882352941175,0.28331999999999996,0.2882517647058823,0.28305882352941175,0.27692,0.2900670588235294,0.2817305882352942,0.2770682352941176,0.2774035294117647,0.27710705882352943,0.2831376470588235,0.27778705882352944,0.27801176470588235,0.2737482352941177,0.2787270588235294,0.2870584033613445,0.2925609243697479,0.30145630252100836,0.29991218487394955,0.296083193277311,0.29199285714285717,0.29187689075630247,0.29456722689075626,0.29648361344537816,0.30081428571428565,0.3063836134453782,0.30729747899159665,0.3078373949579832,0.31494075630252105,0.3110268907563025,0.28290196078431373,0.27943529411764706,0.2813254901960785,0.29256666666666664,0.29504901960784313,0.28087254901960784,0.2916058823529412,0.29148529411764706,0.2890637254901961,0.28258725490196085,0.2868,0.293706862745098,0.2874568627450981,0.2905480392156863,0.28667647058823525,0.2438809523809524,0.24071120448179273,0.24355378151260498,0.24375910364145664,0.24570336134453782,0.23793081232493,0.2369703081232493,0.24176638655462185,0.24608963585434174,0.2505851540616247,0.2537963585434173,0.2518736694677871,0.2454436974789916,0.24740364145658267,0.25752072829131656,Female,21,Teen,Tertiary,C,C,CSD499KK01f21_info1_250Hz_gu2_AEP.conn
R16TEENPVB,R16teenPvb_info1_250Hz_gu1_AEP.conn,gu1,0.3112235294117647,0.30965294117647063,0.31014901960784313,0.3079607843137255,0.30273725490196074,0.3141921568627452,0.3115137254901961,0.3104215686274509,0.3285647058823529,0.318778431372549,0.32292941176470585,0.32562745098039214,0.34298039215686277,0.34600392156862747,0.33883725490196076,0.35059999999999997,0.3558011764705883,0.35823058823529413,0.3595635294117647,0.357595294117647,0.3615976470588236,0.3542282352941176,0.3474729411764705,0.34435176470588236,0.3522058823529412,0.3535811764705882,0.3515505882352941,0.35754705882352944,0.3499364705882353,0.3646988235294118,0.3425964705882353,0.3484152941176471,0.34638823529411755,0.3469035294117647,0.34653999999999996,0.3427670588235295,0.3439082352941176,0.3423376470588235,0.3407776470588235,0.3483270588235294,0.3435223529411765,0.34016470588235287,0.3417070588235295,0.33904235294117646,0.3466705882352941,0.38536344537815126,0.38953571428571426,0.3899886554621848,0.38934495798319324,0.3869953781512606,0.3899441176470588,0.3931252100840336,0.39374495798319326,0.3907210084033613,0.3975159663865546,0.3978558823529412,0.3960504201680672,0.4028508403361344,0.40253823529411753,0.40818865546218497,0.41204117647058824,0.40913039215686275,0.4090941176470589,0.4045735294117647,0.40120196078431364,0.4163323529411765,0.4185990196078431,0.41912352941176473,0.4200303921568627,0.40614901960784316,0.40524411764705887,0.4030803921568627,0.41058431372549015,0.41432549019607845,0.40316274509803923,0.3426680672268907,0.3405238095238095,0.33782885154061626,0.33727507002801127,0.33646806722689077,0.33875686274509803,0.33886610644257703,0.3378296918767506,0.3358394957983193,0.34587871148459376,0.3428305322128851,0.3416201680672269,0.34009523809523806,0.339950700280112,0.34356330532212886,Male,16,Teen,Secondary,E,NC,R16teenPvb_info1_250Hz_gu2_AEP.conn
R16TEEN5CB16,R16Teen5Cb16_info1_250Hz_gu1_AEP.conn,gu1,0.3176862745098039,0.3257725490196079,0.32710196078431375,0.33681176470588237,0.34090196078431373,0.35181372549019607,0.3443098039215687,0.3286960784313726,0.3373901960784314,0.3272235294117647,0.331678431372549,0.3446627450980393,0.37395686274509804,0.35851372549019606,0.3398823529411765,0.3737964705882353,0.3742599999999999,0.37135882352941174,0.36905647058823526,0.3743094117647059,0.3860541176470588,0.37968352941176475,0.3757164705882353,0.37438941176470586,0.3677505882352941,0.36825411764705884,0.37201411764705883,0.38928117647058824,0.38706235294117647,0.37519882352941175,0.3148682352941176,0.3168270588235294,0.3206635294117647,0.3214023529411765,0.33397411764705887,0.3276011764705883,0.3283717647058823,0.32773176470588233,0.3254811764705882,0.3156482352941176,0.32173411764705884,0.32335764705882347,0.3362035294117647,0.34182941176470594,0.32371999999999995,0.3299911764705882,0.32900840336134457,0.3352378151260504,0.33984579831932765,0.339116806722689,0.3427794117647058,0.3453714285714286,0.34401386554621843,0.3413970588235294,0.33569747899159663,0.34010336134453784,0.3461915966386555,0.3577306722689076,0.35534159663865544,0.35029621848739495,0.37889901960784306,0.3778735294117647,0.37898921568627447,0.3798588235294118,0.38076568627450974,0.38509607843137256,0.390735294117647,0.39607450980392156,0.3961931372549019,0.38095000000000007,0.379071568627451,0.38035196078431377,0.4014990196078432,0.40163627450980394,0.38101372549019613,0.31819775910364145,0.3191095238095239,0.3165994397759104,0.31674985994397764,0.3138705882352941,0.3149955182072829,0.31485602240896354,0.315246218487395,0.31542100840336135,0.3201372549019609,0.3187851540616247,0.31917899159663865,0.3266022408963586,0.32491260504201686,0.31827282913165267,Male,16,Teen,Secondary,C,C,R16Teen5Cb16_info1_250Hz_gu2_AEP.conn
CSD499AB04G21,CSD499AB04g21_info1_250Hz_gu1_AEP.conn,gu1,0.20710588235294122,0.21184313725490192,0.21548235294117646,0.22335294117647062,0.22086470588235294,0.2160745098039216,0.21482352941176472,0.2110803921568627,0.2134313725490196,0.21628823529411764,0.22151764705882357,0.22929607843137256,0.23351764705882358,0.23203529411764703,0.23859019607843135,0.3017482352941177,0.30544352941176467,0.3062564705882353,0.3106,0.3098517647058823,0.30337176470588234,0.3016894117647059,0.3031705882352941,0.30458117647058824,0.3091329411764706,0.30815176470588235,0.30632823529411757,0.3110623529411765,0.3125270588235295,0.3157423529411765,0.2827788235294118,0.28194823529411767,0.28587411764705883,0.2870317647058823,0.28508235294117645,0.28445882352941176,0.2807435294117647,0.2793717647058823,0.27969058823529414,0.2829811764705882,0.285995294117647,0.28479882352941177,0.27944,0.2805870588235294,0.2849647058823529,0.3055836134453781,0.30568403361344537,0.3038113445378151,0.3007789915966387,0.29822689075630254,0.30821386554621855,0.3070768907563025,0.3070865546218488,0.3101050420168067,0.3095857142857143,0.3080794117647058,0.3052487394957983,0.3225256302521009,0.3235294117647059,0.3171331932773109,0.31268333333333326,0.31103137254901964,0.31250490196078434,0.3100901960784314,0.3137039215686274,0.3099852941176471,0.31132058823529407,0.31573823529411765,0.31826372549019605,0.3112127450980392,0.3080401960784314,0.30575588235294116,0.3130843137254902,0.3144264705882353,0.30508431372549016,0.25406610644257704,0.25216694677871154,0.2507719887955182,0.24966526610644257,0.25122100840336137,0.24485126050420167,0.24770392156862744,0.24966918767507007,0.24876386554621852,0.25524817927170873,0.2536994397759103,0.25338543417366943,0.2525252100840336,0.25511652661064427,0.2543148459383754,Female,21,Teen,Tertiary,A,NC,CSD499AB04g21_info1_250Hz_gu2_AEP.conn
R16JY24B17,R16jy24b17_info1_250Hz_gu1_AEP.conn,gu1,0.22019019607843138,0.22504901960784318,0.2310235294117647,0.22821372549019606,0.22245098039215686,0.21600784313725488,0.21610196078431373,0.22656666666666667,0.2594607843137255,0.24255294117647055,0.24898235294117646,0.24668627450980393,0.2595803921568627,0.27139411764705884,0.26124313725490195,0.3062070588235294,0.3059023529411765,0.3093694117647059,0.3083388235294118,0.30751764705882356,0.3066388235294118,0.30962235294117646,0.30914,0.3112752941176471,0.3057976470588235,0.3093682352941176,0.3129011764705882,0.3291623529411765,0.3321823529411765,0.3166541176470588,0.29092,0.2882011764705882,0.2905705882352941,0.2973694117647059,0.3003717647058824,0.29282117647058825,0.28646470588235295,0.28430235294117645,0.2874070588235294,0.28489764705882353,0.28734470588235295,0.2926376470588235,0.2930317647058823,0.28768470588235295,0.28520705882352937,0.2862928571428572,0.28356680672268914,0.2818344537815126,0.2835348739495798,0.28721596638655467,0.28385378151260504,0.28176386554621846,0.2823512605042016,0.28611428571428565,0.29034957983193277,0.29045672268907563,0.29128319327731095,0.3003252100840336,0.2996168067226891,0.300718487394958,0.28133627450980386,0.27956470588235294,0.27613039215686275,0.27228431372549017,0.26991078431372545,0.27398333333333336,0.2735823529411765,0.2703078431372549,0.26762450980392155,0.2794127450980392,0.2745078431372549,0.27514509803921566,0.276885294117647,0.2714470588235294,0.26793235294117645,0.2511459383753502,0.24851456582633055,0.24606946778711483,0.24694481792717082,0.24843977591036423,0.24743921568627453,0.24716470588235293,0.24813221288515402,0.2477249299719888,0.2530725490196079,0.24985994397759104,0.25091876750700276,0.25142324929971993,0.250890756302521,0.2505165266106443,Male,17,Teen,Secondary,C,C,R16jy24b17_info1_250Hz_gu2_AEP.conn
R16CTEEN06G16,R16Cteen06g16_info1_250Hz_gu1_AEP.conn,gu1,0.2888588235294118,0.2966137254901961,0.30810196078431373,0.3076,0.3005823529411764,0.2807392156862745,0.2849980392156863,0.2922901960784314,0.3070098039215687,0.3163549019607843,0.32653725490196084,0.32714705882352946,0.32315098039215684,0.3257176470588235,0.3336784313725491,0.3319494117647059,0.3374505882352941,0.34688705882352944,0.3480247058823529,0.34448235294117646,0.332015294117647,0.3398423529411765,0.34362235294117643,0.33956,0.3377823529411764,0.34376352941176475,0.3438694117647059,0.3512341176470588,0.3555870588235294,0.35170705882352943,0.3028211764705882,0.3015976470588235,0.30071882352941176,0.2978623529411764,0.2977541176470588,0.3122894117647058,0.3131517647058823,0.3112517647058823,0.30097411764705884,0.30248941176470595,0.3060858823529412,0.3031329411764706,0.32109176470588235,0.31995999999999997,0.31907411764705884,0.29803361344537815,0.29536848739495797,0.2971878151260504,0.299731512605042,0.30342142857142856,0.3103205882352941,0.3105390756302521,0.3115836134453782,0.30657142857142855,0.2992861344537815,0.30230378151260506,0.30432226890756303,0.31636218487394957,0.31725924369747904,0.30766512605042023,0.3324666666666667,0.32894019607843134,0.3312362745098039,0.3382450980392157,0.3389980392156862,0.34011372549019603,0.3402705882352941,0.3409235294117647,0.34305392156862746,0.3358294117647059,0.33535588235294117,0.33940686274509807,0.33728137254901963,0.3389225490196078,0.33317549019607845,0.30514761904761906,0.3050162464985994,0.301093837535014,0.29908291316526614,0.2960162464985996,0.30591316526610635,0.30799131652661066,0.3080675070028011,0.30720392156862747,0.3123072829131653,0.30893809523809523,0.3081997198879552,0.3084843137254901,0.30810000000000004,0.3126801120448178,Female,16,Teen,Secondary,C,C,R16Cteen06g16_info1_250Hz_gu2_AEP.conn
CSD499SL03F20,CSD499SL03F20_info1_250Hz_gu1_AEP.conn,gu1,0.24798627450980396,0.24333529411764707,0.23868235294117646,0.23734117647058817,0.24235490196078432,0.23800980392156865,0.23856470588235293,0.2377117647058824,0.25761960784313725,0.26610588235294114,0.26518039215686273,0.26375098039215683,0.27997058823529414,0.2720372549019608,0.2817549019607843,0.29304941176470584,0.30015176470588234,0.30719411764705884,0.30609411764705874,0.30131411764705884,0.2962258823529412,0.2965341176470588,0.30087294117647057,0.3024505882352941,0.30145058823529414,0.3071058823529412,0.30479529411764705,0.3092388235294118,0.3072329411764706,0.3130905882352941,0.26423882352941175,0.2691964705882353,0.27003529411764704,0.2670717647058824,0.26371529411764705,0.25585529411764707,0.24683647058823524,0.24495058823529411,0.252535294117647,0.26195058823529416,0.26354352941176473,0.2638270588235294,0.24715058823529415,0.24134470588235293,0.2594223529411765,0.2840743697478992,0.28164831932773116,0.2796516806722689,0.2756289915966387,0.2753512605042017,0.2798365546218487,0.2738651260504202,0.2704911764705883,0.27411176470588233,0.2915021008403361,0.2883155462184874,0.28760252100840333,0.2876928571428571,0.2862806722689076,0.29804495798319325,0.3032313725490196,0.2935529411764706,0.2898901960784314,0.2921764705882353,0.29554607843137254,0.3072627450980392,0.30572058823529413,0.30929019607843133,0.30571764705882354,0.29785196078431375,0.29411960784313723,0.3001686274509804,0.30559019607843135,0.30763529411764706,0.29283431372549024,0.24088851540616243,0.2406823529411765,0.24393193277310923,0.24550280112044823,0.24174957983193282,0.24392128851540618,0.24437282913165265,0.24242240896358538,0.24240336134453783,0.24406722689075636,0.24747366946778704,0.24756638655462182,0.25344089635854344,0.25023249299719885,0.24758235294117648,Female,20,Teen,Tertiary,S,NC,CSD499SL03F20_info1_250Hz_gu2_AEP.conn
CSD499DV04F21,CSD499DV04f21_info1_250Hz_gu1_AEP.conn,gu1,0.2908490196078431,0.29639019607843137,0.29775294117647055,0.2877901960784314,0.2914549019607844,0.2788960784313726,0.28644117647058825,0.2917607843137255,0.3017823529411765,0.3122470588235294,0.315135294117647,0.31212156862745094,0.3212941176470588,0.3203313725490196,0.3312862745098039,0.35278588235294117,0.3528976470588235,0.3527411764705882,0.3522,0.3490623529411765,0.35045764705882354,0.35830117647058823,0.3581258823529412,0.3591917647058824,0.3500211764705882,0.3477505882352942,0.34939176470588235,0.3657,0.36644,0.35617882352941177,0.3189729411764706,0.31455647058823527,0.3104305882352941,0.31412,0.3132376470588235,0.3207552941176471,0.3085223529411764,0.3027917647058823,0.30872705882352947,0.31705764705882356,0.3143882352941177,0.31651411764705883,0.30507411764705883,0.303184705882353,0.32506823529411766,0.32030126050420177,0.3205168067226891,0.32318949579831935,0.32834285714285716,0.3303176470588235,0.32405504201680674,0.32772226890756295,0.32712142857142856,0.3248134453781513,0.3294357142857143,0.3340718487394958,0.3359142857142857,0.3437218487394958,0.34120168067226897,0.34275462184873945,0.3643960784313725,0.36404901960784314,0.3611009803921568,0.3539578431372549,0.35623529411764704,0.36356666666666665,0.3660794117647059,0.3754833333333334,0.37857450980392154,0.370343137254902,0.37153039215686273,0.36575098039215687,0.3701666666666667,0.37700392156862744,0.3759882352941177,0.31041036414565826,0.31218655462184874,0.3116843137254902,0.30899271708683473,0.3107605042016806,0.3106672268907563,0.30959691876750695,0.3070053221288515,0.302481512605042,0.3212134453781513,0.32426890756302523,0.3213621848739495,0.3152630252100841,0.31325546218487393,0.33050196078431376,Female,21,Teen,Tertiary,S,NC,CSD499DV04f21_info1_250Hz_gu2_AEP.conn
NIH01C01B17,NIH01C01b17_info1_250Hz_gu1_AEP.conn,gu1,0.3759235294117647,0.37444705882352936,0.3774803921568628,0.38031568627450985,0.3745941176470588,0.35709607843137253,0.34231764705882356,0.34466470588235304,0.36114313725490205,0.3767254901960784,0.38675686274509796,0.3886,0.3663313725490196,0.3605156862745098,0.39452352941176466,0.4236929411764706,0.41694470588235283,0.416044705882353,0.4148670588235294,0.41382352941176476,0.417284705882353,0.4101188235294118,0.4101094117647059,0.40495764705882353,0.42825058823529416,0.4223282352941176,0.41568823529411764,0.4157411764705882,0.4160517647058823,0.4318364705882353,0.3790458823529411,0.37947294117647057,0.3823258823529411,0.38076,0.3759694117647059,0.39787764705882356,0.3954988235294118,0.39229647058823536,0.3830470588235294,0.3927776470588235,0.3961317647058823,0.3932011764705882,0.3862258823529412,0.3735552941176471,0.39716235294117647,0.4078466386554621,0.4070806722689076,0.40443823529411765,0.40352773109243706,0.4060865546218487,0.4087508403361344,0.4021735294117648,0.4009008403361345,0.3987046218487395,0.4112533613445378,0.40595420168067226,0.40792689075630256,0.41580672268907565,0.415144537815126,0.41153739495798325,0.41786372549019607,0.42304019607843135,0.42665588235294116,0.4221911764705881,0.42406764705882355,0.4132509803921569,0.41874215686274513,0.4188794117647059,0.40424705882352946,0.42222549019607847,0.4282882352941177,0.42946666666666666,0.42077254901960787,0.42074117647058823,0.4314754901960785,0.341681512605042,0.346084593837535,0.34498627450980396,0.34414621848739485,0.3458235294117647,0.3407271708683473,0.3463484593837535,0.35173837535014013,0.35227619047619046,0.34652913165266114,0.34539019607843136,0.34330868347338933,0.3482761904761905,0.3481619047619048,0.34620616246498603,Male,17,Teen,Secondary,C,C,NIH01C01b17_info1_250Hz_gu2_AEP.conn
CSD499LS06F20,CSD499LS06f20_info1_250Hz_gu1_AEP.conn,gu1,0.22608823529411767,0.22802549019607843,0.22555490196078432,0.2265627450980392,0.23438235294117646,0.24230980392156865,0.24564901960784313,0.2547588235294118,0.26893333333333336,0.24178235294117645,0.2422647058823529,0.24115882352941176,0.2759392156862745,0.28793725490196076,0.2526862745098039,0.29474235294117646,0.2931447058823529,0.2940670588235294,0.29952705882352937,0.303144705882353,0.29100941176470585,0.29096823529411764,0.29691647058823534,0.300655294117647,0.28358235294117645,0.2828694117647059,0.29089529411764714,0.29984470588235296,0.3070588235294117,0.28794705882352944,0.23670823529411758,0.23691999999999996,0.23724823529411765,0.23742941176470586,0.2427929411764706,0.23773529411764707,0.23674823529411762,0.23501647058823524,0.23457882352941178,0.23265529411764704,0.23328823529411763,0.23200941176470588,0.23398470588235293,0.2341435294117647,0.23585882352941182,0.2539936974789916,0.25438403361344536,0.25843403361344536,0.2577823529411765,0.2579382352941176,0.2595109243697479,0.25856596638655466,0.2562340336134454,0.2558579831932773,0.26293613445378156,0.2643903361344538,0.26595630252100844,0.273559243697479,0.2701987394957983,0.271364705882353,0.2868627450980392,0.29246666666666665,0.29628529411764704,0.2978235294117647,0.2906862745098039,0.2918343137254902,0.29581666666666667,0.29770098039215687,0.2994049019607843,0.30407647058823534,0.3071519607843138,0.30916960784313724,0.3055088235294118,0.30537450980392156,0.31219117647058825,0.24299439775910361,0.24381820728291312,0.2441997198879552,0.2446554621848739,0.24494285714285713,0.23716442577030816,0.2380596638655462,0.24006470588235293,0.2428574229691877,0.24792941176470581,0.24841652661064428,0.24986610644257704,0.2475577030812325,0.24783249299719892,0.25222016806722686,Female,20,Teen,Tertiary,S,NC,CSD499LS06f20_info1_250Hz_gu2_AEP.conn
CSD499CS02F20,CSD499CS02f20_info1_250Hz_gu1_AEP.conn,gu1,0.19431372549019607,0.1885098039215686,0.17969607843137256,0.17785686274509804,0.17991372549019605,0.17338823529411765,0.1705705882352941,0.1712490196078431,0.19512549019607842,0.20850980392156862,0.20545098039215684,0.19872745098039216,0.20415294117647056,0.1992333333333333,0.23167058823529416,0.25237294117647063,0.2574294117647059,0.25376000000000004,0.2525,0.25259411764705886,0.25383529411764705,0.24543176470588235,0.24137058823529411,0.24330470588235292,0.24956352941176477,0.24599411764705886,0.24292117647058822,0.24896941176470588,0.24462,0.257575294117647,0.20042823529411766,0.20564,0.2071458823529412,0.2072541176470588,0.21042941176470592,0.19693529411764704,0.1918223529411765,0.1959729411764706,0.20250705882352937,0.20132352941176473,0.20328588235294118,0.20308823529411768,0.18790470588235292,0.19231529411764708,0.20727176470588238,0.24652731092436972,0.24268823529411768,0.23981554621848739,0.23946890756302522,0.24185210084033612,0.23861218487394958,0.2394626050420168,0.23771806722689076,0.23795042016806728,0.2474298319327731,0.24982226890756307,0.2535218487394958,0.2567058823529412,0.25554537815126055,0.25865672268907564,0.2462343137254902,0.2495656862745098,0.25683921568627455,0.2618950980392157,0.26600686274509805,0.2568901960784314,0.25015882352941177,0.2504882352941176,0.2541617647058823,0.25769313725490195,0.2693196078431373,0.27639117647058825,0.26620196078431374,0.2670274509803922,0.2705588235294117,0.2234299719887955,0.2238983193277311,0.2253848739495798,0.2241795518207283,0.22259747899159668,0.22182436974789918,0.22003473389355738,0.21880280112044814,0.2191719887955182,0.22786106442577023,0.23040616246498602,0.22956666666666667,0.22628375350140056,0.22316302521008402,0.23190840336134458,Female,20,Teen,Tertiary,S,NC,CSD499CS02f20_info1_250Hz_gu2_AEP.conn
NIH01C02B19,NIH01C02b19_info1_250Hz_gu1_AEP.conn,gu1,0.24605294117647056,0.2561058823529412,0.26014117647058826,0.25335294117647056,0.24845686274509804,0.2436529411764706,0.2314235294117647,0.22641764705882353,0.24275294117647062,0.27096666666666663,0.2763313725490195,0.2725450980392157,0.2599333333333333,0.2578137254901961,0.2843392156862745,0.346435294117647,0.35525411764705883,0.3584905882352941,0.3627352941176471,0.36170470588235293,0.34185764705882354,0.3416447058823529,0.34192,0.35079176470588236,0.36454941176470584,0.3631247058823529,0.36448823529411767,0.36456,0.36872352941176467,0.3726188235294118,0.3369541176470588,0.3456941176470589,0.3440611764705882,0.33914,0.3353635294117647,0.34534470588235294,0.34676705882352943,0.34186235294117645,0.3379670588235294,0.3417670588235294,0.34245882352941176,0.33773294117647057,0.34607882352941177,0.3432717647058824,0.33934235294117643,0.3142957983193277,0.31780924369747904,0.31941638655462185,0.3178361344537815,0.3170638655462185,0.3180390756302521,0.315368487394958,0.3138894957983193,0.3128655462184874,0.32125,0.3237563025210085,0.32373445378151267,0.3200432773109244,0.3193113445378151,0.32819369747899163,0.32281372549019605,0.3189950980392157,0.32142352941176466,0.32268627450980397,0.32198627450980394,0.31836568627450984,0.322,0.3227137254901961,0.32298921568627453,0.32436176470588235,0.32383529411764705,0.3242049019607843,0.32905,0.329114705882353,0.3203519607843137,0.25689691876750703,0.2553221288515406,0.2546232492997199,0.2553546218487394,0.25638319327731096,0.25176582633053224,0.25321680672268904,0.25454061624649854,0.2563420168067227,0.2605492997198879,0.26144397759103644,0.26265294117647064,0.263609243697479,0.2669613445378151,0.2603560224089636,Male,19,Teen,Tertiary,C,C,NIH01C02b19_info1_250Hz_gu2_AEP.conn
CSD499K07F21,CSD499K07f21_info1_250Hz_gu1_AEP.conn,gu1,0.2606176470588235,0.2593490196078431,0.25911372549019607,0.25767254901960784,0.2672156862745098,0.28182352941176475,0.27977843137254904,0.2726058823529412,0.27463137254901954,0.26776470588235296,0.2664843137254902,0.26299999999999996,0.3105803921568628,0.30021764705882353,0.2844196078431373,0.3136235294117647,0.3102894117647058,0.30560117647058826,0.30178352941176473,0.30091294117647055,0.3124870588235294,0.3119482352941177,0.31077176470588236,0.31140235294117646,0.3014929411764705,0.29743764705882353,0.29335176470588237,0.31906588235294114,0.31576941176470585,0.30698470588235294,0.26269176470588235,0.26106705882352943,0.2638188235294118,0.2659635294117647,0.26395529411764707,0.26770000000000005,0.2656258823529412,0.2654435294117647,0.26516352941176474,0.2573258823529412,0.2579823529411765,0.2578811764705883,0.25488588235294113,0.25515529411764704,0.2559635294117647,0.2744857142857143,0.27741092436974785,0.280126050420168,0.2820546218487395,0.2832571428571429,0.2827747899159664,0.2808403361344538,0.27745168067226894,0.27939411764705885,0.28552815126050424,0.28722899159663867,0.28987478991596644,0.295,0.29181722689075634,0.2957886554621849,0.3528176470588235,0.3517245098039215,0.3502617647058824,0.35234901960784315,0.3508186274509804,0.3484362745098039,0.35045196078431373,0.3473264705882353,0.3466460784313726,0.35430392156862744,0.3500117647058824,0.3490901960784314,0.35146372549019606,0.3535225490196079,0.3517392156862745,0.30317030812324924,0.3064563025210085,0.30342857142857144,0.29871540616246506,0.2950725490196079,0.2926812324929972,0.29031596638655455,0.2903829131652661,0.29157394957983196,0.31261820728291323,0.30821820728291316,0.30205434173669465,0.29808123249299723,0.2974162464985995,0.30617002801120446,Female,21,Teen,Tertiary,S,NC,CSD499K07f21_info1_250Hz_gu2_AEP.conn
CSD499B8F21,CSD499B8f21_info1_250Hz_gu1_AEP.conn,gu1,0.21960980392156862,0.21582745098039213,0.2132549019607843,0.21733137254901966,0.22717450980392154,0.218,0.2148313725490196,0.20705490196078427,0.21881176470588237,0.23580588235294117,0.2325627450980392,0.2343803921568627,0.2460137254901961,0.24237058823529414,0.2572686274509804,0.2722235294117647,0.2732282352941176,0.2771964705882353,0.27781529411764705,0.2764094117647059,0.27916823529411766,0.2803435294117647,0.27746,0.27770117647058823,0.27718705882352945,0.27990117647058826,0.27894117647058825,0.28536117647058823,0.28565529411764706,0.29717764705882355,0.24833411764705876,0.24952705882352944,0.2523505882352941,0.25233411764705876,0.2562788235294118,0.25485647058823524,0.24673294117647063,0.2423541176470588,0.24291999999999997,0.24955764705882352,0.25567411764705883,0.25974470588235293,0.24703764705882353,0.2484094117647059,0.2575223529411764,0.2857264705882353,0.2820323529411764,0.2804420168067227,0.2796214285714286,0.2791546218487394,0.28062815126050417,0.2829613445378151,0.28295840336134453,0.2798172268907563,0.2884201680672268,0.2874046218487395,0.28413697478991595,0.29595252100840336,0.2972470588235295,0.2917289915966387,0.2752411764705882,0.2727235294117647,0.2697421568627451,0.2677009803921569,0.2692637254901961,0.2768245098039216,0.28019607843137256,0.2765225490196079,0.27822254901960786,0.2736872549019608,0.27171568627450976,0.27037254901960783,0.27576372549019607,0.2739725490196078,0.2739401960784313,0.23428347338935573,0.23270784313725493,0.23369355742296916,0.23399831932773107,0.232552380952381,0.2319271708683473,0.23135014005602242,0.23423249299719892,0.23500504201680675,0.23050140056022406,0.23056890756302525,0.23159411764705892,0.2383064425770308,0.23786974789915968,0.23125630252100837,Female,21,Teen,Tertiary,S,NC,CSD499B8f21_info1_250Hz_gu2_AEP.conn
CSD499AH10F21,CSD499AH10f21_info1_250Hz_gu1_AEP.conn,gu1,0.27034901960784313,0.2723901960784314,0.2646823529411765,0.2579764705882353,0.27010392156862745,0.27446274509803925,0.2747882352941176,0.2695980392156863,0.2792823529411765,0.28379803921568625,0.2786156862745098,0.2762647058823529,0.30159411764705885,0.29208627450980384,0.3015960784313726,0.34190470588235294,0.34520823529411765,0.34575058823529414,0.3408717647058824,0.33984941176470584,0.35205882352941176,0.350995294117647,0.34638470588235293,0.34629529411764703,0.3450941176470589,0.34639294117647057,0.33959529411764705,0.3588482352941177,0.35341999999999996,0.3623129411764706,0.2817105882352941,0.27724705882352946,0.28223529411764703,0.2866023529411765,0.29252235294117646,0.279315294117647,0.28152705882352935,0.28484705882352945,0.28150588235294116,0.2754388235294118,0.2783882352941177,0.2830905882352941,0.28497882352941184,0.28608941176470587,0.27573764705882353,0.31106470588235297,0.31362521008403366,0.31273991596638656,0.3114861344537815,0.310427731092437,0.3032831932773109,0.3039512605042017,0.30471512605042017,0.3014533613445379,0.319909243697479,0.3224987394957983,0.3216642857142857,0.31836974789915967,0.31858823529411767,0.32934495798319324,0.3198421568627451,0.32339509803921573,0.32336960784313723,0.3208127450980392,0.31673431372549016,0.3193843137254902,0.3096303921568628,0.3124411764705882,0.3180637254901961,0.32195,0.32826078431372546,0.3252813725490196,0.3080264705882353,0.31059607843137255,0.32083627450980395,0.27010532212885147,0.2683078431372549,0.2686778711484593,0.2680274509803921,0.2661106442577031,0.26612436974789905,0.2652263305322129,0.2669563025210084,0.2686672268907563,0.27093669467787124,0.2722593837535014,0.2759291316526611,0.26814873949579826,0.2690299719887955,0.2735551820728291,Female,21,Teen,Tertiary,E,NC,CSD499AH10f21_info1_250Hz_gu2_AEP.conn
R16CJTEST_B15,R16CjTest_b15_info1_250Hz_gu1_AEP.conn,gu1,0.26310980392156863,0.2568764705882353,0.24851960784313723,0.2530352941176471,0.25571372549019605,0.23667254901960785,0.24263333333333328,0.24760000000000004,0.2609725490196078,0.26905294117647055,0.25440588235294115,0.25436078431372544,0.26936274509803926,0.2765843137254902,0.28049411764705884,0.30286352941176475,0.3051764705882353,0.3085058823529412,0.3119188235294118,0.3166176470588236,0.31842470588235294,0.3164494117647058,0.31404941176470585,0.3128458823529412,0.3212870588235294,0.3162611764705882,0.31128,0.32368705882352944,0.32160470588235296,0.3301894117647059,0.25139999999999996,0.25320352941176477,0.24899058823529413,0.24742941176470593,0.2549623529411765,0.24863647058823535,0.24563764705882352,0.2482329411764706,0.24645999999999998,0.24972470588235293,0.24749764705882354,0.2486270588235294,0.24323882352941179,0.2442494117647059,0.25166117647058817,0.3061037815126051,0.30880630252100844,0.3112764705882353,0.305231512605042,0.3012600840336134,0.2958201680672269,0.29470882352941175,0.29664285714285715,0.2996466386554622,0.3144289915966386,0.31530924369747904,0.31327563025210087,0.3092970588235294,0.31038487394957986,0.3193172268907563,0.33008627450980393,0.3298156862745098,0.32494019607843144,0.32280980392156866,0.3226843137254902,0.32282254901960783,0.31940196078431377,0.3290313725490196,0.33727156862745106,0.33493431372549015,0.3278078431372549,0.3275078431372549,0.32900098039215686,0.33215686274509804,0.3342441176470588,0.2830518207282913,0.2835168067226891,0.2856344537815126,0.2844535014005602,0.28270784313725494,0.2728529411764706,0.2721904761904762,0.2736394957983193,0.27696302521008404,0.2865470588235294,0.28779859943977587,0.28656106442577023,0.2836112044817928,0.28401624649859947,0.28941064425770313,Male,15,Teen,Secondary,C,C,R16CjTest_b15_info1_250Hz_gu2_AEP.conn
CSD499E9F21,CSD499E9f21_info1_250Hz_gu1_AEP.conn,gu1,0.20276862745098037,0.21386862745098037,0.2280764705882353,0.22465882352941172,0.21542156862745102,0.2331431372549019,0.2210882352941176,0.20330196078431373,0.20450392156862743,0.23634509803921566,0.24547254901960783,0.24135686274509804,0.2541941176470588,0.25231764705882354,0.25457843137254904,0.29732588235294116,0.3031635294117647,0.30738117647058827,0.29890470588235296,0.2931529411764706,0.3094482352941176,0.3079988235294118,0.30310352941176466,0.2993282352941177,0.3068447058823529,0.30968705882352937,0.3040611764705882,0.31101529411764706,0.31364117647058826,0.31477176470588236,0.2830070588235294,0.28219529411764704,0.2851282352941176,0.28509882352941174,0.2894788235294118,0.28438352941176476,0.28403764705882356,0.2883223529411764,0.2877541176470588,0.28092470588235297,0.2883764705882353,0.2929388235294118,0.28649176470588233,0.2893882352941176,0.2863670588235294,0.30747731092436975,0.303403781512605,0.30558151260504196,0.3084109243697479,0.30766680672268903,0.2976659663865546,0.29868823529411764,0.2932016806722689,0.29381512605042015,0.30972815126050424,0.31121008403361344,0.3135836134453781,0.31222268907563017,0.30905462184873944,0.3181033613445378,0.3204813725490196,0.3301352941176471,0.3287254901960785,0.32859901960784316,0.3322941176470588,0.3218696078431373,0.31920196078431373,0.3086107843137255,0.3068058823529412,0.32710882352941173,0.32608725490196083,0.3278519607843137,0.32197843137254906,0.31321176470588236,0.3219235294117647,0.26517338935574236,0.26519635854341733,0.26193529411764704,0.265329131652661,0.2712098039215686,0.2727355742296919,0.2767591036414566,0.27480308123249303,0.2710282913165266,0.27044649859943976,0.26734005602240896,0.26615546218487396,0.27819271708683474,0.27775826330532216,0.268410644257703,Female,21,Teen,Tertiary,E,NC,CSD499E9f21_info1_250Hz_gu2_AEP.conn
MMS06M22,mms06m22_250Hz_gu1_AEP.conn,gu1,0.20836078431372548,0.20642156862745095,0.199556862745098,0.19267058823529412,0.1913137254901961,0.20092352941176472,0.19779411764705881,0.19452941176470587,0.2062137254901961,0.21941960784313722,0.21276666666666666,0.206,0.22475098039215682,0.2224549019607843,0.23277843137254903,0.23517647058823526,0.23144823529411768,0.22961882352941174,0.23062705882352938,0.23291058823529412,0.23047411764705883,0.23256470588235292,0.2347423529411765,0.23452823529411765,0.23126470588235293,0.2292270588235294,0.2312870588235294,0.24359764705882353,0.2436717647058823,0.23552,0.21326,0.21809294117647057,0.22001764705882354,0.2168023529411765,0.21415058823529415,0.21916235294117645,0.22108352941176473,0.21779294117647058,0.2145564705882353,0.21083764705882352,0.21382588235294117,0.21433882352941175,0.22089058823529414,0.2187611764705882,0.2088964705882353,0.2651563025210084,0.26560378151260505,0.26643109243697477,0.26602689075630254,0.2629260504201681,0.2672390756302521,0.26677899159663865,0.26602352941176466,0.2662739495798319,0.27300966386554626,0.2732936974789916,0.2734470588235293,0.28313235294117645,0.2828289915966386,0.2822004201680672,0.278921568627451,0.28341176470588236,0.2873078431372549,0.28625490196078435,0.28077450980392155,0.278271568627451,0.28101960784313723,0.28275882352941173,0.28525980392156863,0.2866470588235294,0.2903294117647059,0.28869509803921567,0.28586862745098046,0.28686666666666666,0.28285,0.22828907563025208,0.22894481792717086,0.23105686274509804,0.23194369747899163,0.2306347338935574,0.22711624649859943,0.22661204481792718,0.22873697478991595,0.23200700280112038,0.23497591036414567,0.23630420168067226,0.23690616246498597,0.23629775910364148,0.2373392156862745,0.2366649859943977,Male,22,Adult,Tertiary,C,C,mms06m22_250Hz_gu2_AEP.conn
MMS04F25,mms04f25_250Hz_gu1_AEP.conn,gu1,0.3723470588235294,0.3707980392156862,0.3734588235294118,0.37800392156862744,0.3793294117647059,0.3847098039215686,0.3818,0.38199803921568626,0.38506666666666667,0.37828823529411765,0.37610000000000005,0.38134117647058824,0.3969392156862745,0.39792156862745093,0.40015882352941184,0.43317999999999995,0.42918705882352937,0.4303741176470588,0.43307529411764706,0.43312823529411765,0.4426517647058823,0.43624117647058824,0.4386294117647059,0.44354941176470586,0.41612470588235295,0.4164411764705882,0.4210505882352941,0.42740470588235285,0.43116941176470586,0.43184588235294114,0.4353305882352941,0.4368917647058823,0.436815294117647,0.4375588235294118,0.43656000000000006,0.448924705882353,0.4409741176470588,0.43714588235294116,0.43402470588235287,0.43184000000000006,0.43104823529411773,0.4340694117647058,0.43172235294117645,0.4292776470588236,0.44149176470588236,0.4423470588235294,0.44254537815126055,0.44121680672268904,0.44099453781512604,0.44414453781512603,0.45036638655462186,0.44852058823529406,0.44383487394957977,0.4449441176470587,0.45544831932773105,0.45341386554621854,0.4486810924369748,0.45437436974789913,0.45155378151260495,0.4552411764705882,0.410821568627451,0.4120254901960784,0.4101823529411765,0.41288137254901963,0.41515980392156865,0.40979019607843137,0.41271568627450983,0.411993137254902,0.41419999999999996,0.4070549019607843,0.40697156862745104,0.40811764705882353,0.3992794117647059,0.4023264705882353,0.41110588235294115,0.36476330532212886,0.3647817927170869,0.3648369747899159,0.36401988795518203,0.36175154061624654,0.367044537815126,0.3688392156862745,0.36873529411764705,0.3685666666666667,0.36875238095238094,0.3689731092436975,0.3675274509803921,0.37020420168067225,0.37053361344537816,0.3709652661064426,Female,25,Adult,Adult,C,C,mms04f25_250Hz_gu2_AEP.conn
EES22M27,EES22M27_250Hz_gu1_AEP.conn,gu1,0.19517647058823528,0.18728039215686273,0.18425098039215684,0.1857764705882353,0.1918745098039216,0.1843235294117647,0.1915078431372549,0.1951607843137255,0.2085529411764706,0.20304509803921567,0.19716274509803924,0.19428823529411765,0.2237607843137255,0.22587058823529413,0.22235098039215687,0.2946929411764706,0.2910223529411765,0.28654941176470583,0.2863588235294118,0.29071058823529417,0.2827882352941177,0.28686235294117646,0.2862764705882353,0.28564823529411765,0.2859188235294118,0.28109529411764705,0.28344,0.2909058823529411,0.29325999999999997,0.2826023529411764,0.24679647058823528,0.24357058823529415,0.24202235294117652,0.24020823529411767,0.24168117647058826,0.2484235294117647,0.24875764705882353,0.24643647058823528,0.24074941176470582,0.25383882352941173,0.25522,0.25331294117647063,0.25697647058823525,0.25470941176470585,0.26168588235294116,0.2635827731092437,0.26037226890756304,0.25945042016806724,0.2586575630252101,0.2573403361344538,0.26218823529411767,0.26135630252100844,0.2599609243697479,0.25557689075630247,0.2704626050420168,0.26928865546218483,0.267551680672269,0.27288109243697484,0.2728063025210084,0.27639117647058825,0.2705607843137255,0.27085000000000004,0.26758627450980393,0.2650588235294118,0.2680431372549019,0.2721754901960784,0.26975098039215684,0.27005098039215686,0.2701254901960784,0.26549705882352936,0.2597803921568627,0.2593607843137255,0.27289117647058825,0.27042745098039217,0.2630882352941177,0.23908767507002798,0.23932240896358542,0.23842408963585432,0.23801260504201682,0.2363257703081232,0.23971064425770308,0.2408616246498599,0.23843473389355743,0.2357764705882353,0.24404173669467788,0.2429991596638656,0.2412134453781513,0.2486504201680672,0.24695966386554616,0.2480288515406162,Male,27,Adult,Adult,E,NC,EES22M27_250Hz_gu2_AEP.conn
EES07M34,ees07m34_250Hz_gu1_AEP.conn,gu1,0.22200196078431375,0.22239803921568624,0.21882745098039216,0.20886862745098042,0.20242745098039217,0.20722549019607842,0.20481960784313724,0.2051333333333333,0.2320313725490196,0.22758235294117646,0.22715294117647056,0.21682745098039216,0.2434254901960784,0.2474666666666667,0.24604117647058824,0.2900364705882353,0.2994517647058824,0.30614823529411767,0.30601529411764716,0.2962752941176471,0.2970964705882353,0.2963188235294118,0.29946588235294114,0.30258352941176475,0.29445411764705887,0.29976588235294116,0.299384705882353,0.29934235294117645,0.2998364705882353,0.3085670588235294,0.25086,0.25262588235294114,0.25033176470588236,0.24987411764705883,0.2466176470588235,0.2548894117647059,0.25200823529411764,0.24919411764705884,0.24730823529411766,0.2534129411764706,0.25244941176470587,0.2546541176470588,0.24672470588235296,0.2437964705882353,0.25360823529411763,0.2534848739495798,0.25237731092436977,0.2522537815126051,0.2540016806722689,0.2545016806722689,0.2478693277310924,0.24802478991596638,0.24673991596638656,0.24689537815126053,0.26255126050420163,0.2626449579831933,0.263640756302521,0.26056764705882357,0.259968487394958,0.26826134453781514,0.25795980392156864,0.25713039215686273,0.25538333333333335,0.25964019607843136,0.2589294117647059,0.25598333333333334,0.2543225490196078,0.2577156862745098,0.26238529411764705,0.2615833333333333,0.2645588235294118,0.2681980392156863,0.26314901960784315,0.26647647058823526,0.2714205882352941,0.2035977591036414,0.20360532212885157,0.20808907563025208,0.20981932773109246,0.21146162464985996,0.21358599439775916,0.21433165266106444,0.21560616246498596,0.21566694677871143,0.20998879551820732,0.21303193277310925,0.21295098039215685,0.2197725490196078,0.22079159663865544,0.21396078431372548,Male,34,Adult,Adult,E,NC,ees07m34_250Hz_gu2_AEP.conn
EES06F24,ees06f24_250Hz_gu1_AEP.conn,gu1,0.24590196078431373,0.24433333333333332,0.24444901960784315,0.24560980392156861,0.24216470588235292,0.2487058823529412,0.2410470588235294,0.24126470588235294,0.25114117647058826,0.2623529411764706,0.2637882352941176,0.26133725490196075,0.28361764705882353,0.28006862745098043,0.29128627450980393,0.26633999999999997,0.2724917647058824,0.2768141176470588,0.27647058823529413,0.27078823529411766,0.2740882352941177,0.2681929411764706,0.2683847058823529,0.2657788235294118,0.26068705882352944,0.2665458823529412,0.2695505882352941,0.27379882352941176,0.27313176470588235,0.27974941176470586,0.24398,0.24581882352941178,0.25268823529411766,0.25446941176470583,0.2522317647058824,0.25949529411764705,0.2525694117647059,0.2481694117647059,0.2510435294117647,0.23532117647058826,0.23871294117647057,0.24192588235294119,0.24047411764705878,0.23874,0.24192705882352938,0.28320294117647055,0.28130378151260504,0.2831142857142857,0.28515798319327734,0.285409243697479,0.2798016806722689,0.2802886554621849,0.2820121848739496,0.28174201680672273,0.28644705882352944,0.2876096638655462,0.29096764705882355,0.29172857142857145,0.29178529411764703,0.2947991596638655,0.28381764705882356,0.2844254901960784,0.28190784313725487,0.28203529411764705,0.27973627450980393,0.2828813725490196,0.2848813725490196,0.288328431372549,0.2867833333333333,0.2938892156862745,0.2882803921568627,0.28600588235294117,0.2911637254901961,0.2903833333333333,0.2909794117647059,0.25371008403361345,0.25367282913165273,0.2520666666666667,0.2502201680672269,0.2506114845938376,0.24844733893557422,0.24826358543417362,0.2486773109243697,0.2469988795518208,0.2569257703081233,0.25711232492997194,0.2554574229691877,0.2523809523809525,0.2538072829131653,0.2558585434173669,Female,24,Adult,Adult,E,NC,ees06f24_250Hz_gu2_AEP.conn
EES08M41,ees08m41_250Hz_gu1_AEP.conn,gu1,0.24368039215686274,0.24016862745098044,0.23926666666666666,0.24001764705882353,0.24306862745098043,0.24417254901960783,0.24091960784313726,0.23498627450980392,0.2413274509803922,0.2581705882352941,0.2560764705882353,0.25529607843137253,0.26992156862745104,0.26288823529411764,0.2749470588235294,0.30526705882352945,0.30126941176470595,0.3011517647058824,0.3010870588235294,0.3035458823529412,0.29666941176470585,0.2982941176470588,0.29733529411764714,0.2958317647058824,0.3016223529411765,0.30172235294117644,0.301415294117647,0.3103894117647059,0.3050070588235294,0.3086011764705882,0.2566235294117647,0.25695647058823534,0.2572352941176471,0.255975294117647,0.25559882352941177,0.26171176470588237,0.26456117647058824,0.2603694117647059,0.2507929411764706,0.25524117647058825,0.25381882352941176,0.2507635294117647,0.2623035294117647,0.2580423529411765,0.2570364705882353,0.27614831932773104,0.2753436974789916,0.2746987394957983,0.27501974789915967,0.27314369747899164,0.27544663865546215,0.27478907563025207,0.2737861344537816,0.2718201680672269,0.28588361344537816,0.2839390756302521,0.2821168067226891,0.2892096638655462,0.2882126050420168,0.29051302521008404,0.2824705882352941,0.2845666666666667,0.2900441176470588,0.2898156862745098,0.2865450980392157,0.28204215686274514,0.28626764705882357,0.2853813725490196,0.2816637254901961,0.29111470588235294,0.2952813725490196,0.2918411764705882,0.2907480392156862,0.2905549019607843,0.2949480392156863,0.2554280112044818,0.25486974789915967,0.2550193277310924,0.2553627450980392,0.25614957983193276,0.2552103641456583,0.25379579831932775,0.2540787114845938,0.2545462184873949,0.26029383753501406,0.2592207282913165,0.25784593837535014,0.2555661064425771,0.25598907563025214,0.26218431372549017,Male,41,Adult,Adult,E,NC,ees08m41_250Hz_gu2_AEP.conn
EES10M22,EES10M22_250Hz_gu1_AEP.conn,gu1,0.2352254901960784,0.22539999999999996,0.22153333333333333,0.2230431372549019,0.21726666666666664,0.24017450980392155,0.24107254901960787,0.23949215686274508,0.24769607843137256,0.23762156862745099,0.23100392156862745,0.23355294117647055,0.2686117647058824,0.2683509803921568,0.24510392156862748,0.2989717647058824,0.29886588235294115,0.2960976470588235,0.295175294117647,0.29888117647058826,0.2922647058823529,0.2879694117647059,0.29033294117647057,0.28970117647058824,0.2935776470588235,0.29170941176470583,0.29164235294117646,0.2925,0.29663999999999996,0.2896811764705882,0.2670235294117647,0.26266,0.26676941176470587,0.26638352941176474,0.2669729411764706,0.27436941176470586,0.2717541176470588,0.27342000000000005,0.2694470588235294,0.25812705882352943,0.26464823529411763,0.2626647058823529,0.26575764705882354,0.27211411764705884,0.2622470588235294,0.27852899159663863,0.27613571428571426,0.2765243697478991,0.2764701680672269,0.27462478991596634,0.2743260504201681,0.2748063025210084,0.27561638655462184,0.27346764705882354,0.2826659663865546,0.2792058823529412,0.28042731092436973,0.2884537815126051,0.28748907563025206,0.29013823529411764,0.31093921568627453,0.31190392156862745,0.30861176470588236,0.3087264705882353,0.30927450980392157,0.29182450980392155,0.2951735294117647,0.29698823529411766,0.29495,0.31459705882352945,0.31136274509803924,0.3145686274509804,0.2929294117647059,0.2982705882352941,0.30250098039215684,0.23944677871148454,0.24089971988795508,0.24294341736694677,0.24229747899159662,0.23813949579831933,0.23627478991596645,0.23747282913165263,0.23808571428571432,0.23940112044817924,0.24625994397759096,0.2467602240896359,0.24391624649859944,0.24875966386554627,0.24724145658263302,0.24859159663865546,Male,22,Adult,Tertiary,E,NC,EES10M22_250Hz_gu2_AEP.conn
MMS20M28,mms20m28_250Hz_gu1_AEP.conn,gu1,0.24305686274509805,0.2406764705882353,0.24039019607843137,0.25516862745098035,0.2567980392156863,0.23120980392156862,0.24365686274509804,0.25207254901960785,0.27238627450980396,0.2452313725490196,0.24863333333333335,0.2632117647058823,0.284743137254902,0.2859058823529412,0.26066470588235297,0.31096117647058824,0.3119235294117647,0.31798941176470585,0.31629294117647055,0.3078917647058824,0.3065811764705882,0.30944000000000005,0.3125564705882353,0.3112729411764706,0.30631176470588234,0.31641294117647056,0.3133388235294118,0.3249341176470588,0.3256105882352941,0.3242976470588235,0.2637611764705882,0.2601952941176471,0.2648423529411764,0.2692541176470588,0.27710235294117647,0.25866941176470587,0.2613517647058824,0.2620305882352941,0.2557905882352941,0.251575294117647,0.25716000000000006,0.26222,0.2628129411764706,0.26219764705882354,0.2585341176470588,0.26593361344537814,0.2651457983193277,0.2625819327731093,0.26427142857142855,0.2684046218487395,0.2696659663865547,0.2683567226890756,0.26917142857142856,0.26510672268907565,0.27215378151260505,0.26890126050420166,0.27059495798319333,0.2833201680672269,0.2787193277310925,0.276844537815126,0.28409117647058824,0.28526372549019613,0.2744745098039216,0.27845392156862747,0.27650980392156865,0.2927205882352941,0.28973137254901965,0.28641176470588237,0.28544019607843135,0.2850480392156863,0.2764705882352941,0.27936764705882355,0.2946235294117647,0.2848647058823529,0.2872274509803922,0.22958571428571428,0.2272372549019608,0.2263156862745098,0.22771680672268907,0.23373081232492993,0.22940840336134452,0.229690756302521,0.2282165266106443,0.23194481792717087,0.23429439775910368,0.23495854341736697,0.235624649859944,0.23817591036414565,0.23550196078431376,0.2393428571428571,Male,28,Adult,Adult,C,C,mms20m28_250Hz_gu2_AEP.conn
MMS19F30,mms19f30_250Hz_gu1_AEP.conn,gu1,0.2463313725490196,0.24709607843137257,0.24592745098039215,0.2495901960784314,0.2442294117647059,0.2317529411764706,0.2272705882352941,0.22725098039215685,0.24350196078431371,0.2613235294117647,0.25991764705882353,0.26272549019607844,0.2614274509803922,0.2598313725490196,0.281456862745098,0.3307376470588236,0.3361929411764706,0.33875411764705887,0.3396058823529412,0.33773882352941176,0.32319058823529406,0.32076117647058827,0.31937882352941177,0.3220447058823529,0.33186941176470586,0.33867294117647057,0.3428094117647059,0.33501058823529417,0.3334894117647059,0.34430235294117645,0.2883364705882353,0.2954058823529412,0.3038129411764706,0.3042352941176471,0.30002,0.30152823529411765,0.29832588235294116,0.2954564705882353,0.29265411764705884,0.2958294117647059,0.30359411764705885,0.3067611764705882,0.2880141176470588,0.2905941176470589,0.2953729411764706,0.2873151260504202,0.28640840336134454,0.28770840336134457,0.2854037815126051,0.28764621848739497,0.28502310924369745,0.28665630252100843,0.28948361344537815,0.2894243697478992,0.29562058823529413,0.2968575630252101,0.29485042016806723,0.2960310924369748,0.30184915966386555,0.3017201680672269,0.3150941176470588,0.31378333333333336,0.3145382352941177,0.31316960784313724,0.3148225490196079,0.30077156862745097,0.3097921568627451,0.31240098039215686,0.31358431372549017,0.31816960784313725,0.3200392156862745,0.31929411764705884,0.3155205882352941,0.31721372549019605,0.31627745098039217,0.2694764705882353,0.26954341736694676,0.26836078431372545,0.2675235294117647,0.2681128851540616,0.2674952380952381,0.2699949579831933,0.26926582633053225,0.26708879551820736,0.27189607843137253,0.2695036414565826,0.26801624649859945,0.2744252100840336,0.2734100840336134,0.2714854341736695,Female,30,Adult,Adult,C,C,mms19f30_250Hz_gu2_AEP.conn
MMS18M36MIX,mms18m36mix_250Hz_gu1_AEP.conn,gu1,0.2072705882352941,0.20752745098039216,0.20768627450980393,0.20711176470588236,0.20299019607843138,0.1981588235294118,0.1997392156862745,0.1938843137254902,0.20668039215686276,0.22174705882352938,0.2266705882352941,0.22562941176470588,0.2304666666666667,0.22856666666666667,0.2450137254901961,0.2548435294117647,0.25814588235294117,0.2568352941176471,0.2551388235294118,0.25479882352941174,0.25408588235294116,0.2523564705882353,0.25127529411764704,0.25292470588235294,0.2608035294117647,0.26370588235294123,0.2629635294117647,0.2589576470588236,0.2617270588235294,0.2783047058823529,0.24916235294117647,0.25004,0.24723647058823528,0.24247058823529413,0.23548705882352944,0.23830588235294115,0.2349070588235294,0.2306211764705882,0.23393176470588237,0.24817058823529417,0.24506705882352944,0.2455305882352941,0.23510117647058823,0.2345411764705882,0.24548235294117648,0.2565457983193277,0.2600042016806722,0.26107857142857144,0.26077436974789914,0.26133823529411765,0.2627525210084033,0.2599873949579831,0.25839159663865546,0.2591323529411765,0.2694848739495798,0.2687084033613445,0.26648361344537813,0.2713084033613445,0.2688084033613446,0.27574747899159663,0.24846862745098042,0.2534519607843137,0.25521470588235295,0.2484137254901961,0.24370294117647062,0.2426235294117647,0.24531176470588237,0.2443833333333333,0.2445705882352941,0.25998725490196084,0.2601764705882353,0.25518627450980397,0.2556529411764706,0.2491803921568628,0.25853235294117644,0.21410112044817925,0.21184005602240893,0.213390756302521,0.21504873949579828,0.2141487394957983,0.2117988795518207,0.2109056022408963,0.21020840336134453,0.214087675070028,0.21564593837535012,0.21667282913165267,0.21836806722689078,0.2172039215686274,0.21587815126050416,0.22064341736694676,Male,36,Adult,Adult,C,C,mms18m36mix_250Hz_gu2_AEP.conn
MMS16M23,mms16m23_250Hz_gu1_AEP.conn,gu1,0.20538235294117646,0.20900784313725493,0.2075156862745098,0.20401764705882353,0.20417254901960782,0.211756862745098,0.21288039215686272,0.21442549019607846,0.2200392156862745,0.22230000000000003,0.21836862745098037,0.21431176470588234,0.24227450980392154,0.24734313725490198,0.24157058823529412,0.24394117647058827,0.24531647058823527,0.24561411764705882,0.24639764705882355,0.2435494117647059,0.2471058823529412,0.2552564705882353,0.25624352941176476,0.25395411764705883,0.24362117647058829,0.24359294117647057,0.24187529411764705,0.2582847058823529,0.25961529411764706,0.2559623529411765,0.2240705882352941,0.22279764705882354,0.21948941176470588,0.21497058823529414,0.21799294117647058,0.22461647058823533,0.2254741176470588,0.22819882352941173,0.22924705882352941,0.22288470588235293,0.21843411764705883,0.21628705882352942,0.23509999999999995,0.23901882352941178,0.22716705882352942,0.2596857142857143,0.2605004201680672,0.2584995798319328,0.2575033613445378,0.2579264705882353,0.26222436974789914,0.2603432773109243,0.2610600840336134,0.262394537815126,0.2694903361344538,0.26619915966386554,0.26455336134453783,0.2724718487394958,0.27389201680672265,0.2721071428571428,0.2718774509803922,0.2721029411764706,0.26445980392156865,0.2589460784313726,0.25623823529411766,0.2523852941176471,0.25528627450980385,0.2567686274509804,0.25847745098039215,0.2773166666666667,0.2705921568627451,0.26699803921568627,0.2572980392156863,0.257828431372549,0.26660098039215685,0.21785546218487395,0.21906106442577036,0.21933221288515406,0.2189829131652661,0.2184442577030813,0.21907675070028013,0.2215067226890756,0.2220103641456583,0.21998767507002803,0.21779607843137253,0.2183078431372549,0.2201128851540617,0.22431512605042017,0.22421148459383758,0.2166036414565826,Male,23,Adult,Adult,C,C,mms16m23_250Hz_gu2_AEP.conn
EES14F26,ees14f26_250Hz_gu1_AEP.conn,gu1,0.21338823529411763,0.21362352941176468,0.20667058823529413,0.19925490196078433,0.20361568627450977,0.19772156862745097,0.20007843137254902,0.2013549019607843,0.21050980392156862,0.2299078431372549,0.22213725490196076,0.21621764705882351,0.22918235294117648,0.22996470588235293,0.2459627450980392,0.2630870588235294,0.2629917647058823,0.2592682352941177,0.25098235294117643,0.25702470588235293,0.24088470588235295,0.24680235294117647,0.2564070588235294,0.2611564705882353,0.26162705882352943,0.25948000000000004,0.2524282352941176,0.25691411764705885,0.2644964705882353,0.2647058823529412,0.23459647058823524,0.23692705882352944,0.23882352941176466,0.2382458823529412,0.2374505882352941,0.2413423529411765,0.24300000000000005,0.24073411764705882,0.23424823529411762,0.2397964705882353,0.24201529411764708,0.23922000000000004,0.23970705882352944,0.23837176470588234,0.24070117647058814,0.24590168067226892,0.2511071428571428,0.25261176470588237,0.24705630252100844,0.23968193277310923,0.24403445378151262,0.24694453781512601,0.24760252100840335,0.2429021008403362,0.2560226890756303,0.2578781512605042,0.25184159663865546,0.26236092436974795,0.2604453781512605,0.2580571428571429,0.24756960784313728,0.25012745098039213,0.2527803921568627,0.25328333333333336,0.25290196078431376,0.25853431372549024,0.25566666666666665,0.25550588235294114,0.2536892156862745,0.26134117647058824,0.2607205882352941,0.25851862745098037,0.2582803921568627,0.2562509803921569,0.2668774509803922,0.2244142857142857,0.22223585434173668,0.22204509803921568,0.2232190476190476,0.22326358543417366,0.22280644257703083,0.2227927170868347,0.22225042016806723,0.22472661064425767,0.2257613445378151,0.22506862745098039,0.22438291316526612,0.22889635854341733,0.22722464985994392,0.22578347338935575,Female,26,Adult,Adult,E,NC,ees14f26_250Hz_gu2_AEP.conn
EES09M30MU,EES09m30mu_250Hz_gu1_AEP.conn,gu1,0.29817450980392163,0.2968176470588235,0.2954686274509804,0.2900156862745098,0.28563529411764704,0.30408235294117647,0.30084509803921566,0.2946588235294118,0.2999627450980393,0.31038039215686275,0.30730196078431365,0.30468235294117657,0.3245176470588235,0.3168313725490196,0.32134705882352943,0.29988000000000004,0.3071129411764706,0.30789529411764704,0.3054929411764706,0.3063623529411765,0.30018941176470587,0.3007411764705883,0.3046317647058824,0.3092223529411765,0.30469882352941174,0.30299882352941176,0.3031423529411765,0.30967176470588237,0.31360470588235295,0.31038470588235295,0.2811835294117647,0.28112470588235294,0.27975294117647065,0.278344705882353,0.27968352941176466,0.2848917647058823,0.28396823529411763,0.2835447058823529,0.27836470588235296,0.2696176470588235,0.26796588235294116,0.2724341176470588,0.27878588235294116,0.2791494117647059,0.2646,0.3364012605042017,0.3366491596638656,0.3353180672268907,0.3339201680672269,0.3316710084033613,0.3305626050420168,0.3325752100840336,0.3353899159663865,0.33576176470588237,0.34434579831932777,0.34322521008403356,0.34278655462184876,0.3443638655462185,0.3452882352941177,0.3439739495798319,0.32388529411764705,0.3230362745098039,0.3269137254901961,0.3303107843137255,0.3317833333333334,0.32508529411764703,0.3249225490196079,0.33091470588235294,0.335271568627451,0.3325588235294118,0.3354882352941177,0.33840294117647063,0.34121274509803917,0.3401401960784314,0.337914705882353,0.26012633053221285,0.26106386554621847,0.2632577030812325,0.2638633053221288,0.2665507002801121,0.26235882352941176,0.2578932773109244,0.2564025210084034,0.25539467787114845,0.26651596638655467,0.27015966386554624,0.2700669467787115,0.26255770308123255,0.2631224089635854,0.27046442577030816,Male,30,Adult,Adult,E,NC,EES09m30mu_250Hz_gu2_AEP.conn
EES23F24,ees23f24_250Hz_gu1_AEP.conn,gu1,0.23545686274509806,0.23754509803921572,0.2390803921568628,0.24154509803921567,0.24513725490196073,0.23120196078431374,0.2361392156862745,0.23539411764705878,0.24080000000000004,0.24514705882352938,0.24364509803921566,0.23948627450980395,0.25580980392156866,0.25587450980392157,0.2568843137254902,0.28514588235294125,0.28813529411764705,0.29146,0.29308941176470593,0.2910482352941176,0.2814094117647059,0.27844588235294115,0.2694858823529412,0.2664364705882353,0.2812541176470588,0.2836858823529412,0.28389294117647057,0.2879141176470589,0.27796705882352946,0.2902811764705882,0.24306352941176473,0.24351176470588234,0.24133764705882355,0.24387411764705882,0.2486776470588235,0.24732235294117647,0.24817882352941173,0.24981882352941173,0.24796470588235292,0.2379235294117647,0.23543764705882353,0.2379011764705882,0.25008823529411767,0.2507329411764706,0.24387294117647063,0.28359621848739497,0.28259621848739497,0.28149537815126047,0.2831941176470588,0.2865878151260504,0.2860151260504202,0.2851714285714286,0.28479957983193277,0.2840079831932773,0.293231512605042,0.2913768907563026,0.2912302521008403,0.2970533613445378,0.29522184873949575,0.29924243697478986,0.2734156862745098,0.2770823529411764,0.27786176470588236,0.28009705882352937,0.2819009803921569,0.2714441176470588,0.27416274509803923,0.27410392156862745,0.2743656862745098,0.2810960784313725,0.28286078431372547,0.2836980392156863,0.2833803921568628,0.2817862745098039,0.2776078431372549,0.22814229691876747,0.22804733893557425,0.23021792717086825,0.2332899159663865,0.2338742296918768,0.2230521008403361,0.2258509803921568,0.22770280112044813,0.22855462184873954,0.23484033613445376,0.23747198879551823,0.24009663865546216,0.23337058823529416,0.2356781512605042,0.2385168067226891,Female,24,Adult,Adult,E,NC,ees23f24_250Hz_gu2_AEP.conn
EES21F20,EES21F20_250Hz_gu1_AEP.conn,gu1,0.23813529411764708,0.24288823529411765,0.2425607843137255,0.24088235294117646,0.24163921568627447,0.23505882352941176,0.23502156862745102,0.22830000000000003,0.2350862745098039,0.24372745098039217,0.2439529411764706,0.2414196078431373,0.2651862745098039,0.25986470588235294,0.25796862745098037,0.29423176470588236,0.29406235294117644,0.2931117647058824,0.29784941176470586,0.2993352941176471,0.28195647058823525,0.2853105882352942,0.28632588235294115,0.2865541176470588,0.28452117647058817,0.28461176470588234,0.29014470588235297,0.2939141176470588,0.2920717647058824,0.28958823529411765,0.26451529411764707,0.25615294117647064,0.25366,0.25620941176470585,0.26089294117647055,0.26810235294117646,0.2642164705882353,0.2627564705882353,0.26191764705882353,0.2464941176470588,0.24894470588235293,0.2527505882352941,0.25814588235294117,0.2584517647058823,0.24916352941176473,0.243086974789916,0.24687352941176474,0.24755504201680673,0.24856932773109244,0.25264075630252103,0.25377100840336136,0.25312563025210083,0.2530025210084033,0.25318907563025206,0.25980000000000003,0.2621163865546219,0.262777731092437,0.26647226890756304,0.26669789915966385,0.2680735294117647,0.27252843137254895,0.2714450980392157,0.2726980392156863,0.27435294117647063,0.2732117647058823,0.27530196078431374,0.27614901960784316,0.2716029411764706,0.26963039215686274,0.27468333333333333,0.27580294117647064,0.2816676470588235,0.2753519607843138,0.27661078431372554,0.2721911764705882,0.2175310924369748,0.21500112044817934,0.21732689075630254,0.22083529411764705,0.22073473389355738,0.21811456582633051,0.21784145658263313,0.2162358543417367,0.21731876750700277,0.21949439775910365,0.22199439775910362,0.22662661064425776,0.2265386554621849,0.225318487394958,0.2227669467787115,Female,20,Adult,Tertiary,E,NC,EES21F20_250Hz_gu2_AEP.conn
EES11M35,ees11m35_250Hz_gu1_AEP.conn,gu1,0.2659509803921569,0.26612941176470595,0.26486470588235295,0.2625490196078431,0.266186274509804,0.2932137254901961,0.29259999999999997,0.2860666666666667,0.2908862745098039,0.2783588235294117,0.2777862745098039,0.2776058823529412,0.3256333333333334,0.3226901960784314,0.29110980392156866,0.32427176470588237,0.3232517647058824,0.3201082352941177,0.319064705882353,0.3212588235294117,0.3318,0.3324541176470588,0.32555882352941173,0.31390117647058824,0.31889529411764705,0.3167011764705882,0.3143717647058824,0.3395529411764706,0.33286941176470586,0.3275352941176471,0.2680435294117647,0.2665870588235294,0.27132941176470593,0.2790976470588235,0.28108705882352936,0.2779623529411765,0.2819082352941177,0.2865129411764706,0.2845870588235294,0.2646823529411765,0.26795176470588233,0.27776470588235297,0.27626,0.27776705882352937,0.2663247058823529,0.2843046218487395,0.28688571428571435,0.29165,0.2928521008403361,0.2923382352941176,0.28854411764705884,0.288153781512605,0.29134537815126044,0.2920088235294117,0.29479327731092436,0.298427731092437,0.2995886554621849,0.3054617647058823,0.30376176470588234,0.30238781512605034,0.2848049019607843,0.2847617647058824,0.28805686274509806,0.2889539215686274,0.2893,0.28906960784313723,0.29205686274509807,0.2951176470588235,0.29315294117647056,0.2946245098039216,0.2977049019607843,0.2978362745098039,0.29795784313725493,0.29780686274509804,0.2996009803921568,0.23595686274509808,0.23698823529411767,0.23698011204481792,0.23648431372549025,0.2347955182072829,0.2326322128851541,0.2351008403361345,0.2369386554621849,0.23651876750700285,0.24166442577030817,0.24054369747899157,0.24013389355742293,0.23942296918767508,0.241275350140056,0.24359579831932773,Male,35,Adult,Adult,E,NC,ees11m35_250Hz_gu2_AEP.conn
EES20F22,ees20f22_250Hz_gu1_AEP.conn,gu1,0.2769450980392157,0.2797019607843137,0.2793176470588235,0.27763921568627453,0.277278431372549,0.2957921568627451,0.2891607843137255,0.27405098039215686,0.2745019607843137,0.2838392156862745,0.280578431372549,0.27534313725490195,0.30788039215686275,0.29364313725490193,0.30398039215686273,0.30426000000000003,0.30039411764705876,0.29446588235294124,0.28943294117647056,0.2917811764705882,0.2880082352941177,0.28535647058823527,0.28926,0.29636823529411765,0.2947835294117647,0.2889564705882353,0.2834141176470588,0.2959223529411765,0.29888588235294117,0.31013529411764706,0.2646905882352941,0.27123294117647057,0.2705047058823529,0.27035764705882354,0.2648164705882353,0.2688223529411765,0.26063058823529406,0.2602835294117647,0.2662341176470588,0.26339529411764706,0.2623635294117647,0.26212117647058825,0.2626117647058823,0.26081411764705886,0.2670894117647059,0.28173319327731094,0.28332184873949584,0.2814126050420168,0.2806512605042017,0.2790794117647058,0.2845873949579832,0.28095294117647057,0.2783689075630252,0.2762235294117647,0.29094621848739494,0.289494537815126,0.2874689075630252,0.29632983193277307,0.2960714285714286,0.2931638655462185,0.291593137254902,0.2925872549019608,0.2910078431372549,0.28784117647058827,0.2876598039215686,0.28586862745098035,0.2893852941176471,0.2912411764705882,0.29470784313725495,0.2962745098039216,0.2953813725490196,0.29543725490196077,0.2967558823529412,0.29953235294117647,0.2957519607843137,0.27233697478991603,0.27223949579831935,0.2698652661064425,0.2664263305322129,0.26576974789915964,0.27038151260504195,0.26917450980392155,0.2696792717086835,0.27007002801120444,0.2772540616246498,0.27489775910364145,0.27147394957983195,0.2764280112044818,0.2766299719887956,0.27886078431372546,Female,22,Adult,Tertiary,E,NC,ees20f22_250Hz_gu2_AEP.conn
MMS05F36,mms05f36_250Hz_gu1_AEP.conn,gu1,0.22471764705882355,0.2167549019607843,0.20733725490196084,0.21454901960784314,0.21978627450980392,0.2344372549019608,0.23222745098039219,0.22456470588235292,0.23707254901960786,0.23582745098039215,0.23015882352941175,0.23732745098039218,0.26055686274509804,0.2517960784313725,0.2523098039215686,0.2835011764705883,0.2895682352941176,0.28495764705882354,0.2750294117647059,0.2652094117647058,0.2677258823529412,0.2685635294117647,0.27075647058823527,0.26863176470588235,0.2864,0.28389647058823525,0.27519058823529413,0.2727717647058824,0.270975294117647,0.28393999999999997,0.23371176470588245,0.23912,0.2403235294117647,0.23569176470588235,0.23420235294117644,0.23052941176470582,0.23357647058823527,0.2344294117647059,0.2350435294117647,0.23844352941176475,0.23897294117647058,0.23428117647058824,0.22799882352941178,0.22901882352941177,0.23571529411764708,0.2507126050420168,0.25229705882352943,0.2528109243697479,0.2527609243697479,0.2545306722689076,0.2583399159663866,0.25601596638655466,0.2532067226890756,0.2526331932773109,0.2610189075630252,0.26327478991596637,0.26369327731092435,0.26346932773109244,0.26374831932773113,0.2707915966386555,0.2616529411764706,0.2579529411764706,0.25442450980392156,0.25110490196078433,0.2528813725490196,0.26277156862745094,0.25828921568627455,0.2553254901960784,0.2595049019607843,0.26262254901960785,0.25945392156862745,0.25733823529411765,0.2617901960784314,0.2596343137254902,0.26588039215686277,0.22621428571428565,0.22653697478991597,0.2272767507002801,0.22975098039215686,0.2316871148459384,0.2315126050420168,0.22894985994397757,0.22843333333333335,0.22813473389355746,0.23423669467787114,0.23514705882352943,0.23743837535014004,0.2340453781512605,0.23225826330532215,0.23683501400560222,Female,36,Adult,Adult,C,C,mms05f36_250Hz_gu2_AEP.conn
MMS13F24,mms13f24_250Hz_gu1_AEP.conn,gu1,0.22311764705882356,0.21630000000000002,0.2194078431372549,0.22191960784313727,0.22393529411764704,0.22420196078431373,0.22569019607843135,0.23091372549019606,0.24759607843137255,0.24458039215686275,0.24889999999999998,0.25275490196078426,0.2564705882352942,0.265256862745098,0.2779549019607843,0.2935823529411765,0.2905317647058824,0.28963529411764705,0.2903705882352941,0.2924447058823529,0.29106000000000004,0.2895611764705882,0.29252,0.2999741176470588,0.2905741176470588,0.2913458823529411,0.29118470588235296,0.295864705882353,0.2993305882352941,0.30548000000000003,0.2473929411764706,0.24672470588235296,0.25093176470588235,0.25228705882352936,0.2571941176470588,0.2484105882352941,0.25614588235294117,0.2596717647058823,0.26032941176470586,0.24695411764705882,0.2508647058823529,0.2540094117647059,0.2584341176470588,0.26008,0.2566800000000001,0.25092226890756303,0.2509159663865546,0.25084201680672263,0.25128403361344537,0.2532226890756303,0.25281092436974795,0.25261176470588237,0.2546936974789916,0.2583789915966387,0.2596138655462185,0.25910966386554624,0.2558331932773109,0.26748151260504205,0.2660915966386554,0.26518193277310925,0.27148627450980395,0.2707764705882353,0.274064705882353,0.27616274509803923,0.2787372549019608,0.2683450980392157,0.2644225490196079,0.2622127450980392,0.2576421568627451,0.268578431372549,0.26874019607843136,0.2721264705882353,0.2636911764705882,0.26285490196078426,0.2624901960784314,0.21542128851540615,0.21768487394957983,0.21948711484593839,0.21796862745098042,0.2175193277310925,0.2178537815126051,0.21650924369747898,0.21924929971988794,0.2188198879551821,0.22678347338935576,0.227281512605042,0.22274397759103642,0.22240784313725487,0.22406022408963583,0.22866750700280108,Female,24,Adult,Adult,C,C,mms13f24_250Hz_gu2_AEP.conn
EES19F33,EES19f33_250Hz_gu1_AEP.conn,gu1,0.2026843137254902,0.19733137254901964,0.19608235294117646,0.19095098039215685,0.2008509803921569,0.21080196078431376,0.21463333333333334,0.21128627450980395,0.21707254901960785,0.21538823529411766,0.21311960784313724,0.2135058823529412,0.23604509803921567,0.23629803921568626,0.22076666666666667,0.2642611764705883,0.26358352941176466,0.2637752941176471,0.26042,0.2636529411764706,0.2721470588235294,0.2757070588235294,0.27987411764705883,0.28335058823529413,0.2643188235294118,0.26306117647058824,0.2640835294117647,0.2827717647058824,0.2864,0.2665223529411765,0.22539529411764708,0.22928941176470588,0.22803176470588235,0.22752823529411764,0.2264835294117647,0.23981882352941178,0.2441564705882353,0.237315294117647,0.23746588235294114,0.22933058823529412,0.23252117647058826,0.23097176470588235,0.23881411764705884,0.23682235294117646,0.23394823529411765,0.27438193277310924,0.274536974789916,0.27330378151260504,0.2738453781512605,0.27767941176470584,0.2826638655462185,0.2823201680672269,0.28219033613445377,0.28354453781512606,0.284840756302521,0.2842924369747899,0.28495546218487394,0.29508193277310923,0.2916886554621848,0.29531974789915966,0.2914392156862745,0.29310980392156866,0.29411176470588235,0.2954764705882353,0.29102058823529414,0.2795656862745098,0.278906862745098,0.2739892156862745,0.2698068627450981,0.29435686274509804,0.29493725490196077,0.2952441176470589,0.2860313725490196,0.27915980392156864,0.28638039215686273,0.23772100840336136,0.24086050420168068,0.24438375350140054,0.24195098039215682,0.23702380952380944,0.241118487394958,0.2421274509803921,0.24200224089635855,0.23973193277310928,0.24628543417366944,0.248718487394958,0.24534593837535018,0.24532436974789915,0.2448983193277311,0.24817871148459383,Female,33,Adult,Adult,E,NC,EES19f33_250Hz_gu2_AEP.conn
MMS14F25,mms14f25_250Hz_gu1_AEP.conn,gu1,0.3040843137254902,0.3050686274509804,0.30645490196078434,0.3068901960784314,0.3067078431372549,0.30271372549019604,0.30289999999999995,0.2946137254901961,0.28550784313725486,0.3094294117647059,0.31064509803921575,0.31167058823529414,0.3214921568627451,0.3112039215686275,0.32212352941176475,0.37951058823529416,0.38726705882352946,0.3903305882352941,0.3954658823529412,0.39563411764705886,0.38941058823529406,0.3907517647058823,0.3878317647058823,0.38522117647058823,0.38797999999999994,0.39191294117647063,0.39490941176470595,0.38926235294117656,0.3858505882352941,0.4002835294117647,0.3429258823529412,0.3436435294117647,0.3444870588235294,0.3459694117647059,0.34317764705882353,0.3466388235294118,0.3465882352941177,0.3380129411764706,0.3336576470588235,0.3501458823529412,0.34736,0.3448305882352941,0.34168588235294123,0.3343270588235294,0.3426588235294118,0.33473361344537816,0.3338323529411765,0.3342386554621849,0.33681134453781514,0.33681512605042013,0.3349873949579832,0.33405504201680675,0.33197478991596646,0.3310197478991596,0.3439260504201681,0.3438718487394958,0.3441802521008403,0.34558445378151265,0.34474327731092436,0.34783865546218484,0.31498333333333334,0.3144137254901961,0.3202039215686274,0.32430294117647057,0.3155647058823529,0.3310411764705883,0.3262529411764706,0.322571568627451,0.3203254901960784,0.3255754901960784,0.32700294117647055,0.32570784313725487,0.3246343137254902,0.32377549019607843,0.3277127450980392,0.2913837535014006,0.28837899159663866,0.28614929971988795,0.28606526610644256,0.2872070028011205,0.2854929971988796,0.28438291316526604,0.283881512605042,0.2831403361344538,0.29262464985994396,0.2915705882352941,0.29207871148459374,0.28975686274509804,0.2916142857142857,0.2951770308123249,Female,25,Adult,Adult,C,C,mms14f25_250Hz_gu2_AEP.conn
EES24F29,EES24F29_250Hz_gu1_AEP.conn,gu1,0.2468490196078431,0.2572509803921568,0.26156666666666667,0.267278431372549,0.26945294117647056,0.23817058823529413,0.24691372549019608,0.2528137254901961,0.2745607843137255,0.27397647058823527,0.28077647058823535,0.28434705882352945,0.27724313725490196,0.2809372549019608,0.2963411764705883,0.3022858823529412,0.30311176470588236,0.31105529411764704,0.3218670588235294,0.3250070588235294,0.3090482352941176,0.31122,0.312024705882353,0.31597411764705885,0.30209176470588234,0.30806705882352936,0.31495529411764706,0.3229423529411765,0.3252482352941176,0.32072352941176474,0.2756435294117647,0.2768305882352941,0.2751952941176471,0.2766258823529412,0.2767529411764706,0.2896258823529412,0.2954164705882353,0.29458941176470593,0.2872623529411765,0.28001882352941176,0.2747223529411765,0.2746564705882353,0.2857717647058824,0.2880435294117647,0.27357882352941176,0.30126260504201685,0.29823865546218487,0.30066596638655463,0.304472268907563,0.3084121848739496,0.30060336134453775,0.3052121848739496,0.30337689075630253,0.30059411764705884,0.3102042016806723,0.31168487394957983,0.3122924369747899,0.31449243697478985,0.3137323529411765,0.31681428571428577,0.3063235294117647,0.3052019607843137,0.30124117647058823,0.30202352941176475,0.30306764705882355,0.28511470588235294,0.28303823529411765,0.28522254901960786,0.292121568627451,0.3078313725490196,0.3061941176470588,0.3072754901960784,0.29061274509803925,0.2952578431372549,0.3035656862745098,0.26333473389355744,0.26434957983193275,0.2672521008403361,0.26553333333333334,0.26760028011204484,0.26421316526610644,0.2639193277310924,0.26584313725490194,0.26694089635854346,0.26758739495798317,0.2718997198879552,0.2723131652661065,0.27118543417366936,0.27241624649859947,0.2778546218487395,Female,29,Adult,Adult,E,NC,EES24F29_250Hz_gu2_AEP.conn
MMS10F23,mms10f23_250Hz_gu1_AEP.conn,gu1,0.2874549019607843,0.29248823529411766,0.28904705882352943,0.28968431372549025,0.28338823529411766,0.28696078431372546,0.29962352941176473,0.3041039215686275,0.31549999999999995,0.29847843137254904,0.2980411764705882,0.30001764705882356,0.3317607843137255,0.3245745098039216,0.3110098039215687,0.33106,0.3373647058823529,0.34134117647058826,0.3439152941176471,0.34015058823529415,0.3364152941176471,0.33067647058823535,0.3380505882352942,0.34574000000000005,0.3299764705882353,0.33948588235294114,0.34432117647058824,0.3404,0.34264941176470587,0.34545882352941176,0.32711882352941174,0.3312576470588235,0.32833999999999997,0.3300247058823529,0.3259882352941176,0.31842705882352945,0.32059764705882354,0.32646588235294116,0.3280988235294118,0.3344129411764706,0.33208117647058827,0.3333,0.3207494117647059,0.3265635294117647,0.3321352941176471,0.31714201680672266,0.31496302521008407,0.31124075630252096,0.3107953781512605,0.31155882352941183,0.31325504201680665,0.3172890756302521,0.3146999999999999,0.31026806722689076,0.323377731092437,0.3206731092436975,0.3189012605042017,0.3232361344537815,0.32170630252100835,0.32582436974789913,0.30461470588235295,0.3029392156862745,0.29440686274509803,0.28922941176470585,0.28816568627450984,0.2969735294117647,0.3022225490196078,0.2958509803921569,0.29334313725490196,0.304093137254902,0.2953813725490196,0.2924794117647059,0.30260000000000004,0.2981901960784314,0.2881078431372549,0.26160868347338934,0.26388067226890755,0.2656759103641456,0.266012324929972,0.26557170868347335,0.26396442577030815,0.25864313725490196,0.25897254901960787,0.2614039215686274,0.26822268907563024,0.2683512605042017,0.2662795518207283,0.26321932773109247,0.26449859943977594,0.2687448179271709,Female,23,Adult,Adult,C,C,mms10f23_250Hz_gu2_AEP.conn
MMS15M25,mms15m25_250Hz_gu1_AEP.conn,gu1,0.255621568627451,0.25558039215686273,0.25157254901960785,0.25181176470588235,0.2553098039215686,0.2588725490196078,0.2630137254901961,0.2627980392156863,0.25986666666666663,0.25728235294117646,0.2546686274509804,0.2551686274509804,0.2806509803921569,0.27996470588235295,0.27810196078431376,0.3017423529411765,0.30107294117647065,0.29951764705882356,0.2982682352941176,0.2972988235294117,0.29935529411764705,0.3027529411764706,0.30266352941176466,0.3054705882352941,0.29978823529411763,0.2961611764705883,0.29315058823529416,0.3120305882352941,0.31233764705882355,0.3053329411764706,0.27396000000000004,0.2725858823529412,0.2674482352941177,0.2612894117647059,0.2581835294117647,0.26763882352941176,0.27216117647058824,0.2745235294117647,0.27428705882352944,0.26879411764705885,0.26495176470588233,0.2577282352941176,0.26661411764705883,0.2713976470588235,0.26629294117647057,0.2784310924369748,0.2782659663865546,0.2777226890756303,0.2779718487394958,0.27764285714285714,0.28296638655462186,0.2845894957983193,0.2863340336134454,0.28562815126050417,0.2906420168067227,0.28881764705882346,0.2874869747899159,0.2992394957983193,0.29835756302521005,0.2971861344537815,0.2987980392156862,0.2997862745098039,0.3001107843137255,0.29843725490196077,0.293878431372549,0.2980480392156863,0.29515392156862746,0.2974637254901961,0.29427745098039215,0.3106950980392157,0.3074166666666666,0.3072764705882353,0.30873823529411765,0.3095147058823529,0.3051519607843138,0.24168627450980384,0.24225854341736697,0.24301176470588232,0.2423439775910364,0.24077450980392165,0.24580252100840336,0.2434044817927171,0.24145406162464983,0.24167114845938378,0.24673277310924369,0.24738067226890756,0.2480619047619048,0.25162717086834735,0.25143921568627453,0.24765770308123244,Male,25,Adult,Adult,C,C,mms15m25_250Hz_gu2_AEP.conn
EES15F31,ees15f31_250Hz_gu1_AEP.conn,gu1,0.21415882352941182,0.21937450980392156,0.217878431372549,0.22121176470588233,0.2237686274509804,0.20103333333333331,0.20139607843137253,0.20551960784313725,0.22608039215686274,0.23542156862745098,0.22876666666666665,0.22791372549019603,0.24000392156862746,0.24692745098039218,0.24009215686274507,0.27871999999999997,0.28273647058823526,0.28149176470588233,0.2794235294117647,0.27742470588235296,0.2717905882352941,0.2697341176470588,0.2695529411764706,0.2711105882352941,0.28362588235294117,0.27836,0.27402235294117644,0.2846176470588236,0.28336,0.2812176470588235,0.20680352941176466,0.20805764705882357,0.21277999999999997,0.21716588235294115,0.21591176470588236,0.2045682352941176,0.20405529411764706,0.2025035294117647,0.20373764705882352,0.21015647058823528,0.2121305882352941,0.2139623529411765,0.21209647058823533,0.21127647058823523,0.21451176470588235,0.22512352941176475,0.22424957983193278,0.22305798319327733,0.2231386554621849,0.22452605042016807,0.22580756302521005,0.2277705882352941,0.22781260504201678,0.22719663865546216,0.23525840336134457,0.23252100840336132,0.23152394957983188,0.2436840336134454,0.24065084033613435,0.2438550420168067,0.253086274509804,0.25567843137254903,0.25814509803921565,0.2570823529411765,0.2561745098039216,0.25274705882352944,0.25278333333333336,0.2593078431372549,0.26221764705882356,0.262256862745098,0.2642372549019608,0.264221568627451,0.26234117647058824,0.2652735294117647,0.25929607843137253,0.19814901960784312,0.20074593837535018,0.2048859943977591,0.20721736694677872,0.2053333333333333,0.1992854341736695,0.20053837535014005,0.2022375350140056,0.20191932773109245,0.2042109243697479,0.20722156862745097,0.20984845938375352,0.20771848739495796,0.20900896358543417,0.2066294117647059,Female,31,Adult,Adult,E,NC,ees15f31_250Hz_gu2_AEP.conn
MMS09F24,mms09f24_250Hz_gu1_AEP.conn,gu1,0.2650882352941177,0.25654705882352946,0.2536568627450981,0.2542254901960785,0.25590784313725495,0.2713666666666667,0.2706490196078431,0.27307254901960787,0.27649999999999997,0.26301568627450983,0.2643705882352941,0.26712156862745096,0.28787843137254904,0.2942823529411765,0.2823803921568628,0.28495176470588235,0.29204470588235293,0.29170705882352943,0.2867705882352941,0.2832235294117647,0.29072117647058826,0.29205176470588234,0.28704117647058824,0.2834623529411765,0.28880235294117645,0.29031882352941174,0.2867658823529412,0.29919294117647055,0.29524000000000006,0.3005117647058823,0.23737999999999998,0.24260823529411768,0.2411541176470588,0.23942235294117645,0.24311058823529413,0.24219058823529416,0.24932941176470588,0.2505976470588235,0.24853176470588237,0.2274435294117647,0.22783294117647057,0.22664117647058818,0.2432294117647059,0.24172235294117644,0.22189764705882356,0.26310546218487396,0.2624920168067227,0.2605886554621849,0.2587071428571428,0.2554361344537815,0.2590844537815126,0.25853781512605034,0.25695924369747897,0.2568004201680672,0.2681529411764706,0.26469243697478995,0.262209243697479,0.27081596638655464,0.2704768907563025,0.2727088235294118,0.29316372549019604,0.2917901960784314,0.28584019607843136,0.2792382352941176,0.27791764705882355,0.2878,0.2854147058823529,0.2856,0.2839843137254902,0.29313529411764705,0.2889676470588235,0.2856343137254902,0.29306470588235295,0.29682156862745096,0.29141568627450976,0.24695210084033614,0.2462927170868347,0.24625994397759102,0.247793837535014,0.24948655462184874,0.2526817927170868,0.2515296918767507,0.2493151260504202,0.24721596638655458,0.2542078431372549,0.25327114845938375,0.25412016806722687,0.2587064425770308,0.25862717086834736,0.25899131652661067,Female,24,Adult,Adult,C,C,mms09f24_250Hz_gu2_AEP.conn
MMS11F22,mms11f22_250Hz_gu1_AEP.conn,gu1,0.23124901960784314,0.23020196078431376,0.2345823529411765,0.23556274509803923,0.23749411764705886,0.21942549019607846,0.21996862745098036,0.2195235294117647,0.22808235294117649,0.24373137254901958,0.24768823529411765,0.24894509803921572,0.25047058823529417,0.25194901960784316,0.26871568627450987,0.2907823529411765,0.292264705882353,0.29277294117647057,0.29200000000000004,0.29134235294117644,0.29142117647058824,0.2928529411764706,0.2884011764705882,0.2830164705882353,0.2923305882352941,0.2958235294117647,0.2937211764705882,0.3006411764705882,0.29832823529411767,0.3049352941176471,0.26743294117647054,0.2706235294117647,0.27263999999999994,0.2733858823529412,0.2720505882352941,0.26167294117647055,0.2628564705882353,0.2670035294117647,0.2654623529411765,0.268775294117647,0.27238,0.2714564705882353,0.2610117647058824,0.26610941176470587,0.2734623529411765,0.26400504201680675,0.26280126050420166,0.25984873949579834,0.25511008403361346,0.2559273109243697,0.26065420168067227,0.26080084033613443,0.2589180672268907,0.25692941176470596,0.26843361344537825,0.26704705882352936,0.26515252100840336,0.2686109243697479,0.2664373949579832,0.2703180672268908,0.2604558823529412,0.26175882352941177,0.2609186274509804,0.25980294117647057,0.25976568627450985,0.26263137254901964,0.26441470588235294,0.26619607843137255,0.26370490196078433,0.2715196078431372,0.2678862745098039,0.26855098039215686,0.2738950980392157,0.2769754901960784,0.26754019607843144,0.2373633053221289,0.23450084033613444,0.23207899159663864,0.23471008403361343,0.23519523809523804,0.23604061624649855,0.23644313725490199,0.23946610644257704,0.24087787114845938,0.2422389355742297,0.24124005602240897,0.2412089635854342,0.24410392156862742,0.24655658263305325,0.24695070028011207,Female,22,Adult,Tertiary,C,C,mms11f22_250Hz_gu2_AEP.conn
MMS08M24,mms08m24_250Hz_gu1_AEP.conn,gu1,0.24635098039215686,0.24649411764705884,0.2416294117647059,0.24163333333333328,0.24438823529411766,0.2440823529411765,0.23614509803921568,0.23134117647058824,0.24524901960784318,0.2505450980392157,0.24843921568627456,0.249464705882353,0.2594078431372549,0.2534607843137255,0.26580784313725486,0.29940352941176474,0.30405882352941177,0.3025270588235294,0.29826470588235293,0.29662588235294124,0.29654823529411767,0.2941,0.2930505882352941,0.2923305882352941,0.29452117647058823,0.2946129411764706,0.2903094117647059,0.2972011764705882,0.2958882352941176,0.3016364705882353,0.2905729411764706,0.2895517647058824,0.28398,0.2783729411764706,0.27871529411764706,0.2826058823529412,0.276944705882353,0.2823,0.2908694117647059,0.2837270588235294,0.2782576470588235,0.2721741176470588,0.2679423529411765,0.26908470588235295,0.27542235294117645,0.2953441176470588,0.29930210084033615,0.29927268907563026,0.2978546218487395,0.29607310924369745,0.295172268907563,0.29340294117647053,0.29522521008403363,0.29689453781512604,0.3111739495798319,0.3079827731092437,0.30431260504201685,0.30787226890756303,0.3082911764705882,0.31383781512605047,0.2754186274509804,0.28081274509803916,0.2822029411764706,0.2852264705882353,0.29105,0.27658039215686275,0.2754754901960785,0.27927549019607845,0.2793294117647059,0.2835686274509804,0.2827617647058824,0.2865333333333333,0.28703529411764706,0.2862166666666667,0.2826078431372549,0.23730196078431373,0.23569915966386557,0.23198935574229693,0.23231848739495795,0.23468403361344542,0.23301652661064426,0.23530700280112044,0.23592801120448173,0.2344638655462185,0.23985798319327736,0.23735126050420163,0.23665462184873948,0.24400812324929974,0.24452380952380956,0.24141092436974793,Male,24,Adult,Adult,C,C,mms08m24_250Hz_gu2_AEP.conn
MMS12M23,mms12m23_250Hz_gu1_AEP.conn,gu1,0.2695843137254902,0.268978431372549,0.2732705882352941,0.27111176470588233,0.2635529411764706,0.2742333333333333,0.270978431372549,0.27139411764705884,0.2799921568627451,0.2775921568627451,0.28448823529411765,0.28315490196078424,0.3061607843137255,0.3030941176470588,0.3046117647058823,0.3219282352941176,0.31861411764705877,0.31602588235294116,0.3111494117647059,0.3124517647058823,0.3232376470588235,0.3183152941176471,0.3160917647058824,0.3151623529411765,0.3095541176470588,0.30870117647058826,0.3067811764705882,0.32788117647058823,0.32177058823529414,0.31782823529411763,0.2581105882352941,0.2597023529411765,0.25847176470588235,0.25594470588235296,0.25629176470588233,0.25180470588235293,0.2569047058823529,0.2646494117647059,0.2639223529411765,0.2525294117647059,0.2565682352941177,0.2581658823529412,0.2514258823529412,0.25339647058823533,0.2535023529411765,0.2831126050420168,0.285472268907563,0.28744243697478994,0.2867953781512605,0.2851567226890756,0.28834621848739495,0.28904243697478993,0.2872701680672269,0.2896781512605043,0.2965247899159663,0.29756974789915963,0.29654243697478994,0.30353529411764707,0.3018911764705883,0.30150210084033613,0.2971813725490196,0.30199313725490196,0.3059176470588235,0.3082421568627451,0.3095441176470588,0.302843137254902,0.3037450980392157,0.30495098039215685,0.3061872549019608,0.3083705882352941,0.3095323529411765,0.3090480392156863,0.30867254901960783,0.3091549019607843,0.3073372549019608,0.24306078431372555,0.24255882352941174,0.24241680672268912,0.24431988795518206,0.2437305322128852,0.24471036414565828,0.24592997198879551,0.24713361344537818,0.24678963585434174,0.24555126050420165,0.24623809523809517,0.24819551820728283,0.250427731092437,0.2506745098039216,0.24953025210084037,Male,23,Adult,Adult,C,C,mms12m23_250Hz_gu2_AEP.conn
EES16F34,EES16f34_250Hz_gu1_AEP.conn,gu1,0.2628372549019608,0.26044117647058823,0.2595607843137255,0.2624607843137255,0.26611960784313726,0.2711156862745098,0.26470392156862743,0.25362549019607844,0.25829607843137253,0.2705294117647059,0.2734137254901961,0.277256862745098,0.2906039215686274,0.28353333333333336,0.29282745098039215,0.3399470588235294,0.34010588235294115,0.33830823529411763,0.33353529411764704,0.32645647058823535,0.3311258823529412,0.32872117647058824,0.3291976470588235,0.3328317647058824,0.33118705882352945,0.3275047058823529,0.32452,0.3419776470588235,0.33976117647058823,0.338024705882353,0.3287364705882353,0.32843058823529414,0.3295376470588235,0.3312364705882353,0.3252741176470588,0.3240270588235294,0.32403529411764703,0.32279176470588233,0.3221,0.3234988235294118,0.3243729411764706,0.3239,0.30976941176470596,0.3086058823529412,0.3196870588235294,0.2881634453781513,0.28914201680672263,0.28654915966386557,0.2849840336134454,0.28233319327731093,0.2816575630252101,0.28098823529411765,0.28015,0.2796365546218488,0.29294117647058826,0.2922373949579832,0.28977563025210085,0.2906067226890756,0.2879638655462185,0.29390336134453776,0.3063421568627452,0.30358921568627456,0.30538039215686275,0.30787843137254906,0.30501470588235297,0.2968068627450981,0.3014686274509804,0.3050107843137255,0.3073598039215686,0.312893137254902,0.31386470588235293,0.31536274509803924,0.3063441176470588,0.31006960784313725,0.3146803921568628,0.2639943977591037,0.262340056022409,0.26264341736694674,0.2644767507002801,0.26553669467787117,0.2646663865546219,0.2659837535014005,0.261090756302521,0.2553008403361344,0.2656719887955182,0.26743641456582634,0.26843417366946776,0.27211484593837537,0.26798963585434166,0.26869075630252104,Female,34,Adult,Adult,E,NC,EES16f34_250Hz_gu2_AEP.conn
EES12F24,ees12f24_250Hz_gu1_AEP.conn,gu1,0.23955686274509805,0.24875882352941173,0.2549882352941177,0.25144901960784316,0.2515254901960784,0.23901960784313725,0.24824117647058822,0.25814705882352934,0.26572352941176475,0.26776666666666665,0.27924313725490196,0.2723529411764706,0.28552941176470586,0.28602352941176473,0.2911764705882353,0.3059352941176471,0.30541294117647055,0.3116023529411765,0.31620823529411757,0.32451058823529416,0.3240435294117646,0.32713294117647057,0.3282011764705882,0.32238941176470587,0.3012223529411765,0.31272941176470587,0.32295529411764706,0.3284423529411765,0.3291647058823529,0.3322694117647059,0.29216117647058826,0.29378352941176467,0.28882235294117653,0.28546823529411763,0.28140117647058827,0.2950270588235294,0.29186823529411765,0.28454117647058824,0.27751411764705886,0.28951764705882355,0.28668,0.28565411764705884,0.29120705882352943,0.2860176470588235,0.29501764705882355,0.30050798319327726,0.3051155462184874,0.3043008403361344,0.3030058823529412,0.3071546218487395,0.3082373949579832,0.3062689075630252,0.30380084033613447,0.2991584033613445,0.31002142857142856,0.3111172268907563,0.3078579831932773,0.31890336134453784,0.3181743697478992,0.31306512605042014,0.3092833333333333,0.3081892156862745,0.30789313725490197,0.3086107843137255,0.3103843137254902,0.31292647058823525,0.3040186274509804,0.30649019607843137,0.30141666666666667,0.30394607843137256,0.30518235294117646,0.3043225490196078,0.309285294117647,0.316443137254902,0.3054372549019608,0.2628882352941176,0.26811456582633053,0.2712554621848739,0.2730263305322129,0.2716624649859944,0.2701406162464986,0.27145070028011203,0.2710285714285714,0.2678344537815126,0.2710327731092437,0.2724106442577031,0.2724016806722689,0.2795392156862745,0.280526050420168,0.2698988795518207,Female,24,Adult,Adult,E,NC,ees12f24_250Hz_gu2_AEP.conn
EES17F38,EES17F38_250Hz_gu1_AEP.conn,gu1,0.18563137254901962,0.17814901960784313,0.17251960784313725,0.17064901960784318,0.16999411764705882,0.18982156862745095,0.18538039215686275,0.186121568627451,0.20439999999999994,0.1904372549019608,0.18520196078431375,0.18705294117647062,0.20540588235294122,0.20752549019607844,0.20453137254901965,0.2690729411764706,0.2666364705882353,0.2694294117647059,0.2708964705882353,0.2707529411764706,0.25724705882352944,0.2540270588235294,0.2585164705882353,0.2615458823529412,0.26402941176470585,0.26695882352941175,0.26890470588235293,0.26474000000000003,0.2681623529411765,0.2763505882352941,0.21096235294117652,0.2125776470588235,0.21443647058823534,0.21355176470588236,0.21254352941176471,0.209624705882353,0.214335294117647,0.2158776470588235,0.21170235294117648,0.20876,0.2150835294117647,0.21513764705882354,0.21214705882352947,0.21434000000000003,0.21193294117647055,0.21752689075630252,0.21352689075630252,0.21556470588235296,0.21631974789915961,0.2181512605042017,0.22181176470588235,0.22403739495798317,0.2246210084033613,0.22055378151260505,0.22242731092436976,0.22482436974789913,0.2232621848739496,0.237739075630252,0.2399840336134454,0.2317857142857143,0.2476117647058824,0.24677254901960785,0.24403823529411764,0.23958823529411766,0.23539705882352943,0.24361960784313721,0.2473686274509804,0.24803529411764705,0.24498823529411762,0.24776274509803922,0.24526372549019604,0.2416254901960784,0.25734019607843134,0.26253529411764703,0.24565392156862745,0.2018078431372549,0.20264061624649857,0.20286498599439767,0.2035627450980392,0.2045078431372549,0.20359663865546218,0.2052450980392157,0.20713921568627447,0.2073565826330532,0.20653921568627448,0.20603473389355745,0.2046313725490196,0.20987591036414568,0.21108235294117644,0.20847703081232496,Female,38,Adult,Adult,E,NC,EES17F38_250Hz_gu2_AEP.conn
EES13M27,ees13m27_250Hz_gu1_AEP.conn,gu1,0.262635294117647,0.26430588235294117,0.26459607843137256,0.26978431372549017,0.26995098039215687,0.2616,0.26214509803921565,0.2686882352941176,0.28134901960784314,0.275521568627451,0.2746882352941176,0.2790313725490196,0.2953274509803922,0.2996490196078431,0.295078431372549,0.2895905882352941,0.2892282352941177,0.29023176470588236,0.29259529411764706,0.29104,0.28866,0.29180235294117646,0.294995294117647,0.2908176470588236,0.29272588235294117,0.29063058823529414,0.2920964705882353,0.2970929411764706,0.29989411764705887,0.2981329411764706,0.24750352941176473,0.24554705882352942,0.24573411764705883,0.24417411764705882,0.24224470588235292,0.24861176470588237,0.24863882352941175,0.2544235294117647,0.25539999999999996,0.24901058823529412,0.24855882352941175,0.24667176470588234,0.24778117647058823,0.2521105882352941,0.2451105882352941,0.27405756302521006,0.2748088235294117,0.2748340336134454,0.27469075630252104,0.2732621848739496,0.27451386554621854,0.27488487394957983,0.2752970588235294,0.273313025210084,0.27850672268907567,0.2776697478991596,0.2766352941176471,0.2868247899159663,0.2875726890756303,0.2774180672268907,0.29830588235294114,0.3017019607843137,0.30037450980392155,0.2985039215686275,0.2959009803921569,0.300493137254902,0.2978470588235294,0.2963137254901961,0.29456176470588236,0.3046421568627451,0.3033313725490196,0.30207352941176474,0.29772941176470585,0.30049901960784314,0.30088627450980393,0.2527095238095238,0.2547610644257703,0.254481512605042,0.2547358543417367,0.25217478991596637,0.2519170868347339,0.25210252100840336,0.25059579831932777,0.24886946778711483,0.25864873949579836,0.25901204481792717,0.2590347338935574,0.2575420168067227,0.25658543417366947,0.26057759103641454,Male,27,Adult,Adult,E,NC,ees13m27_250Hz_gu2_AEP.conn
MMS17M25,mms17m25_250Hz_gu1_AEP.conn,gu1,0.25793921568627454,0.25695686274509805,0.2539352941176471,0.25778823529411765,0.2510686274509804,0.2545470588235294,0.2552529411764706,0.2535137254901961,0.2644921568627451,0.2669215686274509,0.2649901960784314,0.2644039215686274,0.28129803921568625,0.2790960784313725,0.2803274509803922,0.3044576470588235,0.30430705882352943,0.30589764705882355,0.3036258823529412,0.29908352941176475,0.30152352941176475,0.3010270588235294,0.29954470588235294,0.30433294117647053,0.3009647058823529,0.29826705882352944,0.2956082352941176,0.3154282352941176,0.31314000000000003,0.31158,0.31827176470588237,0.3215188235294118,0.3216858823529412,0.31674352941176476,0.31138941176470586,0.3144647058823529,0.3173470588235294,0.3205011764705882,0.32026235294117644,0.31542352941176466,0.31174823529411766,0.30258352941176475,0.3039164705882353,0.30774705882352943,0.3097941176470588,0.34334201680672266,0.34839789915966385,0.3492533613445378,0.3488831932773109,0.34893991596638646,0.3469088235294118,0.3470676470588235,0.3483058823529412,0.3474084033613445,0.3598336134453782,0.35891344537815123,0.3551310924369749,0.35917184873949565,0.3581764705882353,0.3600453781512605,0.3301901960784313,0.33528235294117653,0.3384372549019608,0.3392352941176471,0.33715,0.3435294117647059,0.33994509803921563,0.3377235294117647,0.3354470588235294,0.3403990196078432,0.3423509803921569,0.34220686274509804,0.3479490196078432,0.34339313725490195,0.3427803921568628,0.28866946778711483,0.28868963585434176,0.2895383753501401,0.28963641456582634,0.28918879551820725,0.2923714285714285,0.2908588235294118,0.29061176470588235,0.28968291316526606,0.2936436974789916,0.2956994397759103,0.29583977591036414,0.2988613445378152,0.2986417366946779,0.29905238095238096,Male,25,Adult,Adult,C,C,mms17m25_250Hz_gu2_AEP.conn
MMS07F25A,mms07f25A_250Hz_gu1_AEP.conn,gu1,0.19314509803921567,0.1992156862745098,0.20577254901960784,0.2036549019607843,0.19671568627450983,0.18928823529411765,0.1958411764705882,0.204021568627451,0.22030000000000002,0.22357254901960785,0.22926274509803923,0.22781764705882357,0.2354078431372549,0.2381921568627451,0.24949999999999997,0.2696047058823529,0.2658882352941176,0.2647635294117647,0.26636235294117644,0.26833764705882357,0.2697611764705882,0.26901764705882353,0.26812470588235293,0.2680988235294118,0.27566352941176475,0.27226235294117646,0.2689741176470588,0.2813670588235294,0.2832870588235294,0.2885505882352941,0.23278823529411766,0.23632823529411767,0.24045294117647056,0.24167411764705884,0.24129411764705883,0.24618352941176475,0.24212470588235294,0.23794588235294123,0.2392905882352941,0.2400694117647059,0.24122352941176475,0.2437964705882353,0.24857058823529413,0.24577647058823526,0.23441294117647055,0.21406050420168068,0.21500420168067227,0.2189189075630252,0.2195138655462185,0.2204655462184874,0.2228310924369748,0.2204718487394958,0.22029243697478992,0.21973487394957983,0.22263025210084034,0.22595462184873952,0.22823235294117644,0.23831176470588233,0.23569789915966388,0.23548277310924373,0.24871666666666667,0.24147549019607842,0.23643333333333336,0.23941274509803923,0.24197254901960785,0.25142254901960787,0.2501774509803921,0.2539343137254902,0.25421764705882355,0.25066176470588236,0.2487009803921569,0.25275882352941176,0.2581186274509804,0.2581725490196079,0.25314901960784314,0.2180176470588235,0.21657647058823534,0.21807450980392162,0.21981820728291318,0.22115574229691876,0.21642857142857141,0.21735154061624656,0.21858907563025215,0.2182,0.22226442577030814,0.2233089635854342,0.22540252100840336,0.22565994397759098,0.22634873949579834,0.22740644257703083,Female,25,Adult,Adult,C,C,mms07f25A_250Hz_gu2_AEP.conn
R16E05G10,R16E05g10_info1_250Hz_gu1_AEP.conn,gu1,0.26377450980392153,0.2718098039215686,0.26981372549019605,0.26720588235294124,0.2649019607843137,0.2631764705882353,0.26284901960784307,0.26268039215686273,0.2777,0.2878862745098039,0.2781803921568627,0.2724686274509804,0.2982901960784314,0.29490196078431374,0.2968843137254902,0.31905058823529414,0.3205094117647059,0.3208776470588235,0.3187223529411765,0.3189470588235294,0.32411529411764706,0.323295294117647,0.31261529411764705,0.30606,0.31101529411764706,0.3076564705882353,0.3107670588235294,0.3326658823529412,0.3228811764705882,0.31859529411764703,0.2712694117647059,0.2774835294117647,0.27831176470588237,0.2806576470588235,0.26914117647058833,0.26333058823529415,0.2727764705882353,0.27581411764705877,0.27193999999999996,0.26884470588235293,0.26714470588235295,0.2705235294117646,0.2675529411764706,0.2702635294117647,0.2599035294117647,0.296514705882353,0.29730378151260506,0.2954126050420168,0.28958403361344537,0.28464579831932774,0.28413403361344536,0.2883079831932773,0.2890546218487395,0.2868273109243697,0.3032953781512605,0.3009529411764706,0.2925651260504201,0.3013600840336134,0.30153655462184875,0.3043428571428572,0.3202980392156863,0.318335294117647,0.3204509803921568,0.31558823529411767,0.3093401960784314,0.31498627450980393,0.3131539215686275,0.3081333333333333,0.3044441176470588,0.3098921568627451,0.31273627450980396,0.31091960784313727,0.30734901960784317,0.30677450980392157,0.3090941176470588,0.26400728291316533,0.26346946778711483,0.26730616246498595,0.2688960784313726,0.26872857142857143,0.26145378151260495,0.266896918767507,0.2708621848739496,0.2740605042016807,0.26680952380952383,0.26957450980392156,0.2713504201680672,0.2720949579831933,0.2775406162464985,0.26924565826330527,Female,10,8-12,Elementary,E,NC,R16E05g10_info1_250Hz_gu2_AEP.conn
R16E01Y10G,R16E01y10g_info1_250Hz_gu1_AEP.conn,gu1,0.3343843137254902,0.33318431372549023,0.33207254901960787,0.32511568627450976,0.33129019607843135,0.336043137254902,0.3351392156862745,0.3393529411764706,0.34279215686274506,0.3433058823529411,0.3363019607843137,0.3294019607843137,0.35671960784313717,0.3594803921568628,0.3544843137254902,0.3572094117647059,0.3531235294117647,0.35443058823529416,0.3547905882352941,0.3578905882352941,0.36248352941176476,0.3667752941176471,0.36752823529411766,0.3600788235294118,0.3447788235294118,0.3441623529411765,0.3456035294117647,0.37020588235294116,0.3662423529411765,0.346844705882353,0.3053282352941176,0.30972705882352936,0.3113964705882353,0.3077482352941176,0.3055894117647059,0.30628352941176473,0.31144823529411764,0.3099905882352941,0.31102235294117647,0.30740235294117646,0.31271058823529413,0.3067894117647059,0.301164705882353,0.2956317647058823,0.3087447058823529,0.31368193277310924,0.31879243697478993,0.3196756302521009,0.31936176470588234,0.3168172268907563,0.31682773109243706,0.31653235294117643,0.3120966386554622,0.31161134453781514,0.3250172268907563,0.3281189075630252,0.32799201680672263,0.3344281512605042,0.3315155462184874,0.3348575630252101,0.3339588235294117,0.3370186274509804,0.3356421568627452,0.3392450980392157,0.3319921568627451,0.34456764705882353,0.3425186274509804,0.3428,0.3380166666666667,0.343921568627451,0.3466127450980392,0.3485676470588235,0.3401098039215686,0.3420098039215686,0.3506764705882353,0.31592633053221286,0.31725210084033617,0.31569943977591036,0.31354425770308125,0.3103316526610644,0.30805266106442575,0.30595014005602233,0.3079420168067227,0.30859103641456587,0.3189829131652661,0.316050700280112,0.31382408963585434,0.30903221288515403,0.31112997198879555,0.31979663865546226,Female,10,8-12,Elementary,E,NC,R16E01y10g_info1_250Hz_gu2_AEP.conn
R16E20B4,R16E20b4_info1_250Hz_gu1_AEP.conn,gu1,0.405521568627451,0.40256470588235294,0.4142607843137254,0.4256098039215686,0.4203823529411765,0.41990196078431374,0.41560784313725496,0.4057823529411764,0.4030666666666667,0.4056901960784314,0.4197686274509804,0.4307176470588236,0.42368039215686276,0.41634117647058827,0.42188235294117643,0.4163376470588235,0.4128823529411765,0.41743411764705873,0.42097647058823534,0.4267411764705883,0.409624705882353,0.4119894117647059,0.41174470588235296,0.40907529411764704,0.4003729411764706,0.4004823529411765,0.4031470588235294,0.4087964705882353,0.40707882352941177,0.4003235294117647,0.3771223529411765,0.37911058823529414,0.36692,0.3568211764705882,0.3499823529411764,0.3844835294117647,0.38301529411764706,0.37304352941176466,0.3661529411764706,0.36692823529411767,0.3522141176470589,0.34390352941176466,0.36258705882352943,0.3518105882352941,0.34766470588235293,0.37494495798319327,0.37846344537815124,0.3825109243697479,0.38677647058823533,0.3916268907563026,0.3817113445378152,0.38028403361344537,0.3778327731092436,0.37637857142857145,0.3843697478991596,0.3859457983193277,0.38893151260504194,0.3924844537815127,0.38828991596638657,0.38850756302521006,0.40100294117647056,0.39758627450980394,0.392928431372549,0.4020401960784314,0.4094960784313726,0.4112852941176471,0.4059980392156863,0.40146960784313723,0.3994950980392156,0.3916656862745098,0.3868549019607843,0.4000794117647059,0.414443137254902,0.41019999999999995,0.3985401960784314,0.3753719887955182,0.37168823529411776,0.36910196078431373,0.36814873949579835,0.3671327731092437,0.3634610644257703,0.3677985994397759,0.37167030812324936,0.3756193277310924,0.3769686274509804,0.3718126050420168,0.37262521008403365,0.37988067226890765,0.3802980392156863,0.3751896358543418,Male,4,5-7,Elementary,E,NC,R16E20b4_info1_250Hz_gu2_AEP.conn
R16E09G10,R16E09g10_info1_250Hz_gu1_AEP.conn,gu1,0.3127843137254902,0.3180156862745098,0.31823725490196075,0.3174823529411765,0.3089921568627451,0.3195470588235294,0.3147274509803921,0.3135921568627451,0.31618823529411766,0.33505098039215686,0.33729019607843136,0.3338117647058823,0.3299568627450981,0.33346078431372544,0.35584509803921566,0.3690282352941176,0.37238352941176467,0.37178,0.37041176470588233,0.36933058823529413,0.3850047058823529,0.3786752941176471,0.37390117647058824,0.36638941176470585,0.3653588235294118,0.36584705882352936,0.36556235294117645,0.37967764705882356,0.37604352941176467,0.37043529411764703,0.3078494117647059,0.3023635294117647,0.29613294117647054,0.29742588235294115,0.3001682352941176,0.29953176470588233,0.30081529411764707,0.2964470588235294,0.2932976470588235,0.29917882352941183,0.2932729411764706,0.29422235294117643,0.29585058823529414,0.2973847058823529,0.2845811764705882,0.3120894957983193,0.3116894957983193,0.3145386554621849,0.3154495798319328,0.31438907563025215,0.31350798319327733,0.3168714285714286,0.3207899159663866,0.3199928571428572,0.3225920168067227,0.3228235294117647,0.3206768907563025,0.32796890756302516,0.332311344537815,0.32540504201680676,0.3223,0.323578431372549,0.3213872549019608,0.31857549019607845,0.3153245098039216,0.33711862745098037,0.34173431372549024,0.34113921568627453,0.33544999999999997,0.3250519607843137,0.3214441176470589,0.32003529411764714,0.34006470588235294,0.3405764705882353,0.31495686274509804,0.2680879551820728,0.2713137254901961,0.268493837535014,0.26949047619047617,0.2718501400560225,0.2774630252100841,0.27395602240896355,0.2713414565826331,0.273887675070028,0.27370168067226897,0.27226806722689073,0.273804761904762,0.27611204481792717,0.27175434173669466,0.2701899159663866,Female,10,8-12,Elementary,E,NC,R16E09g10_info1_250Hz_gu2_AEP.conn
R16S12G8,R16S12g8_info1_250Hz_gu1_AEP.conn,gu1,0.30560196078431373,0.3015411764705882,0.3024411764705882,0.307156862745098,0.3199019607843137,0.30517843137254896,0.3037941176470588,0.3066,0.3273313725490196,0.3209921568627451,0.31733725490196074,0.31913137254901963,0.334813725490196,0.3370039215686274,0.33657058823529407,0.36378352941176473,0.3643529411764706,0.3624188235294118,0.3624929411764707,0.3646870588235294,0.3476094117647059,0.3507152941176471,0.3574705882352941,0.3636211764705882,0.3720317647058823,0.36855764705882355,0.36476941176470584,0.36068941176470587,0.3689705882352941,0.3795282352941176,0.31323999999999996,0.31137411764705886,0.3103505882352941,0.30630352941176475,0.3064941176470588,0.2994670588235294,0.2988988235294118,0.300364705882353,0.30292470588235293,0.3110247058823529,0.3121058823529412,0.3110870588235294,0.30246352941176474,0.30692941176470584,0.31455647058823527,0.3500752100840336,0.348459243697479,0.3493268907563025,0.3480764705882353,0.35075504201680674,0.3512899159663866,0.3533663865546218,0.3543512605042017,0.35657815126050424,0.3577911764705882,0.3561882352941176,0.35402226890756305,0.362059243697479,0.3630789915966387,0.3583878151260504,0.31288039215686275,0.3138450980392157,0.3199303921568627,0.32467549019607844,0.3265539215686274,0.32408137254901964,0.3283362745098039,0.3278098039215686,0.3286656862745098,0.3183245098039215,0.3246421568627451,0.33061764705882357,0.3423127450980392,0.34210392156862746,0.32866960784313726,0.25855518207282924,0.26007787114845937,0.2589621848739496,0.2579854341736694,0.2587991596638656,0.25557422969187665,0.2567165266106442,0.2589666666666667,0.2579179271708683,0.26731148459383763,0.2669579831932773,0.2668310924369748,0.2674089635854341,0.2706254901960784,0.26916498599439775,Female,8,8-12,Elementary,S,NC,R16S12g8_info1_250Hz_gu2_AEP.conn
R16L01SY06,R16L01sy06_info1_250Hz_gu1_AEP.conn,gu1,0.2935627450980393,0.28634117647058827,0.2800725490196078,0.2740039215686275,0.272978431372549,0.29269215686274513,0.28949411764705885,0.2811019607843137,0.2952392156862745,0.29782156862745096,0.2866745098039216,0.28422156862745096,0.3210862745098039,0.3171941176470588,0.30442745098039214,0.33710235294117646,0.3389247058823529,0.33364588235294124,0.3367588235294118,0.3364541176470588,0.3406870588235294,0.33587882352941173,0.3353435294117647,0.33944823529411766,0.34010235294117647,0.33512588235294116,0.3339635294117647,0.34501411764705886,0.3449270588235295,0.3523823529411765,0.3399458823529412,0.33384117647058825,0.3385023529411765,0.3429870588235294,0.34315411764705883,0.3409564705882353,0.3462094117647059,0.3509611764705882,0.35205764705882353,0.33973294117647057,0.34164941176470587,0.3410941176470589,0.34946705882352946,0.35199294117647056,0.3473682352941176,0.35323361344537807,0.3520789915966387,0.35390966386554634,0.3566151260504202,0.35877058823529406,0.3585016806722689,0.3603054621848739,0.36131722689075635,0.36022394957983195,0.36128067226890753,0.36260630252100834,0.36313193277310923,0.37273235294117646,0.3726752100840335,0.37169957983193275,0.3383901960784314,0.3393803921568628,0.3395392156862745,0.34275686274509803,0.341778431372549,0.343385294117647,0.3468421568627451,0.34638627450980386,0.3454539215686275,0.3454137254901961,0.3461490196078431,0.3457107843137255,0.346407843137255,0.3497215686274509,0.3544127450980392,0.3107887955182073,0.30770252100840334,0.303729131652661,0.3018733893557423,0.3039560224089636,0.2979921568627451,0.301036974789916,0.3039044817927171,0.30853109243697474,0.3079117647058824,0.30636162464985994,0.3061072829131652,0.30379215686274513,0.3060635854341736,0.3040983193277311,Female,6,5-7,Elementary,S,NC,R16L01sy06_info1_250Hz_gu2_AEP.conn
R16S17G6,R16S17g6_info1_250Hz_gu1_AEP.conn,gu1,0.31323529411764706,0.3111509803921569,0.3140137254901962,0.31539803921568627,0.30998431372549023,0.3120392156862746,0.30329803921568627,0.2948980392156863,0.2978039215686275,0.3188647058823529,0.31706470588235297,0.31976666666666675,0.3373078431372549,0.32422745098039213,0.3316019607843137,0.3653058823529412,0.36082705882352945,0.36385647058823534,0.37186705882352944,0.3754670588235295,0.37157294117647066,0.3646882352941176,0.3603388235294117,0.35587176470588233,0.36,0.36334470588235296,0.37141647058823535,0.3768011764705882,0.37460235294117644,0.37274705882352943,0.3127164705882353,0.31345999999999996,0.31354941176470585,0.31480117647058825,0.31398941176470585,0.3200294117647059,0.31745294117647055,0.31233647058823527,0.30669529411764707,0.31445529411764706,0.31330117647058825,0.31181058823529406,0.3155941176470588,0.30676235294117643,0.31100470588235296,0.36119957983193274,0.3649449579831932,0.3640516806722688,0.36179117647058817,0.35884243697478985,0.36550126050420173,0.36989411764705876,0.36816890756302517,0.36521680672268897,0.3736957983193277,0.3713558823529411,0.3675991596638655,0.37914705882352945,0.3769365546218487,0.37581554621848745,0.33407745098039215,0.346728431372549,0.3515303921568628,0.3498235294117647,0.35160392156862746,0.35897549019607844,0.35984019607843143,0.3606980392156863,0.3583862745098039,0.3439274509803922,0.34788039215686273,0.34573921568627447,0.35434019607843137,0.3570196078431373,0.35020392156862745,0.3032521008403361,0.3054568627450981,0.3099585434173669,0.31336274509803924,0.3120081232492996,0.3145871148459384,0.3135238095238095,0.31230896358543425,0.31244313725490197,0.30867703081232484,0.3141607843137255,0.3167708683473389,0.3119159663865546,0.31230112044817926,0.31459411764705886,Female,6,5-7,Elementary,S,NC,R16S17g6_info1_250Hz_gu2_AEP.conn
R16BF06G8,R16BF06g8_info1_250Hz_gu1_AEP.conn,gu1,0.3846274509803922,0.3805588235294118,0.37039019607843143,0.3718156862745097,0.3755352941176471,0.377664705882353,0.3816,0.38305686274509804,0.3991686274509804,0.39866666666666667,0.3875529411764706,0.3907803921568627,0.4093,0.40956078431372545,0.4023607843137255,0.4378858823529411,0.44223999999999997,0.4398317647058823,0.4411047058823529,0.43796352941176464,0.44158823529411767,0.4444188235294118,0.4522294117647059,0.4554129411764706,0.4402211764705882,0.43765058823529407,0.43828941176470587,0.45343647058823533,0.4597247058823529,0.4418023529411765,0.3860623529411765,0.3878494117647059,0.3882917647058824,0.3849694117647059,0.37709294117647063,0.39336,0.39406588235294115,0.39006823529411766,0.38246823529411766,0.3803505882352941,0.3821670588235294,0.3827905882352941,0.3922952941176471,0.38430588235294116,0.3791435294117647,0.3780218487394958,0.3775987394957983,0.37950294117647054,0.3828428571428572,0.3836760504201682,0.38238067226890754,0.38169411764705885,0.38178529411764706,0.38082983193277314,0.3818756302521008,0.38466176470588237,0.3889785714285715,0.39518991596638653,0.39333655462184863,0.3981441176470589,0.3840362745098039,0.38562843137254904,0.3891686274509804,0.39265196078431375,0.39120784313725493,0.38908431372549024,0.38995784313725496,0.390206862745098,0.39018823529411767,0.39408431372549013,0.4006803921568627,0.4057343137254901,0.39462941176470584,0.3965156862745098,0.39129509803921564,0.36822661064425766,0.3689571428571428,0.36900504201680673,0.36882044817927173,0.3672649859943977,0.363790756302521,0.3643509803921569,0.3642647058823529,0.36318347338935575,0.37082661064425765,0.37072268907563033,0.3716605042016806,0.36684341736694676,0.36781708683473385,0.3715694677871148,Female,8,8-12,Elementary,S,NC,R16BF06g8_info1_250Hz_gu2_AEP.conn
R16E02Y06B,R16E02y06b_info1_250Hz_gu1_AEP.conn,gu1,0.4381901960784314,0.44314313725490195,0.4513039215686274,0.44426078431372557,0.43557450980392165,0.4456803921568628,0.4380156862745099,0.43430980392156854,0.43797647058823524,0.456578431372549,0.4656431372549019,0.4585078431372549,0.4607509803921568,0.46126078431372547,0.47451568627450974,0.47738352941176476,0.47360588235294115,0.4690576470588235,0.46763764705882355,0.4661070588235294,0.4708823529411765,0.46527176470588233,0.46712588235294117,0.4706635294117648,0.4821258823529412,0.4793929411764705,0.47426941176470583,0.47539999999999993,0.479255294117647,0.4823094117647059,0.46488588235294126,0.4615482352941177,0.4590705882352942,0.45830705882352946,0.4601341176470588,0.4652270588235294,0.4692494117647059,0.4708917647058823,0.4783458823529411,0.47641411764705877,0.4721670588235295,0.46523294117647057,0.46019411764705875,0.4642788235294118,0.4804105882352941,0.45080924369747905,0.4463680672268907,0.4455310924369748,0.44686260504201686,0.4454033613445379,0.45639369747899156,0.4551042016806723,0.4519504201680672,0.4556504201680672,0.4504294117647059,0.4487424369747899,0.4463348739495799,0.45999243697478986,0.45660840336134445,0.45535168067226894,0.4548137254901961,0.4577225490196078,0.4592803921568627,0.46074509803921565,0.4628372549019608,0.46690294117647063,0.45106862745098036,0.4425676470588235,0.44678725490196075,0.45054215686274507,0.44118529411764706,0.43672254901960783,0.44527254901960783,0.4383941176470589,0.43085490196078435,0.4338577030812325,0.43471624649859947,0.4319358543417367,0.43133053221288503,0.4292271708683473,0.42070504201680675,0.42110616246498606,0.42295210084033624,0.4212372549019608,0.4343249299719889,0.432636974789916,0.4325249299719888,0.4264787114845937,0.4273526610644258,0.44007058823529405,Female,6,5-7,Elementary,E,NC,R16E02y06b_info1_250Hz_gu2_AEP.conn
R16A02G05B,R16A02g05b_info1_250Hz_gu1_AEP.conn,gu1,0.3141156862745098,0.31446666666666667,0.30973529411764705,0.2930941176470588,0.28501764705882354,0.2840725490196079,0.2768627450980392,0.28706470588235294,0.3259137254901961,0.32246470588235293,0.31446274509803923,0.30503529411764707,0.3170411764705882,0.3337098039215686,0.31935490196078437,0.38417058823529404,0.37918352941176475,0.3824929411764706,0.3842858823529412,0.39347529411764703,0.3822023529411765,0.3781188235294118,0.3917505882352942,0.4060564705882353,0.3838764705882353,0.38396470588235293,0.3885176470588235,0.39326235294117645,0.4090964705882353,0.3978458823529412,0.3912917647058823,0.39089411764705884,0.3867776470588235,0.38488235294117645,0.3883094117647058,0.3949905882352941,0.39260588235294114,0.39330117647058827,0.3954682352941177,0.394855294117647,0.38982352941176474,0.3887176470588235,0.39388705882352937,0.391564705882353,0.3952188235294118,0.3749058823529411,0.3754394957983193,0.37252352941176475,0.36878781512605047,0.36427647058823526,0.36008025210084027,0.36219705882352937,0.36282394957983194,0.36368319327731097,0.3792264705882353,0.37563865546218494,0.37234453781512605,0.3818457983193277,0.3803819327731093,0.380823949579832,0.4022009803921569,0.40301666666666663,0.4007735294117647,0.3946990196078432,0.3798254901960785,0.39608333333333334,0.397678431372549,0.39112745098039214,0.3879823529411764,0.4047019607843137,0.4001264705882353,0.39771666666666666,0.4129294117647058,0.40274901960784315,0.3993058823529412,0.36194089635854343,0.36359271708683466,0.36136778711484596,0.35688487394957985,0.3534075630252101,0.35417198879551826,0.3558336134453782,0.3590565826330533,0.35584817927170864,0.3689285714285715,0.36376414565826326,0.3590963585434173,0.3611644257703081,0.3630056022408964,0.36089747899159663,Female,5,5-7,Elementary,A,NC,R16A02g05b_info1_250Hz_gu2_AEP.conn
R16E14B10,R16E14b10_info1_250Hz_gu1_AEP.conn,gu1,0.22456470588235292,0.22048431372549018,0.2201862745098039,0.21921568627450982,0.21258823529411763,0.20182156862745096,0.2037490196078431,0.20363529411764705,0.2239313725490196,0.23815686274509806,0.235578431372549,0.23201372549019614,0.2400137254901961,0.23980980392156867,0.2529843137254902,0.28892,0.29151529411764704,0.2933094117647059,0.29340470588235296,0.2900317647058823,0.28833411764705885,0.29274235294117645,0.2985905882352941,0.3018447058823529,0.2889976470588236,0.2883882352941176,0.2948788235294117,0.30173294117647065,0.3053376470588235,0.2981976470588235,0.3044470588235294,0.30350941176470586,0.3000223529411765,0.2966764705882353,0.29854705882352944,0.3130788235294118,0.3180176470588235,0.3203529411764706,0.3147823529411765,0.3024341176470588,0.30062823529411764,0.2999176470588235,0.31942235294117644,0.32310823529411764,0.30654941176470585,0.29512857142857146,0.29615420168067225,0.2990453781512605,0.2967861344537815,0.29425042016806724,0.2863432773109244,0.2880865546218487,0.2895109243697479,0.2884042016806723,0.30484537815126045,0.306227731092437,0.30459159663865554,0.302609243697479,0.30735462184873946,0.31188865546218486,0.27639313725490194,0.27092352941176473,0.27371764705882357,0.27673431372549023,0.276856862745098,0.280286274509804,0.27914117647058817,0.2795049019607843,0.2810715686274509,0.27045294117647056,0.27287254901960784,0.278521568627451,0.27679607843137255,0.27702647058823526,0.2795941176470588,0.22850028011204482,0.23002324929971993,0.22943081232492993,0.2291669467787115,0.22989915966386554,0.2271952380952381,0.22639243697478995,0.22537759103641464,0.22456050420168064,0.2371703081232493,0.2365179271708684,0.23506610644257703,0.23259019607843137,0.23063809523809523,0.23604537815126053,Male,10,8-12,Elementary,E,NC,R16E14b10_info1_250Hz_gu2_AEP.conn
R16A07B12,R16A07b12_info1_250Hz_gu1_AEP.conn,gu1,0.3268156862745098,0.34141764705882355,0.3504823529411765,0.35475294117647055,0.35822745098039216,0.3375450980392157,0.3354392156862745,0.3253686274509804,0.33963529411764704,0.3578215686274509,0.356578431372549,0.3612941176470588,0.36929411764705883,0.34674705882352946,0.3639921568627451,0.40747999999999995,0.40693294117647055,0.4040988235294118,0.3985505882352941,0.3879941176470589,0.41064235294117646,0.41362823529411774,0.41741882352941173,0.41512705882352935,0.41069764705882356,0.40526823529411765,0.4022799999999999,0.41910470588235293,0.41181176470588243,0.4202458823529412,0.37548352941176466,0.3700576470588235,0.36307411764705877,0.358275294117647,0.3618094117647059,0.3556941176470588,0.3517164705882353,0.3652011764705882,0.3754270588235294,0.37422941176470587,0.3708623529411764,0.35723176470588236,0.35134235294117644,0.362255294117647,0.3820858823529412,0.38192394957983195,0.38541638655462185,0.3873663865546218,0.39072058823529415,0.3939920168067226,0.3923445378151261,0.3995945378151261,0.3972365546218487,0.39214537815126044,0.3928899159663865,0.39267941176470583,0.3941626050420168,0.4057415966386554,0.41151470588235295,0.4091567226890756,0.382328431372549,0.3758725490196078,0.36935,0.3791088235294118,0.4021529411764706,0.40958431372549015,0.40001470588235294,0.38516078431372547,0.38463431372549023,0.3812911764705882,0.37436176470588234,0.3866529411764706,0.4058588235294118,0.3946137254901961,0.38495000000000007,0.3433165266106442,0.3368058823529411,0.33252492997198885,0.33546918767507,0.3400408963585434,0.3382299719887955,0.3397899159663866,0.33850728291316523,0.33926526610644253,0.34184173669467793,0.33781764705882356,0.33938123249299723,0.3412484593837536,0.34221848739495797,0.3473683473389356,Male,12,8-12,Secondary,A,NC,R16A07b12_info1_250Hz_gu2_AEP.conn
R16S18G10,R16S18g10_info1_250Hz_gu1_AEP.conn,gu1,0.2850725490196078,0.28335490196078433,0.28334901960784314,0.28420588235294114,0.2896588235294118,0.28478431372549023,0.28277254901960786,0.28744901960784314,0.31121764705882354,0.3040235294117647,0.29898039215686273,0.29702549019607843,0.31481176470588235,0.31516666666666665,0.3077549019607843,0.34913764705882355,0.3496341176470588,0.35065058823529416,0.348784705882353,0.3486164705882353,0.34799058823529416,0.3504447058823529,0.34844588235294116,0.3493482352941177,0.3515400000000001,0.3525870588235294,0.35199058823529417,0.3573811764705882,0.35893294117647057,0.3598352941176471,0.31097294117647056,0.3079,0.3019023529411765,0.2980470588235294,0.2939682352941177,0.3095623529411765,0.30945529411764705,0.3010505882352942,0.2948929411764706,0.3106258823529412,0.3081905882352941,0.3032623529411765,0.29934941176470586,0.2973435294117647,0.308535294117647,0.3273159663865545,0.3281134453781513,0.3272773109243698,0.32322352941176474,0.32009075630252104,0.334922268907563,0.33398697478991596,0.33022521008403366,0.3261289915966386,0.33174873949579836,0.3325424369747899,0.3313798319327731,0.3463697478991597,0.344485294117647,0.3378386554621849,0.30090490196078434,0.29691666666666666,0.2942696078431372,0.2951460784313726,0.29798529411764707,0.3073990196078431,0.30360784313725486,0.2930392156862745,0.28864411764705883,0.30078333333333335,0.29554215686274515,0.29593137254901963,0.3042656862745098,0.2951843137254902,0.2958470588235294,0.2525577030812325,0.25156442577030813,0.24915910364145663,0.24924789915966392,0.25052240896358546,0.25275406162464986,0.25052717086834736,0.2502770308123249,0.24975882352941176,0.25546330532212885,0.25443781512605035,0.2536361344537815,0.2567675070028011,0.2580056022408964,0.2547294117647059,Female,10,8-12,Elementary,S,NC,R16S18g10_info1_250Hz_gu2_AEP.conn
R16E06Y08G8,R16E06y08g8_info1_250Hz_gu1_AEP.conn,gu1,0.3408294117647059,0.3405039215686274,0.33825490196078434,0.3359960784313725,0.3335784313725491,0.3212019607843137,0.3055764705882353,0.2993235294117647,0.30825098039215687,0.3603019607843137,0.36811960784313724,0.35737058823529405,0.32410196078431375,0.3135,0.3861254901960784,0.3712294117647059,0.36297529411764706,0.36409882352941175,0.3600858823529412,0.36091411764705883,0.3585164705882353,0.35035294117647064,0.3490835294117647,0.35349529411764713,0.3607141176470588,0.3667505882352941,0.3620705882352941,0.36050000000000004,0.3622388235294117,0.3790894117647059,0.34794117647058825,0.33938,0.3468541176470588,0.3414011764705882,0.3356305882352942,0.32717058823529416,0.3372588235294117,0.35463647058823533,0.3564023529411765,0.34629294117647064,0.3510411764705882,0.34286941176470587,0.3210176470588236,0.3332611764705883,0.3584505882352941,0.3418210084033614,0.3349487394957983,0.3351058823529412,0.33737016806722686,0.3378689075630253,0.34869327731092437,0.3486361344537815,0.351890756302521,0.3504033613445378,0.34008613445378144,0.3388672268907563,0.34175756302521015,0.3551411764705882,0.35245630252100835,0.35262268907563027,0.39033921568627444,0.3878725490196078,0.3856254901960785,0.38703039215686275,0.3917470588235294,0.3777764705882352,0.3718470588235294,0.36955784313725487,0.3672460784313725,0.3787696078431373,0.3791794117647059,0.3833725490196078,0.36719509803921574,0.3686754901960784,0.3760617647058824,0.33774341736694674,0.33798431372549015,0.33206918767507,0.3272131652661065,0.3266422969187675,0.3310498599439775,0.32737226890756305,0.3299957983193276,0.32907647058823536,0.33641456582633056,0.3306232492997199,0.32720084033613445,0.3322649859943978,0.3360719887955182,0.32779075630252097,Female,8,8-12,Elementary,E,NC,R16E06y08g8_info1_250Hz_gu2_AEP.conn
R16E19B5,R16E19b5_info1_250Hz_gu1_AEP.conn,gu1,0.3384411764705882,0.33198039215686276,0.34131764705882356,0.35290784313725493,0.36634117647058817,0.35931960784313727,0.36180392156862745,0.3645607843137255,0.3795137254901961,0.347021568627451,0.36312549019607837,0.3760156862745098,0.38313725490196077,0.38615490196078434,0.3716431372549019,0.408615294117647,0.4083894117647059,0.40526117647058824,0.4114011764705882,0.4118635294117647,0.4149717647058823,0.41828117647058827,0.41889882352941177,0.41850588235294117,0.41100941176470585,0.41172352941176465,0.40985058823529413,0.4210682352941177,0.4248494117647059,0.42044941176470585,0.3827152941176471,0.3881576470588235,0.3865176470588235,0.39051529411764696,0.3911388235294118,0.4063835294117647,0.4055564705882352,0.4025388235294118,0.3992094117647059,0.3905611764705882,0.3907011764705882,0.39483882352941174,0.3985717647058823,0.4029505882352941,0.3872411764705882,0.44035882352941186,0.43984747899159676,0.44200210084033614,0.44529033613445385,0.4458021008403361,0.4380689075630252,0.4422037815126051,0.4429789915966386,0.43958361344537805,0.45122941176470593,0.4520865546218487,0.4521394957983193,0.4557243697478991,0.45454747899159675,0.4580575630252102,0.3782852941176471,0.37509607843137255,0.37581568627450984,0.3791686274509803,0.3836343137254901,0.3818009803921569,0.38323235294117647,0.3864460784313725,0.3791843137254902,0.3734911764705882,0.37703921568627446,0.3799598039215686,0.39052450980392156,0.39196568627450984,0.38566764705882356,0.348864705882353,0.347652380952381,0.35234817927170864,0.3543960784313725,0.35226722689075624,0.3441050420168067,0.34707731092436983,0.34792633053221295,0.34783669467787104,0.35105602240896355,0.34966246498599435,0.3484036414565826,0.35026554621848743,0.35428123249299714,0.35068067226890753,Male,5,5-7,Elementary,E,NC,R16E19b5_info1_250Hz_gu2_AEP.conn
R16S04G5,R16S04g5_info1_250Hz_gu1_AEP.conn,gu1,0.3010823529411764,0.28957058823529414,0.28748235294117647,0.29009411764705884,0.29347647058823534,0.2863352941176471,0.29281960784313726,0.3034352941176471,0.3182039215686274,0.2893117647058824,0.2896,0.2881078431372549,0.3178372549019608,0.32681764705882355,0.30259411764705885,0.3342023529411765,0.33379176470588234,0.33166117647058824,0.33501411764705885,0.3313741176470589,0.3391,0.3403976470588235,0.34190235294117644,0.34210941176470594,0.3222329411764706,0.31787529411764714,0.31853764705882354,0.33887529411764705,0.34295999999999993,0.3223329411764706,0.29246117647058834,0.28646352941176473,0.28398,0.28224705882352946,0.27595882352941176,0.3071741176470588,0.3035305882352941,0.2942741176470588,0.28860823529411767,0.28392000000000006,0.2783258823529412,0.27652470588235295,0.2979094117647059,0.2915741176470588,0.28085176470588236,0.33172352941176475,0.33251764705882353,0.3272394957983193,0.322835294117647,0.3264613445378151,0.3298743697478992,0.3332613445378151,0.3376638655462184,0.3405365546218488,0.3356218487394958,0.33517184873949585,0.33400504201680675,0.34221890756302514,0.3448067226890756,0.34791218487394954,0.35014901960784317,0.3460549019607843,0.34931862745098036,0.3479186274509804,0.3436392156862745,0.35376078431372554,0.3483019607843137,0.346228431372549,0.34401078431372545,0.3418558823529412,0.3488117647058823,0.3473382352941176,0.3496627450980392,0.3490607843137255,0.35634313725490196,0.2814257703081232,0.2801408963585434,0.27757450980392157,0.2768204481792717,0.2771005602240897,0.28519187675070024,0.2832336134453781,0.27980308123249303,0.27684789915966385,0.292129131652661,0.2879605042016806,0.28282128851540617,0.28570504201680674,0.28088067226890756,0.2900232492997199,Female,5,5-7,Elementary,S,NC,R16S04g5_info1_250Hz_gu2_AEP.conn
R16S25B8,R16S25b8_info1_250Hz_gu1_AEP.conn,gu1,0.32918627450980387,0.3299156862745098,0.3256352941176471,0.3172372549019608,0.30514901960784313,0.33255098039215686,0.33019803921568625,0.34043725490196075,0.3456725490196078,0.35518823529411764,0.34808431372549015,0.3415392156862745,0.3542176470588236,0.3656921568627451,0.3681117647058823,0.35530823529411765,0.35681529411764706,0.3585035294117647,0.35817882352941177,0.3554341176470588,0.3597482352941176,0.35897999999999997,0.3622623529411765,0.3533235294117647,0.35499176470588234,0.3584164705882352,0.35460941176470595,0.36973764705882356,0.3742352941176471,0.37381176470588234,0.38555764705882356,0.3864129411764706,0.3829094117647059,0.3776117647058823,0.37130823529411766,0.3838458823529412,0.3745341176470588,0.35895176470588236,0.35646588235294113,0.38078823529411765,0.3747635294117647,0.3697905882352941,0.36437294117647057,0.34800705882352945,0.3682058823529412,0.3852445378151261,0.3844168067226891,0.3818600840336135,0.38193487394957976,0.3831357142857143,0.3893264705882352,0.38091848739495804,0.38156638655462183,0.38054117647058827,0.3925668067226892,0.3895655462184874,0.3903063025210084,0.39374117647058826,0.3940903361344538,0.39296302521008414,0.36055098039215694,0.3569803921568628,0.3545480392156863,0.3527705882352941,0.349493137254902,0.35298235294117647,0.35474411764705877,0.3610529411764705,0.36265588235294116,0.35444313725490195,0.34969117647058817,0.34652254901960783,0.3563313725490196,0.3623303921568628,0.3482411764705882,0.32450084033613447,0.32182016806722685,0.31872408963585436,0.3158170868347339,0.31656358543417357,0.318443137254902,0.32177478991596636,0.3207896358543418,0.32378515406162467,0.32669747899159657,0.32329187675070026,0.32172492997198876,0.3254089635854342,0.3235084033613445,0.3182075630252101,Male,8,8-12,Elementary,S,NC,R16S25b8_info1_250Hz_gu2_AEP.conn
R16E15G5,R16E15g5_info1_250Hz_gu1_AEP.conn,gu1,0.2098490196078431,0.20510000000000003,0.20769803921568628,0.20991764705882351,0.2087313725490196,0.21140588235294114,0.21789411764705882,0.21895686274509799,0.2314313725490196,0.23082352941176468,0.22436862745098038,0.22004509803921568,0.25028235294117646,0.2505529411764706,0.24351960784313728,0.2832411764705882,0.28080470588235296,0.27578117647058825,0.27961411764705885,0.28112117647058826,0.2637047058823529,0.26833058823529415,0.27637882352941173,0.2797058823529412,0.27670823529411764,0.2744305882352941,0.28035764705882354,0.28267882352941176,0.2891211764705882,0.29627647058823536,0.2722611764705882,0.26614470588235295,0.2597082352941177,0.25983058823529415,0.2629105882352941,0.2707035294117647,0.2667294117647059,0.2646870588235294,0.2626647058823529,0.2570882352941176,0.24980117647058822,0.25226941176470585,0.2475752941176471,0.2494776470588235,0.25012000000000006,0.26135042016806725,0.2605878151260504,0.2575693277310925,0.25907941176470584,0.2617264705882353,0.2573693277310924,0.25358109243697485,0.2521193277310924,0.2534600840336135,0.26575672268907563,0.26263109243697474,0.2636012605042017,0.2666466386554622,0.2675344537815126,0.27324075630252104,0.28940392156862743,0.2837607843137255,0.2789549019607843,0.27656078431372544,0.2771441176470589,0.26625490196078433,0.26900392156862746,0.2765137254901961,0.2798333333333333,0.2883382352941177,0.28334019607843136,0.2828323529411765,0.27715392156862745,0.28415882352941174,0.2844392156862745,0.24088403361344535,0.23841372549019604,0.2362504201680672,0.23921904761904758,0.23993809523809523,0.2424560224089636,0.24288599439775913,0.2407106442577031,0.24033641456582636,0.24225910364145656,0.24060756302521003,0.24295322128851535,0.24699075630252101,0.24492408963585435,0.24304145658263304,Female,5,5-7,Elementary,E,NC,R16E15g5_info1_250Hz_gu2_AEP.conn
R16A01BY08,R16A01by08_info1_250Hz_gu1_AEP.conn,gu1,0.30079803921568626,0.3120058823529412,0.3108588235294118,0.30853529411764696,0.30152156862745094,0.3020098039215686,0.3039490196078432,0.3094156862745098,0.31491176470588234,0.3314725490196078,0.32873725490196076,0.319978431372549,0.33236078431372545,0.34155098039215687,0.3305313725490196,0.36849764705882354,0.36856235294117645,0.3708470588235294,0.3732458823529412,0.3651035294117647,0.36044588235294117,0.35961647058823526,0.36432117647058826,0.36136,0.38025882352941176,0.38392,0.3842623529411764,0.38161529411764705,0.38519058823529406,0.39674,0.3458647058823529,0.35113176470588237,0.3647270588235294,0.37702,0.3686094117647058,0.3576470588235294,0.35479764705882355,0.35584235294117644,0.35627411764705885,0.34901058823529413,0.3610011764705882,0.37638941176470586,0.34963529411764704,0.3550152941176471,0.35455647058823525,0.3357525210084033,0.3334928571428571,0.3307865546218487,0.3307294117647058,0.33681680672268904,0.3412911764705882,0.340785294117647,0.3482239495798319,0.35194537815126054,0.3433063025210084,0.34479033613445376,0.3436987394957983,0.34414369747899165,0.35010966386554626,0.3540075630252101,0.3682558823529412,0.36154215686274505,0.3664764705882353,0.36933725490196084,0.3656117647058823,0.35246274509803927,0.3474980392156863,0.3481823529411765,0.35194117647058826,0.368693137254902,0.37490490196078424,0.38049509803921566,0.3538705882352941,0.3536274509803922,0.3694558823529411,0.3325025210084034,0.3320072829131653,0.33038375350140053,0.32995518207282915,0.3292551820728291,0.33399047619047617,0.3323243697478992,0.3323890756302522,0.33465630252100836,0.33822969187675067,0.3392243697478991,0.33764845938375343,0.3274036414565827,0.3313960784313725,0.3386448179271708,Female,8,8-12,Elementary,A,NC,R16A01by08_info1_250Hz_gu2_AEP.conn
R16E11B5,R16E11b5_info1_250Hz_gu1_AEP.conn,gu1,0.3031019607843138,0.3016745098039216,0.2956686274509804,0.29119803921568627,0.289856862745098,0.28199411764705884,0.27617058823529417,0.27978039215686273,0.29665490196078426,0.30360784313725486,0.29730588235294114,0.30469999999999997,0.30387450980392156,0.31131568627450984,0.32127254901960783,0.340264705882353,0.3392764705882353,0.33868588235294117,0.33596941176470585,0.3343894117647059,0.33238470588235297,0.3342494117647059,0.33713764705882354,0.33544117647058824,0.33692705882352936,0.3320352941176471,0.3279576470588235,0.34148352941176463,0.3487588235294118,0.3399776470588235,0.3206470588235294,0.3127835294117647,0.3060505882352941,0.3023470588235294,0.3067717647058823,0.31404823529411763,0.31334117647058823,0.31226705882352934,0.31348117647058826,0.3153341176470589,0.31161647058823533,0.30830823529411766,0.31744470588235296,0.31998823529411763,0.3182776470588235,0.3150676470588235,0.3140558823529412,0.31312478991596643,0.31193697478991594,0.3081697478991597,0.3139554621848739,0.3157340336134454,0.3151361344537816,0.31526596638655463,0.32015966386554623,0.32014369747899163,0.320746218487395,0.33123781512605044,0.32997016806722684,0.32886092436974795,0.32786176470588235,0.3195705882352941,0.31657352941176475,0.31557549019607845,0.3154176470588235,0.31211470588235296,0.3088578431372549,0.3144166666666666,0.32143529411764704,0.3254098039215686,0.3186764705882353,0.31958333333333333,0.32379901960784313,0.32374313725490195,0.31935490196078437,0.2902809523809524,0.2874327731092437,0.28892184873949583,0.29087198879551823,0.28812128851540614,0.2830837535014005,0.2849005602240896,0.2867873949579832,0.2884672268907563,0.29410252100840334,0.29564117647058824,0.2963579831932773,0.2941921568627451,0.29647983193277305,0.29659411764705884,Male,5,5-7,Elementary,E,NC,R16E11b5_info1_250Hz_gu2_AEP.conn
R16S13B9,R16S13b9_info1_250Hz_gu1_AEP.conn,gu1,0.2688274509803921,0.2737843137254902,0.28245294117647063,0.289621568627451,0.2879764705882353,0.2680901960784314,0.2726627450980392,0.2757627450980392,0.292313725490196,0.27670980392156863,0.28788431372549017,0.29731176470588233,0.2978058823529412,0.29577254901960787,0.29744901960784315,0.34505882352941175,0.34666588235294116,0.3406870588235294,0.33273882352941186,0.3254152941176471,0.3297270588235295,0.3218729411764706,0.32366235294117646,0.3251458823529412,0.3347423529411765,0.3292964705882353,0.3256764705882353,0.32627058823529415,0.3334470588235294,0.33442352941176473,0.3166376470588236,0.32056235294117646,0.3186282352941176,0.3170952941176471,0.3156129411764706,0.3116882352941177,0.3085388235294118,0.3076317647058824,0.30841176470588233,0.31951647058823535,0.31875882352941176,0.31620470588235294,0.30537411764705885,0.3073105882352941,0.3268376470588235,0.31696554621848744,0.31816722689075627,0.31921806722689067,0.32018193277310925,0.3191415966386555,0.3198596638655462,0.31933109243697483,0.31778991596638656,0.3167310924369747,0.3224941176470587,0.3227575630252101,0.3228953781512605,0.3291567226890756,0.33186848739495795,0.32584663865546215,0.30058725490196075,0.2969627450980392,0.2943421568627451,0.2967127450980392,0.29757941176470587,0.29790980392156863,0.29844607843137255,0.30104313725490195,0.30058235294117647,0.3010686274509804,0.2953754901960784,0.29935686274509804,0.3048666666666667,0.31016568627450974,0.2986088235294118,0.2861630252100841,0.2825235294117646,0.2787778711484594,0.27952773109243695,0.27942941176470587,0.28035126050420167,0.2813492997198879,0.27940224089635857,0.2801210084033613,0.28290700280112047,0.279173949579832,0.2819627450980392,0.2905162464985994,0.28957927170868347,0.27881120448179275,Male,9,8-12,Elementary,S,NC,R16S13b9_info1_250Hz_gu2_AEP.conn
R16S16G11,R16S16g11_info1_250Hz_gu1_AEP.conn,gu1,0.3318117647058823,0.3278235294117647,0.32900196078431376,0.33136470588235295,0.32460980392156863,0.34494117647058825,0.3381078431372549,0.33278627450980386,0.34497254901960783,0.34856470588235294,0.34153529411764705,0.34119607843137256,0.3673333333333333,0.3601666666666666,0.35827254901960776,0.40600352941176465,0.40623176470588235,0.4056929411764706,0.41371882352941175,0.4141176470588235,0.41620823529411766,0.41440705882352946,0.41182117647058825,0.4125305882352941,0.4071411764705883,0.40988352941176476,0.41631294117647055,0.42524117647058823,0.4240588235294118,0.4212788235294117,0.3674647058823529,0.37168,0.3671741176470589,0.36927999999999994,0.3765717647058823,0.37494235294117645,0.36737882352941176,0.36194352941176466,0.3694329411764706,0.3739835294117647,0.3739423529411764,0.3748729411764706,0.36632470588235294,0.3625341176470588,0.3802776470588235,0.3722764705882353,0.37280630252100844,0.3703163865546219,0.3673504201680672,0.36740336134453777,0.3596789915966387,0.3587525210084034,0.3614844537815126,0.3590130252100841,0.38208991596638653,0.3793865546218486,0.37569411764705885,0.370796218487395,0.3744306722689075,0.3841117647058823,0.3720294117647059,0.36954705882352945,0.3705843137254902,0.3705735294117647,0.3646833333333333,0.3616372549019607,0.3701088235294117,0.3753078431372549,0.37499313725490196,0.3805382352941176,0.3764558823529412,0.37465,0.3664676470588235,0.3689254901960784,0.375271568627451,0.33250700280112044,0.3315422969187675,0.3315845938375351,0.33146414565826327,0.3328316526610644,0.3308574229691877,0.33392801120448173,0.33584901960784314,0.3394389355742297,0.33377450980392154,0.3329649859943977,0.3351535014005602,0.3405638655462185,0.3422904761904762,0.33699691876750704,Female,11,8-12,Elementary,S,NC,R16S16g11_info1_250Hz_gu2_AEP.conn
R16E10G9,R16E10g9_info1_250Hz_gu1_AEP.conn,gu1,0.2876941176470588,0.2860058823529412,0.2891588235294118,0.29385686274509804,0.2943764705882353,0.30898627450980387,0.31159411764705885,0.31122745098039223,0.3163156862745098,0.3065333333333333,0.3052901960784314,0.314256862745098,0.33208431372549024,0.33482352941176474,0.330878431372549,0.3854247058823529,0.3859117647058824,0.38734352941176475,0.39294117647058824,0.38895529411764707,0.3856905882352941,0.3843341176470588,0.3892729411764706,0.3899235294117648,0.3864658823529412,0.38889882352941174,0.3939376470588235,0.3896564705882353,0.39198941176470586,0.3980235294117647,0.3596282352941177,0.35565647058823524,0.35412235294117644,0.35761999999999994,0.3595529411764707,0.35377647058823536,0.3488352941176471,0.349475294117647,0.3406564705882353,0.3559141176470588,0.3531235294117646,0.35561294117647063,0.3482070588235294,0.3431823529411765,0.35136470588235297,0.3308016806722689,0.3314915966386554,0.3333453781512605,0.332677731092437,0.33190336134453785,0.33989411764705885,0.339131512605042,0.3403424369747899,0.33792647058823533,0.3414126050420169,0.34382142857142856,0.343853781512605,0.3528495798319327,0.3566886554621848,0.35292983193277305,0.33888725490196075,0.3416303921568628,0.344593137254902,0.3409362745098039,0.3435343137254901,0.3448705882352942,0.3511754901960784,0.3557049019607843,0.3553352941176471,0.3475901960784314,0.3494901960784314,0.3437107843137255,0.35868823529411764,0.3626764705882353,0.3524529411764706,0.31326442577030816,0.3128095238095238,0.31546526610644254,0.3156137254901961,0.3126714285714285,0.31207619047619056,0.31099523809523805,0.30921456582633056,0.31212352941176474,0.31831204481792724,0.32077114845938376,0.3207848739495798,0.3202187675070027,0.31751596638655466,0.32275350140056025,Female,9,8-12,Elementary,E,NC,R16E10g9_info1_250Hz_gu2_AEP.conn
R16E04G10,R16E04g10_info1_250Hz_gu1_AEP.conn,gu1,0.26770392156862743,0.2733235294117647,0.2805196078431372,0.2830274509803922,0.2772725490196078,0.2725862745098039,0.276956862745098,0.2821549019607843,0.29382156862745096,0.2969333333333333,0.3037803921568627,0.30717058823529414,0.30711764705882355,0.3106705882352941,0.3285666666666667,0.35778941176470586,0.3514658823529412,0.35663294117647054,0.36353882352941175,0.3609764705882353,0.36344,0.3621929411764706,0.36361647058823526,0.3654588235294117,0.35690823529411764,0.3627741176470588,0.36855882352941177,0.3800105882352941,0.38314000000000004,0.37868941176470583,0.34839294117647057,0.35099176470588234,0.35087882352941174,0.3509776470588235,0.350264705882353,0.3441458823529412,0.3449282352941176,0.3427694117647059,0.34250470588235293,0.3498541176470588,0.3527682352941176,0.3525211764705883,0.35038823529411767,0.3498729411764706,0.3516023529411765,0.3520214285714286,0.3523004201680672,0.3534474789915966,0.3517714285714285,0.34813907563025215,0.35673613445378155,0.3550567226890757,0.34933403361344534,0.34732478991596644,0.3537016806722689,0.35711890756302517,0.35917521008403364,0.36039327731092435,0.35566386554621854,0.36843697478991594,0.34921862745098037,0.3490539215686274,0.3515588235294118,0.35358039215686277,0.35735294117647065,0.3477176470588235,0.3489303921568628,0.34300882352941175,0.3360088235294118,0.34599607843137264,0.35074901960784316,0.3503480392156862,0.3393519607843138,0.34224019607843137,0.3496274509803921,0.29062549019607836,0.2916168067226891,0.29421148459383756,0.2950778711484594,0.294390756302521,0.2939330532212886,0.2948378151260504,0.2933336134453781,0.29330336134453777,0.29321568627450983,0.29443557422969185,0.29422661064425765,0.29830980392156853,0.29805882352941176,0.2945957983193277,Female,10,8-12,Elementary,E,NC,R16E04g10_info1_250Hz_gu2_AEP.conn
R16BF01B10,R16BF01b10_info1_250Hz_gu1_AEP.conn,gu1,0.29138039215686273,0.3027156862745098,0.30796274509803917,0.30202745098039213,0.29658039215686266,0.26925490196078433,0.28144901960784313,0.29895098039215684,0.316021568627451,0.294421568627451,0.30056470588235296,0.2978392156862745,0.2964313725490196,0.31667843137254903,0.30151764705882356,0.33576588235294114,0.3410517647058824,0.35472470588235294,0.35559411764705884,0.3599964705882353,0.32526,0.3381105882352941,0.3496223529411765,0.3530270588235294,0.33510705882352937,0.3440788235294117,0.34454117647058824,0.3512882352941176,0.35902705882352937,0.34782470588235304,0.3121705882352941,0.3101623529411765,0.32924235294117643,0.34117647058823525,0.34486235294117645,0.3061717647058823,0.3235482352941177,0.3426882352941176,0.34346,0.3115858823529412,0.32447647058823537,0.33695882352941176,0.3295588235294118,0.3416470588235294,0.33044588235294114,0.3605403361344538,0.3609,0.36465000000000003,0.3612361344537815,0.3531092436974789,0.3590768907563025,0.36337815126050427,0.3703298319327732,0.3673957983193278,0.3668781512605042,0.36946512605042015,0.36451806722689073,0.37887689075630243,0.3854571428571429,0.3782058823529411,0.37500490196078423,0.3833039215686274,0.3840843137254902,0.37314705882352933,0.37289509803921567,0.3511460784313725,0.35137941176470583,0.34570784313725483,0.3477186274509803,0.3888901960784314,0.39029313725490195,0.3773450980392157,0.3426833333333334,0.3446441176470589,0.378214705882353,0.30055434173669465,0.301678431372549,0.3006887955182073,0.30001820728291323,0.30315546218487394,0.3067789915966387,0.311044537815126,0.3160352941176471,0.31723165266106446,0.3040182072829132,0.30607058823529404,0.3091285714285714,0.3111913165266107,0.31489775910364143,0.31371960784313724,Male,10,8-12,Elementary,S,NC,R16BF01b10_info1_250Hz_gu2_AEP.conn
R16S08G10,R16S08g10_info1_250Hz_gu1_AEP.conn,gu1,0.2934137254901961,0.2870941176470588,0.2848588235294118,0.2886843137254902,0.29870588235294115,0.27415098039215685,0.28238627450980397,0.28751568627450985,0.3038,0.2889392156862745,0.2820705882352941,0.2859294117647059,0.30540000000000006,0.3082372549019608,0.2932196078431373,0.3382188235294118,0.3364517647058824,0.3396529411764706,0.33928352941176476,0.34264,0.3296811764705882,0.33186823529411763,0.3337364705882353,0.33784352941176465,0.32601882352941175,0.32862,0.32803647058823526,0.34111058823529405,0.34189411764705885,0.3261470588235294,0.28857529411764704,0.2827882352941177,0.2815611764705883,0.27953176470588237,0.2787564705882353,0.2998776470588235,0.29639882352941177,0.290944705882353,0.28559882352941174,0.2844670588235294,0.28556588235294117,0.28271411764705884,0.2958458823529412,0.29021294117647056,0.2917188235294118,0.32643655462184873,0.32674075630252103,0.3274247899159664,0.3244260504201681,0.32057605042016807,0.33451974789915967,0.33006890756302515,0.3270470588235294,0.32435462184873953,0.32622647058823534,0.3264735294117647,0.32602899159663856,0.33455840336134457,0.3345554621848739,0.33299411764705883,0.30786862745098037,0.3031549019607843,0.3039372549019608,0.30421274509803925,0.309386274509804,0.3070823529411764,0.30235686274509804,0.3038372549019608,0.3056166666666667,0.30011470588235295,0.29621176470588234,0.29701764705882355,0.30205980392156867,0.30247450980392154,0.2978813725490196,0.28338011204481794,0.2843697478991597,0.2859240896358544,0.2856498599439776,0.28870420168067235,0.28922268907563026,0.29063893557422965,0.2926196078431373,0.29260056022408965,0.28876834733893564,0.2868893557422969,0.28656330532212887,0.2919941176470588,0.2935871148459383,0.290935294117647,Female,10,8-12,Elementary,S,NC,R16S08g10_info1_250Hz_gu2_AEP.conn
R16A03G07,R16A03g07_info1_250Hz_gu1_AEP.conn,gu1,0.22892745098039216,0.22677843137254905,0.2350313725490196,0.2359137254901961,0.23691960784313723,0.22790196078431377,0.23863333333333334,0.2353686274509804,0.2530274509803922,0.23952941176470585,0.24470980392156863,0.2453686274509804,0.2769901960784314,0.26813333333333333,0.2636529411764706,0.29525529411764706,0.3007941176470588,0.29650705882352935,0.29181647058823523,0.2961905882352941,0.2923,0.29313529411764705,0.2955682352941177,0.2992035294117647,0.29849411764705874,0.29606705882352946,0.2943458823529412,0.3050376470588235,0.3067329411764706,0.31219176470588234,0.25174117647058825,0.2618976470588235,0.2649623529411764,0.26461764705882357,0.2606588235294118,0.26298823529411763,0.2569047058823529,0.26179882352941175,0.2666894117647059,0.2570164705882353,0.2579741176470588,0.25988941176470587,0.2588188235294118,0.26102470588235294,0.2526976470588235,0.25291512605042016,0.255418487394958,0.25473529411764706,0.2567680672268908,0.25504789915966386,0.251013025210084,0.24853067226890754,0.2485819327731092,0.2487806722689076,0.2593226890756303,0.26101260504201684,0.26497521008403363,0.26323781512605043,0.2600672268907563,0.268409243697479,0.25272549019607843,0.2495774509803921,0.24887254901960787,0.24889803921568623,0.24597549019607845,0.2623245098039216,0.26792941176470586,0.2738392156862745,0.2710460784313726,0.2577833333333333,0.25410392156862743,0.25222254901960783,0.2703794117647059,0.27346960784313723,0.25738235294117645,0.23801512605042016,0.23801904761904763,0.23759271708683474,0.23757226890756308,0.23711148459383752,0.24065014005602242,0.2414053221288515,0.2416232492997199,0.24200196078431366,0.23695182072829132,0.23860868347338932,0.23942969187675073,0.24474985994397758,0.2443526610644258,0.2412389355742297,Female,7,5-7,Elementary,A,NC,R16A03g07_info1_250Hz_gu2_AEP.conn
R16S14B5,R16S14b5_info1_250Hz_gu1_AEP.conn,gu1,0.2894313725490196,0.27530000000000004,0.2610607843137255,0.25718823529411766,0.2602098039215686,0.27269607843137256,0.261556862745098,0.25714901960784314,0.27257450980392156,0.27981568627450976,0.26577058823529415,0.2627490196078431,0.2908705882352941,0.2893058823529412,0.26915686274509804,0.3329576470588235,0.32921882352941173,0.3321917647058824,0.3347658823529412,0.33214352941176467,0.33118588235294116,0.33585411764705875,0.33452705882352934,0.3249141176470588,0.3253435294117647,0.32937058823529414,0.33078588235294115,0.3445223529411765,0.34436705882352947,0.3325835294117647,0.340795294117647,0.3395870588235294,0.3434670588235294,0.3417188235294118,0.3412411764705882,0.3360188235294117,0.3426729411764707,0.35172000000000003,0.351784705882353,0.34485647058823526,0.3495364705882353,0.34092235294117645,0.34377411764705884,0.35120117647058824,0.34676117647058824,0.3784441176470588,0.37699957983193283,0.37665756302521014,0.3768037815126051,0.3786491596638655,0.37986176470588234,0.3820147058823529,0.3821777310924371,0.3805844537815126,0.3822516806722689,0.381803781512605,0.3821512605042017,0.3922281512605043,0.3924936974789916,0.39012857142857144,0.35339607843137255,0.3542647058823529,0.3474313725490196,0.343471568627451,0.3410676470588235,0.3414078431372549,0.34498627450980396,0.3510725490196078,0.3484323529411764,0.34570196078431376,0.33765,0.3363892156862745,0.338606862745098,0.3429578431372549,0.3292892156862745,0.2937484593837535,0.2921252100840336,0.291726050420168,0.29459495798319335,0.29583277310924366,0.2886008403361345,0.28764789915966393,0.2871280112044817,0.28643165266106446,0.2955868347338936,0.2953593837535013,0.2979929971988795,0.2976291316526611,0.29716554621848745,0.2997549019607843,Male,5,5-7,Elementary,S,NC,R16S14b5_info1_250Hz_gu2_AEP.conn
R16E08Y05B5,R16E08y05b5_info1_250Hz_gu1_AEP.conn,gu1,0.32869019607843136,0.32213725490196077,0.31588235294117645,0.30732549019607847,0.3074882352941176,0.33272549019607844,0.3387568627450981,0.3400862745098039,0.3546960784313726,0.33637058823529414,0.33331960784313724,0.3301392156862745,0.369878431372549,0.36918235294117646,0.3528745098039216,0.36050470588235295,0.3625129411764706,0.3670717647058823,0.36819176470588233,0.36612470588235296,0.3687658823529411,0.3704517647058823,0.3711882352941177,0.3747341176470588,0.3601682352941177,0.36369647058823534,0.36423294117647054,0.38712,0.3872470588235294,0.3732847058823529,0.3356894117647059,0.33235764705882354,0.3349317647058823,0.3411929411764706,0.3436270588235294,0.3332411764705882,0.32766588235294114,0.32772588235294114,0.3346176470588236,0.32141882352941176,0.32274,0.33106941176470583,0.32794823529411765,0.32779764705882347,0.3171082352941177,0.35100336134453786,0.352022268907563,0.3509008403361344,0.3529836134453782,0.3565336134453782,0.35065210084033616,0.35263151260504205,0.3563378151260504,0.35729789915966376,0.356973949579832,0.3578365546218487,0.35996050420168074,0.36858193277310924,0.37007184873949583,0.3659663865546219,0.345064705882353,0.34818137254901965,0.3482558823529412,0.3429745098039216,0.3433774509803922,0.3390696078431373,0.3405696078431373,0.34424313725490197,0.34639117647058826,0.35019019607843144,0.35718921568627454,0.3557392156862745,0.34627647058823524,0.35077254901960786,0.3657558823529412,0.31604621848739495,0.3164322128851541,0.31804649859943973,0.3177142857142857,0.3185047619047619,0.3190605042016807,0.3204383753501401,0.32060056022408956,0.3197781512605042,0.32031120448179273,0.3236983193277311,0.3230411764705883,0.32532689075630244,0.3266019607843137,0.3204871148459384,Male,5,5-7,Elementary,E,NC,R16E08y05b5_info1_250Hz_gu2_AEP.conn
R16E18G9,R16E18g9_info1_250Hz_gu1_AEP.conn,gu1,0.29991372549019607,0.31216078431372546,0.32078431372549016,0.317813725490196,0.30973725490196075,0.3129039215686275,0.3122254901960784,0.31743333333333335,0.34190196078431373,0.3321607843137255,0.34199607843137264,0.33773725490196077,0.3504450980392157,0.35589215686274506,0.3644764705882353,0.37385058823529416,0.38031999999999994,0.38234941176470594,0.37814352941176466,0.37731764705882354,0.39110470588235297,0.38858117647058826,0.3869458823529412,0.38715058823529414,0.38104352941176467,0.3809635294117647,0.3809941176470588,0.40346117647058827,0.4039282352941176,0.39301882352941175,0.32056000000000007,0.3270576470588235,0.3314258823529412,0.3352505882352942,0.3367741176470588,0.33557999999999993,0.3308258823529412,0.3291517647058823,0.32235647058823524,0.3282211764705883,0.3311470588235294,0.33688705882352943,0.3242505882352942,0.32113294117647057,0.3274623529411764,0.33500966386554615,0.3356819327731092,0.33348235294117645,0.3307067226890756,0.33120630252100847,0.33653865546218487,0.33503067226890765,0.3362058823529412,0.3382386554621849,0.3406516806722689,0.34018109243697475,0.3382159663865546,0.35081974789915965,0.3487764705882353,0.3471453781512605,0.31838529411764704,0.3252245098039216,0.3234460784313726,0.3179372549019608,0.3199598039215687,0.3125235294117647,0.3158480392156862,0.3201450980392157,0.31927647058823533,0.3143460784313726,0.3162852941176471,0.31422058823529414,0.31639509803921567,0.31569509803921564,0.3155892156862745,0.3074106442577031,0.3087997198879552,0.3084389355742297,0.31197619047619046,0.31368347338935576,0.30802324929971997,0.30956722689075633,0.3119263305322129,0.31127563025210087,0.31091540616246494,0.31247394957983193,0.3147263305322129,0.3128801120448179,0.31485154061624654,0.3138761904761904,Female,9,8-12,Elementary,E,NC,R16E18g9_info1_250Hz_gu2_AEP.conn
R16S07B8,R16S07b8_info1_250Hz_gu1_AEP.conn,gu1,0.30287058823529406,0.29916862745098044,0.2930960784313726,0.2932313725490196,0.2919156862745098,0.2892392156862745,0.2848117647058824,0.2808019607843137,0.291456862745098,0.3126509803921569,0.3083745098039216,0.3121470588235294,0.31318627450980396,0.30670784313725485,0.3132745098039216,0.3342776470588235,0.3363011764705882,0.33496705882352945,0.3325011764705882,0.3330505882352941,0.31949176470588236,0.3238047058823529,0.3284811764705882,0.32994352941176475,0.33262,0.33263529411764703,0.3318,0.32701294117647056,0.3332129411764706,0.3349764705882353,0.30508588235294115,0.3069541176470588,0.3060694117647059,0.3029623529411764,0.2979941176470588,0.30971176470588235,0.3026729411764706,0.29924117647058823,0.2964470588235294,0.3115176470588235,0.31622117647058823,0.31514705882352934,0.31168,0.3123470588235294,0.32412,0.36205252100840335,0.36217478991596636,0.3634029411764706,0.3636159663865547,0.36681428571428565,0.3585642857142857,0.3572369747899159,0.35873067226890754,0.3576806722689075,0.367940756302521,0.36846638655462194,0.36874495798319323,0.3704268907563026,0.3698798319327731,0.3682033613445378,0.3390941176470588,0.3348676470588235,0.32945686274509806,0.3270460784313725,0.33360392156862745,0.3397205882352941,0.33910588235294115,0.3363607843137255,0.32875490196078433,0.3302774509803922,0.3300254901960784,0.3334823529411765,0.3439264705882353,0.34287745098039224,0.32674901960784314,0.2972798319327731,0.2963011204481793,0.2939761904761905,0.2920291316526611,0.293277030812325,0.29236218487394955,0.29156722689075626,0.28629663865546223,0.2859316526610645,0.3020022408963586,0.3016733893557423,0.30005798319327726,0.2973677871148459,0.2946442577030812,0.30332801120448183,Male,8,8-12,Elementary,S,NC,R16S07b8_info1_250Hz_gu2_AEP.conn
R16S03B10,R16S03b10_info1_250Hz_gu1_AEP.conn,gu1,0.26210196078431375,0.2572098039215686,0.2592725490196079,0.2733607843137255,0.26721372549019606,0.24726666666666666,0.24964117647058823,0.2482843137254902,0.2700843137254902,0.2694333333333333,0.2736529411764706,0.28376666666666667,0.2967156862745099,0.2969039215686275,0.30176274509803924,0.3055529411764706,0.30963764705882346,0.30969647058823535,0.31340235294117647,0.3115011764705882,0.3017835294117647,0.30083764705882354,0.2932658823529412,0.2976082352941177,0.2968776470588235,0.30197294117647056,0.310095294117647,0.31041058823529416,0.3048694117647059,0.30852352941176464,0.2920552941176471,0.2900741176470588,0.2872270588235294,0.2850635294117647,0.2844152941176471,0.2771105882352941,0.2766564705882352,0.2772988235294118,0.27566235294117647,0.28010117647058824,0.28189294117647057,0.2835035294117647,0.26891176470588235,0.2717352941176471,0.27891411764705876,0.29326680672268907,0.29174285714285714,0.29349201680672277,0.29472941176470585,0.2984756302521009,0.2956962184873949,0.29542899159663866,0.2945117647058823,0.29055714285714285,0.3014441176470588,0.30216092436974795,0.3024546218487395,0.3084995798319327,0.30748235294117654,0.30939915966386555,0.30710098039215683,0.29910882352941176,0.29558725490196075,0.29126078431372554,0.29412352941176473,0.2943764705882353,0.2888421568627451,0.2836166666666667,0.2827578431372549,0.2962372549019608,0.2884705882352942,0.2856147058823529,0.2924764705882353,0.2904656862745098,0.28481960784313726,0.2664487394957983,0.26732801120448174,0.26722745098039224,0.2667887955182073,0.2685176470588236,0.26759439775910365,0.26898795518207286,0.267009243697479,0.26103473389355747,0.2700537815126051,0.2699212885154062,0.27160196078431376,0.2698935574229692,0.27160224089635854,0.27505210084033616,Male,10,8-12,Elementary,S,NC,R16S03b10_info1_250Hz_gu2_AEP.conn
R16A06G10,R16A06g10_info1_250Hz_gu1_AEP.conn,gu1,0.3081529411764706,0.31770196078431373,0.3168725490196078,0.31850588235294114,0.32178431372549016,0.31939411764705883,0.3283156862745098,0.3342843137254902,0.34930588235294113,0.3323764705882353,0.33550392156862746,0.3321352941176471,0.3569196078431373,0.3590078431372549,0.35686666666666667,0.383644705882353,0.3835764705882353,0.38874823529411756,0.3917623529411764,0.3928082352941177,0.38349176470588237,0.3915282352941176,0.3898082352941176,0.3932152941176471,0.38455529411764705,0.3892529411764706,0.38624,0.39952823529411763,0.3995705882352941,0.40390470588235294,0.34238705882352943,0.34271529411764706,0.3384811764705883,0.3389294117647059,0.34186705882352947,0.3419094117647059,0.3451141176470588,0.3396635294117647,0.33886470588235296,0.3384258823529412,0.3304964705882353,0.32718941176470595,0.33666235294117647,0.33207294117647057,0.32904823529411764,0.31555126050420174,0.3148281512605042,0.3183672268907563,0.3211638655462185,0.31588151260504205,0.3118710084033613,0.3152302521008403,0.31345504201680674,0.3106827731092437,0.32080504201680676,0.322968487394958,0.3267457983193277,0.3287205882352942,0.32732647058823533,0.32639033613445384,0.3718705882352941,0.37715000000000004,0.3682705882352941,0.36375980392156865,0.36559313725490195,0.37557156862745095,0.3665078431372549,0.35787058823529416,0.3559470588235294,0.37553921568627446,0.3662313725490196,0.3627892156862745,0.37403823529411767,0.37109215686274505,0.36872058823529413,0.30643977591036414,0.3035980392156863,0.3030619047619047,0.30214285714285716,0.3047675070028011,0.29716330532212887,0.29593081232492996,0.29577338935574227,0.2994380952380952,0.3062652661064426,0.30346666666666666,0.30188739495798317,0.297984593837535,0.29963081232492994,0.3047439775910364,Female,10,8-12,Elementary,A,NC,R16A06g10_info1_250Hz_gu2_AEP.conn
R16S02B_G6,R16S02b_g6_info1_250Hz_gu1_AEP.conn,gu1,0.3149019607843137,0.3126411764705883,0.3133960784313725,0.31236274509803924,0.3116274509803922,0.3330137254901961,0.3413274509803921,0.3408725490196079,0.3400019607843137,0.3266235294117647,0.3261529411764706,0.3303764705882352,0.36383137254901965,0.3658980392156863,0.3515862745098039,0.38561411764705883,0.3859294117647059,0.3837282352941177,0.37978352941176474,0.3734129411764706,0.3853976470588235,0.386355294117647,0.38561294117647066,0.38128352941176474,0.37327294117647064,0.3717835294117647,0.3678047058823529,0.38814000000000004,0.3877623529411765,0.38556117647058824,0.3405882352941177,0.3362011764705882,0.3399988235294117,0.34378823529411767,0.34171764705882357,0.3481611764705882,0.3382129411764706,0.32956705882352944,0.3293494117647059,0.33184470588235293,0.3329164705882353,0.33549058823529415,0.32236,0.3149682352941176,0.33945882352941176,0.394505462184874,0.3928235294117647,0.38861428571428563,0.38798697478991595,0.3902886554621849,0.39276092436974797,0.39446764705882353,0.3976100840336135,0.3990722689075631,0.39983907563025206,0.39811680672268907,0.39725546218487395,0.40495168067226894,0.40679033613445387,0.40523697478991594,0.36892352941176476,0.3683166666666666,0.3662480392156863,0.3655539215686274,0.3717196078431373,0.36421274509803925,0.36461176470588236,0.36754117647058826,0.36264509803921574,0.3692754901960784,0.36713235294117647,0.36788333333333334,0.3727892156862745,0.374685294117647,0.3651990196078432,0.30399551820728293,0.3001210084033613,0.3000086834733893,0.3018389355742297,0.3023854341736694,0.30403949579831935,0.3052383753501401,0.30683305322128845,0.30776358543417365,0.30704593837535016,0.30616470588235295,0.30618767507002803,0.31049943977591044,0.3124428571428572,0.3084658263305322,Female,6,5-7,Elementary,S,NC,R16S02b_g6_info1_250Hz_gu2_AEP.conn
R16S15B10,R16S15b10_info1_250Hz_gu1_AEP.conn,gu1,0.24282549019607846,0.2389529411764706,0.23697058823529416,0.23311372549019604,0.23144313725490204,0.2264156862745098,0.2205098039215686,0.21803137254901958,0.2443627450980392,0.2443764705882353,0.244278431372549,0.24276862745098038,0.25788039215686276,0.2555823529411765,0.25154901960784315,0.2808682352941177,0.2836658823529412,0.28811882352941176,0.29004705882352944,0.2909035294117648,0.27906705882352945,0.2815623529411765,0.28584352941176466,0.29280117647058823,0.2908117647058824,0.2967964705882353,0.2981070588235294,0.2932952941176471,0.29939176470588236,0.3114470588235294,0.26548235294117645,0.2625423529411765,0.2661011764705882,0.26727411764705883,0.27184117647058825,0.2684294117647059,0.27716117647058824,0.2830129411764706,0.2849305882352941,0.2747470588235294,0.27452941176470586,0.2739035294117647,0.2745505882352942,0.2804505882352942,0.2803941176470588,0.3074067226890756,0.3052861344537815,0.3049466386554622,0.3048584033613445,0.3057306722689076,0.3148285714285714,0.31323109243697483,0.31064411764705874,0.3071567226890756,0.31658319327731094,0.3156218487394958,0.3135260504201681,0.3229067226890757,0.3214310924369749,0.32443739495798324,0.29665098039215687,0.2985549019607843,0.3008078431372549,0.30380392156862746,0.3074705882352941,0.3035480392156863,0.2993303921568627,0.29563039215686276,0.28988137254901963,0.3051656862745098,0.3082480392156863,0.30927450980392157,0.30763431372549016,0.3054666666666667,0.30860490196078433,0.2223014005602241,0.22429523809523808,0.22268263305322122,0.2171218487394958,0.21835126050420167,0.22164453781512608,0.22309047619047623,0.22197058823529417,0.22106078431372547,0.23072661064425776,0.22834229691876753,0.22329635854341734,0.22691064425770313,0.22708375350140053,0.22726134453781507,Male,10,8-12,Elementary,S,NC,R16S15b10_info1_250Hz_gu2_AEP.conn
R16E12B9,R16E12b9_info1_250Hz_gu1_AEP.conn,gu1,0.3474686274509804,0.3447862745098038,0.34870196078431376,0.35355882352941176,0.3607294117647059,0.37516666666666665,0.3799901960784314,0.3818137254901961,0.3754372549019607,0.35294117647058826,0.3614529411764706,0.36823921568627455,0.39119019607843136,0.3916490196078431,0.38235882352941175,0.37665882352941177,0.3744658823529412,0.3827823529411765,0.38622117647058823,0.38310352941176473,0.36694823529411763,0.36469176470588227,0.36927764705882354,0.37648352941176466,0.3617164705882353,0.37415176470588235,0.37983176470588237,0.3661882352941176,0.3661423529411764,0.3765388235294117,0.3519164705882353,0.35139411764705886,0.3563023529411765,0.35586117647058824,0.35132352941176476,0.33499647058823534,0.34179882352941177,0.35391411764705877,0.35055058823529406,0.35010352941176476,0.34756352941176466,0.3473729411764706,0.3328035294117647,0.3436317647058824,0.3417729411764706,0.3431016806722689,0.34492899159663865,0.3501533613445379,0.34542815126050413,0.3408962184873949,0.3484138655462185,0.34312605042016814,0.34365756302521017,0.34742058823529415,0.353003781512605,0.3556718487394958,0.3518936974789916,0.35588739495798316,0.35526722689075635,0.36406302521008405,0.40764509803921567,0.40073725490196077,0.39580686274509796,0.3934421568627451,0.3968813725490196,0.3974294117647059,0.3923990196078431,0.3878686274509804,0.3862176470588235,0.395136274509804,0.3923803921568627,0.39332450980392153,0.40740196078431373,0.4049901960784314,0.3962294117647059,0.3291448179271709,0.3333126050420168,0.33621204481792716,0.3347983193277311,0.33561148459383755,0.3272929971988795,0.32929047619047624,0.3291425770308124,0.32705126050420164,0.33514509803921577,0.3363165266106442,0.3344652661064426,0.33083613445378157,0.3299495798319328,0.33565182072829136,Male,9,8-12,Elementary,E,NC,R16E12b9_info1_250Hz_gu2_AEP.conn
R16S22B10,R16S22b10_info1_250Hz_gu1_AEP.conn,gu1,0.3340705882352941,0.32856274509803923,0.3228039215686274,0.317607843137255,0.29738039215686274,0.30878823529411764,0.3198176470588236,0.3268980392156862,0.349064705882353,0.35061176470588234,0.341843137254902,0.33083529411764706,0.36700392156862754,0.37026078431372555,0.3624078431372548,0.4099094117647059,0.4135035294117647,0.40648235294117646,0.3963317647058824,0.38470941176470586,0.3834282352941177,0.3846070588235294,0.38986941176470585,0.4026741176470588,0.4160517647058823,0.4106035294117648,0.40391176470588236,0.4050035294117647,0.4069858823529412,0.41864117647058824,0.3315117647058824,0.3383435294117647,0.34915294117647067,0.3509588235294118,0.34798588235294114,0.32868588235294116,0.3276411764705882,0.3295011764705882,0.3303788235294117,0.3489976470588235,0.3560294117647059,0.3535564705882353,0.32793058823529414,0.3294964705882352,0.35468823529411764,0.38428655462184874,0.384368487394958,0.38628235294117647,0.38691848739495793,0.38539747899159665,0.3869420168067227,0.3872819327731092,0.38613655462184876,0.38623739495798315,0.39164915966386565,0.39286932773109234,0.3904033613445378,0.3933773109243697,0.39546050420168066,0.40485714285714286,0.3683480392156862,0.36394901960784315,0.3584382352941176,0.3601088235294118,0.3666862745098039,0.36347647058823535,0.36446960784313726,0.37137450980392156,0.37704019607843137,0.36273039215686276,0.36059411764705884,0.36039215686274506,0.3676745098039216,0.37188921568627453,0.3557303921568627,0.30054229691876755,0.3029873949579831,0.3046535014005602,0.3055400560224089,0.3056036414565826,0.3084257703081233,0.30839523809523806,0.3082302521008404,0.3109408963585435,0.30753753501400566,0.30770672268907556,0.3068859943977591,0.31438599439775916,0.31496638655462184,0.304458543417367,Male,10,8-12,Elementary,S,NC,R16S22b10_info1_250Hz_gu2_AEP.conn
R16BF02G9INFO1,R16BF02g9info1_250Hz_gu1_AEP.conn,gu1,0.24617254901960783,0.24912941176470585,0.2420372549019608,0.236,0.24147450980392157,0.22340980392156862,0.233178431372549,0.2378470588235294,0.2507490196078432,0.2683274509803922,0.2655176470588236,0.25760392156862744,0.2663509803921569,0.26490980392156865,0.2829745098039215,0.3273294117647059,0.3269623529411765,0.32952941176470596,0.32922823529411765,0.32726941176470586,0.32484823529411766,0.3428317647058824,0.3421576470588235,0.3308011764705882,0.33176588235294113,0.3301070588235295,0.3295952941176471,0.3491705882352941,0.3515847058823529,0.3458070588235294,0.23449647058823525,0.24123999999999998,0.2500529411764706,0.25143647058823526,0.24619529411764707,0.24723176470588232,0.2543494117647059,0.25388,0.24266823529411768,0.23891058823529412,0.24579882352941174,0.24440352941176471,0.24726117647058823,0.24838588235294118,0.2482117647058823,0.23872857142857143,0.2401361344537815,0.23977100840336132,0.24536848739495795,0.24481764705882353,0.2401886554621849,0.24037268907563022,0.24249495798319326,0.24106596638655464,0.25081218487394963,0.25232689075630255,0.25542226890756303,0.2539949579831933,0.25567899159663865,0.26585840336134453,0.2838147058823529,0.28048627450980396,0.27995490196078426,0.28210686274509805,0.2756470588235294,0.2819196078431373,0.27710882352941174,0.27300098039215687,0.2788529411764706,0.28010196078431376,0.27739901960784313,0.28037352941176474,0.2767980392156863,0.2776049019607843,0.27429313725490195,0.2430282913165266,0.2377084033613445,0.23838151260504206,0.24059943977591042,0.2393327731092437,0.24404453781512603,0.2484619047619048,0.2503896358543417,0.24801540616246504,0.24071624649859946,0.24394509803921569,0.24537422969187675,0.2493022408963586,0.25082633053221287,0.245049299719888,Female,9,8-12,Elementary,S,NC,R16BF02g9info1_250Hz_gu2_AEP.conn
R16S06G6,R16S06g6_info1_250Hz_gu1_AEP.conn,gu1,0.267121568627451,0.2705411764705883,0.2676058823529412,0.2608509803921569,0.24968823529411766,0.2434372549019608,0.2420039215686275,0.23762549019607845,0.25889019607843133,0.2848450980392157,0.28253725490196074,0.27797254901960783,0.2708960784313726,0.26595098039215687,0.28949607843137254,0.29358235294117646,0.29159058823529416,0.28834117647058827,0.2926223529411765,0.29083647058823525,0.2918352941176471,0.28806470588235294,0.27941529411764704,0.2797870588235294,0.28705058823529406,0.28262941176470585,0.28323764705882354,0.28866941176470584,0.2825047058823529,0.2995894117647059,0.26322823529411765,0.2538847058823529,0.247124705882353,0.2511682352941177,0.25626,0.27538705882352943,0.2646694117647058,0.2568647058823529,0.25418117647058824,0.2549294117647059,0.25244235294117645,0.2562670588235294,0.2645105882352941,0.25744352941176474,0.25201529411764706,0.29292436974789915,0.2939218487394958,0.2924710084033613,0.2900415966386555,0.2887415966386554,0.29273697478991595,0.2914873949579832,0.2901987394957983,0.29040126050420173,0.3003844537815126,0.29965,0.2978605042016807,0.30380126050420175,0.30114285714285716,0.3006911764705883,0.2751372549019608,0.2689401960784314,0.2724598039215686,0.27201470588235294,0.2739480392156863,0.27552843137254907,0.2804303921568628,0.28113333333333335,0.2813392156862745,0.27210980392156864,0.27713137254901965,0.2789519607843137,0.2869794117647059,0.2915745098039216,0.2788245098039216,0.2375389355742297,0.2384747899159664,0.23913473389355738,0.23780028011204485,0.23494705882352943,0.2375168067226891,0.23719327731092438,0.23603697478991595,0.23446722689075625,0.23953753501400563,0.2389036414565827,0.23904537815126048,0.24053501400560218,0.2396719887955182,0.24262016806722683,Female,6,5-7,Elementary,S,NC,R16S06g6_info1_250Hz_gu2_AEP.conn
R16BF05B5,R16BF05b5_info1_250Hz_gu1_AEP.conn,gu1,0.25228235294117646,0.25242745098039215,0.25735686274509806,0.26217254901960785,0.2706607843137255,0.25375686274509807,0.2453372549019608,0.24868235294117647,0.260943137254902,0.258321568627451,0.25950980392156864,0.26858431372549013,0.26562156862745095,0.2701705882352941,0.2766921568627451,0.32051411764705884,0.31953529411764703,0.31227058823529413,0.30181529411764707,0.3074694117647059,0.31799764705882355,0.32180117647058826,0.3201164705882353,0.3226482352941177,0.3131329411764706,0.3136294117647059,0.3097964705882353,0.32253764705882354,0.321475294117647,0.32742941176470586,0.2683905882352941,0.2660070588235294,0.2676270588235294,0.2748423529411765,0.28494823529411767,0.28334705882352945,0.28565529411764706,0.28243411764705884,0.2764411764705882,0.2616599999999999,0.26019882352941176,0.26568352941176465,0.2810082352941176,0.2718,0.2719223529411765,0.27850966386554626,0.273836974789916,0.2716294117647059,0.2703680672268908,0.2697189075630252,0.27797100840336136,0.2798050420168067,0.2819886554621848,0.27930462184873944,0.28071974789915966,0.2801336134453782,0.27868655462184877,0.29105714285714285,0.2916033613445378,0.2872991596638656,0.2993676470588235,0.3021833333333333,0.3031294117647059,0.3013705882352941,0.3028607843137255,0.29845686274509803,0.29564999999999997,0.29768823529411764,0.2978372549019608,0.2996656862745098,0.29836960784313726,0.29581078431372554,0.2999235294117647,0.29887647058823535,0.29424705882352936,0.2406512605042017,0.24172913165266105,0.2417327731092437,0.23998795518207278,0.2416442577030813,0.2404112044817927,0.24377899159663866,0.24548767507002803,0.24642549019607843,0.24310560224089633,0.24425658263305325,0.2445610644257703,0.2509243697478991,0.25296106442577027,0.24638263305322128,Male,5,5-7,Elementary,S,NC,R16BF05b5_info1_250Hz_gu2_AEP.conn
R16E07B9,R16E07b9_info1_250Hz_gu1_AEP.conn,gu1,0.3431862745098038,0.3387745098039215,0.3334372549019607,0.33299411764705883,0.3323274509803922,0.3154862745098039,0.31746274509803923,0.32570784313725487,0.34177647058823535,0.3550039215686274,0.34832941176470583,0.35092156862745094,0.3462470588235294,0.3553529411764706,0.35727254901960787,0.41000588235294116,0.41132,0.41391529411764705,0.4175317647058823,0.4184376470588235,0.424084705882353,0.42379647058823533,0.4186494117647059,0.4140411764705882,0.4227423529411765,0.42502588235294114,0.42591999999999997,0.44057529411764706,0.43267999999999995,0.43006352941176473,0.36168235294117645,0.3653717647058824,0.36764823529411766,0.3761788235294118,0.3825294117647059,0.37808,0.37315882352941177,0.3743905882352941,0.37484588235294114,0.38237529411764704,0.38319176470588234,0.3851470588235294,0.38331176470588246,0.3798517647058824,0.38839529411764706,0.411414705882353,0.4106987394957984,0.4081731092436975,0.41045,0.4127365546218487,0.4001054621848739,0.3993760504201681,0.3951705882352941,0.39342941176470586,0.4203256302521008,0.41919201680672274,0.4178478991596638,0.4093844537815126,0.40733487394957985,0.4218663865546219,0.3344411764705882,0.33576176470588237,0.33026764705882355,0.3317901960784314,0.3330686274509804,0.34304313725490193,0.341621568627451,0.34060098039215686,0.3298519607843137,0.3438803921568628,0.33858529411764704,0.33846274509803925,0.349678431372549,0.3490490196078431,0.3372901960784313,0.3185773109243698,0.3158235294117647,0.3149252100840337,0.31553865546218485,0.31940700280112044,0.3136504201680673,0.31422072829131653,0.3126633053221288,0.3131386554621849,0.32363613445378153,0.3234565826330532,0.32183417366946776,0.3186439775910364,0.3186949579831933,0.32556638655462183,Male,9,8-12,Elementary,E,NC,R16E07b9_info1_250Hz_gu2_AEP.conn
R16A05Y08B,R16A05y08b_info1_250Hz_gu1_AEP.conn,gu1,0.2594901960784313,0.2517607843137255,0.24715686274509804,0.2498980392156863,0.24607843137254903,0.24099803921568627,0.24073725490196082,0.2455137254901961,0.2566294117647059,0.26076078431372546,0.2553235294117647,0.2559254901960784,0.2660921568627451,0.2682843137254902,0.2716705882352941,0.29246470588235296,0.28685529411764704,0.2877929411764706,0.29002941176470587,0.2899670588235294,0.28759058823529415,0.28603176470588243,0.2856776470588236,0.2853858823529412,0.2934952941176471,0.29256117647058827,0.2912470588235294,0.29869411764705883,0.2986000000000001,0.30557882352941174,0.2506247058823529,0.2603035294117647,0.26982823529411765,0.26973176470588234,0.2676341176470588,0.2483635294117647,0.2440070588235294,0.24910941176470586,0.2571623529411765,0.25616941176470587,0.2658576470588235,0.26201764705882347,0.24505176470588236,0.25410352941176473,0.2662929411764706,0.3070857142857143,0.31141344537815124,0.3146243697478992,0.3162945378151261,0.3151546218487395,0.3190184873949579,0.3165857142857142,0.3155978991596639,0.3134054621848739,0.3184289915966387,0.31944621848739496,0.3173365546218487,0.3285331932773109,0.3260441176470589,0.32321974789915975,0.3107990196078431,0.3087656862745098,0.3107509803921569,0.3125205882352942,0.31452254901960786,0.3104539215686275,0.31002254901960785,0.3131078431372549,0.3141833333333333,0.31731176470588235,0.3160627450980392,0.3178598039215686,0.31879117647058824,0.31855490196078434,0.3177921568627451,0.25741400560224087,0.2552781512605043,0.2575403361344538,0.2571610644257703,0.25834733893557416,0.26168935574229696,0.258415406162465,0.2569764705882353,0.2574977591036414,0.26145070028011197,0.2619773109243697,0.2618529411764706,0.26239271708683476,0.259072268907563,0.2633501400560225,Female,8,8-12,Elementary,A,NC,R16A05y08b_info1_250Hz_gu2_AEP.conn
R16X01S_G10,R16x01S_g10_info1_250Hz_gu1_AEP.conn,gu1,0.24501960784313728,0.2530117647058823,0.26267254901960785,0.26119607843137255,0.2579294117647059,0.24081176470588236,0.24145686274509803,0.2548156862745098,0.28143725490196075,0.2703450980392157,0.27621960784313726,0.27381960784313725,0.271056862745098,0.29339803921568625,0.2865313725490196,0.30120235294117653,0.2936835294117647,0.29213058823529414,0.29493294117647056,0.28999176470588234,0.2833352941176471,0.29055294117647057,0.3028223529411765,0.30300705882352935,0.2985658823529412,0.29608235294117646,0.2921588235294118,0.30129999999999996,0.31519647058823524,0.30686823529411766,0.26932823529411765,0.2707847058823529,0.2717294117647059,0.2696694117647059,0.26604588235294113,0.2727623529411765,0.2718882352941176,0.26836,0.2697435294117647,0.27676823529411765,0.2759270588235294,0.2720435294117647,0.2746458823529412,0.2656376470588235,0.2852176470588236,0.31268949579831934,0.31293949579831937,0.3142436974789916,0.3099432773109244,0.30956470588235296,0.3055378151260505,0.30299579831932766,0.30195420168067233,0.3024621848739496,0.3146294117647058,0.31648949579831936,0.31243235294117644,0.31724579831932775,0.3173978991596638,0.31999789915966387,0.28378921568627447,0.28605882352941175,0.28170392156862745,0.2844098039215686,0.2830990196078431,0.27856666666666663,0.28688137254901963,0.2902607843137255,0.28120784313725494,0.2851362745098039,0.27700686274509806,0.2794147058823529,0.2887529411764706,0.29153039215686277,0.27558137254901965,0.29168095238095243,0.2917420168067227,0.29096218487394954,0.29282745098039215,0.2919714285714286,0.2945773109243698,0.2930747899159664,0.28899411764705885,0.28632997198879556,0.2916235294117647,0.2914439775910364,0.29515714285714284,0.2995263305322129,0.2956159663865547,0.29170672268907555,Female,10,8-12,Elementary,S,NC,R16x01S_g10_info1_250Hz_gu2_AEP.conn
R16S09G6,R16s09g6_info1_250Hz_gu1_AEP.conn,gu1,0.2792843137254902,0.29210588235294116,0.29578627450980394,0.27967843137254905,0.2725058823529411,0.3208549019607843,0.3165607843137255,0.29663137254901967,0.31064117647058825,0.31565098039215683,0.3185627450980392,0.29959019607843135,0.34892352941176474,0.32845490196078436,0.3289764705882353,0.34955411764705885,0.34673882352941177,0.33921647058823534,0.33704235294117646,0.3300035294117647,0.3658105882352941,0.36709176470588234,0.36269411764705883,0.3607682352941176,0.35304117647058825,0.34985647058823527,0.34267764705882353,0.37714470588235294,0.3752611764705883,0.35006705882352945,0.3153129411764706,0.3152882352941177,0.3155247058823529,0.3209341176470588,0.31554470588235295,0.3218129411764706,0.3124635294117647,0.3251270588235294,0.3288388235294118,0.31732352941176467,0.3103905882352941,0.31049764705882354,0.3095058823529412,0.32485176470588234,0.30442941176470584,0.32948865546218487,0.32274411764705885,0.3231050420168068,0.329422268907563,0.33097563025210086,0.3290247899159664,0.3250247899159664,0.32842394957983195,0.33343445378151265,0.32327436974789914,0.33021176470588237,0.3377903361344538,0.3326201680672269,0.3370100840336134,0.3370781512605042,0.3365578431372549,0.3343441176470588,0.3358892156862745,0.3394911764705883,0.3384725490196079,0.34226666666666666,0.34260980392156865,0.3377725490196079,0.33787352941176474,0.3387843137254902,0.334771568627451,0.32950686274509805,0.34817549019607846,0.3472382352941177,0.3345029411764706,0.2882593837535014,0.28500252100840334,0.2820826330532213,0.28210280112044817,0.28547254901960784,0.2873235294117647,0.2916033613445378,0.28983081232492997,0.2882546218487395,0.29133025210084035,0.2889369747899159,0.2843778711484593,0.2927417366946778,0.2902249299719888,0.29428823529411763,Female,6,5-7,Elementary,S,NC,R16s09g6_info1_250Hz_gu2_AEP.conn
R16S01Y08B,R16S01y08b_info1_250Hz_gu1_AEP.conn,gu1,0.29123333333333334,0.28961764705882354,0.28720980392156864,0.2752450980392157,0.275456862745098,0.2765392156862745,0.28345294117647063,0.29004313725490194,0.3009039215686275,0.2934607843137255,0.2901647058823529,0.28357647058823526,0.3091509803921569,0.3154196078431373,0.3069529411764706,0.3343988235294118,0.3315623529411765,0.33191058823529407,0.3264388235294118,0.325955294117647,0.3390458823529411,0.34303999999999996,0.3424105882352941,0.33623647058823536,0.3308905882352941,0.33143529411764705,0.3297564705882353,0.35696941176470587,0.35552352941176474,0.3435470588235294,0.26270235294117644,0.2658835294117647,0.2738529411764706,0.27805176470588233,0.28160823529411766,0.2673070588235294,0.2666611764705883,0.2701423529411765,0.27904941176470593,0.25896705882352944,0.2621435294117647,0.26808352941176466,0.2670105882352941,0.26660352941176474,0.2524894117647059,0.2835995798319328,0.2819252100840336,0.2831760504201681,0.2854567226890756,0.28602983193277304,0.2813932773109244,0.2782571428571429,0.2797298319327731,0.281213025210084,0.2902327731092437,0.29121512605042016,0.2921655462184874,0.2935521008403361,0.29321512605042016,0.30139075630252105,0.3313509803921569,0.32526960784313724,0.3233333333333333,0.323878431372549,0.3198264705882354,0.32150392156862745,0.31453039215686274,0.31309313725490195,0.3121303921568628,0.3283421568627451,0.3305441176470589,0.3297539215686275,0.31408431372549017,0.31211666666666665,0.3369617647058823,0.26816190476190477,0.2709358543417367,0.2725478991596638,0.27260392156862745,0.2668302521008404,0.2686593837535014,0.26874509803921576,0.26759887955182077,0.26775154061624656,0.2726081232492997,0.2764162464985995,0.2788932773109244,0.27549915966386557,0.27424425770308125,0.2724857142857142,Female,8,8-12,Elementary,S,NC,R16S01y08b_info1_250Hz_gu2_AEP.conn
R16E17B5,R16E17b5_info1_250Hz_gu1_AEP.conn,gu1,0.2747039215686275,0.27702745098039216,0.27710392156862745,0.28104901960784306,0.2834588235294117,0.28654117647058824,0.2926960784313726,0.2898470588235294,0.30221568627450984,0.28004705882352937,0.2874647058823529,0.29801764705882344,0.3188156862745098,0.3206764705882353,0.3051529411764706,0.3185541176470588,0.32525999999999994,0.3293976470588235,0.33200352941176464,0.331875294117647,0.32764352941176467,0.3310858823529412,0.3357141176470589,0.3341352941176471,0.3265235294117647,0.3293,0.331590588235294,0.3245011764705882,0.33277647058823523,0.3442305882352942,0.25249764705882355,0.2447117647058823,0.24496941176470588,0.24734705882352942,0.24511882352941178,0.2525552941176471,0.2551917647058824,0.26021529411764704,0.2566247058823529,0.24501411764705883,0.24625999999999998,0.2471247058823529,0.23454941176470587,0.24045882352941175,0.24637411764705885,0.2812382352941177,0.2817386554621849,0.2822319327731092,0.28115756302521006,0.2801823529411765,0.2840159663865546,0.2870428571428571,0.2854525210084034,0.2797172268907563,0.289813025210084,0.2918382352941176,0.2899701680672269,0.2928168067226891,0.28972773109243694,0.2992731092436975,0.3409352941176471,0.34337058823529415,0.3448323529411765,0.3465362745098039,0.35232745098039214,0.34887549019607844,0.3451078431372549,0.3394313725490196,0.3359029411764705,0.35614411764705883,0.35637254901960785,0.35283235294117654,0.3457225490196078,0.33901960784313717,0.36080588235294114,0.273018487394958,0.2748577030812325,0.2761985994397759,0.27755574229691876,0.2796904761904762,0.2750901960784314,0.27592941176470587,0.27689579831932776,0.2818341736694678,0.2804949579831933,0.27986274509803916,0.2802327731092437,0.28275378151260505,0.285027731092437,0.28231148459383754,Male,5,5-7,Elementary,E,NC,R16E17b5_info1_250Hz_gu2_AEP.conn
R16S11B10,R16S11b10_info1_250Hz_gu1_AEP.conn,gu1,0.25371372549019605,0.2556686274509804,0.2667529411764706,0.26856862745098037,0.26486078431372545,0.2555921568627451,0.2554470588235294,0.2551843137254902,0.2750588235294118,0.28085098039215683,0.28762941176470586,0.2880941176470588,0.28423333333333334,0.2824,0.3079980392156863,0.32171529411764704,0.3194058823529412,0.3110729411764706,0.3037776470588235,0.30613411764705883,0.3269329411764706,0.32366352941176474,0.31789647058823534,0.31902823529411767,0.3261223529411765,0.3199082352941176,0.30674235294117647,0.3293576470588236,0.3296858823529412,0.33620941176470587,0.2879376470588235,0.2763270588235294,0.262504705882353,0.2659588235294118,0.27481647058823533,0.28715058823529416,0.29712352941176473,0.30281176470588234,0.2972764705882353,0.2773164705882353,0.27097764705882355,0.2723011764705882,0.29477294117647057,0.2948776470588236,0.2842823529411765,0.3272983193277311,0.32218613445378147,0.315314705882353,0.31232857142857146,0.32292815126050417,0.315585294117647,0.3147210084033614,0.3217508403361345,0.3287247899159664,0.3307336134453781,0.3250205882352941,0.3257142857142857,0.3298550420168067,0.33170168067226885,0.3336521008403361,0.30554607843137255,0.3015627450980392,0.2970009803921569,0.2981735294117647,0.3052019607843138,0.3248088235294118,0.3090549019607843,0.3109519607843137,0.3078235294117647,0.3101705882352941,0.3140745098039216,0.3171941176470588,0.31592352941176477,0.3095803921568627,0.3129450980392157,0.2739770308123249,0.2767229691876751,0.27669635854341734,0.2807663865546219,0.2817400560224089,0.2791994397759104,0.2811156862745098,0.2814501400560224,0.2809851540616246,0.27886974789915964,0.27798543417366955,0.2809596638655462,0.28239663865546216,0.2812840336134454,0.27793445378151266,Male,10,8-12,Elementary,S,NC,R16S11b10_info1_250Hz_gu2_AEP.conn
R16S20G7,R16S20g7_info1_250Hz_gu1_AEP.conn,gu1,0.2949901960784314,0.2976058823529412,0.30102745098039213,0.3063686274509804,0.30425686274509806,0.3125196078431373,0.3176176470588235,0.31784705882352937,0.3191803921568628,0.31093333333333334,0.3195117647058824,0.3242627450980392,0.3496196078431373,0.347621568627451,0.33807450980392156,0.31622000000000006,0.3244623529411765,0.3317294117647059,0.33537647058823533,0.33651411764705885,0.3329494117647058,0.3344541176470588,0.3339482352941176,0.32973411764705884,0.31985294117647056,0.329235294117647,0.33286941176470586,0.33329058823529406,0.3305411764705882,0.3390964705882353,0.25145529411764705,0.249415294117647,0.25323411764705883,0.25462705882352943,0.25648705882352946,0.2591211764705882,0.2599423529411765,0.2600223529411765,0.25460705882352935,0.24408000000000002,0.24593529411764706,0.24804117647058824,0.25120117647058826,0.25601411764705884,0.24739647058823522,0.29399831932773113,0.29411470588235294,0.2951344537815127,0.2971823529411765,0.29474453781512605,0.28680672268907564,0.28707394957983196,0.2871428571428572,0.28847016806722686,0.3018029411764706,0.3012873949579832,0.3025088235294118,0.30438319327731084,0.30133697478991595,0.30426470588235294,0.3436401960784314,0.34266372549019614,0.34437549019607844,0.347756862745098,0.3490872549019608,0.3531196078431373,0.35244313725490195,0.3475921568627451,0.3485039215686274,0.34968333333333335,0.34812843137254906,0.3477441176470588,0.35480196078431375,0.3515990196078431,0.34941862745098035,0.2755711484593838,0.27515322128851544,0.27424901960784315,0.2743686274509804,0.273398319327731,0.277496918767507,0.2748464985994397,0.27211036414565826,0.27107955182072835,0.2817294117647059,0.2798361344537816,0.2779518207282913,0.2813935574229692,0.2780050420168067,0.28530308123249304,Female,7,5-7,Elementary,S,NC,R16S20g7_info1_250Hz_gu2_AEP.conn
R16E16B7,R16E16b7_info1_250Hz_gu1_AEP.conn,gu1,0.2658294117647059,0.2651274509803922,0.26415098039215684,0.26330000000000003,0.2564176470588236,0.2488941176470588,0.24362156862745096,0.24893529411764706,0.27433921568627445,0.2869647058823529,0.2827450980392157,0.2789588235294118,0.2830470588235294,0.28415882352941174,0.30300980392156857,0.31015411764705886,0.30661764705882355,0.30489529411764704,0.3048411764705882,0.30728,0.30480823529411766,0.3053164705882353,0.3110905882352942,0.3131,0.30905176470588236,0.30530352941176464,0.3052682352941176,0.3163505882352941,0.3189894117647059,0.31614,0.3027776470588235,0.29623529411764704,0.292744705882353,0.293555294117647,0.28916823529411767,0.2965929411764706,0.29737529411764707,0.29919529411764706,0.2976188235294117,0.2919870588235295,0.28927176470588234,0.28866705882352944,0.30447058823529405,0.30703176470588234,0.29923529411764704,0.3409537815126051,0.3425436974789916,0.3465983193277311,0.34526638655462183,0.3413546218487395,0.3493,0.3478428571428571,0.34595000000000004,0.34833361344537817,0.35069831932773105,0.3529995798319328,0.3514302521008404,0.36072058823529407,0.3585483193277311,0.359496218487395,0.33698627450980395,0.3308686274509804,0.32876078431372546,0.32895392156862746,0.3247009803921569,0.33962549019607846,0.3407362745098039,0.335943137254902,0.3317068627450981,0.33224705882352945,0.33073039215686273,0.329628431372549,0.3375852941176471,0.33648823529411764,0.3273764705882353,0.28363025210084036,0.2839044817927171,0.2831977591036415,0.2805691876750701,0.2803344537815127,0.28540616246498596,0.2845187675070028,0.28106834733893554,0.28111540616246494,0.28905266106442573,0.2884159663865546,0.2869750700280112,0.2878044817927171,0.285303081232493,0.28908907563025216,Male,7,5-7,Elementary,E,NC,R16E16b7_info1_250Hz_gu2_AEP.conn
R16BF04G10,R16BF04g10_info1_250Hz_gu1_AEP.conn,gu1,0.25652549019607845,0.2632117647058823,0.27081764705882355,0.2750235294117647,0.266543137254902,0.24888235294117647,0.2601294117647059,0.26498627450980394,0.28379411764705886,0.27885882352941177,0.287178431372549,0.2912372549019608,0.3092215686274509,0.31524313725490194,0.2954509803921569,0.32094000000000006,0.33166823529411765,0.3389470588235294,0.33985176470588235,0.3380129411764706,0.3265670588235293,0.33920941176470587,0.34067176470588234,0.3339129411764706,0.33155882352941174,0.33358000000000004,0.333684705882353,0.3554494117647059,0.3567329411764706,0.3359388235294118,0.28804823529411766,0.2903423529411765,0.29496235294117645,0.2995188235294117,0.29935529411764705,0.29263176470588237,0.2967870588235294,0.29523647058823527,0.29901529411764705,0.2864270588235294,0.2854576470588236,0.28965294117647056,0.30031294117647056,0.2990741176470588,0.2911929411764706,0.3268693277310924,0.321436974789916,0.3190735294117647,0.32377731092436973,0.32847394957983195,0.32424327731092434,0.3260920168067227,0.32839705882352943,0.3300109243697479,0.32777983193277305,0.32527941176470593,0.32635210084033617,0.3374092436974789,0.34051260504201686,0.3362773109243698,0.304,0.30155196078431373,0.2973186274509804,0.29632156862745096,0.3042480392156863,0.31713137254901963,0.3073088235294118,0.2996921568627451,0.29772450980392157,0.30114215686274515,0.3010901960784314,0.3057137254901961,0.31084215686274513,0.30747843137254904,0.30938823529411763,0.28471484593837537,0.2822442577030812,0.28102689075630255,0.2820669467787115,0.28249159663865553,0.2778633053221289,0.27696134453781507,0.2798865546218487,0.27959803921568627,0.286919887955182,0.2883683473389355,0.28700728291316535,0.27909103641456584,0.27864341736694676,0.28844761904761906,Female,10,8-12,Elementary,S,NC,R16BF04g10_info1_250Hz_gu2_AEP.conn
R16A04B8,R16A04b8_info1_250Hz_gu1_AEP.conn,gu1,0.3362980392156863,0.3440490196078432,0.3600588235294118,0.36614705882352944,0.3529333333333333,0.329478431372549,0.32971372549019606,0.3328098039215686,0.34359019607843133,0.3632647058823529,0.3726313725490196,0.3719137254901961,0.3608490196078431,0.3632529411764706,0.37296666666666667,0.37756,0.3766423529411765,0.39108705882352945,0.39329411764705885,0.38599294117647054,0.3915188235294117,0.396075294117647,0.3940082352941176,0.3926305882352941,0.3863752941176471,0.3954270588235294,0.39281058823529413,0.3995823529411765,0.3922576470588235,0.39748352941176474,0.3524988235294118,0.3496576470588235,0.3518105882352942,0.3500905882352941,0.35524705882352936,0.3491682352941177,0.35554823529411766,0.3660305882352941,0.36662941176470587,0.3471670588235295,0.35202470588235296,0.35085176470588236,0.3650870588235294,0.37106941176470587,0.35813294117647054,0.3930306722689075,0.39317268907563024,0.39694495798319335,0.39931176470588226,0.4056399159663866,0.39954117647058823,0.39778613445378147,0.3924899159663866,0.39392394957983196,0.4014697478991597,0.4040063025210084,0.4076794117647059,0.40965420168067224,0.4066147058823529,0.4113957983193278,0.3734921568627451,0.376314705882353,0.37972156862745093,0.37027549019607836,0.3697264705882353,0.3793980392156863,0.3849676470588235,0.3862607843137255,0.38019019607843135,0.3830637254901961,0.3755156862745099,0.3646754901960784,0.3886019607843137,0.39054607843137257,0.37078823529411764,0.34218599439775904,0.3447745098039216,0.3450240896358543,0.34546666666666664,0.3458492997198879,0.34934145658263305,0.35163809523809525,0.35781680672268906,0.3561579831932773,0.3500910364145659,0.3521557422969188,0.3562705882352941,0.35765910364145653,0.3582532212885155,0.3547901960784313,Male,8,8-12,Elementary,A,NC,R16A04b8_info1_250Hz_gu2_AEP.conn
R16S19B10,R16S19b10_info1_250Hz_gu1_AEP.conn,gu1,0.3081039215686275,0.31244705882352936,0.310121568627451,0.304878431372549,0.300078431372549,0.3057254901960784,0.30602549019607844,0.3041411764705882,0.31515882352941177,0.3124823529411765,0.31197843137254905,0.3069549019607843,0.32785686274509807,0.3282333333333333,0.31774117647058825,0.3231035294117647,0.3239764705882353,0.3205058823529412,0.3242482352941176,0.32262117647058824,0.33536,0.33078941176470594,0.3265882352941177,0.3232411764705882,0.33067529411764707,0.32862941176470584,0.3288847058823529,0.34887999999999997,0.34295411764705885,0.3418611764705882,0.36156,0.3606152941176471,0.35946823529411764,0.3586141176470588,0.3601941176470588,0.35240117647058816,0.34836,0.34821294117647056,0.34993294117647056,0.3639835294117647,0.3638529411764706,0.36279764705882356,0.3518635294117647,0.3513835294117647,0.3585294117647059,0.3900336134453782,0.3918621848739495,0.39370420168067227,0.39197016806722684,0.3919424369747899,0.3834302521008403,0.3807109243697479,0.37862521008403366,0.37910966386554623,0.39674537815126054,0.3990815126050421,0.39959663865546213,0.3956037815126051,0.3946483193277311,0.4075495798319329,0.39333235294117647,0.389113725490196,0.392178431372549,0.39513823529411757,0.3947166666666666,0.3922764705882353,0.3981725490196078,0.396021568627451,0.39320784313725493,0.3883117647058823,0.39047549019607847,0.394243137254902,0.3881019607843137,0.38818725490196077,0.39015686274509803,0.3179588235294117,0.31358291316526604,0.313721568627451,0.3157862745098039,0.31679159663865547,0.31595546218487397,0.3162918767507003,0.3146770308123249,0.3136022408963585,0.3185649859943978,0.32159411764705886,0.3247638655462185,0.3206815126050421,0.3199120448179272,0.3286509803921569,Male,10,8-12,Elementary,S,NC,R16S19b10_info1_250Hz_gu2_AEP.conn
R16S21B8,R16S21b8_info1_250Hz_gu1_AEP.conn,gu1,0.2433686274509804,0.24178627450980392,0.24831764705882353,0.25458039215686273,0.2670901960784314,0.27586274509803926,0.27945882352941176,0.27322549019607845,0.2782803921568628,0.26306862745098036,0.2670470588235294,0.2683333333333333,0.3023392156862745,0.2969372549019607,0.28657647058823527,0.32969176470588235,0.33048941176470586,0.3331494117647059,0.33182470588235297,0.3342964705882353,0.33317529411764707,0.3325882352941177,0.332315294117647,0.33094588235294115,0.33311176470588233,0.33692,0.3351035294117647,0.3496270588235294,0.3465682352941176,0.3467129411764706,0.31096117647058824,0.31633999999999995,0.32239764705882357,0.3214494117647059,0.3227976470588235,0.31377176470588236,0.31989647058823534,0.3221882352941176,0.3223117647058824,0.3233270588235294,0.3310658823529412,0.3289764705882353,0.3149411764705882,0.3209764705882353,0.336004705882353,0.29370588235294115,0.29548445378151256,0.30010378151260503,0.29980966386554625,0.29829537815126045,0.28899873949579835,0.29102184873949577,0.2912033613445378,0.2885953781512605,0.3026697478991597,0.3055836134453781,0.30615042016806726,0.307863025210084,0.30932142857142864,0.312790756302521,0.30080588235294115,0.29884803921568626,0.29334509803921566,0.28675490196078435,0.28872450980392156,0.29134019607843137,0.288556862745098,0.2877549019607843,0.28641176470588237,0.3035147058823529,0.2978921568627451,0.291193137254902,0.2955980392156863,0.29516372549019604,0.2986970588235294,0.25353109243697475,0.25342268907563026,0.2520442577030812,0.25295322128851544,0.25228767507002803,0.25140392156862745,0.24919747899159667,0.2476529411764706,0.24917983193277302,0.2576179271708683,0.25507366946778715,0.25515098039215683,0.2539946778711485,0.2528470588235295,0.2530887955182073,Male,8,8-12,Elementary,S,NC,R16S21b8_info1_250Hz_gu2_AEP.conn
R16S23G8,R16S23g8_info1_250Hz_gu1_AEP.conn,gu1,0.29154901960784313,0.28926274509803923,0.2818764705882353,0.2805254901960785,0.2873117647058824,0.2938882352941176,0.29025294117647055,0.2890901960784314,0.2964627450980392,0.3002607843137255,0.2925078431372549,0.29122941176470585,0.3223901960784314,0.3189137254901961,0.31608823529411767,0.32985882352941176,0.33326470588235296,0.3343376470588236,0.34464941176470587,0.35631647058823535,0.3458764705882354,0.3435329411764706,0.34633764705882353,0.3467376470588236,0.3326235294117647,0.33225764705882355,0.33870705882352936,0.3512729411764707,0.35202235294117645,0.3464823529411765,0.31409882352941176,0.31332,0.3175094117647059,0.32676,0.33276941176470587,0.3233141176470588,0.32167529411764706,0.32426470588235295,0.33261411764705884,0.31800823529411765,0.3161447058823529,0.32114235294117643,0.32310588235294113,0.32128705882352937,0.3252741176470588,0.3629403361344537,0.3589731092436974,0.36088403361344534,0.3612495798319327,0.36127731092436977,0.35864075630252096,0.35700630252100835,0.35741134453781503,0.35931554621848744,0.3685075630252101,0.3678197478991597,0.36710084033613455,0.37266134453781513,0.3739588235294118,0.369590756302521,0.33404999999999996,0.3345450980392157,0.3317637254901961,0.33011176470588227,0.3291039215686275,0.33205588235294115,0.3283970588235294,0.3238176470588235,0.3219549019607843,0.34577058823529416,0.34287254901960784,0.33892352941176473,0.33418235294117643,0.32551862745098037,0.33795882352941176,0.3157151260504202,0.3132112044817927,0.31343473389355747,0.3106540616246499,0.30773809523809526,0.3062008403361344,0.30624509803921574,0.30748403361344534,0.3063170868347339,0.31546442577030814,0.3152537815126051,0.31148291316526605,0.3046803921568627,0.30584565826330534,0.3091207282913166,Female,8,8-12,Elementary,S,NC,R16S23g8_info1_250Hz_gu2_AEP.conn
R16E13B5,R16E13b5_info1_250Hz_gu1_AEP.conn,gu1,0.2758098039215686,0.2802235294117647,0.2879470588235294,0.287835294117647,0.2809490196078432,0.28688039215686273,0.28689019607843136,0.27593137254901956,0.28375490196078434,0.28500980392156866,0.2956058823529411,0.29887058823529417,0.31179019607843145,0.3023901960784314,0.310286274509804,0.35523999999999994,0.3547635294117647,0.35321647058823524,0.3553588235294117,0.35506117647058827,0.3501517647058824,0.35559529411764706,0.3615729411764706,0.3628305882352941,0.35670117647058824,0.35483176470588235,0.35942117647058824,0.36768117647058823,0.37144823529411763,0.3626752941176471,0.3629482352941177,0.36807411764705883,0.3695682352941176,0.36843764705882354,0.3641811764705882,0.35126117647058824,0.35601411764705887,0.35978470588235295,0.3606823529411765,0.37327176470588236,0.37385294117647067,0.3727047058823529,0.36376117647058825,0.36384235294117645,0.36827294117647064,0.36063991596638656,0.36304369747899157,0.3668550420168067,0.367363025210084,0.3689819327731092,0.3666882352941176,0.3650462184873949,0.3664810924369748,0.37046554621848743,0.3712457983193277,0.37170210084033617,0.3681285714285714,0.3853752100840336,0.3853256302521008,0.3779596638655462,0.3521470588235294,0.3486303921568627,0.3438823529411765,0.3391921568627451,0.33716764705882357,0.35439411764705886,0.35740196078431374,0.35679019607843143,0.35092058823529415,0.3469392156862745,0.34446274509803926,0.3414990196078432,0.36342156862745095,0.3569088235294118,0.34955490196078426,0.312590756302521,0.31301400560224085,0.31159467787114853,0.3129896358543417,0.31477731092436967,0.32132689075630255,0.3199929971988795,0.31743025210084036,0.31599187675070034,0.31691792717086836,0.31382408963585434,0.3139249299719888,0.31826470588235295,0.3180319327731092,0.316683193277311,Male,5,5-7,Elementary,E,NC,R16E13b5_info1_250Hz_gu2_AEP.conn
