Task,Condition,Feature_Mode,Band,Model,N_Features,AUC_mean,AUC_std,Accuracy_mean,Accuracy_std,Sensitivity_mean,Sensitivity_std,Specificity_mean,Specificity_std
Age_Group,gu1,FC,delta,Linear SVM,15,0.6444276757779047,0.047046379904390055,0.36666666666666664,0.05577733510227171,0.3573412698412698,0.05646434551202771,0.7878364583547649,0.018837242018185634
Age_Group,gu1,FC,delta,Random Forest,15,0.5876935580236782,0.06426263227783456,0.2866666666666667,0.08844332774281066,0.2686201298701299,0.08470689309254872,0.7540931417933706,0.0298403772696529
Age_Group,gu1,FC,delta,Elastic Net,15,0.6433477344674141,0.06891583865669702,0.32666666666666666,0.0879393730551528,0.32638347763347764,0.09447346099623784,0.77576102692121,0.027840555240882695
Age_Group,gu1,FC,theta,Linear SVM,15,0.633944399705727,0.03817232117417678,0.39333333333333337,0.118133634311129,0.3863257575757576,0.12238763132829032,0.796034072715995,0.040062320598917234
Age_Group,gu1,FC,theta,Random Forest,15,0.6286935832230741,0.051568853853757333,0.4133333333333334,0.07483314773547883,0.411010101010101,0.07705247384125452,0.8037575589932568,0.026061560673863234
Age_Group,gu1,FC,theta,Elastic Net,15,0.6386220867677961,0.06055969460782254,0.4133333333333334,0.08589399151150084,0.41781565656565656,0.08260450121693452,0.8030629919279804,0.028647289369901324
Age_Group,gu1,FC,alpha,Linear SVM,15,0.6411481413196516,0.026015718663394524,0.3933333333333333,0.0879393730551528,0.4034650072150073,0.08565698840985142,0.7991127541413582,0.02522109328562904
Age_Group,gu1,FC,alpha,Random Forest,15,0.6196730736157223,0.06650418720856525,0.33999999999999997,0.07423685817106696,0.332536075036075,0.07387307508667502,0.7736539425486795,0.021680319715705273
Age_Group,gu1,FC,alpha,Elastic Net,15,0.6450074432199718,0.041369031939376716,0.4066666666666666,0.0679869268479038,0.41140331890331894,0.07394988168319025,0.8022287098866047,0.017724777727804546
Age_Group,gu1,FC,beta,Linear SVM,15,0.6363574956825528,0.05106625374241707,0.41999999999999993,0.07774602526460402,0.4227741702741702,0.07625722876670371,0.8086639710404013,0.022039206386593128
Age_Group,gu1,FC,beta,Random Forest,15,0.6191188139896378,0.04517436952296959,0.42000000000000004,0.08055363982396381,0.39634559884559883,0.06881988817134714,0.8041123559887862,0.027926296141622325
Age_Group,gu1,FC,beta,Elastic Net,15,0.6785132157485705,0.04960424237037165,0.4333333333333334,0.08692269873603532,0.41480339105339115,0.07622377973243516,0.8098973021638927,0.027730421809474864
Age_Group,gu1,FC,highbeta,Linear SVM,15,0.6400713383044618,0.05014894502960083,0.3133333333333333,0.04521553322083511,0.3241143578643578,0.05321846507946185,0.7707170556369641,0.01460921050718977
Age_Group,gu1,FC,highbeta,Random Forest,15,0.6404770895707393,0.03239485670853148,0.44666666666666666,0.09568466729604883,0.4269715007215008,0.08369504535261327,0.8100183550240759,0.03236220072972558
Age_Group,gu1,FC,highbeta,Elastic Net,15,0.6069366075593192,0.03905957767780097,0.3,0.04216370213557838,0.3257178932178932,0.02507570840135073,0.7659273674456741,0.014356913863472879
Age_Group,gu1,FC,gamma,Linear SVM,15,0.6333830805942934,0.04159548603069314,0.4,0.0632455532033676,0.3990367965367965,0.06588947241054109,0.79525587075015,0.023932475714717925
Age_Group,gu1,FC,gamma,Random Forest,15,0.5732454045382536,0.04876568870718406,0.35333333333333333,0.09797958971132713,0.35604617604617605,0.08026952842966022,0.780668431111223,0.03534450667946786
Age_Group,gu1,FC,gamma,Elastic Net,15,0.6389414786713413,0.03550433004587626,0.38,0.0618241233033047,0.38992604617604615,0.07908922918316659,0.7917076302797127,0.02414346160479318
Age_Group,gu1,PSD,delta,Linear SVM,15,0.6444276757779047,0.047046379904390055,0.36666666666666664,0.05577733510227171,0.3573412698412698,0.05646434551202771,0.7878364583547649,0.018837242018185634
Age_Group,gu1,PSD,delta,Random Forest,15,0.5876935580236782,0.06426263227783456,0.2866666666666667,0.08844332774281066,0.2686201298701299,0.08470689309254872,0.7540931417933706,0.0298403772696529
Age_Group,gu1,PSD,delta,Elastic Net,15,0.6433477344674141,0.06891583865669702,0.32666666666666666,0.0879393730551528,0.32638347763347764,0.09447346099623784,0.77576102692121,0.027840555240882695
Age_Group,gu1,PSD,theta,Linear SVM,15,0.633944399705727,0.03817232117417678,0.39333333333333337,0.118133634311129,0.3863257575757576,0.12238763132829032,0.796034072715995,0.040062320598917234
Age_Group,gu1,PSD,theta,Random Forest,15,0.6286935832230741,0.051568853853757333,0.4133333333333334,0.07483314773547883,0.411010101010101,0.07705247384125452,0.8037575589932568,0.026061560673863234
Age_Group,gu1,PSD,theta,Elastic Net,15,0.6386220867677961,0.06055969460782254,0.4133333333333334,0.08589399151150084,0.41781565656565656,0.08260450121693452,0.8030629919279804,0.028647289369901324
Age_Group,gu1,PSD,alpha,Linear SVM,15,0.6411481413196516,0.026015718663394524,0.3933333333333333,0.0879393730551528,0.4034650072150073,0.08565698840985142,0.7991127541413582,0.02522109328562904
Age_Group,gu1,PSD,alpha,Random Forest,15,0.6196730736157223,0.06650418720856525,0.33999999999999997,0.07423685817106696,0.332536075036075,0.07387307508667502,0.7736539425486795,0.021680319715705273
Age_Group,gu1,PSD,alpha,Elastic Net,15,0.6450074432199718,0.041369031939376716,0.4066666666666666,0.0679869268479038,0.41140331890331894,0.07394988168319025,0.8022287098866047,0.017724777727804546
Age_Group,gu1,PSD,beta,Linear SVM,15,0.6363574956825528,0.05106625374241707,0.41999999999999993,0.07774602526460402,0.4227741702741702,0.07625722876670371,0.8086639710404013,0.022039206386593128
Age_Group,gu1,PSD,beta,Random Forest,15,0.6191188139896378,0.04517436952296959,0.42000000000000004,0.08055363982396381,0.39634559884559883,0.06881988817134714,0.8041123559887862,0.027926296141622325
Age_Group,gu1,PSD,beta,Elastic Net,15,0.6785132157485705,0.04960424237037165,0.4333333333333334,0.08692269873603532,0.41480339105339115,0.07622377973243516,0.8098973021638927,0.027730421809474864
Age_Group,gu1,PSD,highbeta,Linear SVM,15,0.6400713383044618,0.05014894502960083,0.3133333333333333,0.04521553322083511,0.3241143578643578,0.05321846507946185,0.7707170556369641,0.01460921050718977
Age_Group,gu1,PSD,highbeta,Random Forest,15,0.6404770895707393,0.03239485670853148,0.44666666666666666,0.09568466729604883,0.4269715007215008,0.08369504535261327,0.8100183550240759,0.03236220072972558
Age_Group,gu1,PSD,highbeta,Elastic Net,15,0.6069366075593192,0.03905957767780097,0.3,0.04216370213557838,0.3257178932178932,0.02507570840135073,0.7659273674456741,0.014356913863472879
Age_Group,gu1,PSD,gamma,Linear SVM,15,0.6333830805942934,0.04159548603069314,0.4,0.0632455532033676,0.3990367965367965,0.06588947241054109,0.79525587075015,0.023932475714717925
Age_Group,gu1,PSD,gamma,Random Forest,15,0.5732454045382536,0.04876568870718406,0.35333333333333333,0.09797958971132713,0.35604617604617605,0.08026952842966022,0.780668431111223,0.03534450667946786
Age_Group,gu1,PSD,gamma,Elastic Net,15,0.6389414786713413,0.03550433004587626,0.38,0.0618241233033047,0.38992604617604615,0.07908922918316659,0.7917076302797127,0.02414346160479318
Age_Group,gu1,PSD_FC,delta,Linear SVM,15,0.6444276757779047,0.047046379904390055,0.36666666666666664,0.05577733510227171,0.3573412698412698,0.05646434551202771,0.7878364583547649,0.018837242018185634
Age_Group,gu1,PSD_FC,delta,Random Forest,15,0.5876935580236782,0.06426263227783456,0.2866666666666667,0.08844332774281066,0.2686201298701299,0.08470689309254872,0.7540931417933706,0.0298403772696529
Age_Group,gu1,PSD_FC,delta,Elastic Net,15,0.6433477344674141,0.06891583865669702,0.32666666666666666,0.0879393730551528,0.32638347763347764,0.09447346099623784,0.77576102692121,0.027840555240882695
Age_Group,gu1,PSD_FC,theta,Linear SVM,15,0.633944399705727,0.03817232117417678,0.39333333333333337,0.118133634311129,0.3863257575757576,0.12238763132829032,0.796034072715995,0.040062320598917234
Age_Group,gu1,PSD_FC,theta,Random Forest,15,0.6286935832230741,0.051568853853757333,0.4133333333333334,0.07483314773547883,0.411010101010101,0.07705247384125452,0.8037575589932568,0.026061560673863234
Age_Group,gu1,PSD_FC,theta,Elastic Net,15,0.6386220867677961,0.06055969460782254,0.4133333333333334,0.08589399151150084,0.41781565656565656,0.08260450121693452,0.8030629919279804,0.028647289369901324
Age_Group,gu1,PSD_FC,alpha,Linear SVM,15,0.6411481413196516,0.026015718663394524,0.3933333333333333,0.0879393730551528,0.4034650072150073,0.08565698840985142,0.7991127541413582,0.02522109328562904
Age_Group,gu1,PSD_FC,alpha,Random Forest,15,0.6196730736157223,0.06650418720856525,0.33999999999999997,0.07423685817106696,0.332536075036075,0.07387307508667502,0.7736539425486795,0.021680319715705273
Age_Group,gu1,PSD_FC,alpha,Elastic Net,15,0.6450074432199718,0.041369031939376716,0.4066666666666666,0.0679869268479038,0.41140331890331894,0.07394988168319025,0.8022287098866047,0.017724777727804546
Age_Group,gu1,PSD_FC,beta,Linear SVM,15,0.6363574956825528,0.05106625374241707,0.41999999999999993,0.07774602526460402,0.4227741702741702,0.07625722876670371,0.8086639710404013,0.022039206386593128
Age_Group,gu1,PSD_FC,beta,Random Forest,15,0.6191188139896378,0.04517436952296959,0.42000000000000004,0.08055363982396381,0.39634559884559883,0.06881988817134714,0.8041123559887862,0.027926296141622325
Age_Group,gu1,PSD_FC,beta,Elastic Net,15,0.6785132157485705,0.04960424237037165,0.4333333333333334,0.08692269873603532,0.41480339105339115,0.07622377973243516,0.8098973021638927,0.027730421809474864
Age_Group,gu1,PSD_FC,highbeta,Linear SVM,15,0.6400713383044618,0.05014894502960083,0.3133333333333333,0.04521553322083511,0.3241143578643578,0.05321846507946185,0.7707170556369641,0.01460921050718977
Age_Group,gu1,PSD_FC,highbeta,Random Forest,15,0.6404770895707393,0.03239485670853148,0.44666666666666666,0.09568466729604883,0.4269715007215008,0.08369504535261327,0.8100183550240759,0.03236220072972558
Age_Group,gu1,PSD_FC,highbeta,Elastic Net,15,0.6069366075593192,0.03905957767780097,0.3,0.04216370213557838,0.3257178932178932,0.02507570840135073,0.7659273674456741,0.014356913863472879
Age_Group,gu1,PSD_FC,gamma,Linear SVM,15,0.6333830805942934,0.04159548603069314,0.4,0.0632455532033676,0.3990367965367965,0.06588947241054109,0.79525587075015,0.023932475714717925
Age_Group,gu1,PSD_FC,gamma,Random Forest,15,0.5732454045382536,0.04876568870718406,0.35333333333333333,0.09797958971132713,0.35604617604617605,0.08026952842966022,0.780668431111223,0.03534450667946786
Age_Group,gu1,PSD_FC,gamma,Elastic Net,15,0.6389414786713413,0.03550433004587626,0.38,0.0618241233033047,0.38992604617604615,0.07908922918316659,0.7917076302797127,0.02414346160479318
Language,gu1,FC,delta,Linear SVM,15,0.43761964317761787,0.055014636750874174,0.24,0.04422166387140534,0.2272664835164835,0.07402253187519557,0.7435377255031765,0.021080612362984898
Language,gu1,FC,delta,Random Forest,15,0.4606033046540504,0.0870197247991217,0.3,0.07888106377466154,0.21504120879120875,0.05426406631694318,0.7481219283406426,0.033352694836056136
Language,gu1,FC,delta,Elastic Net,15,0.49435811358255466,0.11096814633393777,0.29333333333333333,0.07423685817106696,0.2629120879120879,0.09801466688473733,0.7639611570742512,0.026861593286007436
Language,gu1,FC,theta,Linear SVM,15,0.39315720988597785,0.061121570529520004,0.25333333333333335,0.0581186525805423,0.2828296703296703,0.10471223311090301,0.753033956188445,0.02198461964702718
Language,gu1,FC,theta,Random Forest,15,0.47760119220062497,0.08507170627801523,0.3466666666666667,0.0618241233033047,0.270467032967033,0.059552129428174276,0.7604381048112308,0.024576785417754748
Language,gu1,FC,theta,Elastic Net,15,0.5074486344912253,0.1029478567272456,0.24,0.05333333333333333,0.23406593406593407,0.09037600371480273,0.7477620803330192,0.015318597536346634
Language,gu1,FC,alpha,Linear SVM,15,0.4548925883127808,0.04080735818533829,0.21333333333333337,0.02666666666666667,0.20254120879120877,0.046421865371732235,0.7436728434388611,0.012862810262694828
Language,gu1,FC,alpha,Random Forest,15,0.4850726325222533,0.07478247611656735,0.3,0.02108185106778919,0.2260989010989011,0.013163899506275759,0.7453882660465031,0.006522871642643056
Language,gu1,FC,alpha,Elastic Net,15,0.47021024892406305,0.11202503639939489,0.19333333333333336,0.061101009266077866,0.19725274725274725,0.08434463023547634,0.7413742422142634,0.02216456857885192
Language,gu1,FC,beta,Linear SVM,15,0.4900203403341081,0.10347912488021353,0.24,0.0879393730551528,0.24931318681318682,0.06886308365550169,0.7497892323414306,0.03363169508049117
Language,gu1,FC,beta,Random Forest,15,0.46708808343466657,0.09837898917385308,0.32666666666666666,0.06463573143221771,0.2550824175824176,0.05913792571556652,0.7538528959355311,0.02641196415213288
Language,gu1,FC,beta,Elastic Net,15,0.4910567226505306,0.08372781658716023,0.26666666666666666,0.08164965809277261,0.2967032967032967,0.10678940184520065,0.7612073367918791,0.03318793555868985
Language,gu1,FC,highbeta,Linear SVM,15,0.4714888846051206,0.05812614143547117,0.3666666666666667,0.029814239699997212,0.33125,0.09317187299243396,0.7819411698848819,0.016265471898560865
Language,gu1,FC,highbeta,Random Forest,15,0.5458517287319568,0.054737991447321666,0.32666666666666666,0.05333333333333334,0.27376373626373623,0.05963951314520496,0.7516240996194034,0.02530338846647398
Language,gu1,FC,highbeta,Elastic Net,15,0.523232665671924,0.0552410917567834,0.31333333333333335,0.0498887651569859,0.31462912087912087,0.09193383828222217,0.7675999495477623,0.02002496482362112
Language,gu1,FC,gamma,Linear SVM,15,0.5853053991107666,0.03247373796220855,0.26666666666666666,0.06324555320336757,0.2528846153846154,0.04156360528182882,0.7675579907238894,0.024388439207236334
Language,gu1,FC,gamma,Random Forest,15,0.5616270570475913,0.033084118684855966,0.3266666666666666,0.09043106644167025,0.25508241758241756,0.07107418161155431,0.754378650056179,0.03606922371543688
Language,gu1,FC,gamma,Elastic Net,15,0.42897155387275215,0.0245135941818239,0.24,0.08273115763993903,0.21167582417582417,0.06109727360173305,0.755949416191446,0.025389451665134854
Language,gu1,PSD,delta,Linear SVM,15,0.43761964317761787,0.055014636750874174,0.24,0.04422166387140534,0.2272664835164835,0.07402253187519557,0.7435377255031765,0.021080612362984898
Language,gu1,PSD,delta,Random Forest,15,0.4606033046540504,0.0870197247991217,0.3,0.07888106377466154,0.21504120879120875,0.05426406631694318,0.7481219283406426,0.033352694836056136
Language,gu1,PSD,delta,Elastic Net,15,0.49435811358255466,0.11096814633393777,0.29333333333333333,0.07423685817106696,0.2629120879120879,0.09801466688473733,0.7639611570742512,0.026861593286007436
Language,gu1,PSD,theta,Linear SVM,15,0.39315720988597785,0.061121570529520004,0.25333333333333335,0.0581186525805423,0.2828296703296703,0.10471223311090301,0.753033956188445,0.02198461964702718
Language,gu1,PSD,theta,Random Forest,15,0.47760119220062497,0.08507170627801523,0.3466666666666667,0.0618241233033047,0.270467032967033,0.059552129428174276,0.7604381048112308,0.024576785417754748
Language,gu1,PSD,theta,Elastic Net,15,0.5074486344912253,0.1029478567272456,0.24,0.05333333333333333,0.23406593406593407,0.09037600371480273,0.7477620803330192,0.015318597536346634
Language,gu1,PSD,alpha,Linear SVM,15,0.4548925883127808,0.04080735818533829,0.21333333333333337,0.02666666666666667,0.20254120879120877,0.046421865371732235,0.7436728434388611,0.012862810262694828
Language,gu1,PSD,alpha,Random Forest,15,0.4850726325222533,0.07478247611656735,0.3,0.02108185106778919,0.2260989010989011,0.013163899506275759,0.7453882660465031,0.006522871642643056
Language,gu1,PSD,alpha,Elastic Net,15,0.47021024892406305,0.11202503639939489,0.19333333333333336,0.061101009266077866,0.19725274725274725,0.08434463023547634,0.7413742422142634,0.02216456857885192
Language,gu1,PSD,beta,Linear SVM,15,0.4900203403341081,0.10347912488021353,0.24,0.0879393730551528,0.24931318681318682,0.06886308365550169,0.7497892323414306,0.03363169508049117
Language,gu1,PSD,beta,Random Forest,15,0.46708808343466657,0.09837898917385308,0.32666666666666666,0.06463573143221771,0.2550824175824176,0.05913792571556652,0.7538528959355311,0.02641196415213288
Language,gu1,PSD,beta,Elastic Net,15,0.4910567226505306,0.08372781658716023,0.26666666666666666,0.08164965809277261,0.2967032967032967,0.10678940184520065,0.7612073367918791,0.03318793555868985
Language,gu1,PSD,highbeta,Linear SVM,15,0.4714888846051206,0.05812614143547117,0.3666666666666667,0.029814239699997212,0.33125,0.09317187299243396,0.7819411698848819,0.016265471898560865
Language,gu1,PSD,highbeta,Random Forest,15,0.5458517287319568,0.054737991447321666,0.32666666666666666,0.05333333333333334,0.27376373626373623,0.05963951314520496,0.7516240996194034,0.02530338846647398
Language,gu1,PSD,highbeta,Elastic Net,15,0.523232665671924,0.0552410917567834,0.31333333333333335,0.0498887651569859,0.31462912087912087,0.09193383828222217,0.7675999495477623,0.02002496482362112
Language,gu1,PSD,gamma,Linear SVM,15,0.5853053991107666,0.03247373796220855,0.26666666666666666,0.06324555320336757,0.2528846153846154,0.04156360528182882,0.7675579907238894,0.024388439207236334
Language,gu1,PSD,gamma,Random Forest,15,0.5616270570475913,0.033084118684855966,0.3266666666666666,0.09043106644167025,0.25508241758241756,0.07107418161155431,0.754378650056179,0.03606922371543688
Language,gu1,PSD,gamma,Elastic Net,15,0.42897155387275215,0.0245135941818239,0.24,0.08273115763993903,0.21167582417582417,0.06109727360173305,0.755949416191446,0.025389451665134854
Language,gu1,PSD_FC,delta,Linear SVM,15,0.43761964317761787,0.055014636750874174,0.24,0.04422166387140534,0.2272664835164835,0.07402253187519557,0.7435377255031765,0.021080612362984898
Language,gu1,PSD_FC,delta,Random Forest,15,0.4606033046540504,0.0870197247991217,0.3,0.07888106377466154,0.21504120879120875,0.05426406631694318,0.7481219283406426,0.033352694836056136
Language,gu1,PSD_FC,delta,Elastic Net,15,0.49435811358255466,0.11096814633393777,0.29333333333333333,0.07423685817106696,0.2629120879120879,0.09801466688473733,0.7639611570742512,0.026861593286007436
Language,gu1,PSD_FC,theta,Linear SVM,15,0.39315720988597785,0.061121570529520004,0.25333333333333335,0.0581186525805423,0.2828296703296703,0.10471223311090301,0.753033956188445,0.02198461964702718
Language,gu1,PSD_FC,theta,Random Forest,15,0.47760119220062497,0.08507170627801523,0.3466666666666667,0.0618241233033047,0.270467032967033,0.059552129428174276,0.7604381048112308,0.024576785417754748
Language,gu1,PSD_FC,theta,Elastic Net,15,0.5074486344912253,0.1029478567272456,0.24,0.05333333333333333,0.23406593406593407,0.09037600371480273,0.7477620803330192,0.015318597536346634
Language,gu1,PSD_FC,alpha,Linear SVM,15,0.4548925883127808,0.04080735818533829,0.21333333333333337,0.02666666666666667,0.20254120879120877,0.046421865371732235,0.7436728434388611,0.012862810262694828
Language,gu1,PSD_FC,alpha,Random Forest,15,0.4850726325222533,0.07478247611656735,0.3,0.02108185106778919,0.2260989010989011,0.013163899506275759,0.7453882660465031,0.006522871642643056
Language,gu1,PSD_FC,alpha,Elastic Net,15,0.47021024892406305,0.11202503639939489,0.19333333333333336,0.061101009266077866,0.19725274725274725,0.08434463023547634,0.7413742422142634,0.02216456857885192
Language,gu1,PSD_FC,beta,Linear SVM,15,0.4900203403341081,0.10347912488021353,0.24,0.0879393730551528,0.24931318681318682,0.06886308365550169,0.7497892323414306,0.03363169508049117
Language,gu1,PSD_FC,beta,Random Forest,15,0.46708808343466657,0.09837898917385308,0.32666666666666666,0.06463573143221771,0.2550824175824176,0.05913792571556652,0.7538528959355311,0.02641196415213288
Language,gu1,PSD_FC,beta,Elastic Net,15,0.4910567226505306,0.08372781658716023,0.26666666666666666,0.08164965809277261,0.2967032967032967,0.10678940184520065,0.7612073367918791,0.03318793555868985
Language,gu1,PSD_FC,highbeta,Linear SVM,15,0.4714888846051206,0.05812614143547117,0.3666666666666667,0.029814239699997212,0.33125,0.09317187299243396,0.7819411698848819,0.016265471898560865
Language,gu1,PSD_FC,highbeta,Random Forest,15,0.5458517287319568,0.054737991447321666,0.32666666666666666,0.05333333333333334,0.27376373626373623,0.05963951314520496,0.7516240996194034,0.02530338846647398
Language,gu1,PSD_FC,highbeta,Elastic Net,15,0.523232665671924,0.0552410917567834,0.31333333333333335,0.0498887651569859,0.31462912087912087,0.09193383828222217,0.7675999495477623,0.02002496482362112
Language,gu1,PSD_FC,gamma,Linear SVM,15,0.5853053991107666,0.03247373796220855,0.26666666666666666,0.06324555320336757,0.2528846153846154,0.04156360528182882,0.7675579907238894,0.024388439207236334
Language,gu1,PSD_FC,gamma,Random Forest,15,0.5616270570475913,0.033084118684855966,0.3266666666666666,0.09043106644167025,0.25508241758241756,0.07107418161155431,0.754378650056179,0.03606922371543688
Language,gu1,PSD_FC,gamma,Elastic Net,15,0.42897155387275215,0.0245135941818239,0.24,0.08273115763993903,0.21167582417582417,0.06109727360173305,0.755949416191446,0.025389451665134854
Language_Tonal,gu1,FC,delta,Linear SVM,15,0.5165360374919199,0.05265679639741296,0.4866666666666667,0.05811865258054231,0.4817388493859083,0.06984096595825447,0.4817388493859083,0.06984096595825447
Language_Tonal,gu1,FC,delta,Random Forest,15,0.5987253555268262,0.07526609147729056,0.58,0.07180219742846003,0.5754605688429217,0.08245592710268884,0.5754605688429217,0.08245592710268884
Language_Tonal,gu1,FC,delta,Elastic Net,15,0.5411158694246929,0.04892177222496699,0.5533333333333333,0.04521553322083511,0.5490425016160311,0.05432960823353491,0.5490425016160311,0.05432960823353491
Language_Tonal,gu1,FC,theta,Linear SVM,15,0.5074014221073044,0.06152446104524273,0.5533333333333333,0.016329931618554516,0.5494101486748546,0.01901897143369196,0.5494101486748546,0.01901897143369196
Language_Tonal,gu1,FC,theta,Random Forest,15,0.4868758080155139,0.12832883618401233,0.5266666666666666,0.07717224601860148,0.5233597285067872,0.08054374738137916,0.5233597285067872,0.08054374738137916
Language_Tonal,gu1,FC,theta,Elastic Net,15,0.5247171945701357,0.042278491203803586,0.5599999999999999,0.02494438257849294,0.5543996444731739,0.023106870383191105,0.5543996444731739,0.023106870383191105
Language_Tonal,gu1,FC,alpha,Linear SVM,15,0.6585427440206851,0.07530884808643093,0.44000000000000006,0.06110100926607787,0.43641725921137686,0.05634769284823235,0.43641725921137686,0.05634769284823235
Language_Tonal,gu1,FC,alpha,Random Forest,15,0.5158209437621202,0.09623172564339358,0.4933333333333333,0.08273115763993905,0.4887201034259858,0.0815711067028391,0.4887201034259858,0.0815711067028391
Language_Tonal,gu1,FC,alpha,Elastic Net,15,0.3591588558500323,0.0578479468592196,0.44000000000000006,0.02494438257849294,0.4362314156431803,0.02691006902319536,0.4362314156431803,0.02691006902319536
Language_Tonal,gu1,FC,beta,Linear SVM,15,0.6574317226890756,0.05894791747129694,0.39333333333333337,0.044221663871405345,0.39124919198448616,0.03896704682870138,0.39124919198448616,0.03896704682870138
Language_Tonal,gu1,FC,beta,Random Forest,15,0.471036683904331,0.07505551941809438,0.4666666666666667,0.04714045207910316,0.46498464770523595,0.04231107022089514,0.46498464770523595,0.04231107022089514
Language_Tonal,gu1,FC,beta,Elastic Net,15,0.3419764059469942,0.062083073428020545,0.37999999999999995,0.04521553322083513,0.3812944408532644,0.04602357456545855,0.3812944408532644,0.04602357456545855
Language_Tonal,gu1,FC,highbeta,Linear SVM,15,0.5184914350355527,0.04459257757626033,0.5,0.08432740427115676,0.5050258564964447,0.07979939533967154,0.5050258564964447,0.07979939533967154
Language_Tonal,gu1,FC,highbeta,Random Forest,15,0.45091507756948934,0.06111907888846012,0.44666666666666666,0.061824123303304696,0.4453458306399483,0.059000352235036704,0.4453458306399483,0.059000352235036704
Language_Tonal,gu1,FC,highbeta,Elastic Net,15,0.46887524240465417,0.03686709780344429,0.52,0.06863753427324665,0.5241677440206851,0.059035321025326576,0.5241677440206851,0.059035321025326576
Language_Tonal,gu1,FC,gamma,Linear SVM,15,0.5249717194570136,0.035843135588658565,0.5066666666666667,0.038873012632301994,0.4961376858435682,0.044688127663512274,0.4961376858435682,0.044688127663512274
Language_Tonal,gu1,FC,gamma,Random Forest,15,0.4870475113122172,0.09316935315467055,0.5066666666666666,0.09977753031397174,0.5093042986425339,0.09927275742876658,0.5093042986425339,0.09927275742876658
Language_Tonal,gu1,FC,gamma,Elastic Net,15,0.45462588881706534,0.033816801714328854,0.48666666666666664,0.05416025603090639,0.47702003878474464,0.057096429090275715,0.47702003878474464,0.057096429090275715
Language_Tonal,gu1,PSD,delta,Linear SVM,15,0.5165360374919199,0.05265679639741296,0.4866666666666667,0.05811865258054231,0.4817388493859083,0.06984096595825447,0.4817388493859083,0.06984096595825447
Language_Tonal,gu1,PSD,delta,Random Forest,15,0.5987253555268262,0.07526609147729056,0.58,0.07180219742846003,0.5754605688429217,0.08245592710268884,0.5754605688429217,0.08245592710268884
Language_Tonal,gu1,PSD,delta,Elastic Net,15,0.5411158694246929,0.04892177222496699,0.5533333333333333,0.04521553322083511,0.5490425016160311,0.05432960823353491,0.5490425016160311,0.05432960823353491
Language_Tonal,gu1,PSD,theta,Linear SVM,15,0.5074014221073044,0.06152446104524273,0.5533333333333333,0.016329931618554516,0.5494101486748546,0.01901897143369196,0.5494101486748546,0.01901897143369196
Language_Tonal,gu1,PSD,theta,Random Forest,15,0.4868758080155139,0.12832883618401233,0.5266666666666666,0.07717224601860148,0.5233597285067872,0.08054374738137916,0.5233597285067872,0.08054374738137916
Language_Tonal,gu1,PSD,theta,Elastic Net,15,0.5247171945701357,0.042278491203803586,0.5599999999999999,0.02494438257849294,0.5543996444731739,0.023106870383191105,0.5543996444731739,0.023106870383191105
Language_Tonal,gu1,PSD,alpha,Linear SVM,15,0.6585427440206851,0.07530884808643093,0.44000000000000006,0.06110100926607787,0.43641725921137686,0.05634769284823235,0.43641725921137686,0.05634769284823235
Language_Tonal,gu1,PSD,alpha,Random Forest,15,0.5158209437621202,0.09623172564339358,0.4933333333333333,0.08273115763993905,0.4887201034259858,0.0815711067028391,0.4887201034259858,0.0815711067028391
Language_Tonal,gu1,PSD,alpha,Elastic Net,15,0.3591588558500323,0.0578479468592196,0.44000000000000006,0.02494438257849294,0.4362314156431803,0.02691006902319536,0.4362314156431803,0.02691006902319536
Language_Tonal,gu1,PSD,beta,Linear SVM,15,0.6574317226890756,0.05894791747129694,0.39333333333333337,0.044221663871405345,0.39124919198448616,0.03896704682870138,0.39124919198448616,0.03896704682870138
Language_Tonal,gu1,PSD,beta,Random Forest,15,0.471036683904331,0.07505551941809438,0.4666666666666667,0.04714045207910316,0.46498464770523595,0.04231107022089514,0.46498464770523595,0.04231107022089514
Language_Tonal,gu1,PSD,beta,Elastic Net,15,0.3419764059469942,0.062083073428020545,0.37999999999999995,0.04521553322083513,0.3812944408532644,0.04602357456545855,0.3812944408532644,0.04602357456545855
Language_Tonal,gu1,PSD,highbeta,Linear SVM,15,0.5184914350355527,0.04459257757626033,0.5,0.08432740427115676,0.5050258564964447,0.07979939533967154,0.5050258564964447,0.07979939533967154
Language_Tonal,gu1,PSD,highbeta,Random Forest,15,0.45091507756948934,0.06111907888846012,0.44666666666666666,0.061824123303304696,0.4453458306399483,0.059000352235036704,0.4453458306399483,0.059000352235036704
Language_Tonal,gu1,PSD,highbeta,Elastic Net,15,0.46887524240465417,0.03686709780344429,0.52,0.06863753427324665,0.5241677440206851,0.059035321025326576,0.5241677440206851,0.059035321025326576
Language_Tonal,gu1,PSD,gamma,Linear SVM,15,0.5249717194570136,0.035843135588658565,0.5066666666666667,0.038873012632301994,0.4961376858435682,0.044688127663512274,0.4961376858435682,0.044688127663512274
Language_Tonal,gu1,PSD,gamma,Random Forest,15,0.4870475113122172,0.09316935315467055,0.5066666666666666,0.09977753031397174,0.5093042986425339,0.09927275742876658,0.5093042986425339,0.09927275742876658
Language_Tonal,gu1,PSD,gamma,Elastic Net,15,0.45462588881706534,0.033816801714328854,0.48666666666666664,0.05416025603090639,0.47702003878474464,0.057096429090275715,0.47702003878474464,0.057096429090275715
Language_Tonal,gu1,PSD_FC,delta,Linear SVM,15,0.5165360374919199,0.05265679639741296,0.4866666666666667,0.05811865258054231,0.4817388493859083,0.06984096595825447,0.4817388493859083,0.06984096595825447
Language_Tonal,gu1,PSD_FC,delta,Random Forest,15,0.5987253555268262,0.07526609147729056,0.58,0.07180219742846003,0.5754605688429217,0.08245592710268884,0.5754605688429217,0.08245592710268884
Language_Tonal,gu1,PSD_FC,delta,Elastic Net,15,0.5411158694246929,0.04892177222496699,0.5533333333333333,0.04521553322083511,0.5490425016160311,0.05432960823353491,0.5490425016160311,0.05432960823353491
Language_Tonal,gu1,PSD_FC,theta,Linear SVM,15,0.5074014221073044,0.06152446104524273,0.5533333333333333,0.016329931618554516,0.5494101486748546,0.01901897143369196,0.5494101486748546,0.01901897143369196
Language_Tonal,gu1,PSD_FC,theta,Random Forest,15,0.4868758080155139,0.12832883618401233,0.5266666666666666,0.07717224601860148,0.5233597285067872,0.08054374738137916,0.5233597285067872,0.08054374738137916
Language_Tonal,gu1,PSD_FC,theta,Elastic Net,15,0.5247171945701357,0.042278491203803586,0.5599999999999999,0.02494438257849294,0.5543996444731739,0.023106870383191105,0.5543996444731739,0.023106870383191105
Language_Tonal,gu1,PSD_FC,alpha,Linear SVM,15,0.6585427440206851,0.07530884808643093,0.44000000000000006,0.06110100926607787,0.43641725921137686,0.05634769284823235,0.43641725921137686,0.05634769284823235
Language_Tonal,gu1,PSD_FC,alpha,Random Forest,15,0.5158209437621202,0.09623172564339358,0.4933333333333333,0.08273115763993905,0.4887201034259858,0.0815711067028391,0.4887201034259858,0.0815711067028391
Language_Tonal,gu1,PSD_FC,alpha,Elastic Net,15,0.3591588558500323,0.0578479468592196,0.44000000000000006,0.02494438257849294,0.4362314156431803,0.02691006902319536,0.4362314156431803,0.02691006902319536
Language_Tonal,gu1,PSD_FC,beta,Linear SVM,15,0.6574317226890756,0.05894791747129694,0.39333333333333337,0.044221663871405345,0.39124919198448616,0.03896704682870138,0.39124919198448616,0.03896704682870138
Language_Tonal,gu1,PSD_FC,beta,Random Forest,15,0.471036683904331,0.07505551941809438,0.4666666666666667,0.04714045207910316,0.46498464770523595,0.04231107022089514,0.46498464770523595,0.04231107022089514
Language_Tonal,gu1,PSD_FC,beta,Elastic Net,15,0.3419764059469942,0.062083073428020545,0.37999999999999995,0.04521553322083513,0.3812944408532644,0.04602357456545855,0.3812944408532644,0.04602357456545855
Language_Tonal,gu1,PSD_FC,highbeta,Linear SVM,15,0.5184914350355527,0.04459257757626033,0.5,0.08432740427115676,0.5050258564964447,0.07979939533967154,0.5050258564964447,0.07979939533967154
Language_Tonal,gu1,PSD_FC,highbeta,Random Forest,15,0.45091507756948934,0.06111907888846012,0.44666666666666666,0.061824123303304696,0.4453458306399483,0.059000352235036704,0.4453458306399483,0.059000352235036704
Language_Tonal,gu1,PSD_FC,highbeta,Elastic Net,15,0.46887524240465417,0.03686709780344429,0.52,0.06863753427324665,0.5241677440206851,0.059035321025326576,0.5241677440206851,0.059035321025326576
Language_Tonal,gu1,PSD_FC,gamma,Linear SVM,15,0.5249717194570136,0.035843135588658565,0.5066666666666667,0.038873012632301994,0.4961376858435682,0.044688127663512274,0.4961376858435682,0.044688127663512274
Language_Tonal,gu1,PSD_FC,gamma,Random Forest,15,0.4870475113122172,0.09316935315467055,0.5066666666666666,0.09977753031397174,0.5093042986425339,0.09927275742876658,0.5093042986425339,0.09927275742876658
Language_Tonal,gu1,PSD_FC,gamma,Elastic Net,15,0.45462588881706534,0.033816801714328854,0.48666666666666664,0.05416025603090639,0.47702003878474464,0.057096429090275715,0.47702003878474464,0.057096429090275715
Age_Child_Language_Tonal,gu1,FC,delta,Linear SVM,15,0.44785533910533915,0.034603585860655116,0.23567251461988303,0.07664166046973508,0.24369047619047618,0.10098620839359346,0.7426542207792208,0.025138944928471314
Age_Child_Language_Tonal,gu1,FC,delta,Random Forest,15,0.46783279220779217,0.0763044061221167,0.18187134502923977,0.09187802656604836,0.18738095238095237,0.10106813332448632,0.7186985930735931,0.035056228793966464
Age_Child_Language_Tonal,gu1,FC,delta,Elastic Net,15,0.5489430014430015,0.03759050757301081,0.2473684210526316,0.026126675910746997,0.2695238095238095,0.04308537114090124,0.7494534632034633,0.005712614949897103
Age_Child_Language_Tonal,gu1,FC,theta,Linear SVM,15,0.46075487012987004,0.0815484727431996,0.2573099415204678,0.08280586116085553,0.27821428571428575,0.1013602217727602,0.7609388528138529,0.022801837972225847
Age_Child_Language_Tonal,gu1,FC,theta,Random Forest,15,0.46397637085137083,0.11639754291944711,0.15146198830409358,0.06617237501668134,0.14869047619047618,0.05718673910314961,0.7191260822510823,0.01999286497674729
Age_Child_Language_Tonal,gu1,FC,theta,Elastic Net,15,0.48444715007215,0.08603605910504528,0.26842105263157895,0.12022345051938114,0.30273809523809525,0.1477939631905023,0.7629193722943723,0.038973781511095894
Age_Child_Language_Tonal,gu1,FC,alpha,Linear SVM,15,0.4784677128427129,0.07880135714903456,0.21345029239766083,0.10849489968544383,0.22785714285714284,0.12386869007522597,0.7428300865800865,0.03758684651946109
Age_Child_Language_Tonal,gu1,FC,alpha,Random Forest,15,0.47893578643578644,0.023278260603298497,0.18304093567251462,0.027652843081957635,0.1738095238095238,0.02925763268439168,0.7250189393939394,0.008670579010527759
Age_Child_Language_Tonal,gu1,FC,alpha,Elastic Net,15,0.5121933621933621,0.0903205922249947,0.2134502923976608,0.09190779909650124,0.22785714285714284,0.09845274082965261,0.7426001082251082,0.031370968616573736
Age_Child_Language_Tonal,gu1,FC,beta,Linear SVM,15,0.4612788600288601,0.052074627465270425,0.2064327485380117,0.11886747131206221,0.2123809523809524,0.11405134699146209,0.7332602813852813,0.04715961992386446
Age_Child_Language_Tonal,gu1,FC,beta,Random Forest,15,0.4492645202020202,0.06448612511914485,0.2567251461988304,0.10082251251305413,0.22535714285714287,0.09945258330747679,0.746991341991342,0.03289796926296566
Age_Child_Language_Tonal,gu1,FC,beta,Elastic Net,15,0.5371212121212122,0.046068406894997214,0.2473684210526316,0.04231591231608314,0.2677380952380952,0.037087489257301195,0.7526433982683982,0.01343081768797217
Age_Child_Language_Tonal,gu1,FC,highbeta,Linear SVM,15,0.44420183982683986,0.05681753864818408,0.20350877192982453,0.03569647359539615,0.2045238095238095,0.055257334498444784,0.735392316017316,0.017547543255170682
Age_Child_Language_Tonal,gu1,FC,highbeta,Random Forest,15,0.5908207070707071,0.05555224586522607,0.323391812865497,0.07783711406771854,0.33964285714285714,0.0849407890340286,0.7676596320346321,0.030056374303619945
Age_Child_Language_Tonal,gu1,FC,highbeta,Elastic Net,15,0.5201037157287158,0.04043598059836864,0.2888888888888889,0.0666358808572824,0.3061904761904762,0.07060898846252282,0.7643560606060606,0.020529589884626158
Age_Child_Language_Tonal,gu1,FC,gamma,Linear SVM,15,0.4684018759018759,0.03854646327802061,0.3005847953216374,0.05185917959624647,0.26880952380952383,0.06291033103208798,0.7616044372294373,0.024672097291217186
Age_Child_Language_Tonal,gu1,FC,gamma,Random Forest,15,0.4569525613275613,0.047592443593776866,0.20350877192982458,0.08331229856611988,0.1913095238095238,0.06307232288280018,0.7307792207792209,0.029866235865133494
Age_Child_Language_Tonal,gu1,FC,gamma,Elastic Net,15,0.482297077922078,0.08191437072478265,0.27894736842105267,0.0351656055634454,0.24380952380952384,0.04362181577824773,0.7561444805194805,0.021107462374887077
Age_Child_Language_Tonal,gu1,PSD,delta,Linear SVM,15,0.44785533910533915,0.034603585860655116,0.23567251461988303,0.07664166046973508,0.24369047619047618,0.10098620839359346,0.7426542207792208,0.025138944928471314
Age_Child_Language_Tonal,gu1,PSD,delta,Random Forest,15,0.46783279220779217,0.0763044061221167,0.18187134502923977,0.09187802656604836,0.18738095238095237,0.10106813332448632,0.7186985930735931,0.035056228793966464
Age_Child_Language_Tonal,gu1,PSD,delta,Elastic Net,15,0.5489430014430015,0.03759050757301081,0.2473684210526316,0.026126675910746997,0.2695238095238095,0.04308537114090124,0.7494534632034633,0.005712614949897103
Age_Child_Language_Tonal,gu1,PSD,theta,Linear SVM,15,0.46075487012987004,0.0815484727431996,0.2573099415204678,0.08280586116085553,0.27821428571428575,0.1013602217727602,0.7609388528138529,0.022801837972225847
Age_Child_Language_Tonal,gu1,PSD,theta,Random Forest,15,0.46397637085137083,0.11639754291944711,0.15146198830409358,0.06617237501668134,0.14869047619047618,0.05718673910314961,0.7191260822510823,0.01999286497674729
Age_Child_Language_Tonal,gu1,PSD,theta,Elastic Net,15,0.48444715007215,0.08603605910504528,0.26842105263157895,0.12022345051938114,0.30273809523809525,0.1477939631905023,0.7629193722943723,0.038973781511095894
Age_Child_Language_Tonal,gu1,PSD,alpha,Linear SVM,15,0.4784677128427129,0.07880135714903456,0.21345029239766083,0.10849489968544383,0.22785714285714284,0.12386869007522597,0.7428300865800865,0.03758684651946109
Age_Child_Language_Tonal,gu1,PSD,alpha,Random Forest,15,0.47893578643578644,0.023278260603298497,0.18304093567251462,0.027652843081957635,0.1738095238095238,0.02925763268439168,0.7250189393939394,0.008670579010527759
Age_Child_Language_Tonal,gu1,PSD,alpha,Elastic Net,15,0.5121933621933621,0.0903205922249947,0.2134502923976608,0.09190779909650124,0.22785714285714284,0.09845274082965261,0.7426001082251082,0.031370968616573736
Age_Child_Language_Tonal,gu1,PSD,beta,Linear SVM,15,0.4612788600288601,0.052074627465270425,0.2064327485380117,0.11886747131206221,0.2123809523809524,0.11405134699146209,0.7332602813852813,0.04715961992386446
Age_Child_Language_Tonal,gu1,PSD,beta,Random Forest,15,0.4492645202020202,0.06448612511914485,0.2567251461988304,0.10082251251305413,0.22535714285714287,0.09945258330747679,0.746991341991342,0.03289796926296566
Age_Child_Language_Tonal,gu1,PSD,beta,Elastic Net,15,0.5371212121212122,0.046068406894997214,0.2473684210526316,0.04231591231608314,0.2677380952380952,0.037087489257301195,0.7526433982683982,0.01343081768797217
Age_Child_Language_Tonal,gu1,PSD,highbeta,Linear SVM,15,0.44420183982683986,0.05681753864818408,0.20350877192982453,0.03569647359539615,0.2045238095238095,0.055257334498444784,0.735392316017316,0.017547543255170682
Age_Child_Language_Tonal,gu1,PSD,highbeta,Random Forest,15,0.5908207070707071,0.05555224586522607,0.323391812865497,0.07783711406771854,0.33964285714285714,0.0849407890340286,0.7676596320346321,0.030056374303619945
Age_Child_Language_Tonal,gu1,PSD,highbeta,Elastic Net,15,0.5201037157287158,0.04043598059836864,0.2888888888888889,0.0666358808572824,0.3061904761904762,0.07060898846252282,0.7643560606060606,0.020529589884626158
Age_Child_Language_Tonal,gu1,PSD,gamma,Linear SVM,15,0.4684018759018759,0.03854646327802061,0.3005847953216374,0.05185917959624647,0.26880952380952383,0.06291033103208798,0.7616044372294373,0.024672097291217186
Age_Child_Language_Tonal,gu1,PSD,gamma,Random Forest,15,0.4569525613275613,0.047592443593776866,0.20350877192982458,0.08331229856611988,0.1913095238095238,0.06307232288280018,0.7307792207792209,0.029866235865133494
Age_Child_Language_Tonal,gu1,PSD,gamma,Elastic Net,15,0.482297077922078,0.08191437072478265,0.27894736842105267,0.0351656055634454,0.24380952380952384,0.04362181577824773,0.7561444805194805,0.021107462374887077
Age_Child_Language_Tonal,gu1,PSD_FC,delta,Linear SVM,15,0.44785533910533915,0.034603585860655116,0.23567251461988303,0.07664166046973508,0.24369047619047618,0.10098620839359346,0.7426542207792208,0.025138944928471314
Age_Child_Language_Tonal,gu1,PSD_FC,delta,Random Forest,15,0.46783279220779217,0.0763044061221167,0.18187134502923977,0.09187802656604836,0.18738095238095237,0.10106813332448632,0.7186985930735931,0.035056228793966464
Age_Child_Language_Tonal,gu1,PSD_FC,delta,Elastic Net,15,0.5489430014430015,0.03759050757301081,0.2473684210526316,0.026126675910746997,0.2695238095238095,0.04308537114090124,0.7494534632034633,0.005712614949897103
Age_Child_Language_Tonal,gu1,PSD_FC,theta,Linear SVM,15,0.46075487012987004,0.0815484727431996,0.2573099415204678,0.08280586116085553,0.27821428571428575,0.1013602217727602,0.7609388528138529,0.022801837972225847
Age_Child_Language_Tonal,gu1,PSD_FC,theta,Random Forest,15,0.46397637085137083,0.11639754291944711,0.15146198830409358,0.06617237501668134,0.14869047619047618,0.05718673910314961,0.7191260822510823,0.01999286497674729
Age_Child_Language_Tonal,gu1,PSD_FC,theta,Elastic Net,15,0.48444715007215,0.08603605910504528,0.26842105263157895,0.12022345051938114,0.30273809523809525,0.1477939631905023,0.7629193722943723,0.038973781511095894
Age_Child_Language_Tonal,gu1,PSD_FC,alpha,Linear SVM,15,0.4784677128427129,0.07880135714903456,0.21345029239766083,0.10849489968544383,0.22785714285714284,0.12386869007522597,0.7428300865800865,0.03758684651946109
Age_Child_Language_Tonal,gu1,PSD_FC,alpha,Random Forest,15,0.47893578643578644,0.023278260603298497,0.18304093567251462,0.027652843081957635,0.1738095238095238,0.02925763268439168,0.7250189393939394,0.008670579010527759
Age_Child_Language_Tonal,gu1,PSD_FC,alpha,Elastic Net,15,0.5121933621933621,0.0903205922249947,0.2134502923976608,0.09190779909650124,0.22785714285714284,0.09845274082965261,0.7426001082251082,0.031370968616573736
Age_Child_Language_Tonal,gu1,PSD_FC,beta,Linear SVM,15,0.4612788600288601,0.052074627465270425,0.2064327485380117,0.11886747131206221,0.2123809523809524,0.11405134699146209,0.7332602813852813,0.04715961992386446
Age_Child_Language_Tonal,gu1,PSD_FC,beta,Random Forest,15,0.4492645202020202,0.06448612511914485,0.2567251461988304,0.10082251251305413,0.22535714285714287,0.09945258330747679,0.746991341991342,0.03289796926296566
Age_Child_Language_Tonal,gu1,PSD_FC,beta,Elastic Net,15,0.5371212121212122,0.046068406894997214,0.2473684210526316,0.04231591231608314,0.2677380952380952,0.037087489257301195,0.7526433982683982,0.01343081768797217
Age_Child_Language_Tonal,gu1,PSD_FC,highbeta,Linear SVM,15,0.44420183982683986,0.05681753864818408,0.20350877192982453,0.03569647359539615,0.2045238095238095,0.055257334498444784,0.735392316017316,0.017547543255170682
Age_Child_Language_Tonal,gu1,PSD_FC,highbeta,Random Forest,15,0.5908207070707071,0.05555224586522607,0.323391812865497,0.07783711406771854,0.33964285714285714,0.0849407890340286,0.7676596320346321,0.030056374303619945
Age_Child_Language_Tonal,gu1,PSD_FC,highbeta,Elastic Net,15,0.5201037157287158,0.04043598059836864,0.2888888888888889,0.0666358808572824,0.3061904761904762,0.07060898846252282,0.7643560606060606,0.020529589884626158
Age_Child_Language_Tonal,gu1,PSD_FC,gamma,Linear SVM,15,0.4684018759018759,0.03854646327802061,0.3005847953216374,0.05185917959624647,0.26880952380952383,0.06291033103208798,0.7616044372294373,0.024672097291217186
Age_Child_Language_Tonal,gu1,PSD_FC,gamma,Random Forest,15,0.4569525613275613,0.047592443593776866,0.20350877192982458,0.08331229856611988,0.1913095238095238,0.06307232288280018,0.7307792207792209,0.029866235865133494
Age_Child_Language_Tonal,gu1,PSD_FC,gamma,Elastic Net,15,0.482297077922078,0.08191437072478265,0.27894736842105267,0.0351656055634454,0.24380952380952384,0.04362181577824773,0.7561444805194805,0.021107462374887077
Age_Child_Language,gu1,FC,delta,Linear SVM,15,0.5002426328612966,0.009633505414075372,0.16096207215541164,0.030527289546716005,0.1507733585858586,0.012421085858585854,0.878594416399189,0.0025119916566229694
Age_Child_Language,gu1,FC,delta,Random Forest,15,0.5643686607314403,0.0031830512582530224,0.21530989824236818,0.023820536540240522,0.18926767676767678,0.03232323232323234,0.883148415149829,0.003148605117024361
Age_Child_Language,gu1,FC,delta,Elastic Net,15,0.44716512678901177,0.019181329991030144,0.15032377428307123,0.019888991674375578,0.12152777777777778,0.027777777777777776,0.8778410140169906,0.002221324549419146
Age_Child_Language,gu1,FC,theta,Linear SVM,15,0.5110887410590911,0.04126660569018095,0.10753931544865865,0.0011563367252543921,0.08120265151515152,0.010464015151515155,0.8682829487087955,0.0023236699687080864
Age_Child_Language,gu1,FC,theta,Random Forest,15,0.4593288528685424,0.00228807864168179,0.07469935245143386,0.052960222016651244,0.08472222222222223,0.02222222222222222,0.864624523284761,0.007248150905179385
Age_Child_Language,gu1,FC,theta,Elastic Net,15,0.42211398436741476,0.013293498562933964,0.09736355226641999,0.05481036077705829,0.08276515151515151,0.028598484848484845,0.8685250657766205,0.0046829218569127695
Age_Child_Language,gu1,FC,alpha,Linear SVM,15,0.46476535152918275,0.04677355825256921,0.1396854764107308,0.009250693802035151,0.12056502525252524,0.01971275252525253,0.876213980640391,0.0027963155426873887
Age_Child_Language,gu1,FC,alpha,Random Forest,15,0.4838785561579691,0.004631647601151534,0.1070767807585569,0.04185938945420906,0.08159722222222222,0.012847222222222218,0.8682318135260506,0.005536573022722813
Age_Child_Language,gu1,FC,alpha,Elastic Net,15,0.45316194485339434,0.025228801874920853,0.08603145235892692,0.0009250693802035151,0.09144570707070707,0.001167929292929297,0.8702646543386053,0.0032874367195391274
Age_Child_Language,gu1,FC,beta,Linear SVM,15,0.44763963135834794,0.01254411919968057,0.1288159111933395,0.020120259019426455,0.10637626262626262,0.007512626262626269,0.8776564669165937,0.0008374561598423202
Age_Child_Language,gu1,FC,beta,Random Forest,15,0.5013937591081155,0.019842509112746487,0.204209065679926,0.008556891766882513,0.16960227272727274,0.017897727272727273,0.8810113796823307,0.001151819936698939
Age_Child_Language,gu1,FC,beta,Elastic Net,15,0.44948644599076265,0.01572450163430611,0.11817761332099908,0.009481961147086028,0.10667613636363638,0.01207386363636364,0.8768527592429084,0.0002459266588613618
Age_Child_Language,gu1,FC,highbeta,Linear SVM,15,0.4203482689461855,0.002098898376222569,0.16096207215541164,0.030527289546716005,0.12599431818181817,0.036505681818181826,0.8783199334232823,0.006468452818592374
Age_Child_Language,gu1,FC,highbeta,Random Forest,15,0.4974270182130747,0.002610455893102548,0.23658649398704903,0.0025439407955596682,0.1579229797979798,0.007354797979797975,0.8886356183292695,0.0011572882720453093
Age_Child_Language,gu1,FC,highbeta,Elastic Net,15,0.4334712932157303,0.021842063660874933,0.15032377428307123,0.019888991674375578,0.12825126262626263,0.023137626262626262,0.8790237287423888,0.004501375649753225
Age_Child_Language,gu1,FC,gamma,Linear SVM,15,0.5281052450994351,0.030524708734706807,0.15148011100832562,0.08765032377428308,0.11022727272727273,0.06022727272727273,0.879926433937245,0.012521785187803502
Age_Child_Language,gu1,FC,gamma,Random Forest,15,0.5002075991168957,0.014750027187409032,0.12904717853839037,0.001387604070305276,0.09256628787878787,0.005350378787878786,0.8748987775706343,0.00018889449265113711
Age_Child_Language,gu1,FC,gamma,Elastic Net,15,0.4452598185717406,0.01133237882955429,0.1614246068455134,0.012488436632747457,0.1398358585858586,0.023358585858585856,0.8816198790519576,0.0007499867491385093
Age_Child_Language,gu1,PSD,delta,Linear SVM,15,0.5002426328612966,0.009633505414075372,0.16096207215541164,0.030527289546716005,0.1507733585858586,0.012421085858585854,0.878594416399189,0.0025119916566229694
Age_Child_Language,gu1,PSD,delta,Random Forest,15,0.5643686607314403,0.0031830512582530224,0.21530989824236818,0.023820536540240522,0.18926767676767678,0.03232323232323234,0.883148415149829,0.003148605117024361
Age_Child_Language,gu1,PSD,delta,Elastic Net,15,0.44716512678901177,0.019181329991030144,0.15032377428307123,0.019888991674375578,0.12152777777777778,0.027777777777777776,0.8778410140169906,0.002221324549419146
Age_Child_Language,gu1,PSD,theta,Linear SVM,15,0.5110887410590911,0.04126660569018095,0.10753931544865865,0.0011563367252543921,0.08120265151515152,0.010464015151515155,0.8682829487087955,0.0023236699687080864
Age_Child_Language,gu1,PSD,theta,Random Forest,15,0.4593288528685424,0.00228807864168179,0.07469935245143386,0.052960222016651244,0.08472222222222223,0.02222222222222222,0.864624523284761,0.007248150905179385
Age_Child_Language,gu1,PSD,theta,Elastic Net,15,0.42211398436741476,0.013293498562933964,0.09736355226641999,0.05481036077705829,0.08276515151515151,0.028598484848484845,0.8685250657766205,0.0046829218569127695
Age_Child_Language,gu1,PSD,alpha,Linear SVM,15,0.46476535152918275,0.04677355825256921,0.1396854764107308,0.009250693802035151,0.12056502525252524,0.01971275252525253,0.876213980640391,0.0027963155426873887
Age_Child_Language,gu1,PSD,alpha,Random Forest,15,0.4838785561579691,0.004631647601151534,0.1070767807585569,0.04185938945420906,0.08159722222222222,0.012847222222222218,0.8682318135260506,0.005536573022722813
Age_Child_Language,gu1,PSD,alpha,Elastic Net,15,0.45316194485339434,0.025228801874920853,0.08603145235892692,0.0009250693802035151,0.09144570707070707,0.001167929292929297,0.8702646543386053,0.0032874367195391274
Age_Child_Language,gu1,PSD,beta,Linear SVM,15,0.44763963135834794,0.01254411919968057,0.1288159111933395,0.020120259019426455,0.10637626262626262,0.007512626262626269,0.8776564669165937,0.0008374561598423202
Age_Child_Language,gu1,PSD,beta,Random Forest,15,0.5013937591081155,0.019842509112746487,0.204209065679926,0.008556891766882513,0.16960227272727274,0.017897727272727273,0.8810113796823307,0.001151819936698939
Age_Child_Language,gu1,PSD,beta,Elastic Net,15,0.44948644599076265,0.01572450163430611,0.11817761332099908,0.009481961147086028,0.10667613636363638,0.01207386363636364,0.8768527592429084,0.0002459266588613618
Age_Child_Language,gu1,PSD,highbeta,Linear SVM,15,0.4203482689461855,0.002098898376222569,0.16096207215541164,0.030527289546716005,0.12599431818181817,0.036505681818181826,0.8783199334232823,0.006468452818592374
Age_Child_Language,gu1,PSD,highbeta,Random Forest,15,0.4974270182130747,0.002610455893102548,0.23658649398704903,0.0025439407955596682,0.1579229797979798,0.007354797979797975,0.8886356183292695,0.0011572882720453093
Age_Child_Language,gu1,PSD,highbeta,Elastic Net,15,0.4334712932157303,0.021842063660874933,0.15032377428307123,0.019888991674375578,0.12825126262626263,0.023137626262626262,0.8790237287423888,0.004501375649753225
Age_Child_Language,gu1,PSD,gamma,Linear SVM,15,0.5281052450994351,0.030524708734706807,0.15148011100832562,0.08765032377428308,0.11022727272727273,0.06022727272727273,0.879926433937245,0.012521785187803502
Age_Child_Language,gu1,PSD,gamma,Random Forest,15,0.5002075991168957,0.014750027187409032,0.12904717853839037,0.001387604070305276,0.09256628787878787,0.005350378787878786,0.8748987775706343,0.00018889449265113711
Age_Child_Language,gu1,PSD,gamma,Elastic Net,15,0.4452598185717406,0.01133237882955429,0.1614246068455134,0.012488436632747457,0.1398358585858586,0.023358585858585856,0.8816198790519576,0.0007499867491385093
Age_Child_Language,gu1,PSD_FC,delta,Linear SVM,15,0.5002426328612966,0.009633505414075372,0.16096207215541164,0.030527289546716005,0.1507733585858586,0.012421085858585854,0.878594416399189,0.0025119916566229694
Age_Child_Language,gu1,PSD_FC,delta,Random Forest,15,0.5643686607314403,0.0031830512582530224,0.21530989824236818,0.023820536540240522,0.18926767676767678,0.03232323232323234,0.883148415149829,0.003148605117024361
Age_Child_Language,gu1,PSD_FC,delta,Elastic Net,15,0.44716512678901177,0.019181329991030144,0.15032377428307123,0.019888991674375578,0.12152777777777778,0.027777777777777776,0.8778410140169906,0.002221324549419146
Age_Child_Language,gu1,PSD_FC,theta,Linear SVM,15,0.5110887410590911,0.04126660569018095,0.10753931544865865,0.0011563367252543921,0.08120265151515152,0.010464015151515155,0.8682829487087955,0.0023236699687080864
Age_Child_Language,gu1,PSD_FC,theta,Random Forest,15,0.4593288528685424,0.00228807864168179,0.07469935245143386,0.052960222016651244,0.08472222222222223,0.02222222222222222,0.864624523284761,0.007248150905179385
Age_Child_Language,gu1,PSD_FC,theta,Elastic Net,15,0.42211398436741476,0.013293498562933964,0.09736355226641999,0.05481036077705829,0.08276515151515151,0.028598484848484845,0.8685250657766205,0.0046829218569127695
Age_Child_Language,gu1,PSD_FC,alpha,Linear SVM,15,0.46476535152918275,0.04677355825256921,0.1396854764107308,0.009250693802035151,0.12056502525252524,0.01971275252525253,0.876213980640391,0.0027963155426873887
Age_Child_Language,gu1,PSD_FC,alpha,Random Forest,15,0.4838785561579691,0.004631647601151534,0.1070767807585569,0.04185938945420906,0.08159722222222222,0.012847222222222218,0.8682318135260506,0.005536573022722813
Age_Child_Language,gu1,PSD_FC,alpha,Elastic Net,15,0.45316194485339434,0.025228801874920853,0.08603145235892692,0.0009250693802035151,0.09144570707070707,0.001167929292929297,0.8702646543386053,0.0032874367195391274
Age_Child_Language,gu1,PSD_FC,beta,Linear SVM,15,0.44763963135834794,0.01254411919968057,0.1288159111933395,0.020120259019426455,0.10637626262626262,0.007512626262626269,0.8776564669165937,0.0008374561598423202
Age_Child_Language,gu1,PSD_FC,beta,Random Forest,15,0.5013937591081155,0.019842509112746487,0.204209065679926,0.008556891766882513,0.16960227272727274,0.017897727272727273,0.8810113796823307,0.001151819936698939
Age_Child_Language,gu1,PSD_FC,beta,Elastic Net,15,0.44948644599076265,0.01572450163430611,0.11817761332099908,0.009481961147086028,0.10667613636363638,0.01207386363636364,0.8768527592429084,0.0002459266588613618
Age_Child_Language,gu1,PSD_FC,highbeta,Linear SVM,15,0.4203482689461855,0.002098898376222569,0.16096207215541164,0.030527289546716005,0.12599431818181817,0.036505681818181826,0.8783199334232823,0.006468452818592374
Age_Child_Language,gu1,PSD_FC,highbeta,Random Forest,15,0.4974270182130747,0.002610455893102548,0.23658649398704903,0.0025439407955596682,0.1579229797979798,0.007354797979797975,0.8886356183292695,0.0011572882720453093
Age_Child_Language,gu1,PSD_FC,highbeta,Elastic Net,15,0.4334712932157303,0.021842063660874933,0.15032377428307123,0.019888991674375578,0.12825126262626263,0.023137626262626262,0.8790237287423888,0.004501375649753225
Age_Child_Language,gu1,PSD_FC,gamma,Linear SVM,15,0.5281052450994351,0.030524708734706807,0.15148011100832562,0.08765032377428308,0.11022727272727273,0.06022727272727273,0.879926433937245,0.012521785187803502
Age_Child_Language,gu1,PSD_FC,gamma,Random Forest,15,0.5002075991168957,0.014750027187409032,0.12904717853839037,0.001387604070305276,0.09256628787878787,0.005350378787878786,0.8748987775706343,0.00018889449265113711
Age_Child_Language,gu1,PSD_FC,gamma,Elastic Net,15,0.4452598185717406,0.01133237882955429,0.1614246068455134,0.012488436632747457,0.1398358585858586,0.023358585858585856,0.8816198790519576,0.0007499867491385093
Age_Group,gu2,FC,delta,Linear SVM,15,0.628760308898238,0.02917403150033057,0.4,0.059628479399994404,0.3837481962481962,0.05270910391826045,0.8009270203480728,0.01932761464476334
Age_Group,gu2,FC,delta,Random Forest,15,0.6129974691170343,0.034315269029232286,0.3733333333333333,0.07118052168020875,0.34483585858585863,0.06551374956801002,0.7904737421236276,0.022578796646669817
Age_Group,gu2,FC,delta,Elastic Net,15,0.6487581174355774,0.021943550423024295,0.4,0.05163977794943224,0.39055375180375185,0.05451706986136964,0.8003893044407917,0.01871923480736701
Age_Group,gu2,FC,theta,Linear SVM,15,0.6199132337617463,0.017153376068886242,0.3933333333333333,0.03265986323710905,0.4015169552669553,0.03461404476910575,0.8007172667149784,0.009714799215668384
Age_Group,gu2,FC,theta,Random Forest,15,0.6319647759690094,0.04653763684483435,0.36,0.044221663871405345,0.3550919913419913,0.05572175039214146,0.7841700953508735,0.01679753764854759
Age_Group,gu2,FC,theta,Elastic Net,15,0.6529172217645901,0.05537823463888371,0.3866666666666667,0.07774602526460402,0.3820165945165945,0.06971296168845059,0.7940507147314928,0.02662827458852237
Age_Group,gu2,FC,alpha,Linear SVM,15,0.6332732740265921,0.06102787561832316,0.4,0.08164965809277261,0.3764033189033189,0.06859393358094945,0.798542100538668,0.027026208561611583
Age_Group,gu2,FC,alpha,Random Forest,15,0.5625367453611732,0.06351081907080675,0.3333333333333333,0.0632455532033676,0.306751443001443,0.051639289853937405,0.7719300158270409,0.021907418134924975
Age_Group,gu2,FC,alpha,Elastic Net,15,0.6698323619595931,0.057870513664473086,0.3666666666666667,0.08944271909999159,0.3428932178932179,0.07505777350444653,0.787601504521413,0.03158098245666956
Age_Group,gu2,FC,beta,Linear SVM,15,0.6569854500910565,0.06575136877944825,0.43999999999999995,0.06463573143221772,0.4534397546897547,0.091874608970261,0.8162649665361336,0.022589432688530663
Age_Group,gu2,FC,beta,Random Forest,15,0.6551033772535202,0.044079901719001204,0.4533333333333333,0.08326663997864531,0.4233098845598845,0.06141731230761062,0.8145522334263753,0.026535272292530547
Age_Group,gu2,FC,beta,Elastic Net,15,0.6949604437113018,0.04077899340915834,0.42666666666666675,0.06463573143221772,0.43615440115440113,0.06624610187301701,0.8080566515863999,0.01933489734183514
Age_Group,gu2,FC,highbeta,Linear SVM,15,0.6742408418283132,0.07615918468104511,0.36,0.048989794855663564,0.34350468975468973,0.059159035889845155,0.7856824811344262,0.01872979398001429
Age_Group,gu2,FC,highbeta,Random Forest,15,0.5947280291049741,0.07428111049120997,0.4,0.04714045207910318,0.37979617604617605,0.05674519820705152,0.7938069291501785,0.02004726106565789
Age_Group,gu2,FC,highbeta,Elastic Net,15,0.6173166276282409,0.08966184017278822,0.32,0.08589399151150083,0.30963383838383834,0.09269189373432006,0.7712955709431681,0.03167934363796229
Age_Group,gu2,FC,gamma,Linear SVM,15,0.6355262798604904,0.05203357776464279,0.4533333333333333,0.11469767022723501,0.4184938672438673,0.10913028011312943,0.8138418000763539,0.03773784616498125
Age_Group,gu2,FC,gamma,Random Forest,15,0.5937036960793253,0.044592280956891876,0.4,0.059628479399994404,0.3874747474747474,0.04567446320233694,0.7978790084819833,0.019045448418644972
Age_Group,gu2,FC,gamma,Elastic Net,15,0.652724493143944,0.03913540731685895,0.47333333333333333,0.09043106644167025,0.44744227994228,0.09313032555519572,0.8222963455308994,0.031345402557524514
Age_Group,gu2,PSD,delta,Linear SVM,15,0.628760308898238,0.02917403150033057,0.4,0.059628479399994404,0.3837481962481962,0.05270910391826045,0.8009270203480728,0.01932761464476334
Age_Group,gu2,PSD,delta,Random Forest,15,0.6129974691170343,0.034315269029232286,0.3733333333333333,0.07118052168020875,0.34483585858585863,0.06551374956801002,0.7904737421236276,0.022578796646669817
Age_Group,gu2,PSD,delta,Elastic Net,15,0.6487581174355774,0.021943550423024295,0.4,0.05163977794943224,0.39055375180375185,0.05451706986136964,0.8003893044407917,0.01871923480736701
Age_Group,gu2,PSD,theta,Linear SVM,15,0.6199132337617463,0.017153376068886242,0.3933333333333333,0.03265986323710905,0.4015169552669553,0.03461404476910575,0.8007172667149784,0.009714799215668384
Age_Group,gu2,PSD,theta,Random Forest,15,0.6319647759690094,0.04653763684483435,0.36,0.044221663871405345,0.3550919913419913,0.05572175039214146,0.7841700953508735,0.01679753764854759
Age_Group,gu2,PSD,theta,Elastic Net,15,0.6529172217645901,0.05537823463888371,0.3866666666666667,0.07774602526460402,0.3820165945165945,0.06971296168845059,0.7940507147314928,0.02662827458852237
Age_Group,gu2,PSD,alpha,Linear SVM,15,0.6332732740265921,0.06102787561832316,0.4,0.08164965809277261,0.3764033189033189,0.06859393358094945,0.798542100538668,0.027026208561611583
Age_Group,gu2,PSD,alpha,Random Forest,15,0.5625367453611732,0.06351081907080675,0.3333333333333333,0.0632455532033676,0.306751443001443,0.051639289853937405,0.7719300158270409,0.021907418134924975
Age_Group,gu2,PSD,alpha,Elastic Net,15,0.6698323619595931,0.057870513664473086,0.3666666666666667,0.08944271909999159,0.3428932178932179,0.07505777350444653,0.787601504521413,0.03158098245666956
Age_Group,gu2,PSD,beta,Linear SVM,15,0.6569854500910565,0.06575136877944825,0.43999999999999995,0.06463573143221772,0.4534397546897547,0.091874608970261,0.8162649665361336,0.022589432688530663
Age_Group,gu2,PSD,beta,Random Forest,15,0.6551033772535202,0.044079901719001204,0.4533333333333333,0.08326663997864531,0.4233098845598845,0.06141731230761062,0.8145522334263753,0.026535272292530547
Age_Group,gu2,PSD,beta,Elastic Net,15,0.6949604437113018,0.04077899340915834,0.42666666666666675,0.06463573143221772,0.43615440115440113,0.06624610187301701,0.8080566515863999,0.01933489734183514
Age_Group,gu2,PSD,highbeta,Linear SVM,15,0.6742408418283132,0.07615918468104511,0.36,0.048989794855663564,0.34350468975468973,0.059159035889845155,0.7856824811344262,0.01872979398001429
Age_Group,gu2,PSD,highbeta,Random Forest,15,0.5947280291049741,0.07428111049120997,0.4,0.04714045207910318,0.37979617604617605,0.05674519820705152,0.7938069291501785,0.02004726106565789
Age_Group,gu2,PSD,highbeta,Elastic Net,15,0.6173166276282409,0.08966184017278822,0.32,0.08589399151150083,0.30963383838383834,0.09269189373432006,0.7712955709431681,0.03167934363796229
Age_Group,gu2,PSD,gamma,Linear SVM,15,0.6355262798604904,0.05203357776464279,0.4533333333333333,0.11469767022723501,0.4184938672438673,0.10913028011312943,0.8138418000763539,0.03773784616498125
Age_Group,gu2,PSD,gamma,Random Forest,15,0.5937036960793253,0.044592280956891876,0.4,0.059628479399994404,0.3874747474747474,0.04567446320233694,0.7978790084819833,0.019045448418644972
Age_Group,gu2,PSD,gamma,Elastic Net,15,0.652724493143944,0.03913540731685895,0.47333333333333333,0.09043106644167025,0.44744227994228,0.09313032555519572,0.8222963455308994,0.031345402557524514
Age_Group,gu2,PSD_FC,delta,Linear SVM,15,0.628760308898238,0.02917403150033057,0.4,0.059628479399994404,0.3837481962481962,0.05270910391826045,0.8009270203480728,0.01932761464476334
Age_Group,gu2,PSD_FC,delta,Random Forest,15,0.6129974691170343,0.034315269029232286,0.3733333333333333,0.07118052168020875,0.34483585858585863,0.06551374956801002,0.7904737421236276,0.022578796646669817
Age_Group,gu2,PSD_FC,delta,Elastic Net,15,0.6487581174355774,0.021943550423024295,0.4,0.05163977794943224,0.39055375180375185,0.05451706986136964,0.8003893044407917,0.01871923480736701
Age_Group,gu2,PSD_FC,theta,Linear SVM,15,0.6199132337617463,0.017153376068886242,0.3933333333333333,0.03265986323710905,0.4015169552669553,0.03461404476910575,0.8007172667149784,0.009714799215668384
Age_Group,gu2,PSD_FC,theta,Random Forest,15,0.6319647759690094,0.04653763684483435,0.36,0.044221663871405345,0.3550919913419913,0.05572175039214146,0.7841700953508735,0.01679753764854759
Age_Group,gu2,PSD_FC,theta,Elastic Net,15,0.6529172217645901,0.05537823463888371,0.3866666666666667,0.07774602526460402,0.3820165945165945,0.06971296168845059,0.7940507147314928,0.02662827458852237
Age_Group,gu2,PSD_FC,alpha,Linear SVM,15,0.6332732740265921,0.06102787561832316,0.4,0.08164965809277261,0.3764033189033189,0.06859393358094945,0.798542100538668,0.027026208561611583
Age_Group,gu2,PSD_FC,alpha,Random Forest,15,0.5625367453611732,0.06351081907080675,0.3333333333333333,0.0632455532033676,0.306751443001443,0.051639289853937405,0.7719300158270409,0.021907418134924975
Age_Group,gu2,PSD_FC,alpha,Elastic Net,15,0.6698323619595931,0.057870513664473086,0.3666666666666667,0.08944271909999159,0.3428932178932179,0.07505777350444653,0.787601504521413,0.03158098245666956
Age_Group,gu2,PSD_FC,beta,Linear SVM,15,0.6569854500910565,0.06575136877944825,0.43999999999999995,0.06463573143221772,0.4534397546897547,0.091874608970261,0.8162649665361336,0.022589432688530663
Age_Group,gu2,PSD_FC,beta,Random Forest,15,0.6551033772535202,0.044079901719001204,0.4533333333333333,0.08326663997864531,0.4233098845598845,0.06141731230761062,0.8145522334263753,0.026535272292530547
Age_Group,gu2,PSD_FC,beta,Elastic Net,15,0.6949604437113018,0.04077899340915834,0.42666666666666675,0.06463573143221772,0.43615440115440113,0.06624610187301701,0.8080566515863999,0.01933489734183514
Age_Group,gu2,PSD_FC,highbeta,Linear SVM,15,0.6742408418283132,0.07615918468104511,0.36,0.048989794855663564,0.34350468975468973,0.059159035889845155,0.7856824811344262,0.01872979398001429
Age_Group,gu2,PSD_FC,highbeta,Random Forest,15,0.5947280291049741,0.07428111049120997,0.4,0.04714045207910318,0.37979617604617605,0.05674519820705152,0.7938069291501785,0.02004726106565789
Age_Group,gu2,PSD_FC,highbeta,Elastic Net,15,0.6173166276282409,0.08966184017278822,0.32,0.08589399151150083,0.30963383838383834,0.09269189373432006,0.7712955709431681,0.03167934363796229
Age_Group,gu2,PSD_FC,gamma,Linear SVM,15,0.6355262798604904,0.05203357776464279,0.4533333333333333,0.11469767022723501,0.4184938672438673,0.10913028011312943,0.8138418000763539,0.03773784616498125
Age_Group,gu2,PSD_FC,gamma,Random Forest,15,0.5937036960793253,0.044592280956891876,0.4,0.059628479399994404,0.3874747474747474,0.04567446320233694,0.7978790084819833,0.019045448418644972
Age_Group,gu2,PSD_FC,gamma,Elastic Net,15,0.652724493143944,0.03913540731685895,0.47333333333333333,0.09043106644167025,0.44744227994228,0.09313032555519572,0.8222963455308994,0.031345402557524514
Language,gu2,FC,delta,Linear SVM,15,0.48573242999614374,0.03571842234878008,0.3666666666666667,0.08692269873603532,0.373489010989011,0.1522208905108286,0.7896062771230886,0.030171451957930764
Language,gu2,FC,delta,Random Forest,15,0.5065294505603533,0.04227265577482226,0.36666666666666664,0.0760116950066092,0.26236263736263743,0.04568934065550828,0.7691944814930196,0.02117127174466985
Language,gu2,FC,delta,Elastic Net,15,0.6046733003965785,0.08609684564050399,0.35333333333333333,0.07180219742846007,0.28365384615384615,0.0499228626997941,0.7826292115592317,0.02619516277082315
Language,gu2,FC,theta,Linear SVM,15,0.48658635768499964,0.03059307940289155,0.2733333333333333,0.044221663871405324,0.31050824175824177,0.11428484751097764,0.7571355054901885,0.016681077641658007
Language,gu2,FC,theta,Random Forest,15,0.6425881789053833,0.040736961912074855,0.35333333333333333,0.05416025603090642,0.3535027472527472,0.11295490117704264,0.7604724900727635,0.01801814309849098
Language,gu2,FC,theta,Elastic Net,15,0.5743025080297162,0.08424176384863204,0.26666666666666666,0.09888264649460884,0.3010302197802198,0.13592909241614423,0.7539870725447054,0.031969621244485893
Language,gu2,FC,alpha,Linear SVM,15,0.5632889025109733,0.07673020574626474,0.26666666666666666,0.0557773351022717,0.27657967032967035,0.10572252608044709,0.7523253162857074,0.016751688450077754
Language,gu2,FC,alpha,Random Forest,15,0.4674549861599949,0.02568563208002497,0.2733333333333333,0.044221663871405324,0.2011675824175824,0.035662340710930475,0.728208477407591,0.017960675876992082
Language,gu2,FC,alpha,Elastic Net,15,0.5516954572072693,0.0431217778641606,0.26666666666666666,0.036514837167011066,0.27300824175824173,0.08214613035119131,0.7535566536823262,0.008320990144529805
Language,gu2,FC,beta,Linear SVM,15,0.47778391891532923,0.06632660896740145,0.2733333333333333,0.0771722460186015,0.28440934065934065,0.0859283723100474,0.7640884401668532,0.025146072328499518
Language,gu2,FC,beta,Random Forest,15,0.5292426472350298,0.11642917750424803,0.30666666666666664,0.09043106644167025,0.23928571428571427,0.07314170267672492,0.7489995560374892,0.03067308654603041
Language,gu2,FC,beta,Elastic Net,15,0.5550031559079425,0.049869285005470596,0.2533333333333333,0.049888765156985884,0.2927884615384615,0.08400138026393152,0.7604862091013317,0.012437344135958102
Language,gu2,FC,highbeta,Linear SVM,15,0.4982214885553198,0.09152270911091348,0.2866666666666666,0.07483314773547883,0.292239010989011,0.12275928368588311,0.7577705000154621,0.029603140909240093
Language,gu2,FC,highbeta,Random Forest,15,0.5518544269911234,0.06536351875692999,0.29999999999999993,0.029814239699997188,0.2508241758241758,0.05997047297553649,0.7392249110356969,0.00977593672262634
Language,gu2,FC,highbeta,Elastic Net,15,0.5856678855307759,0.09482793070187368,0.26,0.04898979485566356,0.3096840659340659,0.09438057766194247,0.7532488148591862,0.025754804648015144
Language,gu2,FC,gamma,Linear SVM,15,0.4151249390822159,0.06371482377091751,0.33999999999999997,0.03887301263230201,0.3513049450549451,0.08314553745029739,0.7811886491341801,0.01960198267532057
Language,gu2,FC,gamma,Random Forest,15,0.5379246698600808,0.11126928845786642,0.3133333333333333,0.09797958971132713,0.24402472527472527,0.08062104454003757,0.7490488343013367,0.030418095186584306
Language,gu2,FC,gamma,Elastic Net,15,0.56124215004173,0.08009221843567835,0.39333333333333337,0.04898979485566358,0.38894230769230764,0.10353229833289712,0.7995605436872854,0.020878065488466917
Language,gu2,PSD,delta,Linear SVM,15,0.48573242999614374,0.03571842234878008,0.3666666666666667,0.08692269873603532,0.373489010989011,0.1522208905108286,0.7896062771230886,0.030171451957930764
Language,gu2,PSD,delta,Random Forest,15,0.5065294505603533,0.04227265577482226,0.36666666666666664,0.0760116950066092,0.26236263736263743,0.04568934065550828,0.7691944814930196,0.02117127174466985
Language,gu2,PSD,delta,Elastic Net,15,0.6046733003965785,0.08609684564050399,0.35333333333333333,0.07180219742846007,0.28365384615384615,0.0499228626997941,0.7826292115592317,0.02619516277082315
Language,gu2,PSD,theta,Linear SVM,15,0.48658635768499964,0.03059307940289155,0.2733333333333333,0.044221663871405324,0.31050824175824177,0.11428484751097764,0.7571355054901885,0.016681077641658007
Language,gu2,PSD,theta,Random Forest,15,0.6425881789053833,0.040736961912074855,0.35333333333333333,0.05416025603090642,0.3535027472527472,0.11295490117704264,0.7604724900727635,0.01801814309849098
Language,gu2,PSD,theta,Elastic Net,15,0.5743025080297162,0.08424176384863204,0.26666666666666666,0.09888264649460884,0.3010302197802198,0.13592909241614423,0.7539870725447054,0.031969621244485893
Language,gu2,PSD,alpha,Linear SVM,15,0.5632889025109733,0.07673020574626474,0.26666666666666666,0.0557773351022717,0.27657967032967035,0.10572252608044709,0.7523253162857074,0.016751688450077754
Language,gu2,PSD,alpha,Random Forest,15,0.4674549861599949,0.02568563208002497,0.2733333333333333,0.044221663871405324,0.2011675824175824,0.035662340710930475,0.728208477407591,0.017960675876992082
Language,gu2,PSD,alpha,Elastic Net,15,0.5516954572072693,0.0431217778641606,0.26666666666666666,0.036514837167011066,0.27300824175824173,0.08214613035119131,0.7535566536823262,0.008320990144529805
Language,gu2,PSD,beta,Linear SVM,15,0.47778391891532923,0.06632660896740145,0.2733333333333333,0.0771722460186015,0.28440934065934065,0.0859283723100474,0.7640884401668532,0.025146072328499518
Language,gu2,PSD,beta,Random Forest,15,0.5292426472350298,0.11642917750424803,0.30666666666666664,0.09043106644167025,0.23928571428571427,0.07314170267672492,0.7489995560374892,0.03067308654603041
Language,gu2,PSD,beta,Elastic Net,15,0.5550031559079425,0.049869285005470596,0.2533333333333333,0.049888765156985884,0.2927884615384615,0.08400138026393152,0.7604862091013317,0.012437344135958102
Language,gu2,PSD,highbeta,Linear SVM,15,0.4982214885553198,0.09152270911091348,0.2866666666666666,0.07483314773547883,0.292239010989011,0.12275928368588311,0.7577705000154621,0.029603140909240093
Language,gu2,PSD,highbeta,Random Forest,15,0.5518544269911234,0.06536351875692999,0.29999999999999993,0.029814239699997188,0.2508241758241758,0.05997047297553649,0.7392249110356969,0.00977593672262634
Language,gu2,PSD,highbeta,Elastic Net,15,0.5856678855307759,0.09482793070187368,0.26,0.04898979485566356,0.3096840659340659,0.09438057766194247,0.7532488148591862,0.025754804648015144
Language,gu2,PSD,gamma,Linear SVM,15,0.4151249390822159,0.06371482377091751,0.33999999999999997,0.03887301263230201,0.3513049450549451,0.08314553745029739,0.7811886491341801,0.01960198267532057
Language,gu2,PSD,gamma,Random Forest,15,0.5379246698600808,0.11126928845786642,0.3133333333333333,0.09797958971132713,0.24402472527472527,0.08062104454003757,0.7490488343013367,0.030418095186584306
Language,gu2,PSD,gamma,Elastic Net,15,0.56124215004173,0.08009221843567835,0.39333333333333337,0.04898979485566358,0.38894230769230764,0.10353229833289712,0.7995605436872854,0.020878065488466917
Language,gu2,PSD_FC,delta,Linear SVM,15,0.48573242999614374,0.03571842234878008,0.3666666666666667,0.08692269873603532,0.373489010989011,0.1522208905108286,0.7896062771230886,0.030171451957930764
Language,gu2,PSD_FC,delta,Random Forest,15,0.5065294505603533,0.04227265577482226,0.36666666666666664,0.0760116950066092,0.26236263736263743,0.04568934065550828,0.7691944814930196,0.02117127174466985
Language,gu2,PSD_FC,delta,Elastic Net,15,0.6046733003965785,0.08609684564050399,0.35333333333333333,0.07180219742846007,0.28365384615384615,0.0499228626997941,0.7826292115592317,0.02619516277082315
Language,gu2,PSD_FC,theta,Linear SVM,15,0.48658635768499964,0.03059307940289155,0.2733333333333333,0.044221663871405324,0.31050824175824177,0.11428484751097764,0.7571355054901885,0.016681077641658007
Language,gu2,PSD_FC,theta,Random Forest,15,0.6425881789053833,0.040736961912074855,0.35333333333333333,0.05416025603090642,0.3535027472527472,0.11295490117704264,0.7604724900727635,0.01801814309849098
Language,gu2,PSD_FC,theta,Elastic Net,15,0.5743025080297162,0.08424176384863204,0.26666666666666666,0.09888264649460884,0.3010302197802198,0.13592909241614423,0.7539870725447054,0.031969621244485893
Language,gu2,PSD_FC,alpha,Linear SVM,15,0.5632889025109733,0.07673020574626474,0.26666666666666666,0.0557773351022717,0.27657967032967035,0.10572252608044709,0.7523253162857074,0.016751688450077754
Language,gu2,PSD_FC,alpha,Random Forest,15,0.4674549861599949,0.02568563208002497,0.2733333333333333,0.044221663871405324,0.2011675824175824,0.035662340710930475,0.728208477407591,0.017960675876992082
Language,gu2,PSD_FC,alpha,Elastic Net,15,0.5516954572072693,0.0431217778641606,0.26666666666666666,0.036514837167011066,0.27300824175824173,0.08214613035119131,0.7535566536823262,0.008320990144529805
Language,gu2,PSD_FC,beta,Linear SVM,15,0.47778391891532923,0.06632660896740145,0.2733333333333333,0.0771722460186015,0.28440934065934065,0.0859283723100474,0.7640884401668532,0.025146072328499518
Language,gu2,PSD_FC,beta,Random Forest,15,0.5292426472350298,0.11642917750424803,0.30666666666666664,0.09043106644167025,0.23928571428571427,0.07314170267672492,0.7489995560374892,0.03067308654603041
Language,gu2,PSD_FC,beta,Elastic Net,15,0.5550031559079425,0.049869285005470596,0.2533333333333333,0.049888765156985884,0.2927884615384615,0.08400138026393152,0.7604862091013317,0.012437344135958102
Language,gu2,PSD_FC,highbeta,Linear SVM,15,0.4982214885553198,0.09152270911091348,0.2866666666666666,0.07483314773547883,0.292239010989011,0.12275928368588311,0.7577705000154621,0.029603140909240093
Language,gu2,PSD_FC,highbeta,Random Forest,15,0.5518544269911234,0.06536351875692999,0.29999999999999993,0.029814239699997188,0.2508241758241758,0.05997047297553649,0.7392249110356969,0.00977593672262634
Language,gu2,PSD_FC,highbeta,Elastic Net,15,0.5856678855307759,0.09482793070187368,0.26,0.04898979485566356,0.3096840659340659,0.09438057766194247,0.7532488148591862,0.025754804648015144
Language,gu2,PSD_FC,gamma,Linear SVM,15,0.4151249390822159,0.06371482377091751,0.33999999999999997,0.03887301263230201,0.3513049450549451,0.08314553745029739,0.7811886491341801,0.01960198267532057
Language,gu2,PSD_FC,gamma,Random Forest,15,0.5379246698600808,0.11126928845786642,0.3133333333333333,0.09797958971132713,0.24402472527472527,0.08062104454003757,0.7490488343013367,0.030418095186584306
Language,gu2,PSD_FC,gamma,Elastic Net,15,0.56124215004173,0.08009221843567835,0.39333333333333337,0.04898979485566358,0.38894230769230764,0.10353229833289712,0.7995605436872854,0.020878065488466917
Language_Tonal,gu2,FC,delta,Linear SVM,15,0.45748222365869423,0.15133314093079014,0.5399999999999999,0.1083205120618128,0.5358597285067873,0.10695481511747151,0.5358597285067873,0.10695481511747151
Language_Tonal,gu2,FC,delta,Random Forest,15,0.5147180025856496,0.12758883660284553,0.4666666666666667,0.10540925533894598,0.46173642533936654,0.10557363732360879,0.46173642533936654,0.10557363732360879
Language_Tonal,gu2,FC,delta,Elastic Net,15,0.5849507110536523,0.13039069149326313,0.5733333333333334,0.12183777921664708,0.5708872010342599,0.13258202989356074,0.5708872010342599,0.13258202989356074
Language_Tonal,gu2,FC,theta,Linear SVM,15,0.4601163542340013,0.04900095915287762,0.5333333333333334,0.09428090415820632,0.5303207821590175,0.09515259444091638,0.5303207821590175,0.09515259444091638
Language_Tonal,gu2,FC,theta,Random Forest,15,0.560221396250808,0.10657768000096021,0.5599999999999999,0.09977753031397174,0.5607708468002586,0.09893541512298674,0.5607708468002586,0.09893541512298674
Language_Tonal,gu2,FC,theta,Elastic Net,15,0.5759009372979962,0.0708491501734711,0.5466666666666666,0.04988876515698587,0.5435520361990951,0.04499975615252574,0.5435520361990951,0.04499975615252574
Language_Tonal,gu2,FC,alpha,Linear SVM,15,0.5636433419521654,0.046676178371912035,0.4666666666666667,0.0760116950066092,0.46771574014221073,0.06298295172635887,0.46771574014221073,0.06298295172635887
Language_Tonal,gu2,FC,alpha,Random Forest,15,0.4470770038784745,0.10007599287591726,0.49333333333333335,0.07423685817106694,0.4894594376212023,0.07308972253349046,0.4894594376212023,0.07308972253349046
Language_Tonal,gu2,FC,alpha,Elastic Net,15,0.44383888170652874,0.03726684230475911,0.5066666666666666,0.04898979485566354,0.5013574660633484,0.04183047111588164,0.5013574660633484,0.04183047111588164
Language_Tonal,gu2,FC,beta,Linear SVM,15,0.6307005494505494,0.07169622826787152,0.43999999999999995,0.053333333333333316,0.44541855203619907,0.056972267997345616,0.44541855203619907,0.056972267997345616
Language_Tonal,gu2,FC,beta,Random Forest,15,0.5247596153846155,0.11128825891529237,0.5199999999999999,0.05416025603090639,0.5199983839689721,0.04586437806182124,0.5199983839689721,0.04586437806182124
Language_Tonal,gu2,FC,beta,Elastic Net,15,0.3930753070458953,0.0760441054603979,0.4533333333333333,0.07774602526460402,0.4510423400129283,0.08031653235481341,0.4510423400129283,0.08031653235481341
Language_Tonal,gu2,FC,highbeta,Linear SVM,15,0.45371889140271493,0.06995652087803067,0.4600000000000001,0.0771722460186015,0.4643463154492567,0.08198238052351149,0.4643463154492567,0.08198238052351149
Language_Tonal,gu2,FC,highbeta,Random Forest,15,0.4844032805429864,0.08475088944764553,0.5133333333333333,0.06182412330330468,0.5058217517776341,0.06295900920433728,0.5058217517776341,0.06295900920433728
Language_Tonal,gu2,FC,highbeta,Elastic Net,15,0.4834760827407886,0.04194007424276867,0.4666666666666667,0.02108185106778919,0.4622818358112476,0.02299126965561459,0.4622818358112476,0.02299126965561459
Language_Tonal,gu2,FC,gamma,Linear SVM,15,0.4330397543632838,0.11187938253672847,0.5533333333333333,0.039999999999999994,0.550925177763413,0.03680064944199016,0.550925177763413,0.03680064944199016
Language_Tonal,gu2,FC,gamma,Random Forest,15,0.5457538784744667,0.08442414869183355,0.5333333333333333,0.06992058987801009,0.5276179702650291,0.07145706040517609,0.5276179702650291,0.07145706040517609
Language_Tonal,gu2,FC,gamma,Elastic Net,15,0.5814641241111829,0.08114761401163259,0.5666666666666667,0.07601169500660919,0.5706165158371042,0.07543977941452787,0.5706165158371042,0.07543977941452787
Language_Tonal,gu2,PSD,delta,Linear SVM,15,0.45748222365869423,0.15133314093079014,0.5399999999999999,0.1083205120618128,0.5358597285067873,0.10695481511747151,0.5358597285067873,0.10695481511747151
Language_Tonal,gu2,PSD,delta,Random Forest,15,0.5147180025856496,0.12758883660284553,0.4666666666666667,0.10540925533894598,0.46173642533936654,0.10557363732360879,0.46173642533936654,0.10557363732360879
Language_Tonal,gu2,PSD,delta,Elastic Net,15,0.5849507110536523,0.13039069149326313,0.5733333333333334,0.12183777921664708,0.5708872010342599,0.13258202989356074,0.5708872010342599,0.13258202989356074
Language_Tonal,gu2,PSD,theta,Linear SVM,15,0.4601163542340013,0.04900095915287762,0.5333333333333334,0.09428090415820632,0.5303207821590175,0.09515259444091638,0.5303207821590175,0.09515259444091638
Language_Tonal,gu2,PSD,theta,Random Forest,15,0.560221396250808,0.10657768000096021,0.5599999999999999,0.09977753031397174,0.5607708468002586,0.09893541512298674,0.5607708468002586,0.09893541512298674
Language_Tonal,gu2,PSD,theta,Elastic Net,15,0.5759009372979962,0.0708491501734711,0.5466666666666666,0.04988876515698587,0.5435520361990951,0.04499975615252574,0.5435520361990951,0.04499975615252574
Language_Tonal,gu2,PSD,alpha,Linear SVM,15,0.5636433419521654,0.046676178371912035,0.4666666666666667,0.0760116950066092,0.46771574014221073,0.06298295172635887,0.46771574014221073,0.06298295172635887
Language_Tonal,gu2,PSD,alpha,Random Forest,15,0.4470770038784745,0.10007599287591726,0.49333333333333335,0.07423685817106694,0.4894594376212023,0.07308972253349046,0.4894594376212023,0.07308972253349046
Language_Tonal,gu2,PSD,alpha,Elastic Net,15,0.44383888170652874,0.03726684230475911,0.5066666666666666,0.04898979485566354,0.5013574660633484,0.04183047111588164,0.5013574660633484,0.04183047111588164
Language_Tonal,gu2,PSD,beta,Linear SVM,15,0.6307005494505494,0.07169622826787152,0.43999999999999995,0.053333333333333316,0.44541855203619907,0.056972267997345616,0.44541855203619907,0.056972267997345616
Language_Tonal,gu2,PSD,beta,Random Forest,15,0.5247596153846155,0.11128825891529237,0.5199999999999999,0.05416025603090639,0.5199983839689721,0.04586437806182124,0.5199983839689721,0.04586437806182124
Language_Tonal,gu2,PSD,beta,Elastic Net,15,0.3930753070458953,0.0760441054603979,0.4533333333333333,0.07774602526460402,0.4510423400129283,0.08031653235481341,0.4510423400129283,0.08031653235481341
Language_Tonal,gu2,PSD,highbeta,Linear SVM,15,0.45371889140271493,0.06995652087803067,0.4600000000000001,0.0771722460186015,0.4643463154492567,0.08198238052351149,0.4643463154492567,0.08198238052351149
Language_Tonal,gu2,PSD,highbeta,Random Forest,15,0.4844032805429864,0.08475088944764553,0.5133333333333333,0.06182412330330468,0.5058217517776341,0.06295900920433728,0.5058217517776341,0.06295900920433728
Language_Tonal,gu2,PSD,highbeta,Elastic Net,15,0.4834760827407886,0.04194007424276867,0.4666666666666667,0.02108185106778919,0.4622818358112476,0.02299126965561459,0.4622818358112476,0.02299126965561459
Language_Tonal,gu2,PSD,gamma,Linear SVM,15,0.4330397543632838,0.11187938253672847,0.5533333333333333,0.039999999999999994,0.550925177763413,0.03680064944199016,0.550925177763413,0.03680064944199016
Language_Tonal,gu2,PSD,gamma,Random Forest,15,0.5457538784744667,0.08442414869183355,0.5333333333333333,0.06992058987801009,0.5276179702650291,0.07145706040517609,0.5276179702650291,0.07145706040517609
Language_Tonal,gu2,PSD,gamma,Elastic Net,15,0.5814641241111829,0.08114761401163259,0.5666666666666667,0.07601169500660919,0.5706165158371042,0.07543977941452787,0.5706165158371042,0.07543977941452787
Language_Tonal,gu2,PSD_FC,delta,Linear SVM,15,0.45748222365869423,0.15133314093079014,0.5399999999999999,0.1083205120618128,0.5358597285067873,0.10695481511747151,0.5358597285067873,0.10695481511747151
Language_Tonal,gu2,PSD_FC,delta,Random Forest,15,0.5147180025856496,0.12758883660284553,0.4666666666666667,0.10540925533894598,0.46173642533936654,0.10557363732360879,0.46173642533936654,0.10557363732360879
Language_Tonal,gu2,PSD_FC,delta,Elastic Net,15,0.5849507110536523,0.13039069149326313,0.5733333333333334,0.12183777921664708,0.5708872010342599,0.13258202989356074,0.5708872010342599,0.13258202989356074
Language_Tonal,gu2,PSD_FC,theta,Linear SVM,15,0.4601163542340013,0.04900095915287762,0.5333333333333334,0.09428090415820632,0.5303207821590175,0.09515259444091638,0.5303207821590175,0.09515259444091638
Language_Tonal,gu2,PSD_FC,theta,Random Forest,15,0.560221396250808,0.10657768000096021,0.5599999999999999,0.09977753031397174,0.5607708468002586,0.09893541512298674,0.5607708468002586,0.09893541512298674
Language_Tonal,gu2,PSD_FC,theta,Elastic Net,15,0.5759009372979962,0.0708491501734711,0.5466666666666666,0.04988876515698587,0.5435520361990951,0.04499975615252574,0.5435520361990951,0.04499975615252574
Language_Tonal,gu2,PSD_FC,alpha,Linear SVM,15,0.5636433419521654,0.046676178371912035,0.4666666666666667,0.0760116950066092,0.46771574014221073,0.06298295172635887,0.46771574014221073,0.06298295172635887
Language_Tonal,gu2,PSD_FC,alpha,Random Forest,15,0.4470770038784745,0.10007599287591726,0.49333333333333335,0.07423685817106694,0.4894594376212023,0.07308972253349046,0.4894594376212023,0.07308972253349046
Language_Tonal,gu2,PSD_FC,alpha,Elastic Net,15,0.44383888170652874,0.03726684230475911,0.5066666666666666,0.04898979485566354,0.5013574660633484,0.04183047111588164,0.5013574660633484,0.04183047111588164
Language_Tonal,gu2,PSD_FC,beta,Linear SVM,15,0.6307005494505494,0.07169622826787152,0.43999999999999995,0.053333333333333316,0.44541855203619907,0.056972267997345616,0.44541855203619907,0.056972267997345616
Language_Tonal,gu2,PSD_FC,beta,Random Forest,15,0.5247596153846155,0.11128825891529237,0.5199999999999999,0.05416025603090639,0.5199983839689721,0.04586437806182124,0.5199983839689721,0.04586437806182124
Language_Tonal,gu2,PSD_FC,beta,Elastic Net,15,0.3930753070458953,0.0760441054603979,0.4533333333333333,0.07774602526460402,0.4510423400129283,0.08031653235481341,0.4510423400129283,0.08031653235481341
Language_Tonal,gu2,PSD_FC,highbeta,Linear SVM,15,0.45371889140271493,0.06995652087803067,0.4600000000000001,0.0771722460186015,0.4643463154492567,0.08198238052351149,0.4643463154492567,0.08198238052351149
Language_Tonal,gu2,PSD_FC,highbeta,Random Forest,15,0.4844032805429864,0.08475088944764553,0.5133333333333333,0.06182412330330468,0.5058217517776341,0.06295900920433728,0.5058217517776341,0.06295900920433728
Language_Tonal,gu2,PSD_FC,highbeta,Elastic Net,15,0.4834760827407886,0.04194007424276867,0.4666666666666667,0.02108185106778919,0.4622818358112476,0.02299126965561459,0.4622818358112476,0.02299126965561459
Language_Tonal,gu2,PSD_FC,gamma,Linear SVM,15,0.4330397543632838,0.11187938253672847,0.5533333333333333,0.039999999999999994,0.550925177763413,0.03680064944199016,0.550925177763413,0.03680064944199016
Language_Tonal,gu2,PSD_FC,gamma,Random Forest,15,0.5457538784744667,0.08442414869183355,0.5333333333333333,0.06992058987801009,0.5276179702650291,0.07145706040517609,0.5276179702650291,0.07145706040517609
Language_Tonal,gu2,PSD_FC,gamma,Elastic Net,15,0.5814641241111829,0.08114761401163259,0.5666666666666667,0.07601169500660919,0.5706165158371042,0.07543977941452787,0.5706165158371042,0.07543977941452787
Age_Child_Language_Tonal,gu2,FC,delta,Linear SVM,15,0.39568722943722945,0.03798857021128175,0.34502923976608185,0.0764271777904306,0.34571428571428575,0.07885177259146636,0.7809334415584416,0.027561144057301833
Age_Child_Language_Tonal,gu2,FC,delta,Random Forest,15,0.47641865079365076,0.07937916319309114,0.24736842105263154,0.05614035087719298,0.22785714285714284,0.05207350247356082,0.7439691558441559,0.013804674668376813
Age_Child_Language_Tonal,gu2,FC,delta,Elastic Net,15,0.519963023088023,0.09685683708254332,0.35438596491228064,0.0687576068149664,0.36357142857142855,0.07641002593568505,0.7870183982683983,0.02072995659496547
Age_Child_Language_Tonal,gu2,FC,theta,Linear SVM,15,0.4932720057720058,0.1115226583465511,0.1508771929824561,0.023141940277671788,0.15690476190476188,0.03525417908358019,0.7217667748917748,0.005299509057103523
Age_Child_Language_Tonal,gu2,FC,theta,Random Forest,15,0.44452110389610383,0.06545707226382023,0.2777777777777778,0.08818589354921313,0.25166666666666665,0.10182462358513272,0.7564258658008658,0.03063097754156855
Age_Child_Language_Tonal,gu2,FC,theta,Elastic Net,15,0.42305465367965367,0.08257452155523659,0.1935672514619883,0.07148868673654328,0.20404761904761903,0.07151126166008878,0.734862012987013,0.022790576777357848
Age_Child_Language_Tonal,gu2,FC,alpha,Linear SVM,15,0.4849891774891775,0.0828878678121837,0.27836257309941514,0.11966747128265294,0.2829761904761905,0.11783405257215858,0.7646969696969698,0.0378381445526366
Age_Child_Language_Tonal,gu2,FC,alpha,Random Forest,15,0.5101848845598844,0.06280977730271378,0.29005847953216374,0.1126456058744749,0.2604761904761905,0.12444183771970217,0.7580248917748917,0.0403155437049153
Age_Child_Language_Tonal,gu2,FC,alpha,Elastic Net,15,0.48553391053391054,0.1024317689615481,0.25672514619883036,0.13851627456295143,0.24726190476190474,0.14554105794065555,0.755262445887446,0.046393878815811924
Age_Child_Language_Tonal,gu2,FC,beta,Linear SVM,15,0.48730158730158735,0.05566330985100607,0.29064327485380115,0.09844035280702135,0.29952380952380947,0.09696529056160325,0.7690503246753246,0.030924323837262662
Age_Child_Language_Tonal,gu2,FC,beta,Random Forest,15,0.5617261904761904,0.14381183492713515,0.3011695906432748,0.19651211250750603,0.3105952380952381,0.2085432275998858,0.7676461038961039,0.06297592079627481
Age_Child_Language_Tonal,gu2,FC,beta,Elastic Net,15,0.5330726911976912,0.09575791810557693,0.3239766081871345,0.14459234325126047,0.30988095238095237,0.13783514093690877,0.7764556277056278,0.04335233748464963
Age_Child_Language_Tonal,gu2,FC,highbeta,Linear SVM,15,0.3801406926406926,0.08141167936120296,0.2590643274853801,0.06584078570777811,0.2621428571428571,0.06708689832923893,0.750733225108225,0.019646271303589754
Age_Child_Language_Tonal,gu2,FC,highbeta,Random Forest,15,0.5477362914862914,0.08040674367981793,0.30935672514619883,0.11795482549271069,0.299047619047619,0.1302457123218699,0.7661147186147186,0.04178281725057236
Age_Child_Language_Tonal,gu2,FC,highbeta,Elastic Net,15,0.5136994949494949,0.06914562637494313,0.29298245614035084,0.1379224609918871,0.3103571428571429,0.1485638925133902,0.7680303030303031,0.04190567029264794
Age_Child_Language_Tonal,gu2,FC,gamma,Linear SVM,15,0.5137950937950938,0.04795775242426101,0.31111111111111106,0.08154907332025688,0.25285714285714284,0.0751325359560269,0.7645725108225109,0.0313629361416103
Age_Child_Language_Tonal,gu2,FC,gamma,Random Forest,15,0.4589240620490621,0.049155761950442224,0.24795321637426898,0.06643027752590842,0.2369047619047619,0.0587931344041226,0.74991341991342,0.01669765068473585
Age_Child_Language_Tonal,gu2,FC,gamma,Elastic Net,15,0.45426226551226545,0.06179301964367457,0.26783625730994154,0.07216004615817927,0.23916666666666667,0.08581128770450697,0.7562608225108225,0.030510717633018943
Age_Child_Language_Tonal,gu2,PSD,delta,Linear SVM,15,0.39568722943722945,0.03798857021128175,0.34502923976608185,0.0764271777904306,0.34571428571428575,0.07885177259146636,0.7809334415584416,0.027561144057301833
Age_Child_Language_Tonal,gu2,PSD,delta,Random Forest,15,0.47641865079365076,0.07937916319309114,0.24736842105263154,0.05614035087719298,0.22785714285714284,0.05207350247356082,0.7439691558441559,0.013804674668376813
Age_Child_Language_Tonal,gu2,PSD,delta,Elastic Net,15,0.519963023088023,0.09685683708254332,0.35438596491228064,0.0687576068149664,0.36357142857142855,0.07641002593568505,0.7870183982683983,0.02072995659496547
Age_Child_Language_Tonal,gu2,PSD,theta,Linear SVM,15,0.4932720057720058,0.1115226583465511,0.1508771929824561,0.023141940277671788,0.15690476190476188,0.03525417908358019,0.7217667748917748,0.005299509057103523
Age_Child_Language_Tonal,gu2,PSD,theta,Random Forest,15,0.44452110389610383,0.06545707226382023,0.2777777777777778,0.08818589354921313,0.25166666666666665,0.10182462358513272,0.7564258658008658,0.03063097754156855
Age_Child_Language_Tonal,gu2,PSD,theta,Elastic Net,15,0.42305465367965367,0.08257452155523659,0.1935672514619883,0.07148868673654328,0.20404761904761903,0.07151126166008878,0.734862012987013,0.022790576777357848
Age_Child_Language_Tonal,gu2,PSD,alpha,Linear SVM,15,0.4849891774891775,0.0828878678121837,0.27836257309941514,0.11966747128265294,0.2829761904761905,0.11783405257215858,0.7646969696969698,0.0378381445526366
Age_Child_Language_Tonal,gu2,PSD,alpha,Random Forest,15,0.5101848845598844,0.06280977730271378,0.29005847953216374,0.1126456058744749,0.2604761904761905,0.12444183771970217,0.7580248917748917,0.0403155437049153
Age_Child_Language_Tonal,gu2,PSD,alpha,Elastic Net,15,0.48553391053391054,0.1024317689615481,0.25672514619883036,0.13851627456295143,0.24726190476190474,0.14554105794065555,0.755262445887446,0.046393878815811924
Age_Child_Language_Tonal,gu2,PSD,beta,Linear SVM,15,0.48730158730158735,0.05566330985100607,0.29064327485380115,0.09844035280702135,0.29952380952380947,0.09696529056160325,0.7690503246753246,0.030924323837262662
Age_Child_Language_Tonal,gu2,PSD,beta,Random Forest,15,0.5617261904761904,0.14381183492713515,0.3011695906432748,0.19651211250750603,0.3105952380952381,0.2085432275998858,0.7676461038961039,0.06297592079627481
Age_Child_Language_Tonal,gu2,PSD,beta,Elastic Net,15,0.5330726911976912,0.09575791810557693,0.3239766081871345,0.14459234325126047,0.30988095238095237,0.13783514093690877,0.7764556277056278,0.04335233748464963
Age_Child_Language_Tonal,gu2,PSD,highbeta,Linear SVM,15,0.3801406926406926,0.08141167936120296,0.2590643274853801,0.06584078570777811,0.2621428571428571,0.06708689832923893,0.750733225108225,0.019646271303589754
Age_Child_Language_Tonal,gu2,PSD,highbeta,Random Forest,15,0.5477362914862914,0.08040674367981793,0.30935672514619883,0.11795482549271069,0.299047619047619,0.1302457123218699,0.7661147186147186,0.04178281725057236
Age_Child_Language_Tonal,gu2,PSD,highbeta,Elastic Net,15,0.5136994949494949,0.06914562637494313,0.29298245614035084,0.1379224609918871,0.3103571428571429,0.1485638925133902,0.7680303030303031,0.04190567029264794
Age_Child_Language_Tonal,gu2,PSD,gamma,Linear SVM,15,0.5137950937950938,0.04795775242426101,0.31111111111111106,0.08154907332025688,0.25285714285714284,0.0751325359560269,0.7645725108225109,0.0313629361416103
Age_Child_Language_Tonal,gu2,PSD,gamma,Random Forest,15,0.4589240620490621,0.049155761950442224,0.24795321637426898,0.06643027752590842,0.2369047619047619,0.0587931344041226,0.74991341991342,0.01669765068473585
Age_Child_Language_Tonal,gu2,PSD,gamma,Elastic Net,15,0.45426226551226545,0.06179301964367457,0.26783625730994154,0.07216004615817927,0.23916666666666667,0.08581128770450697,0.7562608225108225,0.030510717633018943
Age_Child_Language_Tonal,gu2,PSD_FC,delta,Linear SVM,15,0.39568722943722945,0.03798857021128175,0.34502923976608185,0.0764271777904306,0.34571428571428575,0.07885177259146636,0.7809334415584416,0.027561144057301833
Age_Child_Language_Tonal,gu2,PSD_FC,delta,Random Forest,15,0.47641865079365076,0.07937916319309114,0.24736842105263154,0.05614035087719298,0.22785714285714284,0.05207350247356082,0.7439691558441559,0.013804674668376813
Age_Child_Language_Tonal,gu2,PSD_FC,delta,Elastic Net,15,0.519963023088023,0.09685683708254332,0.35438596491228064,0.0687576068149664,0.36357142857142855,0.07641002593568505,0.7870183982683983,0.02072995659496547
Age_Child_Language_Tonal,gu2,PSD_FC,theta,Linear SVM,15,0.4932720057720058,0.1115226583465511,0.1508771929824561,0.023141940277671788,0.15690476190476188,0.03525417908358019,0.7217667748917748,0.005299509057103523
Age_Child_Language_Tonal,gu2,PSD_FC,theta,Random Forest,15,0.44452110389610383,0.06545707226382023,0.2777777777777778,0.08818589354921313,0.25166666666666665,0.10182462358513272,0.7564258658008658,0.03063097754156855
Age_Child_Language_Tonal,gu2,PSD_FC,theta,Elastic Net,15,0.42305465367965367,0.08257452155523659,0.1935672514619883,0.07148868673654328,0.20404761904761903,0.07151126166008878,0.734862012987013,0.022790576777357848
Age_Child_Language_Tonal,gu2,PSD_FC,alpha,Linear SVM,15,0.4849891774891775,0.0828878678121837,0.27836257309941514,0.11966747128265294,0.2829761904761905,0.11783405257215858,0.7646969696969698,0.0378381445526366
Age_Child_Language_Tonal,gu2,PSD_FC,alpha,Random Forest,15,0.5101848845598844,0.06280977730271378,0.29005847953216374,0.1126456058744749,0.2604761904761905,0.12444183771970217,0.7580248917748917,0.0403155437049153
Age_Child_Language_Tonal,gu2,PSD_FC,alpha,Elastic Net,15,0.48553391053391054,0.1024317689615481,0.25672514619883036,0.13851627456295143,0.24726190476190474,0.14554105794065555,0.755262445887446,0.046393878815811924
Age_Child_Language_Tonal,gu2,PSD_FC,beta,Linear SVM,15,0.48730158730158735,0.05566330985100607,0.29064327485380115,0.09844035280702135,0.29952380952380947,0.09696529056160325,0.7690503246753246,0.030924323837262662
Age_Child_Language_Tonal,gu2,PSD_FC,beta,Random Forest,15,0.5617261904761904,0.14381183492713515,0.3011695906432748,0.19651211250750603,0.3105952380952381,0.2085432275998858,0.7676461038961039,0.06297592079627481
Age_Child_Language_Tonal,gu2,PSD_FC,beta,Elastic Net,15,0.5330726911976912,0.09575791810557693,0.3239766081871345,0.14459234325126047,0.30988095238095237,0.13783514093690877,0.7764556277056278,0.04335233748464963
Age_Child_Language_Tonal,gu2,PSD_FC,highbeta,Linear SVM,15,0.3801406926406926,0.08141167936120296,0.2590643274853801,0.06584078570777811,0.2621428571428571,0.06708689832923893,0.750733225108225,0.019646271303589754
Age_Child_Language_Tonal,gu2,PSD_FC,highbeta,Random Forest,15,0.5477362914862914,0.08040674367981793,0.30935672514619883,0.11795482549271069,0.299047619047619,0.1302457123218699,0.7661147186147186,0.04178281725057236
Age_Child_Language_Tonal,gu2,PSD_FC,highbeta,Elastic Net,15,0.5136994949494949,0.06914562637494313,0.29298245614035084,0.1379224609918871,0.3103571428571429,0.1485638925133902,0.7680303030303031,0.04190567029264794
Age_Child_Language_Tonal,gu2,PSD_FC,gamma,Linear SVM,15,0.5137950937950938,0.04795775242426101,0.31111111111111106,0.08154907332025688,0.25285714285714284,0.0751325359560269,0.7645725108225109,0.0313629361416103
Age_Child_Language_Tonal,gu2,PSD_FC,gamma,Random Forest,15,0.4589240620490621,0.049155761950442224,0.24795321637426898,0.06643027752590842,0.2369047619047619,0.0587931344041226,0.74991341991342,0.01669765068473585
Age_Child_Language_Tonal,gu2,PSD_FC,gamma,Elastic Net,15,0.45426226551226545,0.06179301964367457,0.26783625730994154,0.07216004615817927,0.23916666666666667,0.08581128770450697,0.7562608225108225,0.030510717633018943
Age_Child_Language,gu2,FC,delta,Linear SVM,15,0.4733556681706818,0.059696071678527585,0.06452358926919519,0.000693802035152638,0.05823863636363637,0.010511363636363638,0.8669319934022743,0.0005572381475447141
Age_Child_Language,gu2,FC,delta,Random Forest,15,0.40146016669836615,0.03128692201051944,0.04278445883441258,0.02104532839962997,0.03207070707070707,0.02070707070707071,0.8632868319102348,0.0030575447233095465
Age_Child_Language,gu2,FC,delta,Elastic Net,15,0.41599647261800576,1.321392281047884e-05,0.10777058279370952,0.022664199814986123,0.10012626262626262,0.01748737373737374,0.8735172893483347,0.0036078266567556305
Age_Child_Language,gu2,FC,theta,Linear SVM,15,0.48829712711927353,0.09470340114228379,0.05434782608695652,0.05434782608695652,0.04573863636363636,0.04573863636363636,0.8642324022438165,0.00697155693350604
Age_Child_Language,gu2,FC,theta,Random Forest,15,0.4240300780443008,0.014475512139121544,0.1396854764107308,0.009250693802035151,0.08718434343434343,0.0030934343434343425,0.8723943899243181,0.0019427023444174574
Age_Child_Language,gu2,FC,theta,Elastic Net,15,0.45354928068127015,0.006859596497603315,0.05434782608695652,0.05434782608695652,0.05880681818181818,0.05880681818181818,0.8678715509253789,0.007233050470942581
Age_Child_Language,gu2,FC,alpha,Linear SVM,15,0.4745368774687044,0.028208664336094535,0.032377428307123035,0.011100832562442185,0.0359375,0.0109375,0.8621757899476272,0.0014357055316474021
Age_Child_Language,gu2,FC,alpha,Random Forest,15,0.42153889156917024,0.0018206581041630698,0.08556891766882516,0.04209065679925994,0.07200126262626264,0.02938762626262626,0.8665083728446679,0.0035521671975122793
Age_Child_Language,gu2,FC,alpha,Elastic Net,15,0.4748673413320854,0.017634050580261212,0.06452358926919519,0.000693802035152638,0.08224431818181818,0.007244318181818178,0.8677430071551877,0.0011499956167331793
Age_Child_Language,gu2,FC,beta,Linear SVM,15,0.462445888591545,0.0031347174402743816,0.12812210915818686,0.08464384828862165,0.12152777777777778,0.06527777777777778,0.8770496635379409,0.012593252740066618
Age_Child_Language,gu2,FC,beta,Random Forest,15,0.4657902730009574,0.028102265938316162,0.12927844588344126,0.022895467160037007,0.11996527777777778,0.0019097222222222293,0.8743589824126765,0.0031174599867440644
Age_Child_Language,gu2,FC,beta,Elastic Net,15,0.407307208515695,0.007995833943557296,0.11840888066604996,0.012025901942645696,0.11770833333333335,0.01770833333333334,0.8757009788686295,0.0004553189872186225
Age_Child_Language,gu2,FC,highbeta,Linear SVM,15,0.5299689891420831,0.056195025176366875,0.07539315448658648,0.011563367252543942,0.05355113636363636,0.002698863636363631,0.8659084231699228,0.0015725210532118727
Age_Child_Language,gu2,FC,highbeta,Random Forest,15,0.4217341665479162,0.01729762741043836,0.1396854764107308,0.009250693802035151,0.08904671717171718,0.012342171717171724,0.8744966572407682,0.0020998832473959617
Age_Child_Language,gu2,FC,highbeta,Elastic Net,15,0.3925321615573454,0.007818282063717596,0.0971322849213691,0.03330249768732655,0.07485795454545455,0.018607954545454546,0.8708769324063393,0.001312676408750879
Age_Child_Language,gu2,FC,gamma,Linear SVM,15,0.5295645845291099,5.0036025417643515e-05,0.09666975023126734,0.009713228492136912,0.07500000000000001,0.006249999999999999,0.8707191633455715,0.001312553695059393
Age_Child_Language,gu2,FC,gamma,Random Forest,15,0.4502014462657292,0.0053091781786600845,0.12904717853839037,0.001387604070305276,0.11041666666666666,0.002083333333333333,0.8718461001657072,0.00022318520588887614
Age_Child_Language,gu2,FC,gamma,Elastic Net,15,0.39970925586691103,0.03180593673204507,0.07493061979648474,0.03145235892691952,0.065625,0.040625,0.8689154024785923,0.006749802780900149
Age_Child_Language,gu2,PSD,delta,Linear SVM,15,0.4733556681706818,0.059696071678527585,0.06452358926919519,0.000693802035152638,0.05823863636363637,0.010511363636363638,0.8669319934022743,0.0005572381475447141
Age_Child_Language,gu2,PSD,delta,Random Forest,15,0.40146016669836615,0.03128692201051944,0.04278445883441258,0.02104532839962997,0.03207070707070707,0.02070707070707071,0.8632868319102348,0.0030575447233095465
Age_Child_Language,gu2,PSD,delta,Elastic Net,15,0.41599647261800576,1.321392281047884e-05,0.10777058279370952,0.022664199814986123,0.10012626262626262,0.01748737373737374,0.8735172893483347,0.0036078266567556305
Age_Child_Language,gu2,PSD,theta,Linear SVM,15,0.48829712711927353,0.09470340114228379,0.05434782608695652,0.05434782608695652,0.04573863636363636,0.04573863636363636,0.8642324022438165,0.00697155693350604
Age_Child_Language,gu2,PSD,theta,Random Forest,15,0.4240300780443008,0.014475512139121544,0.1396854764107308,0.009250693802035151,0.08718434343434343,0.0030934343434343425,0.8723943899243181,0.0019427023444174574
Age_Child_Language,gu2,PSD,theta,Elastic Net,15,0.45354928068127015,0.006859596497603315,0.05434782608695652,0.05434782608695652,0.05880681818181818,0.05880681818181818,0.8678715509253789,0.007233050470942581
Age_Child_Language,gu2,PSD,alpha,Linear SVM,15,0.4745368774687044,0.028208664336094535,0.032377428307123035,0.011100832562442185,0.0359375,0.0109375,0.8621757899476272,0.0014357055316474021
Age_Child_Language,gu2,PSD,alpha,Random Forest,15,0.42153889156917024,0.0018206581041630698,0.08556891766882516,0.04209065679925994,0.07200126262626264,0.02938762626262626,0.8665083728446679,0.0035521671975122793
Age_Child_Language,gu2,PSD,alpha,Elastic Net,15,0.4748673413320854,0.017634050580261212,0.06452358926919519,0.000693802035152638,0.08224431818181818,0.007244318181818178,0.8677430071551877,0.0011499956167331793
Age_Child_Language,gu2,PSD,beta,Linear SVM,15,0.462445888591545,0.0031347174402743816,0.12812210915818686,0.08464384828862165,0.12152777777777778,0.06527777777777778,0.8770496635379409,0.012593252740066618
Age_Child_Language,gu2,PSD,beta,Random Forest,15,0.4657902730009574,0.028102265938316162,0.12927844588344126,0.022895467160037007,0.11996527777777778,0.0019097222222222293,0.8743589824126765,0.0031174599867440644
Age_Child_Language,gu2,PSD,beta,Elastic Net,15,0.407307208515695,0.007995833943557296,0.11840888066604996,0.012025901942645696,0.11770833333333335,0.01770833333333334,0.8757009788686295,0.0004553189872186225
Age_Child_Language,gu2,PSD,highbeta,Linear SVM,15,0.5299689891420831,0.056195025176366875,0.07539315448658648,0.011563367252543942,0.05355113636363636,0.002698863636363631,0.8659084231699228,0.0015725210532118727
Age_Child_Language,gu2,PSD,highbeta,Random Forest,15,0.4217341665479162,0.01729762741043836,0.1396854764107308,0.009250693802035151,0.08904671717171718,0.012342171717171724,0.8744966572407682,0.0020998832473959617
Age_Child_Language,gu2,PSD,highbeta,Elastic Net,15,0.3925321615573454,0.007818282063717596,0.0971322849213691,0.03330249768732655,0.07485795454545455,0.018607954545454546,0.8708769324063393,0.001312676408750879
Age_Child_Language,gu2,PSD,gamma,Linear SVM,15,0.5295645845291099,5.0036025417643515e-05,0.09666975023126734,0.009713228492136912,0.07500000000000001,0.006249999999999999,0.8707191633455715,0.001312553695059393
Age_Child_Language,gu2,PSD,gamma,Random Forest,15,0.4502014462657292,0.0053091781786600845,0.12904717853839037,0.001387604070305276,0.11041666666666666,0.002083333333333333,0.8718461001657072,0.00022318520588887614
Age_Child_Language,gu2,PSD,gamma,Elastic Net,15,0.39970925586691103,0.03180593673204507,0.07493061979648474,0.03145235892691952,0.065625,0.040625,0.8689154024785923,0.006749802780900149
Age_Child_Language,gu2,PSD_FC,delta,Linear SVM,15,0.4733556681706818,0.059696071678527585,0.06452358926919519,0.000693802035152638,0.05823863636363637,0.010511363636363638,0.8669319934022743,0.0005572381475447141
Age_Child_Language,gu2,PSD_FC,delta,Random Forest,15,0.40146016669836615,0.03128692201051944,0.04278445883441258,0.02104532839962997,0.03207070707070707,0.02070707070707071,0.8632868319102348,0.0030575447233095465
Age_Child_Language,gu2,PSD_FC,delta,Elastic Net,15,0.41599647261800576,1.321392281047884e-05,0.10777058279370952,0.022664199814986123,0.10012626262626262,0.01748737373737374,0.8735172893483347,0.0036078266567556305
Age_Child_Language,gu2,PSD_FC,theta,Linear SVM,15,0.48829712711927353,0.09470340114228379,0.05434782608695652,0.05434782608695652,0.04573863636363636,0.04573863636363636,0.8642324022438165,0.00697155693350604
Age_Child_Language,gu2,PSD_FC,theta,Random Forest,15,0.4240300780443008,0.014475512139121544,0.1396854764107308,0.009250693802035151,0.08718434343434343,0.0030934343434343425,0.8723943899243181,0.0019427023444174574
Age_Child_Language,gu2,PSD_FC,theta,Elastic Net,15,0.45354928068127015,0.006859596497603315,0.05434782608695652,0.05434782608695652,0.05880681818181818,0.05880681818181818,0.8678715509253789,0.007233050470942581
Age_Child_Language,gu2,PSD_FC,alpha,Linear SVM,15,0.4745368774687044,0.028208664336094535,0.032377428307123035,0.011100832562442185,0.0359375,0.0109375,0.8621757899476272,0.0014357055316474021
Age_Child_Language,gu2,PSD_FC,alpha,Random Forest,15,0.42153889156917024,0.0018206581041630698,0.08556891766882516,0.04209065679925994,0.07200126262626264,0.02938762626262626,0.8665083728446679,0.0035521671975122793
Age_Child_Language,gu2,PSD_FC,alpha,Elastic Net,15,0.4748673413320854,0.017634050580261212,0.06452358926919519,0.000693802035152638,0.08224431818181818,0.007244318181818178,0.8677430071551877,0.0011499956167331793
Age_Child_Language,gu2,PSD_FC,beta,Linear SVM,15,0.462445888591545,0.0031347174402743816,0.12812210915818686,0.08464384828862165,0.12152777777777778,0.06527777777777778,0.8770496635379409,0.012593252740066618
Age_Child_Language,gu2,PSD_FC,beta,Random Forest,15,0.4657902730009574,0.028102265938316162,0.12927844588344126,0.022895467160037007,0.11996527777777778,0.0019097222222222293,0.8743589824126765,0.0031174599867440644
Age_Child_Language,gu2,PSD_FC,beta,Elastic Net,15,0.407307208515695,0.007995833943557296,0.11840888066604996,0.012025901942645696,0.11770833333333335,0.01770833333333334,0.8757009788686295,0.0004553189872186225
Age_Child_Language,gu2,PSD_FC,highbeta,Linear SVM,15,0.5299689891420831,0.056195025176366875,0.07539315448658648,0.011563367252543942,0.05355113636363636,0.002698863636363631,0.8659084231699228,0.0015725210532118727
Age_Child_Language,gu2,PSD_FC,highbeta,Random Forest,15,0.4217341665479162,0.01729762741043836,0.1396854764107308,0.009250693802035151,0.08904671717171718,0.012342171717171724,0.8744966572407682,0.0020998832473959617
Age_Child_Language,gu2,PSD_FC,highbeta,Elastic Net,15,0.3925321615573454,0.007818282063717596,0.0971322849213691,0.03330249768732655,0.07485795454545455,0.018607954545454546,0.8708769324063393,0.001312676408750879
Age_Child_Language,gu2,PSD_FC,gamma,Linear SVM,15,0.5295645845291099,5.0036025417643515e-05,0.09666975023126734,0.009713228492136912,0.07500000000000001,0.006249999999999999,0.8707191633455715,0.001312553695059393
Age_Child_Language,gu2,PSD_FC,gamma,Random Forest,15,0.4502014462657292,0.0053091781786600845,0.12904717853839037,0.001387604070305276,0.11041666666666666,0.002083333333333333,0.8718461001657072,0.00022318520588887614
Age_Child_Language,gu2,PSD_FC,gamma,Elastic Net,15,0.39970925586691103,0.03180593673204507,0.07493061979648474,0.03145235892691952,0.065625,0.040625,0.8689154024785923,0.006749802780900149
Age_Group,gu3,FC,delta,Linear SVM,15,0.5988054443882247,0.0568011616128103,0.3,0.04714045207910316,0.2974098124098124,0.057518381150735556,0.7660637375591608,0.014162190399776373
Age_Group,gu3,FC,delta,Random Forest,15,0.5389184964677242,0.060491647085026634,0.33999999999999997,0.04422166387140534,0.32648448773448774,0.030819132930606407,0.7754490524730799,0.01669056434224138
Age_Group,gu3,FC,delta,Elastic Net,15,0.6164028490748169,0.051851565842206813,0.30666666666666664,0.06798692684790379,0.30346861471861464,0.0744146951260045,0.7690575111387468,0.018001359850745618
Age_Group,gu3,FC,theta,Linear SVM,15,0.6148495811904852,0.021127361999488798,0.38,0.09333333333333332,0.3874494949494949,0.1075163559741543,0.7952094690206819,0.027083989691725565
Age_Group,gu3,FC,theta,Random Forest,15,0.5753754898387907,0.03736376202223856,0.3466666666666667,0.07774602526460402,0.33001443001443,0.06420089667438592,0.7800075984275069,0.02514119437770348
Age_Group,gu3,FC,theta,Elastic Net,15,0.6490671362284635,0.04202754238781389,0.4133333333333334,0.08055363982396382,0.3991468253968254,0.09946313964834506,0.8037869982801332,0.025912537733115838
Age_Group,gu3,FC,alpha,Linear SVM,15,0.6395678371230431,0.03095168839084558,0.4133333333333333,0.0498887651569859,0.39843253968253967,0.06267491292237756,0.8003250327094721,0.017471242310403624
Age_Group,gu3,FC,alpha,Random Forest,15,0.5660061560864765,0.030599017486028213,0.32666666666666666,0.04898979485566355,0.32870490620490617,0.05764049446246414,0.7707209346717356,0.017081870283291188
Age_Group,gu3,FC,alpha,Elastic Net,15,0.6645793209523758,0.03549698837944977,0.4066666666666666,0.05734883511361752,0.4003769841269841,0.06909935301906586,0.801270587917041,0.02071270367145537
Age_Group,gu3,FC,beta,Linear SVM,15,0.6590441784675194,0.029433518215937045,0.4066666666666666,0.05734883511361752,0.43757215007215,0.04913118980927055,0.8080897634021204,0.01607418698177224
Age_Group,gu3,FC,beta,Random Forest,15,0.5546427175111099,0.04901106263603458,0.3333333333333333,0.05163977794943222,0.32213383838383836,0.041050429496770964,0.7744663764915483,0.017118473895189727
Age_Group,gu3,FC,beta,Elastic Net,15,0.6732253974731092,0.0309716013739434,0.35333333333333333,0.02666666666666668,0.3580681818181818,0.026046854068153765,0.784841294098731,0.009502094175146898
Age_Group,gu3,FC,highbeta,Linear SVM,15,0.5947090362726518,0.05598312350497045,0.35333333333333333,0.05416025603090642,0.340036075036075,0.05599223519744357,0.7854852957873553,0.018681486801254043
Age_Group,gu3,FC,highbeta,Random Forest,15,0.560129217183994,0.06206641758291535,0.27999999999999997,0.03399346342395189,0.2676785714285714,0.026006645507605796,0.7566265431745981,0.011308918718730286
Age_Group,gu3,FC,highbeta,Elastic Net,15,0.6062181607802317,0.03202437755463062,0.38,0.040000000000000015,0.3591269841269841,0.045583635679201644,0.7942142262771553,0.010754926749223449
Age_Group,gu3,FC,gamma,Linear SVM,15,0.627465059556936,0.04772881436054884,0.36,0.048989794855663564,0.3553643578643578,0.04853647165017204,0.7854273895440943,0.01746987464580733
Age_Group,gu3,FC,gamma,Random Forest,15,0.5453618286313653,0.06692077574975798,0.2533333333333333,0.04521553322083512,0.24955266955266958,0.05044179602838355,0.7441824506538466,0.01136736470126489
Age_Group,gu3,FC,gamma,Elastic Net,15,0.6300341155644931,0.032748847569396215,0.37333333333333335,0.04898979485566357,0.38282828282828285,0.07278768294133513,0.7905101839426782,0.016723154034614003
Age_Group,gu3,PSD,delta,Linear SVM,15,0.5988054443882247,0.0568011616128103,0.3,0.04714045207910316,0.2974098124098124,0.057518381150735556,0.7660637375591608,0.014162190399776373
Age_Group,gu3,PSD,delta,Random Forest,15,0.5389184964677242,0.060491647085026634,0.33999999999999997,0.04422166387140534,0.32648448773448774,0.030819132930606407,0.7754490524730799,0.01669056434224138
Age_Group,gu3,PSD,delta,Elastic Net,15,0.6164028490748169,0.051851565842206813,0.30666666666666664,0.06798692684790379,0.30346861471861464,0.0744146951260045,0.7690575111387468,0.018001359850745618
Age_Group,gu3,PSD,theta,Linear SVM,15,0.6148495811904852,0.021127361999488798,0.38,0.09333333333333332,0.3874494949494949,0.1075163559741543,0.7952094690206819,0.027083989691725565
Age_Group,gu3,PSD,theta,Random Forest,15,0.5753754898387907,0.03736376202223856,0.3466666666666667,0.07774602526460402,0.33001443001443,0.06420089667438592,0.7800075984275069,0.02514119437770348
Age_Group,gu3,PSD,theta,Elastic Net,15,0.6490671362284635,0.04202754238781389,0.4133333333333334,0.08055363982396382,0.3991468253968254,0.09946313964834506,0.8037869982801332,0.025912537733115838
Age_Group,gu3,PSD,alpha,Linear SVM,15,0.6395678371230431,0.03095168839084558,0.4133333333333333,0.0498887651569859,0.39843253968253967,0.06267491292237756,0.8003250327094721,0.017471242310403624
Age_Group,gu3,PSD,alpha,Random Forest,15,0.5660061560864765,0.030599017486028213,0.32666666666666666,0.04898979485566355,0.32870490620490617,0.05764049446246414,0.7707209346717356,0.017081870283291188
Age_Group,gu3,PSD,alpha,Elastic Net,15,0.6645793209523758,0.03549698837944977,0.4066666666666666,0.05734883511361752,0.4003769841269841,0.06909935301906586,0.801270587917041,0.02071270367145537
Age_Group,gu3,PSD,beta,Linear SVM,15,0.6590441784675194,0.029433518215937045,0.4066666666666666,0.05734883511361752,0.43757215007215,0.04913118980927055,0.8080897634021204,0.01607418698177224
Age_Group,gu3,PSD,beta,Random Forest,15,0.5546427175111099,0.04901106263603458,0.3333333333333333,0.05163977794943222,0.32213383838383836,0.041050429496770964,0.7744663764915483,0.017118473895189727
Age_Group,gu3,PSD,beta,Elastic Net,15,0.6732253974731092,0.0309716013739434,0.35333333333333333,0.02666666666666668,0.3580681818181818,0.026046854068153765,0.784841294098731,0.009502094175146898
Age_Group,gu3,PSD,highbeta,Linear SVM,15,0.5947090362726518,0.05598312350497045,0.35333333333333333,0.05416025603090642,0.340036075036075,0.05599223519744357,0.7854852957873553,0.018681486801254043
Age_Group,gu3,PSD,highbeta,Random Forest,15,0.560129217183994,0.06206641758291535,0.27999999999999997,0.03399346342395189,0.2676785714285714,0.026006645507605796,0.7566265431745981,0.011308918718730286
Age_Group,gu3,PSD,highbeta,Elastic Net,15,0.6062181607802317,0.03202437755463062,0.38,0.040000000000000015,0.3591269841269841,0.045583635679201644,0.7942142262771553,0.010754926749223449
Age_Group,gu3,PSD,gamma,Linear SVM,15,0.627465059556936,0.04772881436054884,0.36,0.048989794855663564,0.3553643578643578,0.04853647165017204,0.7854273895440943,0.01746987464580733
Age_Group,gu3,PSD,gamma,Random Forest,15,0.5453618286313653,0.06692077574975798,0.2533333333333333,0.04521553322083512,0.24955266955266958,0.05044179602838355,0.7441824506538466,0.01136736470126489
Age_Group,gu3,PSD,gamma,Elastic Net,15,0.6300341155644931,0.032748847569396215,0.37333333333333335,0.04898979485566357,0.38282828282828285,0.07278768294133513,0.7905101839426782,0.016723154034614003
Age_Group,gu3,PSD_FC,delta,Linear SVM,15,0.5988054443882247,0.0568011616128103,0.3,0.04714045207910316,0.2974098124098124,0.057518381150735556,0.7660637375591608,0.014162190399776373
Age_Group,gu3,PSD_FC,delta,Random Forest,15,0.5389184964677242,0.060491647085026634,0.33999999999999997,0.04422166387140534,0.32648448773448774,0.030819132930606407,0.7754490524730799,0.01669056434224138
Age_Group,gu3,PSD_FC,delta,Elastic Net,15,0.6164028490748169,0.051851565842206813,0.30666666666666664,0.06798692684790379,0.30346861471861464,0.0744146951260045,0.7690575111387468,0.018001359850745618
Age_Group,gu3,PSD_FC,theta,Linear SVM,15,0.6148495811904852,0.021127361999488798,0.38,0.09333333333333332,0.3874494949494949,0.1075163559741543,0.7952094690206819,0.027083989691725565
Age_Group,gu3,PSD_FC,theta,Random Forest,15,0.5753754898387907,0.03736376202223856,0.3466666666666667,0.07774602526460402,0.33001443001443,0.06420089667438592,0.7800075984275069,0.02514119437770348
Age_Group,gu3,PSD_FC,theta,Elastic Net,15,0.6490671362284635,0.04202754238781389,0.4133333333333334,0.08055363982396382,0.3991468253968254,0.09946313964834506,0.8037869982801332,0.025912537733115838
Age_Group,gu3,PSD_FC,alpha,Linear SVM,15,0.6395678371230431,0.03095168839084558,0.4133333333333333,0.0498887651569859,0.39843253968253967,0.06267491292237756,0.8003250327094721,0.017471242310403624
Age_Group,gu3,PSD_FC,alpha,Random Forest,15,0.5660061560864765,0.030599017486028213,0.32666666666666666,0.04898979485566355,0.32870490620490617,0.05764049446246414,0.7707209346717356,0.017081870283291188
Age_Group,gu3,PSD_FC,alpha,Elastic Net,15,0.6645793209523758,0.03549698837944977,0.4066666666666666,0.05734883511361752,0.4003769841269841,0.06909935301906586,0.801270587917041,0.02071270367145537
Age_Group,gu3,PSD_FC,beta,Linear SVM,15,0.6590441784675194,0.029433518215937045,0.4066666666666666,0.05734883511361752,0.43757215007215,0.04913118980927055,0.8080897634021204,0.01607418698177224
Age_Group,gu3,PSD_FC,beta,Random Forest,15,0.5546427175111099,0.04901106263603458,0.3333333333333333,0.05163977794943222,0.32213383838383836,0.041050429496770964,0.7744663764915483,0.017118473895189727
Age_Group,gu3,PSD_FC,beta,Elastic Net,15,0.6732253974731092,0.0309716013739434,0.35333333333333333,0.02666666666666668,0.3580681818181818,0.026046854068153765,0.784841294098731,0.009502094175146898
Age_Group,gu3,PSD_FC,highbeta,Linear SVM,15,0.5947090362726518,0.05598312350497045,0.35333333333333333,0.05416025603090642,0.340036075036075,0.05599223519744357,0.7854852957873553,0.018681486801254043
Age_Group,gu3,PSD_FC,highbeta,Random Forest,15,0.560129217183994,0.06206641758291535,0.27999999999999997,0.03399346342395189,0.2676785714285714,0.026006645507605796,0.7566265431745981,0.011308918718730286
Age_Group,gu3,PSD_FC,highbeta,Elastic Net,15,0.6062181607802317,0.03202437755463062,0.38,0.040000000000000015,0.3591269841269841,0.045583635679201644,0.7942142262771553,0.010754926749223449
Age_Group,gu3,PSD_FC,gamma,Linear SVM,15,0.627465059556936,0.04772881436054884,0.36,0.048989794855663564,0.3553643578643578,0.04853647165017204,0.7854273895440943,0.01746987464580733
Age_Group,gu3,PSD_FC,gamma,Random Forest,15,0.5453618286313653,0.06692077574975798,0.2533333333333333,0.04521553322083512,0.24955266955266958,0.05044179602838355,0.7441824506538466,0.01136736470126489
Age_Group,gu3,PSD_FC,gamma,Elastic Net,15,0.6300341155644931,0.032748847569396215,0.37333333333333335,0.04898979485566357,0.38282828282828285,0.07278768294133513,0.7905101839426782,0.016723154034614003
Language,gu3,FC,delta,Linear SVM,15,0.5094806683747508,0.05346208588143133,0.22000000000000003,0.0541602560309064,0.18516483516483517,0.06938934503193464,0.7425275497278099,0.011854787425137705
Language,gu3,FC,delta,Random Forest,15,0.48456436087778965,0.11555818162952783,0.36,0.08537498983243798,0.27843406593406594,0.06894776612894866,0.7680727746325462,0.03064785067228347
Language,gu3,FC,delta,Elastic Net,15,0.5202800130848516,0.04087912664402605,0.26000000000000006,0.07423685817106697,0.21160714285714288,0.06805497366753425,0.7482352418614987,0.023282813183991665
Language,gu3,FC,theta,Linear SVM,15,0.4650265590360341,0.07367628411820747,0.23333333333333334,0.09189365834726815,0.2209478021978022,0.10967303422197572,0.7497018571978336,0.033958081357771716
Language,gu3,FC,theta,Random Forest,15,0.4209251286597035,0.027824029804506246,0.31333333333333335,0.06182412330330468,0.2345467032967033,0.05488793390730322,0.754072421867752,0.02028261480584733
Language,gu3,FC,theta,Elastic Net,15,0.5502334426421096,0.07807097221432725,0.23333333333333334,0.055777335102271695,0.21888736263736264,0.08210264920598916,0.7513010456670061,0.02782244336314771
Language,gu3,FC,alpha,Linear SVM,15,0.5444185411554668,0.06596706147777937,0.2,0.10540925533894599,0.3014423076923077,0.13570382322753555,0.7504680289725267,0.03609801607693149
Language,gu3,FC,alpha,Random Forest,15,0.4385852875187252,0.030391071207581475,0.30666666666666664,0.053333333333333344,0.22067307692307692,0.0414806736162926,0.7561613542445738,0.016373415526937943
Language,gu3,FC,alpha,Elastic Net,15,0.5122393146418357,0.04732556553641407,0.21333333333333332,0.08844332774281065,0.3184065934065934,0.12356309430555305,0.7512104349372295,0.028596428698042686
Language,gu3,FC,beta,Linear SVM,15,0.4049199470771313,0.07652684471823522,0.2,0.0210818510677892,0.22493131868131866,0.07131059307917517,0.7459877836578273,0.011108315479753432
Language,gu3,FC,beta,Random Forest,15,0.47974667575182117,0.08918537681353725,0.2733333333333333,0.10413666234542206,0.25137362637362637,0.12020074538671863,0.7382673600651927,0.03254247513223138
Language,gu3,FC,beta,Elastic Net,15,0.5356788792828127,0.08077549916912963,0.21333333333333332,0.033993463423951896,0.1996565934065934,0.031281758406594945,0.7460473986173453,0.011961004927686713
Language,gu3,FC,highbeta,Linear SVM,15,0.4770927380175605,0.10647721680461243,0.3466666666666667,0.11469767022723502,0.25934065934065936,0.11090287090851943,0.7614629874711232,0.03382810342448307
Language,gu3,FC,highbeta,Random Forest,15,0.5092938661347471,0.08427384510792467,0.4133333333333333,0.10873004286866728,0.3418956043956044,0.10643313294757012,0.7912613474584327,0.03557011626433852
Language,gu3,FC,highbeta,Elastic Net,15,0.5494393185084604,0.08162614150564404,0.28666666666666674,0.07774602526460402,0.28695054945054943,0.11224313717180583,0.7559558014632868,0.020308618523876533
Language,gu3,FC,gamma,Linear SVM,15,0.5706248101928938,0.07084839471294463,0.22000000000000003,0.09797958971132713,0.2183379120879121,0.06349416113604275,0.7562471760204695,0.024926409351118672
Language,gu3,FC,gamma,Random Forest,15,0.4907224162809146,0.08998200084105566,0.29333333333333333,0.08,0.2796016483516483,0.12226960773967661,0.7392797943083462,0.024779395100953294
Language,gu3,FC,gamma,Elastic Net,15,0.4565197535069217,0.05783201191462657,0.21333333333333332,0.04,0.19361263736263737,0.04835935487411009,0.7402450119000851,0.021842182463934726
Language,gu3,PSD,delta,Linear SVM,15,0.5094806683747508,0.05346208588143133,0.22000000000000003,0.0541602560309064,0.18516483516483517,0.06938934503193464,0.7425275497278099,0.011854787425137705
Language,gu3,PSD,delta,Random Forest,15,0.48456436087778965,0.11555818162952783,0.36,0.08537498983243798,0.27843406593406594,0.06894776612894866,0.7680727746325462,0.03064785067228347
Language,gu3,PSD,delta,Elastic Net,15,0.5202800130848516,0.04087912664402605,0.26000000000000006,0.07423685817106697,0.21160714285714288,0.06805497366753425,0.7482352418614987,0.023282813183991665
Language,gu3,PSD,theta,Linear SVM,15,0.4650265590360341,0.07367628411820747,0.23333333333333334,0.09189365834726815,0.2209478021978022,0.10967303422197572,0.7497018571978336,0.033958081357771716
Language,gu3,PSD,theta,Random Forest,15,0.4209251286597035,0.027824029804506246,0.31333333333333335,0.06182412330330468,0.2345467032967033,0.05488793390730322,0.754072421867752,0.02028261480584733
Language,gu3,PSD,theta,Elastic Net,15,0.5502334426421096,0.07807097221432725,0.23333333333333334,0.055777335102271695,0.21888736263736264,0.08210264920598916,0.7513010456670061,0.02782244336314771
Language,gu3,PSD,alpha,Linear SVM,15,0.5444185411554668,0.06596706147777937,0.2,0.10540925533894599,0.3014423076923077,0.13570382322753555,0.7504680289725267,0.03609801607693149
Language,gu3,PSD,alpha,Random Forest,15,0.4385852875187252,0.030391071207581475,0.30666666666666664,0.053333333333333344,0.22067307692307692,0.0414806736162926,0.7561613542445738,0.016373415526937943
Language,gu3,PSD,alpha,Elastic Net,15,0.5122393146418357,0.04732556553641407,0.21333333333333332,0.08844332774281065,0.3184065934065934,0.12356309430555305,0.7512104349372295,0.028596428698042686
Language,gu3,PSD,beta,Linear SVM,15,0.4049199470771313,0.07652684471823522,0.2,0.0210818510677892,0.22493131868131866,0.07131059307917517,0.7459877836578273,0.011108315479753432
Language,gu3,PSD,beta,Random Forest,15,0.47974667575182117,0.08918537681353725,0.2733333333333333,0.10413666234542206,0.25137362637362637,0.12020074538671863,0.7382673600651927,0.03254247513223138
Language,gu3,PSD,beta,Elastic Net,15,0.5356788792828127,0.08077549916912963,0.21333333333333332,0.033993463423951896,0.1996565934065934,0.031281758406594945,0.7460473986173453,0.011961004927686713
Language,gu3,PSD,highbeta,Linear SVM,15,0.4770927380175605,0.10647721680461243,0.3466666666666667,0.11469767022723502,0.25934065934065936,0.11090287090851943,0.7614629874711232,0.03382810342448307
Language,gu3,PSD,highbeta,Random Forest,15,0.5092938661347471,0.08427384510792467,0.4133333333333333,0.10873004286866728,0.3418956043956044,0.10643313294757012,0.7912613474584327,0.03557011626433852
Language,gu3,PSD,highbeta,Elastic Net,15,0.5494393185084604,0.08162614150564404,0.28666666666666674,0.07774602526460402,0.28695054945054943,0.11224313717180583,0.7559558014632868,0.020308618523876533
Language,gu3,PSD,gamma,Linear SVM,15,0.5706248101928938,0.07084839471294463,0.22000000000000003,0.09797958971132713,0.2183379120879121,0.06349416113604275,0.7562471760204695,0.024926409351118672
Language,gu3,PSD,gamma,Random Forest,15,0.4907224162809146,0.08998200084105566,0.29333333333333333,0.08,0.2796016483516483,0.12226960773967661,0.7392797943083462,0.024779395100953294
Language,gu3,PSD,gamma,Elastic Net,15,0.4565197535069217,0.05783201191462657,0.21333333333333332,0.04,0.19361263736263737,0.04835935487411009,0.7402450119000851,0.021842182463934726
Language,gu3,PSD_FC,delta,Linear SVM,15,0.5094806683747508,0.05346208588143133,0.22000000000000003,0.0541602560309064,0.18516483516483517,0.06938934503193464,0.7425275497278099,0.011854787425137705
Language,gu3,PSD_FC,delta,Random Forest,15,0.48456436087778965,0.11555818162952783,0.36,0.08537498983243798,0.27843406593406594,0.06894776612894866,0.7680727746325462,0.03064785067228347
Language,gu3,PSD_FC,delta,Elastic Net,15,0.5202800130848516,0.04087912664402605,0.26000000000000006,0.07423685817106697,0.21160714285714288,0.06805497366753425,0.7482352418614987,0.023282813183991665
Language,gu3,PSD_FC,theta,Linear SVM,15,0.4650265590360341,0.07367628411820747,0.23333333333333334,0.09189365834726815,0.2209478021978022,0.10967303422197572,0.7497018571978336,0.033958081357771716
Language,gu3,PSD_FC,theta,Random Forest,15,0.4209251286597035,0.027824029804506246,0.31333333333333335,0.06182412330330468,0.2345467032967033,0.05488793390730322,0.754072421867752,0.02028261480584733
Language,gu3,PSD_FC,theta,Elastic Net,15,0.5502334426421096,0.07807097221432725,0.23333333333333334,0.055777335102271695,0.21888736263736264,0.08210264920598916,0.7513010456670061,0.02782244336314771
Language,gu3,PSD_FC,alpha,Linear SVM,15,0.5444185411554668,0.06596706147777937,0.2,0.10540925533894599,0.3014423076923077,0.13570382322753555,0.7504680289725267,0.03609801607693149
Language,gu3,PSD_FC,alpha,Random Forest,15,0.4385852875187252,0.030391071207581475,0.30666666666666664,0.053333333333333344,0.22067307692307692,0.0414806736162926,0.7561613542445738,0.016373415526937943
Language,gu3,PSD_FC,alpha,Elastic Net,15,0.5122393146418357,0.04732556553641407,0.21333333333333332,0.08844332774281065,0.3184065934065934,0.12356309430555305,0.7512104349372295,0.028596428698042686
Language,gu3,PSD_FC,beta,Linear SVM,15,0.4049199470771313,0.07652684471823522,0.2,0.0210818510677892,0.22493131868131866,0.07131059307917517,0.7459877836578273,0.011108315479753432
Language,gu3,PSD_FC,beta,Random Forest,15,0.47974667575182117,0.08918537681353725,0.2733333333333333,0.10413666234542206,0.25137362637362637,0.12020074538671863,0.7382673600651927,0.03254247513223138
Language,gu3,PSD_FC,beta,Elastic Net,15,0.5356788792828127,0.08077549916912963,0.21333333333333332,0.033993463423951896,0.1996565934065934,0.031281758406594945,0.7460473986173453,0.011961004927686713
Language,gu3,PSD_FC,highbeta,Linear SVM,15,0.4770927380175605,0.10647721680461243,0.3466666666666667,0.11469767022723502,0.25934065934065936,0.11090287090851943,0.7614629874711232,0.03382810342448307
Language,gu3,PSD_FC,highbeta,Random Forest,15,0.5092938661347471,0.08427384510792467,0.4133333333333333,0.10873004286866728,0.3418956043956044,0.10643313294757012,0.7912613474584327,0.03557011626433852
Language,gu3,PSD_FC,highbeta,Elastic Net,15,0.5494393185084604,0.08162614150564404,0.28666666666666674,0.07774602526460402,0.28695054945054943,0.11224313717180583,0.7559558014632868,0.020308618523876533
Language,gu3,PSD_FC,gamma,Linear SVM,15,0.5706248101928938,0.07084839471294463,0.22000000000000003,0.09797958971132713,0.2183379120879121,0.06349416113604275,0.7562471760204695,0.024926409351118672
Language,gu3,PSD_FC,gamma,Random Forest,15,0.4907224162809146,0.08998200084105566,0.29333333333333333,0.08,0.2796016483516483,0.12226960773967661,0.7392797943083462,0.024779395100953294
Language,gu3,PSD_FC,gamma,Elastic Net,15,0.4565197535069217,0.05783201191462657,0.21333333333333332,0.04,0.19361263736263737,0.04835935487411009,0.7402450119000851,0.021842182463934726
Language_Tonal,gu3,FC,delta,Linear SVM,15,0.43664754363283775,0.09139184872046208,0.5066666666666666,0.07999999999999999,0.5038744343891403,0.09189463175945518,0.5038744343891403,0.09189463175945518
Language_Tonal,gu3,FC,delta,Random Forest,15,0.4950953458306399,0.09632875114928224,0.49333333333333335,0.09285592184789411,0.48634049773755655,0.09649612275369064,0.48634049773755655,0.09649612275369064
Language_Tonal,gu3,FC,delta,Elastic Net,15,0.5539431157078215,0.12118426564951224,0.54,0.11234866364235144,0.5363808985132514,0.11689579038368215,0.5363808985132514,0.11689579038368215
Language_Tonal,gu3,FC,theta,Linear SVM,15,0.436320297349709,0.08996934415437588,0.5466666666666666,0.0748331477354788,0.5336336457659987,0.08037876624539056,0.5336336457659987,0.08037876624539056
Language_Tonal,gu3,FC,theta,Random Forest,15,0.5086982870071106,0.08562978442711297,0.5533333333333333,0.04521553322083511,0.5443721719457014,0.04242254898414758,0.5443721719457014,0.04242254898414758
Language_Tonal,gu3,FC,theta,Elastic Net,15,0.5644877181641886,0.11417700995176118,0.5466666666666666,0.0956846672960488,0.5406391402714933,0.10719077923442785,0.5406391402714933,0.10719077923442785
Language_Tonal,gu3,FC,alpha,Linear SVM,15,0.5849264705882353,0.03624824238901747,0.4600000000000001,0.04898979485566354,0.44574579831932776,0.045248321200168154,0.44574579831932776,0.045248321200168154
Language_Tonal,gu3,FC,alpha,Random Forest,15,0.536211215255333,0.08590037173999812,0.5466666666666666,0.08326663997864528,0.5336053652230122,0.08534070130393977,0.5336053652230122,0.08534070130393977
Language_Tonal,gu3,FC,alpha,Elastic Net,15,0.4122737556561086,0.042083968670190874,0.44000000000000006,0.04898979485566357,0.43206205559146743,0.051196373068831756,0.43206205559146743,0.051196373068831756
Language_Tonal,gu3,FC,beta,Linear SVM,15,0.5888493859082093,0.07060064231973286,0.42000000000000004,0.08844332774281066,0.4107950872656755,0.0778464514227205,0.4107950872656755,0.0778464514227205
Language_Tonal,gu3,FC,beta,Random Forest,15,0.4799773755656108,0.08091093456792744,0.44666666666666666,0.07180219742846006,0.4435803167420814,0.07122626047604064,0.4435803167420814,0.07122626047604064
Language_Tonal,gu3,FC,beta,Elastic Net,15,0.3986384938590821,0.061508047346403874,0.41999999999999993,0.07483314773547883,0.41024159663865545,0.06445480750829229,0.41024159663865545,0.06445480750829229
Language_Tonal,gu3,FC,highbeta,Linear SVM,15,0.48303773432449904,0.12113674420163148,0.4333333333333333,0.10110500592068733,0.44803248222365877,0.11480028785891265,0.44803248222365877,0.11480028785891265
Language_Tonal,gu3,FC,highbeta,Random Forest,15,0.5363667582417583,0.06664339880844287,0.5333333333333333,0.05577733510227169,0.5259898190045249,0.06221735407429249,0.5259898190045249,0.06221735407429249
Language_Tonal,gu3,FC,highbeta,Elastic Net,15,0.4523957659987071,0.13785361889983688,0.44666666666666666,0.08589399151150084,0.45780542986425343,0.09354293947576847,0.45780542986425343,0.09354293947576847
Language_Tonal,gu3,FC,gamma,Linear SVM,15,0.41210003232062054,0.08507752012986441,0.4800000000000001,0.077746025264604,0.4637847446670976,0.06254479355331218,0.4637847446670976,0.06254479355331218
Language_Tonal,gu3,FC,gamma,Random Forest,15,0.43793228829993536,0.06544453255713144,0.45999999999999996,0.038873012632301994,0.45440772462831286,0.04053358101031801,0.45440772462831286,0.04053358101031801
Language_Tonal,gu3,FC,gamma,Elastic Net,15,0.4718568196509373,0.13239286569803907,0.49333333333333335,0.11035296904831232,0.4888817065287653,0.10504209341278097,0.4888817065287653,0.10504209341278097
Language_Tonal,gu3,PSD,delta,Linear SVM,15,0.43664754363283775,0.09139184872046208,0.5066666666666666,0.07999999999999999,0.5038744343891403,0.09189463175945518,0.5038744343891403,0.09189463175945518
Language_Tonal,gu3,PSD,delta,Random Forest,15,0.4950953458306399,0.09632875114928224,0.49333333333333335,0.09285592184789411,0.48634049773755655,0.09649612275369064,0.48634049773755655,0.09649612275369064
Language_Tonal,gu3,PSD,delta,Elastic Net,15,0.5539431157078215,0.12118426564951224,0.54,0.11234866364235144,0.5363808985132514,0.11689579038368215,0.5363808985132514,0.11689579038368215
Language_Tonal,gu3,PSD,theta,Linear SVM,15,0.436320297349709,0.08996934415437588,0.5466666666666666,0.0748331477354788,0.5336336457659987,0.08037876624539056,0.5336336457659987,0.08037876624539056
Language_Tonal,gu3,PSD,theta,Random Forest,15,0.5086982870071106,0.08562978442711297,0.5533333333333333,0.04521553322083511,0.5443721719457014,0.04242254898414758,0.5443721719457014,0.04242254898414758
Language_Tonal,gu3,PSD,theta,Elastic Net,15,0.5644877181641886,0.11417700995176118,0.5466666666666666,0.0956846672960488,0.5406391402714933,0.10719077923442785,0.5406391402714933,0.10719077923442785
Language_Tonal,gu3,PSD,alpha,Linear SVM,15,0.5849264705882353,0.03624824238901747,0.4600000000000001,0.04898979485566354,0.44574579831932776,0.045248321200168154,0.44574579831932776,0.045248321200168154
Language_Tonal,gu3,PSD,alpha,Random Forest,15,0.536211215255333,0.08590037173999812,0.5466666666666666,0.08326663997864528,0.5336053652230122,0.08534070130393977,0.5336053652230122,0.08534070130393977
Language_Tonal,gu3,PSD,alpha,Elastic Net,15,0.4122737556561086,0.042083968670190874,0.44000000000000006,0.04898979485566357,0.43206205559146743,0.051196373068831756,0.43206205559146743,0.051196373068831756
Language_Tonal,gu3,PSD,beta,Linear SVM,15,0.5888493859082093,0.07060064231973286,0.42000000000000004,0.08844332774281066,0.4107950872656755,0.0778464514227205,0.4107950872656755,0.0778464514227205
Language_Tonal,gu3,PSD,beta,Random Forest,15,0.4799773755656108,0.08091093456792744,0.44666666666666666,0.07180219742846006,0.4435803167420814,0.07122626047604064,0.4435803167420814,0.07122626047604064
Language_Tonal,gu3,PSD,beta,Elastic Net,15,0.3986384938590821,0.061508047346403874,0.41999999999999993,0.07483314773547883,0.41024159663865545,0.06445480750829229,0.41024159663865545,0.06445480750829229
Language_Tonal,gu3,PSD,highbeta,Linear SVM,15,0.48303773432449904,0.12113674420163148,0.4333333333333333,0.10110500592068733,0.44803248222365877,0.11480028785891265,0.44803248222365877,0.11480028785891265
Language_Tonal,gu3,PSD,highbeta,Random Forest,15,0.5363667582417583,0.06664339880844287,0.5333333333333333,0.05577733510227169,0.5259898190045249,0.06221735407429249,0.5259898190045249,0.06221735407429249
Language_Tonal,gu3,PSD,highbeta,Elastic Net,15,0.4523957659987071,0.13785361889983688,0.44666666666666666,0.08589399151150084,0.45780542986425343,0.09354293947576847,0.45780542986425343,0.09354293947576847
Language_Tonal,gu3,PSD,gamma,Linear SVM,15,0.41210003232062054,0.08507752012986441,0.4800000000000001,0.077746025264604,0.4637847446670976,0.06254479355331218,0.4637847446670976,0.06254479355331218
Language_Tonal,gu3,PSD,gamma,Random Forest,15,0.43793228829993536,0.06544453255713144,0.45999999999999996,0.038873012632301994,0.45440772462831286,0.04053358101031801,0.45440772462831286,0.04053358101031801
Language_Tonal,gu3,PSD,gamma,Elastic Net,15,0.4718568196509373,0.13239286569803907,0.49333333333333335,0.11035296904831232,0.4888817065287653,0.10504209341278097,0.4888817065287653,0.10504209341278097
Language_Tonal,gu3,PSD_FC,delta,Linear SVM,15,0.43664754363283775,0.09139184872046208,0.5066666666666666,0.07999999999999999,0.5038744343891403,0.09189463175945518,0.5038744343891403,0.09189463175945518
Language_Tonal,gu3,PSD_FC,delta,Random Forest,15,0.4950953458306399,0.09632875114928224,0.49333333333333335,0.09285592184789411,0.48634049773755655,0.09649612275369064,0.48634049773755655,0.09649612275369064
Language_Tonal,gu3,PSD_FC,delta,Elastic Net,15,0.5539431157078215,0.12118426564951224,0.54,0.11234866364235144,0.5363808985132514,0.11689579038368215,0.5363808985132514,0.11689579038368215
Language_Tonal,gu3,PSD_FC,theta,Linear SVM,15,0.436320297349709,0.08996934415437588,0.5466666666666666,0.0748331477354788,0.5336336457659987,0.08037876624539056,0.5336336457659987,0.08037876624539056
Language_Tonal,gu3,PSD_FC,theta,Random Forest,15,0.5086982870071106,0.08562978442711297,0.5533333333333333,0.04521553322083511,0.5443721719457014,0.04242254898414758,0.5443721719457014,0.04242254898414758
Language_Tonal,gu3,PSD_FC,theta,Elastic Net,15,0.5644877181641886,0.11417700995176118,0.5466666666666666,0.0956846672960488,0.5406391402714933,0.10719077923442785,0.5406391402714933,0.10719077923442785
Language_Tonal,gu3,PSD_FC,alpha,Linear SVM,15,0.5849264705882353,0.03624824238901747,0.4600000000000001,0.04898979485566354,0.44574579831932776,0.045248321200168154,0.44574579831932776,0.045248321200168154
Language_Tonal,gu3,PSD_FC,alpha,Random Forest,15,0.536211215255333,0.08590037173999812,0.5466666666666666,0.08326663997864528,0.5336053652230122,0.08534070130393977,0.5336053652230122,0.08534070130393977
Language_Tonal,gu3,PSD_FC,alpha,Elastic Net,15,0.4122737556561086,0.042083968670190874,0.44000000000000006,0.04898979485566357,0.43206205559146743,0.051196373068831756,0.43206205559146743,0.051196373068831756
Language_Tonal,gu3,PSD_FC,beta,Linear SVM,15,0.5888493859082093,0.07060064231973286,0.42000000000000004,0.08844332774281066,0.4107950872656755,0.0778464514227205,0.4107950872656755,0.0778464514227205
Language_Tonal,gu3,PSD_FC,beta,Random Forest,15,0.4799773755656108,0.08091093456792744,0.44666666666666666,0.07180219742846006,0.4435803167420814,0.07122626047604064,0.4435803167420814,0.07122626047604064
Language_Tonal,gu3,PSD_FC,beta,Elastic Net,15,0.3986384938590821,0.061508047346403874,0.41999999999999993,0.07483314773547883,0.41024159663865545,0.06445480750829229,0.41024159663865545,0.06445480750829229
Language_Tonal,gu3,PSD_FC,highbeta,Linear SVM,15,0.48303773432449904,0.12113674420163148,0.4333333333333333,0.10110500592068733,0.44803248222365877,0.11480028785891265,0.44803248222365877,0.11480028785891265
Language_Tonal,gu3,PSD_FC,highbeta,Random Forest,15,0.5363667582417583,0.06664339880844287,0.5333333333333333,0.05577733510227169,0.5259898190045249,0.06221735407429249,0.5259898190045249,0.06221735407429249
Language_Tonal,gu3,PSD_FC,highbeta,Elastic Net,15,0.4523957659987071,0.13785361889983688,0.44666666666666666,0.08589399151150084,0.45780542986425343,0.09354293947576847,0.45780542986425343,0.09354293947576847
Language_Tonal,gu3,PSD_FC,gamma,Linear SVM,15,0.41210003232062054,0.08507752012986441,0.4800000000000001,0.077746025264604,0.4637847446670976,0.06254479355331218,0.4637847446670976,0.06254479355331218
Language_Tonal,gu3,PSD_FC,gamma,Random Forest,15,0.43793228829993536,0.06544453255713144,0.45999999999999996,0.038873012632301994,0.45440772462831286,0.04053358101031801,0.45440772462831286,0.04053358101031801
Language_Tonal,gu3,PSD_FC,gamma,Elastic Net,15,0.4718568196509373,0.13239286569803907,0.49333333333333335,0.11035296904831232,0.4888817065287653,0.10504209341278097,0.4888817065287653,0.10504209341278097
Age_Child_Language_Tonal,gu3,FC,delta,Linear SVM,15,0.5130194805194805,0.07648045152967631,0.25847953216374264,0.06378291557630868,0.27130952380952383,0.07311152292614688,0.7480492424242424,0.022919417489265768
Age_Child_Language_Tonal,gu3,FC,delta,Random Forest,15,0.5178012265512265,0.05000893455675592,0.2461988304093567,0.07772279637818082,0.2426190476190476,0.054784674355312986,0.7417694805194806,0.02278582182176075
Age_Child_Language_Tonal,gu3,FC,delta,Elastic Net,15,0.5420499639249639,0.04941809051755428,0.22573099415204675,0.061872339947118445,0.23785714285714285,0.06149889846551445,0.7381033549783551,0.026265298986999624
Age_Child_Language_Tonal,gu3,FC,theta,Linear SVM,15,0.5668885281385281,0.05816083633334406,0.3116959064327485,0.08505907759334133,0.31107142857142855,0.08202424148065127,0.766948051948052,0.03277251062165582
Age_Child_Language_Tonal,gu3,FC,theta,Random Forest,15,0.485101461038961,0.04679239334257867,0.2140350877192982,0.06486748362040724,0.21428571428571427,0.07010176438303468,0.7318425324675324,0.02571091313771099
Age_Child_Language_Tonal,gu3,FC,theta,Elastic Net,15,0.5367821067821068,0.052739910248309645,0.26900584795321636,0.0911793242087334,0.27845238095238095,0.08892657931089279,0.7557873376623376,0.03010166699110926
Age_Child_Language_Tonal,gu3,FC,alpha,Linear SVM,15,0.4491107503607504,0.11326632811137473,0.23625730994152044,0.06285937682706563,0.24333333333333332,0.06735339332087681,0.7479247835497836,0.021468223430844573
Age_Child_Language_Tonal,gu3,FC,alpha,Random Forest,15,0.5012130230880232,0.0806634743238665,0.3017543859649123,0.10200278882065564,0.28869047619047616,0.0988346210238354,0.75883658008658,0.03584306932864006
Age_Child_Language_Tonal,gu3,FC,alpha,Elastic Net,15,0.5718001443001444,0.05256453986218435,0.2573099415204679,0.04793895095185777,0.274047619047619,0.03135407838372093,0.7603869047619047,0.010823026232315859
Age_Child_Language_Tonal,gu3,FC,beta,Linear SVM,15,0.4660037878787879,0.11137422567124369,0.19473684210526315,0.07695337613846073,0.22416666666666668,0.09499268977721975,0.7401488095238096,0.025332329128861592
Age_Child_Language_Tonal,gu3,FC,beta,Random Forest,15,0.44614673520923515,0.08499647608188537,0.23625730994152044,0.10233751042913383,0.2230952380952381,0.11445325021711167,0.7457873376623376,0.032234644097350225
Age_Child_Language_Tonal,gu3,FC,beta,Elastic Net,15,0.4975631313131313,0.06680639455274956,0.2485380116959064,0.05986659130792855,0.27476190476190476,0.052973648949201126,0.7556791125541126,0.016810769306725516
Age_Child_Language_Tonal,gu3,FC,highbeta,Linear SVM,15,0.4938356782106782,0.03612313239534219,0.387719298245614,0.11901123599452634,0.3910714285714285,0.09656075596139838,0.7987581168831169,0.040908189381142664
Age_Child_Language_Tonal,gu3,FC,highbeta,Random Forest,15,0.5534839466089466,0.05717084997458427,0.36725146198830405,0.07127788998920509,0.3347619047619047,0.07588069463700306,0.7809848484848485,0.027630436048553503
Age_Child_Language_Tonal,gu3,FC,highbeta,Elastic Net,15,0.508066378066378,0.08224134232444259,0.24678362573099416,0.10185516284012744,0.27678571428571425,0.09709864189834684,0.7552840909090909,0.03189237078904929
Age_Child_Language_Tonal,gu3,FC,gamma,Linear SVM,15,0.40077380952380953,0.09043831444040108,0.2578947368421053,0.06061594629169563,0.26988095238095233,0.0576927902764862,0.7483035714285715,0.01948548592896506
Age_Child_Language_Tonal,gu3,FC,gamma,Random Forest,15,0.4540214646464646,0.03587944524395888,0.11929824561403508,0.06486748362040724,0.1351190476190476,0.06415330278717846,0.702215909090909,0.020792998707121275
Age_Child_Language_Tonal,gu3,FC,gamma,Elastic Net,15,0.5416522366522367,0.0909070635625085,0.23684210526315788,0.043605501479081286,0.2461904761904762,0.03246007490110018,0.7399053030303031,0.015737156036124213
Age_Child_Language_Tonal,gu3,PSD,delta,Linear SVM,15,0.5130194805194805,0.07648045152967631,0.25847953216374264,0.06378291557630868,0.27130952380952383,0.07311152292614688,0.7480492424242424,0.022919417489265768
Age_Child_Language_Tonal,gu3,PSD,delta,Random Forest,15,0.5178012265512265,0.05000893455675592,0.2461988304093567,0.07772279637818082,0.2426190476190476,0.054784674355312986,0.7417694805194806,0.02278582182176075
Age_Child_Language_Tonal,gu3,PSD,delta,Elastic Net,15,0.5420499639249639,0.04941809051755428,0.22573099415204675,0.061872339947118445,0.23785714285714285,0.06149889846551445,0.7381033549783551,0.026265298986999624
Age_Child_Language_Tonal,gu3,PSD,theta,Linear SVM,15,0.5668885281385281,0.05816083633334406,0.3116959064327485,0.08505907759334133,0.31107142857142855,0.08202424148065127,0.766948051948052,0.03277251062165582
Age_Child_Language_Tonal,gu3,PSD,theta,Random Forest,15,0.485101461038961,0.04679239334257867,0.2140350877192982,0.06486748362040724,0.21428571428571427,0.07010176438303468,0.7318425324675324,0.02571091313771099
Age_Child_Language_Tonal,gu3,PSD,theta,Elastic Net,15,0.5367821067821068,0.052739910248309645,0.26900584795321636,0.0911793242087334,0.27845238095238095,0.08892657931089279,0.7557873376623376,0.03010166699110926
Age_Child_Language_Tonal,gu3,PSD,alpha,Linear SVM,15,0.4491107503607504,0.11326632811137473,0.23625730994152044,0.06285937682706563,0.24333333333333332,0.06735339332087681,0.7479247835497836,0.021468223430844573
Age_Child_Language_Tonal,gu3,PSD,alpha,Random Forest,15,0.5012130230880232,0.0806634743238665,0.3017543859649123,0.10200278882065564,0.28869047619047616,0.0988346210238354,0.75883658008658,0.03584306932864006
Age_Child_Language_Tonal,gu3,PSD,alpha,Elastic Net,15,0.5718001443001444,0.05256453986218435,0.2573099415204679,0.04793895095185777,0.274047619047619,0.03135407838372093,0.7603869047619047,0.010823026232315859
Age_Child_Language_Tonal,gu3,PSD,beta,Linear SVM,15,0.4660037878787879,0.11137422567124369,0.19473684210526315,0.07695337613846073,0.22416666666666668,0.09499268977721975,0.7401488095238096,0.025332329128861592
Age_Child_Language_Tonal,gu3,PSD,beta,Random Forest,15,0.44614673520923515,0.08499647608188537,0.23625730994152044,0.10233751042913383,0.2230952380952381,0.11445325021711167,0.7457873376623376,0.032234644097350225
Age_Child_Language_Tonal,gu3,PSD,beta,Elastic Net,15,0.4975631313131313,0.06680639455274956,0.2485380116959064,0.05986659130792855,0.27476190476190476,0.052973648949201126,0.7556791125541126,0.016810769306725516
Age_Child_Language_Tonal,gu3,PSD,highbeta,Linear SVM,15,0.4938356782106782,0.03612313239534219,0.387719298245614,0.11901123599452634,0.3910714285714285,0.09656075596139838,0.7987581168831169,0.040908189381142664
Age_Child_Language_Tonal,gu3,PSD,highbeta,Random Forest,15,0.5534839466089466,0.05717084997458427,0.36725146198830405,0.07127788998920509,0.3347619047619047,0.07588069463700306,0.7809848484848485,0.027630436048553503
Age_Child_Language_Tonal,gu3,PSD,highbeta,Elastic Net,15,0.508066378066378,0.08224134232444259,0.24678362573099416,0.10185516284012744,0.27678571428571425,0.09709864189834684,0.7552840909090909,0.03189237078904929
Age_Child_Language_Tonal,gu3,PSD,gamma,Linear SVM,15,0.40077380952380953,0.09043831444040108,0.2578947368421053,0.06061594629169563,0.26988095238095233,0.0576927902764862,0.7483035714285715,0.01948548592896506
Age_Child_Language_Tonal,gu3,PSD,gamma,Random Forest,15,0.4540214646464646,0.03587944524395888,0.11929824561403508,0.06486748362040724,0.1351190476190476,0.06415330278717846,0.702215909090909,0.020792998707121275
Age_Child_Language_Tonal,gu3,PSD,gamma,Elastic Net,15,0.5416522366522367,0.0909070635625085,0.23684210526315788,0.043605501479081286,0.2461904761904762,0.03246007490110018,0.7399053030303031,0.015737156036124213
Age_Child_Language_Tonal,gu3,PSD_FC,delta,Linear SVM,15,0.5130194805194805,0.07648045152967631,0.25847953216374264,0.06378291557630868,0.27130952380952383,0.07311152292614688,0.7480492424242424,0.022919417489265768
Age_Child_Language_Tonal,gu3,PSD_FC,delta,Random Forest,15,0.5178012265512265,0.05000893455675592,0.2461988304093567,0.07772279637818082,0.2426190476190476,0.054784674355312986,0.7417694805194806,0.02278582182176075
Age_Child_Language_Tonal,gu3,PSD_FC,delta,Elastic Net,15,0.5420499639249639,0.04941809051755428,0.22573099415204675,0.061872339947118445,0.23785714285714285,0.06149889846551445,0.7381033549783551,0.026265298986999624
Age_Child_Language_Tonal,gu3,PSD_FC,theta,Linear SVM,15,0.5668885281385281,0.05816083633334406,0.3116959064327485,0.08505907759334133,0.31107142857142855,0.08202424148065127,0.766948051948052,0.03277251062165582
Age_Child_Language_Tonal,gu3,PSD_FC,theta,Random Forest,15,0.485101461038961,0.04679239334257867,0.2140350877192982,0.06486748362040724,0.21428571428571427,0.07010176438303468,0.7318425324675324,0.02571091313771099
Age_Child_Language_Tonal,gu3,PSD_FC,theta,Elastic Net,15,0.5367821067821068,0.052739910248309645,0.26900584795321636,0.0911793242087334,0.27845238095238095,0.08892657931089279,0.7557873376623376,0.03010166699110926
Age_Child_Language_Tonal,gu3,PSD_FC,alpha,Linear SVM,15,0.4491107503607504,0.11326632811137473,0.23625730994152044,0.06285937682706563,0.24333333333333332,0.06735339332087681,0.7479247835497836,0.021468223430844573
Age_Child_Language_Tonal,gu3,PSD_FC,alpha,Random Forest,15,0.5012130230880232,0.0806634743238665,0.3017543859649123,0.10200278882065564,0.28869047619047616,0.0988346210238354,0.75883658008658,0.03584306932864006
Age_Child_Language_Tonal,gu3,PSD_FC,alpha,Elastic Net,15,0.5718001443001444,0.05256453986218435,0.2573099415204679,0.04793895095185777,0.274047619047619,0.03135407838372093,0.7603869047619047,0.010823026232315859
Age_Child_Language_Tonal,gu3,PSD_FC,beta,Linear SVM,15,0.4660037878787879,0.11137422567124369,0.19473684210526315,0.07695337613846073,0.22416666666666668,0.09499268977721975,0.7401488095238096,0.025332329128861592
Age_Child_Language_Tonal,gu3,PSD_FC,beta,Random Forest,15,0.44614673520923515,0.08499647608188537,0.23625730994152044,0.10233751042913383,0.2230952380952381,0.11445325021711167,0.7457873376623376,0.032234644097350225
Age_Child_Language_Tonal,gu3,PSD_FC,beta,Elastic Net,15,0.4975631313131313,0.06680639455274956,0.2485380116959064,0.05986659130792855,0.27476190476190476,0.052973648949201126,0.7556791125541126,0.016810769306725516
Age_Child_Language_Tonal,gu3,PSD_FC,highbeta,Linear SVM,15,0.4938356782106782,0.03612313239534219,0.387719298245614,0.11901123599452634,0.3910714285714285,0.09656075596139838,0.7987581168831169,0.040908189381142664
Age_Child_Language_Tonal,gu3,PSD_FC,highbeta,Random Forest,15,0.5534839466089466,0.05717084997458427,0.36725146198830405,0.07127788998920509,0.3347619047619047,0.07588069463700306,0.7809848484848485,0.027630436048553503
Age_Child_Language_Tonal,gu3,PSD_FC,highbeta,Elastic Net,15,0.508066378066378,0.08224134232444259,0.24678362573099416,0.10185516284012744,0.27678571428571425,0.09709864189834684,0.7552840909090909,0.03189237078904929
Age_Child_Language_Tonal,gu3,PSD_FC,gamma,Linear SVM,15,0.40077380952380953,0.09043831444040108,0.2578947368421053,0.06061594629169563,0.26988095238095233,0.0576927902764862,0.7483035714285715,0.01948548592896506
Age_Child_Language_Tonal,gu3,PSD_FC,gamma,Random Forest,15,0.4540214646464646,0.03587944524395888,0.11929824561403508,0.06486748362040724,0.1351190476190476,0.06415330278717846,0.702215909090909,0.020792998707121275
Age_Child_Language_Tonal,gu3,PSD_FC,gamma,Elastic Net,15,0.5416522366522367,0.0909070635625085,0.23684210526315788,0.043605501479081286,0.2461904761904762,0.03246007490110018,0.7399053030303031,0.015737156036124213
Age_Child_Language,gu3,FC,delta,Linear SVM,15,0.49569402388957895,0.030381658033734826,0.18293246993524515,0.012719703977798341,0.13093434343434343,0.009343434343434348,0.8798191339729047,0.004162890653617912
Age_Child_Language,gu3,FC,delta,Random Forest,15,0.4430830686786059,0.005725560225131737,0.1604995374653099,0.07354301572617947,0.10310921717171717,0.05172032828282829,0.8787235626787773,0.01071567349958924
Age_Child_Language,gu3,FC,delta,Elastic Net,15,0.4444082948174063,0.029329766964133724,0.12927844588344126,0.022895467160037007,0.09712752525252524,0.036900252525252523,0.8733385725188851,0.0034230257011645393
Age_Child_Language,gu3,FC,theta,Linear SVM,15,0.5620558947252037,0.04087848387387988,0.09666975023126734,0.009713228492136912,0.07212752525252525,0.0005997474747474751,0.8707534415130472,0.0014373230690217786
Age_Child_Language,gu3,FC,theta,Random Forest,15,0.45482836822598977,0.007940958877576454,0.10753931544865865,0.0011563367252543921,0.08137626262626263,0.0012626262626262638,0.8723571041196013,0.0008668100749594787
Age_Child_Language,gu3,FC,theta,Elastic Net,15,0.44393770515811903,0.030123929365472008,0.1505550416281221,0.00161887141535616,0.11227904040404041,0.0009154040404040359,0.8754629514438634,0.0005997401676086644
Age_Child_Language,gu3,FC,alpha,Linear SVM,15,0.4456887991836064,0.02811481592435658,0.11794634597594819,0.03098982423681776,0.12820391414141413,0.035148358585858575,0.8751674649716987,0.005701366712350331
Age_Child_Language,gu3,FC,alpha,Random Forest,15,0.44920145177372545,0.01323590584026263,0.1396854764107308,0.009250693802035151,0.11275252525252526,0.003724747474747478,0.8749158447225909,0.0008490027813870538
Age_Child_Language,gu3,FC,alpha,Elastic Net,15,0.42521870920748667,0.03462885815567912,0.13991674375578167,0.012257169287696587,0.11500946969696971,0.023342803030303033,0.8733862221633961,0.0011345061616800933
Age_Child_Language,gu3,FC,beta,Linear SVM,15,0.4684602866085069,0.014378970027190435,0.09597594819611471,0.07423681776133209,0.08205492424242423,0.04038825757575757,0.87231058721339,0.007868382367753501
Age_Child_Language,gu3,FC,beta,Random Forest,15,0.47141259289271953,0.018269422196904223,0.13991674375578167,0.012257169287696587,0.11317866161616161,0.010400883838383841,0.8753404483101115,0.0017610728285621935
Age_Child_Language,gu3,FC,beta,Elastic Net,15,0.42608915859026836,0.018801286436046227,0.1070767807585569,0.04185938945420906,0.10467171717171718,0.053282828282828286,0.8738315895500721,0.005429638352460131
Age_Child_Language,gu3,FC,highbeta,Linear SVM,15,0.37899224058496633,0.017412290466303826,0.17160037002775208,0.04116558741905643,0.17267992424242423,0.03726325757575756,0.8784579666803951,0.007420727350472778
Age_Child_Language,gu3,FC,highbeta,Random Forest,15,0.49504531373724353,0.010677532290657765,0.22594819611470862,0.013182238667900095,0.15948547979797978,0.0004577020202020249,0.8850718649863666,0.0006812661935938769
Age_Child_Language,gu3,FC,highbeta,Elastic Net,15,0.44883660897122235,0.004789928239758989,0.1285846438482886,0.041628122109158186,0.12932449494949494,0.03488005050505051,0.8762187495591833,0.00675580705667761
Age_Child_Language,gu3,FC,gamma,Linear SVM,15,0.48826604885389474,0.08424078993733147,0.08580018501387604,0.020582793709528216,0.05454545454545455,0.017045454545454548,0.8721906097380061,0.0018488782549702654
Age_Child_Language,gu3,FC,gamma,Random Forest,15,0.44824307399455676,0.009186574875309494,0.09666975023126734,0.009713228492136912,0.07242739898989899,0.0022885101010100967,0.8686109973151577,0.0032371856743296235
Age_Child_Language,gu3,FC,gamma,Elastic Net,15,0.4257680074252308,0.027354475588556526,0.1288159111933395,0.020120259019426455,0.09981060606060606,0.020643939393939395,0.8746466831246202,0.00320304010553768
Age_Child_Language,gu3,PSD,delta,Linear SVM,15,0.49569402388957895,0.030381658033734826,0.18293246993524515,0.012719703977798341,0.13093434343434343,0.009343434343434348,0.8798191339729047,0.004162890653617912
Age_Child_Language,gu3,PSD,delta,Random Forest,15,0.4430830686786059,0.005725560225131737,0.1604995374653099,0.07354301572617947,0.10310921717171717,0.05172032828282829,0.8787235626787773,0.01071567349958924
Age_Child_Language,gu3,PSD,delta,Elastic Net,15,0.4444082948174063,0.029329766964133724,0.12927844588344126,0.022895467160037007,0.09712752525252524,0.036900252525252523,0.8733385725188851,0.0034230257011645393
Age_Child_Language,gu3,PSD,theta,Linear SVM,15,0.5620558947252037,0.04087848387387988,0.09666975023126734,0.009713228492136912,0.07212752525252525,0.0005997474747474751,0.8707534415130472,0.0014373230690217786
Age_Child_Language,gu3,PSD,theta,Random Forest,15,0.45482836822598977,0.007940958877576454,0.10753931544865865,0.0011563367252543921,0.08137626262626263,0.0012626262626262638,0.8723571041196013,0.0008668100749594787
Age_Child_Language,gu3,PSD,theta,Elastic Net,15,0.44393770515811903,0.030123929365472008,0.1505550416281221,0.00161887141535616,0.11227904040404041,0.0009154040404040359,0.8754629514438634,0.0005997401676086644
Age_Child_Language,gu3,PSD,alpha,Linear SVM,15,0.4456887991836064,0.02811481592435658,0.11794634597594819,0.03098982423681776,0.12820391414141413,0.035148358585858575,0.8751674649716987,0.005701366712350331
Age_Child_Language,gu3,PSD,alpha,Random Forest,15,0.44920145177372545,0.01323590584026263,0.1396854764107308,0.009250693802035151,0.11275252525252526,0.003724747474747478,0.8749158447225909,0.0008490027813870538
Age_Child_Language,gu3,PSD,alpha,Elastic Net,15,0.42521870920748667,0.03462885815567912,0.13991674375578167,0.012257169287696587,0.11500946969696971,0.023342803030303033,0.8733862221633961,0.0011345061616800933
Age_Child_Language,gu3,PSD,beta,Linear SVM,15,0.4684602866085069,0.014378970027190435,0.09597594819611471,0.07423681776133209,0.08205492424242423,0.04038825757575757,0.87231058721339,0.007868382367753501
Age_Child_Language,gu3,PSD,beta,Random Forest,15,0.47141259289271953,0.018269422196904223,0.13991674375578167,0.012257169287696587,0.11317866161616161,0.010400883838383841,0.8753404483101115,0.0017610728285621935
Age_Child_Language,gu3,PSD,beta,Elastic Net,15,0.42608915859026836,0.018801286436046227,0.1070767807585569,0.04185938945420906,0.10467171717171718,0.053282828282828286,0.8738315895500721,0.005429638352460131
Age_Child_Language,gu3,PSD,highbeta,Linear SVM,15,0.37899224058496633,0.017412290466303826,0.17160037002775208,0.04116558741905643,0.17267992424242423,0.03726325757575756,0.8784579666803951,0.007420727350472778
Age_Child_Language,gu3,PSD,highbeta,Random Forest,15,0.49504531373724353,0.010677532290657765,0.22594819611470862,0.013182238667900095,0.15948547979797978,0.0004577020202020249,0.8850718649863666,0.0006812661935938769
Age_Child_Language,gu3,PSD,highbeta,Elastic Net,15,0.44883660897122235,0.004789928239758989,0.1285846438482886,0.041628122109158186,0.12932449494949494,0.03488005050505051,0.8762187495591833,0.00675580705667761
Age_Child_Language,gu3,PSD,gamma,Linear SVM,15,0.48826604885389474,0.08424078993733147,0.08580018501387604,0.020582793709528216,0.05454545454545455,0.017045454545454548,0.8721906097380061,0.0018488782549702654
Age_Child_Language,gu3,PSD,gamma,Random Forest,15,0.44824307399455676,0.009186574875309494,0.09666975023126734,0.009713228492136912,0.07242739898989899,0.0022885101010100967,0.8686109973151577,0.0032371856743296235
Age_Child_Language,gu3,PSD,gamma,Elastic Net,15,0.4257680074252308,0.027354475588556526,0.1288159111933395,0.020120259019426455,0.09981060606060606,0.020643939393939395,0.8746466831246202,0.00320304010553768
Age_Child_Language,gu3,PSD_FC,delta,Linear SVM,15,0.49569402388957895,0.030381658033734826,0.18293246993524515,0.012719703977798341,0.13093434343434343,0.009343434343434348,0.8798191339729047,0.004162890653617912
Age_Child_Language,gu3,PSD_FC,delta,Random Forest,15,0.4430830686786059,0.005725560225131737,0.1604995374653099,0.07354301572617947,0.10310921717171717,0.05172032828282829,0.8787235626787773,0.01071567349958924
Age_Child_Language,gu3,PSD_FC,delta,Elastic Net,15,0.4444082948174063,0.029329766964133724,0.12927844588344126,0.022895467160037007,0.09712752525252524,0.036900252525252523,0.8733385725188851,0.0034230257011645393
Age_Child_Language,gu3,PSD_FC,theta,Linear SVM,15,0.5620558947252037,0.04087848387387988,0.09666975023126734,0.009713228492136912,0.07212752525252525,0.0005997474747474751,0.8707534415130472,0.0014373230690217786
Age_Child_Language,gu3,PSD_FC,theta,Random Forest,15,0.45482836822598977,0.007940958877576454,0.10753931544865865,0.0011563367252543921,0.08137626262626263,0.0012626262626262638,0.8723571041196013,0.0008668100749594787
Age_Child_Language,gu3,PSD_FC,theta,Elastic Net,15,0.44393770515811903,0.030123929365472008,0.1505550416281221,0.00161887141535616,0.11227904040404041,0.0009154040404040359,0.8754629514438634,0.0005997401676086644
Age_Child_Language,gu3,PSD_FC,alpha,Linear SVM,15,0.4456887991836064,0.02811481592435658,0.11794634597594819,0.03098982423681776,0.12820391414141413,0.035148358585858575,0.8751674649716987,0.005701366712350331
Age_Child_Language,gu3,PSD_FC,alpha,Random Forest,15,0.44920145177372545,0.01323590584026263,0.1396854764107308,0.009250693802035151,0.11275252525252526,0.003724747474747478,0.8749158447225909,0.0008490027813870538
Age_Child_Language,gu3,PSD_FC,alpha,Elastic Net,15,0.42521870920748667,0.03462885815567912,0.13991674375578167,0.012257169287696587,0.11500946969696971,0.023342803030303033,0.8733862221633961,0.0011345061616800933
Age_Child_Language,gu3,PSD_FC,beta,Linear SVM,15,0.4684602866085069,0.014378970027190435,0.09597594819611471,0.07423681776133209,0.08205492424242423,0.04038825757575757,0.87231058721339,0.007868382367753501
Age_Child_Language,gu3,PSD_FC,beta,Random Forest,15,0.47141259289271953,0.018269422196904223,0.13991674375578167,0.012257169287696587,0.11317866161616161,0.010400883838383841,0.8753404483101115,0.0017610728285621935
Age_Child_Language,gu3,PSD_FC,beta,Elastic Net,15,0.42608915859026836,0.018801286436046227,0.1070767807585569,0.04185938945420906,0.10467171717171718,0.053282828282828286,0.8738315895500721,0.005429638352460131
Age_Child_Language,gu3,PSD_FC,highbeta,Linear SVM,15,0.37899224058496633,0.017412290466303826,0.17160037002775208,0.04116558741905643,0.17267992424242423,0.03726325757575756,0.8784579666803951,0.007420727350472778
Age_Child_Language,gu3,PSD_FC,highbeta,Random Forest,15,0.49504531373724353,0.010677532290657765,0.22594819611470862,0.013182238667900095,0.15948547979797978,0.0004577020202020249,0.8850718649863666,0.0006812661935938769
Age_Child_Language,gu3,PSD_FC,highbeta,Elastic Net,15,0.44883660897122235,0.004789928239758989,0.1285846438482886,0.041628122109158186,0.12932449494949494,0.03488005050505051,0.8762187495591833,0.00675580705667761
Age_Child_Language,gu3,PSD_FC,gamma,Linear SVM,15,0.48826604885389474,0.08424078993733147,0.08580018501387604,0.020582793709528216,0.05454545454545455,0.017045454545454548,0.8721906097380061,0.0018488782549702654
Age_Child_Language,gu3,PSD_FC,gamma,Random Forest,15,0.44824307399455676,0.009186574875309494,0.09666975023126734,0.009713228492136912,0.07242739898989899,0.0022885101010100967,0.8686109973151577,0.0032371856743296235
Age_Child_Language,gu3,PSD_FC,gamma,Elastic Net,15,0.4257680074252308,0.027354475588556526,0.1288159111933395,0.020120259019426455,0.09981060606060606,0.020643939393939395,0.8746466831246202,0.00320304010553768
