Task,Condition,Feature_Mode,Band,Model,N_Features,AUC_mean,AUC_std,Accuracy_mean,Accuracy_std,Sensitivity_mean,Sensitivity_std,Specificity_mean,Specificity_std
Age_Group,gu1,FC,delta,Linear SVM,15,0.5842700014008366,0.07071413587578494,0.44000000000000006,0.053333333333333344,0.41806998556998554,0.05777087257486111,0.810756741351707,0.01755238920124091
Age_Group,gu1,FC,delta,Random Forest,15,0.5679280444966086,0.04373263736454904,0.36,0.05734883511361752,0.3422348484848485,0.05882307926441934,0.7834789379194413,0.022508356302193736
Age_Group,gu1,FC,delta,Elastic Net,15,0.629371736124711,0.05441023354599615,0.42000000000000004,0.06863753427324668,0.4136056998556999,0.07998419226592926,0.8045661409528686,0.02326858954007482
Age_Group,gu1,FC,theta,Linear SVM,15,0.7007612506211476,0.021642107519368115,0.3666666666666667,0.1398411797560202,0.36090367965367964,0.11820061609178768,0.7895393054695115,0.04238776493405208
Age_Group,gu1,FC,theta,Random Forest,15,0.589202530012999,0.06254632183977131,0.29333333333333333,0.07999999999999999,0.2862770562770563,0.0806507880466443,0.7592523666265085,0.02525292900721126
Age_Group,gu1,FC,theta,Elastic Net,15,0.6297930726172718,0.04604389641443383,0.3333333333333333,0.047140452079103175,0.33114357864357863,0.05265677240226964,0.7765777795812121,0.013070557524051367
Age_Group,gu1,FC,alpha,Linear SVM,15,0.6350467469918843,0.06948488098878879,0.32666666666666666,0.08,0.33758838383838385,0.0900527652759073,0.7718296383250616,0.02878253611988817
Age_Group,gu1,FC,alpha,Random Forest,15,0.6188287004249247,0.0738497837860666,0.38,0.06531972647421809,0.3756727994227994,0.06055195895935298,0.7887376776541537,0.020360908824299816
Age_Group,gu1,FC,alpha,Elastic Net,15,0.6251250811418431,0.05131651093824454,0.3466666666666667,0.0618241233033047,0.3590169552669553,0.06705624935177704,0.7794126422776309,0.024322889805702005
Age_Group,gu1,FC,beta,Linear SVM,15,0.6556848624995649,0.059022816710757445,0.39999999999999997,0.04714045207910318,0.41023088023088017,0.06364377418093412,0.7998517900863439,0.01612516995540535
Age_Group,gu1,FC,beta,Random Forest,15,0.638343168383443,0.04423416891121373,0.4133333333333334,0.0339934634239519,0.40400432900432903,0.030728913403861642,0.7998374329713002,0.011158200879456499
Age_Group,gu1,FC,beta,Elastic Net,15,0.6820272576563194,0.02370582125425894,0.42666666666666664,0.053333333333333344,0.42977633477633476,0.05049615033153975,0.8070543762111267,0.019099702826594456
Age_Group,gu1,FC,highbeta,Linear SVM,15,0.6486413977221186,0.015801944392713027,0.36,0.08273115763993905,0.344738455988456,0.07759701740193653,0.7865306752743824,0.024981976399137254
Age_Group,gu1,FC,highbeta,Random Forest,15,0.5669216131323969,0.06616752805742616,0.33999999999999997,0.10624918300339484,0.3266991341991342,0.11556741726711124,0.7760007989721949,0.0330668027969857
Age_Group,gu1,FC,highbeta,Elastic Net,15,0.6419959457759801,0.05701940754050101,0.36,0.053333333333333344,0.35606601731601734,0.0684078346062538,0.7862672293381675,0.015789760352685266
Age_Group,gu1,FC,gamma,Linear SVM,15,0.6031838758029834,0.024158834301337345,0.3466666666666667,0.06863753427324668,0.3362373737373737,0.0625402219149149,0.7791478281443955,0.02206739580312345
Age_Group,gu1,FC,gamma,Random Forest,15,0.5780073557629335,0.0713339682875152,0.38,0.132664991614216,0.3570003607503608,0.12433785450869428,0.7923798855606636,0.04386011796819802
Age_Group,gu1,FC,gamma,Elastic Net,15,0.6254392510108757,0.018547000281458,0.35333333333333333,0.05811865258054232,0.34592893217893217,0.034450991112636734,0.7856049865466341,0.020303112238370936
Age_Group,gu1,PSD,delta,Linear SVM,15,0.5842700014008366,0.07071413587578494,0.44000000000000006,0.053333333333333344,0.41806998556998554,0.05777087257486111,0.810756741351707,0.01755238920124091
Age_Group,gu1,PSD,delta,Random Forest,15,0.5679280444966086,0.04373263736454904,0.36,0.05734883511361752,0.3422348484848485,0.05882307926441934,0.7834789379194413,0.022508356302193736
Age_Group,gu1,PSD,delta,Elastic Net,15,0.629371736124711,0.05441023354599615,0.42000000000000004,0.06863753427324668,0.4136056998556999,0.07998419226592926,0.8045661409528686,0.02326858954007482
Age_Group,gu1,PSD,theta,Linear SVM,15,0.7007612506211476,0.021642107519368115,0.3666666666666667,0.1398411797560202,0.36090367965367964,0.11820061609178768,0.7895393054695115,0.04238776493405208
Age_Group,gu1,PSD,theta,Random Forest,15,0.589202530012999,0.06254632183977131,0.29333333333333333,0.07999999999999999,0.2862770562770563,0.0806507880466443,0.7592523666265085,0.02525292900721126
Age_Group,gu1,PSD,theta,Elastic Net,15,0.6297930726172718,0.04604389641443383,0.3333333333333333,0.047140452079103175,0.33114357864357863,0.05265677240226964,0.7765777795812121,0.013070557524051367
Age_Group,gu1,PSD,alpha,Linear SVM,15,0.6350467469918843,0.06948488098878879,0.32666666666666666,0.08,0.33758838383838385,0.0900527652759073,0.7718296383250616,0.02878253611988817
Age_Group,gu1,PSD,alpha,Random Forest,15,0.6188287004249247,0.0738497837860666,0.38,0.06531972647421809,0.3756727994227994,0.06055195895935298,0.7887376776541537,0.020360908824299816
Age_Group,gu1,PSD,alpha,Elastic Net,15,0.6251250811418431,0.05131651093824454,0.3466666666666667,0.0618241233033047,0.3590169552669553,0.06705624935177704,0.7794126422776309,0.024322889805702005
Age_Group,gu1,PSD,beta,Linear SVM,15,0.6556848624995649,0.059022816710757445,0.39999999999999997,0.04714045207910318,0.41023088023088017,0.06364377418093412,0.7998517900863439,0.01612516995540535
Age_Group,gu1,PSD,beta,Random Forest,15,0.638343168383443,0.04423416891121373,0.4133333333333334,0.0339934634239519,0.40400432900432903,0.030728913403861642,0.7998374329713002,0.011158200879456499
Age_Group,gu1,PSD,beta,Elastic Net,15,0.6820272576563194,0.02370582125425894,0.42666666666666664,0.053333333333333344,0.42977633477633476,0.05049615033153975,0.8070543762111267,0.019099702826594456
Age_Group,gu1,PSD,highbeta,Linear SVM,15,0.6486413977221186,0.015801944392713027,0.36,0.08273115763993905,0.344738455988456,0.07759701740193653,0.7865306752743824,0.024981976399137254
Age_Group,gu1,PSD,highbeta,Random Forest,15,0.5669216131323969,0.06616752805742616,0.33999999999999997,0.10624918300339484,0.3266991341991342,0.11556741726711124,0.7760007989721949,0.0330668027969857
Age_Group,gu1,PSD,highbeta,Elastic Net,15,0.6419959457759801,0.05701940754050101,0.36,0.053333333333333344,0.35606601731601734,0.0684078346062538,0.7862672293381675,0.015789760352685266
Age_Group,gu1,PSD,gamma,Linear SVM,15,0.6031838758029834,0.024158834301337345,0.3466666666666667,0.06863753427324668,0.3362373737373737,0.0625402219149149,0.7791478281443955,0.02206739580312345
Age_Group,gu1,PSD,gamma,Random Forest,15,0.5780073557629335,0.0713339682875152,0.38,0.132664991614216,0.3570003607503608,0.12433785450869428,0.7923798855606636,0.04386011796819802
Age_Group,gu1,PSD,gamma,Elastic Net,15,0.6254392510108757,0.018547000281458,0.35333333333333333,0.05811865258054232,0.34592893217893217,0.034450991112636734,0.7856049865466341,0.020303112238370936
Age_Group,gu1,PSD_FC,delta,Linear SVM,15,0.5842700014008366,0.07071413587578494,0.44000000000000006,0.053333333333333344,0.41806998556998554,0.05777087257486111,0.810756741351707,0.01755238920124091
Age_Group,gu1,PSD_FC,delta,Random Forest,15,0.5679280444966086,0.04373263736454904,0.36,0.05734883511361752,0.3422348484848485,0.05882307926441934,0.7834789379194413,0.022508356302193736
Age_Group,gu1,PSD_FC,delta,Elastic Net,15,0.629371736124711,0.05441023354599615,0.42000000000000004,0.06863753427324668,0.4136056998556999,0.07998419226592926,0.8045661409528686,0.02326858954007482
Age_Group,gu1,PSD_FC,theta,Linear SVM,15,0.7007612506211476,0.021642107519368115,0.3666666666666667,0.1398411797560202,0.36090367965367964,0.11820061609178768,0.7895393054695115,0.04238776493405208
Age_Group,gu1,PSD_FC,theta,Random Forest,15,0.589202530012999,0.06254632183977131,0.29333333333333333,0.07999999999999999,0.2862770562770563,0.0806507880466443,0.7592523666265085,0.02525292900721126
Age_Group,gu1,PSD_FC,theta,Elastic Net,15,0.6297930726172718,0.04604389641443383,0.3333333333333333,0.047140452079103175,0.33114357864357863,0.05265677240226964,0.7765777795812121,0.013070557524051367
Age_Group,gu1,PSD_FC,alpha,Linear SVM,15,0.6350467469918843,0.06948488098878879,0.32666666666666666,0.08,0.33758838383838385,0.0900527652759073,0.7718296383250616,0.02878253611988817
Age_Group,gu1,PSD_FC,alpha,Random Forest,15,0.6188287004249247,0.0738497837860666,0.38,0.06531972647421809,0.3756727994227994,0.06055195895935298,0.7887376776541537,0.020360908824299816
Age_Group,gu1,PSD_FC,alpha,Elastic Net,15,0.6251250811418431,0.05131651093824454,0.3466666666666667,0.0618241233033047,0.3590169552669553,0.06705624935177704,0.7794126422776309,0.024322889805702005
Age_Group,gu1,PSD_FC,beta,Linear SVM,15,0.6556848624995649,0.059022816710757445,0.39999999999999997,0.04714045207910318,0.41023088023088017,0.06364377418093412,0.7998517900863439,0.01612516995540535
Age_Group,gu1,PSD_FC,beta,Random Forest,15,0.638343168383443,0.04423416891121373,0.4133333333333334,0.0339934634239519,0.40400432900432903,0.030728913403861642,0.7998374329713002,0.011158200879456499
Age_Group,gu1,PSD_FC,beta,Elastic Net,15,0.6820272576563194,0.02370582125425894,0.42666666666666664,0.053333333333333344,0.42977633477633476,0.05049615033153975,0.8070543762111267,0.019099702826594456
Age_Group,gu1,PSD_FC,highbeta,Linear SVM,15,0.6486413977221186,0.015801944392713027,0.36,0.08273115763993905,0.344738455988456,0.07759701740193653,0.7865306752743824,0.024981976399137254
Age_Group,gu1,PSD_FC,highbeta,Random Forest,15,0.5669216131323969,0.06616752805742616,0.33999999999999997,0.10624918300339484,0.3266991341991342,0.11556741726711124,0.7760007989721949,0.0330668027969857
Age_Group,gu1,PSD_FC,highbeta,Elastic Net,15,0.6419959457759801,0.05701940754050101,0.36,0.053333333333333344,0.35606601731601734,0.0684078346062538,0.7862672293381675,0.015789760352685266
Age_Group,gu1,PSD_FC,gamma,Linear SVM,15,0.6031838758029834,0.024158834301337345,0.3466666666666667,0.06863753427324668,0.3362373737373737,0.0625402219149149,0.7791478281443955,0.02206739580312345
Age_Group,gu1,PSD_FC,gamma,Random Forest,15,0.5780073557629335,0.0713339682875152,0.38,0.132664991614216,0.3570003607503608,0.12433785450869428,0.7923798855606636,0.04386011796819802
Age_Group,gu1,PSD_FC,gamma,Elastic Net,15,0.6254392510108757,0.018547000281458,0.35333333333333333,0.05811865258054232,0.34592893217893217,0.034450991112636734,0.7856049865466341,0.020303112238370936
Language,gu1,FC,delta,Linear SVM,15,0.551967286781038,0.037125364375281106,0.24666666666666665,0.09333333333333332,0.19223901098901097,0.08187101274524097,0.7396109980723924,0.036571504344406036
Language,gu1,FC,delta,Random Forest,15,0.48501970899283275,0.0678518191293549,0.31999999999999995,0.06863753427324666,0.26071428571428573,0.05485629850518656,0.7535454007144632,0.027418559520561176
Language,gu1,FC,delta,Elastic Net,15,0.4326669721329469,0.08138788267674785,0.22666666666666666,0.06463573143221772,0.18756868131868132,0.0519729287110326,0.7359060371456747,0.028671824437534056
Language,gu1,FC,theta,Linear SVM,15,0.5417261111099854,0.047543479645276956,0.2733333333333333,0.08537498983243798,0.2276098901098901,0.08176348731030775,0.7394187455546483,0.03073732023641998
Language,gu1,FC,theta,Random Forest,15,0.4688928070645071,0.08684629777917133,0.2666666666666667,0.06666666666666667,0.21105769230769234,0.06190225573096326,0.7313266518955954,0.034433116010480436
Language,gu1,FC,theta,Elastic Net,15,0.4435280121369062,0.09812324668502051,0.26,0.10413666234542206,0.2363324175824176,0.10708657651161127,0.744387532169744,0.036682358412369526
Language,gu1,FC,alpha,Linear SVM,15,0.5226735309403534,0.06157917915462425,0.22000000000000003,0.04521553322083512,0.2324862637362637,0.0947981349528172,0.7380090858409604,0.021456436114838242
Language,gu1,FC,alpha,Random Forest,15,0.48608308183019905,0.06824998302042087,0.32666666666666666,0.04898979485566355,0.24546703296703293,0.053530644520587624,0.7563715921832819,0.019659603051273386
Language,gu1,FC,alpha,Elastic Net,15,0.44550934268901576,0.05302406937999437,0.2066666666666667,0.05333333333333333,0.2447802197802198,0.10303260018499746,0.731818768805055,0.020817587045064825
Language,gu1,FC,beta,Linear SVM,15,0.5013322607313755,0.049499543578798565,0.2733333333333333,0.044221663871405324,0.26243131868131864,0.05796979968398651,0.7650179660933475,0.016761138960048824
Language,gu1,FC,beta,Random Forest,15,0.44704800440046333,0.07889747273037649,0.24666666666666667,0.10022197585581939,0.1956043956043956,0.07988632382536828,0.7279012899967128,0.04679866524595705
Language,gu1,FC,beta,Elastic Net,15,0.5384508189303862,0.05487072469943615,0.2866666666666667,0.11661903789690602,0.2998626373626373,0.17741016110656405,0.7678770395646333,0.050178046629410444
Language,gu1,FC,highbeta,Linear SVM,15,0.47446831929425193,0.08034783370321713,0.35333333333333333,0.06863753427324668,0.36456043956043954,0.1104906324969722,0.769056872442312,0.03200499559823844
Language,gu1,FC,highbeta,Random Forest,15,0.5368188009076205,0.05774020705760717,0.33333333333333337,0.05577733510227171,0.30054945054945054,0.10191423682821148,0.7609513783024455,0.019054568045189946
Language,gu1,FC,highbeta,Elastic Net,15,0.5352341131066659,0.10146813689837543,0.29999999999999993,0.04216370213557838,0.2916895604395604,0.11426321728860032,0.757236631875048,0.025989370520654323
Language,gu1,FC,gamma,Linear SVM,15,0.4933965982480787,0.045084722016358,0.28,0.04988876515698587,0.2040521978021978,0.040009683082592895,0.7527743111351124,0.01491887225584576
Language,gu1,FC,gamma,Random Forest,15,0.4920374776361305,0.04677589563135656,0.3466666666666667,0.061824123303304696,0.3296703296703297,0.10853712941727475,0.7605236080393724,0.020369988045146656
Language,gu1,FC,gamma,Elastic Net,15,0.4363509387803307,0.03881692361243416,0.2533333333333333,0.03399346342395189,0.18626373626373624,0.04028064192781257,0.7493591212892408,0.016346499113629825
Language,gu1,PSD,delta,Linear SVM,15,0.551967286781038,0.037125364375281106,0.24666666666666665,0.09333333333333332,0.19223901098901097,0.08187101274524097,0.7396109980723924,0.036571504344406036
Language,gu1,PSD,delta,Random Forest,15,0.48501970899283275,0.0678518191293549,0.31999999999999995,0.06863753427324666,0.26071428571428573,0.05485629850518656,0.7535454007144632,0.027418559520561176
Language,gu1,PSD,delta,Elastic Net,15,0.4326669721329469,0.08138788267674785,0.22666666666666666,0.06463573143221772,0.18756868131868132,0.0519729287110326,0.7359060371456747,0.028671824437534056
Language,gu1,PSD,theta,Linear SVM,15,0.5417261111099854,0.047543479645276956,0.2733333333333333,0.08537498983243798,0.2276098901098901,0.08176348731030775,0.7394187455546483,0.03073732023641998
Language,gu1,PSD,theta,Random Forest,15,0.4688928070645071,0.08684629777917133,0.2666666666666667,0.06666666666666667,0.21105769230769234,0.06190225573096326,0.7313266518955954,0.034433116010480436
Language,gu1,PSD,theta,Elastic Net,15,0.4435280121369062,0.09812324668502051,0.26,0.10413666234542206,0.2363324175824176,0.10708657651161127,0.744387532169744,0.036682358412369526
Language,gu1,PSD,alpha,Linear SVM,15,0.5226735309403534,0.06157917915462425,0.22000000000000003,0.04521553322083512,0.2324862637362637,0.0947981349528172,0.7380090858409604,0.021456436114838242
Language,gu1,PSD,alpha,Random Forest,15,0.48608308183019905,0.06824998302042087,0.32666666666666666,0.04898979485566355,0.24546703296703293,0.053530644520587624,0.7563715921832819,0.019659603051273386
Language,gu1,PSD,alpha,Elastic Net,15,0.44550934268901576,0.05302406937999437,0.2066666666666667,0.05333333333333333,0.2447802197802198,0.10303260018499746,0.731818768805055,0.020817587045064825
Language,gu1,PSD,beta,Linear SVM,15,0.5013322607313755,0.049499543578798565,0.2733333333333333,0.044221663871405324,0.26243131868131864,0.05796979968398651,0.7650179660933475,0.016761138960048824
Language,gu1,PSD,beta,Random Forest,15,0.44704800440046333,0.07889747273037649,0.24666666666666667,0.10022197585581939,0.1956043956043956,0.07988632382536828,0.7279012899967128,0.04679866524595705
Language,gu1,PSD,beta,Elastic Net,15,0.5384508189303862,0.05487072469943615,0.2866666666666667,0.11661903789690602,0.2998626373626373,0.17741016110656405,0.7678770395646333,0.050178046629410444
Language,gu1,PSD,highbeta,Linear SVM,15,0.47446831929425193,0.08034783370321713,0.35333333333333333,0.06863753427324668,0.36456043956043954,0.1104906324969722,0.769056872442312,0.03200499559823844
Language,gu1,PSD,highbeta,Random Forest,15,0.5368188009076205,0.05774020705760717,0.33333333333333337,0.05577733510227171,0.30054945054945054,0.10191423682821148,0.7609513783024455,0.019054568045189946
Language,gu1,PSD,highbeta,Elastic Net,15,0.5352341131066659,0.10146813689837543,0.29999999999999993,0.04216370213557838,0.2916895604395604,0.11426321728860032,0.757236631875048,0.025989370520654323
Language,gu1,PSD,gamma,Linear SVM,15,0.4933965982480787,0.045084722016358,0.28,0.04988876515698587,0.2040521978021978,0.040009683082592895,0.7527743111351124,0.01491887225584576
Language,gu1,PSD,gamma,Random Forest,15,0.4920374776361305,0.04677589563135656,0.3466666666666667,0.061824123303304696,0.3296703296703297,0.10853712941727475,0.7605236080393724,0.020369988045146656
Language,gu1,PSD,gamma,Elastic Net,15,0.4363509387803307,0.03881692361243416,0.2533333333333333,0.03399346342395189,0.18626373626373624,0.04028064192781257,0.7493591212892408,0.016346499113629825
Language,gu1,PSD_FC,delta,Linear SVM,15,0.551967286781038,0.037125364375281106,0.24666666666666665,0.09333333333333332,0.19223901098901097,0.08187101274524097,0.7396109980723924,0.036571504344406036
Language,gu1,PSD_FC,delta,Random Forest,15,0.48501970899283275,0.0678518191293549,0.31999999999999995,0.06863753427324666,0.26071428571428573,0.05485629850518656,0.7535454007144632,0.027418559520561176
Language,gu1,PSD_FC,delta,Elastic Net,15,0.4326669721329469,0.08138788267674785,0.22666666666666666,0.06463573143221772,0.18756868131868132,0.0519729287110326,0.7359060371456747,0.028671824437534056
Language,gu1,PSD_FC,theta,Linear SVM,15,0.5417261111099854,0.047543479645276956,0.2733333333333333,0.08537498983243798,0.2276098901098901,0.08176348731030775,0.7394187455546483,0.03073732023641998
Language,gu1,PSD_FC,theta,Random Forest,15,0.4688928070645071,0.08684629777917133,0.2666666666666667,0.06666666666666667,0.21105769230769234,0.06190225573096326,0.7313266518955954,0.034433116010480436
Language,gu1,PSD_FC,theta,Elastic Net,15,0.4435280121369062,0.09812324668502051,0.26,0.10413666234542206,0.2363324175824176,0.10708657651161127,0.744387532169744,0.036682358412369526
Language,gu1,PSD_FC,alpha,Linear SVM,15,0.5226735309403534,0.06157917915462425,0.22000000000000003,0.04521553322083512,0.2324862637362637,0.0947981349528172,0.7380090858409604,0.021456436114838242
Language,gu1,PSD_FC,alpha,Random Forest,15,0.48608308183019905,0.06824998302042087,0.32666666666666666,0.04898979485566355,0.24546703296703293,0.053530644520587624,0.7563715921832819,0.019659603051273386
Language,gu1,PSD_FC,alpha,Elastic Net,15,0.44550934268901576,0.05302406937999437,0.2066666666666667,0.05333333333333333,0.2447802197802198,0.10303260018499746,0.731818768805055,0.020817587045064825
Language,gu1,PSD_FC,beta,Linear SVM,15,0.5013322607313755,0.049499543578798565,0.2733333333333333,0.044221663871405324,0.26243131868131864,0.05796979968398651,0.7650179660933475,0.016761138960048824
Language,gu1,PSD_FC,beta,Random Forest,15,0.44704800440046333,0.07889747273037649,0.24666666666666667,0.10022197585581939,0.1956043956043956,0.07988632382536828,0.7279012899967128,0.04679866524595705
Language,gu1,PSD_FC,beta,Elastic Net,15,0.5384508189303862,0.05487072469943615,0.2866666666666667,0.11661903789690602,0.2998626373626373,0.17741016110656405,0.7678770395646333,0.050178046629410444
Language,gu1,PSD_FC,highbeta,Linear SVM,15,0.47446831929425193,0.08034783370321713,0.35333333333333333,0.06863753427324668,0.36456043956043954,0.1104906324969722,0.769056872442312,0.03200499559823844
Language,gu1,PSD_FC,highbeta,Random Forest,15,0.5368188009076205,0.05774020705760717,0.33333333333333337,0.05577733510227171,0.30054945054945054,0.10191423682821148,0.7609513783024455,0.019054568045189946
Language,gu1,PSD_FC,highbeta,Elastic Net,15,0.5352341131066659,0.10146813689837543,0.29999999999999993,0.04216370213557838,0.2916895604395604,0.11426321728860032,0.757236631875048,0.025989370520654323
Language,gu1,PSD_FC,gamma,Linear SVM,15,0.4933965982480787,0.045084722016358,0.28,0.04988876515698587,0.2040521978021978,0.040009683082592895,0.7527743111351124,0.01491887225584576
Language,gu1,PSD_FC,gamma,Random Forest,15,0.4920374776361305,0.04677589563135656,0.3466666666666667,0.061824123303304696,0.3296703296703297,0.10853712941727475,0.7605236080393724,0.020369988045146656
Language,gu1,PSD_FC,gamma,Elastic Net,15,0.4363509387803307,0.03881692361243416,0.2533333333333333,0.03399346342395189,0.18626373626373624,0.04028064192781257,0.7493591212892408,0.016346499113629825
Language_Tonal,gu1,FC,delta,Linear SVM,15,0.600925177763413,0.0741611503773369,0.4066666666666666,0.05734883511361752,0.4114657401422107,0.05351460335169387,0.4114657401422107,0.05351460335169387
Language_Tonal,gu1,FC,delta,Random Forest,15,0.5075165643180349,0.1478633693928166,0.5199999999999999,0.14391355429948602,0.5118899482870071,0.14561679197176697,0.5118899482870071,0.14561679197176697
Language_Tonal,gu1,FC,delta,Elastic Net,15,0.42431722689075635,0.10041849552359972,0.4666666666666666,0.08692269873603532,0.46894796380090503,0.08532899235418563,0.46894796380090503,0.08532899235418563
Language_Tonal,gu1,FC,theta,Linear SVM,15,0.5609122495151908,0.13865073314163764,0.47333333333333333,0.038873012632301994,0.4832417582417582,0.0577154254317025,0.4832417582417582,0.0577154254317025
Language_Tonal,gu1,FC,theta,Random Forest,15,0.5104496606334841,0.08411757054475531,0.49333333333333335,0.05333333333333333,0.48709599224305106,0.0460909614347276,0.48709599224305106,0.0460909614347276
Language_Tonal,gu1,FC,theta,Elastic Net,15,0.38937459599224306,0.12277793048269207,0.42000000000000004,0.04521553322083512,0.4191580478345184,0.057764710639826446,0.4191580478345184,0.057764710639826446
Language_Tonal,gu1,FC,alpha,Linear SVM,15,0.5346032643826761,0.09499747540248628,0.48,0.03399346342395189,0.47679783451842284,0.03541336117828191,0.47679783451842284,0.03541336117828191
Language_Tonal,gu1,FC,alpha,Random Forest,15,0.4272402230122818,0.06418675905421835,0.44666666666666666,0.06531972647421809,0.439390756302521,0.06662169203146687,0.439390756302521,0.06662169203146687
Language_Tonal,gu1,FC,alpha,Elastic Net,15,0.41988930187459594,0.08845737835326599,0.4333333333333333,0.06324555320336758,0.43034906270200385,0.06766119472264417,0.43034906270200385,0.06766119472264417
Language_Tonal,gu1,FC,beta,Linear SVM,15,0.5489697802197802,0.029850827174170952,0.49333333333333335,0.06463573143221771,0.48654654169360045,0.04951224757118606,0.48654654169360045,0.04951224757118606
Language_Tonal,gu1,FC,beta,Random Forest,15,0.41565126050420165,0.0705517446924451,0.4533333333333333,0.061824123303304696,0.445640756302521,0.07191438167051073,0.445640756302521,0.07191438167051073
Language_Tonal,gu1,FC,beta,Elastic Net,15,0.4014503878474466,0.0499148102789672,0.4533333333333333,0.04988876515698588,0.45090901745313505,0.04370294112196027,0.45090901745313505,0.04370294112196027
Language_Tonal,gu1,FC,highbeta,Linear SVM,15,0.4040441176470588,0.03262535718199841,0.5533333333333332,0.0956846672960488,0.5506948933419522,0.08988934051874474,0.5506948933419522,0.08988934051874474
Language_Tonal,gu1,FC,highbeta,Random Forest,15,0.48151260504201676,0.08738802503071516,0.5,0.08692269873603532,0.49964851325145443,0.08410129012427228,0.49964851325145443,0.08410129012427228
Language_Tonal,gu1,FC,highbeta,Elastic Net,15,0.5562217194570136,0.08211003737520362,0.5599999999999999,0.07999999999999999,0.5621404330963153,0.0798400047507808,0.5621404330963153,0.0798400047507808
Language_Tonal,gu1,FC,gamma,Linear SVM,15,0.46551389786683905,0.07764806944175112,0.5,0.05577733510227169,0.5066540077569489,0.0465643777372706,0.5066540077569489,0.0465643777372706
Language_Tonal,gu1,FC,gamma,Random Forest,15,0.5023937459599225,0.08816183549950346,0.5199999999999999,0.0805536398239638,0.5267129928894635,0.07646275356687957,0.5267129928894635,0.07646275356687957
Language_Tonal,gu1,FC,gamma,Elastic Net,15,0.5213033290239173,0.07845056870768534,0.5333333333333333,0.08164965809277258,0.5376939237233355,0.07307969778561484,0.5376939237233355,0.07307969778561484
Language_Tonal,gu1,PSD,delta,Linear SVM,15,0.600925177763413,0.0741611503773369,0.4066666666666666,0.05734883511361752,0.4114657401422107,0.05351460335169387,0.4114657401422107,0.05351460335169387
Language_Tonal,gu1,PSD,delta,Random Forest,15,0.5075165643180349,0.1478633693928166,0.5199999999999999,0.14391355429948602,0.5118899482870071,0.14561679197176697,0.5118899482870071,0.14561679197176697
Language_Tonal,gu1,PSD,delta,Elastic Net,15,0.42431722689075635,0.10041849552359972,0.4666666666666666,0.08692269873603532,0.46894796380090503,0.08532899235418563,0.46894796380090503,0.08532899235418563
Language_Tonal,gu1,PSD,theta,Linear SVM,15,0.5609122495151908,0.13865073314163764,0.47333333333333333,0.038873012632301994,0.4832417582417582,0.0577154254317025,0.4832417582417582,0.0577154254317025
Language_Tonal,gu1,PSD,theta,Random Forest,15,0.5104496606334841,0.08411757054475531,0.49333333333333335,0.05333333333333333,0.48709599224305106,0.0460909614347276,0.48709599224305106,0.0460909614347276
Language_Tonal,gu1,PSD,theta,Elastic Net,15,0.38937459599224306,0.12277793048269207,0.42000000000000004,0.04521553322083512,0.4191580478345184,0.057764710639826446,0.4191580478345184,0.057764710639826446
Language_Tonal,gu1,PSD,alpha,Linear SVM,15,0.5346032643826761,0.09499747540248628,0.48,0.03399346342395189,0.47679783451842284,0.03541336117828191,0.47679783451842284,0.03541336117828191
Language_Tonal,gu1,PSD,alpha,Random Forest,15,0.4272402230122818,0.06418675905421835,0.44666666666666666,0.06531972647421809,0.439390756302521,0.06662169203146687,0.439390756302521,0.06662169203146687
Language_Tonal,gu1,PSD,alpha,Elastic Net,15,0.41988930187459594,0.08845737835326599,0.4333333333333333,0.06324555320336758,0.43034906270200385,0.06766119472264417,0.43034906270200385,0.06766119472264417
Language_Tonal,gu1,PSD,beta,Linear SVM,15,0.5489697802197802,0.029850827174170952,0.49333333333333335,0.06463573143221771,0.48654654169360045,0.04951224757118606,0.48654654169360045,0.04951224757118606
Language_Tonal,gu1,PSD,beta,Random Forest,15,0.41565126050420165,0.0705517446924451,0.4533333333333333,0.061824123303304696,0.445640756302521,0.07191438167051073,0.445640756302521,0.07191438167051073
Language_Tonal,gu1,PSD,beta,Elastic Net,15,0.4014503878474466,0.0499148102789672,0.4533333333333333,0.04988876515698588,0.45090901745313505,0.04370294112196027,0.45090901745313505,0.04370294112196027
Language_Tonal,gu1,PSD,highbeta,Linear SVM,15,0.4040441176470588,0.03262535718199841,0.5533333333333332,0.0956846672960488,0.5506948933419522,0.08988934051874474,0.5506948933419522,0.08988934051874474
Language_Tonal,gu1,PSD,highbeta,Random Forest,15,0.48151260504201676,0.08738802503071516,0.5,0.08692269873603532,0.49964851325145443,0.08410129012427228,0.49964851325145443,0.08410129012427228
Language_Tonal,gu1,PSD,highbeta,Elastic Net,15,0.5562217194570136,0.08211003737520362,0.5599999999999999,0.07999999999999999,0.5621404330963153,0.0798400047507808,0.5621404330963153,0.0798400047507808
Language_Tonal,gu1,PSD,gamma,Linear SVM,15,0.46551389786683905,0.07764806944175112,0.5,0.05577733510227169,0.5066540077569489,0.0465643777372706,0.5066540077569489,0.0465643777372706
Language_Tonal,gu1,PSD,gamma,Random Forest,15,0.5023937459599225,0.08816183549950346,0.5199999999999999,0.0805536398239638,0.5267129928894635,0.07646275356687957,0.5267129928894635,0.07646275356687957
Language_Tonal,gu1,PSD,gamma,Elastic Net,15,0.5213033290239173,0.07845056870768534,0.5333333333333333,0.08164965809277258,0.5376939237233355,0.07307969778561484,0.5376939237233355,0.07307969778561484
Language_Tonal,gu1,PSD_FC,delta,Linear SVM,15,0.600925177763413,0.0741611503773369,0.4066666666666666,0.05734883511361752,0.4114657401422107,0.05351460335169387,0.4114657401422107,0.05351460335169387
Language_Tonal,gu1,PSD_FC,delta,Random Forest,15,0.5075165643180349,0.1478633693928166,0.5199999999999999,0.14391355429948602,0.5118899482870071,0.14561679197176697,0.5118899482870071,0.14561679197176697
Language_Tonal,gu1,PSD_FC,delta,Elastic Net,15,0.42431722689075635,0.10041849552359972,0.4666666666666666,0.08692269873603532,0.46894796380090503,0.08532899235418563,0.46894796380090503,0.08532899235418563
Language_Tonal,gu1,PSD_FC,theta,Linear SVM,15,0.5609122495151908,0.13865073314163764,0.47333333333333333,0.038873012632301994,0.4832417582417582,0.0577154254317025,0.4832417582417582,0.0577154254317025
Language_Tonal,gu1,PSD_FC,theta,Random Forest,15,0.5104496606334841,0.08411757054475531,0.49333333333333335,0.05333333333333333,0.48709599224305106,0.0460909614347276,0.48709599224305106,0.0460909614347276
Language_Tonal,gu1,PSD_FC,theta,Elastic Net,15,0.38937459599224306,0.12277793048269207,0.42000000000000004,0.04521553322083512,0.4191580478345184,0.057764710639826446,0.4191580478345184,0.057764710639826446
Language_Tonal,gu1,PSD_FC,alpha,Linear SVM,15,0.5346032643826761,0.09499747540248628,0.48,0.03399346342395189,0.47679783451842284,0.03541336117828191,0.47679783451842284,0.03541336117828191
Language_Tonal,gu1,PSD_FC,alpha,Random Forest,15,0.4272402230122818,0.06418675905421835,0.44666666666666666,0.06531972647421809,0.439390756302521,0.06662169203146687,0.439390756302521,0.06662169203146687
Language_Tonal,gu1,PSD_FC,alpha,Elastic Net,15,0.41988930187459594,0.08845737835326599,0.4333333333333333,0.06324555320336758,0.43034906270200385,0.06766119472264417,0.43034906270200385,0.06766119472264417
Language_Tonal,gu1,PSD_FC,beta,Linear SVM,15,0.5489697802197802,0.029850827174170952,0.49333333333333335,0.06463573143221771,0.48654654169360045,0.04951224757118606,0.48654654169360045,0.04951224757118606
Language_Tonal,gu1,PSD_FC,beta,Random Forest,15,0.41565126050420165,0.0705517446924451,0.4533333333333333,0.061824123303304696,0.445640756302521,0.07191438167051073,0.445640756302521,0.07191438167051073
Language_Tonal,gu1,PSD_FC,beta,Elastic Net,15,0.4014503878474466,0.0499148102789672,0.4533333333333333,0.04988876515698588,0.45090901745313505,0.04370294112196027,0.45090901745313505,0.04370294112196027
Language_Tonal,gu1,PSD_FC,highbeta,Linear SVM,15,0.4040441176470588,0.03262535718199841,0.5533333333333332,0.0956846672960488,0.5506948933419522,0.08988934051874474,0.5506948933419522,0.08988934051874474
Language_Tonal,gu1,PSD_FC,highbeta,Random Forest,15,0.48151260504201676,0.08738802503071516,0.5,0.08692269873603532,0.49964851325145443,0.08410129012427228,0.49964851325145443,0.08410129012427228
Language_Tonal,gu1,PSD_FC,highbeta,Elastic Net,15,0.5562217194570136,0.08211003737520362,0.5599999999999999,0.07999999999999999,0.5621404330963153,0.0798400047507808,0.5621404330963153,0.0798400047507808
Language_Tonal,gu1,PSD_FC,gamma,Linear SVM,15,0.46551389786683905,0.07764806944175112,0.5,0.05577733510227169,0.5066540077569489,0.0465643777372706,0.5066540077569489,0.0465643777372706
Language_Tonal,gu1,PSD_FC,gamma,Random Forest,15,0.5023937459599225,0.08816183549950346,0.5199999999999999,0.0805536398239638,0.5267129928894635,0.07646275356687957,0.5267129928894635,0.07646275356687957
Language_Tonal,gu1,PSD_FC,gamma,Elastic Net,15,0.5213033290239173,0.07845056870768534,0.5333333333333333,0.08164965809277258,0.5376939237233355,0.07307969778561484,0.5376939237233355,0.07307969778561484
Age_Child_Language_Tonal,gu1,FC,delta,Linear SVM,15,0.47892496392496386,0.03798676092342468,0.3771929824561403,0.06271231166528425,0.4078571428571428,0.05109403983861012,0.7954924242424243,0.017515570929234486
Age_Child_Language_Tonal,gu1,FC,delta,Random Forest,15,0.6439871933621933,0.05290735611622862,0.3637426900584795,0.09083360511732898,0.35869047619047617,0.09075583350503011,0.7880627705627706,0.03465616718712374
Age_Child_Language_Tonal,gu1,FC,delta,Elastic Net,15,0.560231782106782,0.025189074906442288,0.29064327485380115,0.04398034076482611,0.3170238095238095,0.06471702751821695,0.7656277056277057,0.019719179001719767
Age_Child_Language_Tonal,gu1,FC,theta,Linear SVM,15,0.6052353896103896,0.09365499643368172,0.15087719298245614,0.05364839738563609,0.1676190476190476,0.06871388971274864,0.714672619047619,0.020490630890771303
Age_Child_Language_Tonal,gu1,FC,theta,Random Forest,15,0.4641396103896104,0.09530786234988747,0.22573099415204675,0.04015121378660087,0.2336904761904762,0.05613899982710148,0.7346022727272727,0.012077021380634718
Age_Child_Language_Tonal,gu1,FC,theta,Elastic Net,15,0.36927218614718615,0.04531759816168082,0.16140350877192983,0.03356337977141928,0.16523809523809524,0.032684154696947076,0.7259117965367965,0.014036518044212192
Age_Child_Language_Tonal,gu1,FC,alpha,Linear SVM,15,0.44665223665223663,0.1236953117468998,0.26842105263157895,0.10429050297759485,0.2866666666666667,0.12007331943781815,0.7571022727272727,0.03604491414698155
Age_Child_Language_Tonal,gu1,FC,alpha,Random Forest,15,0.5151154401154401,0.05975560034893797,0.30058479532163734,0.038141927155837016,0.2833333333333333,0.05059173657351376,0.761663961038961,0.012242432900812549
Age_Child_Language_Tonal,gu1,FC,alpha,Elastic Net,15,0.5388618326118326,0.05052749127813285,0.26959064327485377,0.06128922810093053,0.25809523809523804,0.05303915466367881,0.7572213203463203,0.017296069577653405
Age_Child_Language_Tonal,gu1,FC,beta,Linear SVM,15,0.4520400432900432,0.07104889549755353,0.19181286549707602,0.07628385431167405,0.21464285714285714,0.0779226461018246,0.7337094155844156,0.028804291471639196
Age_Child_Language_Tonal,gu1,FC,beta,Random Forest,15,0.5421870490620491,0.08500267153858672,0.24678362573099416,0.1365168323875076,0.2452380952380952,0.13631602188711806,0.7419615800865801,0.044174693649341075
Age_Child_Language_Tonal,gu1,FC,beta,Elastic Net,15,0.5175748556998558,0.06648257644164014,0.2128654970760234,0.09223095480168901,0.23845238095238094,0.11157410622155267,0.7426596320346321,0.029450942880223263
Age_Child_Language_Tonal,gu1,FC,highbeta,Linear SVM,15,0.5224747474747475,0.0751981589439829,0.24502923976608182,0.10675358108746251,0.25035714285714283,0.11288426437221949,0.7534172077922079,0.03530686749074664
Age_Child_Language_Tonal,gu1,FC,highbeta,Random Forest,15,0.5482548701298702,0.10336781229105546,0.3561403508771929,0.11611390545956358,0.34345238095238095,0.11252361808016278,0.784883658008658,0.03554543624102658
Age_Child_Language_Tonal,gu1,FC,highbeta,Elastic Net,15,0.5248051948051947,0.07632418252164085,0.25847953216374264,0.06378291557630868,0.2521428571428571,0.05867803886376877,0.7590936147186148,0.021517250723978195
Age_Child_Language_Tonal,gu1,FC,gamma,Linear SVM,15,0.5327290764790765,0.06018222474902508,0.2269005847953216,0.05770243922125853,0.22047619047619044,0.056320471099349005,0.7408008658008659,0.023427273971170497
Age_Child_Language_Tonal,gu1,FC,gamma,Random Forest,15,0.3945792748917749,0.06615306208530017,0.19415204678362571,0.029910437081975254,0.18511904761904763,0.0451518601631259,0.7339231601731602,0.012843548317426087
Age_Child_Language_Tonal,gu1,FC,gamma,Elastic Net,15,0.41962301587301587,0.08778441498062102,0.18421052631578946,0.09082230951259498,0.17583333333333334,0.0901989800888585,0.7289042207792208,0.025794472622857483
Age_Child_Language_Tonal,gu1,PSD,delta,Linear SVM,15,0.47892496392496386,0.03798676092342468,0.3771929824561403,0.06271231166528425,0.4078571428571428,0.05109403983861012,0.7954924242424243,0.017515570929234486
Age_Child_Language_Tonal,gu1,PSD,delta,Random Forest,15,0.6439871933621933,0.05290735611622862,0.3637426900584795,0.09083360511732898,0.35869047619047617,0.09075583350503011,0.7880627705627706,0.03465616718712374
Age_Child_Language_Tonal,gu1,PSD,delta,Elastic Net,15,0.560231782106782,0.025189074906442288,0.29064327485380115,0.04398034076482611,0.3170238095238095,0.06471702751821695,0.7656277056277057,0.019719179001719767
Age_Child_Language_Tonal,gu1,PSD,theta,Linear SVM,15,0.6052353896103896,0.09365499643368172,0.15087719298245614,0.05364839738563609,0.1676190476190476,0.06871388971274864,0.714672619047619,0.020490630890771303
Age_Child_Language_Tonal,gu1,PSD,theta,Random Forest,15,0.4641396103896104,0.09530786234988747,0.22573099415204675,0.04015121378660087,0.2336904761904762,0.05613899982710148,0.7346022727272727,0.012077021380634718
Age_Child_Language_Tonal,gu1,PSD,theta,Elastic Net,15,0.36927218614718615,0.04531759816168082,0.16140350877192983,0.03356337977141928,0.16523809523809524,0.032684154696947076,0.7259117965367965,0.014036518044212192
Age_Child_Language_Tonal,gu1,PSD,alpha,Linear SVM,15,0.44665223665223663,0.1236953117468998,0.26842105263157895,0.10429050297759485,0.2866666666666667,0.12007331943781815,0.7571022727272727,0.03604491414698155
Age_Child_Language_Tonal,gu1,PSD,alpha,Random Forest,15,0.5151154401154401,0.05975560034893797,0.30058479532163734,0.038141927155837016,0.2833333333333333,0.05059173657351376,0.761663961038961,0.012242432900812549
Age_Child_Language_Tonal,gu1,PSD,alpha,Elastic Net,15,0.5388618326118326,0.05052749127813285,0.26959064327485377,0.06128922810093053,0.25809523809523804,0.05303915466367881,0.7572213203463203,0.017296069577653405
Age_Child_Language_Tonal,gu1,PSD,beta,Linear SVM,15,0.4520400432900432,0.07104889549755353,0.19181286549707602,0.07628385431167405,0.21464285714285714,0.0779226461018246,0.7337094155844156,0.028804291471639196
Age_Child_Language_Tonal,gu1,PSD,beta,Random Forest,15,0.5421870490620491,0.08500267153858672,0.24678362573099416,0.1365168323875076,0.2452380952380952,0.13631602188711806,0.7419615800865801,0.044174693649341075
Age_Child_Language_Tonal,gu1,PSD,beta,Elastic Net,15,0.5175748556998558,0.06648257644164014,0.2128654970760234,0.09223095480168901,0.23845238095238094,0.11157410622155267,0.7426596320346321,0.029450942880223263
Age_Child_Language_Tonal,gu1,PSD,highbeta,Linear SVM,15,0.5224747474747475,0.0751981589439829,0.24502923976608182,0.10675358108746251,0.25035714285714283,0.11288426437221949,0.7534172077922079,0.03530686749074664
Age_Child_Language_Tonal,gu1,PSD,highbeta,Random Forest,15,0.5482548701298702,0.10336781229105546,0.3561403508771929,0.11611390545956358,0.34345238095238095,0.11252361808016278,0.784883658008658,0.03554543624102658
Age_Child_Language_Tonal,gu1,PSD,highbeta,Elastic Net,15,0.5248051948051947,0.07632418252164085,0.25847953216374264,0.06378291557630868,0.2521428571428571,0.05867803886376877,0.7590936147186148,0.021517250723978195
Age_Child_Language_Tonal,gu1,PSD,gamma,Linear SVM,15,0.5327290764790765,0.06018222474902508,0.2269005847953216,0.05770243922125853,0.22047619047619044,0.056320471099349005,0.7408008658008659,0.023427273971170497
Age_Child_Language_Tonal,gu1,PSD,gamma,Random Forest,15,0.3945792748917749,0.06615306208530017,0.19415204678362571,0.029910437081975254,0.18511904761904763,0.0451518601631259,0.7339231601731602,0.012843548317426087
Age_Child_Language_Tonal,gu1,PSD,gamma,Elastic Net,15,0.41962301587301587,0.08778441498062102,0.18421052631578946,0.09082230951259498,0.17583333333333334,0.0901989800888585,0.7289042207792208,0.025794472622857483
Age_Child_Language_Tonal,gu1,PSD_FC,delta,Linear SVM,15,0.47892496392496386,0.03798676092342468,0.3771929824561403,0.06271231166528425,0.4078571428571428,0.05109403983861012,0.7954924242424243,0.017515570929234486
Age_Child_Language_Tonal,gu1,PSD_FC,delta,Random Forest,15,0.6439871933621933,0.05290735611622862,0.3637426900584795,0.09083360511732898,0.35869047619047617,0.09075583350503011,0.7880627705627706,0.03465616718712374
Age_Child_Language_Tonal,gu1,PSD_FC,delta,Elastic Net,15,0.560231782106782,0.025189074906442288,0.29064327485380115,0.04398034076482611,0.3170238095238095,0.06471702751821695,0.7656277056277057,0.019719179001719767
Age_Child_Language_Tonal,gu1,PSD_FC,theta,Linear SVM,15,0.6052353896103896,0.09365499643368172,0.15087719298245614,0.05364839738563609,0.1676190476190476,0.06871388971274864,0.714672619047619,0.020490630890771303
Age_Child_Language_Tonal,gu1,PSD_FC,theta,Random Forest,15,0.4641396103896104,0.09530786234988747,0.22573099415204675,0.04015121378660087,0.2336904761904762,0.05613899982710148,0.7346022727272727,0.012077021380634718
Age_Child_Language_Tonal,gu1,PSD_FC,theta,Elastic Net,15,0.36927218614718615,0.04531759816168082,0.16140350877192983,0.03356337977141928,0.16523809523809524,0.032684154696947076,0.7259117965367965,0.014036518044212192
Age_Child_Language_Tonal,gu1,PSD_FC,alpha,Linear SVM,15,0.44665223665223663,0.1236953117468998,0.26842105263157895,0.10429050297759485,0.2866666666666667,0.12007331943781815,0.7571022727272727,0.03604491414698155
Age_Child_Language_Tonal,gu1,PSD_FC,alpha,Random Forest,15,0.5151154401154401,0.05975560034893797,0.30058479532163734,0.038141927155837016,0.2833333333333333,0.05059173657351376,0.761663961038961,0.012242432900812549
Age_Child_Language_Tonal,gu1,PSD_FC,alpha,Elastic Net,15,0.5388618326118326,0.05052749127813285,0.26959064327485377,0.06128922810093053,0.25809523809523804,0.05303915466367881,0.7572213203463203,0.017296069577653405
Age_Child_Language_Tonal,gu1,PSD_FC,beta,Linear SVM,15,0.4520400432900432,0.07104889549755353,0.19181286549707602,0.07628385431167405,0.21464285714285714,0.0779226461018246,0.7337094155844156,0.028804291471639196
Age_Child_Language_Tonal,gu1,PSD_FC,beta,Random Forest,15,0.5421870490620491,0.08500267153858672,0.24678362573099416,0.1365168323875076,0.2452380952380952,0.13631602188711806,0.7419615800865801,0.044174693649341075
Age_Child_Language_Tonal,gu1,PSD_FC,beta,Elastic Net,15,0.5175748556998558,0.06648257644164014,0.2128654970760234,0.09223095480168901,0.23845238095238094,0.11157410622155267,0.7426596320346321,0.029450942880223263
Age_Child_Language_Tonal,gu1,PSD_FC,highbeta,Linear SVM,15,0.5224747474747475,0.0751981589439829,0.24502923976608182,0.10675358108746251,0.25035714285714283,0.11288426437221949,0.7534172077922079,0.03530686749074664
Age_Child_Language_Tonal,gu1,PSD_FC,highbeta,Random Forest,15,0.5482548701298702,0.10336781229105546,0.3561403508771929,0.11611390545956358,0.34345238095238095,0.11252361808016278,0.784883658008658,0.03554543624102658
Age_Child_Language_Tonal,gu1,PSD_FC,highbeta,Elastic Net,15,0.5248051948051947,0.07632418252164085,0.25847953216374264,0.06378291557630868,0.2521428571428571,0.05867803886376877,0.7590936147186148,0.021517250723978195
Age_Child_Language_Tonal,gu1,PSD_FC,gamma,Linear SVM,15,0.5327290764790765,0.06018222474902508,0.2269005847953216,0.05770243922125853,0.22047619047619044,0.056320471099349005,0.7408008658008659,0.023427273971170497
Age_Child_Language_Tonal,gu1,PSD_FC,gamma,Random Forest,15,0.3945792748917749,0.06615306208530017,0.19415204678362571,0.029910437081975254,0.18511904761904763,0.0451518601631259,0.7339231601731602,0.012843548317426087
Age_Child_Language_Tonal,gu1,PSD_FC,gamma,Elastic Net,15,0.41962301587301587,0.08778441498062102,0.18421052631578946,0.09082230951259498,0.17583333333333334,0.0901989800888585,0.7289042207792208,0.025794472622857483
Age_Child_Language,gu1,FC,delta,Linear SVM,15,0.5430702698837364,0.020725302634958753,0.19333950046253467,0.019426456984273824,0.1659090909090909,0.027840909090909083,0.8816667239725933,0.0027997023905523277
Age_Child_Language,gu1,FC,delta,Random Forest,15,0.5914751481507835,0.029373423875179383,0.23658649398704903,0.0025439407955596682,0.19573863636363636,0.008238636363636365,0.8893045615418141,0.002279384928204231
Age_Child_Language,gu1,FC,delta,Elastic Net,15,0.451492560150636,0.0010564027962730593,0.11817761332099908,0.009481961147086028,0.11458333333333333,0.02083333333333333,0.8742847131449379,0.0008023306365606553
Age_Child_Language,gu1,FC,theta,Linear SVM,15,0.5029728663433581,0.07084882237122203,0.10753931544865865,0.0011563367252543921,0.08636363636363636,0.023863636363636365,0.8708262867446533,0.0015055614456672695
Age_Child_Language,gu1,FC,theta,Random Forest,15,0.5842915751890501,0.0026195560220452774,0.1935707678075856,0.002081406105457914,0.1788983585858586,0.00929608585858585,0.8827612136039822,0.0004846264413231327
Age_Child_Language,gu1,FC,theta,Elastic Net,15,0.5073999570917682,0.036845172009142946,0.10777058279370952,0.022664199814986123,0.09144570707070707,0.02616792929292929,0.8761672259989477,0.0029694784747273384
Age_Child_Language,gu1,FC,alpha,Linear SVM,15,0.5656844362939808,0.019391936405123433,0.12904717853839037,0.001387604070305276,0.08904671717171717,0.00015782828282828038,0.8771362360716364,0.0028579567274344964
Age_Child_Language,gu1,FC,alpha,Random Forest,15,0.4719526279486183,0.020224875687329502,0.1505550416281221,0.00161887141535616,0.116177398989899,0.0022885101010100967,0.8774074234275407,0.0007097549214639676
Age_Child_Language,gu1,FC,alpha,Elastic Net,15,0.45137809464060674,0.019309607527591394,0.13922294172062905,0.05226641998149861,0.1087594696969697,0.04540719696969697,0.8789917042007918,0.005889568317847094
Age_Child_Language,gu1,FC,beta,Linear SVM,15,0.4486223776112336,0.031421259173818494,0.08580018501387604,0.020582793709528216,0.0870580808080808,0.03308080808080807,0.871178824180614,0.0013471056566617956
Age_Child_Language,gu1,FC,beta,Random Forest,15,0.5098075704232123,0.014788359540313933,0.19333950046253467,0.019426456984273824,0.15337752525252524,0.024400252525252505,0.8812195143881847,0.003144210181622531
Age_Child_Language,gu1,FC,beta,Elastic Net,15,0.4145378208736231,0.029876802335037173,0.11864014801110084,0.033533765032377434,0.10280934343434343,0.03128156565656566,0.8784930621215603,0.006900727692961128
Age_Child_Language,gu1,FC,highbeta,Linear SVM,15,0.45732171381865555,0.047660672125361014,0.18270120259019426,0.008788159111933397,0.1431344696969697,0.01103219696969697,0.8779572142282795,0.00017434241459901578
Age_Child_Language,gu1,FC,highbeta,Random Forest,15,0.568321852889885,0.007793033497538737,0.2148473635522664,0.01919518963922294,0.19534406565656565,0.06437815656565654,0.8854290990824674,0.0025520871698327396
Age_Child_Language,gu1,FC,highbeta,Elastic Net,15,0.4544320096744162,0.004973027771378646,0.16096207215541164,0.030527289546716005,0.16505681818181817,0.047443181818181815,0.8772224897533573,0.0027719741443049672
Age_Child_Language,gu1,FC,gamma,Linear SVM,15,0.5623911004177506,0.032780051477032224,0.15078630897317297,0.023126734505087884,0.1416193181818182,0.016619318181818193,0.8777904319029352,0.000288426705166156
Age_Child_Language,gu1,FC,gamma,Random Forest,15,0.4388787144070799,0.027952366609856394,0.1288159111933395,0.020120259019426455,0.09968434343434343,0.009343434343434348,0.8738036693792344,0.0032306181258237032
Age_Child_Language,gu1,FC,gamma,Elastic Net,15,0.4544343113385038,0.008590885446538132,0.10753931544865865,0.0011563367252543921,0.10451388888888888,0.0017361111111111119,0.8759768727897079,0.0010662036556755017
Age_Child_Language,gu1,PSD,delta,Linear SVM,15,0.5430702698837364,0.020725302634958753,0.19333950046253467,0.019426456984273824,0.1659090909090909,0.027840909090909083,0.8816667239725933,0.0027997023905523277
Age_Child_Language,gu1,PSD,delta,Random Forest,15,0.5914751481507835,0.029373423875179383,0.23658649398704903,0.0025439407955596682,0.19573863636363636,0.008238636363636365,0.8893045615418141,0.002279384928204231
Age_Child_Language,gu1,PSD,delta,Elastic Net,15,0.451492560150636,0.0010564027962730593,0.11817761332099908,0.009481961147086028,0.11458333333333333,0.02083333333333333,0.8742847131449379,0.0008023306365606553
Age_Child_Language,gu1,PSD,theta,Linear SVM,15,0.5029728663433581,0.07084882237122203,0.10753931544865865,0.0011563367252543921,0.08636363636363636,0.023863636363636365,0.8708262867446533,0.0015055614456672695
Age_Child_Language,gu1,PSD,theta,Random Forest,15,0.5842915751890501,0.0026195560220452774,0.1935707678075856,0.002081406105457914,0.1788983585858586,0.00929608585858585,0.8827612136039822,0.0004846264413231327
Age_Child_Language,gu1,PSD,theta,Elastic Net,15,0.5073999570917682,0.036845172009142946,0.10777058279370952,0.022664199814986123,0.09144570707070707,0.02616792929292929,0.8761672259989477,0.0029694784747273384
Age_Child_Language,gu1,PSD,alpha,Linear SVM,15,0.5656844362939808,0.019391936405123433,0.12904717853839037,0.001387604070305276,0.08904671717171717,0.00015782828282828038,0.8771362360716364,0.0028579567274344964
Age_Child_Language,gu1,PSD,alpha,Random Forest,15,0.4719526279486183,0.020224875687329502,0.1505550416281221,0.00161887141535616,0.116177398989899,0.0022885101010100967,0.8774074234275407,0.0007097549214639676
Age_Child_Language,gu1,PSD,alpha,Elastic Net,15,0.45137809464060674,0.019309607527591394,0.13922294172062905,0.05226641998149861,0.1087594696969697,0.04540719696969697,0.8789917042007918,0.005889568317847094
Age_Child_Language,gu1,PSD,beta,Linear SVM,15,0.4486223776112336,0.031421259173818494,0.08580018501387604,0.020582793709528216,0.0870580808080808,0.03308080808080807,0.871178824180614,0.0013471056566617956
Age_Child_Language,gu1,PSD,beta,Random Forest,15,0.5098075704232123,0.014788359540313933,0.19333950046253467,0.019426456984273824,0.15337752525252524,0.024400252525252505,0.8812195143881847,0.003144210181622531
Age_Child_Language,gu1,PSD,beta,Elastic Net,15,0.4145378208736231,0.029876802335037173,0.11864014801110084,0.033533765032377434,0.10280934343434343,0.03128156565656566,0.8784930621215603,0.006900727692961128
Age_Child_Language,gu1,PSD,highbeta,Linear SVM,15,0.45732171381865555,0.047660672125361014,0.18270120259019426,0.008788159111933397,0.1431344696969697,0.01103219696969697,0.8779572142282795,0.00017434241459901578
Age_Child_Language,gu1,PSD,highbeta,Random Forest,15,0.568321852889885,0.007793033497538737,0.2148473635522664,0.01919518963922294,0.19534406565656565,0.06437815656565654,0.8854290990824674,0.0025520871698327396
Age_Child_Language,gu1,PSD,highbeta,Elastic Net,15,0.4544320096744162,0.004973027771378646,0.16096207215541164,0.030527289546716005,0.16505681818181817,0.047443181818181815,0.8772224897533573,0.0027719741443049672
Age_Child_Language,gu1,PSD,gamma,Linear SVM,15,0.5623911004177506,0.032780051477032224,0.15078630897317297,0.023126734505087884,0.1416193181818182,0.016619318181818193,0.8777904319029352,0.000288426705166156
Age_Child_Language,gu1,PSD,gamma,Random Forest,15,0.4388787144070799,0.027952366609856394,0.1288159111933395,0.020120259019426455,0.09968434343434343,0.009343434343434348,0.8738036693792344,0.0032306181258237032
Age_Child_Language,gu1,PSD,gamma,Elastic Net,15,0.4544343113385038,0.008590885446538132,0.10753931544865865,0.0011563367252543921,0.10451388888888888,0.0017361111111111119,0.8759768727897079,0.0010662036556755017
Age_Child_Language,gu1,PSD_FC,delta,Linear SVM,15,0.5430702698837364,0.020725302634958753,0.19333950046253467,0.019426456984273824,0.1659090909090909,0.027840909090909083,0.8816667239725933,0.0027997023905523277
Age_Child_Language,gu1,PSD_FC,delta,Random Forest,15,0.5914751481507835,0.029373423875179383,0.23658649398704903,0.0025439407955596682,0.19573863636363636,0.008238636363636365,0.8893045615418141,0.002279384928204231
Age_Child_Language,gu1,PSD_FC,delta,Elastic Net,15,0.451492560150636,0.0010564027962730593,0.11817761332099908,0.009481961147086028,0.11458333333333333,0.02083333333333333,0.8742847131449379,0.0008023306365606553
Age_Child_Language,gu1,PSD_FC,theta,Linear SVM,15,0.5029728663433581,0.07084882237122203,0.10753931544865865,0.0011563367252543921,0.08636363636363636,0.023863636363636365,0.8708262867446533,0.0015055614456672695
Age_Child_Language,gu1,PSD_FC,theta,Random Forest,15,0.5842915751890501,0.0026195560220452774,0.1935707678075856,0.002081406105457914,0.1788983585858586,0.00929608585858585,0.8827612136039822,0.0004846264413231327
Age_Child_Language,gu1,PSD_FC,theta,Elastic Net,15,0.5073999570917682,0.036845172009142946,0.10777058279370952,0.022664199814986123,0.09144570707070707,0.02616792929292929,0.8761672259989477,0.0029694784747273384
Age_Child_Language,gu1,PSD_FC,alpha,Linear SVM,15,0.5656844362939808,0.019391936405123433,0.12904717853839037,0.001387604070305276,0.08904671717171717,0.00015782828282828038,0.8771362360716364,0.0028579567274344964
Age_Child_Language,gu1,PSD_FC,alpha,Random Forest,15,0.4719526279486183,0.020224875687329502,0.1505550416281221,0.00161887141535616,0.116177398989899,0.0022885101010100967,0.8774074234275407,0.0007097549214639676
Age_Child_Language,gu1,PSD_FC,alpha,Elastic Net,15,0.45137809464060674,0.019309607527591394,0.13922294172062905,0.05226641998149861,0.1087594696969697,0.04540719696969697,0.8789917042007918,0.005889568317847094
Age_Child_Language,gu1,PSD_FC,beta,Linear SVM,15,0.4486223776112336,0.031421259173818494,0.08580018501387604,0.020582793709528216,0.0870580808080808,0.03308080808080807,0.871178824180614,0.0013471056566617956
Age_Child_Language,gu1,PSD_FC,beta,Random Forest,15,0.5098075704232123,0.014788359540313933,0.19333950046253467,0.019426456984273824,0.15337752525252524,0.024400252525252505,0.8812195143881847,0.003144210181622531
Age_Child_Language,gu1,PSD_FC,beta,Elastic Net,15,0.4145378208736231,0.029876802335037173,0.11864014801110084,0.033533765032377434,0.10280934343434343,0.03128156565656566,0.8784930621215603,0.006900727692961128
Age_Child_Language,gu1,PSD_FC,highbeta,Linear SVM,15,0.45732171381865555,0.047660672125361014,0.18270120259019426,0.008788159111933397,0.1431344696969697,0.01103219696969697,0.8779572142282795,0.00017434241459901578
Age_Child_Language,gu1,PSD_FC,highbeta,Random Forest,15,0.568321852889885,0.007793033497538737,0.2148473635522664,0.01919518963922294,0.19534406565656565,0.06437815656565654,0.8854290990824674,0.0025520871698327396
Age_Child_Language,gu1,PSD_FC,highbeta,Elastic Net,15,0.4544320096744162,0.004973027771378646,0.16096207215541164,0.030527289546716005,0.16505681818181817,0.047443181818181815,0.8772224897533573,0.0027719741443049672
Age_Child_Language,gu1,PSD_FC,gamma,Linear SVM,15,0.5623911004177506,0.032780051477032224,0.15078630897317297,0.023126734505087884,0.1416193181818182,0.016619318181818193,0.8777904319029352,0.000288426705166156
Age_Child_Language,gu1,PSD_FC,gamma,Random Forest,15,0.4388787144070799,0.027952366609856394,0.1288159111933395,0.020120259019426455,0.09968434343434343,0.009343434343434348,0.8738036693792344,0.0032306181258237032
Age_Child_Language,gu1,PSD_FC,gamma,Elastic Net,15,0.4544343113385038,0.008590885446538132,0.10753931544865865,0.0011563367252543921,0.10451388888888888,0.0017361111111111119,0.8759768727897079,0.0010662036556755017
Age_Group,gu2,FC,delta,Linear SVM,15,0.6246038803174959,0.025845626120166252,0.36666666666666664,0.07888106377466156,0.3556890331890331,0.06865672771880525,0.7887567844055259,0.025072527379339505
Age_Group,gu2,FC,delta,Random Forest,15,0.5640512420709217,0.08412195907359506,0.3066666666666667,0.08537498983243798,0.3153030303030303,0.07287797666810475,0.7653535552929146,0.03174882519058156
Age_Group,gu2,FC,delta,Elastic Net,15,0.6077169066292637,0.04952476557299223,0.36666666666666664,0.05577733510227171,0.3679292929292929,0.048884168786135815,0.7893448995703001,0.021271708281359
Age_Group,gu2,FC,theta,Linear SVM,15,0.6619953158609337,0.053999770044352254,0.48,0.04988876515698587,0.4798196248196248,0.05555069417318373,0.8249966383730687,0.018059600587544265
Age_Group,gu2,FC,theta,Random Forest,15,0.6490396951848897,0.05028963097468687,0.44000000000000006,0.057348835113617505,0.4152417027417027,0.05600717956698723,0.8099828539119157,0.018566214524900645
Age_Group,gu2,FC,theta,Elastic Net,15,0.6712119243477941,0.03819893929068978,0.4666666666666666,0.04714045207910316,0.4593650793650793,0.04018142578971642,0.820000329952275,0.013596038040621757
Age_Group,gu2,FC,alpha,Linear SVM,15,0.6254120095113802,0.030874464271111665,0.2866666666666667,0.09797958971132711,0.2696753246753246,0.09145765326200031,0.7623553010681157,0.034138536053017296
Age_Group,gu2,FC,alpha,Random Forest,15,0.5816277285357663,0.06258156486668943,0.3533333333333334,0.05416025603090642,0.3224549062049062,0.060627333198931196,0.7797598873285372,0.020277292486398094
Age_Group,gu2,FC,alpha,Elastic Net,15,0.567917937334299,0.05098399533454377,0.31333333333333335,0.07483314773547883,0.30771103896103896,0.0819703285423607,0.7745222146274777,0.026352072200106682
Age_Group,gu2,FC,beta,Linear SVM,15,0.691638301553519,0.0745763225304448,0.37333333333333335,0.03887301263230202,0.36013347763347764,0.0507017946895497,0.7858009572426049,0.013816122553766456
Age_Group,gu2,FC,beta,Random Forest,15,0.6431016093343895,0.07512335518856669,0.4333333333333334,0.036514837167011066,0.4098647186147186,0.049864346020645246,0.8063539747818924,0.014241697996644419
Age_Group,gu2,FC,beta,Elastic Net,15,0.6898151676211745,0.08392018475267728,0.3933333333333333,0.05734883511361752,0.3828769841269842,0.07008411042200655,0.7934172539893364,0.019201418648044134
Age_Group,gu2,FC,highbeta,Linear SVM,15,0.6476973367635839,0.06281030323393702,0.33999999999999997,0.09752492558885197,0.34209235209235206,0.10571404257929329,0.7819932077838256,0.030730359994199444
Age_Group,gu2,FC,highbeta,Random Forest,15,0.5941505032396623,0.05955889928512417,0.32666666666666666,0.05734883511361752,0.3055880230880231,0.05424123546386823,0.7736134791981474,0.02119754981761524
Age_Group,gu2,FC,highbeta,Elastic Net,15,0.6037081681920926,0.05380421360584091,0.3666666666666667,0.08944271909999159,0.36376082251082253,0.09756879999931893,0.7909514669159978,0.028666523343438624
Age_Group,gu2,FC,gamma,Linear SVM,15,0.6447527864054752,0.025760689648430358,0.44666666666666666,0.03399346342395189,0.447180735930736,0.02816553191440228,0.8153235574494155,0.009033914638558306
Age_Group,gu2,FC,gamma,Random Forest,15,0.6065664245037529,0.02389265527269998,0.36,0.07423685817106697,0.33678030303030304,0.07594643011172919,0.7882144712648145,0.02550170669695779
Age_Group,gu2,FC,gamma,Elastic Net,15,0.6755586243509011,0.012775832893688721,0.42666666666666664,0.053333333333333344,0.4324531024531025,0.07717311158439305,0.8092172221371307,0.016463781577099403
Age_Group,gu2,PSD,delta,Linear SVM,15,0.6246038803174959,0.025845626120166252,0.36666666666666664,0.07888106377466156,0.3556890331890331,0.06865672771880525,0.7887567844055259,0.025072527379339505
Age_Group,gu2,PSD,delta,Random Forest,15,0.5640512420709217,0.08412195907359506,0.3066666666666667,0.08537498983243798,0.3153030303030303,0.07287797666810475,0.7653535552929146,0.03174882519058156
Age_Group,gu2,PSD,delta,Elastic Net,15,0.6077169066292637,0.04952476557299223,0.36666666666666664,0.05577733510227171,0.3679292929292929,0.048884168786135815,0.7893448995703001,0.021271708281359
Age_Group,gu2,PSD,theta,Linear SVM,15,0.6619953158609337,0.053999770044352254,0.48,0.04988876515698587,0.4798196248196248,0.05555069417318373,0.8249966383730687,0.018059600587544265
Age_Group,gu2,PSD,theta,Random Forest,15,0.6490396951848897,0.05028963097468687,0.44000000000000006,0.057348835113617505,0.4152417027417027,0.05600717956698723,0.8099828539119157,0.018566214524900645
Age_Group,gu2,PSD,theta,Elastic Net,15,0.6712119243477941,0.03819893929068978,0.4666666666666666,0.04714045207910316,0.4593650793650793,0.04018142578971642,0.820000329952275,0.013596038040621757
Age_Group,gu2,PSD,alpha,Linear SVM,15,0.6254120095113802,0.030874464271111665,0.2866666666666667,0.09797958971132711,0.2696753246753246,0.09145765326200031,0.7623553010681157,0.034138536053017296
Age_Group,gu2,PSD,alpha,Random Forest,15,0.5816277285357663,0.06258156486668943,0.3533333333333334,0.05416025603090642,0.3224549062049062,0.060627333198931196,0.7797598873285372,0.020277292486398094
Age_Group,gu2,PSD,alpha,Elastic Net,15,0.567917937334299,0.05098399533454377,0.31333333333333335,0.07483314773547883,0.30771103896103896,0.0819703285423607,0.7745222146274777,0.026352072200106682
Age_Group,gu2,PSD,beta,Linear SVM,15,0.691638301553519,0.0745763225304448,0.37333333333333335,0.03887301263230202,0.36013347763347764,0.0507017946895497,0.7858009572426049,0.013816122553766456
Age_Group,gu2,PSD,beta,Random Forest,15,0.6431016093343895,0.07512335518856669,0.4333333333333334,0.036514837167011066,0.4098647186147186,0.049864346020645246,0.8063539747818924,0.014241697996644419
Age_Group,gu2,PSD,beta,Elastic Net,15,0.6898151676211745,0.08392018475267728,0.3933333333333333,0.05734883511361752,0.3828769841269842,0.07008411042200655,0.7934172539893364,0.019201418648044134
Age_Group,gu2,PSD,highbeta,Linear SVM,15,0.6476973367635839,0.06281030323393702,0.33999999999999997,0.09752492558885197,0.34209235209235206,0.10571404257929329,0.7819932077838256,0.030730359994199444
Age_Group,gu2,PSD,highbeta,Random Forest,15,0.5941505032396623,0.05955889928512417,0.32666666666666666,0.05734883511361752,0.3055880230880231,0.05424123546386823,0.7736134791981474,0.02119754981761524
Age_Group,gu2,PSD,highbeta,Elastic Net,15,0.6037081681920926,0.05380421360584091,0.3666666666666667,0.08944271909999159,0.36376082251082253,0.09756879999931893,0.7909514669159978,0.028666523343438624
Age_Group,gu2,PSD,gamma,Linear SVM,15,0.6447527864054752,0.025760689648430358,0.44666666666666666,0.03399346342395189,0.447180735930736,0.02816553191440228,0.8153235574494155,0.009033914638558306
Age_Group,gu2,PSD,gamma,Random Forest,15,0.6065664245037529,0.02389265527269998,0.36,0.07423685817106697,0.33678030303030304,0.07594643011172919,0.7882144712648145,0.02550170669695779
Age_Group,gu2,PSD,gamma,Elastic Net,15,0.6755586243509011,0.012775832893688721,0.42666666666666664,0.053333333333333344,0.4324531024531025,0.07717311158439305,0.8092172221371307,0.016463781577099403
Age_Group,gu2,PSD_FC,delta,Linear SVM,15,0.6246038803174959,0.025845626120166252,0.36666666666666664,0.07888106377466156,0.3556890331890331,0.06865672771880525,0.7887567844055259,0.025072527379339505
Age_Group,gu2,PSD_FC,delta,Random Forest,15,0.5640512420709217,0.08412195907359506,0.3066666666666667,0.08537498983243798,0.3153030303030303,0.07287797666810475,0.7653535552929146,0.03174882519058156
Age_Group,gu2,PSD_FC,delta,Elastic Net,15,0.6077169066292637,0.04952476557299223,0.36666666666666664,0.05577733510227171,0.3679292929292929,0.048884168786135815,0.7893448995703001,0.021271708281359
Age_Group,gu2,PSD_FC,theta,Linear SVM,15,0.6619953158609337,0.053999770044352254,0.48,0.04988876515698587,0.4798196248196248,0.05555069417318373,0.8249966383730687,0.018059600587544265
Age_Group,gu2,PSD_FC,theta,Random Forest,15,0.6490396951848897,0.05028963097468687,0.44000000000000006,0.057348835113617505,0.4152417027417027,0.05600717956698723,0.8099828539119157,0.018566214524900645
Age_Group,gu2,PSD_FC,theta,Elastic Net,15,0.6712119243477941,0.03819893929068978,0.4666666666666666,0.04714045207910316,0.4593650793650793,0.04018142578971642,0.820000329952275,0.013596038040621757
Age_Group,gu2,PSD_FC,alpha,Linear SVM,15,0.6254120095113802,0.030874464271111665,0.2866666666666667,0.09797958971132711,0.2696753246753246,0.09145765326200031,0.7623553010681157,0.034138536053017296
Age_Group,gu2,PSD_FC,alpha,Random Forest,15,0.5816277285357663,0.06258156486668943,0.3533333333333334,0.05416025603090642,0.3224549062049062,0.060627333198931196,0.7797598873285372,0.020277292486398094
Age_Group,gu2,PSD_FC,alpha,Elastic Net,15,0.567917937334299,0.05098399533454377,0.31333333333333335,0.07483314773547883,0.30771103896103896,0.0819703285423607,0.7745222146274777,0.026352072200106682
Age_Group,gu2,PSD_FC,beta,Linear SVM,15,0.691638301553519,0.0745763225304448,0.37333333333333335,0.03887301263230202,0.36013347763347764,0.0507017946895497,0.7858009572426049,0.013816122553766456
Age_Group,gu2,PSD_FC,beta,Random Forest,15,0.6431016093343895,0.07512335518856669,0.4333333333333334,0.036514837167011066,0.4098647186147186,0.049864346020645246,0.8063539747818924,0.014241697996644419
Age_Group,gu2,PSD_FC,beta,Elastic Net,15,0.6898151676211745,0.08392018475267728,0.3933333333333333,0.05734883511361752,0.3828769841269842,0.07008411042200655,0.7934172539893364,0.019201418648044134
Age_Group,gu2,PSD_FC,highbeta,Linear SVM,15,0.6476973367635839,0.06281030323393702,0.33999999999999997,0.09752492558885197,0.34209235209235206,0.10571404257929329,0.7819932077838256,0.030730359994199444
Age_Group,gu2,PSD_FC,highbeta,Random Forest,15,0.5941505032396623,0.05955889928512417,0.32666666666666666,0.05734883511361752,0.3055880230880231,0.05424123546386823,0.7736134791981474,0.02119754981761524
Age_Group,gu2,PSD_FC,highbeta,Elastic Net,15,0.6037081681920926,0.05380421360584091,0.3666666666666667,0.08944271909999159,0.36376082251082253,0.09756879999931893,0.7909514669159978,0.028666523343438624
Age_Group,gu2,PSD_FC,gamma,Linear SVM,15,0.6447527864054752,0.025760689648430358,0.44666666666666666,0.03399346342395189,0.447180735930736,0.02816553191440228,0.8153235574494155,0.009033914638558306
Age_Group,gu2,PSD_FC,gamma,Random Forest,15,0.6065664245037529,0.02389265527269998,0.36,0.07423685817106697,0.33678030303030304,0.07594643011172919,0.7882144712648145,0.02550170669695779
Age_Group,gu2,PSD_FC,gamma,Elastic Net,15,0.6755586243509011,0.012775832893688721,0.42666666666666664,0.053333333333333344,0.4324531024531025,0.07717311158439305,0.8092172221371307,0.016463781577099403
Language,gu2,FC,delta,Linear SVM,15,0.46639334654453946,0.05243716729691515,0.24666666666666667,0.10666666666666667,0.30666208791208793,0.12804471010980112,0.744145553989621,0.03867192366533229
Language,gu2,FC,delta,Random Forest,15,0.5748917970093228,0.08119823450619539,0.36,0.09752492558885195,0.26717032967032966,0.05348771283636685,0.7620308901126213,0.030403293348385246
Language,gu2,FC,delta,Elastic Net,15,0.5240767672500795,0.05322134833509225,0.23333333333333334,0.02108185106778919,0.2883241758241758,0.09514051006588702,0.7367779274037541,0.015168100974493375
Language,gu2,FC,theta,Linear SVM,15,0.45934199658045455,0.05598075306050062,0.26666666666666666,0.05163977794943221,0.2943681318681318,0.10065537228549287,0.7469658362186362,0.027138836018939516
Language,gu2,FC,theta,Random Forest,15,0.4987610399648636,0.03757831909132798,0.2666666666666667,0.029814239699997188,0.21730769230769229,0.025946089653141442,0.7360061327243177,0.012313892685253212
Language,gu2,FC,theta,Elastic Net,15,0.4998747047334886,0.05575273037897229,0.21999999999999997,0.08055363982396381,0.2493818681318681,0.11169352109622382,0.7288848545074293,0.029515562388355163
Language,gu2,FC,alpha,Linear SVM,15,0.47818715425592134,0.06996952827706811,0.29333333333333333,0.06463573143221771,0.32568681318681314,0.03555119142433076,0.757539506364083,0.01952719762009419
Language,gu2,FC,alpha,Random Forest,15,0.47928078080145886,0.026855922953108846,0.23333333333333334,0.055777335102271695,0.24375,0.09805768272505752,0.7236852567795552,0.02146654324475818
Language,gu2,FC,alpha,Elastic Net,15,0.5374838513909144,0.08424767440265324,0.24666666666666667,0.04521553322083512,0.28853021978021975,0.05306244185655898,0.748063487354871,0.014283581988791497
Language,gu2,FC,beta,Linear SVM,15,0.4762331527333677,0.0804136886814517,0.29333333333333333,0.05333333333333332,0.3353708791208791,0.11442122177037857,0.7702217765257936,0.01814658798250414
Language,gu2,FC,beta,Random Forest,15,0.612400226479469,0.10605050399415936,0.32666666666666666,0.06463573143221772,0.3147664835164835,0.11448428009751262,0.754338430717796,0.027255126000461045
Language,gu2,FC,beta,Elastic Net,15,0.586871463569282,0.035507966626311935,0.2733333333333333,0.06798692684790379,0.36249999999999993,0.0892589245523656,0.7671812382101539,0.019676642378750372
Language,gu2,FC,highbeta,Linear SVM,15,0.5562477179921674,0.08366584765493114,0.3466666666666667,0.04521553322083512,0.3821428571428571,0.10107603584599216,0.7798523735172138,0.020012797812860826
Language,gu2,FC,highbeta,Random Forest,15,0.564528629937837,0.04487024977168565,0.36666666666666664,0.06992058987801011,0.2951236263736264,0.04975846594278313,0.7777184256897526,0.022632858714823605
Language,gu2,FC,highbeta,Elastic Net,15,0.6277399097672326,0.019476705209645416,0.3666666666666667,0.04714045207910318,0.4032967032967033,0.07586056072790669,0.7854081326888123,0.013918010648003276
Language,gu2,FC,gamma,Linear SVM,15,0.4329208165610736,0.051791563688918,0.2733333333333333,0.024944382578492935,0.24842032967032965,0.10237839266951562,0.7518860711450996,0.019778911806186687
Language,gu2,FC,gamma,Random Forest,15,0.4311163413406639,0.09716904631260613,0.25999999999999995,0.10624918300339485,0.207760989010989,0.08760893817173449,0.7320863381811769,0.03676183211658837
Language,gu2,FC,gamma,Elastic Net,15,0.5218774767982701,0.07248236119844517,0.2733333333333333,0.024944382578492935,0.26744505494505494,0.08066631843564046,0.7497036467919592,0.014975581201983671
Language,gu2,PSD,delta,Linear SVM,15,0.46639334654453946,0.05243716729691515,0.24666666666666667,0.10666666666666667,0.30666208791208793,0.12804471010980112,0.744145553989621,0.03867192366533229
Language,gu2,PSD,delta,Random Forest,15,0.5748917970093228,0.08119823450619539,0.36,0.09752492558885195,0.26717032967032966,0.05348771283636685,0.7620308901126213,0.030403293348385246
Language,gu2,PSD,delta,Elastic Net,15,0.5240767672500795,0.05322134833509225,0.23333333333333334,0.02108185106778919,0.2883241758241758,0.09514051006588702,0.7367779274037541,0.015168100974493375
Language,gu2,PSD,theta,Linear SVM,15,0.45934199658045455,0.05598075306050062,0.26666666666666666,0.05163977794943221,0.2943681318681318,0.10065537228549287,0.7469658362186362,0.027138836018939516
Language,gu2,PSD,theta,Random Forest,15,0.4987610399648636,0.03757831909132798,0.2666666666666667,0.029814239699997188,0.21730769230769229,0.025946089653141442,0.7360061327243177,0.012313892685253212
Language,gu2,PSD,theta,Elastic Net,15,0.4998747047334886,0.05575273037897229,0.21999999999999997,0.08055363982396381,0.2493818681318681,0.11169352109622382,0.7288848545074293,0.029515562388355163
Language,gu2,PSD,alpha,Linear SVM,15,0.47818715425592134,0.06996952827706811,0.29333333333333333,0.06463573143221771,0.32568681318681314,0.03555119142433076,0.757539506364083,0.01952719762009419
Language,gu2,PSD,alpha,Random Forest,15,0.47928078080145886,0.026855922953108846,0.23333333333333334,0.055777335102271695,0.24375,0.09805768272505752,0.7236852567795552,0.02146654324475818
Language,gu2,PSD,alpha,Elastic Net,15,0.5374838513909144,0.08424767440265324,0.24666666666666667,0.04521553322083512,0.28853021978021975,0.05306244185655898,0.748063487354871,0.014283581988791497
Language,gu2,PSD,beta,Linear SVM,15,0.4762331527333677,0.0804136886814517,0.29333333333333333,0.05333333333333332,0.3353708791208791,0.11442122177037857,0.7702217765257936,0.01814658798250414
Language,gu2,PSD,beta,Random Forest,15,0.612400226479469,0.10605050399415936,0.32666666666666666,0.06463573143221772,0.3147664835164835,0.11448428009751262,0.754338430717796,0.027255126000461045
Language,gu2,PSD,beta,Elastic Net,15,0.586871463569282,0.035507966626311935,0.2733333333333333,0.06798692684790379,0.36249999999999993,0.0892589245523656,0.7671812382101539,0.019676642378750372
Language,gu2,PSD,highbeta,Linear SVM,15,0.5562477179921674,0.08366584765493114,0.3466666666666667,0.04521553322083512,0.3821428571428571,0.10107603584599216,0.7798523735172138,0.020012797812860826
Language,gu2,PSD,highbeta,Random Forest,15,0.564528629937837,0.04487024977168565,0.36666666666666664,0.06992058987801011,0.2951236263736264,0.04975846594278313,0.7777184256897526,0.022632858714823605
Language,gu2,PSD,highbeta,Elastic Net,15,0.6277399097672326,0.019476705209645416,0.3666666666666667,0.04714045207910318,0.4032967032967033,0.07586056072790669,0.7854081326888123,0.013918010648003276
Language,gu2,PSD,gamma,Linear SVM,15,0.4329208165610736,0.051791563688918,0.2733333333333333,0.024944382578492935,0.24842032967032965,0.10237839266951562,0.7518860711450996,0.019778911806186687
Language,gu2,PSD,gamma,Random Forest,15,0.4311163413406639,0.09716904631260613,0.25999999999999995,0.10624918300339485,0.207760989010989,0.08760893817173449,0.7320863381811769,0.03676183211658837
Language,gu2,PSD,gamma,Elastic Net,15,0.5218774767982701,0.07248236119844517,0.2733333333333333,0.024944382578492935,0.26744505494505494,0.08066631843564046,0.7497036467919592,0.014975581201983671
Language,gu2,PSD_FC,delta,Linear SVM,15,0.46639334654453946,0.05243716729691515,0.24666666666666667,0.10666666666666667,0.30666208791208793,0.12804471010980112,0.744145553989621,0.03867192366533229
Language,gu2,PSD_FC,delta,Random Forest,15,0.5748917970093228,0.08119823450619539,0.36,0.09752492558885195,0.26717032967032966,0.05348771283636685,0.7620308901126213,0.030403293348385246
Language,gu2,PSD_FC,delta,Elastic Net,15,0.5240767672500795,0.05322134833509225,0.23333333333333334,0.02108185106778919,0.2883241758241758,0.09514051006588702,0.7367779274037541,0.015168100974493375
Language,gu2,PSD_FC,theta,Linear SVM,15,0.45934199658045455,0.05598075306050062,0.26666666666666666,0.05163977794943221,0.2943681318681318,0.10065537228549287,0.7469658362186362,0.027138836018939516
Language,gu2,PSD_FC,theta,Random Forest,15,0.4987610399648636,0.03757831909132798,0.2666666666666667,0.029814239699997188,0.21730769230769229,0.025946089653141442,0.7360061327243177,0.012313892685253212
Language,gu2,PSD_FC,theta,Elastic Net,15,0.4998747047334886,0.05575273037897229,0.21999999999999997,0.08055363982396381,0.2493818681318681,0.11169352109622382,0.7288848545074293,0.029515562388355163
Language,gu2,PSD_FC,alpha,Linear SVM,15,0.47818715425592134,0.06996952827706811,0.29333333333333333,0.06463573143221771,0.32568681318681314,0.03555119142433076,0.757539506364083,0.01952719762009419
Language,gu2,PSD_FC,alpha,Random Forest,15,0.47928078080145886,0.026855922953108846,0.23333333333333334,0.055777335102271695,0.24375,0.09805768272505752,0.7236852567795552,0.02146654324475818
Language,gu2,PSD_FC,alpha,Elastic Net,15,0.5374838513909144,0.08424767440265324,0.24666666666666667,0.04521553322083512,0.28853021978021975,0.05306244185655898,0.748063487354871,0.014283581988791497
Language,gu2,PSD_FC,beta,Linear SVM,15,0.4762331527333677,0.0804136886814517,0.29333333333333333,0.05333333333333332,0.3353708791208791,0.11442122177037857,0.7702217765257936,0.01814658798250414
Language,gu2,PSD_FC,beta,Random Forest,15,0.612400226479469,0.10605050399415936,0.32666666666666666,0.06463573143221772,0.3147664835164835,0.11448428009751262,0.754338430717796,0.027255126000461045
Language,gu2,PSD_FC,beta,Elastic Net,15,0.586871463569282,0.035507966626311935,0.2733333333333333,0.06798692684790379,0.36249999999999993,0.0892589245523656,0.7671812382101539,0.019676642378750372
Language,gu2,PSD_FC,highbeta,Linear SVM,15,0.5562477179921674,0.08366584765493114,0.3466666666666667,0.04521553322083512,0.3821428571428571,0.10107603584599216,0.7798523735172138,0.020012797812860826
Language,gu2,PSD_FC,highbeta,Random Forest,15,0.564528629937837,0.04487024977168565,0.36666666666666664,0.06992058987801011,0.2951236263736264,0.04975846594278313,0.7777184256897526,0.022632858714823605
Language,gu2,PSD_FC,highbeta,Elastic Net,15,0.6277399097672326,0.019476705209645416,0.3666666666666667,0.04714045207910318,0.4032967032967033,0.07586056072790669,0.7854081326888123,0.013918010648003276
Language,gu2,PSD_FC,gamma,Linear SVM,15,0.4329208165610736,0.051791563688918,0.2733333333333333,0.024944382578492935,0.24842032967032965,0.10237839266951562,0.7518860711450996,0.019778911806186687
Language,gu2,PSD_FC,gamma,Random Forest,15,0.4311163413406639,0.09716904631260613,0.25999999999999995,0.10624918300339485,0.207760989010989,0.08760893817173449,0.7320863381811769,0.03676183211658837
Language,gu2,PSD_FC,gamma,Elastic Net,15,0.5218774767982701,0.07248236119844517,0.2733333333333333,0.024944382578492935,0.26744505494505494,0.08066631843564046,0.7497036467919592,0.014975581201983671
Language_Tonal,gu2,FC,delta,Linear SVM,15,0.47630898513251463,0.06781387767190511,0.47333333333333344,0.04898979485566355,0.48099547511312224,0.046863812107053114,0.48099547511312224,0.046863812107053114
Language_Tonal,gu2,FC,delta,Random Forest,15,0.6431944893341953,0.09472121421416818,0.5933333333333334,0.09285592184789415,0.5910310277957336,0.09743493662471328,0.5910310277957336,0.09743493662471328
Language_Tonal,gu2,FC,delta,Elastic Net,15,0.5000040400775696,0.0820313375352782,0.4866666666666667,0.08589399151150082,0.49076842275371685,0.0815674392216745,0.49076842275371685,0.0815674392216745
Language_Tonal,gu2,FC,theta,Linear SVM,15,0.516748141564318,0.0648548728264652,0.45999999999999996,0.04422166387140532,0.4619909502262443,0.04178087506848692,0.4619909502262443,0.04178087506848692
Language_Tonal,gu2,FC,theta,Random Forest,15,0.5019493374272785,0.038436657625328406,0.4800000000000001,0.05416025603090639,0.4694004524886878,0.05388312720158081,0.4694004524886878,0.05388312720158081
Language_Tonal,gu2,FC,theta,Elastic Net,15,0.4849103102779573,0.04204242621176273,0.4933333333333333,0.04898979485566354,0.4890917905623787,0.04281941924485214,0.4890917905623787,0.04281941924485214
Language_Tonal,gu2,FC,alpha,Linear SVM,15,0.5671885100193923,0.0508867730901082,0.4533333333333333,0.04521553322083511,0.4624272786037492,0.04804318507894972,0.4624272786037492,0.04804318507894972
Language_Tonal,gu2,FC,alpha,Random Forest,15,0.3559914350355527,0.06820213335747975,0.4533333333333333,0.06863753427324668,0.45051712992889464,0.07411486635262705,0.45051712992889464,0.07411486635262705
Language_Tonal,gu2,FC,alpha,Elastic Net,15,0.45305833872010337,0.05315556082022664,0.48666666666666664,0.04988876515698588,0.48897866839043314,0.05565540621293293,0.48897866839043314,0.05565540621293293
Language_Tonal,gu2,FC,beta,Linear SVM,15,0.6562499999999999,0.057475024441596675,0.4133333333333333,0.06863753427324668,0.4141443115707822,0.05240553164672866,0.4141443115707822,0.05240553164672866
Language_Tonal,gu2,FC,beta,Random Forest,15,0.5014968487394957,0.087120632705955,0.5066666666666666,0.11035296904831232,0.5080720749838397,0.10358256671034165,0.5080720749838397,0.10358256671034165
Language_Tonal,gu2,FC,beta,Elastic Net,15,0.3825185843568196,0.043626710617466175,0.42000000000000004,0.054160256030906406,0.4210811247575954,0.04717767502493,0.4210811247575954,0.04717767502493
Language_Tonal,gu2,FC,highbeta,Linear SVM,15,0.38091467356173236,0.054214787356555515,0.44666666666666666,0.14236104336041747,0.4511433419521655,0.145666242289786,0.4511433419521655,0.145666242289786
Language_Tonal,gu2,FC,highbeta,Random Forest,15,0.43319125727213964,0.059748522504364465,0.4533333333333333,0.061824123303304696,0.4577811893988365,0.06416942462902597,0.4577811893988365,0.06416942462902597
Language_Tonal,gu2,FC,highbeta,Elastic Net,15,0.4969659017453136,0.13027468547233245,0.4533333333333333,0.12754084313139327,0.4535875888817065,0.13024929230452068,0.4535875888817065,0.13024929230452068
Language_Tonal,gu2,FC,gamma,Linear SVM,15,0.45254524886877834,0.04559975686694396,0.5333333333333333,0.06992058987801009,0.5375363606981254,0.06699199369528566,0.5375363606981254,0.06699199369528566
Language_Tonal,gu2,FC,gamma,Random Forest,15,0.3973961700064641,0.07566206900436687,0.4133333333333334,0.0618241233033047,0.4033088235294118,0.06236156163952107,0.4033088235294118,0.06236156163952107
Language_Tonal,gu2,FC,gamma,Elastic Net,15,0.5516604718810602,0.050315320690042256,0.5533333333333333,0.03399346342395189,0.5566257272139625,0.031927571290144625,0.5566257272139625,0.031927571290144625
Language_Tonal,gu2,PSD,delta,Linear SVM,15,0.47630898513251463,0.06781387767190511,0.47333333333333344,0.04898979485566355,0.48099547511312224,0.046863812107053114,0.48099547511312224,0.046863812107053114
Language_Tonal,gu2,PSD,delta,Random Forest,15,0.6431944893341953,0.09472121421416818,0.5933333333333334,0.09285592184789415,0.5910310277957336,0.09743493662471328,0.5910310277957336,0.09743493662471328
Language_Tonal,gu2,PSD,delta,Elastic Net,15,0.5000040400775696,0.0820313375352782,0.4866666666666667,0.08589399151150082,0.49076842275371685,0.0815674392216745,0.49076842275371685,0.0815674392216745
Language_Tonal,gu2,PSD,theta,Linear SVM,15,0.516748141564318,0.0648548728264652,0.45999999999999996,0.04422166387140532,0.4619909502262443,0.04178087506848692,0.4619909502262443,0.04178087506848692
Language_Tonal,gu2,PSD,theta,Random Forest,15,0.5019493374272785,0.038436657625328406,0.4800000000000001,0.05416025603090639,0.4694004524886878,0.05388312720158081,0.4694004524886878,0.05388312720158081
Language_Tonal,gu2,PSD,theta,Elastic Net,15,0.4849103102779573,0.04204242621176273,0.4933333333333333,0.04898979485566354,0.4890917905623787,0.04281941924485214,0.4890917905623787,0.04281941924485214
Language_Tonal,gu2,PSD,alpha,Linear SVM,15,0.5671885100193923,0.0508867730901082,0.4533333333333333,0.04521553322083511,0.4624272786037492,0.04804318507894972,0.4624272786037492,0.04804318507894972
Language_Tonal,gu2,PSD,alpha,Random Forest,15,0.3559914350355527,0.06820213335747975,0.4533333333333333,0.06863753427324668,0.45051712992889464,0.07411486635262705,0.45051712992889464,0.07411486635262705
Language_Tonal,gu2,PSD,alpha,Elastic Net,15,0.45305833872010337,0.05315556082022664,0.48666666666666664,0.04988876515698588,0.48897866839043314,0.05565540621293293,0.48897866839043314,0.05565540621293293
Language_Tonal,gu2,PSD,beta,Linear SVM,15,0.6562499999999999,0.057475024441596675,0.4133333333333333,0.06863753427324668,0.4141443115707822,0.05240553164672866,0.4141443115707822,0.05240553164672866
Language_Tonal,gu2,PSD,beta,Random Forest,15,0.5014968487394957,0.087120632705955,0.5066666666666666,0.11035296904831232,0.5080720749838397,0.10358256671034165,0.5080720749838397,0.10358256671034165
Language_Tonal,gu2,PSD,beta,Elastic Net,15,0.3825185843568196,0.043626710617466175,0.42000000000000004,0.054160256030906406,0.4210811247575954,0.04717767502493,0.4210811247575954,0.04717767502493
Language_Tonal,gu2,PSD,highbeta,Linear SVM,15,0.38091467356173236,0.054214787356555515,0.44666666666666666,0.14236104336041747,0.4511433419521655,0.145666242289786,0.4511433419521655,0.145666242289786
Language_Tonal,gu2,PSD,highbeta,Random Forest,15,0.43319125727213964,0.059748522504364465,0.4533333333333333,0.061824123303304696,0.4577811893988365,0.06416942462902597,0.4577811893988365,0.06416942462902597
Language_Tonal,gu2,PSD,highbeta,Elastic Net,15,0.4969659017453136,0.13027468547233245,0.4533333333333333,0.12754084313139327,0.4535875888817065,0.13024929230452068,0.4535875888817065,0.13024929230452068
Language_Tonal,gu2,PSD,gamma,Linear SVM,15,0.45254524886877834,0.04559975686694396,0.5333333333333333,0.06992058987801009,0.5375363606981254,0.06699199369528566,0.5375363606981254,0.06699199369528566
Language_Tonal,gu2,PSD,gamma,Random Forest,15,0.3973961700064641,0.07566206900436687,0.4133333333333334,0.0618241233033047,0.4033088235294118,0.06236156163952107,0.4033088235294118,0.06236156163952107
Language_Tonal,gu2,PSD,gamma,Elastic Net,15,0.5516604718810602,0.050315320690042256,0.5533333333333333,0.03399346342395189,0.5566257272139625,0.031927571290144625,0.5566257272139625,0.031927571290144625
Language_Tonal,gu2,PSD_FC,delta,Linear SVM,15,0.47630898513251463,0.06781387767190511,0.47333333333333344,0.04898979485566355,0.48099547511312224,0.046863812107053114,0.48099547511312224,0.046863812107053114
Language_Tonal,gu2,PSD_FC,delta,Random Forest,15,0.6431944893341953,0.09472121421416818,0.5933333333333334,0.09285592184789415,0.5910310277957336,0.09743493662471328,0.5910310277957336,0.09743493662471328
Language_Tonal,gu2,PSD_FC,delta,Elastic Net,15,0.5000040400775696,0.0820313375352782,0.4866666666666667,0.08589399151150082,0.49076842275371685,0.0815674392216745,0.49076842275371685,0.0815674392216745
Language_Tonal,gu2,PSD_FC,theta,Linear SVM,15,0.516748141564318,0.0648548728264652,0.45999999999999996,0.04422166387140532,0.4619909502262443,0.04178087506848692,0.4619909502262443,0.04178087506848692
Language_Tonal,gu2,PSD_FC,theta,Random Forest,15,0.5019493374272785,0.038436657625328406,0.4800000000000001,0.05416025603090639,0.4694004524886878,0.05388312720158081,0.4694004524886878,0.05388312720158081
Language_Tonal,gu2,PSD_FC,theta,Elastic Net,15,0.4849103102779573,0.04204242621176273,0.4933333333333333,0.04898979485566354,0.4890917905623787,0.04281941924485214,0.4890917905623787,0.04281941924485214
Language_Tonal,gu2,PSD_FC,alpha,Linear SVM,15,0.5671885100193923,0.0508867730901082,0.4533333333333333,0.04521553322083511,0.4624272786037492,0.04804318507894972,0.4624272786037492,0.04804318507894972
Language_Tonal,gu2,PSD_FC,alpha,Random Forest,15,0.3559914350355527,0.06820213335747975,0.4533333333333333,0.06863753427324668,0.45051712992889464,0.07411486635262705,0.45051712992889464,0.07411486635262705
Language_Tonal,gu2,PSD_FC,alpha,Elastic Net,15,0.45305833872010337,0.05315556082022664,0.48666666666666664,0.04988876515698588,0.48897866839043314,0.05565540621293293,0.48897866839043314,0.05565540621293293
Language_Tonal,gu2,PSD_FC,beta,Linear SVM,15,0.6562499999999999,0.057475024441596675,0.4133333333333333,0.06863753427324668,0.4141443115707822,0.05240553164672866,0.4141443115707822,0.05240553164672866
Language_Tonal,gu2,PSD_FC,beta,Random Forest,15,0.5014968487394957,0.087120632705955,0.5066666666666666,0.11035296904831232,0.5080720749838397,0.10358256671034165,0.5080720749838397,0.10358256671034165
Language_Tonal,gu2,PSD_FC,beta,Elastic Net,15,0.3825185843568196,0.043626710617466175,0.42000000000000004,0.054160256030906406,0.4210811247575954,0.04717767502493,0.4210811247575954,0.04717767502493
Language_Tonal,gu2,PSD_FC,highbeta,Linear SVM,15,0.38091467356173236,0.054214787356555515,0.44666666666666666,0.14236104336041747,0.4511433419521655,0.145666242289786,0.4511433419521655,0.145666242289786
Language_Tonal,gu2,PSD_FC,highbeta,Random Forest,15,0.43319125727213964,0.059748522504364465,0.4533333333333333,0.061824123303304696,0.4577811893988365,0.06416942462902597,0.4577811893988365,0.06416942462902597
Language_Tonal,gu2,PSD_FC,highbeta,Elastic Net,15,0.4969659017453136,0.13027468547233245,0.4533333333333333,0.12754084313139327,0.4535875888817065,0.13024929230452068,0.4535875888817065,0.13024929230452068
Language_Tonal,gu2,PSD_FC,gamma,Linear SVM,15,0.45254524886877834,0.04559975686694396,0.5333333333333333,0.06992058987801009,0.5375363606981254,0.06699199369528566,0.5375363606981254,0.06699199369528566
Language_Tonal,gu2,PSD_FC,gamma,Random Forest,15,0.3973961700064641,0.07566206900436687,0.4133333333333334,0.0618241233033047,0.4033088235294118,0.06236156163952107,0.4033088235294118,0.06236156163952107
Language_Tonal,gu2,PSD_FC,gamma,Elastic Net,15,0.5516604718810602,0.050315320690042256,0.5533333333333333,0.03399346342395189,0.5566257272139625,0.031927571290144625,0.5566257272139625,0.031927571290144625
Age_Child_Language_Tonal,gu2,FC,delta,Linear SVM,15,0.5281069624819624,0.06848906950834549,0.34269005847953216,0.10165014489840818,0.3794047619047619,0.10470277010675129,0.7850757575757576,0.030487810161892677
Age_Child_Language_Tonal,gu2,FC,delta,Random Forest,15,0.5987112193362194,0.06676994713392573,0.33274853801169585,0.07485380116959063,0.32357142857142857,0.04307089551908954,0.7780005411255412,0.02277329973942555
Age_Child_Language_Tonal,gu2,FC,delta,Elastic Net,15,0.5776993145743146,0.0328368192622113,0.29005847953216374,0.02167690408520542,0.3301190476190476,0.015183122566993707,0.7695183982683982,0.0075173147708418615
Age_Child_Language_Tonal,gu2,FC,theta,Linear SVM,15,0.4685470779220779,0.09597912695962564,0.19473684210526315,0.04842161764791685,0.20023809523809524,0.0545409621595364,0.7359388528138529,0.018820995877605794
Age_Child_Language_Tonal,gu2,FC,theta,Random Forest,15,0.47061011904761907,0.0709914719414543,0.2356725146198831,0.08505907759334133,0.21892857142857144,0.09571561832761011,0.7373944805194805,0.03497270593836054
Age_Child_Language_Tonal,gu2,FC,theta,Elastic Net,15,0.5091892135642135,0.07957919638292148,0.21578947368421053,0.03818673150249008,0.23607142857142857,0.04819679282900747,0.7428300865800865,0.018282325019183015
Age_Child_Language_Tonal,gu2,FC,alpha,Linear SVM,15,0.44312590187590184,0.022949191261870824,0.256140350877193,0.09947710491211657,0.2964285714285714,0.11524584291153421,0.7586607142857142,0.030608842167270237
Age_Child_Language_Tonal,gu2,FC,alpha,Random Forest,15,0.44530393217893216,0.027520668533624493,0.19415204678362571,0.04614327846685115,0.17845238095238095,0.02754968712655327,0.7278327922077923,0.007600837813793885
Age_Child_Language_Tonal,gu2,FC,alpha,Elastic Net,15,0.4389980158730159,0.06045028200582913,0.18128654970760233,0.08427953637569073,0.2076190476190476,0.09476773731751316,0.7354761904761905,0.024853881376982818
Age_Child_Language_Tonal,gu2,FC,beta,Linear SVM,15,0.53315386002886,0.053337384788614564,0.19298245614035087,0.052955468644078456,0.2188095238095238,0.06344534491499923,0.7400676406926407,0.013728453093002004
Age_Child_Language_Tonal,gu2,FC,beta,Random Forest,15,0.48408549783549776,0.07270471799291998,0.29005847953216374,0.0913928636050821,0.27416666666666667,0.10662480577402805,0.7579193722943722,0.029051144516577223
Age_Child_Language_Tonal,gu2,FC,beta,Elastic Net,15,0.46086580086580087,0.07609305430961068,0.16140350877192983,0.07787664647773933,0.19083333333333333,0.10479477298245576,0.7331547619047619,0.0260205526651094
Age_Child_Language_Tonal,gu2,FC,highbeta,Linear SVM,15,0.4552994227994228,0.04702761876602465,0.22514619883040937,0.07740534319426572,0.22130952380952382,0.08689448732478741,0.7406358225108226,0.02199233727231887
Age_Child_Language_Tonal,gu2,FC,highbeta,Random Forest,15,0.5179987373737374,0.04339968599958484,0.26959064327485377,0.07728153701371597,0.2544047619047619,0.08803295739268097,0.7546834415584416,0.022960008998719174
Age_Child_Language_Tonal,gu2,FC,highbeta,Elastic Net,15,0.525326479076479,0.07172972620071838,0.2573099415204678,0.11134171207403375,0.2538095238095238,0.11534393506383019,0.7503165584415584,0.03448113728545424
Age_Child_Language_Tonal,gu2,FC,gamma,Linear SVM,15,0.4780943362193362,0.09925017456491113,0.16023391812865498,0.06573161848572404,0.1805952380952381,0.08213043384315771,0.7213582251082251,0.018698699364409765
Age_Child_Language_Tonal,gu2,FC,gamma,Random Forest,15,0.5486958874458875,0.05668810520174334,0.3216374269005847,0.06320119806365518,0.28809523809523807,0.07953503627625283,0.7699296536796536,0.026497540312694877
Age_Child_Language_Tonal,gu2,FC,gamma,Elastic Net,15,0.5222655122655122,0.10577803042059356,0.19239766081871343,0.0837789460540174,0.21809523809523806,0.08964973413196478,0.7369967532467532,0.022275685124106832
Age_Child_Language_Tonal,gu2,PSD,delta,Linear SVM,15,0.5281069624819624,0.06848906950834549,0.34269005847953216,0.10165014489840818,0.3794047619047619,0.10470277010675129,0.7850757575757576,0.030487810161892677
Age_Child_Language_Tonal,gu2,PSD,delta,Random Forest,15,0.5987112193362194,0.06676994713392573,0.33274853801169585,0.07485380116959063,0.32357142857142857,0.04307089551908954,0.7780005411255412,0.02277329973942555
Age_Child_Language_Tonal,gu2,PSD,delta,Elastic Net,15,0.5776993145743146,0.0328368192622113,0.29005847953216374,0.02167690408520542,0.3301190476190476,0.015183122566993707,0.7695183982683982,0.0075173147708418615
Age_Child_Language_Tonal,gu2,PSD,theta,Linear SVM,15,0.4685470779220779,0.09597912695962564,0.19473684210526315,0.04842161764791685,0.20023809523809524,0.0545409621595364,0.7359388528138529,0.018820995877605794
Age_Child_Language_Tonal,gu2,PSD,theta,Random Forest,15,0.47061011904761907,0.0709914719414543,0.2356725146198831,0.08505907759334133,0.21892857142857144,0.09571561832761011,0.7373944805194805,0.03497270593836054
Age_Child_Language_Tonal,gu2,PSD,theta,Elastic Net,15,0.5091892135642135,0.07957919638292148,0.21578947368421053,0.03818673150249008,0.23607142857142857,0.04819679282900747,0.7428300865800865,0.018282325019183015
Age_Child_Language_Tonal,gu2,PSD,alpha,Linear SVM,15,0.44312590187590184,0.022949191261870824,0.256140350877193,0.09947710491211657,0.2964285714285714,0.11524584291153421,0.7586607142857142,0.030608842167270237
Age_Child_Language_Tonal,gu2,PSD,alpha,Random Forest,15,0.44530393217893216,0.027520668533624493,0.19415204678362571,0.04614327846685115,0.17845238095238095,0.02754968712655327,0.7278327922077923,0.007600837813793885
Age_Child_Language_Tonal,gu2,PSD,alpha,Elastic Net,15,0.4389980158730159,0.06045028200582913,0.18128654970760233,0.08427953637569073,0.2076190476190476,0.09476773731751316,0.7354761904761905,0.024853881376982818
Age_Child_Language_Tonal,gu2,PSD,beta,Linear SVM,15,0.53315386002886,0.053337384788614564,0.19298245614035087,0.052955468644078456,0.2188095238095238,0.06344534491499923,0.7400676406926407,0.013728453093002004
Age_Child_Language_Tonal,gu2,PSD,beta,Random Forest,15,0.48408549783549776,0.07270471799291998,0.29005847953216374,0.0913928636050821,0.27416666666666667,0.10662480577402805,0.7579193722943722,0.029051144516577223
Age_Child_Language_Tonal,gu2,PSD,beta,Elastic Net,15,0.46086580086580087,0.07609305430961068,0.16140350877192983,0.07787664647773933,0.19083333333333333,0.10479477298245576,0.7331547619047619,0.0260205526651094
Age_Child_Language_Tonal,gu2,PSD,highbeta,Linear SVM,15,0.4552994227994228,0.04702761876602465,0.22514619883040937,0.07740534319426572,0.22130952380952382,0.08689448732478741,0.7406358225108226,0.02199233727231887
Age_Child_Language_Tonal,gu2,PSD,highbeta,Random Forest,15,0.5179987373737374,0.04339968599958484,0.26959064327485377,0.07728153701371597,0.2544047619047619,0.08803295739268097,0.7546834415584416,0.022960008998719174
Age_Child_Language_Tonal,gu2,PSD,highbeta,Elastic Net,15,0.525326479076479,0.07172972620071838,0.2573099415204678,0.11134171207403375,0.2538095238095238,0.11534393506383019,0.7503165584415584,0.03448113728545424
Age_Child_Language_Tonal,gu2,PSD,gamma,Linear SVM,15,0.4780943362193362,0.09925017456491113,0.16023391812865498,0.06573161848572404,0.1805952380952381,0.08213043384315771,0.7213582251082251,0.018698699364409765
Age_Child_Language_Tonal,gu2,PSD,gamma,Random Forest,15,0.5486958874458875,0.05668810520174334,0.3216374269005847,0.06320119806365518,0.28809523809523807,0.07953503627625283,0.7699296536796536,0.026497540312694877
Age_Child_Language_Tonal,gu2,PSD,gamma,Elastic Net,15,0.5222655122655122,0.10577803042059356,0.19239766081871343,0.0837789460540174,0.21809523809523806,0.08964973413196478,0.7369967532467532,0.022275685124106832
Age_Child_Language_Tonal,gu2,PSD_FC,delta,Linear SVM,15,0.5281069624819624,0.06848906950834549,0.34269005847953216,0.10165014489840818,0.3794047619047619,0.10470277010675129,0.7850757575757576,0.030487810161892677
Age_Child_Language_Tonal,gu2,PSD_FC,delta,Random Forest,15,0.5987112193362194,0.06676994713392573,0.33274853801169585,0.07485380116959063,0.32357142857142857,0.04307089551908954,0.7780005411255412,0.02277329973942555
Age_Child_Language_Tonal,gu2,PSD_FC,delta,Elastic Net,15,0.5776993145743146,0.0328368192622113,0.29005847953216374,0.02167690408520542,0.3301190476190476,0.015183122566993707,0.7695183982683982,0.0075173147708418615
Age_Child_Language_Tonal,gu2,PSD_FC,theta,Linear SVM,15,0.4685470779220779,0.09597912695962564,0.19473684210526315,0.04842161764791685,0.20023809523809524,0.0545409621595364,0.7359388528138529,0.018820995877605794
Age_Child_Language_Tonal,gu2,PSD_FC,theta,Random Forest,15,0.47061011904761907,0.0709914719414543,0.2356725146198831,0.08505907759334133,0.21892857142857144,0.09571561832761011,0.7373944805194805,0.03497270593836054
Age_Child_Language_Tonal,gu2,PSD_FC,theta,Elastic Net,15,0.5091892135642135,0.07957919638292148,0.21578947368421053,0.03818673150249008,0.23607142857142857,0.04819679282900747,0.7428300865800865,0.018282325019183015
Age_Child_Language_Tonal,gu2,PSD_FC,alpha,Linear SVM,15,0.44312590187590184,0.022949191261870824,0.256140350877193,0.09947710491211657,0.2964285714285714,0.11524584291153421,0.7586607142857142,0.030608842167270237
Age_Child_Language_Tonal,gu2,PSD_FC,alpha,Random Forest,15,0.44530393217893216,0.027520668533624493,0.19415204678362571,0.04614327846685115,0.17845238095238095,0.02754968712655327,0.7278327922077923,0.007600837813793885
Age_Child_Language_Tonal,gu2,PSD_FC,alpha,Elastic Net,15,0.4389980158730159,0.06045028200582913,0.18128654970760233,0.08427953637569073,0.2076190476190476,0.09476773731751316,0.7354761904761905,0.024853881376982818
Age_Child_Language_Tonal,gu2,PSD_FC,beta,Linear SVM,15,0.53315386002886,0.053337384788614564,0.19298245614035087,0.052955468644078456,0.2188095238095238,0.06344534491499923,0.7400676406926407,0.013728453093002004
Age_Child_Language_Tonal,gu2,PSD_FC,beta,Random Forest,15,0.48408549783549776,0.07270471799291998,0.29005847953216374,0.0913928636050821,0.27416666666666667,0.10662480577402805,0.7579193722943722,0.029051144516577223
Age_Child_Language_Tonal,gu2,PSD_FC,beta,Elastic Net,15,0.46086580086580087,0.07609305430961068,0.16140350877192983,0.07787664647773933,0.19083333333333333,0.10479477298245576,0.7331547619047619,0.0260205526651094
Age_Child_Language_Tonal,gu2,PSD_FC,highbeta,Linear SVM,15,0.4552994227994228,0.04702761876602465,0.22514619883040937,0.07740534319426572,0.22130952380952382,0.08689448732478741,0.7406358225108226,0.02199233727231887
Age_Child_Language_Tonal,gu2,PSD_FC,highbeta,Random Forest,15,0.5179987373737374,0.04339968599958484,0.26959064327485377,0.07728153701371597,0.2544047619047619,0.08803295739268097,0.7546834415584416,0.022960008998719174
Age_Child_Language_Tonal,gu2,PSD_FC,highbeta,Elastic Net,15,0.525326479076479,0.07172972620071838,0.2573099415204678,0.11134171207403375,0.2538095238095238,0.11534393506383019,0.7503165584415584,0.03448113728545424
Age_Child_Language_Tonal,gu2,PSD_FC,gamma,Linear SVM,15,0.4780943362193362,0.09925017456491113,0.16023391812865498,0.06573161848572404,0.1805952380952381,0.08213043384315771,0.7213582251082251,0.018698699364409765
Age_Child_Language_Tonal,gu2,PSD_FC,gamma,Random Forest,15,0.5486958874458875,0.05668810520174334,0.3216374269005847,0.06320119806365518,0.28809523809523807,0.07953503627625283,0.7699296536796536,0.026497540312694877
Age_Child_Language_Tonal,gu2,PSD_FC,gamma,Elastic Net,15,0.5222655122655122,0.10577803042059356,0.19239766081871343,0.0837789460540174,0.21809523809523806,0.08964973413196478,0.7369967532467532,0.022275685124106832
Age_Child_Language,gu2,FC,delta,Linear SVM,15,0.5510310922114572,0.032666088424908424,0.1604995374653099,0.07354301572617947,0.13918876262626262,0.06220012626262626,0.8785617859498421,0.01101283226481653
Age_Child_Language,gu2,FC,delta,Random Forest,15,0.5723962781854139,0.021068079540015605,0.1505550416281221,0.00161887141535616,0.1448705808080808,0.012768308080808075,0.8738178512624204,0.0016338343094690067
Age_Child_Language,gu2,FC,delta,Elastic Net,15,0.5252413613903328,0.035901583754261945,0.10777058279370952,0.022664199814986123,0.08224431818181818,0.01974431818181819,0.8698805241913337,0.0022237826770938884
Age_Child_Language,gu2,FC,theta,Linear SVM,15,0.4656241438797526,0.003951136245912645,0.1288159111933395,0.020120259019426455,0.12152777777777778,0.027777777777777776,0.8719784279560197,0.003604356228289307
Age_Child_Language,gu2,FC,theta,Random Forest,15,0.4643948083339522,0.0012195853623172825,0.1725254394079556,0.04486586493987049,0.14204545454545453,0.02954545454545454,0.8786846131812132,0.005153678038336107
Age_Child_Language,gu2,FC,theta,Elastic Net,15,0.5041113396881315,0.018398724007207073,0.1288159111933395,0.020120259019426455,0.1171401515151515,0.04327651515151514,0.8738161614986284,0.007375056426265292
Age_Child_Language,gu2,FC,alpha,Linear SVM,15,0.5027144785494272,0.02891475497033902,0.1614246068455134,0.012488436632747457,0.11843434343434345,0.0030934343434343495,0.8778950695771606,2.1604965891042216e-05
Age_Child_Language,gu2,FC,alpha,Random Forest,15,0.44480238875090083,0.025723999989825885,0.12927844588344126,0.022895467160037007,0.10819128787878787,0.02902462121212121,0.8722870436107816,0.0050088499479489235
Age_Child_Language,gu2,FC,alpha,Elastic Net,15,0.4290183280143638,0.012228708761796825,0.12927844588344126,0.022895467160037007,0.10863320707070707,0.0003945707070707044,0.878128684343128,0.0007108410223923833
Age_Child_Language,gu2,FC,beta,Linear SVM,15,0.5288797629434315,0.003000160905362592,0.1288159111933395,0.020120259019426455,0.10236742424242423,0.045549242424242416,0.8742674018167906,0.005579004919151032
Age_Child_Language,gu2,FC,beta,Random Forest,15,0.501527280928473,0.033333357247713885,0.1722941720629047,0.023358001850138768,0.13844696969696968,0.003030303030303036,0.877778501529789,0.002895559824631855
Age_Child_Language,gu2,FC,beta,Elastic Net,15,0.4033137776407605,0.030883681127303886,0.09690101757631822,0.01179463459759482,0.06972853535353535,0.012910353535353535,0.8693736813612044,0.002067354290756662
Age_Child_Language,gu2,FC,highbeta,Linear SVM,15,0.4147985438540589,0.0035858172473272054,0.1505550416281221,0.00161887141535616,0.12168560606060606,0.026231060606060605,0.8756689512119387,0.00010648860679318695
Age_Child_Language,gu2,FC,highbeta,Random Forest,15,0.5714415336128768,0.020769226739130286,0.1616558741905643,0.033996299722479195,0.14147727272727273,0.04772727272727273,0.8749458861735586,0.00683700786864222
Age_Child_Language,gu2,FC,highbeta,Elastic Net,15,0.4590780455114388,0.003186121503340217,0.09690101757631822,0.01179463459759482,0.10151515151515152,0.015151515151515152,0.870084887193805,0.0016543295543256509
Age_Child_Language,gu2,FC,gamma,Linear SVM,15,0.5147737283800541,0.033063045191113555,0.11817761332099908,0.009481961147086028,0.13124999999999998,0.012499999999999997,0.872609217864033,0.0027250539249910055
Age_Child_Language,gu2,FC,gamma,Random Forest,15,0.5375283523000084,0.0067503174550332945,0.1614246068455134,0.012488436632747457,0.15667613636363636,0.02542613636363636,0.8790761801257023,0.0013446150255165823
Age_Child_Language,gu2,FC,gamma,Elastic Net,15,0.44833328224270885,0.013173490741118066,0.13991674375578167,0.012257169287696587,0.14131944444444444,0.008680555555555566,0.8771602454356855,0.001991933858516537
Age_Child_Language,gu2,PSD,delta,Linear SVM,15,0.5510310922114572,0.032666088424908424,0.1604995374653099,0.07354301572617947,0.13918876262626262,0.06220012626262626,0.8785617859498421,0.01101283226481653
Age_Child_Language,gu2,PSD,delta,Random Forest,15,0.5723962781854139,0.021068079540015605,0.1505550416281221,0.00161887141535616,0.1448705808080808,0.012768308080808075,0.8738178512624204,0.0016338343094690067
Age_Child_Language,gu2,PSD,delta,Elastic Net,15,0.5252413613903328,0.035901583754261945,0.10777058279370952,0.022664199814986123,0.08224431818181818,0.01974431818181819,0.8698805241913337,0.0022237826770938884
Age_Child_Language,gu2,PSD,theta,Linear SVM,15,0.4656241438797526,0.003951136245912645,0.1288159111933395,0.020120259019426455,0.12152777777777778,0.027777777777777776,0.8719784279560197,0.003604356228289307
Age_Child_Language,gu2,PSD,theta,Random Forest,15,0.4643948083339522,0.0012195853623172825,0.1725254394079556,0.04486586493987049,0.14204545454545453,0.02954545454545454,0.8786846131812132,0.005153678038336107
Age_Child_Language,gu2,PSD,theta,Elastic Net,15,0.5041113396881315,0.018398724007207073,0.1288159111933395,0.020120259019426455,0.1171401515151515,0.04327651515151514,0.8738161614986284,0.007375056426265292
Age_Child_Language,gu2,PSD,alpha,Linear SVM,15,0.5027144785494272,0.02891475497033902,0.1614246068455134,0.012488436632747457,0.11843434343434345,0.0030934343434343495,0.8778950695771606,2.1604965891042216e-05
Age_Child_Language,gu2,PSD,alpha,Random Forest,15,0.44480238875090083,0.025723999989825885,0.12927844588344126,0.022895467160037007,0.10819128787878787,0.02902462121212121,0.8722870436107816,0.0050088499479489235
Age_Child_Language,gu2,PSD,alpha,Elastic Net,15,0.4290183280143638,0.012228708761796825,0.12927844588344126,0.022895467160037007,0.10863320707070707,0.0003945707070707044,0.878128684343128,0.0007108410223923833
Age_Child_Language,gu2,PSD,beta,Linear SVM,15,0.5288797629434315,0.003000160905362592,0.1288159111933395,0.020120259019426455,0.10236742424242423,0.045549242424242416,0.8742674018167906,0.005579004919151032
Age_Child_Language,gu2,PSD,beta,Random Forest,15,0.501527280928473,0.033333357247713885,0.1722941720629047,0.023358001850138768,0.13844696969696968,0.003030303030303036,0.877778501529789,0.002895559824631855
Age_Child_Language,gu2,PSD,beta,Elastic Net,15,0.4033137776407605,0.030883681127303886,0.09690101757631822,0.01179463459759482,0.06972853535353535,0.012910353535353535,0.8693736813612044,0.002067354290756662
Age_Child_Language,gu2,PSD,highbeta,Linear SVM,15,0.4147985438540589,0.0035858172473272054,0.1505550416281221,0.00161887141535616,0.12168560606060606,0.026231060606060605,0.8756689512119387,0.00010648860679318695
Age_Child_Language,gu2,PSD,highbeta,Random Forest,15,0.5714415336128768,0.020769226739130286,0.1616558741905643,0.033996299722479195,0.14147727272727273,0.04772727272727273,0.8749458861735586,0.00683700786864222
Age_Child_Language,gu2,PSD,highbeta,Elastic Net,15,0.4590780455114388,0.003186121503340217,0.09690101757631822,0.01179463459759482,0.10151515151515152,0.015151515151515152,0.870084887193805,0.0016543295543256509
Age_Child_Language,gu2,PSD,gamma,Linear SVM,15,0.5147737283800541,0.033063045191113555,0.11817761332099908,0.009481961147086028,0.13124999999999998,0.012499999999999997,0.872609217864033,0.0027250539249910055
Age_Child_Language,gu2,PSD,gamma,Random Forest,15,0.5375283523000084,0.0067503174550332945,0.1614246068455134,0.012488436632747457,0.15667613636363636,0.02542613636363636,0.8790761801257023,0.0013446150255165823
Age_Child_Language,gu2,PSD,gamma,Elastic Net,15,0.44833328224270885,0.013173490741118066,0.13991674375578167,0.012257169287696587,0.14131944444444444,0.008680555555555566,0.8771602454356855,0.001991933858516537
Age_Child_Language,gu2,PSD_FC,delta,Linear SVM,15,0.5510310922114572,0.032666088424908424,0.1604995374653099,0.07354301572617947,0.13918876262626262,0.06220012626262626,0.8785617859498421,0.01101283226481653
Age_Child_Language,gu2,PSD_FC,delta,Random Forest,15,0.5723962781854139,0.021068079540015605,0.1505550416281221,0.00161887141535616,0.1448705808080808,0.012768308080808075,0.8738178512624204,0.0016338343094690067
Age_Child_Language,gu2,PSD_FC,delta,Elastic Net,15,0.5252413613903328,0.035901583754261945,0.10777058279370952,0.022664199814986123,0.08224431818181818,0.01974431818181819,0.8698805241913337,0.0022237826770938884
Age_Child_Language,gu2,PSD_FC,theta,Linear SVM,15,0.4656241438797526,0.003951136245912645,0.1288159111933395,0.020120259019426455,0.12152777777777778,0.027777777777777776,0.8719784279560197,0.003604356228289307
Age_Child_Language,gu2,PSD_FC,theta,Random Forest,15,0.4643948083339522,0.0012195853623172825,0.1725254394079556,0.04486586493987049,0.14204545454545453,0.02954545454545454,0.8786846131812132,0.005153678038336107
Age_Child_Language,gu2,PSD_FC,theta,Elastic Net,15,0.5041113396881315,0.018398724007207073,0.1288159111933395,0.020120259019426455,0.1171401515151515,0.04327651515151514,0.8738161614986284,0.007375056426265292
Age_Child_Language,gu2,PSD_FC,alpha,Linear SVM,15,0.5027144785494272,0.02891475497033902,0.1614246068455134,0.012488436632747457,0.11843434343434345,0.0030934343434343495,0.8778950695771606,2.1604965891042216e-05
Age_Child_Language,gu2,PSD_FC,alpha,Random Forest,15,0.44480238875090083,0.025723999989825885,0.12927844588344126,0.022895467160037007,0.10819128787878787,0.02902462121212121,0.8722870436107816,0.0050088499479489235
Age_Child_Language,gu2,PSD_FC,alpha,Elastic Net,15,0.4290183280143638,0.012228708761796825,0.12927844588344126,0.022895467160037007,0.10863320707070707,0.0003945707070707044,0.878128684343128,0.0007108410223923833
Age_Child_Language,gu2,PSD_FC,beta,Linear SVM,15,0.5288797629434315,0.003000160905362592,0.1288159111933395,0.020120259019426455,0.10236742424242423,0.045549242424242416,0.8742674018167906,0.005579004919151032
Age_Child_Language,gu2,PSD_FC,beta,Random Forest,15,0.501527280928473,0.033333357247713885,0.1722941720629047,0.023358001850138768,0.13844696969696968,0.003030303030303036,0.877778501529789,0.002895559824631855
Age_Child_Language,gu2,PSD_FC,beta,Elastic Net,15,0.4033137776407605,0.030883681127303886,0.09690101757631822,0.01179463459759482,0.06972853535353535,0.012910353535353535,0.8693736813612044,0.002067354290756662
Age_Child_Language,gu2,PSD_FC,highbeta,Linear SVM,15,0.4147985438540589,0.0035858172473272054,0.1505550416281221,0.00161887141535616,0.12168560606060606,0.026231060606060605,0.8756689512119387,0.00010648860679318695
Age_Child_Language,gu2,PSD_FC,highbeta,Random Forest,15,0.5714415336128768,0.020769226739130286,0.1616558741905643,0.033996299722479195,0.14147727272727273,0.04772727272727273,0.8749458861735586,0.00683700786864222
Age_Child_Language,gu2,PSD_FC,highbeta,Elastic Net,15,0.4590780455114388,0.003186121503340217,0.09690101757631822,0.01179463459759482,0.10151515151515152,0.015151515151515152,0.870084887193805,0.0016543295543256509
Age_Child_Language,gu2,PSD_FC,gamma,Linear SVM,15,0.5147737283800541,0.033063045191113555,0.11817761332099908,0.009481961147086028,0.13124999999999998,0.012499999999999997,0.872609217864033,0.0027250539249910055
Age_Child_Language,gu2,PSD_FC,gamma,Random Forest,15,0.5375283523000084,0.0067503174550332945,0.1614246068455134,0.012488436632747457,0.15667613636363636,0.02542613636363636,0.8790761801257023,0.0013446150255165823
Age_Child_Language,gu2,PSD_FC,gamma,Elastic Net,15,0.44833328224270885,0.013173490741118066,0.13991674375578167,0.012257169287696587,0.14131944444444444,0.008680555555555566,0.8771602454356855,0.001991933858516537
Age_Group,gu3,FC,delta,Linear SVM,15,0.5658766459724698,0.011726874327777243,0.32666666666666666,0.08,0.31252705627705624,0.07549466011941494,0.7786601000067819,0.02290944583378655
Age_Group,gu3,FC,delta,Random Forest,15,0.49327872877186374,0.0441561353968524,0.26666666666666666,0.02108185106778919,0.26764971139971144,0.01591993528727241,0.7520655888733693,0.006922755351891377
Age_Group,gu3,FC,delta,Elastic Net,15,0.5699649168824226,0.03614253016005955,0.35333333333333333,0.07774602526460402,0.34161435786435784,0.07521057685014755,0.7854472244003137,0.02414870843815237
Age_Group,gu3,FC,theta,Linear SVM,15,0.6320195385574676,0.03820360254858391,0.4,0.059628479399994404,0.38687590187590193,0.051869192689511144,0.8002663907412192,0.016799178835597024
Age_Group,gu3,FC,theta,Random Forest,15,0.607062526888528,0.06522548442957328,0.4,0.0632455532033676,0.3946699134199134,0.0799427162276268,0.8015380904374039,0.02077778908932301
Age_Group,gu3,FC,theta,Elastic Net,15,0.637805537720183,0.027911964720889405,0.40666666666666673,0.07423685817106697,0.3948106060606061,0.07038951887077853,0.803053473604961,0.02295108877535974
Age_Group,gu3,FC,alpha,Linear SVM,15,0.5984995362104629,0.03614232932691963,0.3466666666666666,0.054160256030906406,0.3229491341991342,0.054293556587441054,0.7778780963506364,0.018067652935171607
Age_Group,gu3,FC,alpha,Random Forest,15,0.5136735170679392,0.04633253786922654,0.31333333333333335,0.03399346342395189,0.289760101010101,0.04709677428232652,0.767045036961513,0.010141856572811688
Age_Group,gu3,FC,alpha,Elastic Net,15,0.6425573754790003,0.047953776975572064,0.38,0.1024152766382481,0.36286796536796534,0.1048204264047057,0.7903131395682883,0.03338489006847579
Age_Group,gu3,FC,beta,Linear SVM,15,0.6173191430169119,0.03769971431928845,0.39333333333333326,0.03265986323710905,0.39117243867243867,0.0509737972812726,0.7960234578541214,0.01277075054009127
Age_Group,gu3,FC,beta,Random Forest,15,0.5829504532123526,0.041072310805861524,0.3533333333333334,0.09797958971132713,0.3276605339105339,0.09699545203780509,0.7809396427371255,0.03216401827657403
Age_Group,gu3,FC,beta,Elastic Net,15,0.6618657925344424,0.02862719905370921,0.38666666666666666,0.040000000000000015,0.3878769841269841,0.05828623785009993,0.7942524108233491,0.013874137772953729
Age_Group,gu3,FC,highbeta,Linear SVM,15,0.6155115834775446,0.04496756975903275,0.32666666666666666,0.0879393730551528,0.31481240981240977,0.08739052595691117,0.7722812088750304,0.025235338356800925
Age_Group,gu3,FC,highbeta,Random Forest,15,0.5200684744306884,0.029822816585073263,0.2733333333333333,0.07118052168020873,0.2663419913419913,0.07668462620339213,0.7529344808509568,0.023853307484634524
Age_Group,gu3,FC,highbeta,Elastic Net,15,0.6152110426610428,0.033048971324833545,0.3133333333333333,0.08844332774281066,0.30163961038961035,0.08548844337146337,0.7715788163019284,0.025158432947877507
Age_Group,gu3,FC,gamma,Linear SVM,15,0.6167150662626635,0.03357220353011394,0.36666666666666664,0.0632455532033676,0.3524747474747475,0.05889085327045824,0.7862053579524975,0.020987074360735488
Age_Group,gu3,FC,gamma,Random Forest,15,0.6249843967361988,0.045726516676839864,0.39333333333333337,0.03887301263230202,0.3741792929292929,0.04476502080622263,0.7935890452034616,0.013604378471244821
Age_Group,gu3,FC,gamma,Elastic Net,15,0.6359235621654387,0.03820469657227739,0.4,0.0421637021355784,0.3927344877344877,0.047178515306022475,0.7991548352486568,0.015564738407091137
Age_Group,gu3,PSD,delta,Linear SVM,15,0.5658766459724698,0.011726874327777243,0.32666666666666666,0.08,0.31252705627705624,0.07549466011941494,0.7786601000067819,0.02290944583378655
Age_Group,gu3,PSD,delta,Random Forest,15,0.49327872877186374,0.0441561353968524,0.26666666666666666,0.02108185106778919,0.26764971139971144,0.01591993528727241,0.7520655888733693,0.006922755351891377
Age_Group,gu3,PSD,delta,Elastic Net,15,0.5699649168824226,0.03614253016005955,0.35333333333333333,0.07774602526460402,0.34161435786435784,0.07521057685014755,0.7854472244003137,0.02414870843815237
Age_Group,gu3,PSD,theta,Linear SVM,15,0.6320195385574676,0.03820360254858391,0.4,0.059628479399994404,0.38687590187590193,0.051869192689511144,0.8002663907412192,0.016799178835597024
Age_Group,gu3,PSD,theta,Random Forest,15,0.607062526888528,0.06522548442957328,0.4,0.0632455532033676,0.3946699134199134,0.0799427162276268,0.8015380904374039,0.02077778908932301
Age_Group,gu3,PSD,theta,Elastic Net,15,0.637805537720183,0.027911964720889405,0.40666666666666673,0.07423685817106697,0.3948106060606061,0.07038951887077853,0.803053473604961,0.02295108877535974
Age_Group,gu3,PSD,alpha,Linear SVM,15,0.5984995362104629,0.03614232932691963,0.3466666666666666,0.054160256030906406,0.3229491341991342,0.054293556587441054,0.7778780963506364,0.018067652935171607
Age_Group,gu3,PSD,alpha,Random Forest,15,0.5136735170679392,0.04633253786922654,0.31333333333333335,0.03399346342395189,0.289760101010101,0.04709677428232652,0.767045036961513,0.010141856572811688
Age_Group,gu3,PSD,alpha,Elastic Net,15,0.6425573754790003,0.047953776975572064,0.38,0.1024152766382481,0.36286796536796534,0.1048204264047057,0.7903131395682883,0.03338489006847579
Age_Group,gu3,PSD,beta,Linear SVM,15,0.6173191430169119,0.03769971431928845,0.39333333333333326,0.03265986323710905,0.39117243867243867,0.0509737972812726,0.7960234578541214,0.01277075054009127
Age_Group,gu3,PSD,beta,Random Forest,15,0.5829504532123526,0.041072310805861524,0.3533333333333334,0.09797958971132713,0.3276605339105339,0.09699545203780509,0.7809396427371255,0.03216401827657403
Age_Group,gu3,PSD,beta,Elastic Net,15,0.6618657925344424,0.02862719905370921,0.38666666666666666,0.040000000000000015,0.3878769841269841,0.05828623785009993,0.7942524108233491,0.013874137772953729
Age_Group,gu3,PSD,highbeta,Linear SVM,15,0.6155115834775446,0.04496756975903275,0.32666666666666666,0.0879393730551528,0.31481240981240977,0.08739052595691117,0.7722812088750304,0.025235338356800925
Age_Group,gu3,PSD,highbeta,Random Forest,15,0.5200684744306884,0.029822816585073263,0.2733333333333333,0.07118052168020873,0.2663419913419913,0.07668462620339213,0.7529344808509568,0.023853307484634524
Age_Group,gu3,PSD,highbeta,Elastic Net,15,0.6152110426610428,0.033048971324833545,0.3133333333333333,0.08844332774281066,0.30163961038961035,0.08548844337146337,0.7715788163019284,0.025158432947877507
Age_Group,gu3,PSD,gamma,Linear SVM,15,0.6167150662626635,0.03357220353011394,0.36666666666666664,0.0632455532033676,0.3524747474747475,0.05889085327045824,0.7862053579524975,0.020987074360735488
Age_Group,gu3,PSD,gamma,Random Forest,15,0.6249843967361988,0.045726516676839864,0.39333333333333337,0.03887301263230202,0.3741792929292929,0.04476502080622263,0.7935890452034616,0.013604378471244821
Age_Group,gu3,PSD,gamma,Elastic Net,15,0.6359235621654387,0.03820469657227739,0.4,0.0421637021355784,0.3927344877344877,0.047178515306022475,0.7991548352486568,0.015564738407091137
Age_Group,gu3,PSD_FC,delta,Linear SVM,15,0.5658766459724698,0.011726874327777243,0.32666666666666666,0.08,0.31252705627705624,0.07549466011941494,0.7786601000067819,0.02290944583378655
Age_Group,gu3,PSD_FC,delta,Random Forest,15,0.49327872877186374,0.0441561353968524,0.26666666666666666,0.02108185106778919,0.26764971139971144,0.01591993528727241,0.7520655888733693,0.006922755351891377
Age_Group,gu3,PSD_FC,delta,Elastic Net,15,0.5699649168824226,0.03614253016005955,0.35333333333333333,0.07774602526460402,0.34161435786435784,0.07521057685014755,0.7854472244003137,0.02414870843815237
Age_Group,gu3,PSD_FC,theta,Linear SVM,15,0.6320195385574676,0.03820360254858391,0.4,0.059628479399994404,0.38687590187590193,0.051869192689511144,0.8002663907412192,0.016799178835597024
Age_Group,gu3,PSD_FC,theta,Random Forest,15,0.607062526888528,0.06522548442957328,0.4,0.0632455532033676,0.3946699134199134,0.0799427162276268,0.8015380904374039,0.02077778908932301
Age_Group,gu3,PSD_FC,theta,Elastic Net,15,0.637805537720183,0.027911964720889405,0.40666666666666673,0.07423685817106697,0.3948106060606061,0.07038951887077853,0.803053473604961,0.02295108877535974
Age_Group,gu3,PSD_FC,alpha,Linear SVM,15,0.5984995362104629,0.03614232932691963,0.3466666666666666,0.054160256030906406,0.3229491341991342,0.054293556587441054,0.7778780963506364,0.018067652935171607
Age_Group,gu3,PSD_FC,alpha,Random Forest,15,0.5136735170679392,0.04633253786922654,0.31333333333333335,0.03399346342395189,0.289760101010101,0.04709677428232652,0.767045036961513,0.010141856572811688
Age_Group,gu3,PSD_FC,alpha,Elastic Net,15,0.6425573754790003,0.047953776975572064,0.38,0.1024152766382481,0.36286796536796534,0.1048204264047057,0.7903131395682883,0.03338489006847579
Age_Group,gu3,PSD_FC,beta,Linear SVM,15,0.6173191430169119,0.03769971431928845,0.39333333333333326,0.03265986323710905,0.39117243867243867,0.0509737972812726,0.7960234578541214,0.01277075054009127
Age_Group,gu3,PSD_FC,beta,Random Forest,15,0.5829504532123526,0.041072310805861524,0.3533333333333334,0.09797958971132713,0.3276605339105339,0.09699545203780509,0.7809396427371255,0.03216401827657403
Age_Group,gu3,PSD_FC,beta,Elastic Net,15,0.6618657925344424,0.02862719905370921,0.38666666666666666,0.040000000000000015,0.3878769841269841,0.05828623785009993,0.7942524108233491,0.013874137772953729
Age_Group,gu3,PSD_FC,highbeta,Linear SVM,15,0.6155115834775446,0.04496756975903275,0.32666666666666666,0.0879393730551528,0.31481240981240977,0.08739052595691117,0.7722812088750304,0.025235338356800925
Age_Group,gu3,PSD_FC,highbeta,Random Forest,15,0.5200684744306884,0.029822816585073263,0.2733333333333333,0.07118052168020873,0.2663419913419913,0.07668462620339213,0.7529344808509568,0.023853307484634524
Age_Group,gu3,PSD_FC,highbeta,Elastic Net,15,0.6152110426610428,0.033048971324833545,0.3133333333333333,0.08844332774281066,0.30163961038961035,0.08548844337146337,0.7715788163019284,0.025158432947877507
Age_Group,gu3,PSD_FC,gamma,Linear SVM,15,0.6167150662626635,0.03357220353011394,0.36666666666666664,0.0632455532033676,0.3524747474747475,0.05889085327045824,0.7862053579524975,0.020987074360735488
Age_Group,gu3,PSD_FC,gamma,Random Forest,15,0.6249843967361988,0.045726516676839864,0.39333333333333337,0.03887301263230202,0.3741792929292929,0.04476502080622263,0.7935890452034616,0.013604378471244821
Age_Group,gu3,PSD_FC,gamma,Elastic Net,15,0.6359235621654387,0.03820469657227739,0.4,0.0421637021355784,0.3927344877344877,0.047178515306022475,0.7991548352486568,0.015564738407091137
Language,gu3,FC,delta,Linear SVM,15,0.4492144436170585,0.1165606396161966,0.25999999999999995,0.04422166387140532,0.27472527472527475,0.10295693917711053,0.7492690223833843,0.013140402935346816
Language,gu3,FC,delta,Random Forest,15,0.5381177207432968,0.0701543761130389,0.28,0.06182412330330468,0.25013736263736264,0.06995137517520515,0.7415410789162332,0.022603381410000907
Language,gu3,FC,delta,Elastic Net,15,0.5178005949866343,0.07237011304739512,0.24666666666666667,0.049888765156985884,0.2870192307692308,0.10066099582052504,0.7562971593844027,0.020853723282552725
Language,gu3,FC,theta,Linear SVM,15,0.5485225340791583,0.07931946977974218,0.1733333333333333,0.05734883511361751,0.14093406593406593,0.046995590667689754,0.7313342898833242,0.028508842715292526
Language,gu3,FC,theta,Random Forest,15,0.5239386411443305,0.06513090403465752,0.30666666666666664,0.06463573143221771,0.23598901098901098,0.06442966647805289,0.7496107060106312,0.029551890303531603
Language,gu3,FC,theta,Elastic Net,15,0.4400679570286403,0.056342210317334794,0.17333333333333334,0.03887301263230201,0.14896978021978022,0.0567788922626116,0.7280152943009015,0.022082690359787577
Language,gu3,FC,alpha,Linear SVM,15,0.5985097818444013,0.044177169065487305,0.14666666666666667,0.0498887651569859,0.18894230769230771,0.0964671602603425,0.7318843574297649,0.01820391906684153
Language,gu3,FC,alpha,Random Forest,15,0.5432110050165683,0.04919459173614202,0.29333333333333333,0.0879393730551528,0.23049450549450548,0.0743274676006301,0.7478779028648395,0.03196439281960667
Language,gu3,FC,alpha,Elastic Net,15,0.46144871931248044,0.03803629610366978,0.15333333333333332,0.077746025264604,0.19512362637362637,0.10904755118144215,0.724960331856608,0.020975578820255435
Language,gu3,FC,beta,Linear SVM,15,0.513619888908164,0.0923846860885501,0.22000000000000003,0.033993463423951896,0.22314560439560438,0.07289880589873318,0.7463974217532181,0.01934801691005027
Language,gu3,FC,beta,Random Forest,15,0.4502308861380705,0.08213314926733509,0.26666666666666666,0.04216370213557838,0.22960164835164837,0.04217368530157681,0.7417905018079196,0.009586684433687973
Language,gu3,FC,beta,Elastic Net,15,0.488453497264487,0.04841644604632816,0.22666666666666666,0.057348835113617505,0.23468406593406593,0.05143153212455512,0.7352038863112371,0.024778299393396378
Language,gu3,FC,highbeta,Linear SVM,15,0.4167325112492234,0.051628050134364764,0.38,0.05416025603090642,0.3501373626373626,0.07907591346654663,0.7790269840728987,0.02411544887890604
Language,gu3,FC,highbeta,Random Forest,15,0.5514553201753489,0.045466166636198936,0.39333333333333337,0.03887301263230202,0.32156593406593403,0.04230378978005234,0.7802829248095586,0.008822127023460436
Language,gu3,FC,highbeta,Elastic Net,15,0.5609128369150472,0.045587419068390284,0.31999999999999995,0.026666666666666658,0.33289835164835163,0.06397826121789464,0.7687861354845877,0.015998486317925616
Language,gu3,FC,gamma,Linear SVM,15,0.4157477653310619,0.0705184369732505,0.35333333333333333,0.09092121131323905,0.2956730769230769,0.13507434655302777,0.7656564682231076,0.028633065792371876
Language,gu3,FC,gamma,Random Forest,15,0.5047077153240753,0.045608550206871955,0.31999999999999995,0.04521553322083511,0.28667582417582416,0.06295848318055007,0.7591623425300337,0.02245786862933655
Language,gu3,FC,gamma,Elastic Net,15,0.530233135960741,0.03404939466562608,0.2866666666666667,0.09333333333333332,0.34182692307692303,0.08844212639375074,0.7545574305093443,0.027755238010584403
Language,gu3,PSD,delta,Linear SVM,15,0.4492144436170585,0.1165606396161966,0.25999999999999995,0.04422166387140532,0.27472527472527475,0.10295693917711053,0.7492690223833843,0.013140402935346816
Language,gu3,PSD,delta,Random Forest,15,0.5381177207432968,0.0701543761130389,0.28,0.06182412330330468,0.25013736263736264,0.06995137517520515,0.7415410789162332,0.022603381410000907
Language,gu3,PSD,delta,Elastic Net,15,0.5178005949866343,0.07237011304739512,0.24666666666666667,0.049888765156985884,0.2870192307692308,0.10066099582052504,0.7562971593844027,0.020853723282552725
Language,gu3,PSD,theta,Linear SVM,15,0.5485225340791583,0.07931946977974218,0.1733333333333333,0.05734883511361751,0.14093406593406593,0.046995590667689754,0.7313342898833242,0.028508842715292526
Language,gu3,PSD,theta,Random Forest,15,0.5239386411443305,0.06513090403465752,0.30666666666666664,0.06463573143221771,0.23598901098901098,0.06442966647805289,0.7496107060106312,0.029551890303531603
Language,gu3,PSD,theta,Elastic Net,15,0.4400679570286403,0.056342210317334794,0.17333333333333334,0.03887301263230201,0.14896978021978022,0.0567788922626116,0.7280152943009015,0.022082690359787577
Language,gu3,PSD,alpha,Linear SVM,15,0.5985097818444013,0.044177169065487305,0.14666666666666667,0.0498887651569859,0.18894230769230771,0.0964671602603425,0.7318843574297649,0.01820391906684153
Language,gu3,PSD,alpha,Random Forest,15,0.5432110050165683,0.04919459173614202,0.29333333333333333,0.0879393730551528,0.23049450549450548,0.0743274676006301,0.7478779028648395,0.03196439281960667
Language,gu3,PSD,alpha,Elastic Net,15,0.46144871931248044,0.03803629610366978,0.15333333333333332,0.077746025264604,0.19512362637362637,0.10904755118144215,0.724960331856608,0.020975578820255435
Language,gu3,PSD,beta,Linear SVM,15,0.513619888908164,0.0923846860885501,0.22000000000000003,0.033993463423951896,0.22314560439560438,0.07289880589873318,0.7463974217532181,0.01934801691005027
Language,gu3,PSD,beta,Random Forest,15,0.4502308861380705,0.08213314926733509,0.26666666666666666,0.04216370213557838,0.22960164835164837,0.04217368530157681,0.7417905018079196,0.009586684433687973
Language,gu3,PSD,beta,Elastic Net,15,0.488453497264487,0.04841644604632816,0.22666666666666666,0.057348835113617505,0.23468406593406593,0.05143153212455512,0.7352038863112371,0.024778299393396378
Language,gu3,PSD,highbeta,Linear SVM,15,0.4167325112492234,0.051628050134364764,0.38,0.05416025603090642,0.3501373626373626,0.07907591346654663,0.7790269840728987,0.02411544887890604
Language,gu3,PSD,highbeta,Random Forest,15,0.5514553201753489,0.045466166636198936,0.39333333333333337,0.03887301263230202,0.32156593406593403,0.04230378978005234,0.7802829248095586,0.008822127023460436
Language,gu3,PSD,highbeta,Elastic Net,15,0.5609128369150472,0.045587419068390284,0.31999999999999995,0.026666666666666658,0.33289835164835163,0.06397826121789464,0.7687861354845877,0.015998486317925616
Language,gu3,PSD,gamma,Linear SVM,15,0.4157477653310619,0.0705184369732505,0.35333333333333333,0.09092121131323905,0.2956730769230769,0.13507434655302777,0.7656564682231076,0.028633065792371876
Language,gu3,PSD,gamma,Random Forest,15,0.5047077153240753,0.045608550206871955,0.31999999999999995,0.04521553322083511,0.28667582417582416,0.06295848318055007,0.7591623425300337,0.02245786862933655
Language,gu3,PSD,gamma,Elastic Net,15,0.530233135960741,0.03404939466562608,0.2866666666666667,0.09333333333333332,0.34182692307692303,0.08844212639375074,0.7545574305093443,0.027755238010584403
Language,gu3,PSD_FC,delta,Linear SVM,15,0.4492144436170585,0.1165606396161966,0.25999999999999995,0.04422166387140532,0.27472527472527475,0.10295693917711053,0.7492690223833843,0.013140402935346816
Language,gu3,PSD_FC,delta,Random Forest,15,0.5381177207432968,0.0701543761130389,0.28,0.06182412330330468,0.25013736263736264,0.06995137517520515,0.7415410789162332,0.022603381410000907
Language,gu3,PSD_FC,delta,Elastic Net,15,0.5178005949866343,0.07237011304739512,0.24666666666666667,0.049888765156985884,0.2870192307692308,0.10066099582052504,0.7562971593844027,0.020853723282552725
Language,gu3,PSD_FC,theta,Linear SVM,15,0.5485225340791583,0.07931946977974218,0.1733333333333333,0.05734883511361751,0.14093406593406593,0.046995590667689754,0.7313342898833242,0.028508842715292526
Language,gu3,PSD_FC,theta,Random Forest,15,0.5239386411443305,0.06513090403465752,0.30666666666666664,0.06463573143221771,0.23598901098901098,0.06442966647805289,0.7496107060106312,0.029551890303531603
Language,gu3,PSD_FC,theta,Elastic Net,15,0.4400679570286403,0.056342210317334794,0.17333333333333334,0.03887301263230201,0.14896978021978022,0.0567788922626116,0.7280152943009015,0.022082690359787577
Language,gu3,PSD_FC,alpha,Linear SVM,15,0.5985097818444013,0.044177169065487305,0.14666666666666667,0.0498887651569859,0.18894230769230771,0.0964671602603425,0.7318843574297649,0.01820391906684153
Language,gu3,PSD_FC,alpha,Random Forest,15,0.5432110050165683,0.04919459173614202,0.29333333333333333,0.0879393730551528,0.23049450549450548,0.0743274676006301,0.7478779028648395,0.03196439281960667
Language,gu3,PSD_FC,alpha,Elastic Net,15,0.46144871931248044,0.03803629610366978,0.15333333333333332,0.077746025264604,0.19512362637362637,0.10904755118144215,0.724960331856608,0.020975578820255435
Language,gu3,PSD_FC,beta,Linear SVM,15,0.513619888908164,0.0923846860885501,0.22000000000000003,0.033993463423951896,0.22314560439560438,0.07289880589873318,0.7463974217532181,0.01934801691005027
Language,gu3,PSD_FC,beta,Random Forest,15,0.4502308861380705,0.08213314926733509,0.26666666666666666,0.04216370213557838,0.22960164835164837,0.04217368530157681,0.7417905018079196,0.009586684433687973
Language,gu3,PSD_FC,beta,Elastic Net,15,0.488453497264487,0.04841644604632816,0.22666666666666666,0.057348835113617505,0.23468406593406593,0.05143153212455512,0.7352038863112371,0.024778299393396378
Language,gu3,PSD_FC,highbeta,Linear SVM,15,0.4167325112492234,0.051628050134364764,0.38,0.05416025603090642,0.3501373626373626,0.07907591346654663,0.7790269840728987,0.02411544887890604
Language,gu3,PSD_FC,highbeta,Random Forest,15,0.5514553201753489,0.045466166636198936,0.39333333333333337,0.03887301263230202,0.32156593406593403,0.04230378978005234,0.7802829248095586,0.008822127023460436
Language,gu3,PSD_FC,highbeta,Elastic Net,15,0.5609128369150472,0.045587419068390284,0.31999999999999995,0.026666666666666658,0.33289835164835163,0.06397826121789464,0.7687861354845877,0.015998486317925616
Language,gu3,PSD_FC,gamma,Linear SVM,15,0.4157477653310619,0.0705184369732505,0.35333333333333333,0.09092121131323905,0.2956730769230769,0.13507434655302777,0.7656564682231076,0.028633065792371876
Language,gu3,PSD_FC,gamma,Random Forest,15,0.5047077153240753,0.045608550206871955,0.31999999999999995,0.04521553322083511,0.28667582417582416,0.06295848318055007,0.7591623425300337,0.02245786862933655
Language,gu3,PSD_FC,gamma,Elastic Net,15,0.530233135960741,0.03404939466562608,0.2866666666666667,0.09333333333333332,0.34182692307692303,0.08844212639375074,0.7545574305093443,0.027755238010584403
Language_Tonal,gu3,FC,delta,Linear SVM,15,0.4945660956690368,0.14342467814654355,0.5266666666666666,0.11430952132988165,0.527460407239819,0.11511036314341103,0.527460407239819,0.11511036314341103
Language_Tonal,gu3,FC,delta,Random Forest,15,0.41402310924369745,0.014543898523979724,0.4333333333333333,0.036514837167011066,0.4252626050420168,0.026666276067478734,0.4252626050420168,0.026666276067478734
Language_Tonal,gu3,FC,delta,Elastic Net,15,0.5019594376212023,0.11670797880506634,0.49333333333333335,0.11623730516108462,0.49358031674208147,0.12117377276224717,0.49358031674208147,0.12117377276224717
Language_Tonal,gu3,FC,theta,Linear SVM,15,0.5162370717517776,0.11688568236838617,0.49333333333333335,0.11035296904831232,0.49665481577246284,0.10900140183798011,0.49665481577246284,0.10900140183798011
Language_Tonal,gu3,FC,theta,Random Forest,15,0.485585003232062,0.08140886285715962,0.5266666666666666,0.0573488351136175,0.5217356173238527,0.05724147088422952,0.5217356173238527,0.05724147088422952
Language_Tonal,gu3,FC,theta,Elastic Net,15,0.4577003878474467,0.08924599203563295,0.48,0.0748331477354788,0.4837629282482223,0.08286516464516759,0.4837629282482223,0.08286516464516759
Language_Tonal,gu3,FC,alpha,Linear SVM,15,0.6349406108597285,0.04734401939882534,0.42000000000000004,0.077746025264604,0.4126010019392372,0.07226136048112206,0.4126010019392372,0.07226136048112206
Language_Tonal,gu3,FC,alpha,Random Forest,15,0.5830276341305753,0.07727174536671438,0.5733333333333334,0.06463573143221771,0.568180349062702,0.06460083073494872,0.568180349062702,0.06460083073494872
Language_Tonal,gu3,FC,alpha,Elastic Net,15,0.3511352617970265,0.04173303839004416,0.4133333333333333,0.0339934634239519,0.40561974789915967,0.0294772166093064,0.40561974789915967,0.0294772166093064
Language_Tonal,gu3,FC,beta,Linear SVM,15,0.6673319327731092,0.07572664816848128,0.3666666666666667,0.10327955589886445,0.3458670006464125,0.08843420134887515,0.3458670006464125,0.08843420134887515
Language_Tonal,gu3,FC,beta,Random Forest,15,0.44966467356173234,0.06315740522134189,0.4933333333333333,0.03265986323710903,0.4798804137039431,0.029500172244470477,0.4798804137039431,0.029500172244470477
Language_Tonal,gu3,FC,beta,Elastic Net,15,0.33396493212669687,0.07766765959501541,0.3466666666666666,0.08844332774281066,0.33669198448610216,0.08549715263447258,0.33669198448610216,0.08549715263447258
Language_Tonal,gu3,FC,highbeta,Linear SVM,15,0.5285795087265674,0.10242962316940582,0.5666666666666667,0.04714045207910316,0.5723537491919845,0.04862435757378959,0.5723537491919845,0.04862435757378959
Language_Tonal,gu3,FC,highbeta,Random Forest,15,0.5784785067873303,0.043636208092437165,0.5466666666666666,0.03399346342395189,0.5441257272139625,0.02780886259122298,0.5441257272139625,0.02780886259122298
Language_Tonal,gu3,FC,highbeta,Elastic Net,15,0.5651866515837104,0.0751989634491924,0.54,0.0646357314322177,0.5439924046541693,0.0677195849884505,0.5439924046541693,0.0677195849884505
Language_Tonal,gu3,FC,gamma,Linear SVM,15,0.3376090820943762,0.0688777799664618,0.52,0.14079141387961916,0.5327569489334195,0.15051927053884007,0.5327569489334195,0.15051927053884007
Language_Tonal,gu3,FC,gamma,Random Forest,15,0.4234627504848093,0.13137349102593868,0.44666666666666666,0.07180219742846004,0.44589528118939886,0.08098424079030771,0.44589528118939886,0.08098424079030771
Language_Tonal,gu3,FC,gamma,Elastic Net,15,0.5780704589528118,0.16437785237014854,0.5399999999999999,0.14817407180595243,0.544865061409179,0.15314115443489626,0.544865061409179,0.15314115443489626
Language_Tonal,gu3,PSD,delta,Linear SVM,15,0.4945660956690368,0.14342467814654355,0.5266666666666666,0.11430952132988165,0.527460407239819,0.11511036314341103,0.527460407239819,0.11511036314341103
Language_Tonal,gu3,PSD,delta,Random Forest,15,0.41402310924369745,0.014543898523979724,0.4333333333333333,0.036514837167011066,0.4252626050420168,0.026666276067478734,0.4252626050420168,0.026666276067478734
Language_Tonal,gu3,PSD,delta,Elastic Net,15,0.5019594376212023,0.11670797880506634,0.49333333333333335,0.11623730516108462,0.49358031674208147,0.12117377276224717,0.49358031674208147,0.12117377276224717
Language_Tonal,gu3,PSD,theta,Linear SVM,15,0.5162370717517776,0.11688568236838617,0.49333333333333335,0.11035296904831232,0.49665481577246284,0.10900140183798011,0.49665481577246284,0.10900140183798011
Language_Tonal,gu3,PSD,theta,Random Forest,15,0.485585003232062,0.08140886285715962,0.5266666666666666,0.0573488351136175,0.5217356173238527,0.05724147088422952,0.5217356173238527,0.05724147088422952
Language_Tonal,gu3,PSD,theta,Elastic Net,15,0.4577003878474467,0.08924599203563295,0.48,0.0748331477354788,0.4837629282482223,0.08286516464516759,0.4837629282482223,0.08286516464516759
Language_Tonal,gu3,PSD,alpha,Linear SVM,15,0.6349406108597285,0.04734401939882534,0.42000000000000004,0.077746025264604,0.4126010019392372,0.07226136048112206,0.4126010019392372,0.07226136048112206
Language_Tonal,gu3,PSD,alpha,Random Forest,15,0.5830276341305753,0.07727174536671438,0.5733333333333334,0.06463573143221771,0.568180349062702,0.06460083073494872,0.568180349062702,0.06460083073494872
Language_Tonal,gu3,PSD,alpha,Elastic Net,15,0.3511352617970265,0.04173303839004416,0.4133333333333333,0.0339934634239519,0.40561974789915967,0.0294772166093064,0.40561974789915967,0.0294772166093064
Language_Tonal,gu3,PSD,beta,Linear SVM,15,0.6673319327731092,0.07572664816848128,0.3666666666666667,0.10327955589886445,0.3458670006464125,0.08843420134887515,0.3458670006464125,0.08843420134887515
Language_Tonal,gu3,PSD,beta,Random Forest,15,0.44966467356173234,0.06315740522134189,0.4933333333333333,0.03265986323710903,0.4798804137039431,0.029500172244470477,0.4798804137039431,0.029500172244470477
Language_Tonal,gu3,PSD,beta,Elastic Net,15,0.33396493212669687,0.07766765959501541,0.3466666666666666,0.08844332774281066,0.33669198448610216,0.08549715263447258,0.33669198448610216,0.08549715263447258
Language_Tonal,gu3,PSD,highbeta,Linear SVM,15,0.5285795087265674,0.10242962316940582,0.5666666666666667,0.04714045207910316,0.5723537491919845,0.04862435757378959,0.5723537491919845,0.04862435757378959
Language_Tonal,gu3,PSD,highbeta,Random Forest,15,0.5784785067873303,0.043636208092437165,0.5466666666666666,0.03399346342395189,0.5441257272139625,0.02780886259122298,0.5441257272139625,0.02780886259122298
Language_Tonal,gu3,PSD,highbeta,Elastic Net,15,0.5651866515837104,0.0751989634491924,0.54,0.0646357314322177,0.5439924046541693,0.0677195849884505,0.5439924046541693,0.0677195849884505
Language_Tonal,gu3,PSD,gamma,Linear SVM,15,0.3376090820943762,0.0688777799664618,0.52,0.14079141387961916,0.5327569489334195,0.15051927053884007,0.5327569489334195,0.15051927053884007
Language_Tonal,gu3,PSD,gamma,Random Forest,15,0.4234627504848093,0.13137349102593868,0.44666666666666666,0.07180219742846004,0.44589528118939886,0.08098424079030771,0.44589528118939886,0.08098424079030771
Language_Tonal,gu3,PSD,gamma,Elastic Net,15,0.5780704589528118,0.16437785237014854,0.5399999999999999,0.14817407180595243,0.544865061409179,0.15314115443489626,0.544865061409179,0.15314115443489626
Language_Tonal,gu3,PSD_FC,delta,Linear SVM,15,0.4945660956690368,0.14342467814654355,0.5266666666666666,0.11430952132988165,0.527460407239819,0.11511036314341103,0.527460407239819,0.11511036314341103
Language_Tonal,gu3,PSD_FC,delta,Random Forest,15,0.41402310924369745,0.014543898523979724,0.4333333333333333,0.036514837167011066,0.4252626050420168,0.026666276067478734,0.4252626050420168,0.026666276067478734
Language_Tonal,gu3,PSD_FC,delta,Elastic Net,15,0.5019594376212023,0.11670797880506634,0.49333333333333335,0.11623730516108462,0.49358031674208147,0.12117377276224717,0.49358031674208147,0.12117377276224717
Language_Tonal,gu3,PSD_FC,theta,Linear SVM,15,0.5162370717517776,0.11688568236838617,0.49333333333333335,0.11035296904831232,0.49665481577246284,0.10900140183798011,0.49665481577246284,0.10900140183798011
Language_Tonal,gu3,PSD_FC,theta,Random Forest,15,0.485585003232062,0.08140886285715962,0.5266666666666666,0.0573488351136175,0.5217356173238527,0.05724147088422952,0.5217356173238527,0.05724147088422952
Language_Tonal,gu3,PSD_FC,theta,Elastic Net,15,0.4577003878474467,0.08924599203563295,0.48,0.0748331477354788,0.4837629282482223,0.08286516464516759,0.4837629282482223,0.08286516464516759
Language_Tonal,gu3,PSD_FC,alpha,Linear SVM,15,0.6349406108597285,0.04734401939882534,0.42000000000000004,0.077746025264604,0.4126010019392372,0.07226136048112206,0.4126010019392372,0.07226136048112206
Language_Tonal,gu3,PSD_FC,alpha,Random Forest,15,0.5830276341305753,0.07727174536671438,0.5733333333333334,0.06463573143221771,0.568180349062702,0.06460083073494872,0.568180349062702,0.06460083073494872
Language_Tonal,gu3,PSD_FC,alpha,Elastic Net,15,0.3511352617970265,0.04173303839004416,0.4133333333333333,0.0339934634239519,0.40561974789915967,0.0294772166093064,0.40561974789915967,0.0294772166093064
Language_Tonal,gu3,PSD_FC,beta,Linear SVM,15,0.6673319327731092,0.07572664816848128,0.3666666666666667,0.10327955589886445,0.3458670006464125,0.08843420134887515,0.3458670006464125,0.08843420134887515
Language_Tonal,gu3,PSD_FC,beta,Random Forest,15,0.44966467356173234,0.06315740522134189,0.4933333333333333,0.03265986323710903,0.4798804137039431,0.029500172244470477,0.4798804137039431,0.029500172244470477
Language_Tonal,gu3,PSD_FC,beta,Elastic Net,15,0.33396493212669687,0.07766765959501541,0.3466666666666666,0.08844332774281066,0.33669198448610216,0.08549715263447258,0.33669198448610216,0.08549715263447258
Language_Tonal,gu3,PSD_FC,highbeta,Linear SVM,15,0.5285795087265674,0.10242962316940582,0.5666666666666667,0.04714045207910316,0.5723537491919845,0.04862435757378959,0.5723537491919845,0.04862435757378959
Language_Tonal,gu3,PSD_FC,highbeta,Random Forest,15,0.5784785067873303,0.043636208092437165,0.5466666666666666,0.03399346342395189,0.5441257272139625,0.02780886259122298,0.5441257272139625,0.02780886259122298
Language_Tonal,gu3,PSD_FC,highbeta,Elastic Net,15,0.5651866515837104,0.0751989634491924,0.54,0.0646357314322177,0.5439924046541693,0.0677195849884505,0.5439924046541693,0.0677195849884505
Language_Tonal,gu3,PSD_FC,gamma,Linear SVM,15,0.3376090820943762,0.0688777799664618,0.52,0.14079141387961916,0.5327569489334195,0.15051927053884007,0.5327569489334195,0.15051927053884007
Language_Tonal,gu3,PSD_FC,gamma,Random Forest,15,0.4234627504848093,0.13137349102593868,0.44666666666666666,0.07180219742846004,0.44589528118939886,0.08098424079030771,0.44589528118939886,0.08098424079030771
Language_Tonal,gu3,PSD_FC,gamma,Elastic Net,15,0.5780704589528118,0.16437785237014854,0.5399999999999999,0.14817407180595243,0.544865061409179,0.15314115443489626,0.544865061409179,0.15314115443489626
Age_Child_Language_Tonal,gu3,FC,delta,Linear SVM,15,0.620574494949495,0.0839005900813578,0.2578947368421053,0.06266867052453245,0.2710714285714285,0.04847679857416328,0.7493208874458875,0.020483450195943234
Age_Child_Language_Tonal,gu3,FC,delta,Random Forest,15,0.5375662878787879,0.06344325250046018,0.2584795321637427,0.07453789332362275,0.26833333333333337,0.0891637261896743,0.7549648268398268,0.028099636480429187
Age_Child_Language_Tonal,gu3,FC,delta,Elastic Net,15,0.4858270202020202,0.09376428152046169,0.26842105263157895,0.09441139682156989,0.27285714285714285,0.07010742485934114,0.7571996753246752,0.030004184548991723
Age_Child_Language_Tonal,gu3,FC,theta,Linear SVM,15,0.5785326479076479,0.046365506216703996,0.2573099415204678,0.08506711834371078,0.26988095238095233,0.09215285413961467,0.7600892857142858,0.024689181786339373
Age_Child_Language_Tonal,gu3,FC,theta,Random Forest,15,0.48753787878787874,0.04634771327760456,0.18304093567251462,0.0875554024431013,0.19583333333333333,0.10089944142021583,0.7271320346320346,0.02826083973117975
Age_Child_Language_Tonal,gu3,FC,theta,Elastic Net,15,0.48295093795093785,0.11216442268615258,0.23450292397660819,0.1190801813914426,0.2651190476190476,0.13590295991063495,0.7550162337662337,0.03892107137101928
Age_Child_Language_Tonal,gu3,FC,alpha,Linear SVM,15,0.49504329004329006,0.09054453491137461,0.256140350877193,0.12862306887833003,0.2467857142857143,0.11317766419868093,0.7497727272727273,0.04327546291258088
Age_Child_Language_Tonal,gu3,FC,alpha,Random Forest,15,0.4282156385281386,0.05114721924076679,0.17251461988304093,0.04168077118410634,0.13607142857142857,0.04452699250145342,0.7216477272727272,0.021037100837676747
Age_Child_Language_Tonal,gu3,FC,alpha,Elastic Net,15,0.43483946608946605,0.08054131249251985,0.22339181286549709,0.10543520702404133,0.22416666666666668,0.09526086037441808,0.7429058441558443,0.04046885567961175
Age_Child_Language_Tonal,gu3,FC,beta,Linear SVM,15,0.47254870129870136,0.08235929084664137,0.20233918128654974,0.07448740738288027,0.20750000000000002,0.0733275353304727,0.7240043290043291,0.031139103939528855
Age_Child_Language_Tonal,gu3,FC,beta,Random Forest,15,0.4846410533910534,0.0740225550484295,0.2152046783625731,0.06682038295712607,0.20595238095238094,0.05268445622228288,0.7347591991341991,0.02111660803184814
Age_Child_Language_Tonal,gu3,FC,beta,Elastic Net,15,0.49752525252525254,0.07734722719227415,0.22514619883040937,0.05935024307071473,0.26059523809523805,0.042655610812492736,0.746766774891775,0.01471478953827448
Age_Child_Language_Tonal,gu3,FC,highbeta,Linear SVM,15,0.5144760101010102,0.02816113105486037,0.291812865497076,0.06228550622547063,0.2913095238095238,0.06265977310470314,0.760465367965368,0.018762738281486814
Age_Child_Language_Tonal,gu3,FC,highbeta,Random Forest,15,0.5178138528138528,0.03329332721026227,0.2578947368421053,0.10283755010352874,0.23035714285714287,0.09787278290031944,0.7405059523809523,0.03247872777763373
Age_Child_Language_Tonal,gu3,FC,highbeta,Elastic Net,15,0.5642126623376622,0.04414311054357967,0.2807017543859649,0.05874210060279619,0.2907142857142857,0.06569293131296391,0.759228896103896,0.02156773336003779
Age_Child_Language_Tonal,gu3,FC,gamma,Linear SVM,15,0.5678598484848484,0.043354850705355476,0.323391812865497,0.04032968339079923,0.2978571428571429,0.03238795442501325,0.7682467532467533,0.019187502882385896
Age_Child_Language_Tonal,gu3,FC,gamma,Random Forest,15,0.4148890692640693,0.04781561063661162,0.15964912280701754,0.08161195333061759,0.14214285714285715,0.07497108286070119,0.7172808441558443,0.020977301649816923
Age_Child_Language_Tonal,gu3,FC,gamma,Elastic Net,15,0.48030663780663774,0.07054897862865084,0.25847953216374264,0.04303712162099204,0.25916666666666666,0.07036570329035648,0.7529247835497836,0.019737431533701017
Age_Child_Language_Tonal,gu3,PSD,delta,Linear SVM,15,0.620574494949495,0.0839005900813578,0.2578947368421053,0.06266867052453245,0.2710714285714285,0.04847679857416328,0.7493208874458875,0.020483450195943234
Age_Child_Language_Tonal,gu3,PSD,delta,Random Forest,15,0.5375662878787879,0.06344325250046018,0.2584795321637427,0.07453789332362275,0.26833333333333337,0.0891637261896743,0.7549648268398268,0.028099636480429187
Age_Child_Language_Tonal,gu3,PSD,delta,Elastic Net,15,0.4858270202020202,0.09376428152046169,0.26842105263157895,0.09441139682156989,0.27285714285714285,0.07010742485934114,0.7571996753246752,0.030004184548991723
Age_Child_Language_Tonal,gu3,PSD,theta,Linear SVM,15,0.5785326479076479,0.046365506216703996,0.2573099415204678,0.08506711834371078,0.26988095238095233,0.09215285413961467,0.7600892857142858,0.024689181786339373
Age_Child_Language_Tonal,gu3,PSD,theta,Random Forest,15,0.48753787878787874,0.04634771327760456,0.18304093567251462,0.0875554024431013,0.19583333333333333,0.10089944142021583,0.7271320346320346,0.02826083973117975
Age_Child_Language_Tonal,gu3,PSD,theta,Elastic Net,15,0.48295093795093785,0.11216442268615258,0.23450292397660819,0.1190801813914426,0.2651190476190476,0.13590295991063495,0.7550162337662337,0.03892107137101928
Age_Child_Language_Tonal,gu3,PSD,alpha,Linear SVM,15,0.49504329004329006,0.09054453491137461,0.256140350877193,0.12862306887833003,0.2467857142857143,0.11317766419868093,0.7497727272727273,0.04327546291258088
Age_Child_Language_Tonal,gu3,PSD,alpha,Random Forest,15,0.4282156385281386,0.05114721924076679,0.17251461988304093,0.04168077118410634,0.13607142857142857,0.04452699250145342,0.7216477272727272,0.021037100837676747
Age_Child_Language_Tonal,gu3,PSD,alpha,Elastic Net,15,0.43483946608946605,0.08054131249251985,0.22339181286549709,0.10543520702404133,0.22416666666666668,0.09526086037441808,0.7429058441558443,0.04046885567961175
Age_Child_Language_Tonal,gu3,PSD,beta,Linear SVM,15,0.47254870129870136,0.08235929084664137,0.20233918128654974,0.07448740738288027,0.20750000000000002,0.0733275353304727,0.7240043290043291,0.031139103939528855
Age_Child_Language_Tonal,gu3,PSD,beta,Random Forest,15,0.4846410533910534,0.0740225550484295,0.2152046783625731,0.06682038295712607,0.20595238095238094,0.05268445622228288,0.7347591991341991,0.02111660803184814
Age_Child_Language_Tonal,gu3,PSD,beta,Elastic Net,15,0.49752525252525254,0.07734722719227415,0.22514619883040937,0.05935024307071473,0.26059523809523805,0.042655610812492736,0.746766774891775,0.01471478953827448
Age_Child_Language_Tonal,gu3,PSD,highbeta,Linear SVM,15,0.5144760101010102,0.02816113105486037,0.291812865497076,0.06228550622547063,0.2913095238095238,0.06265977310470314,0.760465367965368,0.018762738281486814
Age_Child_Language_Tonal,gu3,PSD,highbeta,Random Forest,15,0.5178138528138528,0.03329332721026227,0.2578947368421053,0.10283755010352874,0.23035714285714287,0.09787278290031944,0.7405059523809523,0.03247872777763373
Age_Child_Language_Tonal,gu3,PSD,highbeta,Elastic Net,15,0.5642126623376622,0.04414311054357967,0.2807017543859649,0.05874210060279619,0.2907142857142857,0.06569293131296391,0.759228896103896,0.02156773336003779
Age_Child_Language_Tonal,gu3,PSD,gamma,Linear SVM,15,0.5678598484848484,0.043354850705355476,0.323391812865497,0.04032968339079923,0.2978571428571429,0.03238795442501325,0.7682467532467533,0.019187502882385896
Age_Child_Language_Tonal,gu3,PSD,gamma,Random Forest,15,0.4148890692640693,0.04781561063661162,0.15964912280701754,0.08161195333061759,0.14214285714285715,0.07497108286070119,0.7172808441558443,0.020977301649816923
Age_Child_Language_Tonal,gu3,PSD,gamma,Elastic Net,15,0.48030663780663774,0.07054897862865084,0.25847953216374264,0.04303712162099204,0.25916666666666666,0.07036570329035648,0.7529247835497836,0.019737431533701017
Age_Child_Language_Tonal,gu3,PSD_FC,delta,Linear SVM,15,0.620574494949495,0.0839005900813578,0.2578947368421053,0.06266867052453245,0.2710714285714285,0.04847679857416328,0.7493208874458875,0.020483450195943234
Age_Child_Language_Tonal,gu3,PSD_FC,delta,Random Forest,15,0.5375662878787879,0.06344325250046018,0.2584795321637427,0.07453789332362275,0.26833333333333337,0.0891637261896743,0.7549648268398268,0.028099636480429187
Age_Child_Language_Tonal,gu3,PSD_FC,delta,Elastic Net,15,0.4858270202020202,0.09376428152046169,0.26842105263157895,0.09441139682156989,0.27285714285714285,0.07010742485934114,0.7571996753246752,0.030004184548991723
Age_Child_Language_Tonal,gu3,PSD_FC,theta,Linear SVM,15,0.5785326479076479,0.046365506216703996,0.2573099415204678,0.08506711834371078,0.26988095238095233,0.09215285413961467,0.7600892857142858,0.024689181786339373
Age_Child_Language_Tonal,gu3,PSD_FC,theta,Random Forest,15,0.48753787878787874,0.04634771327760456,0.18304093567251462,0.0875554024431013,0.19583333333333333,0.10089944142021583,0.7271320346320346,0.02826083973117975
Age_Child_Language_Tonal,gu3,PSD_FC,theta,Elastic Net,15,0.48295093795093785,0.11216442268615258,0.23450292397660819,0.1190801813914426,0.2651190476190476,0.13590295991063495,0.7550162337662337,0.03892107137101928
Age_Child_Language_Tonal,gu3,PSD_FC,alpha,Linear SVM,15,0.49504329004329006,0.09054453491137461,0.256140350877193,0.12862306887833003,0.2467857142857143,0.11317766419868093,0.7497727272727273,0.04327546291258088
Age_Child_Language_Tonal,gu3,PSD_FC,alpha,Random Forest,15,0.4282156385281386,0.05114721924076679,0.17251461988304093,0.04168077118410634,0.13607142857142857,0.04452699250145342,0.7216477272727272,0.021037100837676747
Age_Child_Language_Tonal,gu3,PSD_FC,alpha,Elastic Net,15,0.43483946608946605,0.08054131249251985,0.22339181286549709,0.10543520702404133,0.22416666666666668,0.09526086037441808,0.7429058441558443,0.04046885567961175
Age_Child_Language_Tonal,gu3,PSD_FC,beta,Linear SVM,15,0.47254870129870136,0.08235929084664137,0.20233918128654974,0.07448740738288027,0.20750000000000002,0.0733275353304727,0.7240043290043291,0.031139103939528855
Age_Child_Language_Tonal,gu3,PSD_FC,beta,Random Forest,15,0.4846410533910534,0.0740225550484295,0.2152046783625731,0.06682038295712607,0.20595238095238094,0.05268445622228288,0.7347591991341991,0.02111660803184814
Age_Child_Language_Tonal,gu3,PSD_FC,beta,Elastic Net,15,0.49752525252525254,0.07734722719227415,0.22514619883040937,0.05935024307071473,0.26059523809523805,0.042655610812492736,0.746766774891775,0.01471478953827448
Age_Child_Language_Tonal,gu3,PSD_FC,highbeta,Linear SVM,15,0.5144760101010102,0.02816113105486037,0.291812865497076,0.06228550622547063,0.2913095238095238,0.06265977310470314,0.760465367965368,0.018762738281486814
Age_Child_Language_Tonal,gu3,PSD_FC,highbeta,Random Forest,15,0.5178138528138528,0.03329332721026227,0.2578947368421053,0.10283755010352874,0.23035714285714287,0.09787278290031944,0.7405059523809523,0.03247872777763373
Age_Child_Language_Tonal,gu3,PSD_FC,highbeta,Elastic Net,15,0.5642126623376622,0.04414311054357967,0.2807017543859649,0.05874210060279619,0.2907142857142857,0.06569293131296391,0.759228896103896,0.02156773336003779
Age_Child_Language_Tonal,gu3,PSD_FC,gamma,Linear SVM,15,0.5678598484848484,0.043354850705355476,0.323391812865497,0.04032968339079923,0.2978571428571429,0.03238795442501325,0.7682467532467533,0.019187502882385896
Age_Child_Language_Tonal,gu3,PSD_FC,gamma,Random Forest,15,0.4148890692640693,0.04781561063661162,0.15964912280701754,0.08161195333061759,0.14214285714285715,0.07497108286070119,0.7172808441558443,0.020977301649816923
Age_Child_Language_Tonal,gu3,PSD_FC,gamma,Elastic Net,15,0.48030663780663774,0.07054897862865084,0.25847953216374264,0.04303712162099204,0.25916666666666666,0.07036570329035648,0.7529247835497836,0.019737431533701017
Age_Child_Language,gu3,FC,delta,Linear SVM,15,0.4691116255572607,0.02511658674160369,0.1722941720629047,0.023358001850138768,0.28125,0.01874999999999999,0.8841527586505114,0.00014781187382545413
Age_Child_Language,gu3,FC,delta,Random Forest,15,0.65057480048573,0.016642057177986724,0.23658649398704903,0.0025439407955596682,0.3261205808080808,0.012231691919191934,0.8888176814438868,0.000385224261429562
Age_Child_Language,gu3,FC,delta,Elastic Net,15,0.6133767965989091,0.002587606190153413,0.11840888066604996,0.012025901942645696,0.20012626262626262,0.01123737373737374,0.8751261802078407,0.0019562743202660715
Age_Child_Language,gu3,FC,theta,Linear SVM,15,0.5697799900841668,0.02206277105207255,0.1080018501387604,0.04417206290471786,0.0842013888888889,0.03107638888888889,0.8731386142002773,0.0068698669532691325
Age_Child_Language,gu3,FC,theta,Random Forest,15,0.527124645590749,0.012779115688153986,0.12927844588344126,0.022895467160037007,0.10082070707070707,0.01445707070707071,0.8726127008334184,0.0026478871186046415
Age_Child_Language,gu3,FC,theta,Elastic Net,15,0.5204770348847576,0.020181276980304086,0.15101757631822388,0.044634597594819615,0.10920138888888889,0.03107638888888889,0.8769965882549577,0.0037449622859404563
Age_Child_Language,gu3,FC,alpha,Linear SVM,15,0.5094957241009317,0.0325077659988432,0.15101757631822388,0.044634597594819615,0.14756944444444445,0.0024305555555555747,0.881325782324728,0.006301830398602215
Age_Child_Language,gu3,FC,alpha,Random Forest,15,0.4572244859469113,0.00038666616152344124,0.1288159111933395,0.020120259019426455,0.09048295454545455,0.009232954545454544,0.8719583810748975,0.005343442966056933
Age_Child_Language,gu3,FC,alpha,Elastic Net,15,0.44065614745771775,0.05830154511410521,0.10753931544865865,0.0011563367252543921,0.09457070707070708,0.016792929292929304,0.8730382907586722,0.002533282367248646
Age_Child_Language,gu3,FC,beta,Linear SVM,15,0.5510199488548215,0.06456004092752227,0.053422756706753005,0.0316836262719704,0.050694444444444445,0.03680555555555555,0.8661892398169033,0.0044946786931022165
Age_Child_Language,gu3,FC,beta,Random Forest,15,0.4263665279136337,0.006228033997965898,0.11840888066604996,0.012025901942645696,0.09201388888888888,0.004513888888888887,0.8706647326503087,0.0014126030720922333
Age_Child_Language,gu3,FC,beta,Elastic Net,15,0.4101823593741166,0.012556678582312714,0.09643848288621645,0.031221091581868636,0.10012626262626265,0.023737373737373745,0.8687718298516345,0.00577577377205607
Age_Child_Language,gu3,FC,highbeta,Linear SVM,15,0.4516437444028908,0.036858717117863454,0.1505550416281221,0.00161887141535616,0.16458333333333333,0.02291666666666667,0.8794735381639498,0.0013294279651033247
Age_Child_Language,gu3,FC,highbeta,Random Forest,15,0.5656162642321556,0.015580243408091332,0.183163737280296,0.034227567067530065,0.16319444444444445,0.01944444444444446,0.8824928983561132,0.006339798289969667
Age_Child_Language,gu3,FC,highbeta,Elastic Net,15,0.4773530841419384,0.007182744143889919,0.18270120259019426,0.008788159111933397,0.14343434343434344,0.028156565656565657,0.8805585258988087,0.004316599465447102
Age_Child_Language,gu3,FC,gamma,Linear SVM,15,0.4214312391721206,0.03755438489502522,0.1505550416281221,0.00161887141535616,0.16205808080808082,0.00441919191919192,0.8799558779410317,0.0012303100386346077
Age_Child_Language,gu3,FC,gamma,Random Forest,15,0.505050720967093,0.021605925905450102,0.17206290471785385,0.0018501387604070302,0.19903724747474746,0.010684974747474735,0.8805583487939249,0.001450346859836027
Age_Child_Language,gu3,FC,gamma,Elastic Net,15,0.45930017056825057,0.008373938392018387,0.1288159111933395,0.020120259019426455,0.11136363636363636,0.007386363636363635,0.8779204785360917,0.0010006696785347935
Age_Child_Language,gu3,PSD,delta,Linear SVM,15,0.4691116255572607,0.02511658674160369,0.1722941720629047,0.023358001850138768,0.28125,0.01874999999999999,0.8841527586505114,0.00014781187382545413
Age_Child_Language,gu3,PSD,delta,Random Forest,15,0.65057480048573,0.016642057177986724,0.23658649398704903,0.0025439407955596682,0.3261205808080808,0.012231691919191934,0.8888176814438868,0.000385224261429562
Age_Child_Language,gu3,PSD,delta,Elastic Net,15,0.6133767965989091,0.002587606190153413,0.11840888066604996,0.012025901942645696,0.20012626262626262,0.01123737373737374,0.8751261802078407,0.0019562743202660715
Age_Child_Language,gu3,PSD,theta,Linear SVM,15,0.5697799900841668,0.02206277105207255,0.1080018501387604,0.04417206290471786,0.0842013888888889,0.03107638888888889,0.8731386142002773,0.0068698669532691325
Age_Child_Language,gu3,PSD,theta,Random Forest,15,0.527124645590749,0.012779115688153986,0.12927844588344126,0.022895467160037007,0.10082070707070707,0.01445707070707071,0.8726127008334184,0.0026478871186046415
Age_Child_Language,gu3,PSD,theta,Elastic Net,15,0.5204770348847576,0.020181276980304086,0.15101757631822388,0.044634597594819615,0.10920138888888889,0.03107638888888889,0.8769965882549577,0.0037449622859404563
Age_Child_Language,gu3,PSD,alpha,Linear SVM,15,0.5094957241009317,0.0325077659988432,0.15101757631822388,0.044634597594819615,0.14756944444444445,0.0024305555555555747,0.881325782324728,0.006301830398602215
Age_Child_Language,gu3,PSD,alpha,Random Forest,15,0.4572244859469113,0.00038666616152344124,0.1288159111933395,0.020120259019426455,0.09048295454545455,0.009232954545454544,0.8719583810748975,0.005343442966056933
Age_Child_Language,gu3,PSD,alpha,Elastic Net,15,0.44065614745771775,0.05830154511410521,0.10753931544865865,0.0011563367252543921,0.09457070707070708,0.016792929292929304,0.8730382907586722,0.002533282367248646
Age_Child_Language,gu3,PSD,beta,Linear SVM,15,0.5510199488548215,0.06456004092752227,0.053422756706753005,0.0316836262719704,0.050694444444444445,0.03680555555555555,0.8661892398169033,0.0044946786931022165
Age_Child_Language,gu3,PSD,beta,Random Forest,15,0.4263665279136337,0.006228033997965898,0.11840888066604996,0.012025901942645696,0.09201388888888888,0.004513888888888887,0.8706647326503087,0.0014126030720922333
Age_Child_Language,gu3,PSD,beta,Elastic Net,15,0.4101823593741166,0.012556678582312714,0.09643848288621645,0.031221091581868636,0.10012626262626265,0.023737373737373745,0.8687718298516345,0.00577577377205607
Age_Child_Language,gu3,PSD,highbeta,Linear SVM,15,0.4516437444028908,0.036858717117863454,0.1505550416281221,0.00161887141535616,0.16458333333333333,0.02291666666666667,0.8794735381639498,0.0013294279651033247
Age_Child_Language,gu3,PSD,highbeta,Random Forest,15,0.5656162642321556,0.015580243408091332,0.183163737280296,0.034227567067530065,0.16319444444444445,0.01944444444444446,0.8824928983561132,0.006339798289969667
Age_Child_Language,gu3,PSD,highbeta,Elastic Net,15,0.4773530841419384,0.007182744143889919,0.18270120259019426,0.008788159111933397,0.14343434343434344,0.028156565656565657,0.8805585258988087,0.004316599465447102
Age_Child_Language,gu3,PSD,gamma,Linear SVM,15,0.4214312391721206,0.03755438489502522,0.1505550416281221,0.00161887141535616,0.16205808080808082,0.00441919191919192,0.8799558779410317,0.0012303100386346077
Age_Child_Language,gu3,PSD,gamma,Random Forest,15,0.505050720967093,0.021605925905450102,0.17206290471785385,0.0018501387604070302,0.19903724747474746,0.010684974747474735,0.8805583487939249,0.001450346859836027
Age_Child_Language,gu3,PSD,gamma,Elastic Net,15,0.45930017056825057,0.008373938392018387,0.1288159111933395,0.020120259019426455,0.11136363636363636,0.007386363636363635,0.8779204785360917,0.0010006696785347935
Age_Child_Language,gu3,PSD_FC,delta,Linear SVM,15,0.4691116255572607,0.02511658674160369,0.1722941720629047,0.023358001850138768,0.28125,0.01874999999999999,0.8841527586505114,0.00014781187382545413
Age_Child_Language,gu3,PSD_FC,delta,Random Forest,15,0.65057480048573,0.016642057177986724,0.23658649398704903,0.0025439407955596682,0.3261205808080808,0.012231691919191934,0.8888176814438868,0.000385224261429562
Age_Child_Language,gu3,PSD_FC,delta,Elastic Net,15,0.6133767965989091,0.002587606190153413,0.11840888066604996,0.012025901942645696,0.20012626262626262,0.01123737373737374,0.8751261802078407,0.0019562743202660715
Age_Child_Language,gu3,PSD_FC,theta,Linear SVM,15,0.5697799900841668,0.02206277105207255,0.1080018501387604,0.04417206290471786,0.0842013888888889,0.03107638888888889,0.8731386142002773,0.0068698669532691325
Age_Child_Language,gu3,PSD_FC,theta,Random Forest,15,0.527124645590749,0.012779115688153986,0.12927844588344126,0.022895467160037007,0.10082070707070707,0.01445707070707071,0.8726127008334184,0.0026478871186046415
Age_Child_Language,gu3,PSD_FC,theta,Elastic Net,15,0.5204770348847576,0.020181276980304086,0.15101757631822388,0.044634597594819615,0.10920138888888889,0.03107638888888889,0.8769965882549577,0.0037449622859404563
Age_Child_Language,gu3,PSD_FC,alpha,Linear SVM,15,0.5094957241009317,0.0325077659988432,0.15101757631822388,0.044634597594819615,0.14756944444444445,0.0024305555555555747,0.881325782324728,0.006301830398602215
Age_Child_Language,gu3,PSD_FC,alpha,Random Forest,15,0.4572244859469113,0.00038666616152344124,0.1288159111933395,0.020120259019426455,0.09048295454545455,0.009232954545454544,0.8719583810748975,0.005343442966056933
Age_Child_Language,gu3,PSD_FC,alpha,Elastic Net,15,0.44065614745771775,0.05830154511410521,0.10753931544865865,0.0011563367252543921,0.09457070707070708,0.016792929292929304,0.8730382907586722,0.002533282367248646
Age_Child_Language,gu3,PSD_FC,beta,Linear SVM,15,0.5510199488548215,0.06456004092752227,0.053422756706753005,0.0316836262719704,0.050694444444444445,0.03680555555555555,0.8661892398169033,0.0044946786931022165
Age_Child_Language,gu3,PSD_FC,beta,Random Forest,15,0.4263665279136337,0.006228033997965898,0.11840888066604996,0.012025901942645696,0.09201388888888888,0.004513888888888887,0.8706647326503087,0.0014126030720922333
Age_Child_Language,gu3,PSD_FC,beta,Elastic Net,15,0.4101823593741166,0.012556678582312714,0.09643848288621645,0.031221091581868636,0.10012626262626265,0.023737373737373745,0.8687718298516345,0.00577577377205607
Age_Child_Language,gu3,PSD_FC,highbeta,Linear SVM,15,0.4516437444028908,0.036858717117863454,0.1505550416281221,0.00161887141535616,0.16458333333333333,0.02291666666666667,0.8794735381639498,0.0013294279651033247
Age_Child_Language,gu3,PSD_FC,highbeta,Random Forest,15,0.5656162642321556,0.015580243408091332,0.183163737280296,0.034227567067530065,0.16319444444444445,0.01944444444444446,0.8824928983561132,0.006339798289969667
Age_Child_Language,gu3,PSD_FC,highbeta,Elastic Net,15,0.4773530841419384,0.007182744143889919,0.18270120259019426,0.008788159111933397,0.14343434343434344,0.028156565656565657,0.8805585258988087,0.004316599465447102
Age_Child_Language,gu3,PSD_FC,gamma,Linear SVM,15,0.4214312391721206,0.03755438489502522,0.1505550416281221,0.00161887141535616,0.16205808080808082,0.00441919191919192,0.8799558779410317,0.0012303100386346077
Age_Child_Language,gu3,PSD_FC,gamma,Random Forest,15,0.505050720967093,0.021605925905450102,0.17206290471785385,0.0018501387604070302,0.19903724747474746,0.010684974747474735,0.8805583487939249,0.001450346859836027
Age_Child_Language,gu3,PSD_FC,gamma,Elastic Net,15,0.45930017056825057,0.008373938392018387,0.1288159111933395,0.020120259019426455,0.11136363636363636,0.007386363636363635,0.8779204785360917,0.0010006696785347935
