Task,Condition,Feature_Mode,Band,Model,N_Features,AUC_mean,AUC_std,Accuracy_mean,Accuracy_std,Sensitivity_mean,Sensitivity_std,Specificity_mean,Specificity_std
Age_Group,gu1,FC,delta,Linear SVM,15,0.5979049873975503,0.02408592537416427,0.3133333333333333,0.09797958971132711,0.29074494949494945,0.08020065995295063,0.7670513296771878,0.030973795597869936
Age_Group,gu1,FC,delta,Random Forest,15,0.5690971855492164,0.0842829614116443,0.37333333333333335,0.05734883511361752,0.33690115440115437,0.05583817494473972,0.7841456678333107,0.01889745225642717
Age_Group,gu1,FC,delta,Elastic Net,15,0.5887799287224345,0.044277233178077774,0.32666666666666666,0.09752492558885195,0.3052958152958153,0.08304477641468798,0.7739743102054315,0.02654763363539565
Age_Group,gu1,FC,theta,Linear SVM,15,0.6213362105434188,0.0227375391707731,0.38666666666666666,0.05416025603090642,0.3578932178932178,0.043867477271512995,0.7918267560052457,0.017302095204345305
Age_Group,gu1,FC,theta,Random Forest,15,0.6747487386088359,0.06119649480153142,0.44000000000000006,0.06463573143221771,0.4393740981240981,0.0872441553260637,0.8096357384034729,0.021589295108165905
Age_Group,gu1,FC,theta,Elastic Net,15,0.6133842500050164,0.04488316312568286,0.4333333333333333,0.12823589374447564,0.40761363636363634,0.10499956077380444,0.8082800197514157,0.04324710326219407
Age_Group,gu1,FC,alpha,Linear SVM,15,0.5813900631214705,0.049733279250231015,0.27999999999999997,0.04521553322083511,0.25891955266955263,0.04738138965209917,0.7615106899203009,0.013658249421283502
Age_Group,gu1,FC,alpha,Random Forest,15,0.5527330951053777,0.07904911845066419,0.32,0.06863753427324668,0.3124549062049061,0.075330426075791,0.7656092256332532,0.02230311747306175
Age_Group,gu1,FC,alpha,Elastic Net,15,0.6045067182161004,0.044819637988325445,0.29999999999999993,0.05577733510227169,0.2728120490620491,0.055931339504901686,0.7693872767202287,0.019271772012805492
Age_Group,gu1,FC,beta,Linear SVM,15,0.6307733703981416,0.057515484150734444,0.3333333333333333,0.055777335102271716,0.312775974025974,0.06558961098747997,0.7761649601352119,0.01989624269953133
Age_Group,gu1,FC,beta,Random Forest,15,0.6134334762830186,0.11340939205751285,0.32,0.12036980056845192,0.2950757575757576,0.1301649836480046,0.7718594490940028,0.04062906068540516
Age_Group,gu1,FC,beta,Elastic Net,15,0.6475770695826759,0.04585495338079874,0.39333333333333337,0.053333333333333344,0.35771825396825396,0.062070688987059995,0.7963324528255878,0.018167368783180135
Age_Group,gu1,FC,highbeta,Linear SVM,15,0.6348090408553224,0.05872752998355061,0.27999999999999997,0.1024152766382481,0.28213023088023087,0.10889598635877823,0.7609777731802904,0.031857166084150214
Age_Group,gu1,FC,highbeta,Random Forest,15,0.6250169060461108,0.07610725625066933,0.36666666666666664,0.11737877907772674,0.35628427128427126,0.10495439634394323,0.7848678003918279,0.038132202281079726
Age_Group,gu1,FC,highbeta,Elastic Net,15,0.6021160546187435,0.07115201587366955,0.31999999999999995,0.077746025264604,0.31660173160173155,0.07891650777734256,0.7742344661440772,0.025046747733273273
Age_Group,gu1,FC,gamma,Linear SVM,15,0.6243234377877399,0.0471496948325497,0.3266666666666667,0.09285592184789412,0.33539321789321785,0.08523043383435033,0.7738039226220005,0.025582769230695523
Age_Group,gu1,FC,gamma,Random Forest,15,0.6195585116172072,0.07283752943332147,0.38666666666666666,0.10873004286866726,0.38418290043290043,0.12205161684865763,0.7947223089648718,0.03786041941456066
Age_Group,gu1,FC,gamma,Elastic Net,15,0.6438976084513842,0.0781217578843894,0.3333333333333333,0.0557773351022717,0.32766955266955267,0.05814396359504045,0.7742271515669684,0.015933554675265967
Age_Group,gu1,PSD,delta,Linear SVM,15,0.5979049873975503,0.02408592537416427,0.3133333333333333,0.09797958971132711,0.29074494949494945,0.08020065995295063,0.7670513296771878,0.030973795597869936
Age_Group,gu1,PSD,delta,Random Forest,15,0.5690971855492164,0.0842829614116443,0.37333333333333335,0.05734883511361752,0.33690115440115437,0.05583817494473972,0.7841456678333107,0.01889745225642717
Age_Group,gu1,PSD,delta,Elastic Net,15,0.5887799287224345,0.044277233178077774,0.32666666666666666,0.09752492558885195,0.3052958152958153,0.08304477641468798,0.7739743102054315,0.02654763363539565
Age_Group,gu1,PSD,theta,Linear SVM,15,0.6213362105434188,0.0227375391707731,0.38666666666666666,0.05416025603090642,0.3578932178932178,0.043867477271512995,0.7918267560052457,0.017302095204345305
Age_Group,gu1,PSD,theta,Random Forest,15,0.6747487386088359,0.06119649480153142,0.44000000000000006,0.06463573143221771,0.4393740981240981,0.0872441553260637,0.8096357384034729,0.021589295108165905
Age_Group,gu1,PSD,theta,Elastic Net,15,0.6133842500050164,0.04488316312568286,0.4333333333333333,0.12823589374447564,0.40761363636363634,0.10499956077380444,0.8082800197514157,0.04324710326219407
Age_Group,gu1,PSD,alpha,Linear SVM,15,0.5813900631214705,0.049733279250231015,0.27999999999999997,0.04521553322083511,0.25891955266955263,0.04738138965209917,0.7615106899203009,0.013658249421283502
Age_Group,gu1,PSD,alpha,Random Forest,15,0.5527330951053777,0.07904911845066419,0.32,0.06863753427324668,0.3124549062049061,0.075330426075791,0.7656092256332532,0.02230311747306175
Age_Group,gu1,PSD,alpha,Elastic Net,15,0.6045067182161004,0.044819637988325445,0.29999999999999993,0.05577733510227169,0.2728120490620491,0.055931339504901686,0.7693872767202287,0.019271772012805492
Age_Group,gu1,PSD,beta,Linear SVM,15,0.6307733703981416,0.057515484150734444,0.3333333333333333,0.055777335102271716,0.312775974025974,0.06558961098747997,0.7761649601352119,0.01989624269953133
Age_Group,gu1,PSD,beta,Random Forest,15,0.6134334762830186,0.11340939205751285,0.32,0.12036980056845192,0.2950757575757576,0.1301649836480046,0.7718594490940028,0.04062906068540516
Age_Group,gu1,PSD,beta,Elastic Net,15,0.6475770695826759,0.04585495338079874,0.39333333333333337,0.053333333333333344,0.35771825396825396,0.062070688987059995,0.7963324528255878,0.018167368783180135
Age_Group,gu1,PSD,highbeta,Linear SVM,15,0.6348090408553224,0.05872752998355061,0.27999999999999997,0.1024152766382481,0.28213023088023087,0.10889598635877823,0.7609777731802904,0.031857166084150214
Age_Group,gu1,PSD,highbeta,Random Forest,15,0.6250169060461108,0.07610725625066933,0.36666666666666664,0.11737877907772674,0.35628427128427126,0.10495439634394323,0.7848678003918279,0.038132202281079726
Age_Group,gu1,PSD,highbeta,Elastic Net,15,0.6021160546187435,0.07115201587366955,0.31999999999999995,0.077746025264604,0.31660173160173155,0.07891650777734256,0.7742344661440772,0.025046747733273273
Age_Group,gu1,PSD,gamma,Linear SVM,15,0.6243234377877399,0.0471496948325497,0.3266666666666667,0.09285592184789412,0.33539321789321785,0.08523043383435033,0.7738039226220005,0.025582769230695523
Age_Group,gu1,PSD,gamma,Random Forest,15,0.6195585116172072,0.07283752943332147,0.38666666666666666,0.10873004286866726,0.38418290043290043,0.12205161684865763,0.7947223089648718,0.03786041941456066
Age_Group,gu1,PSD,gamma,Elastic Net,15,0.6438976084513842,0.0781217578843894,0.3333333333333333,0.0557773351022717,0.32766955266955267,0.05814396359504045,0.7742271515669684,0.015933554675265967
Age_Group,gu1,PSD_FC,delta,Linear SVM,15,0.5979049873975503,0.02408592537416427,0.3133333333333333,0.09797958971132711,0.29074494949494945,0.08020065995295063,0.7670513296771878,0.030973795597869936
Age_Group,gu1,PSD_FC,delta,Random Forest,15,0.5690971855492164,0.0842829614116443,0.37333333333333335,0.05734883511361752,0.33690115440115437,0.05583817494473972,0.7841456678333107,0.01889745225642717
Age_Group,gu1,PSD_FC,delta,Elastic Net,15,0.5887799287224345,0.044277233178077774,0.32666666666666666,0.09752492558885195,0.3052958152958153,0.08304477641468798,0.7739743102054315,0.02654763363539565
Age_Group,gu1,PSD_FC,theta,Linear SVM,15,0.6213362105434188,0.0227375391707731,0.38666666666666666,0.05416025603090642,0.3578932178932178,0.043867477271512995,0.7918267560052457,0.017302095204345305
Age_Group,gu1,PSD_FC,theta,Random Forest,15,0.6747487386088359,0.06119649480153142,0.44000000000000006,0.06463573143221771,0.4393740981240981,0.0872441553260637,0.8096357384034729,0.021589295108165905
Age_Group,gu1,PSD_FC,theta,Elastic Net,15,0.6133842500050164,0.04488316312568286,0.4333333333333333,0.12823589374447564,0.40761363636363634,0.10499956077380444,0.8082800197514157,0.04324710326219407
Age_Group,gu1,PSD_FC,alpha,Linear SVM,15,0.5813900631214705,0.049733279250231015,0.27999999999999997,0.04521553322083511,0.25891955266955263,0.04738138965209917,0.7615106899203009,0.013658249421283502
Age_Group,gu1,PSD_FC,alpha,Random Forest,15,0.5527330951053777,0.07904911845066419,0.32,0.06863753427324668,0.3124549062049061,0.075330426075791,0.7656092256332532,0.02230311747306175
Age_Group,gu1,PSD_FC,alpha,Elastic Net,15,0.6045067182161004,0.044819637988325445,0.29999999999999993,0.05577733510227169,0.2728120490620491,0.055931339504901686,0.7693872767202287,0.019271772012805492
Age_Group,gu1,PSD_FC,beta,Linear SVM,15,0.6307733703981416,0.057515484150734444,0.3333333333333333,0.055777335102271716,0.312775974025974,0.06558961098747997,0.7761649601352119,0.01989624269953133
Age_Group,gu1,PSD_FC,beta,Random Forest,15,0.6134334762830186,0.11340939205751285,0.32,0.12036980056845192,0.2950757575757576,0.1301649836480046,0.7718594490940028,0.04062906068540516
Age_Group,gu1,PSD_FC,beta,Elastic Net,15,0.6475770695826759,0.04585495338079874,0.39333333333333337,0.053333333333333344,0.35771825396825396,0.062070688987059995,0.7963324528255878,0.018167368783180135
Age_Group,gu1,PSD_FC,highbeta,Linear SVM,15,0.6348090408553224,0.05872752998355061,0.27999999999999997,0.1024152766382481,0.28213023088023087,0.10889598635877823,0.7609777731802904,0.031857166084150214
Age_Group,gu1,PSD_FC,highbeta,Random Forest,15,0.6250169060461108,0.07610725625066933,0.36666666666666664,0.11737877907772674,0.35628427128427126,0.10495439634394323,0.7848678003918279,0.038132202281079726
Age_Group,gu1,PSD_FC,highbeta,Elastic Net,15,0.6021160546187435,0.07115201587366955,0.31999999999999995,0.077746025264604,0.31660173160173155,0.07891650777734256,0.7742344661440772,0.025046747733273273
Age_Group,gu1,PSD_FC,gamma,Linear SVM,15,0.6243234377877399,0.0471496948325497,0.3266666666666667,0.09285592184789412,0.33539321789321785,0.08523043383435033,0.7738039226220005,0.025582769230695523
Age_Group,gu1,PSD_FC,gamma,Random Forest,15,0.6195585116172072,0.07283752943332147,0.38666666666666666,0.10873004286866726,0.38418290043290043,0.12205161684865763,0.7947223089648718,0.03786041941456066
Age_Group,gu1,PSD_FC,gamma,Elastic Net,15,0.6438976084513842,0.0781217578843894,0.3333333333333333,0.0557773351022717,0.32766955266955267,0.05814396359504045,0.7742271515669684,0.015933554675265967
Language,gu1,FC,delta,Linear SVM,15,0.5325507529995359,0.10100378252530515,0.24,0.04898979485566355,0.226510989010989,0.07698609075218213,0.7384231048627711,0.02239733983715361
Language,gu1,FC,delta,Random Forest,15,0.6188134986540931,0.06142816711633732,0.4,0.04714045207910318,0.31710164835164834,0.03832860662086375,0.7798905741934228,0.01855904595015518
Language,gu1,FC,delta,Elastic Net,15,0.46982991501949856,0.09079516841141733,0.22666666666666666,0.03887301263230201,0.25831043956043953,0.11865647474755418,0.7412434336212337,0.01850745286971189
Language,gu1,FC,theta,Linear SVM,15,0.4833478652047309,0.03999042427997869,0.26,0.06463573143221772,0.22321428571428573,0.0734707150892624,0.7550676402154155,0.029849101476752748
Language,gu1,FC,theta,Random Forest,15,0.5384020409269274,0.11673286371737705,0.33999999999999997,0.0771722460186015,0.3276098901098901,0.1409590995910417,0.7629495102525131,0.027902623514424935
Language,gu1,FC,theta,Elastic Net,15,0.43316863336086264,0.07756071126271148,0.22666666666666666,0.06463573143221772,0.19945054945054946,0.07894749536950325,0.7463151576904443,0.03013403432142007
Language,gu1,FC,alpha,Linear SVM,15,0.48999222883893606,0.08297702635936029,0.26,0.07999999999999999,0.20755494505494507,0.07002248224365412,0.745173020823431,0.021898493583119228
Language,gu1,FC,alpha,Random Forest,15,0.5980726691428556,0.0888375141665348,0.31333333333333335,0.07483314773547883,0.24814560439560437,0.05175063302954913,0.7471641483020903,0.02994706266381011
Language,gu1,FC,alpha,Elastic Net,15,0.47024211471238875,0.08823771171712926,0.2333333333333333,0.05962847939999438,0.17293956043956044,0.05922448691427923,0.7364960484330026,0.02957203455174033
Language,gu1,FC,beta,Linear SVM,15,0.4541417887386447,0.05822138279938801,0.24,0.048989794855663564,0.2208791208791209,0.06323919830413333,0.7503178104416088,0.021120851653565215
Language,gu1,FC,beta,Random Forest,15,0.4870683754329937,0.051708692530245744,0.28,0.05811865258054231,0.2070741758241758,0.03467488454258066,0.7428835787415689,0.014886605205635867
Language,gu1,FC,beta,Elastic Net,15,0.45302447257852824,0.07885037799986773,0.25333333333333335,0.039999999999999994,0.23035714285714284,0.06528389659272175,0.751540375247823,0.017694049410742686
Language,gu1,FC,highbeta,Linear SVM,15,0.5123458037519849,0.06168533067564052,0.2333333333333333,0.07601169500660919,0.18530219780219778,0.05189172479230246,0.7284231785940489,0.017851524712385086
Language,gu1,FC,highbeta,Random Forest,15,0.38971123021083337,0.07969442627169081,0.22666666666666666,0.048989794855663564,0.21346153846153845,0.0918612573174487,0.7184412806965501,0.013731108552522792
Language,gu1,FC,highbeta,Elastic Net,15,0.40947860607401243,0.03763597301027943,0.24666666666666665,0.06531972647421808,0.19684065934065936,0.051569289352044065,0.739158896487585,0.01762536204081009
Language,gu1,FC,gamma,Linear SVM,15,0.4971514041893374,0.11272573082639409,0.26,0.10624918300339485,0.21009615384615382,0.08306732212750165,0.7446494356908635,0.03216614883810718
Language,gu1,FC,gamma,Random Forest,15,0.4884359994390916,0.08543910031703285,0.31333333333333335,0.05416025603090641,0.26030219780219777,0.045283859635471525,0.7501144338067787,0.010896831245668476
Language,gu1,FC,gamma,Elastic Net,15,0.5270655854695177,0.10605287026668263,0.27999999999999997,0.12220201853215575,0.2746565934065934,0.09351319062912941,0.7572677386001423,0.04545394386451618
Language,gu1,PSD,delta,Linear SVM,15,0.5325507529995359,0.10100378252530515,0.24,0.04898979485566355,0.226510989010989,0.07698609075218213,0.7384231048627711,0.02239733983715361
Language,gu1,PSD,delta,Random Forest,15,0.6188134986540931,0.06142816711633732,0.4,0.04714045207910318,0.31710164835164834,0.03832860662086375,0.7798905741934228,0.01855904595015518
Language,gu1,PSD,delta,Elastic Net,15,0.46982991501949856,0.09079516841141733,0.22666666666666666,0.03887301263230201,0.25831043956043953,0.11865647474755418,0.7412434336212337,0.01850745286971189
Language,gu1,PSD,theta,Linear SVM,15,0.4833478652047309,0.03999042427997869,0.26,0.06463573143221772,0.22321428571428573,0.0734707150892624,0.7550676402154155,0.029849101476752748
Language,gu1,PSD,theta,Random Forest,15,0.5384020409269274,0.11673286371737705,0.33999999999999997,0.0771722460186015,0.3276098901098901,0.1409590995910417,0.7629495102525131,0.027902623514424935
Language,gu1,PSD,theta,Elastic Net,15,0.43316863336086264,0.07756071126271148,0.22666666666666666,0.06463573143221772,0.19945054945054946,0.07894749536950325,0.7463151576904443,0.03013403432142007
Language,gu1,PSD,alpha,Linear SVM,15,0.48999222883893606,0.08297702635936029,0.26,0.07999999999999999,0.20755494505494507,0.07002248224365412,0.745173020823431,0.021898493583119228
Language,gu1,PSD,alpha,Random Forest,15,0.5980726691428556,0.0888375141665348,0.31333333333333335,0.07483314773547883,0.24814560439560437,0.05175063302954913,0.7471641483020903,0.02994706266381011
Language,gu1,PSD,alpha,Elastic Net,15,0.47024211471238875,0.08823771171712926,0.2333333333333333,0.05962847939999438,0.17293956043956044,0.05922448691427923,0.7364960484330026,0.02957203455174033
Language,gu1,PSD,beta,Linear SVM,15,0.4541417887386447,0.05822138279938801,0.24,0.048989794855663564,0.2208791208791209,0.06323919830413333,0.7503178104416088,0.021120851653565215
Language,gu1,PSD,beta,Random Forest,15,0.4870683754329937,0.051708692530245744,0.28,0.05811865258054231,0.2070741758241758,0.03467488454258066,0.7428835787415689,0.014886605205635867
Language,gu1,PSD,beta,Elastic Net,15,0.45302447257852824,0.07885037799986773,0.25333333333333335,0.039999999999999994,0.23035714285714284,0.06528389659272175,0.751540375247823,0.017694049410742686
Language,gu1,PSD,highbeta,Linear SVM,15,0.5123458037519849,0.06168533067564052,0.2333333333333333,0.07601169500660919,0.18530219780219778,0.05189172479230246,0.7284231785940489,0.017851524712385086
Language,gu1,PSD,highbeta,Random Forest,15,0.38971123021083337,0.07969442627169081,0.22666666666666666,0.048989794855663564,0.21346153846153845,0.0918612573174487,0.7184412806965501,0.013731108552522792
Language,gu1,PSD,highbeta,Elastic Net,15,0.40947860607401243,0.03763597301027943,0.24666666666666665,0.06531972647421808,0.19684065934065936,0.051569289352044065,0.739158896487585,0.01762536204081009
Language,gu1,PSD,gamma,Linear SVM,15,0.4971514041893374,0.11272573082639409,0.26,0.10624918300339485,0.21009615384615382,0.08306732212750165,0.7446494356908635,0.03216614883810718
Language,gu1,PSD,gamma,Random Forest,15,0.4884359994390916,0.08543910031703285,0.31333333333333335,0.05416025603090641,0.26030219780219777,0.045283859635471525,0.7501144338067787,0.010896831245668476
Language,gu1,PSD,gamma,Elastic Net,15,0.5270655854695177,0.10605287026668263,0.27999999999999997,0.12220201853215575,0.2746565934065934,0.09351319062912941,0.7572677386001423,0.04545394386451618
Language,gu1,PSD_FC,delta,Linear SVM,15,0.5325507529995359,0.10100378252530515,0.24,0.04898979485566355,0.226510989010989,0.07698609075218213,0.7384231048627711,0.02239733983715361
Language,gu1,PSD_FC,delta,Random Forest,15,0.6188134986540931,0.06142816711633732,0.4,0.04714045207910318,0.31710164835164834,0.03832860662086375,0.7798905741934228,0.01855904595015518
Language,gu1,PSD_FC,delta,Elastic Net,15,0.46982991501949856,0.09079516841141733,0.22666666666666666,0.03887301263230201,0.25831043956043953,0.11865647474755418,0.7412434336212337,0.01850745286971189
Language,gu1,PSD_FC,theta,Linear SVM,15,0.4833478652047309,0.03999042427997869,0.26,0.06463573143221772,0.22321428571428573,0.0734707150892624,0.7550676402154155,0.029849101476752748
Language,gu1,PSD_FC,theta,Random Forest,15,0.5384020409269274,0.11673286371737705,0.33999999999999997,0.0771722460186015,0.3276098901098901,0.1409590995910417,0.7629495102525131,0.027902623514424935
Language,gu1,PSD_FC,theta,Elastic Net,15,0.43316863336086264,0.07756071126271148,0.22666666666666666,0.06463573143221772,0.19945054945054946,0.07894749536950325,0.7463151576904443,0.03013403432142007
Language,gu1,PSD_FC,alpha,Linear SVM,15,0.48999222883893606,0.08297702635936029,0.26,0.07999999999999999,0.20755494505494507,0.07002248224365412,0.745173020823431,0.021898493583119228
Language,gu1,PSD_FC,alpha,Random Forest,15,0.5980726691428556,0.0888375141665348,0.31333333333333335,0.07483314773547883,0.24814560439560437,0.05175063302954913,0.7471641483020903,0.02994706266381011
Language,gu1,PSD_FC,alpha,Elastic Net,15,0.47024211471238875,0.08823771171712926,0.2333333333333333,0.05962847939999438,0.17293956043956044,0.05922448691427923,0.7364960484330026,0.02957203455174033
Language,gu1,PSD_FC,beta,Linear SVM,15,0.4541417887386447,0.05822138279938801,0.24,0.048989794855663564,0.2208791208791209,0.06323919830413333,0.7503178104416088,0.021120851653565215
Language,gu1,PSD_FC,beta,Random Forest,15,0.4870683754329937,0.051708692530245744,0.28,0.05811865258054231,0.2070741758241758,0.03467488454258066,0.7428835787415689,0.014886605205635867
Language,gu1,PSD_FC,beta,Elastic Net,15,0.45302447257852824,0.07885037799986773,0.25333333333333335,0.039999999999999994,0.23035714285714284,0.06528389659272175,0.751540375247823,0.017694049410742686
Language,gu1,PSD_FC,highbeta,Linear SVM,15,0.5123458037519849,0.06168533067564052,0.2333333333333333,0.07601169500660919,0.18530219780219778,0.05189172479230246,0.7284231785940489,0.017851524712385086
Language,gu1,PSD_FC,highbeta,Random Forest,15,0.38971123021083337,0.07969442627169081,0.22666666666666666,0.048989794855663564,0.21346153846153845,0.0918612573174487,0.7184412806965501,0.013731108552522792
Language,gu1,PSD_FC,highbeta,Elastic Net,15,0.40947860607401243,0.03763597301027943,0.24666666666666665,0.06531972647421808,0.19684065934065936,0.051569289352044065,0.739158896487585,0.01762536204081009
Language,gu1,PSD_FC,gamma,Linear SVM,15,0.4971514041893374,0.11272573082639409,0.26,0.10624918300339485,0.21009615384615382,0.08306732212750165,0.7446494356908635,0.03216614883810718
Language,gu1,PSD_FC,gamma,Random Forest,15,0.4884359994390916,0.08543910031703285,0.31333333333333335,0.05416025603090641,0.26030219780219777,0.045283859635471525,0.7501144338067787,0.010896831245668476
Language,gu1,PSD_FC,gamma,Elastic Net,15,0.5270655854695177,0.10605287026668263,0.27999999999999997,0.12220201853215575,0.2746565934065934,0.09351319062912941,0.7572677386001423,0.04545394386451618
Language_Tonal,gu1,FC,delta,Linear SVM,15,0.5957255979314803,0.045739019456767706,0.39333333333333337,0.05734883511361752,0.3962629282482224,0.05136930207589304,0.3962629282482224,0.05136930207589304
Language_Tonal,gu1,FC,delta,Random Forest,15,0.5840174531351001,0.0562043931691843,0.5666666666666667,0.07302967433402213,0.565917905623788,0.06812516204927054,0.565917905623788,0.06812516204927054
Language_Tonal,gu1,FC,delta,Elastic Net,15,0.45204427925016166,0.05737715831514283,0.44666666666666666,0.04521553322083513,0.44838800904977383,0.042370125470234915,0.44838800904977383,0.042370125470234915
Language_Tonal,gu1,FC,theta,Linear SVM,15,0.4330155138978668,0.04497040086849937,0.5133333333333333,0.09092121131323902,0.5154209760827408,0.09236578833471074,0.5154209760827408,0.09236578833471074
Language_Tonal,gu1,FC,theta,Random Forest,15,0.5107102456367162,0.11559584932798903,0.5599999999999999,0.0928559218478941,0.5498585972850678,0.09154533568873328,0.5498585972850678,0.09154533568873328
Language_Tonal,gu1,FC,theta,Elastic Net,15,0.4703377504848093,0.1040816828967036,0.5,0.09888264649460884,0.49460245636716227,0.10010263372463249,0.49460245636716227,0.10010263372463249
Language_Tonal,gu1,FC,alpha,Linear SVM,15,0.39957579185520364,0.09905154305020661,0.5333333333333332,0.09428090415820634,0.5308661926308984,0.09754667774100176,0.5308661926308984,0.09754667774100176
Language_Tonal,gu1,FC,alpha,Random Forest,15,0.5364334195216548,0.1075251543866942,0.5266666666666666,0.03265986323710903,0.5154088558500323,0.03326049012492747,0.5154088558500323,0.03326049012492747
Language_Tonal,gu1,FC,alpha,Elastic Net,15,0.5349264705882353,0.10654936181192552,0.5266666666666666,0.08537498983243798,0.5231738849385908,0.08806600285647329,0.5231738849385908,0.08806600285647329
Language_Tonal,gu1,FC,beta,Linear SVM,15,0.43718891402714927,0.07739721555830037,0.54,0.11430952132988165,0.5264625080801552,0.11089992396687472,0.5264625080801552,0.11089992396687472
Language_Tonal,gu1,FC,beta,Random Forest,15,0.5131544925662572,0.09719646325208854,0.4933333333333333,0.07999999999999999,0.48743535875888816,0.08159851794361031,0.48743535875888816,0.08159851794361031
Language_Tonal,gu1,FC,beta,Elastic Net,15,0.5530866192630899,0.09514419302682448,0.5599999999999999,0.09752492558885194,0.5560237556561086,0.09370067309299711,0.5560237556561086,0.09370067309299711
Language_Tonal,gu1,FC,highbeta,Linear SVM,15,0.5080437944408532,0.07965788927563469,0.5,0.055777335102271695,0.4990950226244344,0.057758459138530685,0.4990950226244344,0.057758459138530685
Language_Tonal,gu1,FC,highbeta,Random Forest,15,0.3962750484809308,0.0876079371343142,0.44666666666666666,0.07483314773547883,0.4404856173238526,0.07590504833708225,0.4404856173238526,0.07590504833708225
Language_Tonal,gu1,FC,highbeta,Elastic Net,15,0.4034300258564964,0.04359783139890746,0.4533333333333334,0.03399346342395189,0.4496000323206206,0.03752269974098363,0.4496000323206206,0.03752269974098363
Language_Tonal,gu1,FC,gamma,Linear SVM,15,0.4194772139625081,0.10754376756358036,0.5,0.12110601416389964,0.5095143826761473,0.12117521647882334,0.5095143826761473,0.12117521647882334
Language_Tonal,gu1,FC,gamma,Random Forest,15,0.570236748545572,0.05302451209115104,0.5599999999999999,0.04898979485566354,0.5582498383968971,0.05730342771510002,0.5582498383968971,0.05730342771510002
Language_Tonal,gu1,FC,gamma,Elastic Net,15,0.5344901422107304,0.08168088271332277,0.52,0.09333333333333332,0.5227254363283775,0.09308364671954412,0.5227254363283775,0.09308364671954412
Language_Tonal,gu1,PSD,delta,Linear SVM,15,0.5957255979314803,0.045739019456767706,0.39333333333333337,0.05734883511361752,0.3962629282482224,0.05136930207589304,0.3962629282482224,0.05136930207589304
Language_Tonal,gu1,PSD,delta,Random Forest,15,0.5840174531351001,0.0562043931691843,0.5666666666666667,0.07302967433402213,0.565917905623788,0.06812516204927054,0.565917905623788,0.06812516204927054
Language_Tonal,gu1,PSD,delta,Elastic Net,15,0.45204427925016166,0.05737715831514283,0.44666666666666666,0.04521553322083513,0.44838800904977383,0.042370125470234915,0.44838800904977383,0.042370125470234915
Language_Tonal,gu1,PSD,theta,Linear SVM,15,0.4330155138978668,0.04497040086849937,0.5133333333333333,0.09092121131323902,0.5154209760827408,0.09236578833471074,0.5154209760827408,0.09236578833471074
Language_Tonal,gu1,PSD,theta,Random Forest,15,0.5107102456367162,0.11559584932798903,0.5599999999999999,0.0928559218478941,0.5498585972850678,0.09154533568873328,0.5498585972850678,0.09154533568873328
Language_Tonal,gu1,PSD,theta,Elastic Net,15,0.4703377504848093,0.1040816828967036,0.5,0.09888264649460884,0.49460245636716227,0.10010263372463249,0.49460245636716227,0.10010263372463249
Language_Tonal,gu1,PSD,alpha,Linear SVM,15,0.39957579185520364,0.09905154305020661,0.5333333333333332,0.09428090415820634,0.5308661926308984,0.09754667774100176,0.5308661926308984,0.09754667774100176
Language_Tonal,gu1,PSD,alpha,Random Forest,15,0.5364334195216548,0.1075251543866942,0.5266666666666666,0.03265986323710903,0.5154088558500323,0.03326049012492747,0.5154088558500323,0.03326049012492747
Language_Tonal,gu1,PSD,alpha,Elastic Net,15,0.5349264705882353,0.10654936181192552,0.5266666666666666,0.08537498983243798,0.5231738849385908,0.08806600285647329,0.5231738849385908,0.08806600285647329
Language_Tonal,gu1,PSD,beta,Linear SVM,15,0.43718891402714927,0.07739721555830037,0.54,0.11430952132988165,0.5264625080801552,0.11089992396687472,0.5264625080801552,0.11089992396687472
Language_Tonal,gu1,PSD,beta,Random Forest,15,0.5131544925662572,0.09719646325208854,0.4933333333333333,0.07999999999999999,0.48743535875888816,0.08159851794361031,0.48743535875888816,0.08159851794361031
Language_Tonal,gu1,PSD,beta,Elastic Net,15,0.5530866192630899,0.09514419302682448,0.5599999999999999,0.09752492558885194,0.5560237556561086,0.09370067309299711,0.5560237556561086,0.09370067309299711
Language_Tonal,gu1,PSD,highbeta,Linear SVM,15,0.5080437944408532,0.07965788927563469,0.5,0.055777335102271695,0.4990950226244344,0.057758459138530685,0.4990950226244344,0.057758459138530685
Language_Tonal,gu1,PSD,highbeta,Random Forest,15,0.3962750484809308,0.0876079371343142,0.44666666666666666,0.07483314773547883,0.4404856173238526,0.07590504833708225,0.4404856173238526,0.07590504833708225
Language_Tonal,gu1,PSD,highbeta,Elastic Net,15,0.4034300258564964,0.04359783139890746,0.4533333333333334,0.03399346342395189,0.4496000323206206,0.03752269974098363,0.4496000323206206,0.03752269974098363
Language_Tonal,gu1,PSD,gamma,Linear SVM,15,0.4194772139625081,0.10754376756358036,0.5,0.12110601416389964,0.5095143826761473,0.12117521647882334,0.5095143826761473,0.12117521647882334
Language_Tonal,gu1,PSD,gamma,Random Forest,15,0.570236748545572,0.05302451209115104,0.5599999999999999,0.04898979485566354,0.5582498383968971,0.05730342771510002,0.5582498383968971,0.05730342771510002
Language_Tonal,gu1,PSD,gamma,Elastic Net,15,0.5344901422107304,0.08168088271332277,0.52,0.09333333333333332,0.5227254363283775,0.09308364671954412,0.5227254363283775,0.09308364671954412
Language_Tonal,gu1,PSD_FC,delta,Linear SVM,15,0.5957255979314803,0.045739019456767706,0.39333333333333337,0.05734883511361752,0.3962629282482224,0.05136930207589304,0.3962629282482224,0.05136930207589304
Language_Tonal,gu1,PSD_FC,delta,Random Forest,15,0.5840174531351001,0.0562043931691843,0.5666666666666667,0.07302967433402213,0.565917905623788,0.06812516204927054,0.565917905623788,0.06812516204927054
Language_Tonal,gu1,PSD_FC,delta,Elastic Net,15,0.45204427925016166,0.05737715831514283,0.44666666666666666,0.04521553322083513,0.44838800904977383,0.042370125470234915,0.44838800904977383,0.042370125470234915
Language_Tonal,gu1,PSD_FC,theta,Linear SVM,15,0.4330155138978668,0.04497040086849937,0.5133333333333333,0.09092121131323902,0.5154209760827408,0.09236578833471074,0.5154209760827408,0.09236578833471074
Language_Tonal,gu1,PSD_FC,theta,Random Forest,15,0.5107102456367162,0.11559584932798903,0.5599999999999999,0.0928559218478941,0.5498585972850678,0.09154533568873328,0.5498585972850678,0.09154533568873328
Language_Tonal,gu1,PSD_FC,theta,Elastic Net,15,0.4703377504848093,0.1040816828967036,0.5,0.09888264649460884,0.49460245636716227,0.10010263372463249,0.49460245636716227,0.10010263372463249
Language_Tonal,gu1,PSD_FC,alpha,Linear SVM,15,0.39957579185520364,0.09905154305020661,0.5333333333333332,0.09428090415820634,0.5308661926308984,0.09754667774100176,0.5308661926308984,0.09754667774100176
Language_Tonal,gu1,PSD_FC,alpha,Random Forest,15,0.5364334195216548,0.1075251543866942,0.5266666666666666,0.03265986323710903,0.5154088558500323,0.03326049012492747,0.5154088558500323,0.03326049012492747
Language_Tonal,gu1,PSD_FC,alpha,Elastic Net,15,0.5349264705882353,0.10654936181192552,0.5266666666666666,0.08537498983243798,0.5231738849385908,0.08806600285647329,0.5231738849385908,0.08806600285647329
Language_Tonal,gu1,PSD_FC,beta,Linear SVM,15,0.43718891402714927,0.07739721555830037,0.54,0.11430952132988165,0.5264625080801552,0.11089992396687472,0.5264625080801552,0.11089992396687472
Language_Tonal,gu1,PSD_FC,beta,Random Forest,15,0.5131544925662572,0.09719646325208854,0.4933333333333333,0.07999999999999999,0.48743535875888816,0.08159851794361031,0.48743535875888816,0.08159851794361031
Language_Tonal,gu1,PSD_FC,beta,Elastic Net,15,0.5530866192630899,0.09514419302682448,0.5599999999999999,0.09752492558885194,0.5560237556561086,0.09370067309299711,0.5560237556561086,0.09370067309299711
Language_Tonal,gu1,PSD_FC,highbeta,Linear SVM,15,0.5080437944408532,0.07965788927563469,0.5,0.055777335102271695,0.4990950226244344,0.057758459138530685,0.4990950226244344,0.057758459138530685
Language_Tonal,gu1,PSD_FC,highbeta,Random Forest,15,0.3962750484809308,0.0876079371343142,0.44666666666666666,0.07483314773547883,0.4404856173238526,0.07590504833708225,0.4404856173238526,0.07590504833708225
Language_Tonal,gu1,PSD_FC,highbeta,Elastic Net,15,0.4034300258564964,0.04359783139890746,0.4533333333333334,0.03399346342395189,0.4496000323206206,0.03752269974098363,0.4496000323206206,0.03752269974098363
Language_Tonal,gu1,PSD_FC,gamma,Linear SVM,15,0.4194772139625081,0.10754376756358036,0.5,0.12110601416389964,0.5095143826761473,0.12117521647882334,0.5095143826761473,0.12117521647882334
Language_Tonal,gu1,PSD_FC,gamma,Random Forest,15,0.570236748545572,0.05302451209115104,0.5599999999999999,0.04898979485566354,0.5582498383968971,0.05730342771510002,0.5582498383968971,0.05730342771510002
Language_Tonal,gu1,PSD_FC,gamma,Elastic Net,15,0.5344901422107304,0.08168088271332277,0.52,0.09333333333333332,0.5227254363283775,0.09308364671954412,0.5227254363283775,0.09308364671954412
Age_Child_Language_Tonal,gu1,FC,delta,Linear SVM,15,0.4979788961038961,0.05550316659230387,0.18187134502923977,0.05146198830409356,0.17916666666666664,0.04826202809672497,0.7253030303030303,0.020322606379443213
Age_Child_Language_Tonal,gu1,FC,delta,Random Forest,15,0.5193520021645022,0.054335368813643245,0.343859649122807,0.09906370609525005,0.3514285714285714,0.09504191103196372,0.774745670995671,0.03373001616594484
Age_Child_Language_Tonal,gu1,FC,delta,Elastic Net,15,0.4557647907647908,0.07786559195876466,0.20409356725146197,0.03845446133982128,0.20535714285714285,0.04656573146573321,0.7341260822510823,0.012926071165064909
Age_Child_Language_Tonal,gu1,FC,theta,Linear SVM,15,0.4979256854256854,0.03774809748456252,0.2672514619883041,0.061988304093567245,0.25809523809523804,0.05049303402708904,0.754832251082251,0.019451830727041076
Age_Child_Language_Tonal,gu1,FC,theta,Random Forest,15,0.4537166305916306,0.03064771874234985,0.22514619883040937,0.05935024307071473,0.24154761904761904,0.05891522215319691,0.7374377705627706,0.013231696846488726
Age_Child_Language_Tonal,gu1,FC,theta,Elastic Net,15,0.44173520923520926,0.039099108926217124,0.19298245614035087,0.039619613300477946,0.19035714285714284,0.03937651843525062,0.7342072510822512,0.01199072295314019
Age_Child_Language_Tonal,gu1,FC,alpha,Linear SVM,15,0.5657016594516595,0.054165469558085384,0.26959064327485377,0.10565877572930371,0.2754761904761905,0.10638182098805554,0.7595481601731601,0.033692160103960485
Age_Child_Language_Tonal,gu1,FC,alpha,Random Forest,15,0.46297168109668113,0.050763718942671,0.2473684210526316,0.0715173836080021,0.2157142857142857,0.07285539213582826,0.7430627705627705,0.022406946897760568
Age_Child_Language_Tonal,gu1,FC,alpha,Elastic Net,15,0.539244227994228,0.06757380208676801,0.21637426900584797,0.08843760481232137,0.23154761904761903,0.09969838300442059,0.7409550865800867,0.0284051373253923
Age_Child_Language_Tonal,gu1,FC,beta,Linear SVM,15,0.4765025252525253,0.09450581693258697,0.23859649122807017,0.11621988643078049,0.2963095238095238,0.15749122640502175,0.7567045454545455,0.041842339232957534
Age_Child_Language_Tonal,gu1,FC,beta,Random Forest,15,0.5858824855699856,0.05618463254747386,0.3333333333333333,0.07687334140423384,0.32785714285714285,0.052362550880317875,0.7747429653679654,0.018157842268721656
Age_Child_Language_Tonal,gu1,FC,beta,Elastic Net,15,0.48206439393939393,0.0293688314387833,0.2046783625730994,0.06344422856194395,0.23976190476190476,0.08538992861747251,0.7421374458874459,0.02125745828656042
Age_Child_Language_Tonal,gu1,FC,highbeta,Linear SVM,15,0.40778589466089465,0.0563431108223008,0.19239766081871343,0.05086038574306175,0.20690476190476187,0.05697221545045736,0.73933170995671,0.017593163103585305
Age_Child_Language_Tonal,gu1,FC,highbeta,Random Forest,15,0.4412725468975469,0.06711878452316244,0.2152046783625731,0.06776059502966546,0.19023809523809523,0.07078740007282577,0.7367911255411256,0.022593960693904652
Age_Child_Language_Tonal,gu1,FC,highbeta,Elastic Net,15,0.5316801948051948,0.057195739423757004,0.19298245614035087,0.052955468644078456,0.18666666666666662,0.0482320660924502,0.7319291125541125,0.02028695530867329
Age_Child_Language_Tonal,gu1,FC,gamma,Linear SVM,15,0.5588618326118325,0.08063691827821017,0.18304093567251462,0.07382331620144796,0.17416666666666666,0.05627138041640931,0.7237716450216449,0.021193612717741415
Age_Child_Language_Tonal,gu1,FC,gamma,Random Forest,15,0.5143091630591631,0.05482392836915161,0.32456140350877194,0.10843183958149084,0.3029761904761904,0.1030879520135119,0.7738338744588745,0.038880685763570955
Age_Child_Language_Tonal,gu1,FC,gamma,Elastic Net,15,0.4542180735930736,0.0777284172255693,0.19415204678362571,0.05689670806528792,0.18785714285714286,0.05267584738719618,0.7282224025974027,0.017999246826765868
Age_Child_Language_Tonal,gu1,PSD,delta,Linear SVM,15,0.4979788961038961,0.05550316659230387,0.18187134502923977,0.05146198830409356,0.17916666666666664,0.04826202809672497,0.7253030303030303,0.020322606379443213
Age_Child_Language_Tonal,gu1,PSD,delta,Random Forest,15,0.5193520021645022,0.054335368813643245,0.343859649122807,0.09906370609525005,0.3514285714285714,0.09504191103196372,0.774745670995671,0.03373001616594484
Age_Child_Language_Tonal,gu1,PSD,delta,Elastic Net,15,0.4557647907647908,0.07786559195876466,0.20409356725146197,0.03845446133982128,0.20535714285714285,0.04656573146573321,0.7341260822510823,0.012926071165064909
Age_Child_Language_Tonal,gu1,PSD,theta,Linear SVM,15,0.4979256854256854,0.03774809748456252,0.2672514619883041,0.061988304093567245,0.25809523809523804,0.05049303402708904,0.754832251082251,0.019451830727041076
Age_Child_Language_Tonal,gu1,PSD,theta,Random Forest,15,0.4537166305916306,0.03064771874234985,0.22514619883040937,0.05935024307071473,0.24154761904761904,0.05891522215319691,0.7374377705627706,0.013231696846488726
Age_Child_Language_Tonal,gu1,PSD,theta,Elastic Net,15,0.44173520923520926,0.039099108926217124,0.19298245614035087,0.039619613300477946,0.19035714285714284,0.03937651843525062,0.7342072510822512,0.01199072295314019
Age_Child_Language_Tonal,gu1,PSD,alpha,Linear SVM,15,0.5657016594516595,0.054165469558085384,0.26959064327485377,0.10565877572930371,0.2754761904761905,0.10638182098805554,0.7595481601731601,0.033692160103960485
Age_Child_Language_Tonal,gu1,PSD,alpha,Random Forest,15,0.46297168109668113,0.050763718942671,0.2473684210526316,0.0715173836080021,0.2157142857142857,0.07285539213582826,0.7430627705627705,0.022406946897760568
Age_Child_Language_Tonal,gu1,PSD,alpha,Elastic Net,15,0.539244227994228,0.06757380208676801,0.21637426900584797,0.08843760481232137,0.23154761904761903,0.09969838300442059,0.7409550865800867,0.0284051373253923
Age_Child_Language_Tonal,gu1,PSD,beta,Linear SVM,15,0.4765025252525253,0.09450581693258697,0.23859649122807017,0.11621988643078049,0.2963095238095238,0.15749122640502175,0.7567045454545455,0.041842339232957534
Age_Child_Language_Tonal,gu1,PSD,beta,Random Forest,15,0.5858824855699856,0.05618463254747386,0.3333333333333333,0.07687334140423384,0.32785714285714285,0.052362550880317875,0.7747429653679654,0.018157842268721656
Age_Child_Language_Tonal,gu1,PSD,beta,Elastic Net,15,0.48206439393939393,0.0293688314387833,0.2046783625730994,0.06344422856194395,0.23976190476190476,0.08538992861747251,0.7421374458874459,0.02125745828656042
Age_Child_Language_Tonal,gu1,PSD,highbeta,Linear SVM,15,0.40778589466089465,0.0563431108223008,0.19239766081871343,0.05086038574306175,0.20690476190476187,0.05697221545045736,0.73933170995671,0.017593163103585305
Age_Child_Language_Tonal,gu1,PSD,highbeta,Random Forest,15,0.4412725468975469,0.06711878452316244,0.2152046783625731,0.06776059502966546,0.19023809523809523,0.07078740007282577,0.7367911255411256,0.022593960693904652
Age_Child_Language_Tonal,gu1,PSD,highbeta,Elastic Net,15,0.5316801948051948,0.057195739423757004,0.19298245614035087,0.052955468644078456,0.18666666666666662,0.0482320660924502,0.7319291125541125,0.02028695530867329
Age_Child_Language_Tonal,gu1,PSD,gamma,Linear SVM,15,0.5588618326118325,0.08063691827821017,0.18304093567251462,0.07382331620144796,0.17416666666666666,0.05627138041640931,0.7237716450216449,0.021193612717741415
Age_Child_Language_Tonal,gu1,PSD,gamma,Random Forest,15,0.5143091630591631,0.05482392836915161,0.32456140350877194,0.10843183958149084,0.3029761904761904,0.1030879520135119,0.7738338744588745,0.038880685763570955
Age_Child_Language_Tonal,gu1,PSD,gamma,Elastic Net,15,0.4542180735930736,0.0777284172255693,0.19415204678362571,0.05689670806528792,0.18785714285714286,0.05267584738719618,0.7282224025974027,0.017999246826765868
Age_Child_Language_Tonal,gu1,PSD_FC,delta,Linear SVM,15,0.4979788961038961,0.05550316659230387,0.18187134502923977,0.05146198830409356,0.17916666666666664,0.04826202809672497,0.7253030303030303,0.020322606379443213
Age_Child_Language_Tonal,gu1,PSD_FC,delta,Random Forest,15,0.5193520021645022,0.054335368813643245,0.343859649122807,0.09906370609525005,0.3514285714285714,0.09504191103196372,0.774745670995671,0.03373001616594484
Age_Child_Language_Tonal,gu1,PSD_FC,delta,Elastic Net,15,0.4557647907647908,0.07786559195876466,0.20409356725146197,0.03845446133982128,0.20535714285714285,0.04656573146573321,0.7341260822510823,0.012926071165064909
Age_Child_Language_Tonal,gu1,PSD_FC,theta,Linear SVM,15,0.4979256854256854,0.03774809748456252,0.2672514619883041,0.061988304093567245,0.25809523809523804,0.05049303402708904,0.754832251082251,0.019451830727041076
Age_Child_Language_Tonal,gu1,PSD_FC,theta,Random Forest,15,0.4537166305916306,0.03064771874234985,0.22514619883040937,0.05935024307071473,0.24154761904761904,0.05891522215319691,0.7374377705627706,0.013231696846488726
Age_Child_Language_Tonal,gu1,PSD_FC,theta,Elastic Net,15,0.44173520923520926,0.039099108926217124,0.19298245614035087,0.039619613300477946,0.19035714285714284,0.03937651843525062,0.7342072510822512,0.01199072295314019
Age_Child_Language_Tonal,gu1,PSD_FC,alpha,Linear SVM,15,0.5657016594516595,0.054165469558085384,0.26959064327485377,0.10565877572930371,0.2754761904761905,0.10638182098805554,0.7595481601731601,0.033692160103960485
Age_Child_Language_Tonal,gu1,PSD_FC,alpha,Random Forest,15,0.46297168109668113,0.050763718942671,0.2473684210526316,0.0715173836080021,0.2157142857142857,0.07285539213582826,0.7430627705627705,0.022406946897760568
Age_Child_Language_Tonal,gu1,PSD_FC,alpha,Elastic Net,15,0.539244227994228,0.06757380208676801,0.21637426900584797,0.08843760481232137,0.23154761904761903,0.09969838300442059,0.7409550865800867,0.0284051373253923
Age_Child_Language_Tonal,gu1,PSD_FC,beta,Linear SVM,15,0.4765025252525253,0.09450581693258697,0.23859649122807017,0.11621988643078049,0.2963095238095238,0.15749122640502175,0.7567045454545455,0.041842339232957534
Age_Child_Language_Tonal,gu1,PSD_FC,beta,Random Forest,15,0.5858824855699856,0.05618463254747386,0.3333333333333333,0.07687334140423384,0.32785714285714285,0.052362550880317875,0.7747429653679654,0.018157842268721656
Age_Child_Language_Tonal,gu1,PSD_FC,beta,Elastic Net,15,0.48206439393939393,0.0293688314387833,0.2046783625730994,0.06344422856194395,0.23976190476190476,0.08538992861747251,0.7421374458874459,0.02125745828656042
Age_Child_Language_Tonal,gu1,PSD_FC,highbeta,Linear SVM,15,0.40778589466089465,0.0563431108223008,0.19239766081871343,0.05086038574306175,0.20690476190476187,0.05697221545045736,0.73933170995671,0.017593163103585305
Age_Child_Language_Tonal,gu1,PSD_FC,highbeta,Random Forest,15,0.4412725468975469,0.06711878452316244,0.2152046783625731,0.06776059502966546,0.19023809523809523,0.07078740007282577,0.7367911255411256,0.022593960693904652
Age_Child_Language_Tonal,gu1,PSD_FC,highbeta,Elastic Net,15,0.5316801948051948,0.057195739423757004,0.19298245614035087,0.052955468644078456,0.18666666666666662,0.0482320660924502,0.7319291125541125,0.02028695530867329
Age_Child_Language_Tonal,gu1,PSD_FC,gamma,Linear SVM,15,0.5588618326118325,0.08063691827821017,0.18304093567251462,0.07382331620144796,0.17416666666666666,0.05627138041640931,0.7237716450216449,0.021193612717741415
Age_Child_Language_Tonal,gu1,PSD_FC,gamma,Random Forest,15,0.5143091630591631,0.05482392836915161,0.32456140350877194,0.10843183958149084,0.3029761904761904,0.1030879520135119,0.7738338744588745,0.038880685763570955
Age_Child_Language_Tonal,gu1,PSD_FC,gamma,Elastic Net,15,0.4542180735930736,0.0777284172255693,0.19415204678362571,0.05689670806528792,0.18785714285714286,0.05267584738719618,0.7282224025974027,0.017999246826765868
Age_Child_Language,gu1,FC,delta,Linear SVM,15,0.4664120772003476,0.021115675511535814,0.12950971322849214,0.04440333024976874,0.12542613636363636,0.031676136363636365,0.8751629787495143,0.004919676613949875
Age_Child_Language,gu1,FC,delta,Random Forest,15,0.592830302657118,0.011720008038920593,0.19380203515263644,0.02358926919518964,0.17029671717171718,0.01890782828282829,0.8816318540315968,0.002018397799014471
Age_Child_Language,gu1,FC,delta,Elastic Net,15,0.4915851633686247,0.02390974479516983,0.15078630897317297,0.023126734505087884,0.12910353535353536,0.008964646464646467,0.8790612604895089,0.0004999392578268758
Age_Child_Language,gu1,FC,theta,Linear SVM,15,0.5317385405562409,0.05956837719082447,0.18293246993524515,0.012719703977798341,0.14624368686868686,0.0031881313131313094,0.8834686407979555,0.0028442810256497086
Age_Child_Language,gu1,FC,theta,Random Forest,15,0.5276767393827235,0.004773948034266784,0.18270120259019426,0.008788159111933397,0.1930082070707071,0.0027304292929292845,0.8829181349939496,0.0026939580512231887
Age_Child_Language,gu1,FC,theta,Elastic Net,15,0.4921075141694753,0.01938746571130104,0.1191026827012026,0.0765494912118409,0.09460227272727273,0.06960227272727273,0.8772808309167585,0.007554235778064355
Age_Child_Language,gu1,FC,alpha,Linear SVM,15,0.4602109780241028,0.010234454004334342,0.18293246993524515,0.012719703977798341,0.17599431818181815,0.01775568181818181,0.8825134173949156,0.001090463298662303
Age_Child_Language,gu1,FC,alpha,Random Forest,15,0.593743107568129,0.01637522225495064,0.21577243293246992,0.06683626271970397,0.23428030303030303,0.0634469696969697,0.8830234138861752,0.008771657217303996
Age_Child_Language,gu1,FC,alpha,Elastic Net,15,0.4866955421224233,0.01559783915041879,0.10730804810360776,0.020351526364477332,0.13645833333333332,0.023958333333333325,0.8762553849690304,0.002959548370883136
Age_Child_Language,gu1,FC,beta,Linear SVM,15,0.563471399340052,0.0836864991015436,0.09690101757631822,0.01179463459759482,0.08732638888888888,0.009548611111111112,0.8745757680231169,0.004180249885661014
Age_Child_Language,gu1,FC,beta,Random Forest,15,0.48943513175390163,0.013363960199739067,0.15032377428307123,0.019888991674375578,0.1154513888888889,0.0001736111111111105,0.874190388571807,0.0014271334272938918
Age_Child_Language,gu1,FC,beta,Elastic Net,15,0.5452695700336428,0.00617436111333769,0.16211840888066606,0.07701202590194266,0.198989898989899,0.1101010101010101,0.8828694214917113,0.010937319121832823
Age_Child_Language,gu1,FC,highbeta,Linear SVM,15,0.511862662849875,0.005434260514522615,0.19380203515263644,0.02358926919518964,0.18150252525252525,0.01622474747474746,0.8815645702299731,0.0037648958039216973
Age_Child_Language,gu1,FC,highbeta,Random Forest,15,0.49976597716561155,0.018875203657098938,0.1070767807585569,0.04185938945420906,0.09131944444444445,0.04131944444444446,0.8693801992966844,0.00523898197029371
Age_Child_Language,gu1,FC,highbeta,Elastic Net,15,0.4992805256225544,0.017566145749148943,0.14014801110083255,0.033765032377428304,0.1339330808080808,0.007544191919191923,0.8765178888681553,0.0027481578080325586
Age_Child_Language,gu1,FC,gamma,Linear SVM,15,0.49217018609274876,0.0007768404490306469,0.11864014801110084,0.033533765032377434,0.125,0.03125,0.8771801704481472,0.004300265212326959
Age_Child_Language,gu1,FC,gamma,Random Forest,15,0.46429290552199615,0.009249155353585226,0.08580018501387604,0.020582793709528216,0.06332070707070707,0.01445707070707071,0.8662640550095186,0.00391078639822684
Age_Child_Language,gu1,FC,gamma,Elastic Net,15,0.4457261103124273,0.01185747774153223,0.10777058279370952,0.022664199814986123,0.11875,0.024999999999999994,0.8774399369572518,0.00241844189823881
Age_Child_Language,gu1,PSD,delta,Linear SVM,15,0.4664120772003476,0.021115675511535814,0.12950971322849214,0.04440333024976874,0.12542613636363636,0.031676136363636365,0.8751629787495143,0.004919676613949875
Age_Child_Language,gu1,PSD,delta,Random Forest,15,0.592830302657118,0.011720008038920593,0.19380203515263644,0.02358926919518964,0.17029671717171718,0.01890782828282829,0.8816318540315968,0.002018397799014471
Age_Child_Language,gu1,PSD,delta,Elastic Net,15,0.4915851633686247,0.02390974479516983,0.15078630897317297,0.023126734505087884,0.12910353535353536,0.008964646464646467,0.8790612604895089,0.0004999392578268758
Age_Child_Language,gu1,PSD,theta,Linear SVM,15,0.5317385405562409,0.05956837719082447,0.18293246993524515,0.012719703977798341,0.14624368686868686,0.0031881313131313094,0.8834686407979555,0.0028442810256497086
Age_Child_Language,gu1,PSD,theta,Random Forest,15,0.5276767393827235,0.004773948034266784,0.18270120259019426,0.008788159111933397,0.1930082070707071,0.0027304292929292845,0.8829181349939496,0.0026939580512231887
Age_Child_Language,gu1,PSD,theta,Elastic Net,15,0.4921075141694753,0.01938746571130104,0.1191026827012026,0.0765494912118409,0.09460227272727273,0.06960227272727273,0.8772808309167585,0.007554235778064355
Age_Child_Language,gu1,PSD,alpha,Linear SVM,15,0.4602109780241028,0.010234454004334342,0.18293246993524515,0.012719703977798341,0.17599431818181815,0.01775568181818181,0.8825134173949156,0.001090463298662303
Age_Child_Language,gu1,PSD,alpha,Random Forest,15,0.593743107568129,0.01637522225495064,0.21577243293246992,0.06683626271970397,0.23428030303030303,0.0634469696969697,0.8830234138861752,0.008771657217303996
Age_Child_Language,gu1,PSD,alpha,Elastic Net,15,0.4866955421224233,0.01559783915041879,0.10730804810360776,0.020351526364477332,0.13645833333333332,0.023958333333333325,0.8762553849690304,0.002959548370883136
Age_Child_Language,gu1,PSD,beta,Linear SVM,15,0.563471399340052,0.0836864991015436,0.09690101757631822,0.01179463459759482,0.08732638888888888,0.009548611111111112,0.8745757680231169,0.004180249885661014
Age_Child_Language,gu1,PSD,beta,Random Forest,15,0.48943513175390163,0.013363960199739067,0.15032377428307123,0.019888991674375578,0.1154513888888889,0.0001736111111111105,0.874190388571807,0.0014271334272938918
Age_Child_Language,gu1,PSD,beta,Elastic Net,15,0.5452695700336428,0.00617436111333769,0.16211840888066606,0.07701202590194266,0.198989898989899,0.1101010101010101,0.8828694214917113,0.010937319121832823
Age_Child_Language,gu1,PSD,highbeta,Linear SVM,15,0.511862662849875,0.005434260514522615,0.19380203515263644,0.02358926919518964,0.18150252525252525,0.01622474747474746,0.8815645702299731,0.0037648958039216973
Age_Child_Language,gu1,PSD,highbeta,Random Forest,15,0.49976597716561155,0.018875203657098938,0.1070767807585569,0.04185938945420906,0.09131944444444445,0.04131944444444446,0.8693801992966844,0.00523898197029371
Age_Child_Language,gu1,PSD,highbeta,Elastic Net,15,0.4992805256225544,0.017566145749148943,0.14014801110083255,0.033765032377428304,0.1339330808080808,0.007544191919191923,0.8765178888681553,0.0027481578080325586
Age_Child_Language,gu1,PSD,gamma,Linear SVM,15,0.49217018609274876,0.0007768404490306469,0.11864014801110084,0.033533765032377434,0.125,0.03125,0.8771801704481472,0.004300265212326959
Age_Child_Language,gu1,PSD,gamma,Random Forest,15,0.46429290552199615,0.009249155353585226,0.08580018501387604,0.020582793709528216,0.06332070707070707,0.01445707070707071,0.8662640550095186,0.00391078639822684
Age_Child_Language,gu1,PSD,gamma,Elastic Net,15,0.4457261103124273,0.01185747774153223,0.10777058279370952,0.022664199814986123,0.11875,0.024999999999999994,0.8774399369572518,0.00241844189823881
Age_Child_Language,gu1,PSD_FC,delta,Linear SVM,15,0.4664120772003476,0.021115675511535814,0.12950971322849214,0.04440333024976874,0.12542613636363636,0.031676136363636365,0.8751629787495143,0.004919676613949875
Age_Child_Language,gu1,PSD_FC,delta,Random Forest,15,0.592830302657118,0.011720008038920593,0.19380203515263644,0.02358926919518964,0.17029671717171718,0.01890782828282829,0.8816318540315968,0.002018397799014471
Age_Child_Language,gu1,PSD_FC,delta,Elastic Net,15,0.4915851633686247,0.02390974479516983,0.15078630897317297,0.023126734505087884,0.12910353535353536,0.008964646464646467,0.8790612604895089,0.0004999392578268758
Age_Child_Language,gu1,PSD_FC,theta,Linear SVM,15,0.5317385405562409,0.05956837719082447,0.18293246993524515,0.012719703977798341,0.14624368686868686,0.0031881313131313094,0.8834686407979555,0.0028442810256497086
Age_Child_Language,gu1,PSD_FC,theta,Random Forest,15,0.5276767393827235,0.004773948034266784,0.18270120259019426,0.008788159111933397,0.1930082070707071,0.0027304292929292845,0.8829181349939496,0.0026939580512231887
Age_Child_Language,gu1,PSD_FC,theta,Elastic Net,15,0.4921075141694753,0.01938746571130104,0.1191026827012026,0.0765494912118409,0.09460227272727273,0.06960227272727273,0.8772808309167585,0.007554235778064355
Age_Child_Language,gu1,PSD_FC,alpha,Linear SVM,15,0.4602109780241028,0.010234454004334342,0.18293246993524515,0.012719703977798341,0.17599431818181815,0.01775568181818181,0.8825134173949156,0.001090463298662303
Age_Child_Language,gu1,PSD_FC,alpha,Random Forest,15,0.593743107568129,0.01637522225495064,0.21577243293246992,0.06683626271970397,0.23428030303030303,0.0634469696969697,0.8830234138861752,0.008771657217303996
Age_Child_Language,gu1,PSD_FC,alpha,Elastic Net,15,0.4866955421224233,0.01559783915041879,0.10730804810360776,0.020351526364477332,0.13645833333333332,0.023958333333333325,0.8762553849690304,0.002959548370883136
Age_Child_Language,gu1,PSD_FC,beta,Linear SVM,15,0.563471399340052,0.0836864991015436,0.09690101757631822,0.01179463459759482,0.08732638888888888,0.009548611111111112,0.8745757680231169,0.004180249885661014
Age_Child_Language,gu1,PSD_FC,beta,Random Forest,15,0.48943513175390163,0.013363960199739067,0.15032377428307123,0.019888991674375578,0.1154513888888889,0.0001736111111111105,0.874190388571807,0.0014271334272938918
Age_Child_Language,gu1,PSD_FC,beta,Elastic Net,15,0.5452695700336428,0.00617436111333769,0.16211840888066606,0.07701202590194266,0.198989898989899,0.1101010101010101,0.8828694214917113,0.010937319121832823
Age_Child_Language,gu1,PSD_FC,highbeta,Linear SVM,15,0.511862662849875,0.005434260514522615,0.19380203515263644,0.02358926919518964,0.18150252525252525,0.01622474747474746,0.8815645702299731,0.0037648958039216973
Age_Child_Language,gu1,PSD_FC,highbeta,Random Forest,15,0.49976597716561155,0.018875203657098938,0.1070767807585569,0.04185938945420906,0.09131944444444445,0.04131944444444446,0.8693801992966844,0.00523898197029371
Age_Child_Language,gu1,PSD_FC,highbeta,Elastic Net,15,0.4992805256225544,0.017566145749148943,0.14014801110083255,0.033765032377428304,0.1339330808080808,0.007544191919191923,0.8765178888681553,0.0027481578080325586
Age_Child_Language,gu1,PSD_FC,gamma,Linear SVM,15,0.49217018609274876,0.0007768404490306469,0.11864014801110084,0.033533765032377434,0.125,0.03125,0.8771801704481472,0.004300265212326959
Age_Child_Language,gu1,PSD_FC,gamma,Random Forest,15,0.46429290552199615,0.009249155353585226,0.08580018501387604,0.020582793709528216,0.06332070707070707,0.01445707070707071,0.8662640550095186,0.00391078639822684
Age_Child_Language,gu1,PSD_FC,gamma,Elastic Net,15,0.4457261103124273,0.01185747774153223,0.10777058279370952,0.022664199814986123,0.11875,0.024999999999999994,0.8774399369572518,0.00241844189823881
Age_Group,gu2,FC,delta,Linear SVM,15,0.5964740801172723,0.04226996483281198,0.4133333333333334,0.06182412330330471,0.3808712121212121,0.06812750576770109,0.8046110674222803,0.015739005682319084
Age_Group,gu2,FC,delta,Random Forest,15,0.6206088032189863,0.05275111764821787,0.36,0.09521904571390467,0.339702380952381,0.10138965252027174,0.7843581959611707,0.03219318780209532
Age_Group,gu2,FC,delta,Elastic Net,15,0.613169490165314,0.03113119967223952,0.4333333333333333,0.0596284793999944,0.40229978354978346,0.042965705315608886,0.8121469956435632,0.01563210916474831
Age_Group,gu2,FC,theta,Linear SVM,15,0.5935794105758636,0.0523055253923519,0.3666666666666667,0.029814239699997216,0.3611399711399711,0.054885497972122506,0.7874691799428641,0.012958322443067282
Age_Group,gu2,FC,theta,Random Forest,15,0.5775062713655105,0.04503953729583041,0.36666666666666664,0.055777335102271716,0.34158189033189035,0.05841499093268906,0.7841302366588409,0.018717221827081985
Age_Group,gu2,FC,theta,Elastic Net,15,0.6284953604451317,0.029816796935702723,0.39333333333333337,0.06463573143221772,0.3761471861471861,0.07766108626173784,0.7970258616288366,0.022892946759736556
Age_Group,gu2,FC,alpha,Linear SVM,15,0.6613631887711406,0.09194112622312237,0.39333333333333337,0.08273115763993905,0.41749098124098116,0.11331734299853775,0.7990807000017527,0.032683037846003744
Age_Group,gu2,FC,alpha,Random Forest,15,0.6104549095630618,0.061456469990046364,0.37333333333333335,0.05734883511361752,0.351926406926407,0.055936088294152,0.788634397257967,0.015781067604426442
Age_Group,gu2,FC,alpha,Elastic Net,15,0.6547449890392683,0.09120977516993678,0.35333333333333333,0.08326663997864532,0.3534289321789322,0.09874587420262661,0.7845946349607675,0.03274037414321174
Age_Group,gu2,FC,beta,Linear SVM,15,0.6684730450497041,0.06053483232982146,0.38,0.07774602526460402,0.35474386724386725,0.07897409204960365,0.7872460758158699,0.02794016161426614
Age_Group,gu2,FC,beta,Random Forest,15,0.5722265348823987,0.0370142194760424,0.30000000000000004,0.06324555320336758,0.2904743867243867,0.06881165742172488,0.7634967949670466,0.01810072108499373
Age_Group,gu2,FC,beta,Elastic Net,15,0.6704985692564068,0.06143754163165977,0.3866666666666667,0.0618241233033047,0.3681727994227994,0.05740913081336514,0.7925693189343075,0.020825898328330754
Age_Group,gu2,FC,highbeta,Linear SVM,15,0.6513250435173775,0.012631848314183135,0.4333333333333334,0.06324555320336758,0.4317947330447331,0.060704992573206995,0.81124449311177,0.021444699989472415
Age_Group,gu2,FC,highbeta,Random Forest,15,0.6039155755084816,0.04365488356523356,0.3866666666666667,0.03399346342395192,0.37827020202020195,0.04912603243934708,0.7902489002225844,0.014341637198680247
Age_Group,gu2,FC,highbeta,Elastic Net,15,0.655764573262571,0.02005681150460806,0.38,0.016329931618554547,0.3602290764790764,0.013847243414274908,0.7942702423434689,0.00648067508405599
Age_Group,gu2,FC,gamma,Linear SVM,15,0.6483980599407373,0.03997866299603939,0.4133333333333333,0.0498887651569859,0.4034487734487734,0.0407501756003105,0.8018107441757326,0.01720603548091354
Age_Group,gu2,FC,gamma,Random Forest,15,0.6626153269541715,0.059264480054323075,0.4533333333333334,0.0618241233033047,0.42332972582972583,0.05112119854737595,0.8149213665815497,0.022492903166861963
Age_Group,gu2,FC,gamma,Elastic Net,15,0.6661401365331,0.025097018404026013,0.4,0.04714045207910318,0.39650072150072146,0.035437006200389594,0.7963642703596937,0.015141873579623806
Age_Group,gu2,PSD,delta,Linear SVM,15,0.5964740801172723,0.04226996483281198,0.4133333333333334,0.06182412330330471,0.3808712121212121,0.06812750576770109,0.8046110674222803,0.015739005682319084
Age_Group,gu2,PSD,delta,Random Forest,15,0.6206088032189863,0.05275111764821787,0.36,0.09521904571390467,0.339702380952381,0.10138965252027174,0.7843581959611707,0.03219318780209532
Age_Group,gu2,PSD,delta,Elastic Net,15,0.613169490165314,0.03113119967223952,0.4333333333333333,0.0596284793999944,0.40229978354978346,0.042965705315608886,0.8121469956435632,0.01563210916474831
Age_Group,gu2,PSD,theta,Linear SVM,15,0.5935794105758636,0.0523055253923519,0.3666666666666667,0.029814239699997216,0.3611399711399711,0.054885497972122506,0.7874691799428641,0.012958322443067282
Age_Group,gu2,PSD,theta,Random Forest,15,0.5775062713655105,0.04503953729583041,0.36666666666666664,0.055777335102271716,0.34158189033189035,0.05841499093268906,0.7841302366588409,0.018717221827081985
Age_Group,gu2,PSD,theta,Elastic Net,15,0.6284953604451317,0.029816796935702723,0.39333333333333337,0.06463573143221772,0.3761471861471861,0.07766108626173784,0.7970258616288366,0.022892946759736556
Age_Group,gu2,PSD,alpha,Linear SVM,15,0.6613631887711406,0.09194112622312237,0.39333333333333337,0.08273115763993905,0.41749098124098116,0.11331734299853775,0.7990807000017527,0.032683037846003744
Age_Group,gu2,PSD,alpha,Random Forest,15,0.6104549095630618,0.061456469990046364,0.37333333333333335,0.05734883511361752,0.351926406926407,0.055936088294152,0.788634397257967,0.015781067604426442
Age_Group,gu2,PSD,alpha,Elastic Net,15,0.6547449890392683,0.09120977516993678,0.35333333333333333,0.08326663997864532,0.3534289321789322,0.09874587420262661,0.7845946349607675,0.03274037414321174
Age_Group,gu2,PSD,beta,Linear SVM,15,0.6684730450497041,0.06053483232982146,0.38,0.07774602526460402,0.35474386724386725,0.07897409204960365,0.7872460758158699,0.02794016161426614
Age_Group,gu2,PSD,beta,Random Forest,15,0.5722265348823987,0.0370142194760424,0.30000000000000004,0.06324555320336758,0.2904743867243867,0.06881165742172488,0.7634967949670466,0.01810072108499373
Age_Group,gu2,PSD,beta,Elastic Net,15,0.6704985692564068,0.06143754163165977,0.3866666666666667,0.0618241233033047,0.3681727994227994,0.05740913081336514,0.7925693189343075,0.020825898328330754
Age_Group,gu2,PSD,highbeta,Linear SVM,15,0.6513250435173775,0.012631848314183135,0.4333333333333334,0.06324555320336758,0.4317947330447331,0.060704992573206995,0.81124449311177,0.021444699989472415
Age_Group,gu2,PSD,highbeta,Random Forest,15,0.6039155755084816,0.04365488356523356,0.3866666666666667,0.03399346342395192,0.37827020202020195,0.04912603243934708,0.7902489002225844,0.014341637198680247
Age_Group,gu2,PSD,highbeta,Elastic Net,15,0.655764573262571,0.02005681150460806,0.38,0.016329931618554547,0.3602290764790764,0.013847243414274908,0.7942702423434689,0.00648067508405599
Age_Group,gu2,PSD,gamma,Linear SVM,15,0.6483980599407373,0.03997866299603939,0.4133333333333333,0.0498887651569859,0.4034487734487734,0.0407501756003105,0.8018107441757326,0.01720603548091354
Age_Group,gu2,PSD,gamma,Random Forest,15,0.6626153269541715,0.059264480054323075,0.4533333333333334,0.0618241233033047,0.42332972582972583,0.05112119854737595,0.8149213665815497,0.022492903166861963
Age_Group,gu2,PSD,gamma,Elastic Net,15,0.6661401365331,0.025097018404026013,0.4,0.04714045207910318,0.39650072150072146,0.035437006200389594,0.7963642703596937,0.015141873579623806
Age_Group,gu2,PSD_FC,delta,Linear SVM,15,0.5964740801172723,0.04226996483281198,0.4133333333333334,0.06182412330330471,0.3808712121212121,0.06812750576770109,0.8046110674222803,0.015739005682319084
Age_Group,gu2,PSD_FC,delta,Random Forest,15,0.6206088032189863,0.05275111764821787,0.36,0.09521904571390467,0.339702380952381,0.10138965252027174,0.7843581959611707,0.03219318780209532
Age_Group,gu2,PSD_FC,delta,Elastic Net,15,0.613169490165314,0.03113119967223952,0.4333333333333333,0.0596284793999944,0.40229978354978346,0.042965705315608886,0.8121469956435632,0.01563210916474831
Age_Group,gu2,PSD_FC,theta,Linear SVM,15,0.5935794105758636,0.0523055253923519,0.3666666666666667,0.029814239699997216,0.3611399711399711,0.054885497972122506,0.7874691799428641,0.012958322443067282
Age_Group,gu2,PSD_FC,theta,Random Forest,15,0.5775062713655105,0.04503953729583041,0.36666666666666664,0.055777335102271716,0.34158189033189035,0.05841499093268906,0.7841302366588409,0.018717221827081985
Age_Group,gu2,PSD_FC,theta,Elastic Net,15,0.6284953604451317,0.029816796935702723,0.39333333333333337,0.06463573143221772,0.3761471861471861,0.07766108626173784,0.7970258616288366,0.022892946759736556
Age_Group,gu2,PSD_FC,alpha,Linear SVM,15,0.6613631887711406,0.09194112622312237,0.39333333333333337,0.08273115763993905,0.41749098124098116,0.11331734299853775,0.7990807000017527,0.032683037846003744
Age_Group,gu2,PSD_FC,alpha,Random Forest,15,0.6104549095630618,0.061456469990046364,0.37333333333333335,0.05734883511361752,0.351926406926407,0.055936088294152,0.788634397257967,0.015781067604426442
Age_Group,gu2,PSD_FC,alpha,Elastic Net,15,0.6547449890392683,0.09120977516993678,0.35333333333333333,0.08326663997864532,0.3534289321789322,0.09874587420262661,0.7845946349607675,0.03274037414321174
Age_Group,gu2,PSD_FC,beta,Linear SVM,15,0.6684730450497041,0.06053483232982146,0.38,0.07774602526460402,0.35474386724386725,0.07897409204960365,0.7872460758158699,0.02794016161426614
Age_Group,gu2,PSD_FC,beta,Random Forest,15,0.5722265348823987,0.0370142194760424,0.30000000000000004,0.06324555320336758,0.2904743867243867,0.06881165742172488,0.7634967949670466,0.01810072108499373
Age_Group,gu2,PSD_FC,beta,Elastic Net,15,0.6704985692564068,0.06143754163165977,0.3866666666666667,0.0618241233033047,0.3681727994227994,0.05740913081336514,0.7925693189343075,0.020825898328330754
Age_Group,gu2,PSD_FC,highbeta,Linear SVM,15,0.6513250435173775,0.012631848314183135,0.4333333333333334,0.06324555320336758,0.4317947330447331,0.060704992573206995,0.81124449311177,0.021444699989472415
Age_Group,gu2,PSD_FC,highbeta,Random Forest,15,0.6039155755084816,0.04365488356523356,0.3866666666666667,0.03399346342395192,0.37827020202020195,0.04912603243934708,0.7902489002225844,0.014341637198680247
Age_Group,gu2,PSD_FC,highbeta,Elastic Net,15,0.655764573262571,0.02005681150460806,0.38,0.016329931618554547,0.3602290764790764,0.013847243414274908,0.7942702423434689,0.00648067508405599
Age_Group,gu2,PSD_FC,gamma,Linear SVM,15,0.6483980599407373,0.03997866299603939,0.4133333333333333,0.0498887651569859,0.4034487734487734,0.0407501756003105,0.8018107441757326,0.01720603548091354
Age_Group,gu2,PSD_FC,gamma,Random Forest,15,0.6626153269541715,0.059264480054323075,0.4533333333333334,0.0618241233033047,0.42332972582972583,0.05112119854737595,0.8149213665815497,0.022492903166861963
Age_Group,gu2,PSD_FC,gamma,Elastic Net,15,0.6661401365331,0.025097018404026013,0.4,0.04714045207910318,0.39650072150072146,0.035437006200389594,0.7963642703596937,0.015141873579623806
Language,gu2,FC,delta,Linear SVM,15,0.473588918935593,0.07969626244261709,0.24000000000000005,0.04422166387140533,0.2036401098901099,0.06637366332962365,0.7414851218871084,0.012383258750543396
Language,gu2,FC,delta,Random Forest,15,0.6166179588474184,0.04312734129259222,0.44666666666666666,0.061824123303304696,0.35254120879120876,0.04040691897378456,0.8032928603498097,0.02291154495470249
Language,gu2,FC,delta,Elastic Net,15,0.5010646139897231,0.07348028745453983,0.24666666666666665,0.05811865258054231,0.209271978021978,0.0751232358096177,0.7485381950926752,0.01878753756609985
Language,gu2,FC,theta,Linear SVM,15,0.5314953071005192,0.04460362976025782,0.2533333333333333,0.03399346342395189,0.2417582417582417,0.05267995936392425,0.7569993710650404,0.017217459254951807
Language,gu2,FC,theta,Random Forest,15,0.5812703619331325,0.02194771209357212,0.36666666666666664,0.04216370213557841,0.300206043956044,0.04407414594224807,0.7715720897190824,0.02170561665468697
Language,gu2,FC,theta,Elastic Net,15,0.4957490172485156,0.034676580347306696,0.2533333333333333,0.06531972647421808,0.24107142857142855,0.08587582077282636,0.7495665853570541,0.017015670662876733
Language,gu2,FC,alpha,Linear SVM,15,0.5074113480222926,0.07781169510619851,0.23333333333333334,0.0699205898780101,0.19711538461538464,0.04461431885805517,0.7424987444207614,0.027850913352929673
Language,gu2,FC,alpha,Random Forest,15,0.5449124888197171,0.027719358305876286,0.24666666666666667,0.03399346342395189,0.20123626373626377,0.03989551131958674,0.7243083755582103,0.0056747571424174996
Language,gu2,FC,alpha,Elastic Net,15,0.48239259555375397,0.057617015783123234,0.21999999999999997,0.07483314773547882,0.19237637362637364,0.05466075141120528,0.7362673025118457,0.030894576714714184
Language,gu2,FC,beta,Linear SVM,15,0.4375940540465355,0.09205877971434828,0.23333333333333334,0.055777335102271695,0.27163461538461536,0.13800878248499251,0.7537293137235812,0.014831570934150199
Language,gu2,FC,beta,Random Forest,15,0.47526703697186934,0.08180057823012635,0.24,0.057348835113617505,0.22946428571428573,0.12727732454730425,0.7250994584831343,0.020812635219876897
Language,gu2,FC,beta,Elastic Net,15,0.5512102328507544,0.07253178163166912,0.29333333333333333,0.044221663871405324,0.3203983516483516,0.12028842310766157,0.7686978046977275,0.02018557019709709
Language,gu2,FC,highbeta,Linear SVM,15,0.5171707631650914,0.07662162636327115,0.2866666666666666,0.04988876515698588,0.248489010989011,0.08064035047208287,0.7568151896168034,0.020313803135657237
Language,gu2,FC,highbeta,Random Forest,15,0.5137238060962319,0.06452786026942235,0.3866666666666667,0.05811865258054233,0.37094780219780216,0.06054342972797842,0.7798837522606152,0.02346213004969
Language,gu2,FC,highbeta,Elastic Net,15,0.5981430799665983,0.031019019401798808,0.3,0.06324555320336757,0.31160714285714286,0.11017553933910741,0.7589122682260855,0.02381635028065898
Language,gu2,FC,gamma,Linear SVM,15,0.46262279327626243,0.04985070131437611,0.3,0.08692269873603532,0.2651785714285714,0.12235811609306405,0.7558940962578298,0.023845719619457764
Language,gu2,FC,gamma,Random Forest,15,0.48842392002289536,0.08041561593379215,0.2733333333333333,0.06798692684790378,0.21332417582417582,0.07744908216279231,0.737651614414336,0.029283162348789853
Language,gu2,FC,gamma,Elastic Net,15,0.5324296639675257,0.06512363279534669,0.24,0.0771722460186015,0.2521291208791209,0.11038701185458931,0.740961364953505,0.03297153496322104
Language,gu2,PSD,delta,Linear SVM,15,0.473588918935593,0.07969626244261709,0.24000000000000005,0.04422166387140533,0.2036401098901099,0.06637366332962365,0.7414851218871084,0.012383258750543396
Language,gu2,PSD,delta,Random Forest,15,0.6166179588474184,0.04312734129259222,0.44666666666666666,0.061824123303304696,0.35254120879120876,0.04040691897378456,0.8032928603498097,0.02291154495470249
Language,gu2,PSD,delta,Elastic Net,15,0.5010646139897231,0.07348028745453983,0.24666666666666665,0.05811865258054231,0.209271978021978,0.0751232358096177,0.7485381950926752,0.01878753756609985
Language,gu2,PSD,theta,Linear SVM,15,0.5314953071005192,0.04460362976025782,0.2533333333333333,0.03399346342395189,0.2417582417582417,0.05267995936392425,0.7569993710650404,0.017217459254951807
Language,gu2,PSD,theta,Random Forest,15,0.5812703619331325,0.02194771209357212,0.36666666666666664,0.04216370213557841,0.300206043956044,0.04407414594224807,0.7715720897190824,0.02170561665468697
Language,gu2,PSD,theta,Elastic Net,15,0.4957490172485156,0.034676580347306696,0.2533333333333333,0.06531972647421808,0.24107142857142855,0.08587582077282636,0.7495665853570541,0.017015670662876733
Language,gu2,PSD,alpha,Linear SVM,15,0.5074113480222926,0.07781169510619851,0.23333333333333334,0.0699205898780101,0.19711538461538464,0.04461431885805517,0.7424987444207614,0.027850913352929673
Language,gu2,PSD,alpha,Random Forest,15,0.5449124888197171,0.027719358305876286,0.24666666666666667,0.03399346342395189,0.20123626373626377,0.03989551131958674,0.7243083755582103,0.0056747571424174996
Language,gu2,PSD,alpha,Elastic Net,15,0.48239259555375397,0.057617015783123234,0.21999999999999997,0.07483314773547882,0.19237637362637364,0.05466075141120528,0.7362673025118457,0.030894576714714184
Language,gu2,PSD,beta,Linear SVM,15,0.4375940540465355,0.09205877971434828,0.23333333333333334,0.055777335102271695,0.27163461538461536,0.13800878248499251,0.7537293137235812,0.014831570934150199
Language,gu2,PSD,beta,Random Forest,15,0.47526703697186934,0.08180057823012635,0.24,0.057348835113617505,0.22946428571428573,0.12727732454730425,0.7250994584831343,0.020812635219876897
Language,gu2,PSD,beta,Elastic Net,15,0.5512102328507544,0.07253178163166912,0.29333333333333333,0.044221663871405324,0.3203983516483516,0.12028842310766157,0.7686978046977275,0.02018557019709709
Language,gu2,PSD,highbeta,Linear SVM,15,0.5171707631650914,0.07662162636327115,0.2866666666666666,0.04988876515698588,0.248489010989011,0.08064035047208287,0.7568151896168034,0.020313803135657237
Language,gu2,PSD,highbeta,Random Forest,15,0.5137238060962319,0.06452786026942235,0.3866666666666667,0.05811865258054233,0.37094780219780216,0.06054342972797842,0.7798837522606152,0.02346213004969
Language,gu2,PSD,highbeta,Elastic Net,15,0.5981430799665983,0.031019019401798808,0.3,0.06324555320336757,0.31160714285714286,0.11017553933910741,0.7589122682260855,0.02381635028065898
Language,gu2,PSD,gamma,Linear SVM,15,0.46262279327626243,0.04985070131437611,0.3,0.08692269873603532,0.2651785714285714,0.12235811609306405,0.7558940962578298,0.023845719619457764
Language,gu2,PSD,gamma,Random Forest,15,0.48842392002289536,0.08041561593379215,0.2733333333333333,0.06798692684790378,0.21332417582417582,0.07744908216279231,0.737651614414336,0.029283162348789853
Language,gu2,PSD,gamma,Elastic Net,15,0.5324296639675257,0.06512363279534669,0.24,0.0771722460186015,0.2521291208791209,0.11038701185458931,0.740961364953505,0.03297153496322104
Language,gu2,PSD_FC,delta,Linear SVM,15,0.473588918935593,0.07969626244261709,0.24000000000000005,0.04422166387140533,0.2036401098901099,0.06637366332962365,0.7414851218871084,0.012383258750543396
Language,gu2,PSD_FC,delta,Random Forest,15,0.6166179588474184,0.04312734129259222,0.44666666666666666,0.061824123303304696,0.35254120879120876,0.04040691897378456,0.8032928603498097,0.02291154495470249
Language,gu2,PSD_FC,delta,Elastic Net,15,0.5010646139897231,0.07348028745453983,0.24666666666666665,0.05811865258054231,0.209271978021978,0.0751232358096177,0.7485381950926752,0.01878753756609985
Language,gu2,PSD_FC,theta,Linear SVM,15,0.5314953071005192,0.04460362976025782,0.2533333333333333,0.03399346342395189,0.2417582417582417,0.05267995936392425,0.7569993710650404,0.017217459254951807
Language,gu2,PSD_FC,theta,Random Forest,15,0.5812703619331325,0.02194771209357212,0.36666666666666664,0.04216370213557841,0.300206043956044,0.04407414594224807,0.7715720897190824,0.02170561665468697
Language,gu2,PSD_FC,theta,Elastic Net,15,0.4957490172485156,0.034676580347306696,0.2533333333333333,0.06531972647421808,0.24107142857142855,0.08587582077282636,0.7495665853570541,0.017015670662876733
Language,gu2,PSD_FC,alpha,Linear SVM,15,0.5074113480222926,0.07781169510619851,0.23333333333333334,0.0699205898780101,0.19711538461538464,0.04461431885805517,0.7424987444207614,0.027850913352929673
Language,gu2,PSD_FC,alpha,Random Forest,15,0.5449124888197171,0.027719358305876286,0.24666666666666667,0.03399346342395189,0.20123626373626377,0.03989551131958674,0.7243083755582103,0.0056747571424174996
Language,gu2,PSD_FC,alpha,Elastic Net,15,0.48239259555375397,0.057617015783123234,0.21999999999999997,0.07483314773547882,0.19237637362637364,0.05466075141120528,0.7362673025118457,0.030894576714714184
Language,gu2,PSD_FC,beta,Linear SVM,15,0.4375940540465355,0.09205877971434828,0.23333333333333334,0.055777335102271695,0.27163461538461536,0.13800878248499251,0.7537293137235812,0.014831570934150199
Language,gu2,PSD_FC,beta,Random Forest,15,0.47526703697186934,0.08180057823012635,0.24,0.057348835113617505,0.22946428571428573,0.12727732454730425,0.7250994584831343,0.020812635219876897
Language,gu2,PSD_FC,beta,Elastic Net,15,0.5512102328507544,0.07253178163166912,0.29333333333333333,0.044221663871405324,0.3203983516483516,0.12028842310766157,0.7686978046977275,0.02018557019709709
Language,gu2,PSD_FC,highbeta,Linear SVM,15,0.5171707631650914,0.07662162636327115,0.2866666666666666,0.04988876515698588,0.248489010989011,0.08064035047208287,0.7568151896168034,0.020313803135657237
Language,gu2,PSD_FC,highbeta,Random Forest,15,0.5137238060962319,0.06452786026942235,0.3866666666666667,0.05811865258054233,0.37094780219780216,0.06054342972797842,0.7798837522606152,0.02346213004969
Language,gu2,PSD_FC,highbeta,Elastic Net,15,0.5981430799665983,0.031019019401798808,0.3,0.06324555320336757,0.31160714285714286,0.11017553933910741,0.7589122682260855,0.02381635028065898
Language,gu2,PSD_FC,gamma,Linear SVM,15,0.46262279327626243,0.04985070131437611,0.3,0.08692269873603532,0.2651785714285714,0.12235811609306405,0.7558940962578298,0.023845719619457764
Language,gu2,PSD_FC,gamma,Random Forest,15,0.48842392002289536,0.08041561593379215,0.2733333333333333,0.06798692684790378,0.21332417582417582,0.07744908216279231,0.737651614414336,0.029283162348789853
Language,gu2,PSD_FC,gamma,Elastic Net,15,0.5324296639675257,0.06512363279534669,0.24,0.0771722460186015,0.2521291208791209,0.11038701185458931,0.740961364953505,0.03297153496322104
Language_Tonal,gu2,FC,delta,Linear SVM,15,0.4381423723335488,0.12460171712676688,0.4533333333333333,0.09797958971132713,0.45896897220426636,0.09254004383940233,0.45896897220426636,0.09254004383940233
Language_Tonal,gu2,FC,delta,Random Forest,15,0.700751454427925,0.09208782249349075,0.6799999999999999,0.07180219742846009,0.6767816742081447,0.08251223382259777,0.6767816742081447,0.08251223382259777
Language_Tonal,gu2,FC,delta,Elastic Net,15,0.49193196509372983,0.14961539662451495,0.47333333333333333,0.118133634311129,0.4795289269553975,0.10748360253664588,0.4795289269553975,0.10748360253664588
Language_Tonal,gu2,FC,theta,Linear SVM,15,0.4558338720103426,0.07154422168435333,0.5666666666666667,0.04216370213557838,0.5673157724628313,0.04964798970540084,0.5673157724628313,0.04964798970540084
Language_Tonal,gu2,FC,theta,Random Forest,15,0.4970689237233355,0.07403777757040764,0.52,0.02666666666666666,0.5158734647705236,0.026429786042545974,0.5158734647705236,0.026429786042545974
Language_Tonal,gu2,FC,theta,Elastic Net,15,0.49849709114415,0.0348667204990126,0.5399999999999999,0.03265986323710903,0.5418148028442145,0.034559096047013634,0.5418148028442145,0.034559096047013634
Language_Tonal,gu2,FC,alpha,Linear SVM,15,0.3935641564318035,0.0523407010142492,0.5266666666666666,0.0573488351136175,0.5275048480930834,0.05568821965161218,0.5275048480930834,0.05568821965161218
Language_Tonal,gu2,FC,alpha,Random Forest,15,0.48851405946994186,0.057012076216480904,0.48666666666666664,0.09092121131323905,0.475206043956044,0.08008821925139196,0.475206043956044,0.08008821925139196
Language_Tonal,gu2,FC,alpha,Elastic Net,15,0.5329468325791855,0.10265338481838823,0.5266666666666666,0.04898979485566354,0.5219174208144797,0.04706735797434254,0.5219174208144797,0.04706735797434254
Language_Tonal,gu2,FC,beta,Linear SVM,15,0.4644836780866193,0.059776778559957125,0.5133333333333333,0.04521553322083511,0.5061893988364577,0.043574259575577444,0.5061893988364577,0.043574259575577444
Language_Tonal,gu2,FC,beta,Random Forest,15,0.4106213639301875,0.06496492921042574,0.4533333333333333,0.05416025603090639,0.4485496121525533,0.054978042970023705,0.4485496121525533,0.054978042970023705
Language_Tonal,gu2,FC,beta,Elastic Net,15,0.5291087588881707,0.055940534003018114,0.52,0.026666666666666658,0.5160350678733032,0.027050394804010613,0.5160350678733032,0.027050394804010613
Language_Tonal,gu2,FC,highbeta,Linear SVM,15,0.43477900775694894,0.08706914139699816,0.5133333333333333,0.10241527663824809,0.5179177440206851,0.09310462148886751,0.5179177440206851,0.09310462148886751
Language_Tonal,gu2,FC,highbeta,Random Forest,15,0.5166430995475112,0.08431284777369923,0.5066666666666667,0.10413666234542206,0.5003110859728508,0.10006383478826973,0.5003110859728508,0.10006383478826973
Language_Tonal,gu2,FC,highbeta,Elastic Net,15,0.5428167420814478,0.09384094868603729,0.5533333333333333,0.08326663997864528,0.557381221719457,0.08339615919020164,0.557381221719457,0.08339615919020164
Language_Tonal,gu2,FC,gamma,Linear SVM,15,0.4581609566903685,0.06442102948888408,0.5066666666666666,0.038873012632301994,0.5161562702003879,0.04142529031943446,0.5161562702003879,0.04142529031943446
Language_Tonal,gu2,FC,gamma,Random Forest,15,0.5003676470588236,0.07400722602741097,0.5,0.06992058987801009,0.4972850678733032,0.06496726450691327,0.4972850678733032,0.06496726450691327
Language_Tonal,gu2,FC,gamma,Elastic Net,15,0.552723012281836,0.07595256325202586,0.5266666666666667,0.05333333333333332,0.5300258564964448,0.05239674181990689,0.5300258564964448,0.05239674181990689
Language_Tonal,gu2,PSD,delta,Linear SVM,15,0.4381423723335488,0.12460171712676688,0.4533333333333333,0.09797958971132713,0.45896897220426636,0.09254004383940233,0.45896897220426636,0.09254004383940233
Language_Tonal,gu2,PSD,delta,Random Forest,15,0.700751454427925,0.09208782249349075,0.6799999999999999,0.07180219742846009,0.6767816742081447,0.08251223382259777,0.6767816742081447,0.08251223382259777
Language_Tonal,gu2,PSD,delta,Elastic Net,15,0.49193196509372983,0.14961539662451495,0.47333333333333333,0.118133634311129,0.4795289269553975,0.10748360253664588,0.4795289269553975,0.10748360253664588
Language_Tonal,gu2,PSD,theta,Linear SVM,15,0.4558338720103426,0.07154422168435333,0.5666666666666667,0.04216370213557838,0.5673157724628313,0.04964798970540084,0.5673157724628313,0.04964798970540084
Language_Tonal,gu2,PSD,theta,Random Forest,15,0.4970689237233355,0.07403777757040764,0.52,0.02666666666666666,0.5158734647705236,0.026429786042545974,0.5158734647705236,0.026429786042545974
Language_Tonal,gu2,PSD,theta,Elastic Net,15,0.49849709114415,0.0348667204990126,0.5399999999999999,0.03265986323710903,0.5418148028442145,0.034559096047013634,0.5418148028442145,0.034559096047013634
Language_Tonal,gu2,PSD,alpha,Linear SVM,15,0.3935641564318035,0.0523407010142492,0.5266666666666666,0.0573488351136175,0.5275048480930834,0.05568821965161218,0.5275048480930834,0.05568821965161218
Language_Tonal,gu2,PSD,alpha,Random Forest,15,0.48851405946994186,0.057012076216480904,0.48666666666666664,0.09092121131323905,0.475206043956044,0.08008821925139196,0.475206043956044,0.08008821925139196
Language_Tonal,gu2,PSD,alpha,Elastic Net,15,0.5329468325791855,0.10265338481838823,0.5266666666666666,0.04898979485566354,0.5219174208144797,0.04706735797434254,0.5219174208144797,0.04706735797434254
Language_Tonal,gu2,PSD,beta,Linear SVM,15,0.4644836780866193,0.059776778559957125,0.5133333333333333,0.04521553322083511,0.5061893988364577,0.043574259575577444,0.5061893988364577,0.043574259575577444
Language_Tonal,gu2,PSD,beta,Random Forest,15,0.4106213639301875,0.06496492921042574,0.4533333333333333,0.05416025603090639,0.4485496121525533,0.054978042970023705,0.4485496121525533,0.054978042970023705
Language_Tonal,gu2,PSD,beta,Elastic Net,15,0.5291087588881707,0.055940534003018114,0.52,0.026666666666666658,0.5160350678733032,0.027050394804010613,0.5160350678733032,0.027050394804010613
Language_Tonal,gu2,PSD,highbeta,Linear SVM,15,0.43477900775694894,0.08706914139699816,0.5133333333333333,0.10241527663824809,0.5179177440206851,0.09310462148886751,0.5179177440206851,0.09310462148886751
Language_Tonal,gu2,PSD,highbeta,Random Forest,15,0.5166430995475112,0.08431284777369923,0.5066666666666667,0.10413666234542206,0.5003110859728508,0.10006383478826973,0.5003110859728508,0.10006383478826973
Language_Tonal,gu2,PSD,highbeta,Elastic Net,15,0.5428167420814478,0.09384094868603729,0.5533333333333333,0.08326663997864528,0.557381221719457,0.08339615919020164,0.557381221719457,0.08339615919020164
Language_Tonal,gu2,PSD,gamma,Linear SVM,15,0.4581609566903685,0.06442102948888408,0.5066666666666666,0.038873012632301994,0.5161562702003879,0.04142529031943446,0.5161562702003879,0.04142529031943446
Language_Tonal,gu2,PSD,gamma,Random Forest,15,0.5003676470588236,0.07400722602741097,0.5,0.06992058987801009,0.4972850678733032,0.06496726450691327,0.4972850678733032,0.06496726450691327
Language_Tonal,gu2,PSD,gamma,Elastic Net,15,0.552723012281836,0.07595256325202586,0.5266666666666667,0.05333333333333332,0.5300258564964448,0.05239674181990689,0.5300258564964448,0.05239674181990689
Language_Tonal,gu2,PSD_FC,delta,Linear SVM,15,0.4381423723335488,0.12460171712676688,0.4533333333333333,0.09797958971132713,0.45896897220426636,0.09254004383940233,0.45896897220426636,0.09254004383940233
Language_Tonal,gu2,PSD_FC,delta,Random Forest,15,0.700751454427925,0.09208782249349075,0.6799999999999999,0.07180219742846009,0.6767816742081447,0.08251223382259777,0.6767816742081447,0.08251223382259777
Language_Tonal,gu2,PSD_FC,delta,Elastic Net,15,0.49193196509372983,0.14961539662451495,0.47333333333333333,0.118133634311129,0.4795289269553975,0.10748360253664588,0.4795289269553975,0.10748360253664588
Language_Tonal,gu2,PSD_FC,theta,Linear SVM,15,0.4558338720103426,0.07154422168435333,0.5666666666666667,0.04216370213557838,0.5673157724628313,0.04964798970540084,0.5673157724628313,0.04964798970540084
Language_Tonal,gu2,PSD_FC,theta,Random Forest,15,0.4970689237233355,0.07403777757040764,0.52,0.02666666666666666,0.5158734647705236,0.026429786042545974,0.5158734647705236,0.026429786042545974
Language_Tonal,gu2,PSD_FC,theta,Elastic Net,15,0.49849709114415,0.0348667204990126,0.5399999999999999,0.03265986323710903,0.5418148028442145,0.034559096047013634,0.5418148028442145,0.034559096047013634
Language_Tonal,gu2,PSD_FC,alpha,Linear SVM,15,0.3935641564318035,0.0523407010142492,0.5266666666666666,0.0573488351136175,0.5275048480930834,0.05568821965161218,0.5275048480930834,0.05568821965161218
Language_Tonal,gu2,PSD_FC,alpha,Random Forest,15,0.48851405946994186,0.057012076216480904,0.48666666666666664,0.09092121131323905,0.475206043956044,0.08008821925139196,0.475206043956044,0.08008821925139196
Language_Tonal,gu2,PSD_FC,alpha,Elastic Net,15,0.5329468325791855,0.10265338481838823,0.5266666666666666,0.04898979485566354,0.5219174208144797,0.04706735797434254,0.5219174208144797,0.04706735797434254
Language_Tonal,gu2,PSD_FC,beta,Linear SVM,15,0.4644836780866193,0.059776778559957125,0.5133333333333333,0.04521553322083511,0.5061893988364577,0.043574259575577444,0.5061893988364577,0.043574259575577444
Language_Tonal,gu2,PSD_FC,beta,Random Forest,15,0.4106213639301875,0.06496492921042574,0.4533333333333333,0.05416025603090639,0.4485496121525533,0.054978042970023705,0.4485496121525533,0.054978042970023705
Language_Tonal,gu2,PSD_FC,beta,Elastic Net,15,0.5291087588881707,0.055940534003018114,0.52,0.026666666666666658,0.5160350678733032,0.027050394804010613,0.5160350678733032,0.027050394804010613
Language_Tonal,gu2,PSD_FC,highbeta,Linear SVM,15,0.43477900775694894,0.08706914139699816,0.5133333333333333,0.10241527663824809,0.5179177440206851,0.09310462148886751,0.5179177440206851,0.09310462148886751
Language_Tonal,gu2,PSD_FC,highbeta,Random Forest,15,0.5166430995475112,0.08431284777369923,0.5066666666666667,0.10413666234542206,0.5003110859728508,0.10006383478826973,0.5003110859728508,0.10006383478826973
Language_Tonal,gu2,PSD_FC,highbeta,Elastic Net,15,0.5428167420814478,0.09384094868603729,0.5533333333333333,0.08326663997864528,0.557381221719457,0.08339615919020164,0.557381221719457,0.08339615919020164
Language_Tonal,gu2,PSD_FC,gamma,Linear SVM,15,0.4581609566903685,0.06442102948888408,0.5066666666666666,0.038873012632301994,0.5161562702003879,0.04142529031943446,0.5161562702003879,0.04142529031943446
Language_Tonal,gu2,PSD_FC,gamma,Random Forest,15,0.5003676470588236,0.07400722602741097,0.5,0.06992058987801009,0.4972850678733032,0.06496726450691327,0.4972850678733032,0.06496726450691327
Language_Tonal,gu2,PSD_FC,gamma,Elastic Net,15,0.552723012281836,0.07595256325202586,0.5266666666666667,0.05333333333333332,0.5300258564964448,0.05239674181990689,0.5300258564964448,0.05239674181990689
Age_Child_Language_Tonal,gu2,FC,delta,Linear SVM,15,0.4171302308802309,0.07119746367198737,0.29005847953216374,0.0913928636050821,0.29261904761904767,0.11111716253362398,0.7658793290043291,0.03248511924479759
Age_Child_Language_Tonal,gu2,FC,delta,Random Forest,15,0.5612373737373738,0.13505747968895687,0.36432748538011694,0.10722027262096692,0.355,0.11657224069900733,0.785146103896104,0.037301726856591555
Age_Child_Language_Tonal,gu2,FC,delta,Elastic Net,15,0.5574440836940837,0.05275643654633392,0.30116959064327486,0.0539154646625315,0.3092857142857143,0.05697719040771815,0.7685660173160173,0.01734893043584687
Age_Child_Language_Tonal,gu2,FC,theta,Linear SVM,15,0.47661796536796536,0.04780272171360027,0.21578947368421053,0.07674867703636452,0.22654761904761905,0.10157043510777068,0.7397132034632035,0.02562292234450359
Age_Child_Language_Tonal,gu2,FC,theta,Random Forest,15,0.47954635642135635,0.07933349729911757,0.3549707602339181,0.05402951795298759,0.30821428571428566,0.06147216061447853,0.7764637445887445,0.011077146469213721
Age_Child_Language_Tonal,gu2,FC,theta,Elastic Net,15,0.5119381313131314,0.06407497490834688,0.24795321637426895,0.06643027752590842,0.2570238095238095,0.08022908667812657,0.7534253246753246,0.017162038604098147
Age_Child_Language_Tonal,gu2,FC,alpha,Linear SVM,15,0.4094958513708513,0.036409429669925684,0.29824561403508776,0.12394350214492587,0.3117857142857143,0.15686275541466554,0.7659496753246754,0.04567793071974478
Age_Child_Language_Tonal,gu2,FC,alpha,Random Forest,15,0.5002777777777778,0.11309235934120258,0.30935672514619883,0.11902272966744842,0.2851190476190476,0.12483549265636504,0.767862554112554,0.04244177844572169
Age_Child_Language_Tonal,gu2,FC,alpha,Elastic Net,15,0.5547375541125541,0.06119335378326832,0.2888888888888889,0.09990248656871402,0.2951190476190476,0.11438574491367261,0.7635091991341991,0.03503113141001934
Age_Child_Language_Tonal,gu2,FC,beta,Linear SVM,15,0.45836489898989896,0.043421261080042205,0.23625730994152047,0.06285937682706563,0.28095238095238095,0.0603689994928957,0.7549864718614719,0.019123447823973166
Age_Child_Language_Tonal,gu2,FC,beta,Random Forest,15,0.5073570526695528,0.08972271588015909,0.29005847953216374,0.07354019156663563,0.28440476190476194,0.07503627240788782,0.7637012987012988,0.023827605294824427
Age_Child_Language_Tonal,gu2,FC,beta,Elastic Net,15,0.48988455988455987,0.06920527267294092,0.24678362573099416,0.06104322035415153,0.28273809523809523,0.07050494104683828,0.7582467532467534,0.021956354040022944
Age_Child_Language_Tonal,gu2,FC,highbeta,Linear SVM,15,0.5416928210678211,0.061497235017768395,0.31988304093567255,0.12590902668155846,0.30488095238095236,0.10077533891900521,0.7759983766233767,0.036883277648497234
Age_Child_Language_Tonal,gu2,FC,highbeta,Random Forest,15,0.500174963924964,0.08493787127070228,0.3204678362573099,0.10600131050640653,0.30369047619047623,0.09800692395365311,0.7689799783549784,0.0378589368979561
Age_Child_Language_Tonal,gu2,FC,highbeta,Elastic Net,15,0.5641666666666667,0.06464900776569925,0.4087719298245614,0.06554926909568212,0.385952380952381,0.06511872116223558,0.8009550865800866,0.019345899543682404
Age_Child_Language_Tonal,gu2,FC,gamma,Linear SVM,15,0.4260597041847042,0.08016576616639037,0.25847953216374264,0.024852081123831322,0.2509523809523809,0.033270774629461874,0.7531953463203463,0.010310594473572153
Age_Child_Language_Tonal,gu2,FC,gamma,Random Forest,15,0.49337932900432896,0.06742326504715014,0.2807017543859649,0.07527749242119777,0.22857142857142856,0.046770717334674285,0.7586038961038962,0.02368997930891201
Age_Child_Language_Tonal,gu2,FC,gamma,Elastic Net,15,0.5552417027417027,0.07602126157919287,0.31228070175438594,0.07957085402219725,0.30154761904761906,0.0728728974562798,0.774556277056277,0.02504994916460518
Age_Child_Language_Tonal,gu2,PSD,delta,Linear SVM,15,0.4171302308802309,0.07119746367198737,0.29005847953216374,0.0913928636050821,0.29261904761904767,0.11111716253362398,0.7658793290043291,0.03248511924479759
Age_Child_Language_Tonal,gu2,PSD,delta,Random Forest,15,0.5612373737373738,0.13505747968895687,0.36432748538011694,0.10722027262096692,0.355,0.11657224069900733,0.785146103896104,0.037301726856591555
Age_Child_Language_Tonal,gu2,PSD,delta,Elastic Net,15,0.5574440836940837,0.05275643654633392,0.30116959064327486,0.0539154646625315,0.3092857142857143,0.05697719040771815,0.7685660173160173,0.01734893043584687
Age_Child_Language_Tonal,gu2,PSD,theta,Linear SVM,15,0.47661796536796536,0.04780272171360027,0.21578947368421053,0.07674867703636452,0.22654761904761905,0.10157043510777068,0.7397132034632035,0.02562292234450359
Age_Child_Language_Tonal,gu2,PSD,theta,Random Forest,15,0.47954635642135635,0.07933349729911757,0.3549707602339181,0.05402951795298759,0.30821428571428566,0.06147216061447853,0.7764637445887445,0.011077146469213721
Age_Child_Language_Tonal,gu2,PSD,theta,Elastic Net,15,0.5119381313131314,0.06407497490834688,0.24795321637426895,0.06643027752590842,0.2570238095238095,0.08022908667812657,0.7534253246753246,0.017162038604098147
Age_Child_Language_Tonal,gu2,PSD,alpha,Linear SVM,15,0.4094958513708513,0.036409429669925684,0.29824561403508776,0.12394350214492587,0.3117857142857143,0.15686275541466554,0.7659496753246754,0.04567793071974478
Age_Child_Language_Tonal,gu2,PSD,alpha,Random Forest,15,0.5002777777777778,0.11309235934120258,0.30935672514619883,0.11902272966744842,0.2851190476190476,0.12483549265636504,0.767862554112554,0.04244177844572169
Age_Child_Language_Tonal,gu2,PSD,alpha,Elastic Net,15,0.5547375541125541,0.06119335378326832,0.2888888888888889,0.09990248656871402,0.2951190476190476,0.11438574491367261,0.7635091991341991,0.03503113141001934
Age_Child_Language_Tonal,gu2,PSD,beta,Linear SVM,15,0.45836489898989896,0.043421261080042205,0.23625730994152047,0.06285937682706563,0.28095238095238095,0.0603689994928957,0.7549864718614719,0.019123447823973166
Age_Child_Language_Tonal,gu2,PSD,beta,Random Forest,15,0.5073570526695528,0.08972271588015909,0.29005847953216374,0.07354019156663563,0.28440476190476194,0.07503627240788782,0.7637012987012988,0.023827605294824427
Age_Child_Language_Tonal,gu2,PSD,beta,Elastic Net,15,0.48988455988455987,0.06920527267294092,0.24678362573099416,0.06104322035415153,0.28273809523809523,0.07050494104683828,0.7582467532467534,0.021956354040022944
Age_Child_Language_Tonal,gu2,PSD,highbeta,Linear SVM,15,0.5416928210678211,0.061497235017768395,0.31988304093567255,0.12590902668155846,0.30488095238095236,0.10077533891900521,0.7759983766233767,0.036883277648497234
Age_Child_Language_Tonal,gu2,PSD,highbeta,Random Forest,15,0.500174963924964,0.08493787127070228,0.3204678362573099,0.10600131050640653,0.30369047619047623,0.09800692395365311,0.7689799783549784,0.0378589368979561
Age_Child_Language_Tonal,gu2,PSD,highbeta,Elastic Net,15,0.5641666666666667,0.06464900776569925,0.4087719298245614,0.06554926909568212,0.385952380952381,0.06511872116223558,0.8009550865800866,0.019345899543682404
Age_Child_Language_Tonal,gu2,PSD,gamma,Linear SVM,15,0.4260597041847042,0.08016576616639037,0.25847953216374264,0.024852081123831322,0.2509523809523809,0.033270774629461874,0.7531953463203463,0.010310594473572153
Age_Child_Language_Tonal,gu2,PSD,gamma,Random Forest,15,0.49337932900432896,0.06742326504715014,0.2807017543859649,0.07527749242119777,0.22857142857142856,0.046770717334674285,0.7586038961038962,0.02368997930891201
Age_Child_Language_Tonal,gu2,PSD,gamma,Elastic Net,15,0.5552417027417027,0.07602126157919287,0.31228070175438594,0.07957085402219725,0.30154761904761906,0.0728728974562798,0.774556277056277,0.02504994916460518
Age_Child_Language_Tonal,gu2,PSD_FC,delta,Linear SVM,15,0.4171302308802309,0.07119746367198737,0.29005847953216374,0.0913928636050821,0.29261904761904767,0.11111716253362398,0.7658793290043291,0.03248511924479759
Age_Child_Language_Tonal,gu2,PSD_FC,delta,Random Forest,15,0.5612373737373738,0.13505747968895687,0.36432748538011694,0.10722027262096692,0.355,0.11657224069900733,0.785146103896104,0.037301726856591555
Age_Child_Language_Tonal,gu2,PSD_FC,delta,Elastic Net,15,0.5574440836940837,0.05275643654633392,0.30116959064327486,0.0539154646625315,0.3092857142857143,0.05697719040771815,0.7685660173160173,0.01734893043584687
Age_Child_Language_Tonal,gu2,PSD_FC,theta,Linear SVM,15,0.47661796536796536,0.04780272171360027,0.21578947368421053,0.07674867703636452,0.22654761904761905,0.10157043510777068,0.7397132034632035,0.02562292234450359
Age_Child_Language_Tonal,gu2,PSD_FC,theta,Random Forest,15,0.47954635642135635,0.07933349729911757,0.3549707602339181,0.05402951795298759,0.30821428571428566,0.06147216061447853,0.7764637445887445,0.011077146469213721
Age_Child_Language_Tonal,gu2,PSD_FC,theta,Elastic Net,15,0.5119381313131314,0.06407497490834688,0.24795321637426895,0.06643027752590842,0.2570238095238095,0.08022908667812657,0.7534253246753246,0.017162038604098147
Age_Child_Language_Tonal,gu2,PSD_FC,alpha,Linear SVM,15,0.4094958513708513,0.036409429669925684,0.29824561403508776,0.12394350214492587,0.3117857142857143,0.15686275541466554,0.7659496753246754,0.04567793071974478
Age_Child_Language_Tonal,gu2,PSD_FC,alpha,Random Forest,15,0.5002777777777778,0.11309235934120258,0.30935672514619883,0.11902272966744842,0.2851190476190476,0.12483549265636504,0.767862554112554,0.04244177844572169
Age_Child_Language_Tonal,gu2,PSD_FC,alpha,Elastic Net,15,0.5547375541125541,0.06119335378326832,0.2888888888888889,0.09990248656871402,0.2951190476190476,0.11438574491367261,0.7635091991341991,0.03503113141001934
Age_Child_Language_Tonal,gu2,PSD_FC,beta,Linear SVM,15,0.45836489898989896,0.043421261080042205,0.23625730994152047,0.06285937682706563,0.28095238095238095,0.0603689994928957,0.7549864718614719,0.019123447823973166
Age_Child_Language_Tonal,gu2,PSD_FC,beta,Random Forest,15,0.5073570526695528,0.08972271588015909,0.29005847953216374,0.07354019156663563,0.28440476190476194,0.07503627240788782,0.7637012987012988,0.023827605294824427
Age_Child_Language_Tonal,gu2,PSD_FC,beta,Elastic Net,15,0.48988455988455987,0.06920527267294092,0.24678362573099416,0.06104322035415153,0.28273809523809523,0.07050494104683828,0.7582467532467534,0.021956354040022944
Age_Child_Language_Tonal,gu2,PSD_FC,highbeta,Linear SVM,15,0.5416928210678211,0.061497235017768395,0.31988304093567255,0.12590902668155846,0.30488095238095236,0.10077533891900521,0.7759983766233767,0.036883277648497234
Age_Child_Language_Tonal,gu2,PSD_FC,highbeta,Random Forest,15,0.500174963924964,0.08493787127070228,0.3204678362573099,0.10600131050640653,0.30369047619047623,0.09800692395365311,0.7689799783549784,0.0378589368979561
Age_Child_Language_Tonal,gu2,PSD_FC,highbeta,Elastic Net,15,0.5641666666666667,0.06464900776569925,0.4087719298245614,0.06554926909568212,0.385952380952381,0.06511872116223558,0.8009550865800866,0.019345899543682404
Age_Child_Language_Tonal,gu2,PSD_FC,gamma,Linear SVM,15,0.4260597041847042,0.08016576616639037,0.25847953216374264,0.024852081123831322,0.2509523809523809,0.033270774629461874,0.7531953463203463,0.010310594473572153
Age_Child_Language_Tonal,gu2,PSD_FC,gamma,Random Forest,15,0.49337932900432896,0.06742326504715014,0.2807017543859649,0.07527749242119777,0.22857142857142856,0.046770717334674285,0.7586038961038962,0.02368997930891201
Age_Child_Language_Tonal,gu2,PSD_FC,gamma,Elastic Net,15,0.5552417027417027,0.07602126157919287,0.31228070175438594,0.07957085402219725,0.30154761904761906,0.0728728974562798,0.774556277056277,0.02504994916460518
Age_Child_Language,gu2,FC,delta,Linear SVM,15,0.4315084431664571,0.027452388559939506,0.1942645698427382,0.0666049953746531,0.20236742424242427,0.05445075757575758,0.8828922588475602,0.007122863492658449
Age_Child_Language,gu2,FC,delta,Random Forest,15,0.5431702538846441,0.023726243590986906,0.16096207215541164,0.030527289546716005,0.12937184343434344,0.04215593434343434,0.8754625053553755,0.0043545340227570395
Age_Child_Language,gu2,FC,delta,Elastic Net,15,0.5894473444147932,0.029999893331430716,0.20467160037002774,0.03445883441258095,0.24668560606060608,0.02623106060606062,0.8852728487842063,0.0018002246977246172
Age_Child_Language,gu2,FC,theta,Linear SVM,15,0.4631089279172949,0.00479671167824941,0.10753931544865865,0.0011563367252543921,0.09526515151515152,0.016098484848484855,0.8703144218959473,0.002552925241297077
Age_Child_Language,gu2,FC,theta,Random Forest,15,0.4894879511194265,0.004226231440632167,0.1288159111933395,0.020120259019426455,0.14214015151515152,0.00047348484848486194,0.8697385464200809,0.002077095583084443
Age_Child_Language,gu2,FC,theta,Elastic Net,15,0.3985210863176411,0.010788126793924213,0.07516188714153561,0.009944495837187789,0.058506944444444445,0.017881944444444447,0.8665143490746221,0.0026092403123247343
Age_Child_Language,gu2,FC,alpha,Linear SVM,15,0.43681477046752964,0.0352996565787797,0.15009250693802034,0.04139685476410731,0.13775252525252524,0.021275252525252517,0.8796690374689897,0.0016938194905624648
Age_Child_Language,gu2,FC,alpha,Random Forest,15,0.4757991175856478,0.024986204968739656,0.16119333950046255,0.009019426456984267,0.1383207070707071,0.01445707070707071,0.8762354413939817,9.961031591698699e-05
Age_Child_Language,gu2,FC,alpha,Elastic Net,15,0.41227220461382086,0.022582649054560533,0.10777058279370952,0.022664199814986123,0.09955808080808082,0.016919191919191924,0.8752529479580475,0.0035617555598011497
Age_Child_Language,gu2,FC,beta,Linear SVM,15,0.5061471724228026,0.020171493202579077,0.07516188714153561,0.009944495837187789,0.0625,0.0,0.8698617905089754,0.0037906170250112114
Age_Child_Language,gu2,FC,beta,Random Forest,15,0.5482514557291366,0.021186726813787637,0.24722479185938945,0.008094357076780745,0.21470959595959596,0.02834595959595962,0.8900711138421792,0.0009758701898109345
Age_Child_Language,gu2,FC,beta,Elastic Net,15,0.5309148396605399,0.024551503696929877,0.10753931544865865,0.0011563367252543921,0.11996527777777777,0.023090277777777772,0.8765849054424337,0.001047727044178215
Age_Child_Language,gu2,FC,highbeta,Linear SVM,15,0.4533671824670396,0.01939063737648622,0.18246993524514338,0.03029602220166512,0.13301767676767678,0.03642676767676768,0.8795155777963939,0.004309732436504954
Age_Child_Language,gu2,FC,highbeta,Random Forest,15,0.49628552409882104,0.003344930224538134,0.10730804810360776,0.020351526364477332,0.11076388888888888,0.001736111111111105,0.8688060569711351,0.0021418562809396025
Age_Child_Language,gu2,FC,highbeta,Elastic Net,15,0.4648955937608541,0.002673767905506913,0.18246993524514338,0.03029602220166512,0.19891098484848485,0.0469223484848485,0.8812228407274232,0.006631150859738588
Age_Child_Language,gu2,FC,gamma,Linear SVM,15,0.5041587124483521,0.06883916241843616,0.09666975023126734,0.009713228492136912,0.13645833333333335,0.001041666666666663,0.8725576976149018,7.107177461740388e-05
Age_Child_Language,gu2,FC,gamma,Random Forest,15,0.5153845302894935,0.009033820331394216,0.1713691026827012,0.06267345050878817,0.17351641414141414,0.038289141414141414,0.8782043035429411,0.008197975361067367
Age_Child_Language,gu2,FC,gamma,Elastic Net,15,0.4992614773040073,0.010596679685422744,0.13991674375578167,0.012257169287696587,0.1526830808080808,0.045044191919191914,0.8798960291838832,0.0027235023685752147
Age_Child_Language,gu2,PSD,delta,Linear SVM,15,0.4315084431664571,0.027452388559939506,0.1942645698427382,0.0666049953746531,0.20236742424242427,0.05445075757575758,0.8828922588475602,0.007122863492658449
Age_Child_Language,gu2,PSD,delta,Random Forest,15,0.5431702538846441,0.023726243590986906,0.16096207215541164,0.030527289546716005,0.12937184343434344,0.04215593434343434,0.8754625053553755,0.0043545340227570395
Age_Child_Language,gu2,PSD,delta,Elastic Net,15,0.5894473444147932,0.029999893331430716,0.20467160037002774,0.03445883441258095,0.24668560606060608,0.02623106060606062,0.8852728487842063,0.0018002246977246172
Age_Child_Language,gu2,PSD,theta,Linear SVM,15,0.4631089279172949,0.00479671167824941,0.10753931544865865,0.0011563367252543921,0.09526515151515152,0.016098484848484855,0.8703144218959473,0.002552925241297077
Age_Child_Language,gu2,PSD,theta,Random Forest,15,0.4894879511194265,0.004226231440632167,0.1288159111933395,0.020120259019426455,0.14214015151515152,0.00047348484848486194,0.8697385464200809,0.002077095583084443
Age_Child_Language,gu2,PSD,theta,Elastic Net,15,0.3985210863176411,0.010788126793924213,0.07516188714153561,0.009944495837187789,0.058506944444444445,0.017881944444444447,0.8665143490746221,0.0026092403123247343
Age_Child_Language,gu2,PSD,alpha,Linear SVM,15,0.43681477046752964,0.0352996565787797,0.15009250693802034,0.04139685476410731,0.13775252525252524,0.021275252525252517,0.8796690374689897,0.0016938194905624648
Age_Child_Language,gu2,PSD,alpha,Random Forest,15,0.4757991175856478,0.024986204968739656,0.16119333950046255,0.009019426456984267,0.1383207070707071,0.01445707070707071,0.8762354413939817,9.961031591698699e-05
Age_Child_Language,gu2,PSD,alpha,Elastic Net,15,0.41227220461382086,0.022582649054560533,0.10777058279370952,0.022664199814986123,0.09955808080808082,0.016919191919191924,0.8752529479580475,0.0035617555598011497
Age_Child_Language,gu2,PSD,beta,Linear SVM,15,0.5061471724228026,0.020171493202579077,0.07516188714153561,0.009944495837187789,0.0625,0.0,0.8698617905089754,0.0037906170250112114
Age_Child_Language,gu2,PSD,beta,Random Forest,15,0.5482514557291366,0.021186726813787637,0.24722479185938945,0.008094357076780745,0.21470959595959596,0.02834595959595962,0.8900711138421792,0.0009758701898109345
Age_Child_Language,gu2,PSD,beta,Elastic Net,15,0.5309148396605399,0.024551503696929877,0.10753931544865865,0.0011563367252543921,0.11996527777777777,0.023090277777777772,0.8765849054424337,0.001047727044178215
Age_Child_Language,gu2,PSD,highbeta,Linear SVM,15,0.4533671824670396,0.01939063737648622,0.18246993524514338,0.03029602220166512,0.13301767676767678,0.03642676767676768,0.8795155777963939,0.004309732436504954
Age_Child_Language,gu2,PSD,highbeta,Random Forest,15,0.49628552409882104,0.003344930224538134,0.10730804810360776,0.020351526364477332,0.11076388888888888,0.001736111111111105,0.8688060569711351,0.0021418562809396025
Age_Child_Language,gu2,PSD,highbeta,Elastic Net,15,0.4648955937608541,0.002673767905506913,0.18246993524514338,0.03029602220166512,0.19891098484848485,0.0469223484848485,0.8812228407274232,0.006631150859738588
Age_Child_Language,gu2,PSD,gamma,Linear SVM,15,0.5041587124483521,0.06883916241843616,0.09666975023126734,0.009713228492136912,0.13645833333333335,0.001041666666666663,0.8725576976149018,7.107177461740388e-05
Age_Child_Language,gu2,PSD,gamma,Random Forest,15,0.5153845302894935,0.009033820331394216,0.1713691026827012,0.06267345050878817,0.17351641414141414,0.038289141414141414,0.8782043035429411,0.008197975361067367
Age_Child_Language,gu2,PSD,gamma,Elastic Net,15,0.4992614773040073,0.010596679685422744,0.13991674375578167,0.012257169287696587,0.1526830808080808,0.045044191919191914,0.8798960291838832,0.0027235023685752147
Age_Child_Language,gu2,PSD_FC,delta,Linear SVM,15,0.4315084431664571,0.027452388559939506,0.1942645698427382,0.0666049953746531,0.20236742424242427,0.05445075757575758,0.8828922588475602,0.007122863492658449
Age_Child_Language,gu2,PSD_FC,delta,Random Forest,15,0.5431702538846441,0.023726243590986906,0.16096207215541164,0.030527289546716005,0.12937184343434344,0.04215593434343434,0.8754625053553755,0.0043545340227570395
Age_Child_Language,gu2,PSD_FC,delta,Elastic Net,15,0.5894473444147932,0.029999893331430716,0.20467160037002774,0.03445883441258095,0.24668560606060608,0.02623106060606062,0.8852728487842063,0.0018002246977246172
Age_Child_Language,gu2,PSD_FC,theta,Linear SVM,15,0.4631089279172949,0.00479671167824941,0.10753931544865865,0.0011563367252543921,0.09526515151515152,0.016098484848484855,0.8703144218959473,0.002552925241297077
Age_Child_Language,gu2,PSD_FC,theta,Random Forest,15,0.4894879511194265,0.004226231440632167,0.1288159111933395,0.020120259019426455,0.14214015151515152,0.00047348484848486194,0.8697385464200809,0.002077095583084443
Age_Child_Language,gu2,PSD_FC,theta,Elastic Net,15,0.3985210863176411,0.010788126793924213,0.07516188714153561,0.009944495837187789,0.058506944444444445,0.017881944444444447,0.8665143490746221,0.0026092403123247343
Age_Child_Language,gu2,PSD_FC,alpha,Linear SVM,15,0.43681477046752964,0.0352996565787797,0.15009250693802034,0.04139685476410731,0.13775252525252524,0.021275252525252517,0.8796690374689897,0.0016938194905624648
Age_Child_Language,gu2,PSD_FC,alpha,Random Forest,15,0.4757991175856478,0.024986204968739656,0.16119333950046255,0.009019426456984267,0.1383207070707071,0.01445707070707071,0.8762354413939817,9.961031591698699e-05
Age_Child_Language,gu2,PSD_FC,alpha,Elastic Net,15,0.41227220461382086,0.022582649054560533,0.10777058279370952,0.022664199814986123,0.09955808080808082,0.016919191919191924,0.8752529479580475,0.0035617555598011497
Age_Child_Language,gu2,PSD_FC,beta,Linear SVM,15,0.5061471724228026,0.020171493202579077,0.07516188714153561,0.009944495837187789,0.0625,0.0,0.8698617905089754,0.0037906170250112114
Age_Child_Language,gu2,PSD_FC,beta,Random Forest,15,0.5482514557291366,0.021186726813787637,0.24722479185938945,0.008094357076780745,0.21470959595959596,0.02834595959595962,0.8900711138421792,0.0009758701898109345
Age_Child_Language,gu2,PSD_FC,beta,Elastic Net,15,0.5309148396605399,0.024551503696929877,0.10753931544865865,0.0011563367252543921,0.11996527777777777,0.023090277777777772,0.8765849054424337,0.001047727044178215
Age_Child_Language,gu2,PSD_FC,highbeta,Linear SVM,15,0.4533671824670396,0.01939063737648622,0.18246993524514338,0.03029602220166512,0.13301767676767678,0.03642676767676768,0.8795155777963939,0.004309732436504954
Age_Child_Language,gu2,PSD_FC,highbeta,Random Forest,15,0.49628552409882104,0.003344930224538134,0.10730804810360776,0.020351526364477332,0.11076388888888888,0.001736111111111105,0.8688060569711351,0.0021418562809396025
Age_Child_Language,gu2,PSD_FC,highbeta,Elastic Net,15,0.4648955937608541,0.002673767905506913,0.18246993524514338,0.03029602220166512,0.19891098484848485,0.0469223484848485,0.8812228407274232,0.006631150859738588
Age_Child_Language,gu2,PSD_FC,gamma,Linear SVM,15,0.5041587124483521,0.06883916241843616,0.09666975023126734,0.009713228492136912,0.13645833333333335,0.001041666666666663,0.8725576976149018,7.107177461740388e-05
Age_Child_Language,gu2,PSD_FC,gamma,Random Forest,15,0.5153845302894935,0.009033820331394216,0.1713691026827012,0.06267345050878817,0.17351641414141414,0.038289141414141414,0.8782043035429411,0.008197975361067367
Age_Child_Language,gu2,PSD_FC,gamma,Elastic Net,15,0.4992614773040073,0.010596679685422744,0.13991674375578167,0.012257169287696587,0.1526830808080808,0.045044191919191914,0.8798960291838832,0.0027235023685752147
Age_Group,gu3,FC,delta,Linear SVM,15,0.604478365500505,0.060142138197338914,0.35333333333333333,0.0618241233033047,0.3231313131313131,0.05938347054277371,0.7816034952842732,0.022890324959082036
Age_Group,gu3,FC,delta,Random Forest,15,0.5406107606976887,0.056306277052022846,0.2733333333333333,0.0771722460186015,0.26812049062049065,0.06422596771065804,0.7555556293439588,0.02728298968582071
Age_Group,gu3,FC,delta,Elastic Net,15,0.5759027397638381,0.06565268647208022,0.3466666666666667,0.061824123303304696,0.31325396825396823,0.058167005075823244,0.781009695872396,0.018684905812104635
Age_Group,gu3,FC,theta,Linear SVM,15,0.557431839503407,0.03386217484784708,0.4133333333333333,0.07180219742846007,0.3841107503607503,0.08090920125088633,0.8012840172794405,0.02643377658877015
Age_Group,gu3,FC,theta,Random Forest,15,0.5928162208490299,0.04765979921833349,0.3733333333333333,0.04898979485566357,0.35081349206349205,0.06418771555434118,0.790474767795134,0.019592941038519357
Age_Group,gu3,FC,theta,Elastic Net,15,0.6046141904772911,0.042886317053863816,0.3866666666666667,0.0498887651569859,0.3658116883116883,0.05249894082893378,0.7933067051179179,0.015255384772951016
Age_Group,gu3,FC,alpha,Linear SVM,15,0.5968957422969436,0.07816373439543162,0.3533333333333334,0.0618241233033047,0.34404040404040404,0.09094403678666511,0.7832050234281356,0.02143557711116185
Age_Group,gu3,FC,alpha,Random Forest,15,0.5376770603104413,0.055565078846031894,0.28,0.05811865258054231,0.2746789321789322,0.0825050603904149,0.7523773122377241,0.023663903547624175
Age_Group,gu3,FC,alpha,Elastic Net,15,0.6194231169669385,0.06587409580827999,0.3133333333333333,0.06531972647421809,0.3067189754689755,0.0777164634873334,0.7716255879894325,0.023758692440107008
Age_Group,gu3,FC,beta,Linear SVM,15,0.6070776730452361,0.05397047641616938,0.35333333333333333,0.04521553322083513,0.36344155844155845,0.04246740835598847,0.7808888434220242,0.012814794677771819
Age_Group,gu3,FC,beta,Random Forest,15,0.5633103320327864,0.06174433725038893,0.27999999999999997,0.05416025603090639,0.24742243867243868,0.04295075160627715,0.7580173914567506,0.019233379208316543
Age_Group,gu3,FC,beta,Elastic Net,15,0.664854934676731,0.04437213247953507,0.4333333333333334,0.0632455532033676,0.44290584415584416,0.0271218869002544,0.8087919944281501,0.02001025272515506
Age_Group,gu3,FC,highbeta,Linear SVM,15,0.629498005947777,0.04736021148867001,0.33999999999999997,0.053333333333333344,0.33286796536796537,0.05397289173814863,0.7732211667051484,0.018082411921394804
Age_Group,gu3,FC,highbeta,Random Forest,15,0.4918015402556593,0.06275308461869218,0.23333333333333334,0.04714045207910316,0.23862012987012987,0.05592541656449203,0.7378559080126585,0.020302491658155716
Age_Group,gu3,FC,highbeta,Elastic Net,15,0.5958285629469268,0.044376368980518804,0.3666666666666667,0.07888106377466156,0.35529581529581533,0.08786416623958854,0.7852779154483961,0.027799389213008986
Age_Group,gu3,FC,gamma,Linear SVM,15,0.6285694840099302,0.0199714661582902,0.38,0.08589399151150083,0.3609650072150072,0.08115260067004576,0.7904338384727401,0.030654551905243924
Age_Group,gu3,FC,gamma,Random Forest,15,0.5738503548616821,0.055372542389383064,0.32666666666666666,0.05734883511361751,0.3104130591630591,0.06471205507391795,0.774316194865394,0.016618167145493953
Age_Group,gu3,FC,gamma,Elastic Net,15,0.6502927825628054,0.05129599187173483,0.36666666666666664,0.05577733510227171,0.3630104617604618,0.047216977271097624,0.7839258887565524,0.019989644360843977
Age_Group,gu3,PSD,delta,Linear SVM,15,0.604478365500505,0.060142138197338914,0.35333333333333333,0.0618241233033047,0.3231313131313131,0.05938347054277371,0.7816034952842732,0.022890324959082036
Age_Group,gu3,PSD,delta,Random Forest,15,0.5406107606976887,0.056306277052022846,0.2733333333333333,0.0771722460186015,0.26812049062049065,0.06422596771065804,0.7555556293439588,0.02728298968582071
Age_Group,gu3,PSD,delta,Elastic Net,15,0.5759027397638381,0.06565268647208022,0.3466666666666667,0.061824123303304696,0.31325396825396823,0.058167005075823244,0.781009695872396,0.018684905812104635
Age_Group,gu3,PSD,theta,Linear SVM,15,0.557431839503407,0.03386217484784708,0.4133333333333333,0.07180219742846007,0.3841107503607503,0.08090920125088633,0.8012840172794405,0.02643377658877015
Age_Group,gu3,PSD,theta,Random Forest,15,0.5928162208490299,0.04765979921833349,0.3733333333333333,0.04898979485566357,0.35081349206349205,0.06418771555434118,0.790474767795134,0.019592941038519357
Age_Group,gu3,PSD,theta,Elastic Net,15,0.6046141904772911,0.042886317053863816,0.3866666666666667,0.0498887651569859,0.3658116883116883,0.05249894082893378,0.7933067051179179,0.015255384772951016
Age_Group,gu3,PSD,alpha,Linear SVM,15,0.5968957422969436,0.07816373439543162,0.3533333333333334,0.0618241233033047,0.34404040404040404,0.09094403678666511,0.7832050234281356,0.02143557711116185
Age_Group,gu3,PSD,alpha,Random Forest,15,0.5376770603104413,0.055565078846031894,0.28,0.05811865258054231,0.2746789321789322,0.0825050603904149,0.7523773122377241,0.023663903547624175
Age_Group,gu3,PSD,alpha,Elastic Net,15,0.6194231169669385,0.06587409580827999,0.3133333333333333,0.06531972647421809,0.3067189754689755,0.0777164634873334,0.7716255879894325,0.023758692440107008
Age_Group,gu3,PSD,beta,Linear SVM,15,0.6070776730452361,0.05397047641616938,0.35333333333333333,0.04521553322083513,0.36344155844155845,0.04246740835598847,0.7808888434220242,0.012814794677771819
Age_Group,gu3,PSD,beta,Random Forest,15,0.5633103320327864,0.06174433725038893,0.27999999999999997,0.05416025603090639,0.24742243867243868,0.04295075160627715,0.7580173914567506,0.019233379208316543
Age_Group,gu3,PSD,beta,Elastic Net,15,0.664854934676731,0.04437213247953507,0.4333333333333334,0.0632455532033676,0.44290584415584416,0.0271218869002544,0.8087919944281501,0.02001025272515506
Age_Group,gu3,PSD,highbeta,Linear SVM,15,0.629498005947777,0.04736021148867001,0.33999999999999997,0.053333333333333344,0.33286796536796537,0.05397289173814863,0.7732211667051484,0.018082411921394804
Age_Group,gu3,PSD,highbeta,Random Forest,15,0.4918015402556593,0.06275308461869218,0.23333333333333334,0.04714045207910316,0.23862012987012987,0.05592541656449203,0.7378559080126585,0.020302491658155716
Age_Group,gu3,PSD,highbeta,Elastic Net,15,0.5958285629469268,0.044376368980518804,0.3666666666666667,0.07888106377466156,0.35529581529581533,0.08786416623958854,0.7852779154483961,0.027799389213008986
Age_Group,gu3,PSD,gamma,Linear SVM,15,0.6285694840099302,0.0199714661582902,0.38,0.08589399151150083,0.3609650072150072,0.08115260067004576,0.7904338384727401,0.030654551905243924
Age_Group,gu3,PSD,gamma,Random Forest,15,0.5738503548616821,0.055372542389383064,0.32666666666666666,0.05734883511361751,0.3104130591630591,0.06471205507391795,0.774316194865394,0.016618167145493953
Age_Group,gu3,PSD,gamma,Elastic Net,15,0.6502927825628054,0.05129599187173483,0.36666666666666664,0.05577733510227171,0.3630104617604618,0.047216977271097624,0.7839258887565524,0.019989644360843977
Age_Group,gu3,PSD_FC,delta,Linear SVM,15,0.604478365500505,0.060142138197338914,0.35333333333333333,0.0618241233033047,0.3231313131313131,0.05938347054277371,0.7816034952842732,0.022890324959082036
Age_Group,gu3,PSD_FC,delta,Random Forest,15,0.5406107606976887,0.056306277052022846,0.2733333333333333,0.0771722460186015,0.26812049062049065,0.06422596771065804,0.7555556293439588,0.02728298968582071
Age_Group,gu3,PSD_FC,delta,Elastic Net,15,0.5759027397638381,0.06565268647208022,0.3466666666666667,0.061824123303304696,0.31325396825396823,0.058167005075823244,0.781009695872396,0.018684905812104635
Age_Group,gu3,PSD_FC,theta,Linear SVM,15,0.557431839503407,0.03386217484784708,0.4133333333333333,0.07180219742846007,0.3841107503607503,0.08090920125088633,0.8012840172794405,0.02643377658877015
Age_Group,gu3,PSD_FC,theta,Random Forest,15,0.5928162208490299,0.04765979921833349,0.3733333333333333,0.04898979485566357,0.35081349206349205,0.06418771555434118,0.790474767795134,0.019592941038519357
Age_Group,gu3,PSD_FC,theta,Elastic Net,15,0.6046141904772911,0.042886317053863816,0.3866666666666667,0.0498887651569859,0.3658116883116883,0.05249894082893378,0.7933067051179179,0.015255384772951016
Age_Group,gu3,PSD_FC,alpha,Linear SVM,15,0.5968957422969436,0.07816373439543162,0.3533333333333334,0.0618241233033047,0.34404040404040404,0.09094403678666511,0.7832050234281356,0.02143557711116185
Age_Group,gu3,PSD_FC,alpha,Random Forest,15,0.5376770603104413,0.055565078846031894,0.28,0.05811865258054231,0.2746789321789322,0.0825050603904149,0.7523773122377241,0.023663903547624175
Age_Group,gu3,PSD_FC,alpha,Elastic Net,15,0.6194231169669385,0.06587409580827999,0.3133333333333333,0.06531972647421809,0.3067189754689755,0.0777164634873334,0.7716255879894325,0.023758692440107008
Age_Group,gu3,PSD_FC,beta,Linear SVM,15,0.6070776730452361,0.05397047641616938,0.35333333333333333,0.04521553322083513,0.36344155844155845,0.04246740835598847,0.7808888434220242,0.012814794677771819
Age_Group,gu3,PSD_FC,beta,Random Forest,15,0.5633103320327864,0.06174433725038893,0.27999999999999997,0.05416025603090639,0.24742243867243868,0.04295075160627715,0.7580173914567506,0.019233379208316543
Age_Group,gu3,PSD_FC,beta,Elastic Net,15,0.664854934676731,0.04437213247953507,0.4333333333333334,0.0632455532033676,0.44290584415584416,0.0271218869002544,0.8087919944281501,0.02001025272515506
Age_Group,gu3,PSD_FC,highbeta,Linear SVM,15,0.629498005947777,0.04736021148867001,0.33999999999999997,0.053333333333333344,0.33286796536796537,0.05397289173814863,0.7732211667051484,0.018082411921394804
Age_Group,gu3,PSD_FC,highbeta,Random Forest,15,0.4918015402556593,0.06275308461869218,0.23333333333333334,0.04714045207910316,0.23862012987012987,0.05592541656449203,0.7378559080126585,0.020302491658155716
Age_Group,gu3,PSD_FC,highbeta,Elastic Net,15,0.5958285629469268,0.044376368980518804,0.3666666666666667,0.07888106377466156,0.35529581529581533,0.08786416623958854,0.7852779154483961,0.027799389213008986
Age_Group,gu3,PSD_FC,gamma,Linear SVM,15,0.6285694840099302,0.0199714661582902,0.38,0.08589399151150083,0.3609650072150072,0.08115260067004576,0.7904338384727401,0.030654551905243924
Age_Group,gu3,PSD_FC,gamma,Random Forest,15,0.5738503548616821,0.055372542389383064,0.32666666666666666,0.05734883511361751,0.3104130591630591,0.06471205507391795,0.774316194865394,0.016618167145493953
Age_Group,gu3,PSD_FC,gamma,Elastic Net,15,0.6502927825628054,0.05129599187173483,0.36666666666666664,0.05577733510227171,0.3630104617604618,0.047216977271097624,0.7839258887565524,0.019989644360843977
Language,gu3,FC,delta,Linear SVM,15,0.4899760708688966,0.039738870915094676,0.21333333333333332,0.07483314773547882,0.22554945054945055,0.10888998006854708,0.7505555723379717,0.02357471338942109
Language,gu3,FC,delta,Random Forest,15,0.5896726311434399,0.024006866426465878,0.3866666666666666,0.016329931618554547,0.3213598901098901,0.052404971327197306,0.7787740857894201,0.011538989320476046
Language,gu3,FC,delta,Elastic Net,15,0.5064303186781469,0.03714965354117918,0.19999999999999998,0.06324555320336758,0.24375,0.09739398464059991,0.7414562593130478,0.019828309784541382
Language,gu3,FC,theta,Linear SVM,15,0.4496146835900673,0.09274987238334638,0.30666666666666664,0.06463573143221772,0.36249999999999993,0.12664797918945972,0.7639490701555257,0.028581354756224597
Language,gu3,FC,theta,Random Forest,15,0.5681778149285893,0.027613606987728308,0.31999999999999995,0.04988876515698588,0.3419642857142857,0.06723771311704106,0.7542778135855677,0.020150338880279554
Language,gu3,FC,theta,Elastic Net,15,0.5720872220479494,0.08139257085701242,0.2866666666666666,0.045215533220835116,0.3493818681318681,0.11057598457044904,0.762397202134227,0.017919464102173693
Language,gu3,FC,alpha,Linear SVM,15,0.48935677521393856,0.06531203856362512,0.21333333333333332,0.08589399151150083,0.2036401098901099,0.10117926176400859,0.7462608148752208,0.02621837818853079
Language,gu3,FC,alpha,Random Forest,15,0.5987318417042433,0.059302970141103376,0.37333333333333335,0.05333333333333334,0.3174450549450549,0.09129542919478982,0.7776281764579895,0.0184429459390985
Language,gu3,FC,alpha,Elastic Net,15,0.471642702973453,0.05536731703635295,0.21999999999999997,0.05811865258054231,0.18365384615384617,0.08372965447583476,0.7364185590073564,0.025019261266413843
Language,gu3,FC,beta,Linear SVM,15,0.5265143826320958,0.07462592001274536,0.20666666666666664,0.08,0.1995879120879121,0.10176138095043946,0.7498889163134248,0.022255830540755087
Language,gu3,FC,beta,Random Forest,15,0.3808288165445983,0.037715661809127166,0.18,0.05811865258054231,0.128021978021978,0.03780181346437639,0.7030129499325968,0.015594893645516012
Language,gu3,FC,beta,Elastic Net,15,0.4465909713137203,0.05093917233442073,0.2,0.09888264649460884,0.19004120879120878,0.11291689216003203,0.740391232477726,0.03193594048541903
Language,gu3,FC,highbeta,Linear SVM,15,0.5410913095855551,0.05826579122348636,0.18,0.06531972647421809,0.2289835164835165,0.04643710500937773,0.72880698210864,0.017809951459842533
Language,gu3,FC,highbeta,Random Forest,15,0.5555611256825677,0.04704499354028371,0.31333333333333335,0.12036980056845192,0.32499999999999996,0.1098073606711018,0.7497390521221436,0.04520726657683264
Language,gu3,FC,highbeta,Elastic Net,15,0.47866521844633886,0.05867842083701701,0.16,0.03887301263230201,0.22582417582417583,0.05966884977826072,0.7231923452903036,0.010938693126820083
Language,gu3,FC,gamma,Linear SVM,15,0.523472184399074,0.0819764463922342,0.21333333333333332,0.04521553322083512,0.28083791208791214,0.0722723305262177,0.7331180714073826,0.014860662628006185
Language,gu3,FC,gamma,Random Forest,15,0.480335908496874,0.0487670571824079,0.2666666666666667,0.029814239699997188,0.1945741758241758,0.03137060112240157,0.7386197740988176,0.006914343017094006
Language,gu3,FC,gamma,Elastic Net,15,0.5521753136073733,0.06209643146963046,0.21999999999999997,0.033993463423951896,0.3320741758241758,0.04535983844600157,0.746027333688007,0.017859091313256463
Language,gu3,PSD,delta,Linear SVM,15,0.4899760708688966,0.039738870915094676,0.21333333333333332,0.07483314773547882,0.22554945054945055,0.10888998006854708,0.7505555723379717,0.02357471338942109
Language,gu3,PSD,delta,Random Forest,15,0.5896726311434399,0.024006866426465878,0.3866666666666666,0.016329931618554547,0.3213598901098901,0.052404971327197306,0.7787740857894201,0.011538989320476046
Language,gu3,PSD,delta,Elastic Net,15,0.5064303186781469,0.03714965354117918,0.19999999999999998,0.06324555320336758,0.24375,0.09739398464059991,0.7414562593130478,0.019828309784541382
Language,gu3,PSD,theta,Linear SVM,15,0.4496146835900673,0.09274987238334638,0.30666666666666664,0.06463573143221772,0.36249999999999993,0.12664797918945972,0.7639490701555257,0.028581354756224597
Language,gu3,PSD,theta,Random Forest,15,0.5681778149285893,0.027613606987728308,0.31999999999999995,0.04988876515698588,0.3419642857142857,0.06723771311704106,0.7542778135855677,0.020150338880279554
Language,gu3,PSD,theta,Elastic Net,15,0.5720872220479494,0.08139257085701242,0.2866666666666666,0.045215533220835116,0.3493818681318681,0.11057598457044904,0.762397202134227,0.017919464102173693
Language,gu3,PSD,alpha,Linear SVM,15,0.48935677521393856,0.06531203856362512,0.21333333333333332,0.08589399151150083,0.2036401098901099,0.10117926176400859,0.7462608148752208,0.02621837818853079
Language,gu3,PSD,alpha,Random Forest,15,0.5987318417042433,0.059302970141103376,0.37333333333333335,0.05333333333333334,0.3174450549450549,0.09129542919478982,0.7776281764579895,0.0184429459390985
Language,gu3,PSD,alpha,Elastic Net,15,0.471642702973453,0.05536731703635295,0.21999999999999997,0.05811865258054231,0.18365384615384617,0.08372965447583476,0.7364185590073564,0.025019261266413843
Language,gu3,PSD,beta,Linear SVM,15,0.5265143826320958,0.07462592001274536,0.20666666666666664,0.08,0.1995879120879121,0.10176138095043946,0.7498889163134248,0.022255830540755087
Language,gu3,PSD,beta,Random Forest,15,0.3808288165445983,0.037715661809127166,0.18,0.05811865258054231,0.128021978021978,0.03780181346437639,0.7030129499325968,0.015594893645516012
Language,gu3,PSD,beta,Elastic Net,15,0.4465909713137203,0.05093917233442073,0.2,0.09888264649460884,0.19004120879120878,0.11291689216003203,0.740391232477726,0.03193594048541903
Language,gu3,PSD,highbeta,Linear SVM,15,0.5410913095855551,0.05826579122348636,0.18,0.06531972647421809,0.2289835164835165,0.04643710500937773,0.72880698210864,0.017809951459842533
Language,gu3,PSD,highbeta,Random Forest,15,0.5555611256825677,0.04704499354028371,0.31333333333333335,0.12036980056845192,0.32499999999999996,0.1098073606711018,0.7497390521221436,0.04520726657683264
Language,gu3,PSD,highbeta,Elastic Net,15,0.47866521844633886,0.05867842083701701,0.16,0.03887301263230201,0.22582417582417583,0.05966884977826072,0.7231923452903036,0.010938693126820083
Language,gu3,PSD,gamma,Linear SVM,15,0.523472184399074,0.0819764463922342,0.21333333333333332,0.04521553322083512,0.28083791208791214,0.0722723305262177,0.7331180714073826,0.014860662628006185
Language,gu3,PSD,gamma,Random Forest,15,0.480335908496874,0.0487670571824079,0.2666666666666667,0.029814239699997188,0.1945741758241758,0.03137060112240157,0.7386197740988176,0.006914343017094006
Language,gu3,PSD,gamma,Elastic Net,15,0.5521753136073733,0.06209643146963046,0.21999999999999997,0.033993463423951896,0.3320741758241758,0.04535983844600157,0.746027333688007,0.017859091313256463
Language,gu3,PSD_FC,delta,Linear SVM,15,0.4899760708688966,0.039738870915094676,0.21333333333333332,0.07483314773547882,0.22554945054945055,0.10888998006854708,0.7505555723379717,0.02357471338942109
Language,gu3,PSD_FC,delta,Random Forest,15,0.5896726311434399,0.024006866426465878,0.3866666666666666,0.016329931618554547,0.3213598901098901,0.052404971327197306,0.7787740857894201,0.011538989320476046
Language,gu3,PSD_FC,delta,Elastic Net,15,0.5064303186781469,0.03714965354117918,0.19999999999999998,0.06324555320336758,0.24375,0.09739398464059991,0.7414562593130478,0.019828309784541382
Language,gu3,PSD_FC,theta,Linear SVM,15,0.4496146835900673,0.09274987238334638,0.30666666666666664,0.06463573143221772,0.36249999999999993,0.12664797918945972,0.7639490701555257,0.028581354756224597
Language,gu3,PSD_FC,theta,Random Forest,15,0.5681778149285893,0.027613606987728308,0.31999999999999995,0.04988876515698588,0.3419642857142857,0.06723771311704106,0.7542778135855677,0.020150338880279554
Language,gu3,PSD_FC,theta,Elastic Net,15,0.5720872220479494,0.08139257085701242,0.2866666666666666,0.045215533220835116,0.3493818681318681,0.11057598457044904,0.762397202134227,0.017919464102173693
Language,gu3,PSD_FC,alpha,Linear SVM,15,0.48935677521393856,0.06531203856362512,0.21333333333333332,0.08589399151150083,0.2036401098901099,0.10117926176400859,0.7462608148752208,0.02621837818853079
Language,gu3,PSD_FC,alpha,Random Forest,15,0.5987318417042433,0.059302970141103376,0.37333333333333335,0.05333333333333334,0.3174450549450549,0.09129542919478982,0.7776281764579895,0.0184429459390985
Language,gu3,PSD_FC,alpha,Elastic Net,15,0.471642702973453,0.05536731703635295,0.21999999999999997,0.05811865258054231,0.18365384615384617,0.08372965447583476,0.7364185590073564,0.025019261266413843
Language,gu3,PSD_FC,beta,Linear SVM,15,0.5265143826320958,0.07462592001274536,0.20666666666666664,0.08,0.1995879120879121,0.10176138095043946,0.7498889163134248,0.022255830540755087
Language,gu3,PSD_FC,beta,Random Forest,15,0.3808288165445983,0.037715661809127166,0.18,0.05811865258054231,0.128021978021978,0.03780181346437639,0.7030129499325968,0.015594893645516012
Language,gu3,PSD_FC,beta,Elastic Net,15,0.4465909713137203,0.05093917233442073,0.2,0.09888264649460884,0.19004120879120878,0.11291689216003203,0.740391232477726,0.03193594048541903
Language,gu3,PSD_FC,highbeta,Linear SVM,15,0.5410913095855551,0.05826579122348636,0.18,0.06531972647421809,0.2289835164835165,0.04643710500937773,0.72880698210864,0.017809951459842533
Language,gu3,PSD_FC,highbeta,Random Forest,15,0.5555611256825677,0.04704499354028371,0.31333333333333335,0.12036980056845192,0.32499999999999996,0.1098073606711018,0.7497390521221436,0.04520726657683264
Language,gu3,PSD_FC,highbeta,Elastic Net,15,0.47866521844633886,0.05867842083701701,0.16,0.03887301263230201,0.22582417582417583,0.05966884977826072,0.7231923452903036,0.010938693126820083
Language,gu3,PSD_FC,gamma,Linear SVM,15,0.523472184399074,0.0819764463922342,0.21333333333333332,0.04521553322083512,0.28083791208791214,0.0722723305262177,0.7331180714073826,0.014860662628006185
Language,gu3,PSD_FC,gamma,Random Forest,15,0.480335908496874,0.0487670571824079,0.2666666666666667,0.029814239699997188,0.1945741758241758,0.03137060112240157,0.7386197740988176,0.006914343017094006
Language,gu3,PSD_FC,gamma,Elastic Net,15,0.5521753136073733,0.06209643146963046,0.21999999999999997,0.033993463423951896,0.3320741758241758,0.04535983844600157,0.746027333688007,0.017859091313256463
Language_Tonal,gu3,FC,delta,Linear SVM,15,0.5505918713639302,0.07945137137001977,0.5,0.05577733510227169,0.504730930833872,0.060279409256019024,0.504730930833872,0.060279409256019024
Language_Tonal,gu3,FC,delta,Random Forest,15,0.5244687297996121,0.0764827744118741,0.5466666666666666,0.06863753427324665,0.5435762766645119,0.05513042895511627,0.5435762766645119,0.05513042895511627
Language_Tonal,gu3,FC,delta,Elastic Net,15,0.4376373626373627,0.07228079102706399,0.47333333333333333,0.04898979485566356,0.46837023270846806,0.05345967729698119,0.46837023270846806,0.05345967729698119
Language_Tonal,gu3,FC,theta,Linear SVM,15,0.44360859728506785,0.050507371281388894,0.5266666666666666,0.1271918935222594,0.5190287653522947,0.11703411735042181,0.5190287653522947,0.11703411735042181
Language_Tonal,gu3,FC,theta,Random Forest,15,0.4139705882352941,0.08104695825337015,0.43999999999999995,0.08273115763993905,0.4336861667744021,0.08411465406345828,0.4336861667744021,0.08411465406345828
Language_Tonal,gu3,FC,theta,Elastic Net,15,0.5184065934065935,0.08627683354455824,0.5333333333333333,0.10110500592068733,0.5281674208144796,0.09853339345005895,0.5281674208144796,0.09853339345005895
Language_Tonal,gu3,FC,alpha,Linear SVM,15,0.42268503555268266,0.09132247102555781,0.5,0.1095445115010332,0.48103991596638657,0.10319217629280632,0.48103991596638657,0.10319217629280632
Language_Tonal,gu3,FC,alpha,Random Forest,15,0.5662855526826116,0.07862460091793735,0.5666666666666667,0.06992058987801009,0.5635585003232062,0.07104408297517284,0.5635585003232062,0.07104408297517284
Language_Tonal,gu3,FC,alpha,Elastic Net,15,0.5332013574660633,0.10173688135958532,0.4666666666666667,0.07601169500660919,0.4588437297996122,0.08012935041976905,0.4588437297996122,0.08012935041976905
Language_Tonal,gu3,FC,beta,Linear SVM,15,0.49330559146735614,0.15845665156346672,0.4066666666666666,0.14204850501775013,0.3966709760827408,0.1354966943243954,0.3966709760827408,0.1354966943243954
Language_Tonal,gu3,FC,beta,Random Forest,15,0.42310318358112475,0.10204231301641435,0.4133333333333333,0.08055363982396382,0.40940126050420167,0.08601453235252754,0.40940126050420167,0.08601453235252754
Language_Tonal,gu3,FC,beta,Elastic Net,15,0.4281270200387848,0.1427029122479344,0.43999999999999995,0.11430952132988165,0.4313065610859728,0.11740794318575196,0.4313065610859728,0.11740794318575196
Language_Tonal,gu3,FC,highbeta,Linear SVM,15,0.6271089204912734,0.051673303781640645,0.42666666666666664,0.048989794855663585,0.4244667097608274,0.04979645361791477,0.4244667097608274,0.04979645361791477
Language_Tonal,gu3,FC,highbeta,Random Forest,15,0.43019149967679376,0.07936728056238838,0.4666666666666667,0.0760116950066092,0.46317469295410474,0.07482043467319736,0.46317469295410474,0.07482043467319736
Language_Tonal,gu3,FC,highbeta,Elastic Net,15,0.3612475759534583,0.0576749146301407,0.4,0.0760116950066092,0.3954791531997414,0.07135722705826869,0.3954791531997414,0.07135722705826869
Language_Tonal,gu3,FC,gamma,Linear SVM,15,0.3855466224951519,0.08899971561515127,0.4533333333333333,0.054160256030906406,0.47140837104072403,0.0673330745350207,0.47140837104072403,0.0673330745350207
Language_Tonal,gu3,FC,gamma,Random Forest,15,0.6202428086619263,0.06463820719488153,0.5533333333333333,0.09092121131323902,0.5521654815772463,0.08114297070736012,0.5521654815772463,0.08114297070736012
Language_Tonal,gu3,FC,gamma,Elastic Net,15,0.5406068196509373,0.14269905499033658,0.5133333333333333,0.09797958971132711,0.5170006464124113,0.10762886952012349,0.5170006464124113,0.10762886952012349
Language_Tonal,gu3,PSD,delta,Linear SVM,15,0.5505918713639302,0.07945137137001977,0.5,0.05577733510227169,0.504730930833872,0.060279409256019024,0.504730930833872,0.060279409256019024
Language_Tonal,gu3,PSD,delta,Random Forest,15,0.5244687297996121,0.0764827744118741,0.5466666666666666,0.06863753427324665,0.5435762766645119,0.05513042895511627,0.5435762766645119,0.05513042895511627
Language_Tonal,gu3,PSD,delta,Elastic Net,15,0.4376373626373627,0.07228079102706399,0.47333333333333333,0.04898979485566356,0.46837023270846806,0.05345967729698119,0.46837023270846806,0.05345967729698119
Language_Tonal,gu3,PSD,theta,Linear SVM,15,0.44360859728506785,0.050507371281388894,0.5266666666666666,0.1271918935222594,0.5190287653522947,0.11703411735042181,0.5190287653522947,0.11703411735042181
Language_Tonal,gu3,PSD,theta,Random Forest,15,0.4139705882352941,0.08104695825337015,0.43999999999999995,0.08273115763993905,0.4336861667744021,0.08411465406345828,0.4336861667744021,0.08411465406345828
Language_Tonal,gu3,PSD,theta,Elastic Net,15,0.5184065934065935,0.08627683354455824,0.5333333333333333,0.10110500592068733,0.5281674208144796,0.09853339345005895,0.5281674208144796,0.09853339345005895
Language_Tonal,gu3,PSD,alpha,Linear SVM,15,0.42268503555268266,0.09132247102555781,0.5,0.1095445115010332,0.48103991596638657,0.10319217629280632,0.48103991596638657,0.10319217629280632
Language_Tonal,gu3,PSD,alpha,Random Forest,15,0.5662855526826116,0.07862460091793735,0.5666666666666667,0.06992058987801009,0.5635585003232062,0.07104408297517284,0.5635585003232062,0.07104408297517284
Language_Tonal,gu3,PSD,alpha,Elastic Net,15,0.5332013574660633,0.10173688135958532,0.4666666666666667,0.07601169500660919,0.4588437297996122,0.08012935041976905,0.4588437297996122,0.08012935041976905
Language_Tonal,gu3,PSD,beta,Linear SVM,15,0.49330559146735614,0.15845665156346672,0.4066666666666666,0.14204850501775013,0.3966709760827408,0.1354966943243954,0.3966709760827408,0.1354966943243954
Language_Tonal,gu3,PSD,beta,Random Forest,15,0.42310318358112475,0.10204231301641435,0.4133333333333333,0.08055363982396382,0.40940126050420167,0.08601453235252754,0.40940126050420167,0.08601453235252754
Language_Tonal,gu3,PSD,beta,Elastic Net,15,0.4281270200387848,0.1427029122479344,0.43999999999999995,0.11430952132988165,0.4313065610859728,0.11740794318575196,0.4313065610859728,0.11740794318575196
Language_Tonal,gu3,PSD,highbeta,Linear SVM,15,0.6271089204912734,0.051673303781640645,0.42666666666666664,0.048989794855663585,0.4244667097608274,0.04979645361791477,0.4244667097608274,0.04979645361791477
Language_Tonal,gu3,PSD,highbeta,Random Forest,15,0.43019149967679376,0.07936728056238838,0.4666666666666667,0.0760116950066092,0.46317469295410474,0.07482043467319736,0.46317469295410474,0.07482043467319736
Language_Tonal,gu3,PSD,highbeta,Elastic Net,15,0.3612475759534583,0.0576749146301407,0.4,0.0760116950066092,0.3954791531997414,0.07135722705826869,0.3954791531997414,0.07135722705826869
Language_Tonal,gu3,PSD,gamma,Linear SVM,15,0.3855466224951519,0.08899971561515127,0.4533333333333333,0.054160256030906406,0.47140837104072403,0.0673330745350207,0.47140837104072403,0.0673330745350207
Language_Tonal,gu3,PSD,gamma,Random Forest,15,0.6202428086619263,0.06463820719488153,0.5533333333333333,0.09092121131323902,0.5521654815772463,0.08114297070736012,0.5521654815772463,0.08114297070736012
Language_Tonal,gu3,PSD,gamma,Elastic Net,15,0.5406068196509373,0.14269905499033658,0.5133333333333333,0.09797958971132711,0.5170006464124113,0.10762886952012349,0.5170006464124113,0.10762886952012349
Language_Tonal,gu3,PSD_FC,delta,Linear SVM,15,0.5505918713639302,0.07945137137001977,0.5,0.05577733510227169,0.504730930833872,0.060279409256019024,0.504730930833872,0.060279409256019024
Language_Tonal,gu3,PSD_FC,delta,Random Forest,15,0.5244687297996121,0.0764827744118741,0.5466666666666666,0.06863753427324665,0.5435762766645119,0.05513042895511627,0.5435762766645119,0.05513042895511627
Language_Tonal,gu3,PSD_FC,delta,Elastic Net,15,0.4376373626373627,0.07228079102706399,0.47333333333333333,0.04898979485566356,0.46837023270846806,0.05345967729698119,0.46837023270846806,0.05345967729698119
Language_Tonal,gu3,PSD_FC,theta,Linear SVM,15,0.44360859728506785,0.050507371281388894,0.5266666666666666,0.1271918935222594,0.5190287653522947,0.11703411735042181,0.5190287653522947,0.11703411735042181
Language_Tonal,gu3,PSD_FC,theta,Random Forest,15,0.4139705882352941,0.08104695825337015,0.43999999999999995,0.08273115763993905,0.4336861667744021,0.08411465406345828,0.4336861667744021,0.08411465406345828
Language_Tonal,gu3,PSD_FC,theta,Elastic Net,15,0.5184065934065935,0.08627683354455824,0.5333333333333333,0.10110500592068733,0.5281674208144796,0.09853339345005895,0.5281674208144796,0.09853339345005895
Language_Tonal,gu3,PSD_FC,alpha,Linear SVM,15,0.42268503555268266,0.09132247102555781,0.5,0.1095445115010332,0.48103991596638657,0.10319217629280632,0.48103991596638657,0.10319217629280632
Language_Tonal,gu3,PSD_FC,alpha,Random Forest,15,0.5662855526826116,0.07862460091793735,0.5666666666666667,0.06992058987801009,0.5635585003232062,0.07104408297517284,0.5635585003232062,0.07104408297517284
Language_Tonal,gu3,PSD_FC,alpha,Elastic Net,15,0.5332013574660633,0.10173688135958532,0.4666666666666667,0.07601169500660919,0.4588437297996122,0.08012935041976905,0.4588437297996122,0.08012935041976905
Language_Tonal,gu3,PSD_FC,beta,Linear SVM,15,0.49330559146735614,0.15845665156346672,0.4066666666666666,0.14204850501775013,0.3966709760827408,0.1354966943243954,0.3966709760827408,0.1354966943243954
Language_Tonal,gu3,PSD_FC,beta,Random Forest,15,0.42310318358112475,0.10204231301641435,0.4133333333333333,0.08055363982396382,0.40940126050420167,0.08601453235252754,0.40940126050420167,0.08601453235252754
Language_Tonal,gu3,PSD_FC,beta,Elastic Net,15,0.4281270200387848,0.1427029122479344,0.43999999999999995,0.11430952132988165,0.4313065610859728,0.11740794318575196,0.4313065610859728,0.11740794318575196
Language_Tonal,gu3,PSD_FC,highbeta,Linear SVM,15,0.6271089204912734,0.051673303781640645,0.42666666666666664,0.048989794855663585,0.4244667097608274,0.04979645361791477,0.4244667097608274,0.04979645361791477
Language_Tonal,gu3,PSD_FC,highbeta,Random Forest,15,0.43019149967679376,0.07936728056238838,0.4666666666666667,0.0760116950066092,0.46317469295410474,0.07482043467319736,0.46317469295410474,0.07482043467319736
Language_Tonal,gu3,PSD_FC,highbeta,Elastic Net,15,0.3612475759534583,0.0576749146301407,0.4,0.0760116950066092,0.3954791531997414,0.07135722705826869,0.3954791531997414,0.07135722705826869
Language_Tonal,gu3,PSD_FC,gamma,Linear SVM,15,0.3855466224951519,0.08899971561515127,0.4533333333333333,0.054160256030906406,0.47140837104072403,0.0673330745350207,0.47140837104072403,0.0673330745350207
Language_Tonal,gu3,PSD_FC,gamma,Random Forest,15,0.6202428086619263,0.06463820719488153,0.5533333333333333,0.09092121131323902,0.5521654815772463,0.08114297070736012,0.5521654815772463,0.08114297070736012
Language_Tonal,gu3,PSD_FC,gamma,Elastic Net,15,0.5406068196509373,0.14269905499033658,0.5133333333333333,0.09797958971132711,0.5170006464124113,0.10762886952012349,0.5170006464124113,0.10762886952012349
Age_Child_Language_Tonal,gu3,FC,delta,Linear SVM,15,0.5447113997113997,0.06775228615726732,0.2783625730994152,0.05664973585175361,0.27214285714285713,0.045352924438254706,0.7595914502164502,0.019938390875825225
Age_Child_Language_Tonal,gu3,FC,delta,Random Forest,15,0.48265647546897544,0.09560935143340345,0.256140350877193,0.08028113114840386,0.26714285714285707,0.07735292532729025,0.7475649350649352,0.031357746542295804
Age_Child_Language_Tonal,gu3,FC,delta,Elastic Net,15,0.4431881313131313,0.06191504640378345,0.2467836257309942,0.05239061147233927,0.24952380952380948,0.03142135559299738,0.7503084415584416,0.01862856879286027
Age_Child_Language_Tonal,gu3,FC,theta,Linear SVM,15,0.5292406204906205,0.12807061762590144,0.24678362573099416,0.09032390445056292,0.2614285714285714,0.08670999047964191,0.7525243506493506,0.02930194505402246
Age_Child_Language_Tonal,gu3,FC,theta,Random Forest,15,0.5137161796536797,0.09089766358425282,0.2152046783625731,0.048738401253835405,0.18321428571428572,0.05178694579816462,0.7354816017316017,0.014250205936089706
Age_Child_Language_Tonal,gu3,FC,theta,Elastic Net,15,0.46884559884559884,0.0949047054245422,0.2467836257309942,0.07790299027275716,0.2573809523809524,0.09006217932697784,0.7501812770562771,0.02494159622123106
Age_Child_Language_Tonal,gu3,FC,alpha,Linear SVM,15,0.48433712121212125,0.05096899245375103,0.24736842105263154,0.06526693065873078,0.25297619047619047,0.08987898137227082,0.7485849567099566,0.03441549039914736
Age_Child_Language_Tonal,gu3,FC,alpha,Random Forest,15,0.5278697691197691,0.06069013534074837,0.2900584795321637,0.06261407632432361,0.27773809523809523,0.04000177150272234,0.7613203463203463,0.023075699610637625
Age_Child_Language_Tonal,gu3,FC,alpha,Elastic Net,15,0.46133477633477626,0.04712921515868971,0.2473684210526316,0.026126675910746994,0.25595238095238093,0.04454354031873739,0.7468290043290043,0.017974675521464843
Age_Child_Language_Tonal,gu3,FC,beta,Linear SVM,15,0.46451839826839825,0.09870710079684426,0.22397660818713447,0.08929577542281351,0.27261904761904765,0.12187999655435958,0.7455357142857144,0.046991723344966374
Age_Child_Language_Tonal,gu3,FC,beta,Random Forest,15,0.4954707792207792,0.041775976328891004,0.24736842105263154,0.06526693065873078,0.2463095238095238,0.03724763913747008,0.7463961038961038,0.016605082432177613
Age_Child_Language_Tonal,gu3,FC,beta,Elastic Net,15,0.5097619047619047,0.08440281739675094,0.22397660818713447,0.10094454908689228,0.2619047619047619,0.1256925260749863,0.7455357142857142,0.04901700222753632
Age_Child_Language_Tonal,gu3,FC,highbeta,Linear SVM,15,0.3595625901875902,0.06700479639074662,0.2994152046783626,0.07467540877167197,0.32940476190476187,0.07903058479685782,0.769810606060606,0.029861052874549376
Age_Child_Language_Tonal,gu3,FC,highbeta,Random Forest,15,0.43298701298701303,0.1083837191277653,0.23567251461988303,0.11033276161670355,0.22678571428571428,0.1091479056424009,0.7410551948051948,0.029914659151381393
Age_Child_Language_Tonal,gu3,FC,highbeta,Elastic Net,15,0.5007115800865801,0.06738198882047207,0.2666666666666667,0.11270630836628398,0.2972619047619047,0.11333533411599257,0.7611038961038961,0.03775057770189612
Age_Child_Language_Tonal,gu3,FC,gamma,Linear SVM,15,0.4527164502164502,0.12430706038295684,0.23684210526315788,0.07401762494641749,0.22178571428571425,0.0738120199270707,0.7352272727272726,0.02971136992626513
Age_Child_Language_Tonal,gu3,FC,gamma,Random Forest,15,0.4642690295815295,0.10444035333909897,0.25789473684210523,0.03818673150249008,0.22261904761904763,0.030895093505621373,0.7510362554112554,0.007472234466093021
Age_Child_Language_Tonal,gu3,FC,gamma,Elastic Net,15,0.4752570346320345,0.07994786600552015,0.21578947368421053,0.07674867703636452,0.23309523809523808,0.08798706357191988,0.7363852813852814,0.029884332999418183
Age_Child_Language_Tonal,gu3,PSD,delta,Linear SVM,15,0.5447113997113997,0.06775228615726732,0.2783625730994152,0.05664973585175361,0.27214285714285713,0.045352924438254706,0.7595914502164502,0.019938390875825225
Age_Child_Language_Tonal,gu3,PSD,delta,Random Forest,15,0.48265647546897544,0.09560935143340345,0.256140350877193,0.08028113114840386,0.26714285714285707,0.07735292532729025,0.7475649350649352,0.031357746542295804
Age_Child_Language_Tonal,gu3,PSD,delta,Elastic Net,15,0.4431881313131313,0.06191504640378345,0.2467836257309942,0.05239061147233927,0.24952380952380948,0.03142135559299738,0.7503084415584416,0.01862856879286027
Age_Child_Language_Tonal,gu3,PSD,theta,Linear SVM,15,0.5292406204906205,0.12807061762590144,0.24678362573099416,0.09032390445056292,0.2614285714285714,0.08670999047964191,0.7525243506493506,0.02930194505402246
Age_Child_Language_Tonal,gu3,PSD,theta,Random Forest,15,0.5137161796536797,0.09089766358425282,0.2152046783625731,0.048738401253835405,0.18321428571428572,0.05178694579816462,0.7354816017316017,0.014250205936089706
Age_Child_Language_Tonal,gu3,PSD,theta,Elastic Net,15,0.46884559884559884,0.0949047054245422,0.2467836257309942,0.07790299027275716,0.2573809523809524,0.09006217932697784,0.7501812770562771,0.02494159622123106
Age_Child_Language_Tonal,gu3,PSD,alpha,Linear SVM,15,0.48433712121212125,0.05096899245375103,0.24736842105263154,0.06526693065873078,0.25297619047619047,0.08987898137227082,0.7485849567099566,0.03441549039914736
Age_Child_Language_Tonal,gu3,PSD,alpha,Random Forest,15,0.5278697691197691,0.06069013534074837,0.2900584795321637,0.06261407632432361,0.27773809523809523,0.04000177150272234,0.7613203463203463,0.023075699610637625
Age_Child_Language_Tonal,gu3,PSD,alpha,Elastic Net,15,0.46133477633477626,0.04712921515868971,0.2473684210526316,0.026126675910746994,0.25595238095238093,0.04454354031873739,0.7468290043290043,0.017974675521464843
Age_Child_Language_Tonal,gu3,PSD,beta,Linear SVM,15,0.46451839826839825,0.09870710079684426,0.22397660818713447,0.08929577542281351,0.27261904761904765,0.12187999655435958,0.7455357142857144,0.046991723344966374
Age_Child_Language_Tonal,gu3,PSD,beta,Random Forest,15,0.4954707792207792,0.041775976328891004,0.24736842105263154,0.06526693065873078,0.2463095238095238,0.03724763913747008,0.7463961038961038,0.016605082432177613
Age_Child_Language_Tonal,gu3,PSD,beta,Elastic Net,15,0.5097619047619047,0.08440281739675094,0.22397660818713447,0.10094454908689228,0.2619047619047619,0.1256925260749863,0.7455357142857142,0.04901700222753632
Age_Child_Language_Tonal,gu3,PSD,highbeta,Linear SVM,15,0.3595625901875902,0.06700479639074662,0.2994152046783626,0.07467540877167197,0.32940476190476187,0.07903058479685782,0.769810606060606,0.029861052874549376
Age_Child_Language_Tonal,gu3,PSD,highbeta,Random Forest,15,0.43298701298701303,0.1083837191277653,0.23567251461988303,0.11033276161670355,0.22678571428571428,0.1091479056424009,0.7410551948051948,0.029914659151381393
Age_Child_Language_Tonal,gu3,PSD,highbeta,Elastic Net,15,0.5007115800865801,0.06738198882047207,0.2666666666666667,0.11270630836628398,0.2972619047619047,0.11333533411599257,0.7611038961038961,0.03775057770189612
Age_Child_Language_Tonal,gu3,PSD,gamma,Linear SVM,15,0.4527164502164502,0.12430706038295684,0.23684210526315788,0.07401762494641749,0.22178571428571425,0.0738120199270707,0.7352272727272726,0.02971136992626513
Age_Child_Language_Tonal,gu3,PSD,gamma,Random Forest,15,0.4642690295815295,0.10444035333909897,0.25789473684210523,0.03818673150249008,0.22261904761904763,0.030895093505621373,0.7510362554112554,0.007472234466093021
Age_Child_Language_Tonal,gu3,PSD,gamma,Elastic Net,15,0.4752570346320345,0.07994786600552015,0.21578947368421053,0.07674867703636452,0.23309523809523808,0.08798706357191988,0.7363852813852814,0.029884332999418183
Age_Child_Language_Tonal,gu3,PSD_FC,delta,Linear SVM,15,0.5447113997113997,0.06775228615726732,0.2783625730994152,0.05664973585175361,0.27214285714285713,0.045352924438254706,0.7595914502164502,0.019938390875825225
Age_Child_Language_Tonal,gu3,PSD_FC,delta,Random Forest,15,0.48265647546897544,0.09560935143340345,0.256140350877193,0.08028113114840386,0.26714285714285707,0.07735292532729025,0.7475649350649352,0.031357746542295804
Age_Child_Language_Tonal,gu3,PSD_FC,delta,Elastic Net,15,0.4431881313131313,0.06191504640378345,0.2467836257309942,0.05239061147233927,0.24952380952380948,0.03142135559299738,0.7503084415584416,0.01862856879286027
Age_Child_Language_Tonal,gu3,PSD_FC,theta,Linear SVM,15,0.5292406204906205,0.12807061762590144,0.24678362573099416,0.09032390445056292,0.2614285714285714,0.08670999047964191,0.7525243506493506,0.02930194505402246
Age_Child_Language_Tonal,gu3,PSD_FC,theta,Random Forest,15,0.5137161796536797,0.09089766358425282,0.2152046783625731,0.048738401253835405,0.18321428571428572,0.05178694579816462,0.7354816017316017,0.014250205936089706
Age_Child_Language_Tonal,gu3,PSD_FC,theta,Elastic Net,15,0.46884559884559884,0.0949047054245422,0.2467836257309942,0.07790299027275716,0.2573809523809524,0.09006217932697784,0.7501812770562771,0.02494159622123106
Age_Child_Language_Tonal,gu3,PSD_FC,alpha,Linear SVM,15,0.48433712121212125,0.05096899245375103,0.24736842105263154,0.06526693065873078,0.25297619047619047,0.08987898137227082,0.7485849567099566,0.03441549039914736
Age_Child_Language_Tonal,gu3,PSD_FC,alpha,Random Forest,15,0.5278697691197691,0.06069013534074837,0.2900584795321637,0.06261407632432361,0.27773809523809523,0.04000177150272234,0.7613203463203463,0.023075699610637625
Age_Child_Language_Tonal,gu3,PSD_FC,alpha,Elastic Net,15,0.46133477633477626,0.04712921515868971,0.2473684210526316,0.026126675910746994,0.25595238095238093,0.04454354031873739,0.7468290043290043,0.017974675521464843
Age_Child_Language_Tonal,gu3,PSD_FC,beta,Linear SVM,15,0.46451839826839825,0.09870710079684426,0.22397660818713447,0.08929577542281351,0.27261904761904765,0.12187999655435958,0.7455357142857144,0.046991723344966374
Age_Child_Language_Tonal,gu3,PSD_FC,beta,Random Forest,15,0.4954707792207792,0.041775976328891004,0.24736842105263154,0.06526693065873078,0.2463095238095238,0.03724763913747008,0.7463961038961038,0.016605082432177613
Age_Child_Language_Tonal,gu3,PSD_FC,beta,Elastic Net,15,0.5097619047619047,0.08440281739675094,0.22397660818713447,0.10094454908689228,0.2619047619047619,0.1256925260749863,0.7455357142857142,0.04901700222753632
Age_Child_Language_Tonal,gu3,PSD_FC,highbeta,Linear SVM,15,0.3595625901875902,0.06700479639074662,0.2994152046783626,0.07467540877167197,0.32940476190476187,0.07903058479685782,0.769810606060606,0.029861052874549376
Age_Child_Language_Tonal,gu3,PSD_FC,highbeta,Random Forest,15,0.43298701298701303,0.1083837191277653,0.23567251461988303,0.11033276161670355,0.22678571428571428,0.1091479056424009,0.7410551948051948,0.029914659151381393
Age_Child_Language_Tonal,gu3,PSD_FC,highbeta,Elastic Net,15,0.5007115800865801,0.06738198882047207,0.2666666666666667,0.11270630836628398,0.2972619047619047,0.11333533411599257,0.7611038961038961,0.03775057770189612
Age_Child_Language_Tonal,gu3,PSD_FC,gamma,Linear SVM,15,0.4527164502164502,0.12430706038295684,0.23684210526315788,0.07401762494641749,0.22178571428571425,0.0738120199270707,0.7352272727272726,0.02971136992626513
Age_Child_Language_Tonal,gu3,PSD_FC,gamma,Random Forest,15,0.4642690295815295,0.10444035333909897,0.25789473684210523,0.03818673150249008,0.22261904761904763,0.030895093505621373,0.7510362554112554,0.007472234466093021
Age_Child_Language_Tonal,gu3,PSD_FC,gamma,Elastic Net,15,0.4752570346320345,0.07994786600552015,0.21578947368421053,0.07674867703636452,0.23309523809523808,0.08798706357191988,0.7363852813852814,0.029884332999418183
Age_Child_Language,gu3,FC,delta,Linear SVM,15,0.4884027522686152,0.014081595867906804,0.10730804810360776,0.020351526364477332,0.1213068181818182,0.05255681818181819,0.8748029945018465,0.003028533873160155
Age_Child_Language,gu3,FC,delta,Random Forest,15,0.5087822325058446,0.02912050746368483,0.16119333950046255,0.009019426456984267,0.14668560606060604,0.0012310606060605966,0.8789034430415845,0.001399734000722963
Age_Child_Language,gu3,FC,delta,Elastic Net,15,0.4702158784288969,0.023490172342371246,0.11840888066604996,0.012025901942645696,0.11644570707070706,0.019917929292929286,0.874798163341654,0.0010790994921306418
Age_Child_Language,gu3,FC,theta,Linear SVM,15,0.47333619746260164,0.030964776694441698,0.15078630897317297,0.023126734505087884,0.14201388888888888,0.017013888888888884,0.8805594742306344,0.0006181228218917756
Age_Child_Language,gu3,FC,theta,Random Forest,15,0.5375419727606858,0.00990135585376456,0.14014801110083255,0.033765032377428304,0.11605113636363637,0.027698863636363646,0.8736381701320726,0.005824546068448511
Age_Child_Language,gu3,FC,theta,Elastic Net,15,0.41776862669108783,0.03976255842161905,0.09690101757631822,0.01179463459759482,0.07795138888888889,0.012673611111111122,0.8748583126240406,0.0024267823120753818
Age_Child_Language,gu3,FC,alpha,Linear SVM,15,0.5178741047169522,0.07490580726495916,0.11794634597594819,0.03098982423681776,0.12552083333333333,0.052604166666666674,0.8782315101390479,0.004706217363896925
Age_Child_Language,gu3,FC,alpha,Random Forest,15,0.5194869453293675,0.02407444230816877,0.13945420906567993,0.030758556891766882,0.10511363636363637,0.030113636363636356,0.8739071097678123,0.006258704637132628
Age_Child_Language,gu3,FC,alpha,Elastic Net,15,0.4137556623035226,0.006828975264810577,0.15032377428307123,0.019888991674375578,0.13159722222222223,0.03090277777777778,0.8810842861153905,0.0025395909867474975
Age_Child_Language,gu3,FC,beta,Linear SVM,15,0.5033741317713718,0.013415593443268314,0.11794634597594819,0.03098982423681776,0.1525094696969697,0.014157196969696959,0.8755822106523573,0.00533002324900711
Age_Child_Language,gu3,FC,beta,Random Forest,15,0.49367814144263233,0.002932922695605661,0.11817761332099908,0.009481961147086028,0.10168876262626264,0.025299873737373746,0.8728143687261052,0.0018571015975391014
Age_Child_Language,gu3,FC,beta,Elastic Net,15,0.5263886334063004,0.004350472373574055,0.1396854764107308,0.009250693802035151,0.2073232323232323,0.014267676767676776,0.8772588107051502,0.0027920864653120936
Age_Child_Language,gu3,FC,highbeta,Linear SVM,15,0.4877489845140866,0.009077143562041479,0.1614246068455134,0.012488436632747457,0.13363320707070708,0.018355429292929284,0.8800968739904502,0.0007852134287897328
Age_Child_Language,gu3,FC,highbeta,Random Forest,15,0.5211723632740488,0.01500139939427897,0.16096207215541164,0.030527289546716005,0.14100378787878787,0.005587121212121224,0.8782830099442409,0.004265747604516756
Age_Child_Language,gu3,FC,highbeta,Elastic Net,15,0.49500672412246216,0.003234146752058714,0.15078630897317297,0.023126734505087884,0.152209595959596,0.015845959595959594,0.8791159312776677,0.00039989440945692456
Age_Child_Language,gu3,FC,gamma,Linear SVM,15,0.39275085925246067,0.03883144651462769,0.08580018501387604,0.020582793709528216,0.10625000000000001,0.03125000000000001,0.8699170710875684,0.0035120645698279995
Age_Child_Language,gu3,FC,gamma,Random Forest,15,0.4536874957614179,0.020301318761110465,0.07493061979648474,0.03145235892691952,0.07495265151515151,0.0020359848484848564,0.8668202505198331,0.000654899020533839
Age_Child_Language,gu3,FC,gamma,Elastic Net,15,0.47967158550808114,0.024212090374672923,0.16188714153561518,0.05550416281221091,0.1765625,0.03593750000000001,0.8825866749724305,0.00902388918138386
Age_Child_Language,gu3,PSD,delta,Linear SVM,15,0.4884027522686152,0.014081595867906804,0.10730804810360776,0.020351526364477332,0.1213068181818182,0.05255681818181819,0.8748029945018465,0.003028533873160155
Age_Child_Language,gu3,PSD,delta,Random Forest,15,0.5087822325058446,0.02912050746368483,0.16119333950046255,0.009019426456984267,0.14668560606060604,0.0012310606060605966,0.8789034430415845,0.001399734000722963
Age_Child_Language,gu3,PSD,delta,Elastic Net,15,0.4702158784288969,0.023490172342371246,0.11840888066604996,0.012025901942645696,0.11644570707070706,0.019917929292929286,0.874798163341654,0.0010790994921306418
Age_Child_Language,gu3,PSD,theta,Linear SVM,15,0.47333619746260164,0.030964776694441698,0.15078630897317297,0.023126734505087884,0.14201388888888888,0.017013888888888884,0.8805594742306344,0.0006181228218917756
Age_Child_Language,gu3,PSD,theta,Random Forest,15,0.5375419727606858,0.00990135585376456,0.14014801110083255,0.033765032377428304,0.11605113636363637,0.027698863636363646,0.8736381701320726,0.005824546068448511
Age_Child_Language,gu3,PSD,theta,Elastic Net,15,0.41776862669108783,0.03976255842161905,0.09690101757631822,0.01179463459759482,0.07795138888888889,0.012673611111111122,0.8748583126240406,0.0024267823120753818
Age_Child_Language,gu3,PSD,alpha,Linear SVM,15,0.5178741047169522,0.07490580726495916,0.11794634597594819,0.03098982423681776,0.12552083333333333,0.052604166666666674,0.8782315101390479,0.004706217363896925
Age_Child_Language,gu3,PSD,alpha,Random Forest,15,0.5194869453293675,0.02407444230816877,0.13945420906567993,0.030758556891766882,0.10511363636363637,0.030113636363636356,0.8739071097678123,0.006258704637132628
Age_Child_Language,gu3,PSD,alpha,Elastic Net,15,0.4137556623035226,0.006828975264810577,0.15032377428307123,0.019888991674375578,0.13159722222222223,0.03090277777777778,0.8810842861153905,0.0025395909867474975
Age_Child_Language,gu3,PSD,beta,Linear SVM,15,0.5033741317713718,0.013415593443268314,0.11794634597594819,0.03098982423681776,0.1525094696969697,0.014157196969696959,0.8755822106523573,0.00533002324900711
Age_Child_Language,gu3,PSD,beta,Random Forest,15,0.49367814144263233,0.002932922695605661,0.11817761332099908,0.009481961147086028,0.10168876262626264,0.025299873737373746,0.8728143687261052,0.0018571015975391014
Age_Child_Language,gu3,PSD,beta,Elastic Net,15,0.5263886334063004,0.004350472373574055,0.1396854764107308,0.009250693802035151,0.2073232323232323,0.014267676767676776,0.8772588107051502,0.0027920864653120936
Age_Child_Language,gu3,PSD,highbeta,Linear SVM,15,0.4877489845140866,0.009077143562041479,0.1614246068455134,0.012488436632747457,0.13363320707070708,0.018355429292929284,0.8800968739904502,0.0007852134287897328
Age_Child_Language,gu3,PSD,highbeta,Random Forest,15,0.5211723632740488,0.01500139939427897,0.16096207215541164,0.030527289546716005,0.14100378787878787,0.005587121212121224,0.8782830099442409,0.004265747604516756
Age_Child_Language,gu3,PSD,highbeta,Elastic Net,15,0.49500672412246216,0.003234146752058714,0.15078630897317297,0.023126734505087884,0.152209595959596,0.015845959595959594,0.8791159312776677,0.00039989440945692456
Age_Child_Language,gu3,PSD,gamma,Linear SVM,15,0.39275085925246067,0.03883144651462769,0.08580018501387604,0.020582793709528216,0.10625000000000001,0.03125000000000001,0.8699170710875684,0.0035120645698279995
Age_Child_Language,gu3,PSD,gamma,Random Forest,15,0.4536874957614179,0.020301318761110465,0.07493061979648474,0.03145235892691952,0.07495265151515151,0.0020359848484848564,0.8668202505198331,0.000654899020533839
Age_Child_Language,gu3,PSD,gamma,Elastic Net,15,0.47967158550808114,0.024212090374672923,0.16188714153561518,0.05550416281221091,0.1765625,0.03593750000000001,0.8825866749724305,0.00902388918138386
Age_Child_Language,gu3,PSD_FC,delta,Linear SVM,15,0.4884027522686152,0.014081595867906804,0.10730804810360776,0.020351526364477332,0.1213068181818182,0.05255681818181819,0.8748029945018465,0.003028533873160155
Age_Child_Language,gu3,PSD_FC,delta,Random Forest,15,0.5087822325058446,0.02912050746368483,0.16119333950046255,0.009019426456984267,0.14668560606060604,0.0012310606060605966,0.8789034430415845,0.001399734000722963
Age_Child_Language,gu3,PSD_FC,delta,Elastic Net,15,0.4702158784288969,0.023490172342371246,0.11840888066604996,0.012025901942645696,0.11644570707070706,0.019917929292929286,0.874798163341654,0.0010790994921306418
Age_Child_Language,gu3,PSD_FC,theta,Linear SVM,15,0.47333619746260164,0.030964776694441698,0.15078630897317297,0.023126734505087884,0.14201388888888888,0.017013888888888884,0.8805594742306344,0.0006181228218917756
Age_Child_Language,gu3,PSD_FC,theta,Random Forest,15,0.5375419727606858,0.00990135585376456,0.14014801110083255,0.033765032377428304,0.11605113636363637,0.027698863636363646,0.8736381701320726,0.005824546068448511
Age_Child_Language,gu3,PSD_FC,theta,Elastic Net,15,0.41776862669108783,0.03976255842161905,0.09690101757631822,0.01179463459759482,0.07795138888888889,0.012673611111111122,0.8748583126240406,0.0024267823120753818
Age_Child_Language,gu3,PSD_FC,alpha,Linear SVM,15,0.5178741047169522,0.07490580726495916,0.11794634597594819,0.03098982423681776,0.12552083333333333,0.052604166666666674,0.8782315101390479,0.004706217363896925
Age_Child_Language,gu3,PSD_FC,alpha,Random Forest,15,0.5194869453293675,0.02407444230816877,0.13945420906567993,0.030758556891766882,0.10511363636363637,0.030113636363636356,0.8739071097678123,0.006258704637132628
Age_Child_Language,gu3,PSD_FC,alpha,Elastic Net,15,0.4137556623035226,0.006828975264810577,0.15032377428307123,0.019888991674375578,0.13159722222222223,0.03090277777777778,0.8810842861153905,0.0025395909867474975
Age_Child_Language,gu3,PSD_FC,beta,Linear SVM,15,0.5033741317713718,0.013415593443268314,0.11794634597594819,0.03098982423681776,0.1525094696969697,0.014157196969696959,0.8755822106523573,0.00533002324900711
Age_Child_Language,gu3,PSD_FC,beta,Random Forest,15,0.49367814144263233,0.002932922695605661,0.11817761332099908,0.009481961147086028,0.10168876262626264,0.025299873737373746,0.8728143687261052,0.0018571015975391014
Age_Child_Language,gu3,PSD_FC,beta,Elastic Net,15,0.5263886334063004,0.004350472373574055,0.1396854764107308,0.009250693802035151,0.2073232323232323,0.014267676767676776,0.8772588107051502,0.0027920864653120936
Age_Child_Language,gu3,PSD_FC,highbeta,Linear SVM,15,0.4877489845140866,0.009077143562041479,0.1614246068455134,0.012488436632747457,0.13363320707070708,0.018355429292929284,0.8800968739904502,0.0007852134287897328
Age_Child_Language,gu3,PSD_FC,highbeta,Random Forest,15,0.5211723632740488,0.01500139939427897,0.16096207215541164,0.030527289546716005,0.14100378787878787,0.005587121212121224,0.8782830099442409,0.004265747604516756
Age_Child_Language,gu3,PSD_FC,highbeta,Elastic Net,15,0.49500672412246216,0.003234146752058714,0.15078630897317297,0.023126734505087884,0.152209595959596,0.015845959595959594,0.8791159312776677,0.00039989440945692456
Age_Child_Language,gu3,PSD_FC,gamma,Linear SVM,15,0.39275085925246067,0.03883144651462769,0.08580018501387604,0.020582793709528216,0.10625000000000001,0.03125000000000001,0.8699170710875684,0.0035120645698279995
Age_Child_Language,gu3,PSD_FC,gamma,Random Forest,15,0.4536874957614179,0.020301318761110465,0.07493061979648474,0.03145235892691952,0.07495265151515151,0.0020359848484848564,0.8668202505198331,0.000654899020533839
Age_Child_Language,gu3,PSD_FC,gamma,Elastic Net,15,0.47967158550808114,0.024212090374672923,0.16188714153561518,0.05550416281221091,0.1765625,0.03593750000000001,0.8825866749724305,0.00902388918138386
