Task,Condition,Feature_Mode,Band,Model,N_Features,AUC_mean,AUC_std,Accuracy_mean,Accuracy_std,Sensitivity_mean,Sensitivity_std,Specificity_mean,Specificity_std
Age_Group,gu1,FC,delta,Linear SVM,15,0.6680337879490625,0.03754684654701916,0.3466666666666667,0.0498887651569859,0.33553030303030296,0.06448239223087623,0.7761365194683274,0.01955877035584738
Age_Group,gu1,FC,delta,Random Forest,15,0.6065457884633799,0.07875216968727307,0.36,0.07423685817106697,0.32505230880230884,0.06634192376256635,0.7852488647889105,0.022962385127543665
Age_Group,gu1,FC,delta,Elastic Net,15,0.6323795539234899,0.060042149732186356,0.31333333333333335,0.08055363982396382,0.3143380230880231,0.08438128080096155,0.7680206147780518,0.031245582881994714
Age_Group,gu1,FC,theta,Linear SVM,15,0.622609597280421,0.013914050402449453,0.4,0.055777335102271716,0.4057864357864358,0.05102476573872497,0.7986715930903575,0.017997263778462197
Age_Group,gu1,FC,theta,Random Forest,15,0.5828758297522885,0.04941311087684551,0.4,0.09189365834726815,0.3772348484848485,0.08050135477396496,0.7958311440656978,0.03118527326742821
Age_Group,gu1,FC,theta,Elastic Net,15,0.6573883849877558,0.044333302461128654,0.3866666666666666,0.07483314773547883,0.39200036075036077,0.07262462554984038,0.7937045163074912,0.025840350224229362
Age_Group,gu1,FC,alpha,Linear SVM,15,0.6711456463487355,0.03195378250669588,0.4,0.09189365834726815,0.41574675324675325,0.0831896653992915,0.7977332705433392,0.02817376797550834
Age_Group,gu1,FC,alpha,Random Forest,15,0.6383574033994229,0.08006340797351108,0.36666666666666664,0.08432740427115679,0.37551046176046177,0.06776345247958618,0.7856127160406337,0.025096480676879578
Age_Group,gu1,FC,alpha,Elastic Net,15,0.6606191620291735,0.036761639129255334,0.36666666666666664,0.08692269873603532,0.37941919191919193,0.0851782047607886,0.7867849724646063,0.026350619022861278
Age_Group,gu1,FC,beta,Linear SVM,15,0.6582742279015162,0.047179553431187286,0.3866666666666666,0.07483314773547883,0.39842352092352096,0.06964046060175115,0.7983848942819194,0.01977103202914575
Age_Group,gu1,FC,beta,Random Forest,15,0.6309241988825226,0.04397122338957653,0.4533333333333333,0.06863753427324668,0.45084235209235207,0.07870662316906243,0.8126139047832412,0.021879521283994653
Age_Group,gu1,FC,beta,Elastic Net,15,0.6651023110417847,0.04577230956457053,0.4,0.059628479399994404,0.4013780663780664,0.03679548255924069,0.8012126965330626,0.01780421623502556
Age_Group,gu1,FC,highbeta,Linear SVM,15,0.666189764113334,0.07673769223303208,0.31333333333333335,0.06863753427324668,0.30776695526695524,0.07272865313008027,0.7736761697493962,0.02117574927064658
Age_Group,gu1,FC,highbeta,Random Forest,15,0.5418408100671258,0.03572797614146129,0.33999999999999997,0.024944382578492935,0.32725108225108224,0.04211245824177577,0.7782010643818424,0.00720151018143927
Age_Group,gu1,FC,highbeta,Elastic Net,15,0.6045059678815973,0.03310135513383628,0.3133333333333333,0.039999999999999994,0.32387445887445887,0.04450191775770866,0.7716781955649232,0.013586042218782353
Age_Group,gu1,FC,gamma,Linear SVM,15,0.6542075780203354,0.03059938813568811,0.36,0.048989794855663585,0.36754329004329,0.04657641271580081,0.7843228994499017,0.016870792240916428
Age_Group,gu1,FC,gamma,Random Forest,15,0.5705103871793518,0.02686803782960442,0.3266666666666666,0.05734883511361752,0.32352272727272724,0.0621939801112991,0.7730838250231843,0.021498089605347846
Age_Group,gu1,FC,gamma,Elastic Net,15,0.6126818474431748,0.04416081282535838,0.32,0.054160256030906406,0.3353445165945166,0.0668642224923307,0.7729014642870478,0.018864260150889604
Age_Group,gu1,PSD,delta,Linear SVM,15,0.6680337879490625,0.03754684654701916,0.3466666666666667,0.0498887651569859,0.33553030303030296,0.06448239223087623,0.7761365194683274,0.01955877035584738
Age_Group,gu1,PSD,delta,Random Forest,15,0.6065457884633799,0.07875216968727307,0.36,0.07423685817106697,0.32505230880230884,0.06634192376256635,0.7852488647889105,0.022962385127543665
Age_Group,gu1,PSD,delta,Elastic Net,15,0.6323795539234899,0.060042149732186356,0.31333333333333335,0.08055363982396382,0.3143380230880231,0.08438128080096155,0.7680206147780518,0.031245582881994714
Age_Group,gu1,PSD,theta,Linear SVM,15,0.622609597280421,0.013914050402449453,0.4,0.055777335102271716,0.4057864357864358,0.05102476573872497,0.7986715930903575,0.017997263778462197
Age_Group,gu1,PSD,theta,Random Forest,15,0.5828758297522885,0.04941311087684551,0.4,0.09189365834726815,0.3772348484848485,0.08050135477396496,0.7958311440656978,0.03118527326742821
Age_Group,gu1,PSD,theta,Elastic Net,15,0.6573883849877558,0.044333302461128654,0.3866666666666666,0.07483314773547883,0.39200036075036077,0.07262462554984038,0.7937045163074912,0.025840350224229362
Age_Group,gu1,PSD,alpha,Linear SVM,15,0.6711456463487355,0.03195378250669588,0.4,0.09189365834726815,0.41574675324675325,0.0831896653992915,0.7977332705433392,0.02817376797550834
Age_Group,gu1,PSD,alpha,Random Forest,15,0.6383574033994229,0.08006340797351108,0.36666666666666664,0.08432740427115679,0.37551046176046177,0.06776345247958618,0.7856127160406337,0.025096480676879578
Age_Group,gu1,PSD,alpha,Elastic Net,15,0.6606191620291735,0.036761639129255334,0.36666666666666664,0.08692269873603532,0.37941919191919193,0.0851782047607886,0.7867849724646063,0.026350619022861278
Age_Group,gu1,PSD,beta,Linear SVM,15,0.6582742279015162,0.047179553431187286,0.3866666666666666,0.07483314773547883,0.39842352092352096,0.06964046060175115,0.7983848942819194,0.01977103202914575
Age_Group,gu1,PSD,beta,Random Forest,15,0.6309241988825226,0.04397122338957653,0.4533333333333333,0.06863753427324668,0.45084235209235207,0.07870662316906243,0.8126139047832412,0.021879521283994653
Age_Group,gu1,PSD,beta,Elastic Net,15,0.6651023110417847,0.04577230956457053,0.4,0.059628479399994404,0.4013780663780664,0.03679548255924069,0.8012126965330626,0.01780421623502556
Age_Group,gu1,PSD,highbeta,Linear SVM,15,0.666189764113334,0.07673769223303208,0.31333333333333335,0.06863753427324668,0.30776695526695524,0.07272865313008027,0.7736761697493962,0.02117574927064658
Age_Group,gu1,PSD,highbeta,Random Forest,15,0.5418408100671258,0.03572797614146129,0.33999999999999997,0.024944382578492935,0.32725108225108224,0.04211245824177577,0.7782010643818424,0.00720151018143927
Age_Group,gu1,PSD,highbeta,Elastic Net,15,0.6045059678815973,0.03310135513383628,0.3133333333333333,0.039999999999999994,0.32387445887445887,0.04450191775770866,0.7716781955649232,0.013586042218782353
Age_Group,gu1,PSD,gamma,Linear SVM,15,0.6542075780203354,0.03059938813568811,0.36,0.048989794855663585,0.36754329004329,0.04657641271580081,0.7843228994499017,0.016870792240916428
Age_Group,gu1,PSD,gamma,Random Forest,15,0.5705103871793518,0.02686803782960442,0.3266666666666666,0.05734883511361752,0.32352272727272724,0.0621939801112991,0.7730838250231843,0.021498089605347846
Age_Group,gu1,PSD,gamma,Elastic Net,15,0.6126818474431748,0.04416081282535838,0.32,0.054160256030906406,0.3353445165945166,0.0668642224923307,0.7729014642870478,0.018864260150889604
Age_Group,gu1,PSD_FC,delta,Linear SVM,15,0.6680337879490625,0.03754684654701916,0.3466666666666667,0.0498887651569859,0.33553030303030296,0.06448239223087623,0.7761365194683274,0.01955877035584738
Age_Group,gu1,PSD_FC,delta,Random Forest,15,0.6065457884633799,0.07875216968727307,0.36,0.07423685817106697,0.32505230880230884,0.06634192376256635,0.7852488647889105,0.022962385127543665
Age_Group,gu1,PSD_FC,delta,Elastic Net,15,0.6323795539234899,0.060042149732186356,0.31333333333333335,0.08055363982396382,0.3143380230880231,0.08438128080096155,0.7680206147780518,0.031245582881994714
Age_Group,gu1,PSD_FC,theta,Linear SVM,15,0.622609597280421,0.013914050402449453,0.4,0.055777335102271716,0.4057864357864358,0.05102476573872497,0.7986715930903575,0.017997263778462197
Age_Group,gu1,PSD_FC,theta,Random Forest,15,0.5828758297522885,0.04941311087684551,0.4,0.09189365834726815,0.3772348484848485,0.08050135477396496,0.7958311440656978,0.03118527326742821
Age_Group,gu1,PSD_FC,theta,Elastic Net,15,0.6573883849877558,0.044333302461128654,0.3866666666666666,0.07483314773547883,0.39200036075036077,0.07262462554984038,0.7937045163074912,0.025840350224229362
Age_Group,gu1,PSD_FC,alpha,Linear SVM,15,0.6711456463487355,0.03195378250669588,0.4,0.09189365834726815,0.41574675324675325,0.0831896653992915,0.7977332705433392,0.02817376797550834
Age_Group,gu1,PSD_FC,alpha,Random Forest,15,0.6383574033994229,0.08006340797351108,0.36666666666666664,0.08432740427115679,0.37551046176046177,0.06776345247958618,0.7856127160406337,0.025096480676879578
Age_Group,gu1,PSD_FC,alpha,Elastic Net,15,0.6606191620291735,0.036761639129255334,0.36666666666666664,0.08692269873603532,0.37941919191919193,0.0851782047607886,0.7867849724646063,0.026350619022861278
Age_Group,gu1,PSD_FC,beta,Linear SVM,15,0.6582742279015162,0.047179553431187286,0.3866666666666666,0.07483314773547883,0.39842352092352096,0.06964046060175115,0.7983848942819194,0.01977103202914575
Age_Group,gu1,PSD_FC,beta,Random Forest,15,0.6309241988825226,0.04397122338957653,0.4533333333333333,0.06863753427324668,0.45084235209235207,0.07870662316906243,0.8126139047832412,0.021879521283994653
Age_Group,gu1,PSD_FC,beta,Elastic Net,15,0.6651023110417847,0.04577230956457053,0.4,0.059628479399994404,0.4013780663780664,0.03679548255924069,0.8012126965330626,0.01780421623502556
Age_Group,gu1,PSD_FC,highbeta,Linear SVM,15,0.666189764113334,0.07673769223303208,0.31333333333333335,0.06863753427324668,0.30776695526695524,0.07272865313008027,0.7736761697493962,0.02117574927064658
Age_Group,gu1,PSD_FC,highbeta,Random Forest,15,0.5418408100671258,0.03572797614146129,0.33999999999999997,0.024944382578492935,0.32725108225108224,0.04211245824177577,0.7782010643818424,0.00720151018143927
Age_Group,gu1,PSD_FC,highbeta,Elastic Net,15,0.6045059678815973,0.03310135513383628,0.3133333333333333,0.039999999999999994,0.32387445887445887,0.04450191775770866,0.7716781955649232,0.013586042218782353
Age_Group,gu1,PSD_FC,gamma,Linear SVM,15,0.6542075780203354,0.03059938813568811,0.36,0.048989794855663585,0.36754329004329,0.04657641271580081,0.7843228994499017,0.016870792240916428
Age_Group,gu1,PSD_FC,gamma,Random Forest,15,0.5705103871793518,0.02686803782960442,0.3266666666666666,0.05734883511361752,0.32352272727272724,0.0621939801112991,0.7730838250231843,0.021498089605347846
Age_Group,gu1,PSD_FC,gamma,Elastic Net,15,0.6126818474431748,0.04416081282535838,0.32,0.054160256030906406,0.3353445165945166,0.0668642224923307,0.7729014642870478,0.018864260150889604
Language,gu1,FC,delta,Linear SVM,15,0.4067652280033222,0.1063764281114547,0.28,0.06863753427324665,0.2539835164835165,0.08067953315307627,0.7593430199529723,0.021827388950173564
Language,gu1,FC,delta,Random Forest,15,0.5811420701977491,0.09200718056162081,0.43999999999999995,0.1218377792166471,0.39807692307692305,0.1608177733401213,0.7996632556525405,0.04748378951347013
Language,gu1,FC,delta,Elastic Net,15,0.5115612383912057,0.11042407481849328,0.29333333333333333,0.06463573143221772,0.2885302197802198,0.1036504184024154,0.7626547497832444,0.021557666506575788
Language,gu1,FC,theta,Linear SVM,15,0.40822575651705206,0.08545083851122852,0.23333333333333334,0.055777335102271695,0.24031593406593407,0.12044917606698502,0.7395753457782186,0.021325370652117183
Language,gu1,FC,theta,Random Forest,15,0.4755012231903383,0.10759660107878123,0.33333333333333337,0.0632455532033676,0.28715659340659344,0.10310765668018537,0.7524846259547843,0.03464806747476826
Language,gu1,FC,theta,Elastic Net,15,0.5228632972988736,0.12858154220891738,0.27999999999999997,0.08589399151150083,0.34059065934065935,0.17445506505361075,0.7591870890376049,0.03358764197636681
Language,gu1,FC,alpha,Linear SVM,15,0.42463800131322066,0.10138010206364896,0.2066666666666667,0.0771722460186015,0.2260989010989011,0.13698240643728166,0.7459096571366722,0.027691342068158892
Language,gu1,FC,alpha,Random Forest,15,0.4730989923516821,0.05723118605791531,0.2733333333333333,0.06798692684790378,0.2532967032967033,0.056841250216018616,0.7382459028316247,0.017658846144205858
Language,gu1,FC,alpha,Elastic Net,15,0.4968243883508678,0.10210403259838353,0.22666666666666666,0.06463573143221772,0.2397664835164835,0.13262012290431152,0.7494423946831015,0.02579063734052889
Language,gu1,FC,beta,Linear SVM,15,0.47849086544904085,0.03255799765071837,0.24666666666666665,0.0541602560309064,0.24457417582417582,0.06255673068341926,0.7491962718029831,0.015360786967470001
Language,gu1,FC,beta,Random Forest,15,0.40218999220254564,0.039792307939681804,0.26,0.0573488351136175,0.19800824175824178,0.03280825431413817,0.7304109058438695,0.01997320817998725
Language,gu1,FC,beta,Elastic Net,15,0.48662443487921375,0.06690885556539329,0.2866666666666667,0.06863753427324668,0.29629120879120874,0.09134522431981826,0.7659810397513237,0.026929108438796652
Language,gu1,FC,highbeta,Linear SVM,15,0.4804348301017705,0.06342054445025584,0.2733333333333333,0.10832051206181281,0.2394230769230769,0.051380512407987224,0.7442054266506929,0.030248896144634597
Language,gu1,FC,highbeta,Random Forest,15,0.5819902193560035,0.057948095619766445,0.3466666666666667,0.061824123303304696,0.2958104395604396,0.05286347158315209,0.7621239919574208,0.021124011912037843
Language,gu1,FC,highbeta,Elastic Net,15,0.5220798629615822,0.0910899513699465,0.2666666666666667,0.036514837167011066,0.3159340659340659,0.1058998230472299,0.7450614575256298,0.013644825636449861
Language,gu1,FC,gamma,Linear SVM,15,0.4726546410860504,0.04669572967438733,0.22000000000000003,0.033993463423951896,0.2573489010989011,0.0671018943948159,0.7477017531150392,0.016116833963507125
Language,gu1,FC,gamma,Random Forest,15,0.5005263107532515,0.06594953739497503,0.21999999999999997,0.07180219742846004,0.22273351648351652,0.08830200916448734,0.7256702889006222,0.03210038769509374
Language,gu1,FC,gamma,Elastic Net,15,0.47439351191955587,0.042151098822773535,0.24666666666666665,0.07483314773547882,0.2218406593406593,0.07365987377527074,0.7604887718001198,0.029367801137427173
Language,gu1,PSD,delta,Linear SVM,15,0.4067652280033222,0.1063764281114547,0.28,0.06863753427324665,0.2539835164835165,0.08067953315307627,0.7593430199529723,0.021827388950173564
Language,gu1,PSD,delta,Random Forest,15,0.5811420701977491,0.09200718056162081,0.43999999999999995,0.1218377792166471,0.39807692307692305,0.1608177733401213,0.7996632556525405,0.04748378951347013
Language,gu1,PSD,delta,Elastic Net,15,0.5115612383912057,0.11042407481849328,0.29333333333333333,0.06463573143221772,0.2885302197802198,0.1036504184024154,0.7626547497832444,0.021557666506575788
Language,gu1,PSD,theta,Linear SVM,15,0.40822575651705206,0.08545083851122852,0.23333333333333334,0.055777335102271695,0.24031593406593407,0.12044917606698502,0.7395753457782186,0.021325370652117183
Language,gu1,PSD,theta,Random Forest,15,0.4755012231903383,0.10759660107878123,0.33333333333333337,0.0632455532033676,0.28715659340659344,0.10310765668018537,0.7524846259547843,0.03464806747476826
Language,gu1,PSD,theta,Elastic Net,15,0.5228632972988736,0.12858154220891738,0.27999999999999997,0.08589399151150083,0.34059065934065935,0.17445506505361075,0.7591870890376049,0.03358764197636681
Language,gu1,PSD,alpha,Linear SVM,15,0.42463800131322066,0.10138010206364896,0.2066666666666667,0.0771722460186015,0.2260989010989011,0.13698240643728166,0.7459096571366722,0.027691342068158892
Language,gu1,PSD,alpha,Random Forest,15,0.4730989923516821,0.05723118605791531,0.2733333333333333,0.06798692684790378,0.2532967032967033,0.056841250216018616,0.7382459028316247,0.017658846144205858
Language,gu1,PSD,alpha,Elastic Net,15,0.4968243883508678,0.10210403259838353,0.22666666666666666,0.06463573143221772,0.2397664835164835,0.13262012290431152,0.7494423946831015,0.02579063734052889
Language,gu1,PSD,beta,Linear SVM,15,0.47849086544904085,0.03255799765071837,0.24666666666666665,0.0541602560309064,0.24457417582417582,0.06255673068341926,0.7491962718029831,0.015360786967470001
Language,gu1,PSD,beta,Random Forest,15,0.40218999220254564,0.039792307939681804,0.26,0.0573488351136175,0.19800824175824178,0.03280825431413817,0.7304109058438695,0.01997320817998725
Language,gu1,PSD,beta,Elastic Net,15,0.48662443487921375,0.06690885556539329,0.2866666666666667,0.06863753427324668,0.29629120879120874,0.09134522431981826,0.7659810397513237,0.026929108438796652
Language,gu1,PSD,highbeta,Linear SVM,15,0.4804348301017705,0.06342054445025584,0.2733333333333333,0.10832051206181281,0.2394230769230769,0.051380512407987224,0.7442054266506929,0.030248896144634597
Language,gu1,PSD,highbeta,Random Forest,15,0.5819902193560035,0.057948095619766445,0.3466666666666667,0.061824123303304696,0.2958104395604396,0.05286347158315209,0.7621239919574208,0.021124011912037843
Language,gu1,PSD,highbeta,Elastic Net,15,0.5220798629615822,0.0910899513699465,0.2666666666666667,0.036514837167011066,0.3159340659340659,0.1058998230472299,0.7450614575256298,0.013644825636449861
Language,gu1,PSD,gamma,Linear SVM,15,0.4726546410860504,0.04669572967438733,0.22000000000000003,0.033993463423951896,0.2573489010989011,0.0671018943948159,0.7477017531150392,0.016116833963507125
Language,gu1,PSD,gamma,Random Forest,15,0.5005263107532515,0.06594953739497503,0.21999999999999997,0.07180219742846004,0.22273351648351652,0.08830200916448734,0.7256702889006222,0.03210038769509374
Language,gu1,PSD,gamma,Elastic Net,15,0.47439351191955587,0.042151098822773535,0.24666666666666665,0.07483314773547882,0.2218406593406593,0.07365987377527074,0.7604887718001198,0.029367801137427173
Language,gu1,PSD_FC,delta,Linear SVM,15,0.4067652280033222,0.1063764281114547,0.28,0.06863753427324665,0.2539835164835165,0.08067953315307627,0.7593430199529723,0.021827388950173564
Language,gu1,PSD_FC,delta,Random Forest,15,0.5811420701977491,0.09200718056162081,0.43999999999999995,0.1218377792166471,0.39807692307692305,0.1608177733401213,0.7996632556525405,0.04748378951347013
Language,gu1,PSD_FC,delta,Elastic Net,15,0.5115612383912057,0.11042407481849328,0.29333333333333333,0.06463573143221772,0.2885302197802198,0.1036504184024154,0.7626547497832444,0.021557666506575788
Language,gu1,PSD_FC,theta,Linear SVM,15,0.40822575651705206,0.08545083851122852,0.23333333333333334,0.055777335102271695,0.24031593406593407,0.12044917606698502,0.7395753457782186,0.021325370652117183
Language,gu1,PSD_FC,theta,Random Forest,15,0.4755012231903383,0.10759660107878123,0.33333333333333337,0.0632455532033676,0.28715659340659344,0.10310765668018537,0.7524846259547843,0.03464806747476826
Language,gu1,PSD_FC,theta,Elastic Net,15,0.5228632972988736,0.12858154220891738,0.27999999999999997,0.08589399151150083,0.34059065934065935,0.17445506505361075,0.7591870890376049,0.03358764197636681
Language,gu1,PSD_FC,alpha,Linear SVM,15,0.42463800131322066,0.10138010206364896,0.2066666666666667,0.0771722460186015,0.2260989010989011,0.13698240643728166,0.7459096571366722,0.027691342068158892
Language,gu1,PSD_FC,alpha,Random Forest,15,0.4730989923516821,0.05723118605791531,0.2733333333333333,0.06798692684790378,0.2532967032967033,0.056841250216018616,0.7382459028316247,0.017658846144205858
Language,gu1,PSD_FC,alpha,Elastic Net,15,0.4968243883508678,0.10210403259838353,0.22666666666666666,0.06463573143221772,0.2397664835164835,0.13262012290431152,0.7494423946831015,0.02579063734052889
Language,gu1,PSD_FC,beta,Linear SVM,15,0.47849086544904085,0.03255799765071837,0.24666666666666665,0.0541602560309064,0.24457417582417582,0.06255673068341926,0.7491962718029831,0.015360786967470001
Language,gu1,PSD_FC,beta,Random Forest,15,0.40218999220254564,0.039792307939681804,0.26,0.0573488351136175,0.19800824175824178,0.03280825431413817,0.7304109058438695,0.01997320817998725
Language,gu1,PSD_FC,beta,Elastic Net,15,0.48662443487921375,0.06690885556539329,0.2866666666666667,0.06863753427324668,0.29629120879120874,0.09134522431981826,0.7659810397513237,0.026929108438796652
Language,gu1,PSD_FC,highbeta,Linear SVM,15,0.4804348301017705,0.06342054445025584,0.2733333333333333,0.10832051206181281,0.2394230769230769,0.051380512407987224,0.7442054266506929,0.030248896144634597
Language,gu1,PSD_FC,highbeta,Random Forest,15,0.5819902193560035,0.057948095619766445,0.3466666666666667,0.061824123303304696,0.2958104395604396,0.05286347158315209,0.7621239919574208,0.021124011912037843
Language,gu1,PSD_FC,highbeta,Elastic Net,15,0.5220798629615822,0.0910899513699465,0.2666666666666667,0.036514837167011066,0.3159340659340659,0.1058998230472299,0.7450614575256298,0.013644825636449861
Language,gu1,PSD_FC,gamma,Linear SVM,15,0.4726546410860504,0.04669572967438733,0.22000000000000003,0.033993463423951896,0.2573489010989011,0.0671018943948159,0.7477017531150392,0.016116833963507125
Language,gu1,PSD_FC,gamma,Random Forest,15,0.5005263107532515,0.06594953739497503,0.21999999999999997,0.07180219742846004,0.22273351648351652,0.08830200916448734,0.7256702889006222,0.03210038769509374
Language,gu1,PSD_FC,gamma,Elastic Net,15,0.47439351191955587,0.042151098822773535,0.24666666666666665,0.07483314773547882,0.2218406593406593,0.07365987377527074,0.7604887718001198,0.029367801137427173
Language_Tonal,gu1,FC,delta,Linear SVM,15,0.43592840982546865,0.06454017076310467,0.4533333333333333,0.04521553322083511,0.4485011312217194,0.04665384527612211,0.4485011312217194,0.04665384527612211
Language_Tonal,gu1,FC,delta,Random Forest,15,0.5906694408532644,0.08091710436977487,0.6266666666666667,0.04898979485566355,0.620467032967033,0.053006300548039766,0.620467032967033,0.053006300548039766
Language_Tonal,gu1,FC,delta,Elastic Net,15,0.5095871040723983,0.05908514424664333,0.5066666666666666,0.024944382578492935,0.5022503232062056,0.018819042129363438,0.5022503232062056,0.018819042129363438
Language_Tonal,gu1,FC,theta,Linear SVM,15,0.46070620555914676,0.030756262761286984,0.5599999999999999,0.02494438257849294,0.567594537815126,0.02414374963638289,0.567594537815126,0.02414374963638289
Language_Tonal,gu1,FC,theta,Random Forest,15,0.48959882029734975,0.020702482964493868,0.5133333333333333,0.03399346342395189,0.5123262766645119,0.03456350562152761,0.5123262766645119,0.03456350562152761
Language_Tonal,gu1,FC,theta,Elastic Net,15,0.4870838720103426,0.02822265175482172,0.5,0.02108185106778919,0.5014544279250162,0.025114598810681867,0.5014544279250162,0.025114598810681867
Language_Tonal,gu1,FC,alpha,Linear SVM,15,0.6394715578539109,0.06233703875654419,0.39333333333333337,0.053333333333333344,0.3874959599224305,0.053096176845002285,0.3874959599224305,0.053096176845002285
Language_Tonal,gu1,FC,alpha,Random Forest,15,0.38967558177117,0.059694843514905886,0.42000000000000004,0.058118652580542315,0.4066459276018099,0.05350892873601153,0.4066459276018099,0.05350892873601153
Language_Tonal,gu1,FC,alpha,Elastic Net,15,0.3512322236586942,0.06829157831830843,0.38666666666666666,0.0618241233033047,0.3778078539107951,0.06570672909085919,0.3778078539107951,0.06570672909085919
Language_Tonal,gu1,FC,beta,Linear SVM,15,0.6160875888817066,0.041594927394710386,0.38666666666666666,0.06863753427324668,0.3839245313510019,0.07843357148394943,0.3839245313510019,0.07843357148394943
Language_Tonal,gu1,FC,beta,Random Forest,15,0.3745555914673562,0.0680907621847165,0.42666666666666664,0.07118052168020875,0.41555025856496447,0.06513489889218903,0.41555025856496447,0.06513489889218903
Language_Tonal,gu1,FC,beta,Elastic Net,15,0.3790198771816419,0.049706504582464284,0.4066666666666666,0.044221663871405345,0.40319974143503556,0.04236714368815874,0.40319974143503556,0.04236714368815874
Language_Tonal,gu1,FC,highbeta,Linear SVM,15,0.5609183096315449,0.09624728178600543,0.4533333333333333,0.06863753427324668,0.46401098901098903,0.07072209687505937,0.46401098901098903,0.07072209687505937
Language_Tonal,gu1,FC,highbeta,Random Forest,15,0.44647907239819,0.11681739014752399,0.49333333333333335,0.08273115763993905,0.48308823529411776,0.09011629107969293,0.48308823529411776,0.09011629107969293
Language_Tonal,gu1,FC,highbeta,Elastic Net,15,0.455118778280543,0.05868210986896833,0.4866666666666667,0.061824123303304675,0.4875161603102779,0.057926417479048115,0.4875161603102779,0.057926417479048115
Language_Tonal,gu1,FC,gamma,Linear SVM,15,0.590332094376212,0.06282837677244622,0.4133333333333334,0.07774602526460402,0.4070620555914674,0.07412067554001092,0.4070620555914674,0.07412067554001092
Language_Tonal,gu1,FC,gamma,Random Forest,15,0.453583548804137,0.07205636758202962,0.43999999999999995,0.05734883511361751,0.44129363283775047,0.0697987171974232,0.44129363283775047,0.0697987171974232
Language_Tonal,gu1,FC,gamma,Elastic Net,15,0.39979799612152556,0.058802971092218076,0.38666666666666666,0.08055363982396382,0.3808298319327731,0.08310078322123367,0.3808298319327731,0.08310078322123367
Language_Tonal,gu1,PSD,delta,Linear SVM,15,0.43592840982546865,0.06454017076310467,0.4533333333333333,0.04521553322083511,0.4485011312217194,0.04665384527612211,0.4485011312217194,0.04665384527612211
Language_Tonal,gu1,PSD,delta,Random Forest,15,0.5906694408532644,0.08091710436977487,0.6266666666666667,0.04898979485566355,0.620467032967033,0.053006300548039766,0.620467032967033,0.053006300548039766
Language_Tonal,gu1,PSD,delta,Elastic Net,15,0.5095871040723983,0.05908514424664333,0.5066666666666666,0.024944382578492935,0.5022503232062056,0.018819042129363438,0.5022503232062056,0.018819042129363438
Language_Tonal,gu1,PSD,theta,Linear SVM,15,0.46070620555914676,0.030756262761286984,0.5599999999999999,0.02494438257849294,0.567594537815126,0.02414374963638289,0.567594537815126,0.02414374963638289
Language_Tonal,gu1,PSD,theta,Random Forest,15,0.48959882029734975,0.020702482964493868,0.5133333333333333,0.03399346342395189,0.5123262766645119,0.03456350562152761,0.5123262766645119,0.03456350562152761
Language_Tonal,gu1,PSD,theta,Elastic Net,15,0.4870838720103426,0.02822265175482172,0.5,0.02108185106778919,0.5014544279250162,0.025114598810681867,0.5014544279250162,0.025114598810681867
Language_Tonal,gu1,PSD,alpha,Linear SVM,15,0.6394715578539109,0.06233703875654419,0.39333333333333337,0.053333333333333344,0.3874959599224305,0.053096176845002285,0.3874959599224305,0.053096176845002285
Language_Tonal,gu1,PSD,alpha,Random Forest,15,0.38967558177117,0.059694843514905886,0.42000000000000004,0.058118652580542315,0.4066459276018099,0.05350892873601153,0.4066459276018099,0.05350892873601153
Language_Tonal,gu1,PSD,alpha,Elastic Net,15,0.3512322236586942,0.06829157831830843,0.38666666666666666,0.0618241233033047,0.3778078539107951,0.06570672909085919,0.3778078539107951,0.06570672909085919
Language_Tonal,gu1,PSD,beta,Linear SVM,15,0.6160875888817066,0.041594927394710386,0.38666666666666666,0.06863753427324668,0.3839245313510019,0.07843357148394943,0.3839245313510019,0.07843357148394943
Language_Tonal,gu1,PSD,beta,Random Forest,15,0.3745555914673562,0.0680907621847165,0.42666666666666664,0.07118052168020875,0.41555025856496447,0.06513489889218903,0.41555025856496447,0.06513489889218903
Language_Tonal,gu1,PSD,beta,Elastic Net,15,0.3790198771816419,0.049706504582464284,0.4066666666666666,0.044221663871405345,0.40319974143503556,0.04236714368815874,0.40319974143503556,0.04236714368815874
Language_Tonal,gu1,PSD,highbeta,Linear SVM,15,0.5609183096315449,0.09624728178600543,0.4533333333333333,0.06863753427324668,0.46401098901098903,0.07072209687505937,0.46401098901098903,0.07072209687505937
Language_Tonal,gu1,PSD,highbeta,Random Forest,15,0.44647907239819,0.11681739014752399,0.49333333333333335,0.08273115763993905,0.48308823529411776,0.09011629107969293,0.48308823529411776,0.09011629107969293
Language_Tonal,gu1,PSD,highbeta,Elastic Net,15,0.455118778280543,0.05868210986896833,0.4866666666666667,0.061824123303304675,0.4875161603102779,0.057926417479048115,0.4875161603102779,0.057926417479048115
Language_Tonal,gu1,PSD,gamma,Linear SVM,15,0.590332094376212,0.06282837677244622,0.4133333333333334,0.07774602526460402,0.4070620555914674,0.07412067554001092,0.4070620555914674,0.07412067554001092
Language_Tonal,gu1,PSD,gamma,Random Forest,15,0.453583548804137,0.07205636758202962,0.43999999999999995,0.05734883511361751,0.44129363283775047,0.0697987171974232,0.44129363283775047,0.0697987171974232
Language_Tonal,gu1,PSD,gamma,Elastic Net,15,0.39979799612152556,0.058802971092218076,0.38666666666666666,0.08055363982396382,0.3808298319327731,0.08310078322123367,0.3808298319327731,0.08310078322123367
Language_Tonal,gu1,PSD_FC,delta,Linear SVM,15,0.43592840982546865,0.06454017076310467,0.4533333333333333,0.04521553322083511,0.4485011312217194,0.04665384527612211,0.4485011312217194,0.04665384527612211
Language_Tonal,gu1,PSD_FC,delta,Random Forest,15,0.5906694408532644,0.08091710436977487,0.6266666666666667,0.04898979485566355,0.620467032967033,0.053006300548039766,0.620467032967033,0.053006300548039766
Language_Tonal,gu1,PSD_FC,delta,Elastic Net,15,0.5095871040723983,0.05908514424664333,0.5066666666666666,0.024944382578492935,0.5022503232062056,0.018819042129363438,0.5022503232062056,0.018819042129363438
Language_Tonal,gu1,PSD_FC,theta,Linear SVM,15,0.46070620555914676,0.030756262761286984,0.5599999999999999,0.02494438257849294,0.567594537815126,0.02414374963638289,0.567594537815126,0.02414374963638289
Language_Tonal,gu1,PSD_FC,theta,Random Forest,15,0.48959882029734975,0.020702482964493868,0.5133333333333333,0.03399346342395189,0.5123262766645119,0.03456350562152761,0.5123262766645119,0.03456350562152761
Language_Tonal,gu1,PSD_FC,theta,Elastic Net,15,0.4870838720103426,0.02822265175482172,0.5,0.02108185106778919,0.5014544279250162,0.025114598810681867,0.5014544279250162,0.025114598810681867
Language_Tonal,gu1,PSD_FC,alpha,Linear SVM,15,0.6394715578539109,0.06233703875654419,0.39333333333333337,0.053333333333333344,0.3874959599224305,0.053096176845002285,0.3874959599224305,0.053096176845002285
Language_Tonal,gu1,PSD_FC,alpha,Random Forest,15,0.38967558177117,0.059694843514905886,0.42000000000000004,0.058118652580542315,0.4066459276018099,0.05350892873601153,0.4066459276018099,0.05350892873601153
Language_Tonal,gu1,PSD_FC,alpha,Elastic Net,15,0.3512322236586942,0.06829157831830843,0.38666666666666666,0.0618241233033047,0.3778078539107951,0.06570672909085919,0.3778078539107951,0.06570672909085919
Language_Tonal,gu1,PSD_FC,beta,Linear SVM,15,0.6160875888817066,0.041594927394710386,0.38666666666666666,0.06863753427324668,0.3839245313510019,0.07843357148394943,0.3839245313510019,0.07843357148394943
Language_Tonal,gu1,PSD_FC,beta,Random Forest,15,0.3745555914673562,0.0680907621847165,0.42666666666666664,0.07118052168020875,0.41555025856496447,0.06513489889218903,0.41555025856496447,0.06513489889218903
Language_Tonal,gu1,PSD_FC,beta,Elastic Net,15,0.3790198771816419,0.049706504582464284,0.4066666666666666,0.044221663871405345,0.40319974143503556,0.04236714368815874,0.40319974143503556,0.04236714368815874
Language_Tonal,gu1,PSD_FC,highbeta,Linear SVM,15,0.5609183096315449,0.09624728178600543,0.4533333333333333,0.06863753427324668,0.46401098901098903,0.07072209687505937,0.46401098901098903,0.07072209687505937
Language_Tonal,gu1,PSD_FC,highbeta,Random Forest,15,0.44647907239819,0.11681739014752399,0.49333333333333335,0.08273115763993905,0.48308823529411776,0.09011629107969293,0.48308823529411776,0.09011629107969293
Language_Tonal,gu1,PSD_FC,highbeta,Elastic Net,15,0.455118778280543,0.05868210986896833,0.4866666666666667,0.061824123303304675,0.4875161603102779,0.057926417479048115,0.4875161603102779,0.057926417479048115
Language_Tonal,gu1,PSD_FC,gamma,Linear SVM,15,0.590332094376212,0.06282837677244622,0.4133333333333334,0.07774602526460402,0.4070620555914674,0.07412067554001092,0.4070620555914674,0.07412067554001092
Language_Tonal,gu1,PSD_FC,gamma,Random Forest,15,0.453583548804137,0.07205636758202962,0.43999999999999995,0.05734883511361751,0.44129363283775047,0.0697987171974232,0.44129363283775047,0.0697987171974232
Language_Tonal,gu1,PSD_FC,gamma,Elastic Net,15,0.39979799612152556,0.058802971092218076,0.38666666666666666,0.08055363982396382,0.3808298319327731,0.08310078322123367,0.3808298319327731,0.08310078322123367
Age_Child_Language_Tonal,gu1,FC,delta,Linear SVM,15,0.5018064574314575,0.04100105836610355,0.21637426900584797,0.06416779754079627,0.22369047619047616,0.04395324510320075,0.735698051948052,0.014916855547062511
Age_Child_Language_Tonal,gu1,FC,delta,Random Forest,15,0.5397844516594517,0.08132650738528883,0.29005847953216374,0.0913928636050821,0.2723809523809524,0.0927369490729343,0.7585037878787879,0.029565868045093296
Age_Child_Language_Tonal,gu1,FC,delta,Elastic Net,15,0.5699260461760463,0.06744734164239162,0.19415204678362571,0.05577365622253269,0.21107142857142858,0.07021448352117336,0.7306304112554113,0.01407823244793729
Age_Child_Language_Tonal,gu1,FC,theta,Linear SVM,15,0.505363455988456,0.055018434020308316,0.2128654970760234,0.08527591173594472,0.2509523809523809,0.0844823842148787,0.7409929653679653,0.02659890529246357
Age_Child_Language_Tonal,gu1,FC,theta,Random Forest,15,0.4080871212121213,0.0822555260256571,0.1935672514619883,0.06523548429185656,0.18916666666666665,0.06768817727198471,0.7251704545454546,0.026032193278862272
Age_Child_Language_Tonal,gu1,FC,theta,Elastic Net,15,0.5077480158730159,0.08527490224874164,0.1912280701754386,0.09579939826772035,0.22595238095238096,0.09916502313849858,0.7390800865800865,0.030185948056257843
Age_Child_Language_Tonal,gu1,FC,alpha,Linear SVM,15,0.4482530663780664,0.07355016901800085,0.2140350877192982,0.05567546308964633,0.2117857142857143,0.06270815676744189,0.7409117965367966,0.019426241874879156
Age_Child_Language_Tonal,gu1,FC,alpha,Random Forest,15,0.4533802308802309,0.048505140858234035,0.2473684210526316,0.07326530883445999,0.20464285714285713,0.06125390449862385,0.7434361471861471,0.017929438462801553
Age_Child_Language_Tonal,gu1,FC,alpha,Elastic Net,15,0.5021879509379509,0.07078959058117926,0.2461988304093567,0.04963531034835776,0.2426190476190476,0.06944936490504637,0.7543777056277057,0.015301576006871698
Age_Child_Language_Tonal,gu1,FC,beta,Linear SVM,15,0.44177579365079367,0.06046802029188434,0.256140350877193,0.08763348629206638,0.2926190476190476,0.10154740970223494,0.7559604978354978,0.021623845837505002
Age_Child_Language_Tonal,gu1,FC,beta,Random Forest,15,0.44609758297258295,0.10070900885255733,0.20350877192982453,0.1165724604628112,0.22607142857142856,0.15742912237393872,0.725676406926407,0.04517431267548283
Age_Child_Language_Tonal,gu1,FC,beta,Elastic Net,15,0.5744435425685427,0.05326196271473937,0.2672514619883041,0.09096528353380473,0.2997619047619048,0.08045153186603621,0.7604626623376624,0.028064796319268868
Age_Child_Language_Tonal,gu1,FC,highbeta,Linear SVM,15,0.5103147546897547,0.07699526436701722,0.20350877192982453,0.048808518397345804,0.21523809523809517,0.058005150682236266,0.7400027056277055,0.018959146317062754
Age_Child_Language_Tonal,gu1,FC,highbeta,Random Forest,15,0.4691950757575758,0.034816037442581,0.2152046783625731,0.035600540947893396,0.2145238095238095,0.05544552596203185,0.7350703463203463,0.02080044911313299
Age_Child_Language_Tonal,gu1,FC,highbeta,Elastic Net,15,0.46234126984126983,0.06594152790042859,0.24795321637426898,0.06643027752590842,0.24011904761904762,0.06843488389215936,0.7531493506493507,0.026764014560663046
Age_Child_Language_Tonal,gu1,FC,gamma,Linear SVM,15,0.4804888167388167,0.04563734194706905,0.24912280701754383,0.0713929471907923,0.24011904761904762,0.07766030162817802,0.749266774891775,0.024293355517294984
Age_Child_Language_Tonal,gu1,FC,gamma,Random Forest,15,0.4804536435786435,0.046990417500597396,0.2888888888888889,0.07448740738288026,0.29976190476190473,0.06697378239538716,0.7584577922077922,0.027957174492955802
Age_Child_Language_Tonal,gu1,FC,gamma,Elastic Net,15,0.485893759018759,0.06330594510586973,0.18304093567251462,0.07382331620144796,0.19190476190476188,0.08163455567510677,0.7293046536796537,0.03400811124773738
Age_Child_Language_Tonal,gu1,PSD,delta,Linear SVM,15,0.5018064574314575,0.04100105836610355,0.21637426900584797,0.06416779754079627,0.22369047619047616,0.04395324510320075,0.735698051948052,0.014916855547062511
Age_Child_Language_Tonal,gu1,PSD,delta,Random Forest,15,0.5397844516594517,0.08132650738528883,0.29005847953216374,0.0913928636050821,0.2723809523809524,0.0927369490729343,0.7585037878787879,0.029565868045093296
Age_Child_Language_Tonal,gu1,PSD,delta,Elastic Net,15,0.5699260461760463,0.06744734164239162,0.19415204678362571,0.05577365622253269,0.21107142857142858,0.07021448352117336,0.7306304112554113,0.01407823244793729
Age_Child_Language_Tonal,gu1,PSD,theta,Linear SVM,15,0.505363455988456,0.055018434020308316,0.2128654970760234,0.08527591173594472,0.2509523809523809,0.0844823842148787,0.7409929653679653,0.02659890529246357
Age_Child_Language_Tonal,gu1,PSD,theta,Random Forest,15,0.4080871212121213,0.0822555260256571,0.1935672514619883,0.06523548429185656,0.18916666666666665,0.06768817727198471,0.7251704545454546,0.026032193278862272
Age_Child_Language_Tonal,gu1,PSD,theta,Elastic Net,15,0.5077480158730159,0.08527490224874164,0.1912280701754386,0.09579939826772035,0.22595238095238096,0.09916502313849858,0.7390800865800865,0.030185948056257843
Age_Child_Language_Tonal,gu1,PSD,alpha,Linear SVM,15,0.4482530663780664,0.07355016901800085,0.2140350877192982,0.05567546308964633,0.2117857142857143,0.06270815676744189,0.7409117965367966,0.019426241874879156
Age_Child_Language_Tonal,gu1,PSD,alpha,Random Forest,15,0.4533802308802309,0.048505140858234035,0.2473684210526316,0.07326530883445999,0.20464285714285713,0.06125390449862385,0.7434361471861471,0.017929438462801553
Age_Child_Language_Tonal,gu1,PSD,alpha,Elastic Net,15,0.5021879509379509,0.07078959058117926,0.2461988304093567,0.04963531034835776,0.2426190476190476,0.06944936490504637,0.7543777056277057,0.015301576006871698
Age_Child_Language_Tonal,gu1,PSD,beta,Linear SVM,15,0.44177579365079367,0.06046802029188434,0.256140350877193,0.08763348629206638,0.2926190476190476,0.10154740970223494,0.7559604978354978,0.021623845837505002
Age_Child_Language_Tonal,gu1,PSD,beta,Random Forest,15,0.44609758297258295,0.10070900885255733,0.20350877192982453,0.1165724604628112,0.22607142857142856,0.15742912237393872,0.725676406926407,0.04517431267548283
Age_Child_Language_Tonal,gu1,PSD,beta,Elastic Net,15,0.5744435425685427,0.05326196271473937,0.2672514619883041,0.09096528353380473,0.2997619047619048,0.08045153186603621,0.7604626623376624,0.028064796319268868
Age_Child_Language_Tonal,gu1,PSD,highbeta,Linear SVM,15,0.5103147546897547,0.07699526436701722,0.20350877192982453,0.048808518397345804,0.21523809523809517,0.058005150682236266,0.7400027056277055,0.018959146317062754
Age_Child_Language_Tonal,gu1,PSD,highbeta,Random Forest,15,0.4691950757575758,0.034816037442581,0.2152046783625731,0.035600540947893396,0.2145238095238095,0.05544552596203185,0.7350703463203463,0.02080044911313299
Age_Child_Language_Tonal,gu1,PSD,highbeta,Elastic Net,15,0.46234126984126983,0.06594152790042859,0.24795321637426898,0.06643027752590842,0.24011904761904762,0.06843488389215936,0.7531493506493507,0.026764014560663046
Age_Child_Language_Tonal,gu1,PSD,gamma,Linear SVM,15,0.4804888167388167,0.04563734194706905,0.24912280701754383,0.0713929471907923,0.24011904761904762,0.07766030162817802,0.749266774891775,0.024293355517294984
Age_Child_Language_Tonal,gu1,PSD,gamma,Random Forest,15,0.4804536435786435,0.046990417500597396,0.2888888888888889,0.07448740738288026,0.29976190476190473,0.06697378239538716,0.7584577922077922,0.027957174492955802
Age_Child_Language_Tonal,gu1,PSD,gamma,Elastic Net,15,0.485893759018759,0.06330594510586973,0.18304093567251462,0.07382331620144796,0.19190476190476188,0.08163455567510677,0.7293046536796537,0.03400811124773738
Age_Child_Language_Tonal,gu1,PSD_FC,delta,Linear SVM,15,0.5018064574314575,0.04100105836610355,0.21637426900584797,0.06416779754079627,0.22369047619047616,0.04395324510320075,0.735698051948052,0.014916855547062511
Age_Child_Language_Tonal,gu1,PSD_FC,delta,Random Forest,15,0.5397844516594517,0.08132650738528883,0.29005847953216374,0.0913928636050821,0.2723809523809524,0.0927369490729343,0.7585037878787879,0.029565868045093296
Age_Child_Language_Tonal,gu1,PSD_FC,delta,Elastic Net,15,0.5699260461760463,0.06744734164239162,0.19415204678362571,0.05577365622253269,0.21107142857142858,0.07021448352117336,0.7306304112554113,0.01407823244793729
Age_Child_Language_Tonal,gu1,PSD_FC,theta,Linear SVM,15,0.505363455988456,0.055018434020308316,0.2128654970760234,0.08527591173594472,0.2509523809523809,0.0844823842148787,0.7409929653679653,0.02659890529246357
Age_Child_Language_Tonal,gu1,PSD_FC,theta,Random Forest,15,0.4080871212121213,0.0822555260256571,0.1935672514619883,0.06523548429185656,0.18916666666666665,0.06768817727198471,0.7251704545454546,0.026032193278862272
Age_Child_Language_Tonal,gu1,PSD_FC,theta,Elastic Net,15,0.5077480158730159,0.08527490224874164,0.1912280701754386,0.09579939826772035,0.22595238095238096,0.09916502313849858,0.7390800865800865,0.030185948056257843
Age_Child_Language_Tonal,gu1,PSD_FC,alpha,Linear SVM,15,0.4482530663780664,0.07355016901800085,0.2140350877192982,0.05567546308964633,0.2117857142857143,0.06270815676744189,0.7409117965367966,0.019426241874879156
Age_Child_Language_Tonal,gu1,PSD_FC,alpha,Random Forest,15,0.4533802308802309,0.048505140858234035,0.2473684210526316,0.07326530883445999,0.20464285714285713,0.06125390449862385,0.7434361471861471,0.017929438462801553
Age_Child_Language_Tonal,gu1,PSD_FC,alpha,Elastic Net,15,0.5021879509379509,0.07078959058117926,0.2461988304093567,0.04963531034835776,0.2426190476190476,0.06944936490504637,0.7543777056277057,0.015301576006871698
Age_Child_Language_Tonal,gu1,PSD_FC,beta,Linear SVM,15,0.44177579365079367,0.06046802029188434,0.256140350877193,0.08763348629206638,0.2926190476190476,0.10154740970223494,0.7559604978354978,0.021623845837505002
Age_Child_Language_Tonal,gu1,PSD_FC,beta,Random Forest,15,0.44609758297258295,0.10070900885255733,0.20350877192982453,0.1165724604628112,0.22607142857142856,0.15742912237393872,0.725676406926407,0.04517431267548283
Age_Child_Language_Tonal,gu1,PSD_FC,beta,Elastic Net,15,0.5744435425685427,0.05326196271473937,0.2672514619883041,0.09096528353380473,0.2997619047619048,0.08045153186603621,0.7604626623376624,0.028064796319268868
Age_Child_Language_Tonal,gu1,PSD_FC,highbeta,Linear SVM,15,0.5103147546897547,0.07699526436701722,0.20350877192982453,0.048808518397345804,0.21523809523809517,0.058005150682236266,0.7400027056277055,0.018959146317062754
Age_Child_Language_Tonal,gu1,PSD_FC,highbeta,Random Forest,15,0.4691950757575758,0.034816037442581,0.2152046783625731,0.035600540947893396,0.2145238095238095,0.05544552596203185,0.7350703463203463,0.02080044911313299
Age_Child_Language_Tonal,gu1,PSD_FC,highbeta,Elastic Net,15,0.46234126984126983,0.06594152790042859,0.24795321637426898,0.06643027752590842,0.24011904761904762,0.06843488389215936,0.7531493506493507,0.026764014560663046
Age_Child_Language_Tonal,gu1,PSD_FC,gamma,Linear SVM,15,0.4804888167388167,0.04563734194706905,0.24912280701754383,0.0713929471907923,0.24011904761904762,0.07766030162817802,0.749266774891775,0.024293355517294984
Age_Child_Language_Tonal,gu1,PSD_FC,gamma,Random Forest,15,0.4804536435786435,0.046990417500597396,0.2888888888888889,0.07448740738288026,0.29976190476190473,0.06697378239538716,0.7584577922077922,0.027957174492955802
Age_Child_Language_Tonal,gu1,PSD_FC,gamma,Elastic Net,15,0.485893759018759,0.06330594510586973,0.18304093567251462,0.07382331620144796,0.19190476190476188,0.08163455567510677,0.7293046536796537,0.03400811124773738
Age_Child_Language,gu1,FC,delta,Linear SVM,15,0.4738736005615204,0.02276176065595456,0.1722941720629047,0.023358001850138768,0.11590909090909092,0.009659090909090909,0.8794283972304457,0.00413664527233748
Age_Child_Language,gu1,FC,delta,Random Forest,15,0.5229522927262898,0.0048508922947786415,0.18293246993524515,0.012719703977798341,0.13150252525252526,0.016224747474747482,0.8814230443949028,0.002950606843318382
Age_Child_Language,gu1,FC,delta,Elastic Net,15,0.43454090894790076,0.029532730704806,0.1604995374653099,0.07354301572617947,0.1203125,0.0671875,0.8807137046096878,0.00918707298998811
Age_Child_Language,gu1,FC,theta,Linear SVM,15,0.4673555009958067,0.03540165573965082,0.0642923219241443,0.020814061054579093,0.06770833333333333,0.01145833333333333,0.8625894594066184,0.004226314385899599
Age_Child_Language,gu1,FC,theta,Random Forest,15,0.4628911289290208,0.011019151776234859,0.1288159111933395,0.020120259019426455,0.11332070707070707,0.02304292929292929,0.8698254838894299,0.0032286865561114153
Age_Child_Language,gu1,FC,theta,Elastic Net,15,0.45433725092376387,0.013549657311347219,0.05411655874190564,0.03283996299722479,0.06089015151515151,0.019223484848484847,0.8650393552223786,0.0007580257948355262
Age_Child_Language,gu1,FC,alpha,Linear SVM,15,0.49729996579180874,0.004456432114674225,0.14037927844588344,0.05527289546716004,0.13432765151515152,0.023910984848484862,0.8775840650880036,0.0057940378745024446
Age_Child_Language,gu1,FC,alpha,Random Forest,15,0.5099424725705892,0.03201949622566222,0.11794634597594819,0.03098982423681776,0.10902777777777779,0.03402777777777778,0.8699481152149001,0.004964448546381006
Age_Child_Language,gu1,FC,alpha,Elastic Net,15,0.42213245440153496,0.005931371039026689,0.08603145235892692,0.0009250693802035151,0.07326388888888889,0.00798611111111111,0.8731282867000325,0.0007886006408343582
Age_Child_Language,gu1,FC,beta,Linear SVM,15,0.4625136515809257,0.0010836596109786711,0.1396854764107308,0.009250693802035151,0.14018308080808078,0.023705808080808063,0.8781049859463477,0.001974341523020229
Age_Child_Language,gu1,FC,beta,Random Forest,15,0.44860070812695413,0.004455525267273497,0.10753931544865865,0.0011563367252543921,0.08762626262626262,0.007512626262626262,0.8682711163737855,0.0012406735407643477
Age_Child_Language,gu1,FC,beta,Elastic Net,15,0.43803098133809,0.018633928793572785,0.1070767807585569,0.04185938945420906,0.0869318181818182,0.03181818181818182,0.871956551293734,0.005852845058448797
Age_Child_Language,gu1,FC,highbeta,Linear SVM,15,0.4344453784276754,0.041833085037140644,0.16188714153561518,0.05550416281221091,0.11434659090909091,0.02059659090909091,0.874638371910609,0.005015481403385591
Age_Child_Language,gu1,FC,highbeta,Random Forest,15,0.49479563566666523,0.014151492813719024,0.16096207215541164,0.030527289546716005,0.11583017676767676,0.04111426767676768,0.8767979455786385,0.006751409245195961
Age_Child_Language,gu1,FC,highbeta,Elastic Net,15,0.4432686447357831,0.006913116832772376,0.11817761332099908,0.009481961147086028,0.10464015151515152,0.030776515151515166,0.8725688668756332,0.002945899627505466
Age_Child_Language,gu1,FC,gamma,Linear SVM,15,0.48565163909367554,0.08200017048312475,0.12927844588344126,0.022895467160037007,0.08636363636363636,0.011363636363636374,0.8749250951876171,0.0014756720668087642
Age_Child_Language,gu1,FC,gamma,Random Forest,15,0.47800766336253286,0.00223137281169164,0.10753931544865865,0.0011563367252543921,0.09231376262626262,0.0028251262626262583,0.8716985148662028,0.0009003650016116138
Age_Child_Language,gu1,FC,gamma,Elastic Net,15,0.4222437666482045,0.03816102827510992,0.11864014801110084,0.033533765032377434,0.09296085858585859,0.01101641414141414,0.8751398062962832,0.0018150647134658748
Age_Child_Language,gu1,PSD,delta,Linear SVM,15,0.4738736005615204,0.02276176065595456,0.1722941720629047,0.023358001850138768,0.11590909090909092,0.009659090909090909,0.8794283972304457,0.00413664527233748
Age_Child_Language,gu1,PSD,delta,Random Forest,15,0.5229522927262898,0.0048508922947786415,0.18293246993524515,0.012719703977798341,0.13150252525252526,0.016224747474747482,0.8814230443949028,0.002950606843318382
Age_Child_Language,gu1,PSD,delta,Elastic Net,15,0.43454090894790076,0.029532730704806,0.1604995374653099,0.07354301572617947,0.1203125,0.0671875,0.8807137046096878,0.00918707298998811
Age_Child_Language,gu1,PSD,theta,Linear SVM,15,0.4673555009958067,0.03540165573965082,0.0642923219241443,0.020814061054579093,0.06770833333333333,0.01145833333333333,0.8625894594066184,0.004226314385899599
Age_Child_Language,gu1,PSD,theta,Random Forest,15,0.4628911289290208,0.011019151776234859,0.1288159111933395,0.020120259019426455,0.11332070707070707,0.02304292929292929,0.8698254838894299,0.0032286865561114153
Age_Child_Language,gu1,PSD,theta,Elastic Net,15,0.45433725092376387,0.013549657311347219,0.05411655874190564,0.03283996299722479,0.06089015151515151,0.019223484848484847,0.8650393552223786,0.0007580257948355262
Age_Child_Language,gu1,PSD,alpha,Linear SVM,15,0.49729996579180874,0.004456432114674225,0.14037927844588344,0.05527289546716004,0.13432765151515152,0.023910984848484862,0.8775840650880036,0.0057940378745024446
Age_Child_Language,gu1,PSD,alpha,Random Forest,15,0.5099424725705892,0.03201949622566222,0.11794634597594819,0.03098982423681776,0.10902777777777779,0.03402777777777778,0.8699481152149001,0.004964448546381006
Age_Child_Language,gu1,PSD,alpha,Elastic Net,15,0.42213245440153496,0.005931371039026689,0.08603145235892692,0.0009250693802035151,0.07326388888888889,0.00798611111111111,0.8731282867000325,0.0007886006408343582
Age_Child_Language,gu1,PSD,beta,Linear SVM,15,0.4625136515809257,0.0010836596109786711,0.1396854764107308,0.009250693802035151,0.14018308080808078,0.023705808080808063,0.8781049859463477,0.001974341523020229
Age_Child_Language,gu1,PSD,beta,Random Forest,15,0.44860070812695413,0.004455525267273497,0.10753931544865865,0.0011563367252543921,0.08762626262626262,0.007512626262626262,0.8682711163737855,0.0012406735407643477
Age_Child_Language,gu1,PSD,beta,Elastic Net,15,0.43803098133809,0.018633928793572785,0.1070767807585569,0.04185938945420906,0.0869318181818182,0.03181818181818182,0.871956551293734,0.005852845058448797
Age_Child_Language,gu1,PSD,highbeta,Linear SVM,15,0.4344453784276754,0.041833085037140644,0.16188714153561518,0.05550416281221091,0.11434659090909091,0.02059659090909091,0.874638371910609,0.005015481403385591
Age_Child_Language,gu1,PSD,highbeta,Random Forest,15,0.49479563566666523,0.014151492813719024,0.16096207215541164,0.030527289546716005,0.11583017676767676,0.04111426767676768,0.8767979455786385,0.006751409245195961
Age_Child_Language,gu1,PSD,highbeta,Elastic Net,15,0.4432686447357831,0.006913116832772376,0.11817761332099908,0.009481961147086028,0.10464015151515152,0.030776515151515166,0.8725688668756332,0.002945899627505466
Age_Child_Language,gu1,PSD,gamma,Linear SVM,15,0.48565163909367554,0.08200017048312475,0.12927844588344126,0.022895467160037007,0.08636363636363636,0.011363636363636374,0.8749250951876171,0.0014756720668087642
Age_Child_Language,gu1,PSD,gamma,Random Forest,15,0.47800766336253286,0.00223137281169164,0.10753931544865865,0.0011563367252543921,0.09231376262626262,0.0028251262626262583,0.8716985148662028,0.0009003650016116138
Age_Child_Language,gu1,PSD,gamma,Elastic Net,15,0.4222437666482045,0.03816102827510992,0.11864014801110084,0.033533765032377434,0.09296085858585859,0.01101641414141414,0.8751398062962832,0.0018150647134658748
Age_Child_Language,gu1,PSD_FC,delta,Linear SVM,15,0.4738736005615204,0.02276176065595456,0.1722941720629047,0.023358001850138768,0.11590909090909092,0.009659090909090909,0.8794283972304457,0.00413664527233748
Age_Child_Language,gu1,PSD_FC,delta,Random Forest,15,0.5229522927262898,0.0048508922947786415,0.18293246993524515,0.012719703977798341,0.13150252525252526,0.016224747474747482,0.8814230443949028,0.002950606843318382
Age_Child_Language,gu1,PSD_FC,delta,Elastic Net,15,0.43454090894790076,0.029532730704806,0.1604995374653099,0.07354301572617947,0.1203125,0.0671875,0.8807137046096878,0.00918707298998811
Age_Child_Language,gu1,PSD_FC,theta,Linear SVM,15,0.4673555009958067,0.03540165573965082,0.0642923219241443,0.020814061054579093,0.06770833333333333,0.01145833333333333,0.8625894594066184,0.004226314385899599
Age_Child_Language,gu1,PSD_FC,theta,Random Forest,15,0.4628911289290208,0.011019151776234859,0.1288159111933395,0.020120259019426455,0.11332070707070707,0.02304292929292929,0.8698254838894299,0.0032286865561114153
Age_Child_Language,gu1,PSD_FC,theta,Elastic Net,15,0.45433725092376387,0.013549657311347219,0.05411655874190564,0.03283996299722479,0.06089015151515151,0.019223484848484847,0.8650393552223786,0.0007580257948355262
Age_Child_Language,gu1,PSD_FC,alpha,Linear SVM,15,0.49729996579180874,0.004456432114674225,0.14037927844588344,0.05527289546716004,0.13432765151515152,0.023910984848484862,0.8775840650880036,0.0057940378745024446
Age_Child_Language,gu1,PSD_FC,alpha,Random Forest,15,0.5099424725705892,0.03201949622566222,0.11794634597594819,0.03098982423681776,0.10902777777777779,0.03402777777777778,0.8699481152149001,0.004964448546381006
Age_Child_Language,gu1,PSD_FC,alpha,Elastic Net,15,0.42213245440153496,0.005931371039026689,0.08603145235892692,0.0009250693802035151,0.07326388888888889,0.00798611111111111,0.8731282867000325,0.0007886006408343582
Age_Child_Language,gu1,PSD_FC,beta,Linear SVM,15,0.4625136515809257,0.0010836596109786711,0.1396854764107308,0.009250693802035151,0.14018308080808078,0.023705808080808063,0.8781049859463477,0.001974341523020229
Age_Child_Language,gu1,PSD_FC,beta,Random Forest,15,0.44860070812695413,0.004455525267273497,0.10753931544865865,0.0011563367252543921,0.08762626262626262,0.007512626262626262,0.8682711163737855,0.0012406735407643477
Age_Child_Language,gu1,PSD_FC,beta,Elastic Net,15,0.43803098133809,0.018633928793572785,0.1070767807585569,0.04185938945420906,0.0869318181818182,0.03181818181818182,0.871956551293734,0.005852845058448797
Age_Child_Language,gu1,PSD_FC,highbeta,Linear SVM,15,0.4344453784276754,0.041833085037140644,0.16188714153561518,0.05550416281221091,0.11434659090909091,0.02059659090909091,0.874638371910609,0.005015481403385591
Age_Child_Language,gu1,PSD_FC,highbeta,Random Forest,15,0.49479563566666523,0.014151492813719024,0.16096207215541164,0.030527289546716005,0.11583017676767676,0.04111426767676768,0.8767979455786385,0.006751409245195961
Age_Child_Language,gu1,PSD_FC,highbeta,Elastic Net,15,0.4432686447357831,0.006913116832772376,0.11817761332099908,0.009481961147086028,0.10464015151515152,0.030776515151515166,0.8725688668756332,0.002945899627505466
Age_Child_Language,gu1,PSD_FC,gamma,Linear SVM,15,0.48565163909367554,0.08200017048312475,0.12927844588344126,0.022895467160037007,0.08636363636363636,0.011363636363636374,0.8749250951876171,0.0014756720668087642
Age_Child_Language,gu1,PSD_FC,gamma,Random Forest,15,0.47800766336253286,0.00223137281169164,0.10753931544865865,0.0011563367252543921,0.09231376262626262,0.0028251262626262583,0.8716985148662028,0.0009003650016116138
Age_Child_Language,gu1,PSD_FC,gamma,Elastic Net,15,0.4222437666482045,0.03816102827510992,0.11864014801110084,0.033533765032377434,0.09296085858585859,0.01101641414141414,0.8751398062962832,0.0018150647134658748
Age_Group,gu2,FC,delta,Linear SVM,15,0.6654810844105467,0.041706471012946694,0.4533333333333333,0.045215533220835116,0.44938492063492064,0.07761528342403765,0.8175869313752611,0.014837453671197952
Age_Group,gu2,FC,delta,Random Forest,15,0.5467533835454316,0.053604420118905136,0.31333333333333335,0.026666666666666658,0.2879256854256854,0.02378213434564228,0.7650838250231844,0.009606088115714994
Age_Group,gu2,FC,delta,Elastic Net,15,0.6638945403968859,0.03768890742932062,0.44666666666666666,0.07180219742846006,0.4493037518037518,0.09069823588154828,0.8179158282602218,0.023682356614647782
Age_Group,gu2,FC,theta,Linear SVM,15,0.609869785009888,0.019375383800399184,0.37333333333333335,0.07717224601860151,0.36523088023088024,0.07592403322467227,0.789788557361784,0.028901805555284942
Age_Group,gu2,FC,theta,Random Forest,15,0.5960987916842035,0.047774773739921846,0.32666666666666666,0.10413666234542206,0.333262987012987,0.09896708116758915,0.7724943515675781,0.03527848794900546
Age_Group,gu2,FC,theta,Elastic Net,15,0.662974496371922,0.08024506628752562,0.44000000000000006,0.09043106644167023,0.43513347763347765,0.0946024190589858,0.8101393804517374,0.03362827899288863
Age_Group,gu2,FC,alpha,Linear SVM,15,0.6302970210038288,0.053731206599634054,0.4066666666666666,0.09977753031397177,0.377994227994228,0.09308531165391173,0.8021094687158762,0.0318472887561802
Age_Group,gu2,FC,alpha,Random Forest,15,0.5693959323179575,0.08513270981093317,0.32666666666666666,0.09043106644167025,0.31773088023088025,0.0951988106111483,0.7710006484743326,0.031683959978369335
Age_Group,gu2,FC,alpha,Elastic Net,15,0.6496912552973766,0.0394100883137727,0.38666666666666666,0.1024152766382481,0.3663870851370851,0.10330986259363374,0.7949038695857917,0.03578481246209914
Age_Group,gu2,FC,beta,Linear SVM,15,0.6659663562685302,0.04964106303183365,0.41999999999999993,0.06863753427324668,0.4476443001443001,0.07830987041321763,0.8076072238211826,0.02492534482238963
Age_Group,gu2,FC,beta,Random Forest,15,0.6338059663639183,0.05782095803574109,0.44666666666666666,0.10022197585581939,0.4143650793650794,0.08301298803670584,0.813904650650646,0.028475478495100407
Age_Group,gu2,FC,beta,Elastic Net,15,0.6907553848621926,0.043369110158095255,0.4333333333333334,0.06666666666666668,0.45673520923520916,0.0828766599597991,0.814140567670316,0.021775851437472224
Age_Group,gu2,FC,highbeta,Linear SVM,15,0.6629712838796935,0.052891812409060886,0.3466666666666667,0.10241527663824812,0.3629816017316017,0.1122877892591402,0.7854066429375354,0.03375604964234834
Age_Group,gu2,FC,highbeta,Random Forest,15,0.5947675183755561,0.06240704685473221,0.3,0.059628479399994404,0.29159812409812413,0.055886741474382,0.7603499578224978,0.021193581276846733
Age_Group,gu2,FC,highbeta,Elastic Net,15,0.6347896551812455,0.08024348724988145,0.3333333333333333,0.07302967433402216,0.343517316017316,0.0965632464905598,0.7783528271880675,0.027672958707922492
Age_Group,gu2,FC,gamma,Linear SVM,15,0.6204021478330974,0.05515636416830325,0.4533333333333333,0.09568466729604881,0.4386111111111111,0.07974985832261818,0.8152573414381195,0.030743842080991533
Age_Group,gu2,FC,gamma,Random Forest,15,0.6830789931908925,0.07408107708762127,0.4466666666666666,0.12578641509408806,0.43752344877344884,0.12810697022484419,0.8116412176686778,0.043843795856305344
Age_Group,gu2,FC,gamma,Elastic Net,15,0.6423027353822548,0.04148616886288255,0.39333333333333337,0.07423685817106697,0.3844191919191919,0.05380781393061177,0.7952088754113926,0.02556641452509892
Age_Group,gu2,PSD,delta,Linear SVM,15,0.6654810844105467,0.041706471012946694,0.4533333333333333,0.045215533220835116,0.44938492063492064,0.07761528342403765,0.8175869313752611,0.014837453671197952
Age_Group,gu2,PSD,delta,Random Forest,15,0.5467533835454316,0.053604420118905136,0.31333333333333335,0.026666666666666658,0.2879256854256854,0.02378213434564228,0.7650838250231844,0.009606088115714994
Age_Group,gu2,PSD,delta,Elastic Net,15,0.6638945403968859,0.03768890742932062,0.44666666666666666,0.07180219742846006,0.4493037518037518,0.09069823588154828,0.8179158282602218,0.023682356614647782
Age_Group,gu2,PSD,theta,Linear SVM,15,0.609869785009888,0.019375383800399184,0.37333333333333335,0.07717224601860151,0.36523088023088024,0.07592403322467227,0.789788557361784,0.028901805555284942
Age_Group,gu2,PSD,theta,Random Forest,15,0.5960987916842035,0.047774773739921846,0.32666666666666666,0.10413666234542206,0.333262987012987,0.09896708116758915,0.7724943515675781,0.03527848794900546
Age_Group,gu2,PSD,theta,Elastic Net,15,0.662974496371922,0.08024506628752562,0.44000000000000006,0.09043106644167023,0.43513347763347765,0.0946024190589858,0.8101393804517374,0.03362827899288863
Age_Group,gu2,PSD,alpha,Linear SVM,15,0.6302970210038288,0.053731206599634054,0.4066666666666666,0.09977753031397177,0.377994227994228,0.09308531165391173,0.8021094687158762,0.0318472887561802
Age_Group,gu2,PSD,alpha,Random Forest,15,0.5693959323179575,0.08513270981093317,0.32666666666666666,0.09043106644167025,0.31773088023088025,0.0951988106111483,0.7710006484743326,0.031683959978369335
Age_Group,gu2,PSD,alpha,Elastic Net,15,0.6496912552973766,0.0394100883137727,0.38666666666666666,0.1024152766382481,0.3663870851370851,0.10330986259363374,0.7949038695857917,0.03578481246209914
Age_Group,gu2,PSD,beta,Linear SVM,15,0.6659663562685302,0.04964106303183365,0.41999999999999993,0.06863753427324668,0.4476443001443001,0.07830987041321763,0.8076072238211826,0.02492534482238963
Age_Group,gu2,PSD,beta,Random Forest,15,0.6338059663639183,0.05782095803574109,0.44666666666666666,0.10022197585581939,0.4143650793650794,0.08301298803670584,0.813904650650646,0.028475478495100407
Age_Group,gu2,PSD,beta,Elastic Net,15,0.6907553848621926,0.043369110158095255,0.4333333333333334,0.06666666666666668,0.45673520923520916,0.0828766599597991,0.814140567670316,0.021775851437472224
Age_Group,gu2,PSD,highbeta,Linear SVM,15,0.6629712838796935,0.052891812409060886,0.3466666666666667,0.10241527663824812,0.3629816017316017,0.1122877892591402,0.7854066429375354,0.03375604964234834
Age_Group,gu2,PSD,highbeta,Random Forest,15,0.5947675183755561,0.06240704685473221,0.3,0.059628479399994404,0.29159812409812413,0.055886741474382,0.7603499578224978,0.021193581276846733
Age_Group,gu2,PSD,highbeta,Elastic Net,15,0.6347896551812455,0.08024348724988145,0.3333333333333333,0.07302967433402216,0.343517316017316,0.0965632464905598,0.7783528271880675,0.027672958707922492
Age_Group,gu2,PSD,gamma,Linear SVM,15,0.6204021478330974,0.05515636416830325,0.4533333333333333,0.09568466729604881,0.4386111111111111,0.07974985832261818,0.8152573414381195,0.030743842080991533
Age_Group,gu2,PSD,gamma,Random Forest,15,0.6830789931908925,0.07408107708762127,0.4466666666666666,0.12578641509408806,0.43752344877344884,0.12810697022484419,0.8116412176686778,0.043843795856305344
Age_Group,gu2,PSD,gamma,Elastic Net,15,0.6423027353822548,0.04148616886288255,0.39333333333333337,0.07423685817106697,0.3844191919191919,0.05380781393061177,0.7952088754113926,0.02556641452509892
Age_Group,gu2,PSD_FC,delta,Linear SVM,15,0.6654810844105467,0.041706471012946694,0.4533333333333333,0.045215533220835116,0.44938492063492064,0.07761528342403765,0.8175869313752611,0.014837453671197952
Age_Group,gu2,PSD_FC,delta,Random Forest,15,0.5467533835454316,0.053604420118905136,0.31333333333333335,0.026666666666666658,0.2879256854256854,0.02378213434564228,0.7650838250231844,0.009606088115714994
Age_Group,gu2,PSD_FC,delta,Elastic Net,15,0.6638945403968859,0.03768890742932062,0.44666666666666666,0.07180219742846006,0.4493037518037518,0.09069823588154828,0.8179158282602218,0.023682356614647782
Age_Group,gu2,PSD_FC,theta,Linear SVM,15,0.609869785009888,0.019375383800399184,0.37333333333333335,0.07717224601860151,0.36523088023088024,0.07592403322467227,0.789788557361784,0.028901805555284942
Age_Group,gu2,PSD_FC,theta,Random Forest,15,0.5960987916842035,0.047774773739921846,0.32666666666666666,0.10413666234542206,0.333262987012987,0.09896708116758915,0.7724943515675781,0.03527848794900546
Age_Group,gu2,PSD_FC,theta,Elastic Net,15,0.662974496371922,0.08024506628752562,0.44000000000000006,0.09043106644167023,0.43513347763347765,0.0946024190589858,0.8101393804517374,0.03362827899288863
Age_Group,gu2,PSD_FC,alpha,Linear SVM,15,0.6302970210038288,0.053731206599634054,0.4066666666666666,0.09977753031397177,0.377994227994228,0.09308531165391173,0.8021094687158762,0.0318472887561802
Age_Group,gu2,PSD_FC,alpha,Random Forest,15,0.5693959323179575,0.08513270981093317,0.32666666666666666,0.09043106644167025,0.31773088023088025,0.0951988106111483,0.7710006484743326,0.031683959978369335
Age_Group,gu2,PSD_FC,alpha,Elastic Net,15,0.6496912552973766,0.0394100883137727,0.38666666666666666,0.1024152766382481,0.3663870851370851,0.10330986259363374,0.7949038695857917,0.03578481246209914
Age_Group,gu2,PSD_FC,beta,Linear SVM,15,0.6659663562685302,0.04964106303183365,0.41999999999999993,0.06863753427324668,0.4476443001443001,0.07830987041321763,0.8076072238211826,0.02492534482238963
Age_Group,gu2,PSD_FC,beta,Random Forest,15,0.6338059663639183,0.05782095803574109,0.44666666666666666,0.10022197585581939,0.4143650793650794,0.08301298803670584,0.813904650650646,0.028475478495100407
Age_Group,gu2,PSD_FC,beta,Elastic Net,15,0.6907553848621926,0.043369110158095255,0.4333333333333334,0.06666666666666668,0.45673520923520916,0.0828766599597991,0.814140567670316,0.021775851437472224
Age_Group,gu2,PSD_FC,highbeta,Linear SVM,15,0.6629712838796935,0.052891812409060886,0.3466666666666667,0.10241527663824812,0.3629816017316017,0.1122877892591402,0.7854066429375354,0.03375604964234834
Age_Group,gu2,PSD_FC,highbeta,Random Forest,15,0.5947675183755561,0.06240704685473221,0.3,0.059628479399994404,0.29159812409812413,0.055886741474382,0.7603499578224978,0.021193581276846733
Age_Group,gu2,PSD_FC,highbeta,Elastic Net,15,0.6347896551812455,0.08024348724988145,0.3333333333333333,0.07302967433402216,0.343517316017316,0.0965632464905598,0.7783528271880675,0.027672958707922492
Age_Group,gu2,PSD_FC,gamma,Linear SVM,15,0.6204021478330974,0.05515636416830325,0.4533333333333333,0.09568466729604881,0.4386111111111111,0.07974985832261818,0.8152573414381195,0.030743842080991533
Age_Group,gu2,PSD_FC,gamma,Random Forest,15,0.6830789931908925,0.07408107708762127,0.4466666666666666,0.12578641509408806,0.43752344877344884,0.12810697022484419,0.8116412176686778,0.043843795856305344
Age_Group,gu2,PSD_FC,gamma,Elastic Net,15,0.6423027353822548,0.04148616886288255,0.39333333333333337,0.07423685817106697,0.3844191919191919,0.05380781393061177,0.7952088754113926,0.02556641452509892
Language,gu2,FC,delta,Linear SVM,15,0.4660789909832208,0.0698490092246089,0.38666666666666666,0.0618241233033047,0.30625,0.037056992606015596,0.7849702691148697,0.012931015360619892
Language,gu2,FC,delta,Random Forest,15,0.5764824009331352,0.07445633724908636,0.36,0.044221663871405345,0.3135989010989011,0.12781506678142845,0.7666180708347126,0.013882144844955814
Language,gu2,FC,delta,Elastic Net,15,0.590533884467019,0.07354620950727894,0.37333333333333335,0.05734883511361752,0.33990384615384617,0.048037365987057636,0.7830742943558778,0.01674704805340785
Language,gu2,FC,theta,Linear SVM,15,0.4706444056979267,0.06786433589633593,0.3266666666666666,0.06110100926607787,0.3438186813186813,0.13008890842155715,0.7658289815176444,0.017107979502727237
Language,gu2,FC,theta,Random Forest,15,0.5510885313645698,0.0853831241806332,0.32,0.09568466729604884,0.26037087912087914,0.09868107393689517,0.74758156755274,0.03373962541339113
Language,gu2,FC,theta,Elastic Net,15,0.5449362878060294,0.07177449268175401,0.3,0.036514837167011066,0.33516483516483514,0.08029988802774536,0.7614194430668547,0.006014201209534025
Language,gu2,FC,alpha,Linear SVM,15,0.5984676707673666,0.04445327472648563,0.22000000000000003,0.026666666666666672,0.30288461538461536,0.08206052463601618,0.7453276918645336,0.011290024935032941
Language,gu2,FC,alpha,Random Forest,15,0.46152210891564566,0.06314625428590255,0.20666666666666664,0.032659863237109045,0.15425824175824174,0.012452739422153209,0.7134035195446585,0.010550685145863421
Language,gu2,FC,alpha,Elastic Net,15,0.5572543393582782,0.04885903926156888,0.24666666666666667,0.03399346342395189,0.27067307692307685,0.10667546511501663,0.7517320658330117,0.015756278411226017
Language,gu2,FC,beta,Linear SVM,15,0.44549122456276413,0.06016130065808193,0.2733333333333333,0.07999999999999999,0.29656593406593407,0.13101843204097852,0.7684820082796646,0.025883917519621585
Language,gu2,FC,beta,Random Forest,15,0.4554483417439118,0.07856704114774399,0.30666666666666664,0.06798692684790379,0.2330357142857143,0.0524055114018249,0.7443314140771479,0.023573895851928622
Language,gu2,FC,beta,Elastic Net,15,0.5646544728201509,0.06973958762172734,0.27999999999999997,0.03399346342395189,0.3350274725274725,0.12115443017725722,0.7747275987197387,0.010476725783507517
Language,gu2,FC,highbeta,Linear SVM,15,0.5122905255296779,0.03952315435551939,0.3,0.09428090415820635,0.3864697802197802,0.1617480197233779,0.7575637696812404,0.03801456011681845
Language,gu2,FC,highbeta,Random Forest,15,0.525339851082862,0.10231587958180012,0.3,0.13824294235551815,0.30006868131868125,0.1316177439125107,0.744383233564654,0.04057436104536864
Language,gu2,FC,highbeta,Elastic Net,15,0.5748235612995789,0.12178822274726915,0.2866666666666667,0.10666666666666667,0.37520604395604396,0.16613890320691674,0.7594683559671653,0.0350975607868902
Language,gu2,FC,gamma,Linear SVM,15,0.42111062731804755,0.030940530279419867,0.31333333333333335,0.045215533220835116,0.34505494505494505,0.08568181002837157,0.7803941588220404,0.015426976579683262
Language,gu2,FC,gamma,Random Forest,15,0.4361365889049658,0.039013112992573686,0.29333333333333333,0.06798692684790378,0.2357142857142857,0.05843670398628815,0.744990675498767,0.022895265449255117
Language,gu2,FC,gamma,Elastic Net,15,0.5738486566348372,0.048400363408009496,0.36666666666666664,0.029814239699997216,0.35776098901098907,0.052281508215776124,0.7938520211819224,0.0057870348794345095
Language,gu2,PSD,delta,Linear SVM,15,0.4660789909832208,0.0698490092246089,0.38666666666666666,0.0618241233033047,0.30625,0.037056992606015596,0.7849702691148697,0.012931015360619892
Language,gu2,PSD,delta,Random Forest,15,0.5764824009331352,0.07445633724908636,0.36,0.044221663871405345,0.3135989010989011,0.12781506678142845,0.7666180708347126,0.013882144844955814
Language,gu2,PSD,delta,Elastic Net,15,0.590533884467019,0.07354620950727894,0.37333333333333335,0.05734883511361752,0.33990384615384617,0.048037365987057636,0.7830742943558778,0.01674704805340785
Language,gu2,PSD,theta,Linear SVM,15,0.4706444056979267,0.06786433589633593,0.3266666666666666,0.06110100926607787,0.3438186813186813,0.13008890842155715,0.7658289815176444,0.017107979502727237
Language,gu2,PSD,theta,Random Forest,15,0.5510885313645698,0.0853831241806332,0.32,0.09568466729604884,0.26037087912087914,0.09868107393689517,0.74758156755274,0.03373962541339113
Language,gu2,PSD,theta,Elastic Net,15,0.5449362878060294,0.07177449268175401,0.3,0.036514837167011066,0.33516483516483514,0.08029988802774536,0.7614194430668547,0.006014201209534025
Language,gu2,PSD,alpha,Linear SVM,15,0.5984676707673666,0.04445327472648563,0.22000000000000003,0.026666666666666672,0.30288461538461536,0.08206052463601618,0.7453276918645336,0.011290024935032941
Language,gu2,PSD,alpha,Random Forest,15,0.46152210891564566,0.06314625428590255,0.20666666666666664,0.032659863237109045,0.15425824175824174,0.012452739422153209,0.7134035195446585,0.010550685145863421
Language,gu2,PSD,alpha,Elastic Net,15,0.5572543393582782,0.04885903926156888,0.24666666666666667,0.03399346342395189,0.27067307692307685,0.10667546511501663,0.7517320658330117,0.015756278411226017
Language,gu2,PSD,beta,Linear SVM,15,0.44549122456276413,0.06016130065808193,0.2733333333333333,0.07999999999999999,0.29656593406593407,0.13101843204097852,0.7684820082796646,0.025883917519621585
Language,gu2,PSD,beta,Random Forest,15,0.4554483417439118,0.07856704114774399,0.30666666666666664,0.06798692684790379,0.2330357142857143,0.0524055114018249,0.7443314140771479,0.023573895851928622
Language,gu2,PSD,beta,Elastic Net,15,0.5646544728201509,0.06973958762172734,0.27999999999999997,0.03399346342395189,0.3350274725274725,0.12115443017725722,0.7747275987197387,0.010476725783507517
Language,gu2,PSD,highbeta,Linear SVM,15,0.5122905255296779,0.03952315435551939,0.3,0.09428090415820635,0.3864697802197802,0.1617480197233779,0.7575637696812404,0.03801456011681845
Language,gu2,PSD,highbeta,Random Forest,15,0.525339851082862,0.10231587958180012,0.3,0.13824294235551815,0.30006868131868125,0.1316177439125107,0.744383233564654,0.04057436104536864
Language,gu2,PSD,highbeta,Elastic Net,15,0.5748235612995789,0.12178822274726915,0.2866666666666667,0.10666666666666667,0.37520604395604396,0.16613890320691674,0.7594683559671653,0.0350975607868902
Language,gu2,PSD,gamma,Linear SVM,15,0.42111062731804755,0.030940530279419867,0.31333333333333335,0.045215533220835116,0.34505494505494505,0.08568181002837157,0.7803941588220404,0.015426976579683262
Language,gu2,PSD,gamma,Random Forest,15,0.4361365889049658,0.039013112992573686,0.29333333333333333,0.06798692684790378,0.2357142857142857,0.05843670398628815,0.744990675498767,0.022895265449255117
Language,gu2,PSD,gamma,Elastic Net,15,0.5738486566348372,0.048400363408009496,0.36666666666666664,0.029814239699997216,0.35776098901098907,0.052281508215776124,0.7938520211819224,0.0057870348794345095
Language,gu2,PSD_FC,delta,Linear SVM,15,0.4660789909832208,0.0698490092246089,0.38666666666666666,0.0618241233033047,0.30625,0.037056992606015596,0.7849702691148697,0.012931015360619892
Language,gu2,PSD_FC,delta,Random Forest,15,0.5764824009331352,0.07445633724908636,0.36,0.044221663871405345,0.3135989010989011,0.12781506678142845,0.7666180708347126,0.013882144844955814
Language,gu2,PSD_FC,delta,Elastic Net,15,0.590533884467019,0.07354620950727894,0.37333333333333335,0.05734883511361752,0.33990384615384617,0.048037365987057636,0.7830742943558778,0.01674704805340785
Language,gu2,PSD_FC,theta,Linear SVM,15,0.4706444056979267,0.06786433589633593,0.3266666666666666,0.06110100926607787,0.3438186813186813,0.13008890842155715,0.7658289815176444,0.017107979502727237
Language,gu2,PSD_FC,theta,Random Forest,15,0.5510885313645698,0.0853831241806332,0.32,0.09568466729604884,0.26037087912087914,0.09868107393689517,0.74758156755274,0.03373962541339113
Language,gu2,PSD_FC,theta,Elastic Net,15,0.5449362878060294,0.07177449268175401,0.3,0.036514837167011066,0.33516483516483514,0.08029988802774536,0.7614194430668547,0.006014201209534025
Language,gu2,PSD_FC,alpha,Linear SVM,15,0.5984676707673666,0.04445327472648563,0.22000000000000003,0.026666666666666672,0.30288461538461536,0.08206052463601618,0.7453276918645336,0.011290024935032941
Language,gu2,PSD_FC,alpha,Random Forest,15,0.46152210891564566,0.06314625428590255,0.20666666666666664,0.032659863237109045,0.15425824175824174,0.012452739422153209,0.7134035195446585,0.010550685145863421
Language,gu2,PSD_FC,alpha,Elastic Net,15,0.5572543393582782,0.04885903926156888,0.24666666666666667,0.03399346342395189,0.27067307692307685,0.10667546511501663,0.7517320658330117,0.015756278411226017
Language,gu2,PSD_FC,beta,Linear SVM,15,0.44549122456276413,0.06016130065808193,0.2733333333333333,0.07999999999999999,0.29656593406593407,0.13101843204097852,0.7684820082796646,0.025883917519621585
Language,gu2,PSD_FC,beta,Random Forest,15,0.4554483417439118,0.07856704114774399,0.30666666666666664,0.06798692684790379,0.2330357142857143,0.0524055114018249,0.7443314140771479,0.023573895851928622
Language,gu2,PSD_FC,beta,Elastic Net,15,0.5646544728201509,0.06973958762172734,0.27999999999999997,0.03399346342395189,0.3350274725274725,0.12115443017725722,0.7747275987197387,0.010476725783507517
Language,gu2,PSD_FC,highbeta,Linear SVM,15,0.5122905255296779,0.03952315435551939,0.3,0.09428090415820635,0.3864697802197802,0.1617480197233779,0.7575637696812404,0.03801456011681845
Language,gu2,PSD_FC,highbeta,Random Forest,15,0.525339851082862,0.10231587958180012,0.3,0.13824294235551815,0.30006868131868125,0.1316177439125107,0.744383233564654,0.04057436104536864
Language,gu2,PSD_FC,highbeta,Elastic Net,15,0.5748235612995789,0.12178822274726915,0.2866666666666667,0.10666666666666667,0.37520604395604396,0.16613890320691674,0.7594683559671653,0.0350975607868902
Language,gu2,PSD_FC,gamma,Linear SVM,15,0.42111062731804755,0.030940530279419867,0.31333333333333335,0.045215533220835116,0.34505494505494505,0.08568181002837157,0.7803941588220404,0.015426976579683262
Language,gu2,PSD_FC,gamma,Random Forest,15,0.4361365889049658,0.039013112992573686,0.29333333333333333,0.06798692684790378,0.2357142857142857,0.05843670398628815,0.744990675498767,0.022895265449255117
Language,gu2,PSD_FC,gamma,Elastic Net,15,0.5738486566348372,0.048400363408009496,0.36666666666666664,0.029814239699997216,0.35776098901098907,0.052281508215776124,0.7938520211819224,0.0057870348794345095
Language_Tonal,gu2,FC,delta,Linear SVM,15,0.43443762120232704,0.15908164138535805,0.5666666666666667,0.10954451150103323,0.557397382029735,0.11299711840718497,0.557397382029735,0.11299711840718497
Language_Tonal,gu2,FC,delta,Random Forest,15,0.5043006625727214,0.1192610962096635,0.5133333333333333,0.0748331477354788,0.5049288946347771,0.07867168267885702,0.5049288946347771,0.07867168267885702
Language_Tonal,gu2,FC,delta,Elastic Net,15,0.599297026502909,0.13161372833110455,0.54,0.12183777921664708,0.5387443438914027,0.13017062155225767,0.5387443438914027,0.13017062155225767
Language_Tonal,gu2,FC,theta,Linear SVM,15,0.44163703943115706,0.0535407465778443,0.5266666666666666,0.06798692684790378,0.5206811570782159,0.06394857860523541,0.5206811570782159,0.06394857860523541
Language_Tonal,gu2,FC,theta,Random Forest,15,0.5011029411764706,0.10400019702585216,0.5199999999999999,0.07483314773547882,0.5116798642533936,0.08322101682812307,0.5116798642533936,0.08322101682812307
Language_Tonal,gu2,FC,theta,Elastic Net,15,0.5487637362637362,0.09527428757809175,0.5533333333333333,0.054160256030906385,0.5485415319974144,0.054020339321512546,0.5485415319974144,0.054020339321512546
Language_Tonal,gu2,FC,alpha,Linear SVM,15,0.5779775371687135,0.05613305408933032,0.47333333333333344,0.024944382578492935,0.4697923400129283,0.03615705470565456,0.4697923400129283,0.03615705470565456
Language_Tonal,gu2,FC,alpha,Random Forest,15,0.45830437944408536,0.062482470212238156,0.47333333333333333,0.06463573143221771,0.4629444085326438,0.06611869865282277,0.4629444085326438,0.06611869865282277
Language_Tonal,gu2,FC,alpha,Elastic Net,15,0.3804783451842275,0.09652390402203621,0.42000000000000004,0.09092121131323905,0.4203741111829348,0.09564626980076534,0.4203741111829348,0.09564626980076534
Language_Tonal,gu2,FC,beta,Linear SVM,15,0.6143503555268262,0.03845809108539239,0.4066666666666666,0.05734883511361752,0.4087871687136393,0.0664265661808049,0.4087871687136393,0.0664265661808049
Language_Tonal,gu2,FC,beta,Random Forest,15,0.4111283936651584,0.06281521452774481,0.4533333333333333,0.0498887651569859,0.4492081447963801,0.04625078542947026,0.4492081447963801,0.04625078542947026
Language_Tonal,gu2,FC,beta,Elastic Net,15,0.4093527795733678,0.03531584672354002,0.44000000000000006,0.044221663871405345,0.43547592113768585,0.045678997995732676,0.43547592113768585,0.045678997995732676
Language_Tonal,gu2,FC,highbeta,Linear SVM,15,0.4297551712992889,0.11877087047978083,0.4133333333333333,0.045215533220835116,0.42367081447963806,0.04842719428174496,0.42367081447963806,0.04842719428174496
Language_Tonal,gu2,FC,highbeta,Random Forest,15,0.45018988364576595,0.15795672908993172,0.48,0.10022197585581938,0.4732910471881059,0.10387724571774237,0.4732910471881059,0.10387724571774237
Language_Tonal,gu2,FC,highbeta,Elastic Net,15,0.4594174208144796,0.1003565840067062,0.4866666666666667,0.06531972647421806,0.48134696186166775,0.06414287474055631,0.48134696186166775,0.06414287474055631
Language_Tonal,gu2,FC,gamma,Linear SVM,15,0.4548682934712346,0.11597050537884289,0.5733333333333333,0.07118052168020873,0.5671541693600517,0.07024271034087158,0.5671541693600517,0.07024271034087158
Language_Tonal,gu2,FC,gamma,Random Forest,15,0.5377181641887525,0.06938996726257757,0.5066666666666666,0.044221663871405324,0.5033775048480932,0.04374955099655504,0.5033775048480932,0.04374955099655504
Language_Tonal,gu2,FC,gamma,Elastic Net,15,0.6110374919198448,0.05581057151162334,0.5599999999999999,0.0573488351136175,0.5631302521008402,0.06301523133838974,0.5631302521008402,0.06301523133838974
Language_Tonal,gu2,PSD,delta,Linear SVM,15,0.43443762120232704,0.15908164138535805,0.5666666666666667,0.10954451150103323,0.557397382029735,0.11299711840718497,0.557397382029735,0.11299711840718497
Language_Tonal,gu2,PSD,delta,Random Forest,15,0.5043006625727214,0.1192610962096635,0.5133333333333333,0.0748331477354788,0.5049288946347771,0.07867168267885702,0.5049288946347771,0.07867168267885702
Language_Tonal,gu2,PSD,delta,Elastic Net,15,0.599297026502909,0.13161372833110455,0.54,0.12183777921664708,0.5387443438914027,0.13017062155225767,0.5387443438914027,0.13017062155225767
Language_Tonal,gu2,PSD,theta,Linear SVM,15,0.44163703943115706,0.0535407465778443,0.5266666666666666,0.06798692684790378,0.5206811570782159,0.06394857860523541,0.5206811570782159,0.06394857860523541
Language_Tonal,gu2,PSD,theta,Random Forest,15,0.5011029411764706,0.10400019702585216,0.5199999999999999,0.07483314773547882,0.5116798642533936,0.08322101682812307,0.5116798642533936,0.08322101682812307
Language_Tonal,gu2,PSD,theta,Elastic Net,15,0.5487637362637362,0.09527428757809175,0.5533333333333333,0.054160256030906385,0.5485415319974144,0.054020339321512546,0.5485415319974144,0.054020339321512546
Language_Tonal,gu2,PSD,alpha,Linear SVM,15,0.5779775371687135,0.05613305408933032,0.47333333333333344,0.024944382578492935,0.4697923400129283,0.03615705470565456,0.4697923400129283,0.03615705470565456
Language_Tonal,gu2,PSD,alpha,Random Forest,15,0.45830437944408536,0.062482470212238156,0.47333333333333333,0.06463573143221771,0.4629444085326438,0.06611869865282277,0.4629444085326438,0.06611869865282277
Language_Tonal,gu2,PSD,alpha,Elastic Net,15,0.3804783451842275,0.09652390402203621,0.42000000000000004,0.09092121131323905,0.4203741111829348,0.09564626980076534,0.4203741111829348,0.09564626980076534
Language_Tonal,gu2,PSD,beta,Linear SVM,15,0.6143503555268262,0.03845809108539239,0.4066666666666666,0.05734883511361752,0.4087871687136393,0.0664265661808049,0.4087871687136393,0.0664265661808049
Language_Tonal,gu2,PSD,beta,Random Forest,15,0.4111283936651584,0.06281521452774481,0.4533333333333333,0.0498887651569859,0.4492081447963801,0.04625078542947026,0.4492081447963801,0.04625078542947026
Language_Tonal,gu2,PSD,beta,Elastic Net,15,0.4093527795733678,0.03531584672354002,0.44000000000000006,0.044221663871405345,0.43547592113768585,0.045678997995732676,0.43547592113768585,0.045678997995732676
Language_Tonal,gu2,PSD,highbeta,Linear SVM,15,0.4297551712992889,0.11877087047978083,0.4133333333333333,0.045215533220835116,0.42367081447963806,0.04842719428174496,0.42367081447963806,0.04842719428174496
Language_Tonal,gu2,PSD,highbeta,Random Forest,15,0.45018988364576595,0.15795672908993172,0.48,0.10022197585581938,0.4732910471881059,0.10387724571774237,0.4732910471881059,0.10387724571774237
Language_Tonal,gu2,PSD,highbeta,Elastic Net,15,0.4594174208144796,0.1003565840067062,0.4866666666666667,0.06531972647421806,0.48134696186166775,0.06414287474055631,0.48134696186166775,0.06414287474055631
Language_Tonal,gu2,PSD,gamma,Linear SVM,15,0.4548682934712346,0.11597050537884289,0.5733333333333333,0.07118052168020873,0.5671541693600517,0.07024271034087158,0.5671541693600517,0.07024271034087158
Language_Tonal,gu2,PSD,gamma,Random Forest,15,0.5377181641887525,0.06938996726257757,0.5066666666666666,0.044221663871405324,0.5033775048480932,0.04374955099655504,0.5033775048480932,0.04374955099655504
Language_Tonal,gu2,PSD,gamma,Elastic Net,15,0.6110374919198448,0.05581057151162334,0.5599999999999999,0.0573488351136175,0.5631302521008402,0.06301523133838974,0.5631302521008402,0.06301523133838974
Language_Tonal,gu2,PSD_FC,delta,Linear SVM,15,0.43443762120232704,0.15908164138535805,0.5666666666666667,0.10954451150103323,0.557397382029735,0.11299711840718497,0.557397382029735,0.11299711840718497
Language_Tonal,gu2,PSD_FC,delta,Random Forest,15,0.5043006625727214,0.1192610962096635,0.5133333333333333,0.0748331477354788,0.5049288946347771,0.07867168267885702,0.5049288946347771,0.07867168267885702
Language_Tonal,gu2,PSD_FC,delta,Elastic Net,15,0.599297026502909,0.13161372833110455,0.54,0.12183777921664708,0.5387443438914027,0.13017062155225767,0.5387443438914027,0.13017062155225767
Language_Tonal,gu2,PSD_FC,theta,Linear SVM,15,0.44163703943115706,0.0535407465778443,0.5266666666666666,0.06798692684790378,0.5206811570782159,0.06394857860523541,0.5206811570782159,0.06394857860523541
Language_Tonal,gu2,PSD_FC,theta,Random Forest,15,0.5011029411764706,0.10400019702585216,0.5199999999999999,0.07483314773547882,0.5116798642533936,0.08322101682812307,0.5116798642533936,0.08322101682812307
Language_Tonal,gu2,PSD_FC,theta,Elastic Net,15,0.5487637362637362,0.09527428757809175,0.5533333333333333,0.054160256030906385,0.5485415319974144,0.054020339321512546,0.5485415319974144,0.054020339321512546
Language_Tonal,gu2,PSD_FC,alpha,Linear SVM,15,0.5779775371687135,0.05613305408933032,0.47333333333333344,0.024944382578492935,0.4697923400129283,0.03615705470565456,0.4697923400129283,0.03615705470565456
Language_Tonal,gu2,PSD_FC,alpha,Random Forest,15,0.45830437944408536,0.062482470212238156,0.47333333333333333,0.06463573143221771,0.4629444085326438,0.06611869865282277,0.4629444085326438,0.06611869865282277
Language_Tonal,gu2,PSD_FC,alpha,Elastic Net,15,0.3804783451842275,0.09652390402203621,0.42000000000000004,0.09092121131323905,0.4203741111829348,0.09564626980076534,0.4203741111829348,0.09564626980076534
Language_Tonal,gu2,PSD_FC,beta,Linear SVM,15,0.6143503555268262,0.03845809108539239,0.4066666666666666,0.05734883511361752,0.4087871687136393,0.0664265661808049,0.4087871687136393,0.0664265661808049
Language_Tonal,gu2,PSD_FC,beta,Random Forest,15,0.4111283936651584,0.06281521452774481,0.4533333333333333,0.0498887651569859,0.4492081447963801,0.04625078542947026,0.4492081447963801,0.04625078542947026
Language_Tonal,gu2,PSD_FC,beta,Elastic Net,15,0.4093527795733678,0.03531584672354002,0.44000000000000006,0.044221663871405345,0.43547592113768585,0.045678997995732676,0.43547592113768585,0.045678997995732676
Language_Tonal,gu2,PSD_FC,highbeta,Linear SVM,15,0.4297551712992889,0.11877087047978083,0.4133333333333333,0.045215533220835116,0.42367081447963806,0.04842719428174496,0.42367081447963806,0.04842719428174496
Language_Tonal,gu2,PSD_FC,highbeta,Random Forest,15,0.45018988364576595,0.15795672908993172,0.48,0.10022197585581938,0.4732910471881059,0.10387724571774237,0.4732910471881059,0.10387724571774237
Language_Tonal,gu2,PSD_FC,highbeta,Elastic Net,15,0.4594174208144796,0.1003565840067062,0.4866666666666667,0.06531972647421806,0.48134696186166775,0.06414287474055631,0.48134696186166775,0.06414287474055631
Language_Tonal,gu2,PSD_FC,gamma,Linear SVM,15,0.4548682934712346,0.11597050537884289,0.5733333333333333,0.07118052168020873,0.5671541693600517,0.07024271034087158,0.5671541693600517,0.07024271034087158
Language_Tonal,gu2,PSD_FC,gamma,Random Forest,15,0.5377181641887525,0.06938996726257757,0.5066666666666666,0.044221663871405324,0.5033775048480932,0.04374955099655504,0.5033775048480932,0.04374955099655504
Language_Tonal,gu2,PSD_FC,gamma,Elastic Net,15,0.6110374919198448,0.05581057151162334,0.5599999999999999,0.0573488351136175,0.5631302521008402,0.06301523133838974,0.5631302521008402,0.06301523133838974
Age_Child_Language_Tonal,gu2,FC,delta,Linear SVM,15,0.44319083694083694,0.07476069485277921,0.30116959064327486,0.026283280765197925,0.29154761904761906,0.03414280733210155,0.7681114718614719,0.010801543542053394
Age_Child_Language_Tonal,gu2,FC,delta,Random Forest,15,0.5954455266955266,0.020009127580582986,0.2777777777777778,0.08818589354921313,0.30988095238095237,0.08038456322289216,0.7541585497835497,0.033358649010320894
Age_Child_Language_Tonal,gu2,FC,delta,Elastic Net,15,0.5031168831168831,0.029199148795837137,0.2590643274853801,0.06584078570777811,0.26011904761904764,0.058702669456853006,0.752740800865801,0.022372520564349564
Age_Child_Language_Tonal,gu2,FC,theta,Linear SVM,15,0.5409126984126984,0.09839771426346863,0.14853801169590644,0.08289667066651157,0.1420238095238095,0.07697659920649147,0.7170968614718614,0.03337479720342556
Age_Child_Language_Tonal,gu2,FC,theta,Random Forest,15,0.4562869769119769,0.06486070304728613,0.21461988304093566,0.0672794246468756,0.2005952380952381,0.07154256776400728,0.7393858225108226,0.024600342589521505
Age_Child_Language_Tonal,gu2,FC,theta,Elastic Net,15,0.3966053391053391,0.0649975052526605,0.1391812865497076,0.04041439191385028,0.1386904761904762,0.041904085492376286,0.7155708874458874,0.019255939265287417
Age_Child_Language_Tonal,gu2,FC,alpha,Linear SVM,15,0.46704906204906205,0.12318576995976761,0.26842105263157895,0.10260450151794764,0.26226190476190475,0.12604079172687832,0.7597483766233767,0.033665610961289574
Age_Child_Language_Tonal,gu2,FC,alpha,Random Forest,15,0.4818398268398269,0.11482322204469711,0.2263157894736842,0.05614035087719298,0.2064285714285714,0.06317088905888371,0.7384713203463203,0.02210934666762344
Age_Child_Language_Tonal,gu2,FC,alpha,Elastic Net,15,0.47005591630591637,0.13165036648334222,0.2152046783625731,0.12480414532237338,0.21297619047619049,0.1397749851914167,0.7428733766233766,0.039309765394921384
Age_Child_Language_Tonal,gu2,FC,beta,Linear SVM,15,0.41154220779220785,0.08990421523492452,0.39824561403508774,0.18079919400177402,0.40857142857142853,0.17460053208678564,0.8035064935064934,0.051940953699747335
Age_Child_Language_Tonal,gu2,FC,beta,Random Forest,15,0.5058031204906206,0.11606485284089797,0.29064327485380115,0.14876806791853903,0.2914285714285714,0.13799082670224225,0.7627353896103897,0.04841263628268306
Age_Child_Language_Tonal,gu2,FC,beta,Elastic Net,15,0.5399882756132757,0.11441440391774925,0.356140350877193,0.1567251461988304,0.3407142857142857,0.1316661284756072,0.7840070346320346,0.048733593489075126
Age_Child_Language_Tonal,gu2,FC,highbeta,Linear SVM,15,0.39205266955266954,0.04560335953544549,0.2596491228070175,0.11658419456727122,0.24678571428571425,0.12473134394876575,0.7491477272727273,0.03980266380789302
Age_Child_Language_Tonal,gu2,FC,highbeta,Random Forest,15,0.4541080447330447,0.08690532487341894,0.22514619883040937,0.05935024307071473,0.21749999999999997,0.06336040416795437,0.7363906926406927,0.02381583200574092
Age_Child_Language_Tonal,gu2,FC,highbeta,Elastic Net,15,0.4511426767676768,0.04991584548739781,0.19415204678362571,0.07298470531846875,0.18535714285714283,0.0783226581233694,0.7326812770562771,0.023874438637434346
Age_Child_Language_Tonal,gu2,FC,gamma,Linear SVM,15,0.46974567099567094,0.06675456397426074,0.29064327485380115,0.06635816585966917,0.25464285714285717,0.06741018211710471,0.764935064935065,0.020460929167156375
Age_Child_Language_Tonal,gu2,FC,gamma,Random Forest,15,0.46187049062049057,0.07059311477902273,0.2701754385964912,0.0863756745620433,0.24047619047619045,0.08077273484213315,0.7559713203463203,0.025820687918043716
Age_Child_Language_Tonal,gu2,FC,gamma,Elastic Net,15,0.4582007575757575,0.05629822929419617,0.2701754385964912,0.11891061896723189,0.2457142857142857,0.11689324451072824,0.7580979437229438,0.03708461644115749
Age_Child_Language_Tonal,gu2,PSD,delta,Linear SVM,15,0.44319083694083694,0.07476069485277921,0.30116959064327486,0.026283280765197925,0.29154761904761906,0.03414280733210155,0.7681114718614719,0.010801543542053394
Age_Child_Language_Tonal,gu2,PSD,delta,Random Forest,15,0.5954455266955266,0.020009127580582986,0.2777777777777778,0.08818589354921313,0.30988095238095237,0.08038456322289216,0.7541585497835497,0.033358649010320894
Age_Child_Language_Tonal,gu2,PSD,delta,Elastic Net,15,0.5031168831168831,0.029199148795837137,0.2590643274853801,0.06584078570777811,0.26011904761904764,0.058702669456853006,0.752740800865801,0.022372520564349564
Age_Child_Language_Tonal,gu2,PSD,theta,Linear SVM,15,0.5409126984126984,0.09839771426346863,0.14853801169590644,0.08289667066651157,0.1420238095238095,0.07697659920649147,0.7170968614718614,0.03337479720342556
Age_Child_Language_Tonal,gu2,PSD,theta,Random Forest,15,0.4562869769119769,0.06486070304728613,0.21461988304093566,0.0672794246468756,0.2005952380952381,0.07154256776400728,0.7393858225108226,0.024600342589521505
Age_Child_Language_Tonal,gu2,PSD,theta,Elastic Net,15,0.3966053391053391,0.0649975052526605,0.1391812865497076,0.04041439191385028,0.1386904761904762,0.041904085492376286,0.7155708874458874,0.019255939265287417
Age_Child_Language_Tonal,gu2,PSD,alpha,Linear SVM,15,0.46704906204906205,0.12318576995976761,0.26842105263157895,0.10260450151794764,0.26226190476190475,0.12604079172687832,0.7597483766233767,0.033665610961289574
Age_Child_Language_Tonal,gu2,PSD,alpha,Random Forest,15,0.4818398268398269,0.11482322204469711,0.2263157894736842,0.05614035087719298,0.2064285714285714,0.06317088905888371,0.7384713203463203,0.02210934666762344
Age_Child_Language_Tonal,gu2,PSD,alpha,Elastic Net,15,0.47005591630591637,0.13165036648334222,0.2152046783625731,0.12480414532237338,0.21297619047619049,0.1397749851914167,0.7428733766233766,0.039309765394921384
Age_Child_Language_Tonal,gu2,PSD,beta,Linear SVM,15,0.41154220779220785,0.08990421523492452,0.39824561403508774,0.18079919400177402,0.40857142857142853,0.17460053208678564,0.8035064935064934,0.051940953699747335
Age_Child_Language_Tonal,gu2,PSD,beta,Random Forest,15,0.5058031204906206,0.11606485284089797,0.29064327485380115,0.14876806791853903,0.2914285714285714,0.13799082670224225,0.7627353896103897,0.04841263628268306
Age_Child_Language_Tonal,gu2,PSD,beta,Elastic Net,15,0.5399882756132757,0.11441440391774925,0.356140350877193,0.1567251461988304,0.3407142857142857,0.1316661284756072,0.7840070346320346,0.048733593489075126
Age_Child_Language_Tonal,gu2,PSD,highbeta,Linear SVM,15,0.39205266955266954,0.04560335953544549,0.2596491228070175,0.11658419456727122,0.24678571428571425,0.12473134394876575,0.7491477272727273,0.03980266380789302
Age_Child_Language_Tonal,gu2,PSD,highbeta,Random Forest,15,0.4541080447330447,0.08690532487341894,0.22514619883040937,0.05935024307071473,0.21749999999999997,0.06336040416795437,0.7363906926406927,0.02381583200574092
Age_Child_Language_Tonal,gu2,PSD,highbeta,Elastic Net,15,0.4511426767676768,0.04991584548739781,0.19415204678362571,0.07298470531846875,0.18535714285714283,0.0783226581233694,0.7326812770562771,0.023874438637434346
Age_Child_Language_Tonal,gu2,PSD,gamma,Linear SVM,15,0.46974567099567094,0.06675456397426074,0.29064327485380115,0.06635816585966917,0.25464285714285717,0.06741018211710471,0.764935064935065,0.020460929167156375
Age_Child_Language_Tonal,gu2,PSD,gamma,Random Forest,15,0.46187049062049057,0.07059311477902273,0.2701754385964912,0.0863756745620433,0.24047619047619045,0.08077273484213315,0.7559713203463203,0.025820687918043716
Age_Child_Language_Tonal,gu2,PSD,gamma,Elastic Net,15,0.4582007575757575,0.05629822929419617,0.2701754385964912,0.11891061896723189,0.2457142857142857,0.11689324451072824,0.7580979437229438,0.03708461644115749
Age_Child_Language_Tonal,gu2,PSD_FC,delta,Linear SVM,15,0.44319083694083694,0.07476069485277921,0.30116959064327486,0.026283280765197925,0.29154761904761906,0.03414280733210155,0.7681114718614719,0.010801543542053394
Age_Child_Language_Tonal,gu2,PSD_FC,delta,Random Forest,15,0.5954455266955266,0.020009127580582986,0.2777777777777778,0.08818589354921313,0.30988095238095237,0.08038456322289216,0.7541585497835497,0.033358649010320894
Age_Child_Language_Tonal,gu2,PSD_FC,delta,Elastic Net,15,0.5031168831168831,0.029199148795837137,0.2590643274853801,0.06584078570777811,0.26011904761904764,0.058702669456853006,0.752740800865801,0.022372520564349564
Age_Child_Language_Tonal,gu2,PSD_FC,theta,Linear SVM,15,0.5409126984126984,0.09839771426346863,0.14853801169590644,0.08289667066651157,0.1420238095238095,0.07697659920649147,0.7170968614718614,0.03337479720342556
Age_Child_Language_Tonal,gu2,PSD_FC,theta,Random Forest,15,0.4562869769119769,0.06486070304728613,0.21461988304093566,0.0672794246468756,0.2005952380952381,0.07154256776400728,0.7393858225108226,0.024600342589521505
Age_Child_Language_Tonal,gu2,PSD_FC,theta,Elastic Net,15,0.3966053391053391,0.0649975052526605,0.1391812865497076,0.04041439191385028,0.1386904761904762,0.041904085492376286,0.7155708874458874,0.019255939265287417
Age_Child_Language_Tonal,gu2,PSD_FC,alpha,Linear SVM,15,0.46704906204906205,0.12318576995976761,0.26842105263157895,0.10260450151794764,0.26226190476190475,0.12604079172687832,0.7597483766233767,0.033665610961289574
Age_Child_Language_Tonal,gu2,PSD_FC,alpha,Random Forest,15,0.4818398268398269,0.11482322204469711,0.2263157894736842,0.05614035087719298,0.2064285714285714,0.06317088905888371,0.7384713203463203,0.02210934666762344
Age_Child_Language_Tonal,gu2,PSD_FC,alpha,Elastic Net,15,0.47005591630591637,0.13165036648334222,0.2152046783625731,0.12480414532237338,0.21297619047619049,0.1397749851914167,0.7428733766233766,0.039309765394921384
Age_Child_Language_Tonal,gu2,PSD_FC,beta,Linear SVM,15,0.41154220779220785,0.08990421523492452,0.39824561403508774,0.18079919400177402,0.40857142857142853,0.17460053208678564,0.8035064935064934,0.051940953699747335
Age_Child_Language_Tonal,gu2,PSD_FC,beta,Random Forest,15,0.5058031204906206,0.11606485284089797,0.29064327485380115,0.14876806791853903,0.2914285714285714,0.13799082670224225,0.7627353896103897,0.04841263628268306
Age_Child_Language_Tonal,gu2,PSD_FC,beta,Elastic Net,15,0.5399882756132757,0.11441440391774925,0.356140350877193,0.1567251461988304,0.3407142857142857,0.1316661284756072,0.7840070346320346,0.048733593489075126
Age_Child_Language_Tonal,gu2,PSD_FC,highbeta,Linear SVM,15,0.39205266955266954,0.04560335953544549,0.2596491228070175,0.11658419456727122,0.24678571428571425,0.12473134394876575,0.7491477272727273,0.03980266380789302
Age_Child_Language_Tonal,gu2,PSD_FC,highbeta,Random Forest,15,0.4541080447330447,0.08690532487341894,0.22514619883040937,0.05935024307071473,0.21749999999999997,0.06336040416795437,0.7363906926406927,0.02381583200574092
Age_Child_Language_Tonal,gu2,PSD_FC,highbeta,Elastic Net,15,0.4511426767676768,0.04991584548739781,0.19415204678362571,0.07298470531846875,0.18535714285714283,0.0783226581233694,0.7326812770562771,0.023874438637434346
Age_Child_Language_Tonal,gu2,PSD_FC,gamma,Linear SVM,15,0.46974567099567094,0.06675456397426074,0.29064327485380115,0.06635816585966917,0.25464285714285717,0.06741018211710471,0.764935064935065,0.020460929167156375
Age_Child_Language_Tonal,gu2,PSD_FC,gamma,Random Forest,15,0.46187049062049057,0.07059311477902273,0.2701754385964912,0.0863756745620433,0.24047619047619045,0.08077273484213315,0.7559713203463203,0.025820687918043716
Age_Child_Language_Tonal,gu2,PSD_FC,gamma,Elastic Net,15,0.4582007575757575,0.05629822929419617,0.2701754385964912,0.11891061896723189,0.2457142857142857,0.11689324451072824,0.7580979437229438,0.03708461644115749
Age_Child_Language,gu2,FC,delta,Linear SVM,15,0.43193533236319553,0.05896160670574074,0.11840888066604996,0.012025901942645696,0.07711489898989898,0.0132260101010101,0.8729653141783332,0.0013835175276871725
Age_Child_Language,gu2,FC,delta,Random Forest,15,0.4554323819096126,0.006197678315353505,0.1616558741905643,0.033996299722479195,0.11332070707070707,0.03554292929292929,0.876758432057414,0.006885139639752014
Age_Child_Language,gu2,FC,delta,Elastic Net,15,0.3949011328908537,0.014853357201630613,0.07539315448658648,0.011563367252543942,0.061931818181818185,0.0068181818181818205,0.8679233810380816,7.223855413618363e-05
Age_Child_Language,gu2,FC,theta,Linear SVM,15,0.4843038530758385,0.09611377618831302,0.10777058279370952,0.022664199814986123,0.0947443181818182,0.013494318181818184,0.8731450800569742,0.0022422287545964537
Age_Child_Language,gu2,FC,theta,Random Forest,15,0.4051755349025841,0.005967467478183053,0.07516188714153561,0.009944495837187789,0.060069444444444446,0.00868055555555556,0.8656975276507315,3.6339746920521776e-06
Age_Child_Language,gu2,FC,theta,Elastic Net,15,0.42263948701494697,0.0034994806798187006,0.09690101757631822,0.01179463459759482,0.09375,0.012500000000000004,0.8725575870940852,0.0015805483405842424
Age_Child_Language,gu2,FC,alpha,Linear SVM,15,0.5438625162461186,0.05043115687485222,0.16119333950046255,0.009019426456984267,0.15538194444444442,0.022743055555555544,0.8788361452594322,0.0032989097093596986
Age_Child_Language,gu2,FC,alpha,Random Forest,15,0.4609101825914427,0.022524247094190514,0.11840888066604996,0.012025901942645696,0.09482323232323232,0.010732323232323232,0.8708448926629198,0.0019446186037881397
Age_Child_Language,gu2,FC,alpha,Elastic Net,15,0.44836948222379663,0.011588160965180727,0.1188714153561517,0.05504162812210916,0.1296875,0.06093749999999999,0.8731291319796204,0.006458545177055519
Age_Child_Language,gu2,FC,beta,Linear SVM,15,0.49569867926080124,0.031223128201890105,0.10753931544865865,0.0011563367252543921,0.10776515151515151,0.0026515151515151478,0.8742493637491981,0.00025198578840551766
Age_Child_Language,gu2,FC,beta,Random Forest,15,0.453369114431616,0.00817197817193649,0.12904717853839037,0.001387604070305276,0.09526515151515152,0.0026515151515151478,0.8726900727896965,0.0002950932862444966
Age_Child_Language,gu2,FC,beta,Elastic Net,15,0.4131293565315003,0.01419608527594085,0.11817761332099908,0.009481961147086028,0.12026515151515152,0.02765151515151515,0.8768366423468283,0.004313767810154079
Age_Child_Language,gu2,FC,highbeta,Linear SVM,15,0.5000175023174771,0.06453676657197882,0.11864014801110084,0.033533765032377434,0.09174558080808082,0.009106691919191924,0.8723183365444523,0.0002521324958498772
Age_Child_Language,gu2,FC,highbeta,Random Forest,15,0.4296562044494178,0.01417635655860855,0.1616558741905643,0.033996299722479195,0.10410353535353536,0.02771464646464647,0.8787725562356783,0.004331962266786282
Age_Child_Language,gu2,FC,highbeta,Elastic Net,15,0.39675462132429506,0.021944400690275784,0.09666975023126734,0.009713228492136912,0.0828125,0.029687499999999995,0.872658995220348,0.005304587397390814
Age_Child_Language,gu2,FC,gamma,Linear SVM,15,0.5594390213255275,0.08413427641632168,0.09666975023126734,0.009713228492136912,0.08125,0.012499999999999997,0.8715646119026905,0.002446602540778775
Age_Child_Language,gu2,FC,gamma,Random Forest,15,0.4756671228532028,0.023786975947012817,0.18223866790009252,0.05180388529139686,0.13259154040404042,0.024352904040404036,0.8786748018111372,0.008348683948113
Age_Child_Language,gu2,FC,gamma,Elastic Net,15,0.3805687466422537,0.012264903145855627,0.09690101757631822,0.01179463459759482,0.0713068181818182,0.002556818181818181,0.8706910169670989,0.0011244082798227417
Age_Child_Language,gu2,PSD,delta,Linear SVM,15,0.43193533236319553,0.05896160670574074,0.11840888066604996,0.012025901942645696,0.07711489898989898,0.0132260101010101,0.8729653141783332,0.0013835175276871725
Age_Child_Language,gu2,PSD,delta,Random Forest,15,0.4554323819096126,0.006197678315353505,0.1616558741905643,0.033996299722479195,0.11332070707070707,0.03554292929292929,0.876758432057414,0.006885139639752014
Age_Child_Language,gu2,PSD,delta,Elastic Net,15,0.3949011328908537,0.014853357201630613,0.07539315448658648,0.011563367252543942,0.061931818181818185,0.0068181818181818205,0.8679233810380816,7.223855413618363e-05
Age_Child_Language,gu2,PSD,theta,Linear SVM,15,0.4843038530758385,0.09611377618831302,0.10777058279370952,0.022664199814986123,0.0947443181818182,0.013494318181818184,0.8731450800569742,0.0022422287545964537
Age_Child_Language,gu2,PSD,theta,Random Forest,15,0.4051755349025841,0.005967467478183053,0.07516188714153561,0.009944495837187789,0.060069444444444446,0.00868055555555556,0.8656975276507315,3.6339746920521776e-06
Age_Child_Language,gu2,PSD,theta,Elastic Net,15,0.42263948701494697,0.0034994806798187006,0.09690101757631822,0.01179463459759482,0.09375,0.012500000000000004,0.8725575870940852,0.0015805483405842424
Age_Child_Language,gu2,PSD,alpha,Linear SVM,15,0.5438625162461186,0.05043115687485222,0.16119333950046255,0.009019426456984267,0.15538194444444442,0.022743055555555544,0.8788361452594322,0.0032989097093596986
Age_Child_Language,gu2,PSD,alpha,Random Forest,15,0.4609101825914427,0.022524247094190514,0.11840888066604996,0.012025901942645696,0.09482323232323232,0.010732323232323232,0.8708448926629198,0.0019446186037881397
Age_Child_Language,gu2,PSD,alpha,Elastic Net,15,0.44836948222379663,0.011588160965180727,0.1188714153561517,0.05504162812210916,0.1296875,0.06093749999999999,0.8731291319796204,0.006458545177055519
Age_Child_Language,gu2,PSD,beta,Linear SVM,15,0.49569867926080124,0.031223128201890105,0.10753931544865865,0.0011563367252543921,0.10776515151515151,0.0026515151515151478,0.8742493637491981,0.00025198578840551766
Age_Child_Language,gu2,PSD,beta,Random Forest,15,0.453369114431616,0.00817197817193649,0.12904717853839037,0.001387604070305276,0.09526515151515152,0.0026515151515151478,0.8726900727896965,0.0002950932862444966
Age_Child_Language,gu2,PSD,beta,Elastic Net,15,0.4131293565315003,0.01419608527594085,0.11817761332099908,0.009481961147086028,0.12026515151515152,0.02765151515151515,0.8768366423468283,0.004313767810154079
Age_Child_Language,gu2,PSD,highbeta,Linear SVM,15,0.5000175023174771,0.06453676657197882,0.11864014801110084,0.033533765032377434,0.09174558080808082,0.009106691919191924,0.8723183365444523,0.0002521324958498772
Age_Child_Language,gu2,PSD,highbeta,Random Forest,15,0.4296562044494178,0.01417635655860855,0.1616558741905643,0.033996299722479195,0.10410353535353536,0.02771464646464647,0.8787725562356783,0.004331962266786282
Age_Child_Language,gu2,PSD,highbeta,Elastic Net,15,0.39675462132429506,0.021944400690275784,0.09666975023126734,0.009713228492136912,0.0828125,0.029687499999999995,0.872658995220348,0.005304587397390814
Age_Child_Language,gu2,PSD,gamma,Linear SVM,15,0.5594390213255275,0.08413427641632168,0.09666975023126734,0.009713228492136912,0.08125,0.012499999999999997,0.8715646119026905,0.002446602540778775
Age_Child_Language,gu2,PSD,gamma,Random Forest,15,0.4756671228532028,0.023786975947012817,0.18223866790009252,0.05180388529139686,0.13259154040404042,0.024352904040404036,0.8786748018111372,0.008348683948113
Age_Child_Language,gu2,PSD,gamma,Elastic Net,15,0.3805687466422537,0.012264903145855627,0.09690101757631822,0.01179463459759482,0.0713068181818182,0.002556818181818181,0.8706910169670989,0.0011244082798227417
Age_Child_Language,gu2,PSD_FC,delta,Linear SVM,15,0.43193533236319553,0.05896160670574074,0.11840888066604996,0.012025901942645696,0.07711489898989898,0.0132260101010101,0.8729653141783332,0.0013835175276871725
Age_Child_Language,gu2,PSD_FC,delta,Random Forest,15,0.4554323819096126,0.006197678315353505,0.1616558741905643,0.033996299722479195,0.11332070707070707,0.03554292929292929,0.876758432057414,0.006885139639752014
Age_Child_Language,gu2,PSD_FC,delta,Elastic Net,15,0.3949011328908537,0.014853357201630613,0.07539315448658648,0.011563367252543942,0.061931818181818185,0.0068181818181818205,0.8679233810380816,7.223855413618363e-05
Age_Child_Language,gu2,PSD_FC,theta,Linear SVM,15,0.4843038530758385,0.09611377618831302,0.10777058279370952,0.022664199814986123,0.0947443181818182,0.013494318181818184,0.8731450800569742,0.0022422287545964537
Age_Child_Language,gu2,PSD_FC,theta,Random Forest,15,0.4051755349025841,0.005967467478183053,0.07516188714153561,0.009944495837187789,0.060069444444444446,0.00868055555555556,0.8656975276507315,3.6339746920521776e-06
Age_Child_Language,gu2,PSD_FC,theta,Elastic Net,15,0.42263948701494697,0.0034994806798187006,0.09690101757631822,0.01179463459759482,0.09375,0.012500000000000004,0.8725575870940852,0.0015805483405842424
Age_Child_Language,gu2,PSD_FC,alpha,Linear SVM,15,0.5438625162461186,0.05043115687485222,0.16119333950046255,0.009019426456984267,0.15538194444444442,0.022743055555555544,0.8788361452594322,0.0032989097093596986
Age_Child_Language,gu2,PSD_FC,alpha,Random Forest,15,0.4609101825914427,0.022524247094190514,0.11840888066604996,0.012025901942645696,0.09482323232323232,0.010732323232323232,0.8708448926629198,0.0019446186037881397
Age_Child_Language,gu2,PSD_FC,alpha,Elastic Net,15,0.44836948222379663,0.011588160965180727,0.1188714153561517,0.05504162812210916,0.1296875,0.06093749999999999,0.8731291319796204,0.006458545177055519
Age_Child_Language,gu2,PSD_FC,beta,Linear SVM,15,0.49569867926080124,0.031223128201890105,0.10753931544865865,0.0011563367252543921,0.10776515151515151,0.0026515151515151478,0.8742493637491981,0.00025198578840551766
Age_Child_Language,gu2,PSD_FC,beta,Random Forest,15,0.453369114431616,0.00817197817193649,0.12904717853839037,0.001387604070305276,0.09526515151515152,0.0026515151515151478,0.8726900727896965,0.0002950932862444966
Age_Child_Language,gu2,PSD_FC,beta,Elastic Net,15,0.4131293565315003,0.01419608527594085,0.11817761332099908,0.009481961147086028,0.12026515151515152,0.02765151515151515,0.8768366423468283,0.004313767810154079
Age_Child_Language,gu2,PSD_FC,highbeta,Linear SVM,15,0.5000175023174771,0.06453676657197882,0.11864014801110084,0.033533765032377434,0.09174558080808082,0.009106691919191924,0.8723183365444523,0.0002521324958498772
Age_Child_Language,gu2,PSD_FC,highbeta,Random Forest,15,0.4296562044494178,0.01417635655860855,0.1616558741905643,0.033996299722479195,0.10410353535353536,0.02771464646464647,0.8787725562356783,0.004331962266786282
Age_Child_Language,gu2,PSD_FC,highbeta,Elastic Net,15,0.39675462132429506,0.021944400690275784,0.09666975023126734,0.009713228492136912,0.0828125,0.029687499999999995,0.872658995220348,0.005304587397390814
Age_Child_Language,gu2,PSD_FC,gamma,Linear SVM,15,0.5594390213255275,0.08413427641632168,0.09666975023126734,0.009713228492136912,0.08125,0.012499999999999997,0.8715646119026905,0.002446602540778775
Age_Child_Language,gu2,PSD_FC,gamma,Random Forest,15,0.4756671228532028,0.023786975947012817,0.18223866790009252,0.05180388529139686,0.13259154040404042,0.024352904040404036,0.8786748018111372,0.008348683948113
Age_Child_Language,gu2,PSD_FC,gamma,Elastic Net,15,0.3805687466422537,0.012264903145855627,0.09690101757631822,0.01179463459759482,0.0713068181818182,0.002556818181818181,0.8706910169670989,0.0011244082798227417
Age_Group,gu3,FC,delta,Linear SVM,15,0.5882387063419673,0.04845267455606689,0.31333333333333335,0.045215533220835116,0.3176082251082251,0.04807794734115991,0.7713616364566022,0.013618411582128788
Age_Group,gu3,FC,delta,Random Forest,15,0.5357908211692537,0.047624810927713646,0.3066666666666667,0.053333333333333316,0.29091089466089465,0.061275446938921584,0.7598669671289808,0.016831768238888732
Age_Group,gu3,FC,delta,Elastic Net,15,0.6246789906656611,0.03911775526826222,0.32666666666666666,0.07423685817106697,0.3147799422799422,0.06557896773997536,0.7767539969565141,0.020021267154849857
Age_Group,gu3,FC,theta,Linear SVM,15,0.6227876040520205,0.01997737585240158,0.42000000000000004,0.058118652580542315,0.4104743867243867,0.06413649512771229,0.8050664594749263,0.018071523716914596
Age_Group,gu3,FC,theta,Random Forest,15,0.6080111169913229,0.047228565644803516,0.34,0.08537498983243798,0.3476695526695527,0.08316955660806662,0.7774286685854191,0.028728790884696993
Age_Group,gu3,FC,theta,Elastic Net,15,0.6553591379317353,0.053396748437043,0.42000000000000004,0.054160256030906406,0.4134289321789321,0.07338205194553157,0.8030670801357301,0.020487390319289665
Age_Group,gu3,FC,alpha,Linear SVM,15,0.621980891527745,0.05643096354949068,0.4,0.0632455532033676,0.3877795815295816,0.07804741636497449,0.7953635228234771,0.021202107049232227
Age_Group,gu3,FC,alpha,Random Forest,15,0.5783332172224334,0.03681567934051376,0.2733333333333333,0.061101009266077866,0.2619137806637807,0.04848416133643492,0.754258287098104,0.02698921269867415
Age_Group,gu3,FC,alpha,Elastic Net,15,0.651806529579413,0.06545338822023397,0.37333333333333335,0.06110100926607788,0.36267857142857146,0.07909767287095712,0.7874356532102528,0.020586840118003567
Age_Group,gu3,FC,beta,Linear SVM,15,0.6532132850940059,0.04498550376664112,0.42666666666666675,0.10624918300339485,0.45608766233766235,0.11592087911607941,0.8131786161969228,0.030780438759872204
Age_Group,gu3,FC,beta,Random Forest,15,0.6649068862561711,0.04186263114062502,0.44000000000000006,0.04898979485566357,0.4395598845598846,0.06350706811421637,0.8138878482310977,0.015974144338430064
Age_Group,gu3,FC,beta,Elastic Net,15,0.6753198166758235,0.04853912499961083,0.33999999999999997,0.06110100926607787,0.35657828282828286,0.062094244682470885,0.782932579243792,0.019251871627021678
Age_Group,gu3,FC,highbeta,Linear SVM,15,0.6226712154867761,0.06734211510539129,0.36666666666666664,0.0632455532033676,0.3656890331890332,0.05886679535941052,0.7890676756500554,0.021473233191805205
Age_Group,gu3,FC,highbeta,Random Forest,15,0.5984301347034184,0.05765115946078665,0.2733333333333333,0.09043106644167023,0.27495490620490626,0.0935981999692109,0.7583823895402843,0.03008356249555058
Age_Group,gu3,FC,highbeta,Elastic Net,15,0.6113089395835963,0.03238989908449723,0.33999999999999997,0.048989794855663564,0.3346987734487734,0.062418793665585615,0.7800040725864525,0.017775240402752458
Age_Group,gu3,FC,gamma,Linear SVM,15,0.6072077016550702,0.04269898556061879,0.35333333333333333,0.04521553322083512,0.356017316017316,0.03328528523211517,0.7872773584158024,0.01578624624570706
Age_Group,gu3,FC,gamma,Random Forest,15,0.4982459062390697,0.052602597051236454,0.32,0.058118652580542315,0.30332251082251077,0.0544643069507037,0.7675163467348822,0.02517317252379179
Age_Group,gu3,FC,gamma,Elastic Net,15,0.6139730103145434,0.022904158654554762,0.3466666666666667,0.0339934634239519,0.33975108225108225,0.030326629648023243,0.7813012628104162,0.010749914218647195
Age_Group,gu3,PSD,delta,Linear SVM,15,0.5882387063419673,0.04845267455606689,0.31333333333333335,0.045215533220835116,0.3176082251082251,0.04807794734115991,0.7713616364566022,0.013618411582128788
Age_Group,gu3,PSD,delta,Random Forest,15,0.5357908211692537,0.047624810927713646,0.3066666666666667,0.053333333333333316,0.29091089466089465,0.061275446938921584,0.7598669671289808,0.016831768238888732
Age_Group,gu3,PSD,delta,Elastic Net,15,0.6246789906656611,0.03911775526826222,0.32666666666666666,0.07423685817106697,0.3147799422799422,0.06557896773997536,0.7767539969565141,0.020021267154849857
Age_Group,gu3,PSD,theta,Linear SVM,15,0.6227876040520205,0.01997737585240158,0.42000000000000004,0.058118652580542315,0.4104743867243867,0.06413649512771229,0.8050664594749263,0.018071523716914596
Age_Group,gu3,PSD,theta,Random Forest,15,0.6080111169913229,0.047228565644803516,0.34,0.08537498983243798,0.3476695526695527,0.08316955660806662,0.7774286685854191,0.028728790884696993
Age_Group,gu3,PSD,theta,Elastic Net,15,0.6553591379317353,0.053396748437043,0.42000000000000004,0.054160256030906406,0.4134289321789321,0.07338205194553157,0.8030670801357301,0.020487390319289665
Age_Group,gu3,PSD,alpha,Linear SVM,15,0.621980891527745,0.05643096354949068,0.4,0.0632455532033676,0.3877795815295816,0.07804741636497449,0.7953635228234771,0.021202107049232227
Age_Group,gu3,PSD,alpha,Random Forest,15,0.5783332172224334,0.03681567934051376,0.2733333333333333,0.061101009266077866,0.2619137806637807,0.04848416133643492,0.754258287098104,0.02698921269867415
Age_Group,gu3,PSD,alpha,Elastic Net,15,0.651806529579413,0.06545338822023397,0.37333333333333335,0.06110100926607788,0.36267857142857146,0.07909767287095712,0.7874356532102528,0.020586840118003567
Age_Group,gu3,PSD,beta,Linear SVM,15,0.6532132850940059,0.04498550376664112,0.42666666666666675,0.10624918300339485,0.45608766233766235,0.11592087911607941,0.8131786161969228,0.030780438759872204
Age_Group,gu3,PSD,beta,Random Forest,15,0.6649068862561711,0.04186263114062502,0.44000000000000006,0.04898979485566357,0.4395598845598846,0.06350706811421637,0.8138878482310977,0.015974144338430064
Age_Group,gu3,PSD,beta,Elastic Net,15,0.6753198166758235,0.04853912499961083,0.33999999999999997,0.06110100926607787,0.35657828282828286,0.062094244682470885,0.782932579243792,0.019251871627021678
Age_Group,gu3,PSD,highbeta,Linear SVM,15,0.6226712154867761,0.06734211510539129,0.36666666666666664,0.0632455532033676,0.3656890331890332,0.05886679535941052,0.7890676756500554,0.021473233191805205
Age_Group,gu3,PSD,highbeta,Random Forest,15,0.5984301347034184,0.05765115946078665,0.2733333333333333,0.09043106644167023,0.27495490620490626,0.0935981999692109,0.7583823895402843,0.03008356249555058
Age_Group,gu3,PSD,highbeta,Elastic Net,15,0.6113089395835963,0.03238989908449723,0.33999999999999997,0.048989794855663564,0.3346987734487734,0.062418793665585615,0.7800040725864525,0.017775240402752458
Age_Group,gu3,PSD,gamma,Linear SVM,15,0.6072077016550702,0.04269898556061879,0.35333333333333333,0.04521553322083512,0.356017316017316,0.03328528523211517,0.7872773584158024,0.01578624624570706
Age_Group,gu3,PSD,gamma,Random Forest,15,0.4982459062390697,0.052602597051236454,0.32,0.058118652580542315,0.30332251082251077,0.0544643069507037,0.7675163467348822,0.02517317252379179
Age_Group,gu3,PSD,gamma,Elastic Net,15,0.6139730103145434,0.022904158654554762,0.3466666666666667,0.0339934634239519,0.33975108225108225,0.030326629648023243,0.7813012628104162,0.010749914218647195
Age_Group,gu3,PSD_FC,delta,Linear SVM,15,0.5882387063419673,0.04845267455606689,0.31333333333333335,0.045215533220835116,0.3176082251082251,0.04807794734115991,0.7713616364566022,0.013618411582128788
Age_Group,gu3,PSD_FC,delta,Random Forest,15,0.5357908211692537,0.047624810927713646,0.3066666666666667,0.053333333333333316,0.29091089466089465,0.061275446938921584,0.7598669671289808,0.016831768238888732
Age_Group,gu3,PSD_FC,delta,Elastic Net,15,0.6246789906656611,0.03911775526826222,0.32666666666666666,0.07423685817106697,0.3147799422799422,0.06557896773997536,0.7767539969565141,0.020021267154849857
Age_Group,gu3,PSD_FC,theta,Linear SVM,15,0.6227876040520205,0.01997737585240158,0.42000000000000004,0.058118652580542315,0.4104743867243867,0.06413649512771229,0.8050664594749263,0.018071523716914596
Age_Group,gu3,PSD_FC,theta,Random Forest,15,0.6080111169913229,0.047228565644803516,0.34,0.08537498983243798,0.3476695526695527,0.08316955660806662,0.7774286685854191,0.028728790884696993
Age_Group,gu3,PSD_FC,theta,Elastic Net,15,0.6553591379317353,0.053396748437043,0.42000000000000004,0.054160256030906406,0.4134289321789321,0.07338205194553157,0.8030670801357301,0.020487390319289665
Age_Group,gu3,PSD_FC,alpha,Linear SVM,15,0.621980891527745,0.05643096354949068,0.4,0.0632455532033676,0.3877795815295816,0.07804741636497449,0.7953635228234771,0.021202107049232227
Age_Group,gu3,PSD_FC,alpha,Random Forest,15,0.5783332172224334,0.03681567934051376,0.2733333333333333,0.061101009266077866,0.2619137806637807,0.04848416133643492,0.754258287098104,0.02698921269867415
Age_Group,gu3,PSD_FC,alpha,Elastic Net,15,0.651806529579413,0.06545338822023397,0.37333333333333335,0.06110100926607788,0.36267857142857146,0.07909767287095712,0.7874356532102528,0.020586840118003567
Age_Group,gu3,PSD_FC,beta,Linear SVM,15,0.6532132850940059,0.04498550376664112,0.42666666666666675,0.10624918300339485,0.45608766233766235,0.11592087911607941,0.8131786161969228,0.030780438759872204
Age_Group,gu3,PSD_FC,beta,Random Forest,15,0.6649068862561711,0.04186263114062502,0.44000000000000006,0.04898979485566357,0.4395598845598846,0.06350706811421637,0.8138878482310977,0.015974144338430064
Age_Group,gu3,PSD_FC,beta,Elastic Net,15,0.6753198166758235,0.04853912499961083,0.33999999999999997,0.06110100926607787,0.35657828282828286,0.062094244682470885,0.782932579243792,0.019251871627021678
Age_Group,gu3,PSD_FC,highbeta,Linear SVM,15,0.6226712154867761,0.06734211510539129,0.36666666666666664,0.0632455532033676,0.3656890331890332,0.05886679535941052,0.7890676756500554,0.021473233191805205
Age_Group,gu3,PSD_FC,highbeta,Random Forest,15,0.5984301347034184,0.05765115946078665,0.2733333333333333,0.09043106644167023,0.27495490620490626,0.0935981999692109,0.7583823895402843,0.03008356249555058
Age_Group,gu3,PSD_FC,highbeta,Elastic Net,15,0.6113089395835963,0.03238989908449723,0.33999999999999997,0.048989794855663564,0.3346987734487734,0.062418793665585615,0.7800040725864525,0.017775240402752458
Age_Group,gu3,PSD_FC,gamma,Linear SVM,15,0.6072077016550702,0.04269898556061879,0.35333333333333333,0.04521553322083512,0.356017316017316,0.03328528523211517,0.7872773584158024,0.01578624624570706
Age_Group,gu3,PSD_FC,gamma,Random Forest,15,0.4982459062390697,0.052602597051236454,0.32,0.058118652580542315,0.30332251082251077,0.0544643069507037,0.7675163467348822,0.02517317252379179
Age_Group,gu3,PSD_FC,gamma,Elastic Net,15,0.6139730103145434,0.022904158654554762,0.3466666666666667,0.0339934634239519,0.33975108225108225,0.030326629648023243,0.7813012628104162,0.010749914218647195
Language,gu3,FC,delta,Linear SVM,15,0.5104895267335187,0.06116538842876378,0.25333333333333335,0.10022197585581939,0.18777472527472527,0.07813006413969675,0.7403617650208508,0.03784440633541282
Language,gu3,FC,delta,Random Forest,15,0.5119932004343659,0.08776244239887541,0.36,0.07118052168020875,0.27342032967032964,0.05034270384649611,0.7673713467941354,0.020464351836072328
Language,gu3,FC,delta,Elastic Net,15,0.5126339874628415,0.054743767013525534,0.27999999999999997,0.10022197585581939,0.22348901098901094,0.07428366448582958,0.7579878247469083,0.04034240924149687
Language,gu3,FC,theta,Linear SVM,15,0.49889200982785614,0.09241645375872753,0.17333333333333334,0.048989794855663564,0.1967032967032967,0.06897170753756403,0.7333529556363911,0.017994902124827288
Language,gu3,FC,theta,Random Forest,15,0.4410642968323457,0.09995262702404127,0.26,0.057348835113617505,0.20151098901098904,0.050776540640920034,0.733391084728835,0.01765122413191655
Language,gu3,FC,theta,Elastic Net,15,0.5067959004076882,0.030775113182488236,0.19333333333333336,0.048989794855663564,0.20734890109890108,0.08404679763159663,0.7356740234256438,0.026898413901460305
Language,gu3,FC,alpha,Linear SVM,15,0.5585359041919364,0.03895611990188386,0.20666666666666664,0.07999999999999999,0.2990384615384615,0.1304835521718842,0.7430125118399546,0.02598303595066743
Language,gu3,FC,alpha,Random Forest,15,0.43146894982057366,0.03881483299702843,0.24,0.07118052168020873,0.17912087912087912,0.057894970440813875,0.7344537206664047,0.026614035053834875
Language,gu3,FC,alpha,Elastic Net,15,0.49981880896354725,0.04834366679570986,0.21333333333333332,0.09797958971132711,0.3112637362637362,0.14914011953056952,0.7504145737959896,0.028079043928636867
Language,gu3,FC,beta,Linear SVM,15,0.4109695509424872,0.06401871249706989,0.24666666666666667,0.04521553322083512,0.3431318681318681,0.1098348075130657,0.7653203645503451,0.020296661107658077
Language,gu3,FC,beta,Random Forest,15,0.4507130835337826,0.09901178007506861,0.29333333333333333,0.09977753031397177,0.24230769230769234,0.09710518388381253,0.7447600898748487,0.03960637798119428
Language,gu3,FC,beta,Elastic Net,15,0.5541823376376689,0.061804052085156366,0.22666666666666666,0.06463573143221772,0.32884615384615384,0.1298105267438666,0.7578398861589069,0.02516015325204883
Language,gu3,FC,highbeta,Linear SVM,15,0.45483313166351247,0.08053154115606702,0.32,0.06863753427324668,0.2666895604395604,0.08265750335429695,0.7594097145468519,0.020133069728258488
Language,gu3,FC,highbeta,Random Forest,15,0.49137804530827234,0.07373409293735177,0.32666666666666666,0.09752492558885195,0.27156593406593404,0.08883110172059432,0.7593264447321795,0.027237866306998357
Language,gu3,FC,highbeta,Elastic Net,15,0.5887244902718324,0.05570183802905121,0.3,0.08432740427115679,0.3489010989010989,0.10077143461405427,0.7657641516808441,0.02636874591810969
Language,gu3,FC,gamma,Linear SVM,15,0.518316405571675,0.05043107072496487,0.24,0.03265986323710903,0.28557692307692306,0.08428308832607204,0.7577796842125155,0.0218395035788796
Language,gu3,FC,gamma,Random Forest,15,0.4870100001803911,0.037802758370794776,0.3,0.036514837167011066,0.2348901098901099,0.016473497412961613,0.7419391383376303,0.0147406602027701
Language,gu3,FC,gamma,Elastic Net,15,0.4929001258795001,0.08209931047329064,0.20666666666666664,0.03887301263230201,0.25762362637362635,0.08504771945555761,0.7406044375634948,0.018549039387827013
Language,gu3,PSD,delta,Linear SVM,15,0.5104895267335187,0.06116538842876378,0.25333333333333335,0.10022197585581939,0.18777472527472527,0.07813006413969675,0.7403617650208508,0.03784440633541282
Language,gu3,PSD,delta,Random Forest,15,0.5119932004343659,0.08776244239887541,0.36,0.07118052168020875,0.27342032967032964,0.05034270384649611,0.7673713467941354,0.020464351836072328
Language,gu3,PSD,delta,Elastic Net,15,0.5126339874628415,0.054743767013525534,0.27999999999999997,0.10022197585581939,0.22348901098901094,0.07428366448582958,0.7579878247469083,0.04034240924149687
Language,gu3,PSD,theta,Linear SVM,15,0.49889200982785614,0.09241645375872753,0.17333333333333334,0.048989794855663564,0.1967032967032967,0.06897170753756403,0.7333529556363911,0.017994902124827288
Language,gu3,PSD,theta,Random Forest,15,0.4410642968323457,0.09995262702404127,0.26,0.057348835113617505,0.20151098901098904,0.050776540640920034,0.733391084728835,0.01765122413191655
Language,gu3,PSD,theta,Elastic Net,15,0.5067959004076882,0.030775113182488236,0.19333333333333336,0.048989794855663564,0.20734890109890108,0.08404679763159663,0.7356740234256438,0.026898413901460305
Language,gu3,PSD,alpha,Linear SVM,15,0.5585359041919364,0.03895611990188386,0.20666666666666664,0.07999999999999999,0.2990384615384615,0.1304835521718842,0.7430125118399546,0.02598303595066743
Language,gu3,PSD,alpha,Random Forest,15,0.43146894982057366,0.03881483299702843,0.24,0.07118052168020873,0.17912087912087912,0.057894970440813875,0.7344537206664047,0.026614035053834875
Language,gu3,PSD,alpha,Elastic Net,15,0.49981880896354725,0.04834366679570986,0.21333333333333332,0.09797958971132711,0.3112637362637362,0.14914011953056952,0.7504145737959896,0.028079043928636867
Language,gu3,PSD,beta,Linear SVM,15,0.4109695509424872,0.06401871249706989,0.24666666666666667,0.04521553322083512,0.3431318681318681,0.1098348075130657,0.7653203645503451,0.020296661107658077
Language,gu3,PSD,beta,Random Forest,15,0.4507130835337826,0.09901178007506861,0.29333333333333333,0.09977753031397177,0.24230769230769234,0.09710518388381253,0.7447600898748487,0.03960637798119428
Language,gu3,PSD,beta,Elastic Net,15,0.5541823376376689,0.061804052085156366,0.22666666666666666,0.06463573143221772,0.32884615384615384,0.1298105267438666,0.7578398861589069,0.02516015325204883
Language,gu3,PSD,highbeta,Linear SVM,15,0.45483313166351247,0.08053154115606702,0.32,0.06863753427324668,0.2666895604395604,0.08265750335429695,0.7594097145468519,0.020133069728258488
Language,gu3,PSD,highbeta,Random Forest,15,0.49137804530827234,0.07373409293735177,0.32666666666666666,0.09752492558885195,0.27156593406593404,0.08883110172059432,0.7593264447321795,0.027237866306998357
Language,gu3,PSD,highbeta,Elastic Net,15,0.5887244902718324,0.05570183802905121,0.3,0.08432740427115679,0.3489010989010989,0.10077143461405427,0.7657641516808441,0.02636874591810969
Language,gu3,PSD,gamma,Linear SVM,15,0.518316405571675,0.05043107072496487,0.24,0.03265986323710903,0.28557692307692306,0.08428308832607204,0.7577796842125155,0.0218395035788796
Language,gu3,PSD,gamma,Random Forest,15,0.4870100001803911,0.037802758370794776,0.3,0.036514837167011066,0.2348901098901099,0.016473497412961613,0.7419391383376303,0.0147406602027701
Language,gu3,PSD,gamma,Elastic Net,15,0.4929001258795001,0.08209931047329064,0.20666666666666664,0.03887301263230201,0.25762362637362635,0.08504771945555761,0.7406044375634948,0.018549039387827013
Language,gu3,PSD_FC,delta,Linear SVM,15,0.5104895267335187,0.06116538842876378,0.25333333333333335,0.10022197585581939,0.18777472527472527,0.07813006413969675,0.7403617650208508,0.03784440633541282
Language,gu3,PSD_FC,delta,Random Forest,15,0.5119932004343659,0.08776244239887541,0.36,0.07118052168020875,0.27342032967032964,0.05034270384649611,0.7673713467941354,0.020464351836072328
Language,gu3,PSD_FC,delta,Elastic Net,15,0.5126339874628415,0.054743767013525534,0.27999999999999997,0.10022197585581939,0.22348901098901094,0.07428366448582958,0.7579878247469083,0.04034240924149687
Language,gu3,PSD_FC,theta,Linear SVM,15,0.49889200982785614,0.09241645375872753,0.17333333333333334,0.048989794855663564,0.1967032967032967,0.06897170753756403,0.7333529556363911,0.017994902124827288
Language,gu3,PSD_FC,theta,Random Forest,15,0.4410642968323457,0.09995262702404127,0.26,0.057348835113617505,0.20151098901098904,0.050776540640920034,0.733391084728835,0.01765122413191655
Language,gu3,PSD_FC,theta,Elastic Net,15,0.5067959004076882,0.030775113182488236,0.19333333333333336,0.048989794855663564,0.20734890109890108,0.08404679763159663,0.7356740234256438,0.026898413901460305
Language,gu3,PSD_FC,alpha,Linear SVM,15,0.5585359041919364,0.03895611990188386,0.20666666666666664,0.07999999999999999,0.2990384615384615,0.1304835521718842,0.7430125118399546,0.02598303595066743
Language,gu3,PSD_FC,alpha,Random Forest,15,0.43146894982057366,0.03881483299702843,0.24,0.07118052168020873,0.17912087912087912,0.057894970440813875,0.7344537206664047,0.026614035053834875
Language,gu3,PSD_FC,alpha,Elastic Net,15,0.49981880896354725,0.04834366679570986,0.21333333333333332,0.09797958971132711,0.3112637362637362,0.14914011953056952,0.7504145737959896,0.028079043928636867
Language,gu3,PSD_FC,beta,Linear SVM,15,0.4109695509424872,0.06401871249706989,0.24666666666666667,0.04521553322083512,0.3431318681318681,0.1098348075130657,0.7653203645503451,0.020296661107658077
Language,gu3,PSD_FC,beta,Random Forest,15,0.4507130835337826,0.09901178007506861,0.29333333333333333,0.09977753031397177,0.24230769230769234,0.09710518388381253,0.7447600898748487,0.03960637798119428
Language,gu3,PSD_FC,beta,Elastic Net,15,0.5541823376376689,0.061804052085156366,0.22666666666666666,0.06463573143221772,0.32884615384615384,0.1298105267438666,0.7578398861589069,0.02516015325204883
Language,gu3,PSD_FC,highbeta,Linear SVM,15,0.45483313166351247,0.08053154115606702,0.32,0.06863753427324668,0.2666895604395604,0.08265750335429695,0.7594097145468519,0.020133069728258488
Language,gu3,PSD_FC,highbeta,Random Forest,15,0.49137804530827234,0.07373409293735177,0.32666666666666666,0.09752492558885195,0.27156593406593404,0.08883110172059432,0.7593264447321795,0.027237866306998357
Language,gu3,PSD_FC,highbeta,Elastic Net,15,0.5887244902718324,0.05570183802905121,0.3,0.08432740427115679,0.3489010989010989,0.10077143461405427,0.7657641516808441,0.02636874591810969
Language,gu3,PSD_FC,gamma,Linear SVM,15,0.518316405571675,0.05043107072496487,0.24,0.03265986323710903,0.28557692307692306,0.08428308832607204,0.7577796842125155,0.0218395035788796
Language,gu3,PSD_FC,gamma,Random Forest,15,0.4870100001803911,0.037802758370794776,0.3,0.036514837167011066,0.2348901098901099,0.016473497412961613,0.7419391383376303,0.0147406602027701
Language,gu3,PSD_FC,gamma,Elastic Net,15,0.4929001258795001,0.08209931047329064,0.20666666666666664,0.03887301263230201,0.25762362637362635,0.08504771945555761,0.7406044375634948,0.018549039387827013
Language_Tonal,gu3,FC,delta,Linear SVM,15,0.436954589528119,0.0607598090429507,0.5066666666666666,0.07423685817106694,0.510039592760181,0.08405626007867559,0.510039592760181,0.08405626007867559
Language_Tonal,gu3,FC,delta,Random Forest,15,0.5749919198448611,0.062468390347527686,0.5599999999999999,0.10198039027185568,0.5542138009049774,0.11457661155218238,0.5542138009049774,0.11457661155218238
Language_Tonal,gu3,FC,delta,Elastic Net,15,0.5573327407886232,0.10283795718653992,0.5266666666666667,0.06798692684790378,0.5226244343891403,0.07878469073529211,0.5226244343891403,0.07878469073529211
Language_Tonal,gu3,FC,theta,Linear SVM,15,0.4428127020038784,0.021601112629347486,0.5133333333333333,0.06863753427324665,0.5000525210084034,0.0732387704381775,0.5000525210084034,0.0732387704381775
Language_Tonal,gu3,FC,theta,Random Forest,15,0.4265291693600517,0.047058447545416174,0.44666666666666666,0.04521553322083511,0.4424571751777634,0.037965392894672746,0.4424571751777634,0.037965392894672746
Language_Tonal,gu3,FC,theta,Elastic Net,15,0.5355648028442146,0.09866097367140635,0.5199999999999999,0.0832666399786453,0.5100557530704589,0.09291302936470956,0.5100557530704589,0.09291302936470956
Language_Tonal,gu3,FC,alpha,Linear SVM,15,0.5192024886877827,0.05895421172880737,0.47333333333333333,0.024944382578492935,0.4708427601809955,0.022115650311253864,0.4708427601809955,0.022115650311253864
Language_Tonal,gu3,FC,alpha,Random Forest,15,0.5191115869424693,0.06025246195288195,0.4999999999999999,0.055777335102271695,0.49410552682611497,0.05939228210449492,0.49410552682611497,0.05939228210449492
Language_Tonal,gu3,FC,alpha,Elastic Net,15,0.4572802197802198,0.08203000936303372,0.44666666666666666,0.0581186525805423,0.43918067226890756,0.06126371068687477,0.43918067226890756,0.06126371068687477
Language_Tonal,gu3,FC,beta,Linear SVM,15,0.5970426632191338,0.07755105113260141,0.45999999999999996,0.0679869268479038,0.448133484162896,0.057424447466886366,0.448133484162896,0.057424447466886366
Language_Tonal,gu3,FC,beta,Random Forest,15,0.4555126858435682,0.10003983462155407,0.49333333333333335,0.038873012632301994,0.48741515837104066,0.045045676412878814,0.48741515837104066,0.045045676412878814
Language_Tonal,gu3,FC,beta,Elastic Net,15,0.3851850355526826,0.0672961511494689,0.39333333333333337,0.03887301263230202,0.38978264382676153,0.05016954986816133,0.38978264382676153,0.05016954986816133
Language_Tonal,gu3,FC,highbeta,Linear SVM,15,0.4577003878474467,0.09233793983752284,0.44666666666666666,0.08844332774281066,0.4431439883645766,0.07802367378175917,0.4431439883645766,0.07802367378175917
Language_Tonal,gu3,FC,highbeta,Random Forest,15,0.4842921784098254,0.18315155591240057,0.4933333333333333,0.1083205120618128,0.49428733031674205,0.1170744873361576,0.49428733031674205,0.1170744873361576
Language_Tonal,gu3,FC,highbeta,Elastic Net,15,0.3826034259857789,0.05615039948333435,0.4066666666666666,0.09285592184789412,0.4080559146735617,0.09560682928309525,0.4080559146735617,0.09560682928309525
Language_Tonal,gu3,FC,gamma,Linear SVM,15,0.5432874111182934,0.11404125343565248,0.4533333333333333,0.06531972647421809,0.45799127343245,0.0635391061732303,0.45799127343245,0.0635391061732303
Language_Tonal,gu3,FC,gamma,Random Forest,15,0.44269957983193287,0.08957633128496678,0.4866666666666667,0.07180219742846004,0.4827892695539754,0.07540950075492726,0.4827892695539754,0.07540950075492726
Language_Tonal,gu3,FC,gamma,Elastic Net,15,0.40316338073691005,0.09524297950112606,0.4133333333333333,0.08589399151150084,0.41629767291532005,0.09107459827990477,0.41629767291532005,0.09107459827990477
Language_Tonal,gu3,PSD,delta,Linear SVM,15,0.436954589528119,0.0607598090429507,0.5066666666666666,0.07423685817106694,0.510039592760181,0.08405626007867559,0.510039592760181,0.08405626007867559
Language_Tonal,gu3,PSD,delta,Random Forest,15,0.5749919198448611,0.062468390347527686,0.5599999999999999,0.10198039027185568,0.5542138009049774,0.11457661155218238,0.5542138009049774,0.11457661155218238
Language_Tonal,gu3,PSD,delta,Elastic Net,15,0.5573327407886232,0.10283795718653992,0.5266666666666667,0.06798692684790378,0.5226244343891403,0.07878469073529211,0.5226244343891403,0.07878469073529211
Language_Tonal,gu3,PSD,theta,Linear SVM,15,0.4428127020038784,0.021601112629347486,0.5133333333333333,0.06863753427324665,0.5000525210084034,0.0732387704381775,0.5000525210084034,0.0732387704381775
Language_Tonal,gu3,PSD,theta,Random Forest,15,0.4265291693600517,0.047058447545416174,0.44666666666666666,0.04521553322083511,0.4424571751777634,0.037965392894672746,0.4424571751777634,0.037965392894672746
Language_Tonal,gu3,PSD,theta,Elastic Net,15,0.5355648028442146,0.09866097367140635,0.5199999999999999,0.0832666399786453,0.5100557530704589,0.09291302936470956,0.5100557530704589,0.09291302936470956
Language_Tonal,gu3,PSD,alpha,Linear SVM,15,0.5192024886877827,0.05895421172880737,0.47333333333333333,0.024944382578492935,0.4708427601809955,0.022115650311253864,0.4708427601809955,0.022115650311253864
Language_Tonal,gu3,PSD,alpha,Random Forest,15,0.5191115869424693,0.06025246195288195,0.4999999999999999,0.055777335102271695,0.49410552682611497,0.05939228210449492,0.49410552682611497,0.05939228210449492
Language_Tonal,gu3,PSD,alpha,Elastic Net,15,0.4572802197802198,0.08203000936303372,0.44666666666666666,0.0581186525805423,0.43918067226890756,0.06126371068687477,0.43918067226890756,0.06126371068687477
Language_Tonal,gu3,PSD,beta,Linear SVM,15,0.5970426632191338,0.07755105113260141,0.45999999999999996,0.0679869268479038,0.448133484162896,0.057424447466886366,0.448133484162896,0.057424447466886366
Language_Tonal,gu3,PSD,beta,Random Forest,15,0.4555126858435682,0.10003983462155407,0.49333333333333335,0.038873012632301994,0.48741515837104066,0.045045676412878814,0.48741515837104066,0.045045676412878814
Language_Tonal,gu3,PSD,beta,Elastic Net,15,0.3851850355526826,0.0672961511494689,0.39333333333333337,0.03887301263230202,0.38978264382676153,0.05016954986816133,0.38978264382676153,0.05016954986816133
Language_Tonal,gu3,PSD,highbeta,Linear SVM,15,0.4577003878474467,0.09233793983752284,0.44666666666666666,0.08844332774281066,0.4431439883645766,0.07802367378175917,0.4431439883645766,0.07802367378175917
Language_Tonal,gu3,PSD,highbeta,Random Forest,15,0.4842921784098254,0.18315155591240057,0.4933333333333333,0.1083205120618128,0.49428733031674205,0.1170744873361576,0.49428733031674205,0.1170744873361576
Language_Tonal,gu3,PSD,highbeta,Elastic Net,15,0.3826034259857789,0.05615039948333435,0.4066666666666666,0.09285592184789412,0.4080559146735617,0.09560682928309525,0.4080559146735617,0.09560682928309525
Language_Tonal,gu3,PSD,gamma,Linear SVM,15,0.5432874111182934,0.11404125343565248,0.4533333333333333,0.06531972647421809,0.45799127343245,0.0635391061732303,0.45799127343245,0.0635391061732303
Language_Tonal,gu3,PSD,gamma,Random Forest,15,0.44269957983193287,0.08957633128496678,0.4866666666666667,0.07180219742846004,0.4827892695539754,0.07540950075492726,0.4827892695539754,0.07540950075492726
Language_Tonal,gu3,PSD,gamma,Elastic Net,15,0.40316338073691005,0.09524297950112606,0.4133333333333333,0.08589399151150084,0.41629767291532005,0.09107459827990477,0.41629767291532005,0.09107459827990477
Language_Tonal,gu3,PSD_FC,delta,Linear SVM,15,0.436954589528119,0.0607598090429507,0.5066666666666666,0.07423685817106694,0.510039592760181,0.08405626007867559,0.510039592760181,0.08405626007867559
Language_Tonal,gu3,PSD_FC,delta,Random Forest,15,0.5749919198448611,0.062468390347527686,0.5599999999999999,0.10198039027185568,0.5542138009049774,0.11457661155218238,0.5542138009049774,0.11457661155218238
Language_Tonal,gu3,PSD_FC,delta,Elastic Net,15,0.5573327407886232,0.10283795718653992,0.5266666666666667,0.06798692684790378,0.5226244343891403,0.07878469073529211,0.5226244343891403,0.07878469073529211
Language_Tonal,gu3,PSD_FC,theta,Linear SVM,15,0.4428127020038784,0.021601112629347486,0.5133333333333333,0.06863753427324665,0.5000525210084034,0.0732387704381775,0.5000525210084034,0.0732387704381775
Language_Tonal,gu3,PSD_FC,theta,Random Forest,15,0.4265291693600517,0.047058447545416174,0.44666666666666666,0.04521553322083511,0.4424571751777634,0.037965392894672746,0.4424571751777634,0.037965392894672746
Language_Tonal,gu3,PSD_FC,theta,Elastic Net,15,0.5355648028442146,0.09866097367140635,0.5199999999999999,0.0832666399786453,0.5100557530704589,0.09291302936470956,0.5100557530704589,0.09291302936470956
Language_Tonal,gu3,PSD_FC,alpha,Linear SVM,15,0.5192024886877827,0.05895421172880737,0.47333333333333333,0.024944382578492935,0.4708427601809955,0.022115650311253864,0.4708427601809955,0.022115650311253864
Language_Tonal,gu3,PSD_FC,alpha,Random Forest,15,0.5191115869424693,0.06025246195288195,0.4999999999999999,0.055777335102271695,0.49410552682611497,0.05939228210449492,0.49410552682611497,0.05939228210449492
Language_Tonal,gu3,PSD_FC,alpha,Elastic Net,15,0.4572802197802198,0.08203000936303372,0.44666666666666666,0.0581186525805423,0.43918067226890756,0.06126371068687477,0.43918067226890756,0.06126371068687477
Language_Tonal,gu3,PSD_FC,beta,Linear SVM,15,0.5970426632191338,0.07755105113260141,0.45999999999999996,0.0679869268479038,0.448133484162896,0.057424447466886366,0.448133484162896,0.057424447466886366
Language_Tonal,gu3,PSD_FC,beta,Random Forest,15,0.4555126858435682,0.10003983462155407,0.49333333333333335,0.038873012632301994,0.48741515837104066,0.045045676412878814,0.48741515837104066,0.045045676412878814
Language_Tonal,gu3,PSD_FC,beta,Elastic Net,15,0.3851850355526826,0.0672961511494689,0.39333333333333337,0.03887301263230202,0.38978264382676153,0.05016954986816133,0.38978264382676153,0.05016954986816133
Language_Tonal,gu3,PSD_FC,highbeta,Linear SVM,15,0.4577003878474467,0.09233793983752284,0.44666666666666666,0.08844332774281066,0.4431439883645766,0.07802367378175917,0.4431439883645766,0.07802367378175917
Language_Tonal,gu3,PSD_FC,highbeta,Random Forest,15,0.4842921784098254,0.18315155591240057,0.4933333333333333,0.1083205120618128,0.49428733031674205,0.1170744873361576,0.49428733031674205,0.1170744873361576
Language_Tonal,gu3,PSD_FC,highbeta,Elastic Net,15,0.3826034259857789,0.05615039948333435,0.4066666666666666,0.09285592184789412,0.4080559146735617,0.09560682928309525,0.4080559146735617,0.09560682928309525
Language_Tonal,gu3,PSD_FC,gamma,Linear SVM,15,0.5432874111182934,0.11404125343565248,0.4533333333333333,0.06531972647421809,0.45799127343245,0.0635391061732303,0.45799127343245,0.0635391061732303
Language_Tonal,gu3,PSD_FC,gamma,Random Forest,15,0.44269957983193287,0.08957633128496678,0.4866666666666667,0.07180219742846004,0.4827892695539754,0.07540950075492726,0.4827892695539754,0.07540950075492726
Language_Tonal,gu3,PSD_FC,gamma,Elastic Net,15,0.40316338073691005,0.09524297950112606,0.4133333333333333,0.08589399151150084,0.41629767291532005,0.09107459827990477,0.41629767291532005,0.09107459827990477
Age_Child_Language_Tonal,gu3,FC,delta,Linear SVM,15,0.4476406926406926,0.07793766599767792,0.32105263157894737,0.09003569241598937,0.30214285714285716,0.08682938675142259,0.7636309523809522,0.029821027462246633
Age_Child_Language_Tonal,gu3,FC,delta,Random Forest,15,0.4959361471861472,0.12454609814656252,0.24736842105263154,0.1288621404833757,0.24095238095238095,0.1089922400449806,0.7445589826839827,0.04005078137191536
Age_Child_Language_Tonal,gu3,FC,delta,Elastic Net,15,0.5352525252525253,0.05708155232363999,0.2783625730994152,0.06666153668576826,0.2760714285714285,0.06077774461398524,0.754396645021645,0.027271339529559464
Age_Child_Language_Tonal,gu3,FC,theta,Linear SVM,15,0.5211372655122655,0.05675497939252819,0.2912280701754386,0.08501886243455554,0.29964285714285716,0.08633259133450481,0.7662878787878787,0.02951794939366111
Age_Child_Language_Tonal,gu3,FC,theta,Random Forest,15,0.4979117063492063,0.07677931040317096,0.18362573099415205,0.08160776283726007,0.19821428571428573,0.06963522546707478,0.7218073593073593,0.02603566369783868
Age_Child_Language_Tonal,gu3,FC,theta,Elastic Net,15,0.5041089466089467,0.06019498145112849,0.23684210526315788,0.028167472698929354,0.24916666666666668,0.02948586271034379,0.7490719696969698,0.012441838933099114
Age_Child_Language_Tonal,gu3,FC,alpha,Linear SVM,15,0.5812292568542569,0.06908498457834901,0.2812865497076023,0.09673723734153084,0.2854761904761905,0.08956432720387617,0.7623971861471862,0.03292810232882323
Age_Child_Language_Tonal,gu3,FC,alpha,Random Forest,15,0.4622970779220779,0.10333846365632547,0.24619883040935675,0.09545608141633077,0.23809523809523808,0.10883257544714288,0.7439177489177489,0.03326000043284076
Age_Child_Language_Tonal,gu3,FC,alpha,Elastic Net,15,0.47745129870129865,0.028150203506132263,0.2590643274853801,0.04603197346001035,0.29023809523809524,0.05906681715556449,0.762448593073593,0.018761144030598392
Age_Child_Language_Tonal,gu3,FC,beta,Linear SVM,15,0.4294868326118326,0.0637158798366984,0.24795321637426895,0.06643027752590842,0.2652380952380952,0.08453940164703676,0.7561904761904762,0.02278012819021903
Age_Child_Language_Tonal,gu3,FC,beta,Random Forest,15,0.5373737373737374,0.08148434069913607,0.24912280701754388,0.09245316269233998,0.2342857142857143,0.07905210113512195,0.74504329004329,0.030799762995410415
Age_Child_Language_Tonal,gu3,FC,beta,Elastic Net,15,0.5353896103896105,0.08707296707452951,0.3023391812865497,0.09753292041819595,0.3372619047619047,0.0971756772289134,0.7773214285714286,0.031786160153819513
Age_Child_Language_Tonal,gu3,FC,highbeta,Linear SVM,15,0.49130230880230874,0.07876833832175244,0.3339181286549707,0.09652489223141658,0.3458333333333333,0.08512945324342104,0.781236471861472,0.030018148667181267
Age_Child_Language_Tonal,gu3,FC,highbeta,Random Forest,15,0.47930194805194815,0.025877081917299836,0.20584795321637425,0.11153504843398496,0.20904761904761907,0.10891354306947129,0.7261958874458874,0.04062150686012692
Age_Child_Language_Tonal,gu3,FC,highbeta,Elastic Net,15,0.5032693001443002,0.0749745263557832,0.2567251461988304,0.06612067380164945,0.2958333333333333,0.06770032003863301,0.7560741341991343,0.02124970787012156
Age_Child_Language_Tonal,gu3,FC,gamma,Linear SVM,15,0.37503607503607506,0.04968674745090087,0.29064327485380115,0.0797897445651955,0.3152380952380952,0.08408807875473272,0.7689583333333333,0.024886291862705003
Age_Child_Language_Tonal,gu3,FC,gamma,Random Forest,15,0.5337391774891775,0.06087399091096244,0.2140350877192982,0.12804747589161344,0.24428571428571427,0.15266277881750082,0.7383739177489177,0.04684719140707993
Age_Child_Language_Tonal,gu3,FC,gamma,Elastic Net,15,0.49985930735930734,0.054574460336056736,0.28011695906432743,0.08082878382770056,0.3080952380952381,0.07476588554764368,0.7650324675324676,0.030529733318196597
Age_Child_Language_Tonal,gu3,PSD,delta,Linear SVM,15,0.4476406926406926,0.07793766599767792,0.32105263157894737,0.09003569241598937,0.30214285714285716,0.08682938675142259,0.7636309523809522,0.029821027462246633
Age_Child_Language_Tonal,gu3,PSD,delta,Random Forest,15,0.4959361471861472,0.12454609814656252,0.24736842105263154,0.1288621404833757,0.24095238095238095,0.1089922400449806,0.7445589826839827,0.04005078137191536
Age_Child_Language_Tonal,gu3,PSD,delta,Elastic Net,15,0.5352525252525253,0.05708155232363999,0.2783625730994152,0.06666153668576826,0.2760714285714285,0.06077774461398524,0.754396645021645,0.027271339529559464
Age_Child_Language_Tonal,gu3,PSD,theta,Linear SVM,15,0.5211372655122655,0.05675497939252819,0.2912280701754386,0.08501886243455554,0.29964285714285716,0.08633259133450481,0.7662878787878787,0.02951794939366111
Age_Child_Language_Tonal,gu3,PSD,theta,Random Forest,15,0.4979117063492063,0.07677931040317096,0.18362573099415205,0.08160776283726007,0.19821428571428573,0.06963522546707478,0.7218073593073593,0.02603566369783868
Age_Child_Language_Tonal,gu3,PSD,theta,Elastic Net,15,0.5041089466089467,0.06019498145112849,0.23684210526315788,0.028167472698929354,0.24916666666666668,0.02948586271034379,0.7490719696969698,0.012441838933099114
Age_Child_Language_Tonal,gu3,PSD,alpha,Linear SVM,15,0.5812292568542569,0.06908498457834901,0.2812865497076023,0.09673723734153084,0.2854761904761905,0.08956432720387617,0.7623971861471862,0.03292810232882323
Age_Child_Language_Tonal,gu3,PSD,alpha,Random Forest,15,0.4622970779220779,0.10333846365632547,0.24619883040935675,0.09545608141633077,0.23809523809523808,0.10883257544714288,0.7439177489177489,0.03326000043284076
Age_Child_Language_Tonal,gu3,PSD,alpha,Elastic Net,15,0.47745129870129865,0.028150203506132263,0.2590643274853801,0.04603197346001035,0.29023809523809524,0.05906681715556449,0.762448593073593,0.018761144030598392
Age_Child_Language_Tonal,gu3,PSD,beta,Linear SVM,15,0.4294868326118326,0.0637158798366984,0.24795321637426895,0.06643027752590842,0.2652380952380952,0.08453940164703676,0.7561904761904762,0.02278012819021903
Age_Child_Language_Tonal,gu3,PSD,beta,Random Forest,15,0.5373737373737374,0.08148434069913607,0.24912280701754388,0.09245316269233998,0.2342857142857143,0.07905210113512195,0.74504329004329,0.030799762995410415
Age_Child_Language_Tonal,gu3,PSD,beta,Elastic Net,15,0.5353896103896105,0.08707296707452951,0.3023391812865497,0.09753292041819595,0.3372619047619047,0.0971756772289134,0.7773214285714286,0.031786160153819513
Age_Child_Language_Tonal,gu3,PSD,highbeta,Linear SVM,15,0.49130230880230874,0.07876833832175244,0.3339181286549707,0.09652489223141658,0.3458333333333333,0.08512945324342104,0.781236471861472,0.030018148667181267
Age_Child_Language_Tonal,gu3,PSD,highbeta,Random Forest,15,0.47930194805194815,0.025877081917299836,0.20584795321637425,0.11153504843398496,0.20904761904761907,0.10891354306947129,0.7261958874458874,0.04062150686012692
Age_Child_Language_Tonal,gu3,PSD,highbeta,Elastic Net,15,0.5032693001443002,0.0749745263557832,0.2567251461988304,0.06612067380164945,0.2958333333333333,0.06770032003863301,0.7560741341991343,0.02124970787012156
Age_Child_Language_Tonal,gu3,PSD,gamma,Linear SVM,15,0.37503607503607506,0.04968674745090087,0.29064327485380115,0.0797897445651955,0.3152380952380952,0.08408807875473272,0.7689583333333333,0.024886291862705003
Age_Child_Language_Tonal,gu3,PSD,gamma,Random Forest,15,0.5337391774891775,0.06087399091096244,0.2140350877192982,0.12804747589161344,0.24428571428571427,0.15266277881750082,0.7383739177489177,0.04684719140707993
Age_Child_Language_Tonal,gu3,PSD,gamma,Elastic Net,15,0.49985930735930734,0.054574460336056736,0.28011695906432743,0.08082878382770056,0.3080952380952381,0.07476588554764368,0.7650324675324676,0.030529733318196597
Age_Child_Language_Tonal,gu3,PSD_FC,delta,Linear SVM,15,0.4476406926406926,0.07793766599767792,0.32105263157894737,0.09003569241598937,0.30214285714285716,0.08682938675142259,0.7636309523809522,0.029821027462246633
Age_Child_Language_Tonal,gu3,PSD_FC,delta,Random Forest,15,0.4959361471861472,0.12454609814656252,0.24736842105263154,0.1288621404833757,0.24095238095238095,0.1089922400449806,0.7445589826839827,0.04005078137191536
Age_Child_Language_Tonal,gu3,PSD_FC,delta,Elastic Net,15,0.5352525252525253,0.05708155232363999,0.2783625730994152,0.06666153668576826,0.2760714285714285,0.06077774461398524,0.754396645021645,0.027271339529559464
Age_Child_Language_Tonal,gu3,PSD_FC,theta,Linear SVM,15,0.5211372655122655,0.05675497939252819,0.2912280701754386,0.08501886243455554,0.29964285714285716,0.08633259133450481,0.7662878787878787,0.02951794939366111
Age_Child_Language_Tonal,gu3,PSD_FC,theta,Random Forest,15,0.4979117063492063,0.07677931040317096,0.18362573099415205,0.08160776283726007,0.19821428571428573,0.06963522546707478,0.7218073593073593,0.02603566369783868
Age_Child_Language_Tonal,gu3,PSD_FC,theta,Elastic Net,15,0.5041089466089467,0.06019498145112849,0.23684210526315788,0.028167472698929354,0.24916666666666668,0.02948586271034379,0.7490719696969698,0.012441838933099114
Age_Child_Language_Tonal,gu3,PSD_FC,alpha,Linear SVM,15,0.5812292568542569,0.06908498457834901,0.2812865497076023,0.09673723734153084,0.2854761904761905,0.08956432720387617,0.7623971861471862,0.03292810232882323
Age_Child_Language_Tonal,gu3,PSD_FC,alpha,Random Forest,15,0.4622970779220779,0.10333846365632547,0.24619883040935675,0.09545608141633077,0.23809523809523808,0.10883257544714288,0.7439177489177489,0.03326000043284076
Age_Child_Language_Tonal,gu3,PSD_FC,alpha,Elastic Net,15,0.47745129870129865,0.028150203506132263,0.2590643274853801,0.04603197346001035,0.29023809523809524,0.05906681715556449,0.762448593073593,0.018761144030598392
Age_Child_Language_Tonal,gu3,PSD_FC,beta,Linear SVM,15,0.4294868326118326,0.0637158798366984,0.24795321637426895,0.06643027752590842,0.2652380952380952,0.08453940164703676,0.7561904761904762,0.02278012819021903
Age_Child_Language_Tonal,gu3,PSD_FC,beta,Random Forest,15,0.5373737373737374,0.08148434069913607,0.24912280701754388,0.09245316269233998,0.2342857142857143,0.07905210113512195,0.74504329004329,0.030799762995410415
Age_Child_Language_Tonal,gu3,PSD_FC,beta,Elastic Net,15,0.5353896103896105,0.08707296707452951,0.3023391812865497,0.09753292041819595,0.3372619047619047,0.0971756772289134,0.7773214285714286,0.031786160153819513
Age_Child_Language_Tonal,gu3,PSD_FC,highbeta,Linear SVM,15,0.49130230880230874,0.07876833832175244,0.3339181286549707,0.09652489223141658,0.3458333333333333,0.08512945324342104,0.781236471861472,0.030018148667181267
Age_Child_Language_Tonal,gu3,PSD_FC,highbeta,Random Forest,15,0.47930194805194815,0.025877081917299836,0.20584795321637425,0.11153504843398496,0.20904761904761907,0.10891354306947129,0.7261958874458874,0.04062150686012692
Age_Child_Language_Tonal,gu3,PSD_FC,highbeta,Elastic Net,15,0.5032693001443002,0.0749745263557832,0.2567251461988304,0.06612067380164945,0.2958333333333333,0.06770032003863301,0.7560741341991343,0.02124970787012156
Age_Child_Language_Tonal,gu3,PSD_FC,gamma,Linear SVM,15,0.37503607503607506,0.04968674745090087,0.29064327485380115,0.0797897445651955,0.3152380952380952,0.08408807875473272,0.7689583333333333,0.024886291862705003
Age_Child_Language_Tonal,gu3,PSD_FC,gamma,Random Forest,15,0.5337391774891775,0.06087399091096244,0.2140350877192982,0.12804747589161344,0.24428571428571427,0.15266277881750082,0.7383739177489177,0.04684719140707993
Age_Child_Language_Tonal,gu3,PSD_FC,gamma,Elastic Net,15,0.49985930735930734,0.054574460336056736,0.28011695906432743,0.08082878382770056,0.3080952380952381,0.07476588554764368,0.7650324675324676,0.030529733318196597
Age_Child_Language,gu3,FC,delta,Linear SVM,15,0.4357385219671821,0.023823452443416854,0.13991674375578167,0.012257169287696587,0.09273989898989898,0.0086489898989899,0.8739305476528496,0.0031550988882704245
Age_Child_Language,gu3,FC,delta,Random Forest,15,0.427231968791756,0.032633759144624075,0.15032377428307123,0.019888991674375578,0.10662878787878788,0.008712121212121213,0.8738902146389076,0.0012410770684710415
Age_Child_Language,gu3,FC,delta,Elastic Net,15,0.3934544279121211,0.013958248522294492,0.1288159111933395,0.020120259019426455,0.08648989898989898,0.010101010101010104,0.8723459883428377,0.0007751888544263452
Age_Child_Language,gu3,FC,theta,Linear SVM,15,0.5178057481077053,0.01999306252328059,0.1498612395929695,0.06290471785383904,0.11218434343434344,0.04690656565656565,0.8775370220300275,0.007803403799528819
Age_Child_Language,gu3,FC,theta,Random Forest,15,0.4808019717592472,0.0028961158790578034,0.20374653098982423,0.05157261794634596,0.13974116161616162,0.03696338383838385,0.8837515784058856,0.007326934411757746
Age_Child_Language,gu3,FC,theta,Elastic Net,15,0.4175769167637031,0.013727754214880927,0.12927844588344126,0.022895467160037007,0.0978219696969697,0.025094696969696975,0.8752870492446376,0.0003227967456431724
Age_Child_Language,gu3,FC,alpha,Linear SVM,15,0.4128727317390263,0.012371363342025349,0.12997224791859388,0.08741905642923219,0.0842013888888889,0.05607638888888889,0.8756216912724317,0.008041533474882678
Age_Child_Language,gu3,FC,alpha,Random Forest,15,0.5024423906256303,0.002578149321171619,0.08603145235892692,0.0009250693802035151,0.11875000000000001,0.018750000000000003,0.8719173292523592,0.0009779411972591912
Age_Child_Language,gu3,FC,alpha,Elastic Net,15,0.41328445763111227,0.00710809099278914,0.14107308048103606,0.11979648473635522,0.08693181818181818,0.07556818181818183,0.8772020666900164,0.012401130421688888
Age_Child_Language,gu3,FC,beta,Linear SVM,15,0.49045371477047506,0.050290706672684315,0.11771507863089731,0.05249768732654949,0.10804924242424241,0.01013257575757575,0.8751012864122159,0.002926332104533136
Age_Child_Language,gu3,FC,beta,Random Forest,15,0.5132659783594263,0.0025442417545374907,0.20467160037002774,0.03445883441258095,0.13787878787878788,0.035037878787878785,0.8843307025762204,0.005892762725237033
Age_Child_Language,gu3,FC,beta,Elastic Net,15,0.42703462754462007,0.005893991932912457,0.13922294172062905,0.05226641998149861,0.12225378787878788,0.03058712121212121,0.8796833298625882,0.006880348005437464
Age_Child_Language,gu3,FC,highbeta,Linear SVM,15,0.427484976246544,0.005171578797277032,0.20397779833487512,0.03006475485661425,0.1560921717171717,0.04220328282828283,0.8824762216441882,0.0028534074354409356
Age_Child_Language,gu3,FC,highbeta,Random Forest,15,0.49676721237749255,0.014534737443479023,0.13991674375578167,0.012257169287696587,0.10355113636363636,0.015198863636363642,0.8742341037221922,0.003958883446971928
Age_Child_Language,gu3,FC,highbeta,Elastic Net,15,0.4773909565940504,0.0002893554435361434,0.18270120259019426,0.008788159111933397,0.1651830808080808,0.02629419191919191,0.8835566579071351,0.00206711086880762
Age_Child_Language,gu3,FC,gamma,Linear SVM,15,0.4794021558850454,0.036040836029160334,0.10684551341350601,0.0633672525439408,0.0909090909090909,0.0659090909090909,0.875183146637899,0.009134789310471791
Age_Child_Language,gu3,FC,gamma,Random Forest,15,0.4884540858759936,0.02466765259227774,0.10753931544865865,0.0011563367252543921,0.09326073232323231,0.018544823232323232,0.8728291407962916,0.0008565701176801443
Age_Child_Language,gu3,FC,gamma,Elastic Net,15,0.40439905409317417,0.03761993602364205,0.1285846438482886,0.041628122109158186,0.09499684343434342,0.042219065656565656,0.876699440959734,0.006886997246269344
Age_Child_Language,gu3,PSD,delta,Linear SVM,15,0.4357385219671821,0.023823452443416854,0.13991674375578167,0.012257169287696587,0.09273989898989898,0.0086489898989899,0.8739305476528496,0.0031550988882704245
Age_Child_Language,gu3,PSD,delta,Random Forest,15,0.427231968791756,0.032633759144624075,0.15032377428307123,0.019888991674375578,0.10662878787878788,0.008712121212121213,0.8738902146389076,0.0012410770684710415
Age_Child_Language,gu3,PSD,delta,Elastic Net,15,0.3934544279121211,0.013958248522294492,0.1288159111933395,0.020120259019426455,0.08648989898989898,0.010101010101010104,0.8723459883428377,0.0007751888544263452
Age_Child_Language,gu3,PSD,theta,Linear SVM,15,0.5178057481077053,0.01999306252328059,0.1498612395929695,0.06290471785383904,0.11218434343434344,0.04690656565656565,0.8775370220300275,0.007803403799528819
Age_Child_Language,gu3,PSD,theta,Random Forest,15,0.4808019717592472,0.0028961158790578034,0.20374653098982423,0.05157261794634596,0.13974116161616162,0.03696338383838385,0.8837515784058856,0.007326934411757746
Age_Child_Language,gu3,PSD,theta,Elastic Net,15,0.4175769167637031,0.013727754214880927,0.12927844588344126,0.022895467160037007,0.0978219696969697,0.025094696969696975,0.8752870492446376,0.0003227967456431724
Age_Child_Language,gu3,PSD,alpha,Linear SVM,15,0.4128727317390263,0.012371363342025349,0.12997224791859388,0.08741905642923219,0.0842013888888889,0.05607638888888889,0.8756216912724317,0.008041533474882678
Age_Child_Language,gu3,PSD,alpha,Random Forest,15,0.5024423906256303,0.002578149321171619,0.08603145235892692,0.0009250693802035151,0.11875000000000001,0.018750000000000003,0.8719173292523592,0.0009779411972591912
Age_Child_Language,gu3,PSD,alpha,Elastic Net,15,0.41328445763111227,0.00710809099278914,0.14107308048103606,0.11979648473635522,0.08693181818181818,0.07556818181818183,0.8772020666900164,0.012401130421688888
Age_Child_Language,gu3,PSD,beta,Linear SVM,15,0.49045371477047506,0.050290706672684315,0.11771507863089731,0.05249768732654949,0.10804924242424241,0.01013257575757575,0.8751012864122159,0.002926332104533136
Age_Child_Language,gu3,PSD,beta,Random Forest,15,0.5132659783594263,0.0025442417545374907,0.20467160037002774,0.03445883441258095,0.13787878787878788,0.035037878787878785,0.8843307025762204,0.005892762725237033
Age_Child_Language,gu3,PSD,beta,Elastic Net,15,0.42703462754462007,0.005893991932912457,0.13922294172062905,0.05226641998149861,0.12225378787878788,0.03058712121212121,0.8796833298625882,0.006880348005437464
Age_Child_Language,gu3,PSD,highbeta,Linear SVM,15,0.427484976246544,0.005171578797277032,0.20397779833487512,0.03006475485661425,0.1560921717171717,0.04220328282828283,0.8824762216441882,0.0028534074354409356
Age_Child_Language,gu3,PSD,highbeta,Random Forest,15,0.49676721237749255,0.014534737443479023,0.13991674375578167,0.012257169287696587,0.10355113636363636,0.015198863636363642,0.8742341037221922,0.003958883446971928
Age_Child_Language,gu3,PSD,highbeta,Elastic Net,15,0.4773909565940504,0.0002893554435361434,0.18270120259019426,0.008788159111933397,0.1651830808080808,0.02629419191919191,0.8835566579071351,0.00206711086880762
Age_Child_Language,gu3,PSD,gamma,Linear SVM,15,0.4794021558850454,0.036040836029160334,0.10684551341350601,0.0633672525439408,0.0909090909090909,0.0659090909090909,0.875183146637899,0.009134789310471791
Age_Child_Language,gu3,PSD,gamma,Random Forest,15,0.4884540858759936,0.02466765259227774,0.10753931544865865,0.0011563367252543921,0.09326073232323231,0.018544823232323232,0.8728291407962916,0.0008565701176801443
Age_Child_Language,gu3,PSD,gamma,Elastic Net,15,0.40439905409317417,0.03761993602364205,0.1285846438482886,0.041628122109158186,0.09499684343434342,0.042219065656565656,0.876699440959734,0.006886997246269344
Age_Child_Language,gu3,PSD_FC,delta,Linear SVM,15,0.4357385219671821,0.023823452443416854,0.13991674375578167,0.012257169287696587,0.09273989898989898,0.0086489898989899,0.8739305476528496,0.0031550988882704245
Age_Child_Language,gu3,PSD_FC,delta,Random Forest,15,0.427231968791756,0.032633759144624075,0.15032377428307123,0.019888991674375578,0.10662878787878788,0.008712121212121213,0.8738902146389076,0.0012410770684710415
Age_Child_Language,gu3,PSD_FC,delta,Elastic Net,15,0.3934544279121211,0.013958248522294492,0.1288159111933395,0.020120259019426455,0.08648989898989898,0.010101010101010104,0.8723459883428377,0.0007751888544263452
Age_Child_Language,gu3,PSD_FC,theta,Linear SVM,15,0.5178057481077053,0.01999306252328059,0.1498612395929695,0.06290471785383904,0.11218434343434344,0.04690656565656565,0.8775370220300275,0.007803403799528819
Age_Child_Language,gu3,PSD_FC,theta,Random Forest,15,0.4808019717592472,0.0028961158790578034,0.20374653098982423,0.05157261794634596,0.13974116161616162,0.03696338383838385,0.8837515784058856,0.007326934411757746
Age_Child_Language,gu3,PSD_FC,theta,Elastic Net,15,0.4175769167637031,0.013727754214880927,0.12927844588344126,0.022895467160037007,0.0978219696969697,0.025094696969696975,0.8752870492446376,0.0003227967456431724
Age_Child_Language,gu3,PSD_FC,alpha,Linear SVM,15,0.4128727317390263,0.012371363342025349,0.12997224791859388,0.08741905642923219,0.0842013888888889,0.05607638888888889,0.8756216912724317,0.008041533474882678
Age_Child_Language,gu3,PSD_FC,alpha,Random Forest,15,0.5024423906256303,0.002578149321171619,0.08603145235892692,0.0009250693802035151,0.11875000000000001,0.018750000000000003,0.8719173292523592,0.0009779411972591912
Age_Child_Language,gu3,PSD_FC,alpha,Elastic Net,15,0.41328445763111227,0.00710809099278914,0.14107308048103606,0.11979648473635522,0.08693181818181818,0.07556818181818183,0.8772020666900164,0.012401130421688888
Age_Child_Language,gu3,PSD_FC,beta,Linear SVM,15,0.49045371477047506,0.050290706672684315,0.11771507863089731,0.05249768732654949,0.10804924242424241,0.01013257575757575,0.8751012864122159,0.002926332104533136
Age_Child_Language,gu3,PSD_FC,beta,Random Forest,15,0.5132659783594263,0.0025442417545374907,0.20467160037002774,0.03445883441258095,0.13787878787878788,0.035037878787878785,0.8843307025762204,0.005892762725237033
Age_Child_Language,gu3,PSD_FC,beta,Elastic Net,15,0.42703462754462007,0.005893991932912457,0.13922294172062905,0.05226641998149861,0.12225378787878788,0.03058712121212121,0.8796833298625882,0.006880348005437464
Age_Child_Language,gu3,PSD_FC,highbeta,Linear SVM,15,0.427484976246544,0.005171578797277032,0.20397779833487512,0.03006475485661425,0.1560921717171717,0.04220328282828283,0.8824762216441882,0.0028534074354409356
Age_Child_Language,gu3,PSD_FC,highbeta,Random Forest,15,0.49676721237749255,0.014534737443479023,0.13991674375578167,0.012257169287696587,0.10355113636363636,0.015198863636363642,0.8742341037221922,0.003958883446971928
Age_Child_Language,gu3,PSD_FC,highbeta,Elastic Net,15,0.4773909565940504,0.0002893554435361434,0.18270120259019426,0.008788159111933397,0.1651830808080808,0.02629419191919191,0.8835566579071351,0.00206711086880762
Age_Child_Language,gu3,PSD_FC,gamma,Linear SVM,15,0.4794021558850454,0.036040836029160334,0.10684551341350601,0.0633672525439408,0.0909090909090909,0.0659090909090909,0.875183146637899,0.009134789310471791
Age_Child_Language,gu3,PSD_FC,gamma,Random Forest,15,0.4884540858759936,0.02466765259227774,0.10753931544865865,0.0011563367252543921,0.09326073232323231,0.018544823232323232,0.8728291407962916,0.0008565701176801443
Age_Child_Language,gu3,PSD_FC,gamma,Elastic Net,15,0.40439905409317417,0.03761993602364205,0.1285846438482886,0.041628122109158186,0.09499684343434342,0.042219065656565656,0.876699440959734,0.006886997246269344
